run_accession	sample_alias	experiment_title	library_layout	library_strategy	read_count	base_count	fastq_bytes	fastq_ftp	gse	gb	readlen
SRR30827713	RNA_E2C_A485+Dux_rep2	Illumina NovaSeq 6000 sequencing: RNA_E2C_A485+Dux_rep2	PAIRED	RNA-Seq	10564607	2034601262	443820493;417313083	ftp.sra.ebi.ac.uk/vol1/fastq/SRR308/013/SRR30827713/SRR30827713_1.fastq.gz;ftp.sra.ebi.ac.uk/vol1/fastq/SRR308/013/SRR30827713/SRR30827713_2.fastq.gz	GSE280522	0.861133576	96.0
SRR30827726	H3K27ac_L2C_A485+Dux_rep2	Illumina NovaSeq 6000 sequencing: H3K27ac_L2C_A485+Dux_rep2	PAIRED	ChIP-Seq	16867131	3998695462	1009920897;1014386343	ftp.sra.ebi.ac.uk/vol1/fastq/SRR308/026/SRR30827726/SRR30827726_1.fastq.gz;ftp.sra.ebi.ac.uk/vol1/fastq/SRR308/026/SRR30827726/SRR30827726_2.fastq.gz	GSE280522	2.02430724	119.0
SRR30827742	Pol2_L2C_A485_rep2	Illumina NovaSeq 6000 sequencing: Pol2_L2C_A485_rep2	PAIRED	ChIP-Seq	27752115	6453949436	2223447015;2659859764	ftp.sra.ebi.ac.uk/vol1/fastq/SRR308/042/SRR30827742/SRR30827742_1.fastq.gz;ftp.sra.ebi.ac.uk/vol1/fastq/SRR308/042/SRR30827742/SRR30827742_2.fastq.gz	GSE280522	4.883306779	116.0
SRR30827743	Pol2_L2C_A485_rep1	Illumina NovaSeq 6000 sequencing: Pol2_L2C_A485_rep1	PAIRED	ChIP-Seq	35013377	8089753038	2946129229;3018099227	ftp.sra.ebi.ac.uk/vol1/fastq/SRR308/043/SRR30827743/SRR30827743_1.fastq.gz;ftp.sra.ebi.ac.uk/vol1/fastq/SRR308/043/SRR30827743/SRR30827743_2.fastq.gz	GSE280522	5.964228456	116.0
SRR30827744	Pol2_L2C_DMSO_rep2	Illumina NovaSeq 6000 sequencing: Pol2_L2C_DMSO_rep2	PAIRED	ChIP-Seq	34662888	8683036341	2990699046;3236860973	ftp.sra.ebi.ac.uk/vol1/fastq/SRR308/044/SRR30827744/SRR30827744_1.fastq.gz;ftp.sra.ebi.ac.uk/vol1/fastq/SRR308/044/SRR30827744/SRR30827744_2.fastq.gz	GSE280522	6.227560019	125.0
SRR30827752	RNA_E2C_A485_rep1	Illumina NovaSeq 6000 sequencing: RNA_E2C_A485_rep1	PAIRED	RNA-Seq	22552458	5359541947	1238773422;1226167088	ftp.sra.ebi.ac.uk/vol1/fastq/SRR308/052/SRR30827752/SRR30827752_1.fastq.gz;ftp.sra.ebi.ac.uk/vol1/fastq/SRR308/052/SRR30827752/SRR30827752_2.fastq.gz	GSE280522	2.46494051	119.0
SRR30827753	p300_L2C_A485+Dux_rep2	Illumina NovaSeq 6000 sequencing: p300_L2C_A485+Dux_rep2	PAIRED	ChIP-Seq	44573405	10310018224	4430421451;3890510356	ftp.sra.ebi.ac.uk/vol1/fastq/SRR308/053/SRR30827753/SRR30827753_1.fastq.gz;ftp.sra.ebi.ac.uk/vol1/fastq/SRR308/053/SRR30827753/SRR30827753_2.fastq.gz	GSE280522	8.320931807	116.0
SRR30827764	p300_E2C_DMSO_rep2	Illumina NovaSeq 6000 sequencing: p300_E2C_DMSO_rep2	PAIRED	ChIP-Seq	25367339	5680552771	1885291860;2332940559	ftp.sra.ebi.ac.uk/vol1/fastq/SRR308/064/SRR30827764/SRR30827764_1.fastq.gz;ftp.sra.ebi.ac.uk/vol1/fastq/SRR308/064/SRR30827764/SRR30827764_2.fastq.gz	GSE280522	4.218232419	112.0
SRR30827767	p300_L1C_A485_rep1	Illumina NovaSeq 6000 sequencing: p300_L1C_A485_rep1	PAIRED	ChIP-Seq	17838219	4214176618	1651998341;1618674507	ftp.sra.ebi.ac.uk/vol1/fastq/SRR308/067/SRR30827767/SRR30827767_1.fastq.gz;ftp.sra.ebi.ac.uk/vol1/fastq/SRR308/067/SRR30827767/SRR30827767_2.fastq.gz	GSE280522	3.270672848	118.0
SRR30827770	RNA_L2C_A485+Dux_rep4	Illumina NovaSeq 6000 sequencing: RNA_L2C_A485+Dux_rep4	PAIRED	RNA-Seq	19267195	4094780987	882013311;885853339	ftp.sra.ebi.ac.uk/vol1/fastq/SRR308/070/SRR30827770/SRR30827770_1.fastq.gz;ftp.sra.ebi.ac.uk/vol1/fastq/SRR308/070/SRR30827770/SRR30827770_2.fastq.gz	GSE280522	1.76786665	106.0
SRR30827771	RNA_L2C_A485+Dux_rep3	Illumina NovaSeq 6000 sequencing: RNA_L2C_A485+Dux_rep3	PAIRED	RNA-Seq	25491686	5374385755	1109689404;1046420220	ftp.sra.ebi.ac.uk/vol1/fastq/SRR308/071/SRR30827771/SRR30827771_1.fastq.gz;ftp.sra.ebi.ac.uk/vol1/fastq/SRR308/071/SRR30827771/SRR30827771_2.fastq.gz	GSE280522	2.156109624	105.0
SRR30827775	RNA_L2C_A485_rep4	Illumina NovaSeq 6000 sequencing: RNA_L2C_A485_rep4	PAIRED	RNA-Seq	18330059	4159424732	996645684;889558590	ftp.sra.ebi.ac.uk/vol1/fastq/SRR308/075/SRR30827775/SRR30827775_1.fastq.gz;ftp.sra.ebi.ac.uk/vol1/fastq/SRR308/075/SRR30827775/SRR30827775_2.fastq.gz	GSE280522	1.886204274	113.0
SRR30827776	RNA_L2C_A485_rep3	Illumina NovaSeq 6000 sequencing: RNA_L2C_A485_rep3	PAIRED	RNA-Seq	16143415	3089907908	606911801;571533592	ftp.sra.ebi.ac.uk/vol1/fastq/SRR308/076/SRR30827776/SRR30827776_1.fastq.gz;ftp.sra.ebi.ac.uk/vol1/fastq/SRR308/076/SRR30827776/SRR30827776_2.fastq.gz	GSE280522	1.178445393	96.0
SRR30827777	RNA_L2C_A485_rep2	Illumina NovaSeq 6000 sequencing: RNA_L2C_A485_rep2	PAIRED	RNA-Seq	11292332	2864832293	368658017;265931601	ftp.sra.ebi.ac.uk/vol1/fastq/SRR308/077/SRR30827777/SRR30827777_1.fastq.gz;ftp.sra.ebi.ac.uk/vol1/fastq/SRR308/077/SRR30827777/SRR30827777_2.fastq.gz	GSE280522	0.634589618	127.0
SRR30827779	RNA_L2C_DMSO_rep4	Illumina NovaSeq 6000 sequencing: RNA_L2C_DMSO_rep4	PAIRED	RNA-Seq	17370806	3988904762	950220323;909642182	ftp.sra.ebi.ac.uk/vol1/fastq/SRR308/079/SRR30827779/SRR30827779_1.fastq.gz;ftp.sra.ebi.ac.uk/vol1/fastq/SRR308/079/SRR30827779/SRR30827779_2.fastq.gz	GSE280522	1.859862505	115.0
SRR30827782	RNA_L2C_DMSO_rep1	Illumina NovaSeq 6000 sequencing: RNA_L2C_DMSO_rep1	PAIRED	RNA-Seq	16329173	3654333958	846802438;832640607	ftp.sra.ebi.ac.uk/vol1/fastq/SRR308/082/SRR30827782/SRR30827782_1.fastq.gz;ftp.sra.ebi.ac.uk/vol1/fastq/SRR308/082/SRR30827782/SRR30827782_2.fastq.gz	GSE280522	1.679443045	112.0
SRR30827714	RNA_E2C_A485+Dux_rep1	Illumina NovaSeq 6000 sequencing: RNA_E2C_A485+Dux_rep1	PAIRED	RNA-Seq	28044404	6856511387	1618005443;1680595855	ftp.sra.ebi.ac.uk/vol1/fastq/SRR308/014/SRR30827714/SRR30827714_1.fastq.gz;ftp.sra.ebi.ac.uk/vol1/fastq/SRR308/014/SRR30827714/SRR30827714_2.fastq.gz	GSE280522	3.298601298	122.0
SRR30827722	ATAC_E2C_DMSO_rep2	Illumina NovaSeq 6000 sequencing: ATAC_E2C_DMSO_rep2	PAIRED	ATAC-seq	68544335	18966950161	4500402178;5015818110	ftp.sra.ebi.ac.uk/vol1/fastq/SRR308/022/SRR30827722/SRR30827722_1.fastq.gz;ftp.sra.ebi.ac.uk/vol1/fastq/SRR308/022/SRR30827722/SRR30827722_2.fastq.gz	GSE280522	9.516220288	138.0
SRR30827723	ATAC_E2C_DMSO_rep1	Illumina NovaSeq 6000 sequencing: ATAC_E2C_DMSO_rep1	PAIRED	ATAC-seq	80926920	21142164709	4975599958;5143369359	ftp.sra.ebi.ac.uk/vol1/fastq/SRR308/023/SRR30827723/SRR30827723_1.fastq.gz;ftp.sra.ebi.ac.uk/vol1/fastq/SRR308/023/SRR30827723/SRR30827723_2.fastq.gz	GSE280522	10.118969317	131.0
SRR30827729	H3K27ac_L2C_A485_rep1	Illumina NovaSeq 6000 sequencing: H3K27ac_L2C_A485_rep1	PAIRED	ChIP-Seq	15638508	3877240436	973617865;983773679	ftp.sra.ebi.ac.uk/vol1/fastq/SRR308/029/SRR30827729/SRR30827729_1.fastq.gz;ftp.sra.ebi.ac.uk/vol1/fastq/SRR308/029/SRR30827729/SRR30827729_2.fastq.gz	GSE280522	1.957391544	124.0
SRR30827730	RNA_E2C_A485_rep3	Illumina NovaSeq 6000 sequencing: RNA_E2C_A485_rep3	PAIRED	RNA-Seq	12961956	2460562416	550665297;541455769	ftp.sra.ebi.ac.uk/vol1/fastq/SRR308/030/SRR30827730/SRR30827730_1.fastq.gz;ftp.sra.ebi.ac.uk/vol1/fastq/SRR308/030/SRR30827730/SRR30827730_2.fastq.gz	GSE280522	1.092121066	95.0
SRR30827731	H3K27ac_L2C_DMSO_rep2	Illumina NovaSeq 6000 sequencing: H3K27ac_L2C_DMSO_rep2	PAIRED	ChIP-Seq	16806069	4145883209	1040571763;1052908592	ftp.sra.ebi.ac.uk/vol1/fastq/SRR308/031/SRR30827731/SRR30827731_1.fastq.gz;ftp.sra.ebi.ac.uk/vol1/fastq/SRR308/031/SRR30827731/SRR30827731_2.fastq.gz	GSE280522	2.093480355	123.0
SRR30827732	H3K27ac_L2C_DMSO_rep1	Illumina NovaSeq 6000 sequencing: H3K27ac_L2C_DMSO_rep1	PAIRED	ChIP-Seq	19993316	5278479660	1248944618;1267142213	ftp.sra.ebi.ac.uk/vol1/fastq/SRR308/032/SRR30827732/SRR30827732_1.fastq.gz;ftp.sra.ebi.ac.uk/vol1/fastq/SRR308/032/SRR30827732/SRR30827732_2.fastq.gz	GSE280522	2.516086831	132.0
SRR30827734	H3K27ac_E2C_A485+Dux_rep1	Illumina NovaSeq 6000 sequencing: H3K27ac_E2C_A485+Dux_rep1	PAIRED	ChIP-Seq	31877413	7945676559	2488430602;2586018948	ftp.sra.ebi.ac.uk/vol1/fastq/SRR308/034/SRR30827734/SRR30827734_1.fastq.gz;ftp.sra.ebi.ac.uk/vol1/fastq/SRR308/034/SRR30827734/SRR30827734_2.fastq.gz	GSE280522	5.07444955	125.0
SRR30827735	H3K27ac_E2C_A485_rep2	Illumina NovaSeq 6000 sequencing: H3K27ac_E2C_A485_rep2	PAIRED	ChIP-Seq	27667727	6877167975	2132936001;2220314984	ftp.sra.ebi.ac.uk/vol1/fastq/SRR308/035/SRR30827735/SRR30827735_1.fastq.gz;ftp.sra.ebi.ac.uk/vol1/fastq/SRR308/035/SRR30827735/SRR30827735_2.fastq.gz	GSE280522	4.353250985	124.0
SRR30827739	Pol2_L2C_A485+Dux_rep2	Illumina NovaSeq 6000 sequencing: Pol2_L2C_A485+Dux_rep2	PAIRED	ChIP-Seq	42728269	9794808658	3493473165;3668914712	ftp.sra.ebi.ac.uk/vol1/fastq/SRR308/039/SRR30827739/SRR30827739_1.fastq.gz;ftp.sra.ebi.ac.uk/vol1/fastq/SRR308/039/SRR30827739/SRR30827739_2.fastq.gz	GSE280522	7.162387877	115.0
SRR30827746	Pol2_E2C_A485+Dux_rep2	Illumina NovaSeq 6000 sequencing: Pol2_E2C_A485+Dux_rep2	PAIRED	ChIP-Seq	21731380	4691860795	2308640600;1797910852	ftp.sra.ebi.ac.uk/vol1/fastq/SRR308/046/SRR30827746/SRR30827746_1.fastq.gz;ftp.sra.ebi.ac.uk/vol1/fastq/SRR308/046/SRR30827746/SRR30827746_2.fastq.gz	GSE280522	4.106551452	108.0
SRR30827748	Pol2_E2C_A485_rep2	Illumina NovaSeq 6000 sequencing: Pol2_E2C_A485_rep2	PAIRED	ChIP-Seq	32735430	7817961189	3220909099;3247692651	ftp.sra.ebi.ac.uk/vol1/fastq/SRR308/048/SRR30827748/SRR30827748_1.fastq.gz;ftp.sra.ebi.ac.uk/vol1/fastq/SRR308/048/SRR30827748/SRR30827748_2.fastq.gz	GSE280522	6.46860175	119.0
SRR30827757	p300_L2C_DMSO_rep2	Illumina NovaSeq 6000 sequencing: p300_L2C_DMSO_rep2	PAIRED	ChIP-Seq	32537164	7401410964	2499196769;3103652976	ftp.sra.ebi.ac.uk/vol1/fastq/SRR308/057/SRR30827757/SRR30827757_1.fastq.gz;ftp.sra.ebi.ac.uk/vol1/fastq/SRR308/057/SRR30827757/SRR30827757_2.fastq.gz	GSE280522	5.602849745	114.0
SRR30827765	p300_E2C_DMSO_rep1	Illumina NovaSeq 6000 sequencing: p300_E2C_DMSO_rep1	PAIRED	ChIP-Seq	32979626	6813278875	3227564867;2546344652	ftp.sra.ebi.ac.uk/vol1/fastq/SRR308/065/SRR30827765/SRR30827765_1.fastq.gz;ftp.sra.ebi.ac.uk/vol1/fastq/SRR308/065/SRR30827765/SRR30827765_2.fastq.gz	GSE280522	5.773909519	103.0
SRR30827768	p300_L1C_DMSO_rep2	Illumina NovaSeq 6000 sequencing: p300_L1C_DMSO_rep2	PAIRED	ChIP-Seq	90850138	21281658409	7903775706;8410063051	ftp.sra.ebi.ac.uk/vol1/fastq/SRR308/068/SRR30827768/SRR30827768_1.fastq.gz;ftp.sra.ebi.ac.uk/vol1/fastq/SRR308/068/SRR30827768/SRR30827768_2.fastq.gz	GSE280522	16.313838757	117.0
SRR30827769	p300_L1C_DMSO_rep1	Illumina NovaSeq 6000 sequencing: p300_L1C_DMSO_rep1	PAIRED	ChIP-Seq	25410250	6024397957	2137355431;2330829232	ftp.sra.ebi.ac.uk/vol1/fastq/SRR308/069/SRR30827769/SRR30827769_1.fastq.gz;ftp.sra.ebi.ac.uk/vol1/fastq/SRR308/069/SRR30827769/SRR30827769_2.fastq.gz	GSE280522	4.468184663	119.0
SRR30827774	RNA_E2C_DMSO_rep3	Illumina NovaSeq 6000 sequencing: RNA_E2C_DMSO_rep3	PAIRED	RNA-Seq	35898766	8038426965	1859469829;1869235257	ftp.sra.ebi.ac.uk/vol1/fastq/SRR308/074/SRR30827774/SRR30827774_1.fastq.gz;ftp.sra.ebi.ac.uk/vol1/fastq/SRR308/074/SRR30827774/SRR30827774_2.fastq.gz	GSE280522	3.728705086	112.0
SRR30827778	RNA_L2C_A485_rep1	Illumina NovaSeq 6000 sequencing: RNA_L2C_A485_rep1	PAIRED	RNA-Seq	14819791	3095695948	623956599;607297005	ftp.sra.ebi.ac.uk/vol1/fastq/SRR308/078/SRR30827778/SRR30827778_1.fastq.gz;ftp.sra.ebi.ac.uk/vol1/fastq/SRR308/078/SRR30827778/SRR30827778_2.fastq.gz	GSE280522	1.231253604	104.0
SRR30827780	RNA_L2C_DMSO_rep3	Illumina NovaSeq 6000 sequencing: RNA_L2C_DMSO_rep3	PAIRED	RNA-Seq	25234485	5708533428	1231928914;1204850351	ftp.sra.ebi.ac.uk/vol1/fastq/SRR308/080/SRR30827780/SRR30827780_1.fastq.gz;ftp.sra.ebi.ac.uk/vol1/fastq/SRR308/080/SRR30827780/SRR30827780_2.fastq.gz	GSE280522	2.436779265	113.0
SRR30827785	RNA_E2C_DMSO_rep2	Illumina NovaSeq 6000 sequencing: RNA_E2C_DMSO_rep2	PAIRED	RNA-Seq	25312895	5904651376	1268784706;1272644175	ftp.sra.ebi.ac.uk/vol1/fastq/SRR308/085/SRR30827785/SRR30827785_1.fastq.gz;ftp.sra.ebi.ac.uk/vol1/fastq/SRR308/085/SRR30827785/SRR30827785_2.fastq.gz	GSE280522	2.541428881	117.0
SRR30827719	RNA_E2C_A485_rep4	Illumina NovaSeq 6000 sequencing: RNA_E2C_A485_rep4	PAIRED	RNA-Seq	20265729	4318302116	926376608;917891037	ftp.sra.ebi.ac.uk/vol1/fastq/SRR308/019/SRR30827719/SRR30827719_1.fastq.gz;ftp.sra.ebi.ac.uk/vol1/fastq/SRR308/019/SRR30827719/SRR30827719_2.fastq.gz	GSE280522	1.844267645	107.0
SRR30827720	ATAC_E2C_A485_rep2	Illumina NovaSeq 6000 sequencing: ATAC_E2C_A485_rep2	PAIRED	ATAC-seq	76714983	20435750151	4797416340;5236456358	ftp.sra.ebi.ac.uk/vol1/fastq/SRR308/020/SRR30827720/SRR30827720_1.fastq.gz;ftp.sra.ebi.ac.uk/vol1/fastq/SRR308/020/SRR30827720/SRR30827720_2.fastq.gz	GSE280522	10.033872698	133.0
SRR30827727	H3K27ac_L2C_A485+Dux_rep1	Illumina NovaSeq 6000 sequencing: H3K27ac_L2C_A485+Dux_rep1	PAIRED	ChIP-Seq	20507314	5008532451	1257172433;1251677210	ftp.sra.ebi.ac.uk/vol1/fastq/SRR308/027/SRR30827727/SRR30827727_1.fastq.gz;ftp.sra.ebi.ac.uk/vol1/fastq/SRR308/027/SRR30827727/SRR30827727_2.fastq.gz	GSE280522	2.508849643	122.0
SRR30827728	H3K27ac_L2C_A485_rep2	Illumina NovaSeq 6000 sequencing: H3K27ac_L2C_A485_rep2	PAIRED	ChIP-Seq	24331939	6724435482	1285960866;1405322993	ftp.sra.ebi.ac.uk/vol1/fastq/SRR308/028/SRR30827728/SRR30827728_1.fastq.gz;ftp.sra.ebi.ac.uk/vol1/fastq/SRR308/028/SRR30827728/SRR30827728_2.fastq.gz	GSE280522	2.691283859	138.0
SRR30827736	H3K27ac_E2C_A485_rep1	Illumina NovaSeq 6000 sequencing: H3K27ac_E2C_A485_rep1	PAIRED	ChIP-Seq	29603291	7586329851	2370409933;2507504456	ftp.sra.ebi.ac.uk/vol1/fastq/SRR308/036/SRR30827736/SRR30827736_1.fastq.gz;ftp.sra.ebi.ac.uk/vol1/fastq/SRR308/036/SRR30827736/SRR30827736_2.fastq.gz	GSE280522	4.877914389	128.0
SRR30827738	H3K27ac_E2C_DMSO_rep1	Illumina NovaSeq 6000 sequencing: H3K27ac_E2C_DMSO_rep1	PAIRED	ChIP-Seq	36878289	9449630128	2948870190;3055634473	ftp.sra.ebi.ac.uk/vol1/fastq/SRR308/038/SRR30827738/SRR30827738_1.fastq.gz;ftp.sra.ebi.ac.uk/vol1/fastq/SRR308/038/SRR30827738/SRR30827738_2.fastq.gz	GSE280522	6.004504663	128.0
SRR30827740	Pol2_L2C_A485+Dux_rep1	Illumina NovaSeq 6000 sequencing: Pol2_L2C_A485+Dux_rep1	PAIRED	ChIP-Seq	36399466	8878053027	3244636361;3585761266	ftp.sra.ebi.ac.uk/vol1/fastq/SRR308/040/SRR30827740/SRR30827740_1.fastq.gz;ftp.sra.ebi.ac.uk/vol1/fastq/SRR308/040/SRR30827740/SRR30827740_2.fastq.gz	GSE280522	6.830397627	122.0
SRR30827747	Pol2_E2C_A485+Dux_rep1	Illumina NovaSeq 6000 sequencing: Pol2_E2C_A485+Dux_rep1	PAIRED	ChIP-Seq	28454315	6695660505	3089251830;2644572387	ftp.sra.ebi.ac.uk/vol1/fastq/SRR308/047/SRR30827747/SRR30827747_1.fastq.gz;ftp.sra.ebi.ac.uk/vol1/fastq/SRR308/047/SRR30827747/SRR30827747_2.fastq.gz	GSE280522	5.733824217	118.0
SRR30827750	Pol2_E2C_DMSO_rep2	Illumina NovaSeq 6000 sequencing: Pol2_E2C_DMSO_rep2	PAIRED	ChIP-Seq	30962024	7436979881	3213193740;2679639050	ftp.sra.ebi.ac.uk/vol1/fastq/SRR308/050/SRR30827750/SRR30827750_1.fastq.gz;ftp.sra.ebi.ac.uk/vol1/fastq/SRR308/050/SRR30827750/SRR30827750_2.fastq.gz	GSE280522	5.89283279	120.0
SRR30827755	p300_L2C_A485_rep2	Illumina NovaSeq 6000 sequencing: p300_L2C_A485_rep2	PAIRED	ChIP-Seq	34808845	8429099841	3138462019;3217282186	ftp.sra.ebi.ac.uk/vol1/fastq/SRR308/055/SRR30827755/SRR30827755_1.fastq.gz;ftp.sra.ebi.ac.uk/vol1/fastq/SRR308/055/SRR30827755/SRR30827755_2.fastq.gz	GSE280522	6.355744205	121.0
SRR30827760	p300_E2C_A485+Dux_rep1	Illumina NovaSeq 6000 sequencing: p300_E2C_A485+Dux_rep1	PAIRED	ChIP-Seq	38741398	9478070037	3781870721;3620188230	ftp.sra.ebi.ac.uk/vol1/fastq/SRR308/060/SRR30827760/SRR30827760_1.fastq.gz;ftp.sra.ebi.ac.uk/vol1/fastq/SRR308/060/SRR30827760/SRR30827760_2.fastq.gz	GSE280522	7.402058951	122.0
SRR30827761	p300_E2C_A485_rep2	Illumina NovaSeq 6000 sequencing: p300_E2C_A485_rep2	PAIRED	ChIP-Seq	19818857	4671634605	1732730705;1821394893	ftp.sra.ebi.ac.uk/vol1/fastq/SRR308/061/SRR30827761/SRR30827761_1.fastq.gz;ftp.sra.ebi.ac.uk/vol1/fastq/SRR308/061/SRR30827761/SRR30827761_2.fastq.gz	GSE280522	3.554125598	118.0
SRR30827766	p300_L1C_A485_rep2	Illumina NovaSeq 6000 sequencing: p300_L1C_A485_rep2	PAIRED	ChIP-Seq	44344501	10184855307	4344505479;4011943032	ftp.sra.ebi.ac.uk/vol1/fastq/SRR308/066/SRR30827766/SRR30827766_1.fastq.gz;ftp.sra.ebi.ac.uk/vol1/fastq/SRR308/066/SRR30827766/SRR30827766_2.fastq.gz	GSE280522	8.356448511	115.0
SRR30827772	RNA_L2C_A485+Dux_rep2	Illumina NovaSeq 6000 sequencing: RNA_L2C_A485+Dux_rep2	PAIRED	RNA-Seq	19250111	3874217448	821205116;783700852	ftp.sra.ebi.ac.uk/vol1/fastq/SRR308/072/SRR30827772/SRR30827772_1.fastq.gz;ftp.sra.ebi.ac.uk/vol1/fastq/SRR308/072/SRR30827772/SRR30827772_2.fastq.gz	GSE280522	1.604905968	101.0
SRR30827781	RNA_L2C_DMSO_rep2	Illumina NovaSeq 6000 sequencing: RNA_L2C_DMSO_rep2	PAIRED	RNA-Seq	23017740	4684458537	994503442;978107089	ftp.sra.ebi.ac.uk/vol1/fastq/SRR308/081/SRR30827781/SRR30827781_1.fastq.gz;ftp.sra.ebi.ac.uk/vol1/fastq/SRR308/081/SRR30827781/SRR30827781_2.fastq.gz	GSE280522	1.972610531	102.0
SRR30827784	RNA_E2C_A485+Dux_rep3	Illumina NovaSeq 6000 sequencing: RNA_E2C_A485+Dux_rep3	PAIRED	RNA-Seq	22875760	5278641259	1350560916;1117169257	ftp.sra.ebi.ac.uk/vol1/fastq/SRR308/084/SRR30827784/SRR30827784_1.fastq.gz;ftp.sra.ebi.ac.uk/vol1/fastq/SRR308/084/SRR30827784/SRR30827784_2.fastq.gz	GSE280522	2.467730173	115.0
SRR30827717	ATAC_L2C_DMSO_rep2	Illumina NovaSeq 6000 sequencing: ATAC_L2C_DMSO_rep2	PAIRED	ATAC-seq	51670016	13871053290	3222678828;3280989004	ftp.sra.ebi.ac.uk/vol1/fastq/SRR308/017/SRR30827717/SRR30827717_1.fastq.gz;ftp.sra.ebi.ac.uk/vol1/fastq/SRR308/017/SRR30827717/SRR30827717_2.fastq.gz	GSE280522	6.503667832	134.0
SRR30827725	H3K27ac_E2C_input	Illumina NovaSeq 6000 sequencing: H3K27ac_E2C_input	PAIRED	ChIP-Seq	51058554	12798444935	3846302855;4009655926	ftp.sra.ebi.ac.uk/vol1/fastq/SRR308/025/SRR30827725/SRR30827725_1.fastq.gz;ftp.sra.ebi.ac.uk/vol1/fastq/SRR308/025/SRR30827725/SRR30827725_2.fastq.gz	GSE280522	7.855958781	125.0
SRR30827741	RNA_E2C_A485_rep2	Illumina NovaSeq 6000 sequencing: RNA_E2C_A485_rep2	PAIRED	RNA-Seq	22843483	5488311038	1200946706;1205834347	ftp.sra.ebi.ac.uk/vol1/fastq/SRR308/041/SRR30827741/SRR30827741_1.fastq.gz;ftp.sra.ebi.ac.uk/vol1/fastq/SRR308/041/SRR30827741/SRR30827741_2.fastq.gz	GSE280522	2.406781053	120.0
SRR30827751	Pol2_E2C_DMSO_rep1	Illumina NovaSeq 6000 sequencing: Pol2_E2C_DMSO_rep1	PAIRED	ChIP-Seq	18992240	4293974280	2069075118;1546866551	ftp.sra.ebi.ac.uk/vol1/fastq/SRR308/051/SRR30827751/SRR30827751_1.fastq.gz;ftp.sra.ebi.ac.uk/vol1/fastq/SRR308/051/SRR30827751/SRR30827751_2.fastq.gz	GSE280522	3.615941669	113.0
SRR30827754	p300_L2C_A485+Dux_rep1	Illumina NovaSeq 6000 sequencing: p300_L2C_A485+Dux_rep1	PAIRED	ChIP-Seq	96727541	16353652152	6231890630;5274161511	ftp.sra.ebi.ac.uk/vol1/fastq/SRR308/054/SRR30827754/SRR30827754_1.fastq.gz;ftp.sra.ebi.ac.uk/vol1/fastq/SRR308/054/SRR30827754/SRR30827754_2.fastq.gz	GSE280522	11.506052141	85.0
SRR30827756	p300_L2C_A485_rep1	Illumina NovaSeq 6000 sequencing: p300_L2C_A485_rep1	PAIRED	ChIP-Seq	20283683	4836047864	1669548520;1839165743	ftp.sra.ebi.ac.uk/vol1/fastq/SRR308/056/SRR30827756/SRR30827756_1.fastq.gz;ftp.sra.ebi.ac.uk/vol1/fastq/SRR308/056/SRR30827756/SRR30827756_2.fastq.gz	GSE280522	3.508714263	119.0
SRR30827758	p300_L2C_DMSO_rep1	Illumina NovaSeq 6000 sequencing: p300_L2C_DMSO_rep1	PAIRED	ChIP-Seq	23316994	5238996309	1839637940;1951734694	ftp.sra.ebi.ac.uk/vol1/fastq/SRR308/058/SRR30827758/SRR30827758_1.fastq.gz;ftp.sra.ebi.ac.uk/vol1/fastq/SRR308/058/SRR30827758/SRR30827758_2.fastq.gz	GSE280522	3.791372634	112.0
SRR30827759	p300_E2C_A485+Dux_rep2	Illumina NovaSeq 6000 sequencing: p300_E2C_A485+Dux_rep2	PAIRED	ChIP-Seq	48964325	10911929585	4661011997;4588374176	ftp.sra.ebi.ac.uk/vol1/fastq/SRR308/059/SRR30827759/SRR30827759_1.fastq.gz;ftp.sra.ebi.ac.uk/vol1/fastq/SRR308/059/SRR30827759/SRR30827759_2.fastq.gz	GSE280522	9.249386173	111.0
SRR30827762	p300_E2C_A485_rep1	Illumina NovaSeq 6000 sequencing: p300_E2C_A485_rep1	PAIRED	ChIP-Seq	22091288	5370616779	1895543993;2051040833	ftp.sra.ebi.ac.uk/vol1/fastq/SRR308/062/SRR30827762/SRR30827762_1.fastq.gz;ftp.sra.ebi.ac.uk/vol1/fastq/SRR308/062/SRR30827762/SRR30827762_2.fastq.gz	GSE280522	3.946584826	122.0
SRR30827783	RNA_E2C_A485+Dux_rep4	Illumina NovaSeq 6000 sequencing: RNA_E2C_A485+Dux_rep4	PAIRED	RNA-Seq	15618140	3059965027	610583360;554807222	ftp.sra.ebi.ac.uk/vol1/fastq/SRR308/083/SRR30827783/SRR30827783_1.fastq.gz;ftp.sra.ebi.ac.uk/vol1/fastq/SRR308/083/SRR30827783/SRR30827783_2.fastq.gz	GSE280522	1.165390582	98.0
SRR30827786	RNA_E2C_DMSO_rep1	Illumina NovaSeq 6000 sequencing: RNA_E2C_DMSO_rep1	PAIRED	RNA-Seq	24974739	5972642279	1395644456;1404774715	ftp.sra.ebi.ac.uk/vol1/fastq/SRR308/086/SRR30827786/SRR30827786_1.fastq.gz;ftp.sra.ebi.ac.uk/vol1/fastq/SRR308/086/SRR30827786/SRR30827786_2.fastq.gz	GSE280522	2.800419171	120.0
SRR30827715	ATAC_L2C_A485_rep2	Illumina NovaSeq 6000 sequencing: ATAC_L2C_A485_rep2	PAIRED	ATAC-seq	41687024	10808810994	2439377043;2617581797	ftp.sra.ebi.ac.uk/vol1/fastq/SRR308/015/SRR30827715/SRR30827715_1.fastq.gz;ftp.sra.ebi.ac.uk/vol1/fastq/SRR308/015/SRR30827715/SRR30827715_2.fastq.gz	GSE280522	5.05695884	130.0
SRR30827716	ATAC_L2C_A485_rep1	Illumina NovaSeq 6000 sequencing: ATAC_L2C_A485_rep1	PAIRED	ATAC-seq	36261753	9574267228	2277530600;2420910489	ftp.sra.ebi.ac.uk/vol1/fastq/SRR308/016/SRR30827716/SRR30827716_1.fastq.gz;ftp.sra.ebi.ac.uk/vol1/fastq/SRR308/016/SRR30827716/SRR30827716_2.fastq.gz	GSE280522	4.698441089	132.0
SRR30827718	ATAC_L2C_DMSO_rep1	Illumina NovaSeq 6000 sequencing: ATAC_L2C_DMSO_rep1	PAIRED	ATAC-seq	40822263	10724289064	2439004027;2601177410	ftp.sra.ebi.ac.uk/vol1/fastq/SRR308/018/SRR30827718/SRR30827718_1.fastq.gz;ftp.sra.ebi.ac.uk/vol1/fastq/SRR308/018/SRR30827718/SRR30827718_2.fastq.gz	GSE280522	5.040181437	131.0
SRR30827721	ATAC_E2C_A485_rep1	Illumina NovaSeq 6000 sequencing: ATAC_E2C_A485_rep1	PAIRED	ATAC-seq	53943907	14276743460	3372384984;3540437857	ftp.sra.ebi.ac.uk/vol1/fastq/SRR308/021/SRR30827721/SRR30827721_1.fastq.gz;ftp.sra.ebi.ac.uk/vol1/fastq/SRR308/021/SRR30827721/SRR30827721_2.fastq.gz	GSE280522	6.912822841	132.0
SRR30827724	H3K27ac_L2C_input	Illumina NovaSeq 6000 sequencing: H3K27ac_L2C_input	PAIRED	ChIP-Seq	19564643	5336453134	1243932351;1335474332	ftp.sra.ebi.ac.uk/vol1/fastq/SRR308/024/SRR30827724/SRR30827724_1.fastq.gz;ftp.sra.ebi.ac.uk/vol1/fastq/SRR308/024/SRR30827724/SRR30827724_2.fastq.gz	GSE280522	2.579406683	136.0
SRR30827733	H3K27ac_E2C_A485+Dux_rep2	Illumina NovaSeq 6000 sequencing: H3K27ac_E2C_A485+Dux_rep2	PAIRED	ChIP-Seq	28626763	7349446670	2289808215;2355452568	ftp.sra.ebi.ac.uk/vol1/fastq/SRR308/033/SRR30827733/SRR30827733_1.fastq.gz;ftp.sra.ebi.ac.uk/vol1/fastq/SRR308/033/SRR30827733/SRR30827733_2.fastq.gz	GSE280522	4.645260783	128.0
SRR30827737	H3K27ac_E2C_DMSO_rep2	Illumina NovaSeq 6000 sequencing: H3K27ac_E2C_DMSO_rep2	PAIRED	ChIP-Seq	41341681	10511412655	3373358008;3431110396	ftp.sra.ebi.ac.uk/vol1/fastq/SRR308/037/SRR30827737/SRR30827737_1.fastq.gz;ftp.sra.ebi.ac.uk/vol1/fastq/SRR308/037/SRR30827737/SRR30827737_2.fastq.gz	GSE280522	6.804468404	127.0
SRR30827745	Pol2_L2C_DMSO_rep1	Illumina NovaSeq 6000 sequencing: Pol2_L2C_DMSO_rep1	PAIRED	ChIP-Seq	36969596	8542696121	3152842789;3051322757	ftp.sra.ebi.ac.uk/vol1/fastq/SRR308/045/SRR30827745/SRR30827745_1.fastq.gz;ftp.sra.ebi.ac.uk/vol1/fastq/SRR308/045/SRR30827745/SRR30827745_2.fastq.gz	GSE280522	6.204165546	116.0
SRR30827749	Pol2_E2C_A485_rep1	Illumina NovaSeq 6000 sequencing: Pol2_E2C_A485_rep1	PAIRED	ChIP-Seq	24757442	6095087878	2648563298;2229475453	ftp.sra.ebi.ac.uk/vol1/fastq/SRR308/049/SRR30827749/SRR30827749_1.fastq.gz;ftp.sra.ebi.ac.uk/vol1/fastq/SRR308/049/SRR30827749/SRR30827749_2.fastq.gz	GSE280522	4.878038751	123.0
SRR30827763	RNA_E2C_DMSO_rep4	Illumina NovaSeq 6000 sequencing: RNA_E2C_DMSO_rep4	PAIRED	RNA-Seq	18727873	4256863686	976558540;938123060	ftp.sra.ebi.ac.uk/vol1/fastq/SRR308/063/SRR30827763/SRR30827763_1.fastq.gz;ftp.sra.ebi.ac.uk/vol1/fastq/SRR308/063/SRR30827763/SRR30827763_2.fastq.gz	GSE280522	1.9146816	114.0
SRR30827773	RNA_L2C_A485+Dux_rep1	Illumina NovaSeq 6000 sequencing: RNA_L2C_A485+Dux_rep1	PAIRED	RNA-Seq	27105248	6704743145	1481262719;1486055345	ftp.sra.ebi.ac.uk/vol1/fastq/SRR308/073/SRR30827773/SRR30827773_1.fastq.gz;ftp.sra.ebi.ac.uk/vol1/fastq/SRR308/073/SRR30827773/SRR30827773_2.fastq.gz	GSE280522	2.967318064	124.0
SRR16201706	GSM5610467	NextSeq 500 sequencing: GSM5610467: aAm_late2cell_NT2 Mus musculus RNA-Seq	PAIRED	RNA-Seq	16685339	1222684396	536801686;358887103	ftp.sra.ebi.ac.uk/vol1/fastq/SRR162/006/SRR16201706/SRR16201706_1.fastq.gz;ftp.sra.ebi.ac.uk/vol1/fastq/SRR162/006/SRR16201706/SRR16201706_2.fastq.gz	GSE162345	0.895688789	37.0
SRR13167885	GSM4950124	NextSeq 500 sequencing: GSM4950124: NT-3 Mus musculus RNA-Seq	PAIRED	RNA-Seq	3115678	225316207	94065796;52301426	ftp.sra.ebi.ac.uk/vol1/fastq/SRR131/085/SRR13167885/SRR13167885_1.fastq.gz;ftp.sra.ebi.ac.uk/vol1/fastq/SRR131/085/SRR13167885/SRR13167885_2.fastq.gz	GSE162345	0.146367222	36.0
SRR13167889	GSM4950128	NextSeq 500 sequencing: GSM4950128: DR-1 Mus musculus RNA-Seq	PAIRED	RNA-Seq	4979282	359839918	149524372;90874649	ftp.sra.ebi.ac.uk/vol1/fastq/SRR131/089/SRR13167889/SRR13167889_1.fastq.gz;ftp.sra.ebi.ac.uk/vol1/fastq/SRR131/089/SRR13167889/SRR13167889_2.fastq.gz	GSE162345	0.240399021	36.0
SRR13167891	GSM4950130	NextSeq 500 sequencing: GSM4950130: DR-3 Mus musculus RNA-Seq	PAIRED	RNA-Seq	3727338	269397056	112568702;68198584	ftp.sra.ebi.ac.uk/vol1/fastq/SRR131/091/SRR13167891/SRR13167891_1.fastq.gz;ftp.sra.ebi.ac.uk/vol1/fastq/SRR131/091/SRR13167891/SRR13167891_2.fastq.gz	GSE162345	0.180767286	36.0
SRR13167880	GSM4950119	NextSeq 500 sequencing: GSM4950119: NT_Amanitin-1 Mus musculus RNA-Seq	PAIRED	RNA-Seq	5570201	396613186	142358568;84753153	ftp.sra.ebi.ac.uk/vol1/fastq/SRR131/080/SRR13167880/SRR13167880_1.fastq.gz;ftp.sra.ebi.ac.uk/vol1/fastq/SRR131/080/SRR13167880/SRR13167880_2.fastq.gz	GSE162345	0.227111721	36.0
SRR13167882	GSM4950121	NextSeq 500 sequencing: GSM4950121: NT_Amanitin-3 Mus musculus RNA-Seq	PAIRED	RNA-Seq	3256729	232214474	86625058;50638824	ftp.sra.ebi.ac.uk/vol1/fastq/SRR131/082/SRR13167882/SRR13167882_1.fastq.gz;ftp.sra.ebi.ac.uk/vol1/fastq/SRR131/082/SRR13167882/SRR13167882_2.fastq.gz	GSE162345	0.137263882	36.0
SRR13167887	GSM4950126	NextSeq 500 sequencing: GSM4950126: D-2 Mus musculus RNA-Seq	PAIRED	RNA-Seq	30572698	2209495953	922898509;562040458	ftp.sra.ebi.ac.uk/vol1/fastq/SRR131/087/SRR13167887/SRR13167887_1.fastq.gz;ftp.sra.ebi.ac.uk/vol1/fastq/SRR131/087/SRR13167887/SRR13167887_2.fastq.gz	GSE162345	1.484938967	36.0
SRR13167897	GSM4950136	NextSeq 500 sequencing: GSM4950136: 3 Mus musculus Oryx dammah RNA-Seq	PAIRED	RNA-Seq	13546325	992211883	357637304;225723332	ftp.sra.ebi.ac.uk/vol1/fastq/SRR131/097/SRR13167897/SRR13167897_1.fastq.gz;ftp.sra.ebi.ac.uk/vol1/fastq/SRR131/097/SRR13167897/SRR13167897_2.fastq.gz	GSE162345	0.583360636	37.0
SRR16201698	GSM5610459	NextSeq 500 sequencing: GSM5610459: early2cell_NT3 Mus musculus RNA-Seq	PAIRED	RNA-Seq	14770260	1082057898	495091751;324731278	ftp.sra.ebi.ac.uk/vol1/fastq/SRR162/098/SRR16201698/SRR16201698_1.fastq.gz;ftp.sra.ebi.ac.uk/vol1/fastq/SRR162/098/SRR16201698/SRR16201698_2.fastq.gz	GSE162345	0.819823029	37.0
SRR13167884	GSM4950123	NextSeq 500 sequencing: GSM4950123: NT-2 Mus musculus RNA-Seq	PAIRED	RNA-Seq	4184365	302198097	124008526;69503796	ftp.sra.ebi.ac.uk/vol1/fastq/SRR131/084/SRR13167884/SRR13167884_1.fastq.gz;ftp.sra.ebi.ac.uk/vol1/fastq/SRR131/084/SRR13167884/SRR13167884_2.fastq.gz	GSE162345	0.193512322	36.0
SRR13167892	GSM4950131	NextSeq 500 sequencing: GSM4950131: aAm1 Mus musculus Oryx dammah RNA-Seq	PAIRED	RNA-Seq	33074642	2419805739	823600427;532317359	ftp.sra.ebi.ac.uk/vol1/fastq/SRR131/092/SRR13167892/SRR13167892_1.fastq.gz;ftp.sra.ebi.ac.uk/vol1/fastq/SRR131/092/SRR13167892/SRR13167892_2.fastq.gz	GSE162345	1.355917786	37.0
SRR16201696	GSM5610457	NextSeq 500 sequencing: GSM5610457: early2cell_NT1 Mus musculus RNA-Seq	PAIRED	RNA-Seq	15859476	1161853013	529778518;348218781	ftp.sra.ebi.ac.uk/vol1/fastq/SRR162/096/SRR16201696/SRR16201696_1.fastq.gz;ftp.sra.ebi.ac.uk/vol1/fastq/SRR162/096/SRR16201696/SRR16201696_2.fastq.gz	GSE162345	0.877997299	37.0
SRR16201700	GSM5610461	NextSeq 500 sequencing: GSM5610461: aAm_early2cell_NT2 Mus musculus RNA-Seq	PAIRED	RNA-Seq	20059570	1465810016	606291183;414621759	ftp.sra.ebi.ac.uk/vol1/fastq/SRR162/000/SRR16201700/SRR16201700_1.fastq.gz;ftp.sra.ebi.ac.uk/vol1/fastq/SRR162/000/SRR16201700/SRR16201700_2.fastq.gz	GSE162345	1.020912942	37.0
SRR16201703	GSM5610464	NextSeq 500 sequencing: GSM5610464: late2cell_NT2 Mus musculus RNA-Seq	PAIRED	RNA-Seq	20693082	1510360883	655074280;439007777	ftp.sra.ebi.ac.uk/vol1/fastq/SRR162/003/SRR16201703/SRR16201703_1.fastq.gz;ftp.sra.ebi.ac.uk/vol1/fastq/SRR162/003/SRR16201703/SRR16201703_2.fastq.gz	GSE162345	1.094082057	36.0
SRR13167888	GSM4950127	NextSeq 500 sequencing: GSM4950127: D-3 Mus musculus RNA-Seq	PAIRED	RNA-Seq	11054501	798764076	326483556;199344829	ftp.sra.ebi.ac.uk/vol1/fastq/SRR131/088/SRR13167888/SRR13167888_1.fastq.gz;ftp.sra.ebi.ac.uk/vol1/fastq/SRR131/088/SRR13167888/SRR13167888_2.fastq.gz	GSE162345	0.525828385	36.0
SRR13167893	GSM4950132	NextSeq 500 sequencing: GSM4950132: aAm2 Mus musculus Oryx dammah RNA-Seq	PAIRED	RNA-Seq	22980843	1681616289	583907633;373422783	ftp.sra.ebi.ac.uk/vol1/fastq/SRR131/093/SRR13167893/SRR13167893_1.fastq.gz;ftp.sra.ebi.ac.uk/vol1/fastq/SRR131/093/SRR13167893/SRR13167893_2.fastq.gz	GSE162345	0.957330416	37.0
SRR16201697	GSM5610458	NextSeq 500 sequencing: GSM5610458: early2cell_NT2 Mus musculus RNA-Seq	PAIRED	RNA-Seq	15655323	1147807753	524161830;343170684	ftp.sra.ebi.ac.uk/vol1/fastq/SRR162/097/SRR16201697/SRR16201697_1.fastq.gz;ftp.sra.ebi.ac.uk/vol1/fastq/SRR162/097/SRR16201697/SRR16201697_2.fastq.gz	GSE162345	0.867332514	37.0
SRR16201699	GSM5610460	NextSeq 500 sequencing: GSM5610460: aAm_early2cell_NT1 Mus musculus RNA-Seq	PAIRED	RNA-Seq	21261273	1557489876	646289776;440300037	ftp.sra.ebi.ac.uk/vol1/fastq/SRR162/099/SRR16201699/SRR16201699_1.fastq.gz;ftp.sra.ebi.ac.uk/vol1/fastq/SRR162/099/SRR16201699/SRR16201699_2.fastq.gz	GSE162345	1.086589813	37.0
SRR16201702	GSM5610463	NextSeq 500 sequencing: GSM5610463: late2cell_NT1 Mus musculus RNA-Seq	PAIRED	RNA-Seq	14630529	1068896658	471654659;314596250	ftp.sra.ebi.ac.uk/vol1/fastq/SRR162/002/SRR16201702/SRR16201702_1.fastq.gz;ftp.sra.ebi.ac.uk/vol1/fastq/SRR162/002/SRR16201702/SRR16201702_2.fastq.gz	GSE162345	0.786250909	37.0
SRR16201704	GSM5610465	NextSeq 500 sequencing: GSM5610465: late2cell_NT3 Mus musculus RNA-Seq	PAIRED	RNA-Seq	14088006	1028311096	450267263;301910501	ftp.sra.ebi.ac.uk/vol1/fastq/SRR162/004/SRR16201704/SRR16201704_1.fastq.gz;ftp.sra.ebi.ac.uk/vol1/fastq/SRR162/004/SRR16201704/SRR16201704_2.fastq.gz	GSE162345	0.752177764	36.0
SRR16201705	GSM5610466	NextSeq 500 sequencing: GSM5610466: aAm_late2cell_NT1 Mus musculus RNA-Seq	PAIRED	RNA-Seq	13234768	966536013	393685263;270071190	ftp.sra.ebi.ac.uk/vol1/fastq/SRR162/005/SRR16201705/SRR16201705_1.fastq.gz;ftp.sra.ebi.ac.uk/vol1/fastq/SRR162/005/SRR16201705/SRR16201705_2.fastq.gz	GSE162345	0.663756453	37.0
SRR13167881	GSM4950120	NextSeq 500 sequencing: GSM4950120: NT_Amanitin-2 Mus musculus RNA-Seq	PAIRED	RNA-Seq	7080313	507826300	198698464;114248100	ftp.sra.ebi.ac.uk/vol1/fastq/SRR131/081/SRR13167881/SRR13167881_1.fastq.gz;ftp.sra.ebi.ac.uk/vol1/fastq/SRR131/081/SRR13167881/SRR13167881_2.fastq.gz	GSE162345	0.312946564	36.0
SRR13167883	GSM4950122	NextSeq 500 sequencing: GSM4950122: NT-1 Mus musculus RNA-Seq	PAIRED	RNA-Seq	3999525	288462138	117256239;66303364	ftp.sra.ebi.ac.uk/vol1/fastq/SRR131/083/SRR13167883/SRR13167883_1.fastq.gz;ftp.sra.ebi.ac.uk/vol1/fastq/SRR131/083/SRR13167883/SRR13167883_2.fastq.gz	GSE162345	0.183559603	36.0
SRR13167886	GSM4950125	NextSeq 500 sequencing: GSM4950125: D-1 Mus musculus RNA-Seq	PAIRED	RNA-Seq	11029916	796435833	322730990;198400002	ftp.sra.ebi.ac.uk/vol1/fastq/SRR131/086/SRR13167886/SRR13167886_1.fastq.gz;ftp.sra.ebi.ac.uk/vol1/fastq/SRR131/086/SRR13167886/SRR13167886_2.fastq.gz	GSE162345	0.521130992	36.0
SRR13167890	GSM4950129	NextSeq 500 sequencing: GSM4950129: DR-2 Mus musculus RNA-Seq	PAIRED	RNA-Seq	7218322	527402264	217160995;128074941	ftp.sra.ebi.ac.uk/vol1/fastq/SRR131/090/SRR13167890/SRR13167890_1.fastq.gz;ftp.sra.ebi.ac.uk/vol1/fastq/SRR131/090/SRR13167890/SRR13167890_2.fastq.gz	GSE162345	0.345235936	37.0
SRR13167894	GSM4950133	NextSeq 500 sequencing: GSM4950133: aAm3 Mus musculus Oryx dammah RNA-Seq	PAIRED	RNA-Seq	22418626	1641790629	543102647;352950279	ftp.sra.ebi.ac.uk/vol1/fastq/SRR131/094/SRR13167894/SRR13167894_1.fastq.gz;ftp.sra.ebi.ac.uk/vol1/fastq/SRR131/094/SRR13167894/SRR13167894_2.fastq.gz	GSE162345	0.896052926	37.0
SRR13167895	GSM4950134	NextSeq 500 sequencing: GSM4950134: 1 Mus musculus Oryx dammah RNA-Seq	PAIRED	RNA-Seq	19268378	1409871785	505441826;320240636	ftp.sra.ebi.ac.uk/vol1/fastq/SRR131/095/SRR13167895/SRR13167895_1.fastq.gz;ftp.sra.ebi.ac.uk/vol1/fastq/SRR131/095/SRR13167895/SRR13167895_2.fastq.gz	GSE162345	0.825682462	37.0
SRR13167896	GSM4950135	NextSeq 500 sequencing: GSM4950135: 2 Mus musculus Oryx dammah RNA-Seq	PAIRED	RNA-Seq	19995661	1463702185	536699763;338107087	ftp.sra.ebi.ac.uk/vol1/fastq/SRR131/096/SRR13167896/SRR13167896_1.fastq.gz;ftp.sra.ebi.ac.uk/vol1/fastq/SRR131/096/SRR13167896/SRR13167896_2.fastq.gz	GSE162345	0.87480685	37.0
SRR16201701	GSM5610462	NextSeq 500 sequencing: GSM5610462: aAm_early2cell_NT3 Mus musculus RNA-Seq	PAIRED	RNA-Seq	14769095	1083847143	461642568;313627299	ftp.sra.ebi.ac.uk/vol1/fastq/SRR162/001/SRR16201701/SRR16201701_1.fastq.gz;ftp.sra.ebi.ac.uk/vol1/fastq/SRR162/001/SRR16201701/SRR16201701_2.fastq.gz	GSE162345	0.775269867	37.0
SRR16201707	GSM5610468	NextSeq 500 sequencing: GSM5610468: aAm_late2cell_NT3 Mus musculus RNA-Seq	PAIRED	RNA-Seq	13291400	971794976	408719826;277942102	ftp.sra.ebi.ac.uk/vol1/fastq/SRR162/007/SRR16201707/SRR16201707_1.fastq.gz;ftp.sra.ebi.ac.uk/vol1/fastq/SRR162/007/SRR16201707/SRR16201707_2.fastq.gz	GSE162345	0.686661928	37.0
SRR24312269	GSM7230756	Illumina NovaSeq 6000 sequencing: GSM7230756: Stacc_PolII_FGO_Ctrl_rep2 Mus musculus OTHER	PAIRED	OTHER	13471497	4041449100	680309163;684961959	ftp.sra.ebi.ac.uk/vol1/fastq/SRR243/069/SRR24312269/SRR24312269_1.fastq.gz;ftp.sra.ebi.ac.uk/vol1/fastq/SRR243/069/SRR24312269/SRR24312269_2.fastq.gz	GSE221985	1.365271122	150.0
SRR24312271	GSM7230754	Illumina NovaSeq 6000 sequencing: GSM7230754: Stacc_PolII_L2C_TDP43KO_rep2 Mus musculus OTHER	PAIRED	OTHER	31660512	9498153600	1626843209;1602848017	ftp.sra.ebi.ac.uk/vol1/fastq/SRR243/071/SRR24312271/SRR24312271_1.fastq.gz;ftp.sra.ebi.ac.uk/vol1/fastq/SRR243/071/SRR24312271/SRR24312271_2.fastq.gz	GSE221985	3.229691226	150.0
SRR24312277	GSM7230757	Illumina NovaSeq 6000 sequencing: GSM7230757: Stacc_PolII_FGO_TDP43KO_rep1 Mus musculus OTHER	PAIRED	OTHER	35600160	10680048000	1744748995;1750680084	ftp.sra.ebi.ac.uk/vol1/fastq/SRR243/077/SRR24312277/SRR24312277_1.fastq.gz;ftp.sra.ebi.ac.uk/vol1/fastq/SRR243/077/SRR24312277/SRR24312277_2.fastq.gz	GSE221985	3.495429079	150.0
SRR22944169	GSM6911262	Illumina NovaSeq 6000 sequencing: GSM6911262: Stacc_TDP43_L2C_rep2 Mus musculus OTHER	PAIRED	OTHER	22714515	6814354500	1050215623;1046176864	ftp.sra.ebi.ac.uk/vol1/fastq/SRR229/069/SRR22944169/SRR22944169_1.fastq.gz;ftp.sra.ebi.ac.uk/vol1/fastq/SRR229/069/SRR22944169/SRR22944169_2.fastq.gz	GSE221985	2.096392487	150.0
SRR22944179	GSM6911252	Illumina NovaSeq 6000 sequencing: GSM6911252: RNA_TrimAway_2C_KD_rep2 Mus musculus RNA-Seq	PAIRED	RNA-Seq	26797968	7957344021	1348297054;1352362779	ftp.sra.ebi.ac.uk/vol1/fastq/SRR229/079/SRR22944179/SRR22944179_1.fastq.gz;ftp.sra.ebi.ac.uk/vol1/fastq/SRR229/079/SRR22944179/SRR22944179_2.fastq.gz	GSE221985	2.700659833	148.0
SRR22944185	GSM6911246	Illumina NovaSeq 6000 sequencing: GSM6911246: RNA_L2C_KO_rep2 Mus musculus RNA-Seq	PAIRED	RNA-Seq	10844233	3253269900	480164742;484051594	ftp.sra.ebi.ac.uk/vol1/fastq/SRR229/085/SRR22944185/SRR22944185_1.fastq.gz;ftp.sra.ebi.ac.uk/vol1/fastq/SRR229/085/SRR22944185/SRR22944185_2.fastq.gz	GSE221985	0.964216336	150.0
SRR22944187	GSM6911243	Illumina NovaSeq 6000 sequencing: GSM6911243: RNA_L2C_Ctrl_rep1 Mus musculus RNA-Seq	PAIRED	RNA-Seq	10389467	3116840100	479333039;479904499	ftp.sra.ebi.ac.uk/vol1/fastq/SRR229/087/SRR22944187/SRR22944187_1.fastq.gz;ftp.sra.ebi.ac.uk/vol1/fastq/SRR229/087/SRR22944187/SRR22944187_2.fastq.gz	GSE221985	0.959237538	150.0
SRR22944188	GSM6911241	Illumina NovaSeq 6000 sequencing: GSM6911241: RNA_FGO_KO_rep1 Mus musculus RNA-Seq	PAIRED	RNA-Seq	8564503	2569350900	438959977;445645122	ftp.sra.ebi.ac.uk/vol1/fastq/SRR229/088/SRR22944188/SRR22944188_1.fastq.gz;ftp.sra.ebi.ac.uk/vol1/fastq/SRR229/088/SRR22944188/SRR22944188_2.fastq.gz	GSE221985	0.884605099	150.0
SRR22944189	GSM6911240	Illumina NovaSeq 6000 sequencing: GSM6911240: RNA_FGO_Ctrl_rep2 Mus musculus RNA-Seq	PAIRED	RNA-Seq	10358563	3107568900	535548555;543807119	ftp.sra.ebi.ac.uk/vol1/fastq/SRR229/089/SRR22944189/SRR22944189_1.fastq.gz;ftp.sra.ebi.ac.uk/vol1/fastq/SRR229/089/SRR22944189/SRR22944189_2.fastq.gz	GSE221985	1.079355674	150.0
SRR22944193	GSM6911238	Illumina NovaSeq 6000 sequencing: GSM6911238: RNA_E2C_KO_rep2 Mus musculus RNA-Seq	PAIRED	RNA-Seq	10933009	3249915828	592542824;595655349	ftp.sra.ebi.ac.uk/vol1/fastq/SRR229/093/SRR22944193/SRR22944193_1.fastq.gz;ftp.sra.ebi.ac.uk/vol1/fastq/SRR229/093/SRR22944193/SRR22944193_2.fastq.gz	GSE221985	1.188198173	149.0
SRR22944194	GSM6911236	Illumina NovaSeq 6000 sequencing: GSM6911236: RNA_E2C_Ctrl_rep2 Mus musculus RNA-Seq	PAIRED	RNA-Seq	28383956	8430943614	1481846582;1496126994	ftp.sra.ebi.ac.uk/vol1/fastq/SRR229/094/SRR22944194/SRR22944194_1.fastq.gz;ftp.sra.ebi.ac.uk/vol1/fastq/SRR229/094/SRR22944194/SRR22944194_2.fastq.gz	GSE221985	2.977973576	149.0
SRR24312279	GSM7230752	Illumina NovaSeq 6000 sequencing: GSM7230752: Stacc_PolII_L2C_Ctrl_rep2 Mus musculus OTHER	PAIRED	OTHER	29003146	8700943800	1472780843;1467710557	ftp.sra.ebi.ac.uk/vol1/fastq/SRR243/079/SRR24312279/SRR24312279_1.fastq.gz;ftp.sra.ebi.ac.uk/vol1/fastq/SRR243/079/SRR24312279/SRR24312279_2.fastq.gz	GSE221985	2.9404914	150.0
SRR22944170	GSM6911260	Illumina NovaSeq 6000 sequencing: GSM6911260: Stacc_TDP43_FGO_rep3 Mus musculus OTHER	PAIRED	OTHER	14302828	4290848400	774629759;779363983	ftp.sra.ebi.ac.uk/vol1/fastq/SRR229/070/SRR22944170/SRR22944170_1.fastq.gz;ftp.sra.ebi.ac.uk/vol1/fastq/SRR229/070/SRR22944170/SRR22944170_2.fastq.gz	GSE221985	1.553993742	150.0
SRR22944186	GSM6911245	Illumina NovaSeq 6000 sequencing: GSM6911245: RNA_L2C_KO_rep1 Mus musculus RNA-Seq	PAIRED	RNA-Seq	9827416	2948224800	439245543;442740523	ftp.sra.ebi.ac.uk/vol1/fastq/SRR229/086/SRR22944186/SRR22944186_1.fastq.gz;ftp.sra.ebi.ac.uk/vol1/fastq/SRR229/086/SRR22944186/SRR22944186_2.fastq.gz	GSE221985	0.881986066	150.0
SRR22944196	GSM6911233	Illumina NovaSeq 6000 sequencing: GSM6911233: RNA_1C_KO_rep1 Mus musculus RNA-Seq	PAIRED	RNA-Seq	9365871	2809761300	468698148;476173374	ftp.sra.ebi.ac.uk/vol1/fastq/SRR229/096/SRR22944196/SRR22944196_1.fastq.gz;ftp.sra.ebi.ac.uk/vol1/fastq/SRR229/096/SRR22944196/SRR22944196_2.fastq.gz	GSE221985	0.944871522	150.0
SRR22944200	GSM6911231	Illumina NovaSeq 6000 sequencing: GSM6911231: RNA_1C_Ctrl_rep1 Mus musculus RNA-Seq	PAIRED	RNA-Seq	9998014	2999404200	506587745;513566210	ftp.sra.ebi.ac.uk/vol1/fastq/SRR229/000/SRR22944200/SRR22944200_1.fastq.gz;ftp.sra.ebi.ac.uk/vol1/fastq/SRR229/000/SRR22944200/SRR22944200_2.fastq.gz	GSE221985	1.020153955	150.0
SRR24312267	GSM7230758	Illumina NovaSeq 6000 sequencing: GSM7230758: Stacc_PolII_FGO_TDP43KO_rep2 Mus musculus OTHER	PAIRED	OTHER	19738540	5921562000	999695856;1004681675	ftp.sra.ebi.ac.uk/vol1/fastq/SRR243/067/SRR24312267/SRR24312267_1.fastq.gz;ftp.sra.ebi.ac.uk/vol1/fastq/SRR243/067/SRR24312267/SRR24312267_2.fastq.gz	GSE221985	2.004377531	150.0
SRR22944174	GSM6911257	Illumina NovaSeq 6000 sequencing: GSM6911257: Stacc_TDP43_1C_rep1 Mus musculus OTHER	PAIRED	OTHER	16791111	5037333300	747405354;673547338	ftp.sra.ebi.ac.uk/vol1/fastq/SRR229/074/SRR22944174/SRR22944174_1.fastq.gz;ftp.sra.ebi.ac.uk/vol1/fastq/SRR229/074/SRR22944174/SRR22944174_2.fastq.gz	GSE221985	1.420952692	150.0
SRR22944180	GSM6911251	Illumina NovaSeq 6000 sequencing: GSM6911251: RNA_TrimAway_2C_KD_rep1 Mus musculus RNA-Seq	PAIRED	RNA-Seq	30401104	9035071208	1483210563;1427650200	ftp.sra.ebi.ac.uk/vol1/fastq/SRR229/080/SRR22944180/SRR22944180_1.fastq.gz;ftp.sra.ebi.ac.uk/vol1/fastq/SRR229/080/SRR22944180/SRR22944180_2.fastq.gz	GSE221985	2.910860763	149.0
SRR22944181	GSM6911250	Illumina NovaSeq 6000 sequencing: GSM6911250: RNA_MII_KO_rep2 Mus musculus RNA-Seq	PAIRED	RNA-Seq	8484253	2545275900	417632458;428766901	ftp.sra.ebi.ac.uk/vol1/fastq/SRR229/081/SRR22944181/SRR22944181_1.fastq.gz;ftp.sra.ebi.ac.uk/vol1/fastq/SRR229/081/SRR22944181/SRR22944181_2.fastq.gz	GSE221985	0.846399359	150.0
SRR22944184	GSM6911247	Illumina NovaSeq 6000 sequencing: GSM6911247: RNA_MII_Ctrl_rep1 Mus musculus RNA-Seq	PAIRED	RNA-Seq	9949916	2984974800	468837533;483082971	ftp.sra.ebi.ac.uk/vol1/fastq/SRR229/084/SRR22944184/SRR22944184_1.fastq.gz;ftp.sra.ebi.ac.uk/vol1/fastq/SRR229/084/SRR22944184/SRR22944184_2.fastq.gz	GSE221985	0.951920504	150.0
SRR22944199	GSM6911232	Illumina NovaSeq 6000 sequencing: GSM6911232: RNA_1C_Ctrl_rep2 Mus musculus RNA-Seq	PAIRED	RNA-Seq	9403316	2820994800	458236104;468505874	ftp.sra.ebi.ac.uk/vol1/fastq/SRR229/099/SRR22944199/SRR22944199_1.fastq.gz;ftp.sra.ebi.ac.uk/vol1/fastq/SRR229/099/SRR22944199/SRR22944199_2.fastq.gz	GSE221985	0.926741978	150.0
SRR24312263	GSM7230760	Illumina NovaSeq 6000 sequencing: GSM7230760: Stacc_TDP43_1C_rep3 Mus musculus OTHER	PAIRED	OTHER	23445209	7033562700	1166768681;1136719125	ftp.sra.ebi.ac.uk/vol1/fastq/SRR243/063/SRR24312263/SRR24312263_1.fastq.gz;ftp.sra.ebi.ac.uk/vol1/fastq/SRR243/063/SRR24312263/SRR24312263_2.fastq.gz	GSE221985	2.303487806	150.0
SRR24312265	GSM7230759	Illumina NovaSeq 6000 sequencing: GSM7230759: Stacc_TDP43_1C_rep2 Mus musculus OTHER	PAIRED	OTHER	35873726	10762117800	1661168450;1664391751	ftp.sra.ebi.ac.uk/vol1/fastq/SRR243/065/SRR24312265/SRR24312265_1.fastq.gz;ftp.sra.ebi.ac.uk/vol1/fastq/SRR243/065/SRR24312265/SRR24312265_2.fastq.gz	GSE221985	3.325560201	150.0
SRR24312281	GSM7230751	Illumina NovaSeq 6000 sequencing: GSM7230751: Stacc_PolII_L2C_Ctrl_rep1 Mus musculus OTHER	PAIRED	OTHER	29800371	8940111300	1530609037;1508203626	ftp.sra.ebi.ac.uk/vol1/fastq/SRR243/081/SRR24312281/SRR24312281_1.fastq.gz;ftp.sra.ebi.ac.uk/vol1/fastq/SRR243/081/SRR24312281/SRR24312281_2.fastq.gz	GSE221985	3.038812663	150.0
SRR22944172	GSM6911261	Illumina NovaSeq 6000 sequencing: GSM6911261: Stacc_TDP43_L2C_rep1 Mus musculus OTHER	PAIRED	OTHER	22732346	6819703800	1016547950;1010222929	ftp.sra.ebi.ac.uk/vol1/fastq/SRR229/072/SRR22944172/SRR22944172_1.fastq.gz;ftp.sra.ebi.ac.uk/vol1/fastq/SRR229/072/SRR22944172/SRR22944172_2.fastq.gz	GSE221985	2.026770879	150.0
SRR22944173	GSM6911258	Illumina NovaSeq 6000 sequencing: GSM6911258: Stacc_TDP43_FGO_rep1 Mus musculus OTHER	PAIRED	OTHER	28164053	8449215900	1300052913;1293282189	ftp.sra.ebi.ac.uk/vol1/fastq/SRR229/073/SRR22944173/SRR22944173_1.fastq.gz;ftp.sra.ebi.ac.uk/vol1/fastq/SRR229/073/SRR22944173/SRR22944173_2.fastq.gz	GSE221985	2.593335102	150.0
SRR22944177	GSM6911254	Illumina NovaSeq 6000 sequencing: GSM6911254: RNA_TrimAway_2C_NC_rep2 Mus musculus RNA-Seq	PAIRED	RNA-Seq	24603378	7303543164	1305896897;1311157953	ftp.sra.ebi.ac.uk/vol1/fastq/SRR229/077/SRR22944177/SRR22944177_1.fastq.gz;ftp.sra.ebi.ac.uk/vol1/fastq/SRR229/077/SRR22944177/SRR22944177_2.fastq.gz	GSE221985	2.61705485	148.0
SRR22944178	GSM6911253	Illumina NovaSeq 6000 sequencing: GSM6911253: RNA_TrimAway_2C_NC_rep1 Mus musculus RNA-Seq	PAIRED	RNA-Seq	24189250	7176602550	1266738069;1269222702	ftp.sra.ebi.ac.uk/vol1/fastq/SRR229/078/SRR22944178/SRR22944178_1.fastq.gz;ftp.sra.ebi.ac.uk/vol1/fastq/SRR229/078/SRR22944178/SRR22944178_2.fastq.gz	GSE221985	2.535960771	148.0
SRR22944182	GSM6911249	Illumina NovaSeq 6000 sequencing: GSM6911249: RNA_MII_KO_rep1 Mus musculus RNA-Seq	PAIRED	RNA-Seq	9408761	2822628300	449300217;465009189	ftp.sra.ebi.ac.uk/vol1/fastq/SRR229/082/SRR22944182/SRR22944182_1.fastq.gz;ftp.sra.ebi.ac.uk/vol1/fastq/SRR229/082/SRR22944182/SRR22944182_2.fastq.gz	GSE221985	0.914309406	150.0
SRR22944192	GSM6911239	Illumina NovaSeq 6000 sequencing: GSM6911239: RNA_FGO_Ctrl_rep1 Mus musculus RNA-Seq	PAIRED	RNA-Seq	9790260	2937078000	493436580;502949856	ftp.sra.ebi.ac.uk/vol1/fastq/SRR229/092/SRR22944192/SRR22944192_1.fastq.gz;ftp.sra.ebi.ac.uk/vol1/fastq/SRR229/092/SRR22944192/SRR22944192_2.fastq.gz	GSE221985	0.996386436	150.0
SRR22944197	GSM6911235	Illumina NovaSeq 6000 sequencing: GSM6911235: RNA_E2C_Ctrl_rep1 Mus musculus RNA-Seq	PAIRED	RNA-Seq	12119600	3602234992	643662828;650547250	ftp.sra.ebi.ac.uk/vol1/fastq/SRR229/097/SRR22944197/SRR22944197_1.fastq.gz;ftp.sra.ebi.ac.uk/vol1/fastq/SRR229/097/SRR22944197/SRR22944197_2.fastq.gz	GSE221985	1.294210078	149.0
SRR24312273	GSM7230753	Illumina NovaSeq 6000 sequencing: GSM7230753: Stacc_PolII_L2C_TDP43KO_rep1 Mus musculus OTHER	PAIRED	OTHER	27952094	8385628200	1424653221;1406212945	ftp.sra.ebi.ac.uk/vol1/fastq/SRR243/073/SRR24312273/SRR24312273_1.fastq.gz;ftp.sra.ebi.ac.uk/vol1/fastq/SRR243/073/SRR24312273/SRR24312273_2.fastq.gz	GSE221985	2.830866166	150.0
SRR24312275	GSM7230755	Illumina NovaSeq 6000 sequencing: GSM7230755: Stacc_PolII_FGO_Ctrl_rep1 Mus musculus OTHER	PAIRED	OTHER	10381725	3114517500	519157686;517326513	ftp.sra.ebi.ac.uk/vol1/fastq/SRR243/075/SRR24312275/SRR24312275_1.fastq.gz;ftp.sra.ebi.ac.uk/vol1/fastq/SRR243/075/SRR24312275/SRR24312275_2.fastq.gz	GSE221985	1.036484199	150.0
SRR22944171	GSM6911259	Illumina NovaSeq 6000 sequencing: GSM6911259: Stacc_TDP43_FGO_rep2 Mus musculus OTHER	PAIRED	OTHER	19776037	5932811100	933839963;930684496	ftp.sra.ebi.ac.uk/vol1/fastq/SRR229/071/SRR22944171/SRR22944171_1.fastq.gz;ftp.sra.ebi.ac.uk/vol1/fastq/SRR229/071/SRR22944171/SRR22944171_2.fastq.gz	GSE221985	1.864524459	150.0
SRR22944183	GSM6911248	Illumina NovaSeq 6000 sequencing: GSM6911248: RNA_MII_Ctrl_rep2 Mus musculus RNA-Seq	PAIRED	RNA-Seq	10624727	3187418100	498202430;517201312	ftp.sra.ebi.ac.uk/vol1/fastq/SRR229/083/SRR22944183/SRR22944183_1.fastq.gz;ftp.sra.ebi.ac.uk/vol1/fastq/SRR229/083/SRR22944183/SRR22944183_2.fastq.gz	GSE221985	1.015403742	150.0
SRR22944190	GSM6911242	Illumina NovaSeq 6000 sequencing: GSM6911242: RNA_FGO_KO_rep2 Mus musculus RNA-Seq	PAIRED	RNA-Seq	11004189	3301256700	537821197;551521987	ftp.sra.ebi.ac.uk/vol1/fastq/SRR229/090/SRR22944190/SRR22944190_1.fastq.gz;ftp.sra.ebi.ac.uk/vol1/fastq/SRR229/090/SRR22944190/SRR22944190_2.fastq.gz	GSE221985	1.089343184	150.0
SRR22944191	GSM6911244	Illumina NovaSeq 6000 sequencing: GSM6911244: RNA_L2C_Ctrl_rep2 Mus musculus RNA-Seq	PAIRED	RNA-Seq	8635214	2590564200	399631019;403185925	ftp.sra.ebi.ac.uk/vol1/fastq/SRR229/091/SRR22944191/SRR22944191_1.fastq.gz;ftp.sra.ebi.ac.uk/vol1/fastq/SRR229/091/SRR22944191/SRR22944191_2.fastq.gz	GSE221985	0.802816944	150.0
SRR22944195	GSM6911234	Illumina NovaSeq 6000 sequencing: GSM6911234: RNA_1C_KO_rep2 Mus musculus RNA-Seq	PAIRED	RNA-Seq	11364271	3409281300	571979326;580681553	ftp.sra.ebi.ac.uk/vol1/fastq/SRR229/095/SRR22944195/SRR22944195_1.fastq.gz;ftp.sra.ebi.ac.uk/vol1/fastq/SRR229/095/SRR22944195/SRR22944195_2.fastq.gz	GSE221985	1.152660879	150.0
SRR22944198	GSM6911237	Illumina NovaSeq 6000 sequencing: GSM6911237: RNA_E2C_KO_rep1 Mus musculus RNA-Seq	PAIRED	RNA-Seq	26524683	7871243381	1396493736;1407744127	ftp.sra.ebi.ac.uk/vol1/fastq/SRR229/098/SRR22944198/SRR22944198_1.fastq.gz;ftp.sra.ebi.ac.uk/vol1/fastq/SRR229/098/SRR22944198/SRR22944198_2.fastq.gz	GSE221985	2.804237863	148.0
SRR34172917	GSM9067478	HiSeq X Ten sequencing: GSM9067478: KO_MII_RNA-seq_r1 Mus musculus RNA-Seq	PAIRED	RNA-Seq	38676442	11602932600	2626245491;2590964091	ftp.sra.ebi.ac.uk/vol1/fastq/SRR341/017/SRR34172917/SRR34172917_1.fastq.gz;ftp.sra.ebi.ac.uk/vol1/fastq/SRR341/017/SRR34172917/SRR34172917_2.fastq.gz	GSE300734	5.217209582	150.0
SRR34172923	GSM9067482	HiSeq X Ten sequencing: GSM9067482: WT_PN3_RNA-seq_r3 Mus musculus RNA-Seq	PAIRED	RNA-Seq	28668790	8600637000	1908192464;1946399767	ftp.sra.ebi.ac.uk/vol1/fastq/SRR341/023/SRR34172923/SRR34172923_1.fastq.gz;ftp.sra.ebi.ac.uk/vol1/fastq/SRR341/023/SRR34172923/SRR34172923_2.fastq.gz	GSE300734	3.854592231	150.0
SRR34172924	GSM9067483	HiSeq X Ten sequencing: GSM9067483: WT_PN3_RNA-seq_r4 Mus musculus RNA-Seq	PAIRED	RNA-Seq	33990624	10197187200	2262926874;2314328001	ftp.sra.ebi.ac.uk/vol1/fastq/SRR341/024/SRR34172924/SRR34172924_1.fastq.gz;ftp.sra.ebi.ac.uk/vol1/fastq/SRR341/024/SRR34172924/SRR34172924_2.fastq.gz	GSE300734	4.577254875	150.0
SRR34172935	GSM9067496	HiSeq X Ten sequencing: GSM9067496: WT_L2C_RNA-seq_r3 Mus musculus RNA-Seq	PAIRED	RNA-Seq	29631461	8889438300	1942390689;2064756842	ftp.sra.ebi.ac.uk/vol1/fastq/SRR341/035/SRR34172935/SRR34172935_1.fastq.gz;ftp.sra.ebi.ac.uk/vol1/fastq/SRR341/035/SRR34172935/SRR34172935_2.fastq.gz	GSE300734	4.007147531	150.0
SRR34172937	GSM9067494	HiSeq X Ten sequencing: GSM9067494: WT_L2C_RNA-seq_r1 Mus musculus RNA-Seq	PAIRED	RNA-Seq	42742463	12822738900	2606402539;2616155605	ftp.sra.ebi.ac.uk/vol1/fastq/SRR341/037/SRR34172937/SRR34172937_1.fastq.gz;ftp.sra.ebi.ac.uk/vol1/fastq/SRR341/037/SRR34172937/SRR34172937_2.fastq.gz	GSE300734	5.222558144	150.0
SRR34172940	GSM9067481	HiSeq X Ten sequencing: GSM9067481: WT_PN3_RNA-seq_r2 Mus musculus RNA-Seq	PAIRED	RNA-Seq	25972873	7791861900	1753603047;1856589542	ftp.sra.ebi.ac.uk/vol1/fastq/SRR341/040/SRR34172940/SRR34172940_1.fastq.gz;ftp.sra.ebi.ac.uk/vol1/fastq/SRR341/040/SRR34172940/SRR34172940_2.fastq.gz	GSE300734	3.610192589	150.0
SRR34172918	GSM9067479	HiSeq X Ten sequencing: GSM9067479: KO_MII_RNA-seq_r2 Mus musculus RNA-Seq	PAIRED	RNA-Seq	45976468	13792940400	3156280683;3223976082	ftp.sra.ebi.ac.uk/vol1/fastq/SRR341/018/SRR34172918/SRR34172918_1.fastq.gz;ftp.sra.ebi.ac.uk/vol1/fastq/SRR341/018/SRR34172918/SRR34172918_2.fastq.gz	GSE300734	6.380256765	150.0
SRR34172920	GSM9067499	HiSeq X Ten sequencing: GSM9067499: KO_L2C_RNA-seq_r3 Mus musculus RNA-Seq	PAIRED	RNA-Seq	29053854	8716156200	1912756055;1981429175	ftp.sra.ebi.ac.uk/vol1/fastq/SRR341/020/SRR34172920/SRR34172920_1.fastq.gz;ftp.sra.ebi.ac.uk/vol1/fastq/SRR341/020/SRR34172920/SRR34172920_2.fastq.gz	GSE300734	3.89418523	150.0
SRR34172925	GSM9067484	HiSeq X Ten sequencing: GSM9067484: KO_PN3_RNA-seq_r1 Mus musculus RNA-Seq	PAIRED	RNA-Seq	22003330	6600999000	1463716131;1533942502	ftp.sra.ebi.ac.uk/vol1/fastq/SRR341/025/SRR34172925/SRR34172925_1.fastq.gz;ftp.sra.ebi.ac.uk/vol1/fastq/SRR341/025/SRR34172925/SRR34172925_2.fastq.gz	GSE300734	2.997658633	150.0
SRR34172926	GSM9067485	HiSeq X Ten sequencing: GSM9067485: KO_PN3_RNA-seq_r2 Mus musculus RNA-Seq	PAIRED	RNA-Seq	34586325	10375897500	2331877849;2472496258	ftp.sra.ebi.ac.uk/vol1/fastq/SRR341/026/SRR34172926/SRR34172926_1.fastq.gz;ftp.sra.ebi.ac.uk/vol1/fastq/SRR341/026/SRR34172926/SRR34172926_2.fastq.gz	GSE300734	4.804374107	150.0
SRR34172928	GSM9067487	HiSeq X Ten sequencing: GSM9067487: KO_PN3_RNA-seq_r4 Mus musculus RNA-Seq	PAIRED	RNA-Seq	25348525	7604557500	1683166701;1729127403	ftp.sra.ebi.ac.uk/vol1/fastq/SRR341/028/SRR34172928/SRR34172928_1.fastq.gz;ftp.sra.ebi.ac.uk/vol1/fastq/SRR341/028/SRR34172928/SRR34172928_2.fastq.gz	GSE300734	3.412294104	150.0
SRR34172929	GSM9067475	HiSeq X Ten sequencing: GSM9067475: WT_MII_RNA-seq_r1 Mus musculus RNA-Seq	PAIRED	RNA-Seq	26382171	7914651300	1807834224;1850594061	ftp.sra.ebi.ac.uk/vol1/fastq/SRR341/029/SRR34172929/SRR34172929_1.fastq.gz;ftp.sra.ebi.ac.uk/vol1/fastq/SRR341/029/SRR34172929/SRR34172929_2.fastq.gz	GSE300734	3.658428285	150.0
SRR34172931	GSM9067480	HiSeq X Ten sequencing: GSM9067480: WT_PN3_RNA-seq_r1 Mus musculus RNA-Seq	PAIRED	RNA-Seq	31001843	9300552900	2048050885;2100957893	ftp.sra.ebi.ac.uk/vol1/fastq/SRR341/031/SRR34172931/SRR34172931_1.fastq.gz;ftp.sra.ebi.ac.uk/vol1/fastq/SRR341/031/SRR34172931/SRR34172931_2.fastq.gz	GSE300734	4.149008778	150.0
SRR34172921	GSM9067498	HiSeq X Ten sequencing: GSM9067498: KO_L2C_RNA-seq_r2 Mus musculus RNA-Seq	PAIRED	RNA-Seq	25294579	7588373700	1672108849;1727806934	ftp.sra.ebi.ac.uk/vol1/fastq/SRR341/021/SRR34172921/SRR34172921_1.fastq.gz;ftp.sra.ebi.ac.uk/vol1/fastq/SRR341/021/SRR34172921/SRR34172921_2.fastq.gz	GSE300734	3.399915783	150.0
SRR34172932	GSM9067491	HiSeq X Ten sequencing: GSM9067491: KO_E2C_RNA-seq_r1 Mus musculus RNA-Seq	PAIRED	RNA-Seq	42021452	12606435600	2747825279;2766206053	ftp.sra.ebi.ac.uk/vol1/fastq/SRR341/032/SRR34172932/SRR34172932_1.fastq.gz;ftp.sra.ebi.ac.uk/vol1/fastq/SRR341/032/SRR34172932/SRR34172932_2.fastq.gz	GSE300734	5.514031332	150.0
SRR34172933	GSM9067490	HiSeq X Ten sequencing: GSM9067490: WT_E2C_RNA-seq_r3 Mus musculus RNA-Seq	PAIRED	RNA-Seq	29544326	8863297800	1977485820;1900383739	ftp.sra.ebi.ac.uk/vol1/fastq/SRR341/033/SRR34172933/SRR34172933_1.fastq.gz;ftp.sra.ebi.ac.uk/vol1/fastq/SRR341/033/SRR34172933/SRR34172933_2.fastq.gz	GSE300734	3.877869559	150.0
SRR34172934	GSM9067497	HiSeq X Ten sequencing: GSM9067497: KO_L2C_RNA-seq_r1 Mus musculus RNA-Seq	PAIRED	RNA-Seq	42419263	12725778900	2650871783;2653979745	ftp.sra.ebi.ac.uk/vol1/fastq/SRR341/034/SRR34172934/SRR34172934_1.fastq.gz;ftp.sra.ebi.ac.uk/vol1/fastq/SRR341/034/SRR34172934/SRR34172934_2.fastq.gz	GSE300734	5.304851528	150.0
SRR34172936	GSM9067495	HiSeq X Ten sequencing: GSM9067495: WT_L2C_RNA-seq_r2 Mus musculus RNA-Seq	PAIRED	RNA-Seq	34635006	10390501800	2184901892;2181147820	ftp.sra.ebi.ac.uk/vol1/fastq/SRR341/036/SRR34172936/SRR34172936_1.fastq.gz;ftp.sra.ebi.ac.uk/vol1/fastq/SRR341/036/SRR34172936/SRR34172936_2.fastq.gz	GSE300734	4.366049712	150.0
SRR34172938	GSM9067493	HiSeq X Ten sequencing: GSM9067493: KO_E2C_RNA-seq_r3 Mus musculus RNA-Seq	PAIRED	RNA-Seq	62471124	18741337200	4023692404;3850889087	ftp.sra.ebi.ac.uk/vol1/fastq/SRR341/038/SRR34172938/SRR34172938_1.fastq.gz;ftp.sra.ebi.ac.uk/vol1/fastq/SRR341/038/SRR34172938/SRR34172938_2.fastq.gz	GSE300734	7.874581491	150.0
SRR34172927	GSM9067486	HiSeq X Ten sequencing: GSM9067486: KO_PN3_RNA-seq_r3 Mus musculus RNA-Seq	PAIRED	RNA-Seq	25033378	7510013400	1677389132;1713071287	ftp.sra.ebi.ac.uk/vol1/fastq/SRR341/027/SRR34172927/SRR34172927_1.fastq.gz;ftp.sra.ebi.ac.uk/vol1/fastq/SRR341/027/SRR34172927/SRR34172927_2.fastq.gz	GSE300734	3.390460419	150.0
SRR34172930	GSM9067476	HiSeq X Ten sequencing: GSM9067476: WT_MII_RNA-seq_r2 Mus musculus RNA-Seq	PAIRED	RNA-Seq	42932919	12879875700	2903110383;2902965069	ftp.sra.ebi.ac.uk/vol1/fastq/SRR341/030/SRR34172930/SRR34172930_1.fastq.gz;ftp.sra.ebi.ac.uk/vol1/fastq/SRR341/030/SRR34172930/SRR34172930_2.fastq.gz	GSE300734	5.806075452	150.0
SRR34172916	GSM9067477	HiSeq X Ten sequencing: GSM9067477: WT_MII_RNA-seq_r3 Mus musculus RNA-Seq	PAIRED	RNA-Seq	59642010	17892603000	4039277698;4143864872	ftp.sra.ebi.ac.uk/vol1/fastq/SRR341/016/SRR34172916/SRR34172916_1.fastq.gz;ftp.sra.ebi.ac.uk/vol1/fastq/SRR341/016/SRR34172916/SRR34172916_2.fastq.gz	GSE300734	8.18314257	150.0
SRR34172919	GSM9067489	HiSeq X Ten sequencing: GSM9067489: WT_E2C_RNA-seq_r2 Mus musculus RNA-Seq	PAIRED	RNA-Seq	73156437	21946931100	5006605114;5072583068	ftp.sra.ebi.ac.uk/vol1/fastq/SRR341/019/SRR34172919/SRR34172919_1.fastq.gz;ftp.sra.ebi.ac.uk/vol1/fastq/SRR341/019/SRR34172919/SRR34172919_2.fastq.gz	GSE300734	10.079188182	150.0
SRR34172922	GSM9067488	HiSeq X Ten sequencing: GSM9067488: WT_E2C_RNA-seq_r1 Mus musculus RNA-Seq	PAIRED	RNA-Seq	29974281	8992284300	1781460990;1737887418	ftp.sra.ebi.ac.uk/vol1/fastq/SRR341/022/SRR34172922/SRR34172922_1.fastq.gz;ftp.sra.ebi.ac.uk/vol1/fastq/SRR341/022/SRR34172922/SRR34172922_2.fastq.gz	GSE300734	3.519348408	150.0
SRR34172939	GSM9067492	HiSeq X Ten sequencing: GSM9067492: KO_E2C_RNA-seq_r2 Mus musculus RNA-Seq	PAIRED	RNA-Seq	41786040	12535812000	2654151491;2661827905	ftp.sra.ebi.ac.uk/vol1/fastq/SRR341/039/SRR34172939/SRR34172939_1.fastq.gz;ftp.sra.ebi.ac.uk/vol1/fastq/SRR341/039/SRR34172939/SRR34172939_2.fastq.gz	GSE300734	5.315979396	150.0
SRR17832137	GSM5849764	Illumina NovaSeq 6000 sequencing: GSM5849764: NF-TE_mphMax_RNA_rep1 Mus musculus RNA-Seq	PAIRED	RNA-Seq	25996802	7799040600	1387612731;1398254146	ftp.sra.ebi.ac.uk/vol1/fastq/SRR178/037/SRR17832137/SRR17832137_1.fastq.gz;ftp.sra.ebi.ac.uk/vol1/fastq/SRR178/037/SRR17832137/SRR17832137_2.fastq.gz	GSE195760	2.785866877	150.0
SRR17832139	GSM5849762	Illumina NovaSeq 6000 sequencing: GSM5849762: NF-TE_control_RNA_rep1 Mus musculus RNA-Seq	PAIRED	RNA-Seq	9519969	2855990700	507576005;509356204	ftp.sra.ebi.ac.uk/vol1/fastq/SRR178/039/SRR17832139/SRR17832139_1.fastq.gz;ftp.sra.ebi.ac.uk/vol1/fastq/SRR178/039/SRR17832139/SRR17832139_2.fastq.gz	GSE195760	1.016932209	150.0
SRR17832141	GSM5849760	Illumina NovaSeq 6000 sequencing: GSM5849760: NF-ICM_mphMcrs1_RNA_rep1 Mus musculus RNA-Seq	PAIRED	RNA-Seq	21186030	6355809000	1146273064;1148180234	ftp.sra.ebi.ac.uk/vol1/fastq/SRR178/041/SRR17832141/SRR17832141_1.fastq.gz;ftp.sra.ebi.ac.uk/vol1/fastq/SRR178/041/SRR17832141/SRR17832141_2.fastq.gz	GSE195760	2.294453298	150.0
SRR17832142	GSM5849759	Illumina NovaSeq 6000 sequencing: GSM5849759: NF-ICM_mphMax_RNA_rep2 Mus musculus RNA-Seq	PAIRED	RNA-Seq	22542250	6762675000	1202519558;1206513763	ftp.sra.ebi.ac.uk/vol1/fastq/SRR178/042/SRR17832142/SRR17832142_1.fastq.gz;ftp.sra.ebi.ac.uk/vol1/fastq/SRR178/042/SRR17832142/SRR17832142_2.fastq.gz	GSE195760	2.409033321	150.0
SRR17832144	GSM5849757	Illumina NovaSeq 6000 sequencing: GSM5849757: NF-ICM_control_RNA_rep2 Mus musculus RNA-Seq	PAIRED	RNA-Seq	15212314	4563694200	839260305;837400474	ftp.sra.ebi.ac.uk/vol1/fastq/SRR178/044/SRR17832144/SRR17832144_1.fastq.gz;ftp.sra.ebi.ac.uk/vol1/fastq/SRR178/044/SRR17832144/SRR17832144_2.fastq.gz	GSE195760	1.676660779	150.0
SRR17832147	GSM5849754	Illumina NovaSeq 6000 sequencing: GSM5849754: NT-TE_RNA_rep5 Mus musculus RNA-Seq	PAIRED	RNA-Seq	32286722	9686016600	1529421471;1559764999	ftp.sra.ebi.ac.uk/vol1/fastq/SRR178/047/SRR17832147/SRR17832147_1.fastq.gz;ftp.sra.ebi.ac.uk/vol1/fastq/SRR178/047/SRR17832147/SRR17832147_2.fastq.gz	GSE195760	3.08918647	150.0
SRR17832167	GSM5849734	Illumina NovaSeq 6000 sequencing: GSM5849734: NT-8cell_RNA_rep3 Mus musculus RNA-Seq	PAIRED	RNA-Seq	29769503	8930850900	1398579127;1435198971	ftp.sra.ebi.ac.uk/vol1/fastq/SRR178/067/SRR17832167/SRR17832167_1.fastq.gz;ftp.sra.ebi.ac.uk/vol1/fastq/SRR178/067/SRR17832167/SRR17832167_2.fastq.gz	GSE195760	2.833778098	150.0
SRR17832169	GSM5849732	Illumina NovaSeq 6000 sequencing: GSM5849732: NT-8cell_RNA_rep1 Mus musculus RNA-Seq	PAIRED	RNA-Seq	32840179	9852053700	1501656282;1543868176	ftp.sra.ebi.ac.uk/vol1/fastq/SRR178/069/SRR17832169/SRR17832169_1.fastq.gz;ftp.sra.ebi.ac.uk/vol1/fastq/SRR178/069/SRR17832169/SRR17832169_2.fastq.gz	GSE195760	3.045524458	150.0
SRR17832170	GSM5849731	Illumina NovaSeq 6000 sequencing: GSM5849731: NT-4cell_RNA_rep5 Mus musculus RNA-Seq	PAIRED	RNA-Seq	30199204	9059761200	1329184076;1353746443	ftp.sra.ebi.ac.uk/vol1/fastq/SRR178/070/SRR17832170/SRR17832170_1.fastq.gz;ftp.sra.ebi.ac.uk/vol1/fastq/SRR178/070/SRR17832170/SRR17832170_2.fastq.gz	GSE195760	2.682930519	150.0
SRR17832177	GSM5849724	Illumina NovaSeq 6000 sequencing: GSM5849724: NT-l2cell_RNA_rep4 Mus musculus RNA-Seq	PAIRED	RNA-Seq	30044324	9013297200	1423559621;1446707831	ftp.sra.ebi.ac.uk/vol1/fastq/SRR178/077/SRR17832177/SRR17832177_1.fastq.gz;ftp.sra.ebi.ac.uk/vol1/fastq/SRR178/077/SRR17832177/SRR17832177_2.fastq.gz	GSE195760	2.870267452	150.0
SRR17832179	GSM5849722	Illumina NovaSeq 6000 sequencing: GSM5849722: NT-l2cell_RNA_rep2 Mus musculus RNA-Seq	PAIRED	RNA-Seq	13212963	3963888900	627588615;633764748	ftp.sra.ebi.ac.uk/vol1/fastq/SRR178/079/SRR17832179/SRR17832179_1.fastq.gz;ftp.sra.ebi.ac.uk/vol1/fastq/SRR178/079/SRR17832179/SRR17832179_2.fastq.gz	GSE195760	1.261353363	150.0
SRR17832188	GSM5849713	Illumina NovaSeq 6000 sequencing: GSM5849713: NT-14h_RNA_rep5 Mus musculus RNA-Seq	PAIRED	RNA-Seq	25914334	7774300200	1165347786;1185708817	ftp.sra.ebi.ac.uk/vol1/fastq/SRR178/088/SRR17832188/SRR17832188_1.fastq.gz;ftp.sra.ebi.ac.uk/vol1/fastq/SRR178/088/SRR17832188/SRR17832188_2.fastq.gz	GSE195760	2.351056603	150.0
SRR17832190	GSM5849711	Illumina NovaSeq 6000 sequencing: GSM5849711: NT-14h_RNA_rep3 Mus musculus RNA-Seq	PAIRED	RNA-Seq	39956305	11986891500	1902696954;1945689550	ftp.sra.ebi.ac.uk/vol1/fastq/SRR178/090/SRR17832190/SRR17832190_1.fastq.gz;ftp.sra.ebi.ac.uk/vol1/fastq/SRR178/090/SRR17832190/SRR17832190_2.fastq.gz	GSE195760	3.848386504	150.0
SRR17832192	GSM5849709	Illumina NovaSeq 6000 sequencing: GSM5849709: NT-14h_RNA_rep1 Mus musculus RNA-Seq	PAIRED	RNA-Seq	28268348	8480504400	1279862772;1311022459	ftp.sra.ebi.ac.uk/vol1/fastq/SRR178/092/SRR17832192/SRR17832192_1.fastq.gz;ftp.sra.ebi.ac.uk/vol1/fastq/SRR178/092/SRR17832192/SRR17832192_2.fastq.gz	GSE195760	2.590885231	150.0
SRR17832198	GSM5849703	Illumina NovaSeq 6000 sequencing: GSM5849703: NT-6h_RNA_rep1 Mus musculus RNA-Seq	PAIRED	RNA-Seq	22798348	6839504400	1085688251;1107228855	ftp.sra.ebi.ac.uk/vol1/fastq/SRR178/098/SRR17832198/SRR17832198_1.fastq.gz;ftp.sra.ebi.ac.uk/vol1/fastq/SRR178/098/SRR17832198/SRR17832198_2.fastq.gz	GSE195760	2.192917106	150.0
SRR17832201	GSM5849700	Illumina NovaSeq 6000 sequencing: GSM5849700: cumulus cell-CC_RNA_rep1 Mus musculus RNA-Seq	PAIRED	RNA-Seq	35241111	10572333300	1702919743;1722079671	ftp.sra.ebi.ac.uk/vol1/fastq/SRR178/001/SRR17832201/SRR17832201_1.fastq.gz;ftp.sra.ebi.ac.uk/vol1/fastq/SRR178/001/SRR17832201/SRR17832201_2.fastq.gz	GSE195760	3.424999414	150.0
SRR17832149	GSM5849752	Illumina NovaSeq 6000 sequencing: GSM5849752: NT-TE_RNA_rep3 Mus musculus RNA-Seq	PAIRED	RNA-Seq	24821297	7446389100	1188874738;1210742500	ftp.sra.ebi.ac.uk/vol1/fastq/SRR178/049/SRR17832149/SRR17832149_1.fastq.gz;ftp.sra.ebi.ac.uk/vol1/fastq/SRR178/049/SRR17832149/SRR17832149_2.fastq.gz	GSE195760	2.399617238	150.0
SRR17832152	GSM5849749	Illumina NovaSeq 6000 sequencing: GSM5849749: NT-ICM_RNA_rep6 Mus musculus RNA-Seq	PAIRED	RNA-Seq	37477068	11243120400	1799758950;1835645755	ftp.sra.ebi.ac.uk/vol1/fastq/SRR178/052/SRR17832152/SRR17832152_1.fastq.gz;ftp.sra.ebi.ac.uk/vol1/fastq/SRR178/052/SRR17832152/SRR17832152_2.fastq.gz	GSE195760	3.635404705	150.0
SRR17832154	GSM5849747	Illumina NovaSeq 6000 sequencing: GSM5849747: NT-ICM_RNA_rep4 Mus musculus RNA-Seq	PAIRED	RNA-Seq	32420179	9726053700	1546605694;1577708177	ftp.sra.ebi.ac.uk/vol1/fastq/SRR178/054/SRR17832154/SRR17832154_1.fastq.gz;ftp.sra.ebi.ac.uk/vol1/fastq/SRR178/054/SRR17832154/SRR17832154_2.fastq.gz	GSE195760	3.124313871	150.0
SRR17832157	GSM5849744	Illumina NovaSeq 6000 sequencing: GSM5849744: NT-ICM_RNA_rep1 Mus musculus RNA-Seq	PAIRED	RNA-Seq	26599656	7979896800	1285305174;1307521452	ftp.sra.ebi.ac.uk/vol1/fastq/SRR178/057/SRR17832157/SRR17832157_1.fastq.gz;ftp.sra.ebi.ac.uk/vol1/fastq/SRR178/057/SRR17832157/SRR17832157_2.fastq.gz	GSE195760	2.592826626	150.0
SRR17832164	GSM5849737	Illumina NovaSeq 6000 sequencing: GSM5849737: NT-8cell_RNA_rep6 Mus musculus RNA-Seq	PAIRED	RNA-Seq	31829432	9548829600	1396177944;1425254666	ftp.sra.ebi.ac.uk/vol1/fastq/SRR178/064/SRR17832164/SRR17832164_1.fastq.gz;ftp.sra.ebi.ac.uk/vol1/fastq/SRR178/064/SRR17832164/SRR17832164_2.fastq.gz	GSE195760	2.82143261	150.0
SRR17832165	GSM5849736	Illumina NovaSeq 6000 sequencing: GSM5849736: NT-8cell_RNA_rep5 Mus musculus RNA-Seq	PAIRED	RNA-Seq	34211400	10263420000	1508721862;1540709963	ftp.sra.ebi.ac.uk/vol1/fastq/SRR178/065/SRR17832165/SRR17832165_1.fastq.gz;ftp.sra.ebi.ac.uk/vol1/fastq/SRR178/065/SRR17832165/SRR17832165_2.fastq.gz	GSE195760	3.049431825	150.0
SRR17832166	GSM5849735	Illumina NovaSeq 6000 sequencing: GSM5849735: NT-8cell_RNA_rep4 Mus musculus RNA-Seq	PAIRED	RNA-Seq	32411610	9723483000	1486868784;1518144694	ftp.sra.ebi.ac.uk/vol1/fastq/SRR178/066/SRR17832166/SRR17832166_1.fastq.gz;ftp.sra.ebi.ac.uk/vol1/fastq/SRR178/066/SRR17832166/SRR17832166_2.fastq.gz	GSE195760	3.005013478	150.0
SRR17832168	GSM5849733	Illumina NovaSeq 6000 sequencing: GSM5849733: NT-8cell_RNA_rep2 Mus musculus RNA-Seq	PAIRED	RNA-Seq	29821583	8946474900	1377572268;1410500258	ftp.sra.ebi.ac.uk/vol1/fastq/SRR178/068/SRR17832168/SRR17832168_1.fastq.gz;ftp.sra.ebi.ac.uk/vol1/fastq/SRR178/068/SRR17832168/SRR17832168_2.fastq.gz	GSE195760	2.788072526	150.0
SRR17832172	GSM5849729	Illumina NovaSeq 6000 sequencing: GSM5849729: NT-4cell_RNA_rep3 Mus musculus RNA-Seq	PAIRED	RNA-Seq	29124140	8737242000	1308610211;1344376288	ftp.sra.ebi.ac.uk/vol1/fastq/SRR178/072/SRR17832172/SRR17832172_1.fastq.gz;ftp.sra.ebi.ac.uk/vol1/fastq/SRR178/072/SRR17832172/SRR17832172_2.fastq.gz	GSE195760	2.652986499	150.0
SRR17832175	GSM5849726	Illumina NovaSeq 6000 sequencing: GSM5849726: NT-l2cell_RNA_rep6 Mus musculus RNA-Seq	PAIRED	RNA-Seq	33799804	10139941200	1555366155;1580365434	ftp.sra.ebi.ac.uk/vol1/fastq/SRR178/075/SRR17832175/SRR17832175_1.fastq.gz;ftp.sra.ebi.ac.uk/vol1/fastq/SRR178/075/SRR17832175/SRR17832175_2.fastq.gz	GSE195760	3.135731589	150.0
SRR17832178	GSM5849723	Illumina NovaSeq 6000 sequencing: GSM5849723: NT-l2cell_RNA_rep3 Mus musculus RNA-Seq	PAIRED	RNA-Seq	23867442	7160232600	1112599218;1135488973	ftp.sra.ebi.ac.uk/vol1/fastq/SRR178/078/SRR17832178/SRR17832178_1.fastq.gz;ftp.sra.ebi.ac.uk/vol1/fastq/SRR178/078/SRR17832178/SRR17832178_2.fastq.gz	GSE195760	2.248088191	150.0
SRR17832180	GSM5849721	Illumina NovaSeq 6000 sequencing: GSM5849721: NT-l2cell_RNA_rep1 Mus musculus RNA-Seq	PAIRED	RNA-Seq	19701243	5910372900	889240453;904100349	ftp.sra.ebi.ac.uk/vol1/fastq/SRR178/080/SRR17832180/SRR17832180_1.fastq.gz;ftp.sra.ebi.ac.uk/vol1/fastq/SRR178/080/SRR17832180/SRR17832180_2.fastq.gz	GSE195760	1.793340802	150.0
SRR17832181	GSM5849720	Illumina NovaSeq 6000 sequencing: GSM5849720: NT-e2cell_RNA_rep6 Mus musculus RNA-Seq	PAIRED	RNA-Seq	31179679	9353903700	1424457272;1451414008	ftp.sra.ebi.ac.uk/vol1/fastq/SRR178/081/SRR17832181/SRR17832181_1.fastq.gz;ftp.sra.ebi.ac.uk/vol1/fastq/SRR178/081/SRR17832181/SRR17832181_2.fastq.gz	GSE195760	2.87587128	150.0
SRR17832187	GSM5849714	Illumina NovaSeq 6000 sequencing: GSM5849714: NT-14h_RNA_rep6 Mus musculus RNA-Seq	PAIRED	RNA-Seq	31203303	9360990900	1412008395;1436965821	ftp.sra.ebi.ac.uk/vol1/fastq/SRR178/087/SRR17832187/SRR17832187_1.fastq.gz;ftp.sra.ebi.ac.uk/vol1/fastq/SRR178/087/SRR17832187/SRR17832187_2.fastq.gz	GSE195760	2.848974216	150.0
SRR17832194	GSM5849707	Illumina NovaSeq 6000 sequencing: GSM5849707: NT-6h_RNA_rep5 Mus musculus RNA-Seq	PAIRED	RNA-Seq	22760379	6828113700	1035091543;1055512748	ftp.sra.ebi.ac.uk/vol1/fastq/SRR178/094/SRR17832194/SRR17832194_1.fastq.gz;ftp.sra.ebi.ac.uk/vol1/fastq/SRR178/094/SRR17832194/SRR17832194_2.fastq.gz	GSE195760	2.090604291	150.0
SRR17832195	GSM5849706	Illumina NovaSeq 6000 sequencing: GSM5849706: NT-6h_RNA_rep4 Mus musculus RNA-Seq	PAIRED	RNA-Seq	24077093	7223127900	1119392103;1138589465	ftp.sra.ebi.ac.uk/vol1/fastq/SRR178/095/SRR17832195/SRR17832195_1.fastq.gz;ftp.sra.ebi.ac.uk/vol1/fastq/SRR178/095/SRR17832195/SRR17832195_2.fastq.gz	GSE195760	2.257981568	150.0
SRR17832200	GSM5849701	Illumina NovaSeq 6000 sequencing: GSM5849701: cumulus cell-CC_RNA_rep2 Mus musculus RNA-Seq	PAIRED	RNA-Seq	32235898	9670769400	1555557997;1576522004	ftp.sra.ebi.ac.uk/vol1/fastq/SRR178/000/SRR17832200/SRR17832200_1.fastq.gz;ftp.sra.ebi.ac.uk/vol1/fastq/SRR178/000/SRR17832200/SRR17832200_2.fastq.gz	GSE195760	3.132080001	150.0
SRR17832138	GSM5849763	Illumina NovaSeq 6000 sequencing: GSM5849763: NF-TE_control_RNA_rep2 Mus musculus RNA-Seq	PAIRED	RNA-Seq	17613582	5284074600	957369368;953137815	ftp.sra.ebi.ac.uk/vol1/fastq/SRR178/038/SRR17832138/SRR17832138_1.fastq.gz;ftp.sra.ebi.ac.uk/vol1/fastq/SRR178/038/SRR17832138/SRR17832138_2.fastq.gz	GSE195760	1.910507183	150.0
SRR17832140	GSM5849761	Illumina NovaSeq 6000 sequencing: GSM5849761: NF-ICM_mphMcrs1_RNA_rep2 Mus musculus RNA-Seq	PAIRED	RNA-Seq	19611233	5883369900	1055773648;1056963043	ftp.sra.ebi.ac.uk/vol1/fastq/SRR178/040/SRR17832140/SRR17832140_1.fastq.gz;ftp.sra.ebi.ac.uk/vol1/fastq/SRR178/040/SRR17832140/SRR17832140_2.fastq.gz	GSE195760	2.112736691	150.0
SRR17832150	GSM5849751	Illumina NovaSeq 6000 sequencing: GSM5849751: NT-TE_RNA_rep2 Mus musculus RNA-Seq	PAIRED	RNA-Seq	25393548	7618064400	1226577674;1251063198	ftp.sra.ebi.ac.uk/vol1/fastq/SRR178/050/SRR17832150/SRR17832150_1.fastq.gz;ftp.sra.ebi.ac.uk/vol1/fastq/SRR178/050/SRR17832150/SRR17832150_2.fastq.gz	GSE195760	2.477640872	150.0
SRR17832151	GSM5849750	Illumina NovaSeq 6000 sequencing: GSM5849750: NT-TE_RNA_rep1 Mus musculus RNA-Seq	PAIRED	RNA-Seq	22594419	6778325700	1083151401;1101800123	ftp.sra.ebi.ac.uk/vol1/fastq/SRR178/051/SRR17832151/SRR17832151_1.fastq.gz;ftp.sra.ebi.ac.uk/vol1/fastq/SRR178/051/SRR17832151/SRR17832151_2.fastq.gz	GSE195760	2.184951524	150.0
SRR17832160	GSM5849741	Illumina NovaSeq 6000 sequencing: GSM5849741: NT-Morula_RNA_rep4 Mus musculus RNA-Seq	PAIRED	RNA-Seq	33594118	10078235400	1561130728;1587711249	ftp.sra.ebi.ac.uk/vol1/fastq/SRR178/060/SRR17832160/SRR17832160_1.fastq.gz;ftp.sra.ebi.ac.uk/vol1/fastq/SRR178/060/SRR17832160/SRR17832160_2.fastq.gz	GSE195760	3.148841977	150.0
SRR17832161	GSM5849740	Illumina NovaSeq 6000 sequencing: GSM5849740: NT-Morula_RNA_rep3 Mus musculus RNA-Seq	PAIRED	RNA-Seq	25838608	7751582400	1260261118;1282339197	ftp.sra.ebi.ac.uk/vol1/fastq/SRR178/061/SRR17832161/SRR17832161_1.fastq.gz;ftp.sra.ebi.ac.uk/vol1/fastq/SRR178/061/SRR17832161/SRR17832161_2.fastq.gz	GSE195760	2.542600315	150.0
SRR17832171	GSM5849730	Illumina NovaSeq 6000 sequencing: GSM5849730: NT-4cell_RNA_rep4 Mus musculus RNA-Seq	PAIRED	RNA-Seq	32507475	9752242500	1449500789;1479878926	ftp.sra.ebi.ac.uk/vol1/fastq/SRR178/071/SRR17832171/SRR17832171_1.fastq.gz;ftp.sra.ebi.ac.uk/vol1/fastq/SRR178/071/SRR17832171/SRR17832171_2.fastq.gz	GSE195760	2.929379715	150.0
SRR17832185	GSM5849716	Illumina NovaSeq 6000 sequencing: GSM5849716: NT-e2cell_RNA_rep2 Mus musculus RNA-Seq	PAIRED	RNA-Seq	36632523	10989756900	1761678711;1800098840	ftp.sra.ebi.ac.uk/vol1/fastq/SRR178/085/SRR17832185/SRR17832185_1.fastq.gz;ftp.sra.ebi.ac.uk/vol1/fastq/SRR178/085/SRR17832185/SRR17832185_2.fastq.gz	GSE195760	3.561777551	150.0
SRR17832186	GSM5849715	Illumina NovaSeq 6000 sequencing: GSM5849715: NT-e2cell_RNA_rep1 Mus musculus RNA-Seq	PAIRED	RNA-Seq	37548972	11264691600	1774419311;1818912455	ftp.sra.ebi.ac.uk/vol1/fastq/SRR178/086/SRR17832186/SRR17832186_1.fastq.gz;ftp.sra.ebi.ac.uk/vol1/fastq/SRR178/086/SRR17832186/SRR17832186_2.fastq.gz	GSE195760	3.593331766	150.0
SRR17832189	GSM5849712	Illumina NovaSeq 6000 sequencing: GSM5849712: NT-14h_RNA_rep4 Mus musculus RNA-Seq	PAIRED	RNA-Seq	26516287	7954886100	1210140387;1231130272	ftp.sra.ebi.ac.uk/vol1/fastq/SRR178/089/SRR17832189/SRR17832189_1.fastq.gz;ftp.sra.ebi.ac.uk/vol1/fastq/SRR178/089/SRR17832189/SRR17832189_2.fastq.gz	GSE195760	2.441270659	150.0
SRR17832191	GSM5849710	Illumina NovaSeq 6000 sequencing: GSM5849710: NT-14h_RNA_rep2 Mus musculus RNA-Seq	PAIRED	RNA-Seq	33825830	10147749000	1594873859;1635621108	ftp.sra.ebi.ac.uk/vol1/fastq/SRR178/091/SRR17832191/SRR17832191_1.fastq.gz;ftp.sra.ebi.ac.uk/vol1/fastq/SRR178/091/SRR17832191/SRR17832191_2.fastq.gz	GSE195760	3.230494967	150.0
SRR17832193	GSM5849708	Illumina NovaSeq 6000 sequencing: GSM5849708: NT-6h_RNA_rep6 Mus musculus RNA-Seq	PAIRED	RNA-Seq	30287949	9086384700	1369723932;1393117746	ftp.sra.ebi.ac.uk/vol1/fastq/SRR178/093/SRR17832193/SRR17832193_1.fastq.gz;ftp.sra.ebi.ac.uk/vol1/fastq/SRR178/093/SRR17832193/SRR17832193_2.fastq.gz	GSE195760	2.762841678	150.0
SRR17832197	GSM5849704	Illumina NovaSeq 6000 sequencing: GSM5849704: NT-6h_RNA_rep2 Mus musculus RNA-Seq	PAIRED	RNA-Seq	22878579	6863573700	1104525990;1123239175	ftp.sra.ebi.ac.uk/vol1/fastq/SRR178/097/SRR17832197/SRR17832197_1.fastq.gz;ftp.sra.ebi.ac.uk/vol1/fastq/SRR178/097/SRR17832197/SRR17832197_2.fastq.gz	GSE195760	2.227765165	150.0
SRR17832136	GSM5849765	Illumina NovaSeq 6000 sequencing: GSM5849765: NF-TE_mphMax_RNA_rep2 Mus musculus RNA-Seq	PAIRED	RNA-Seq	26500989	7950296700	1398438801;1408193631	ftp.sra.ebi.ac.uk/vol1/fastq/SRR178/036/SRR17832136/SRR17832136_1.fastq.gz;ftp.sra.ebi.ac.uk/vol1/fastq/SRR178/036/SRR17832136/SRR17832136_2.fastq.gz	GSE195760	2.806632432	150.0
SRR17832153	GSM5849748	Illumina NovaSeq 6000 sequencing: GSM5849748: NT-ICM_RNA_rep5 Mus musculus RNA-Seq	PAIRED	RNA-Seq	35694113	10708233900	1685491184;1717668326	ftp.sra.ebi.ac.uk/vol1/fastq/SRR178/053/SRR17832153/SRR17832153_1.fastq.gz;ftp.sra.ebi.ac.uk/vol1/fastq/SRR178/053/SRR17832153/SRR17832153_2.fastq.gz	GSE195760	3.40315951	150.0
SRR17832158	GSM5849743	Illumina NovaSeq 6000 sequencing: GSM5849743: NT-Morula_RNA_rep6 Mus musculus RNA-Seq	PAIRED	RNA-Seq	32648148	9794444400	1543020089;1570908928	ftp.sra.ebi.ac.uk/vol1/fastq/SRR178/058/SRR17832158/SRR17832158_1.fastq.gz;ftp.sra.ebi.ac.uk/vol1/fastq/SRR178/058/SRR17832158/SRR17832158_2.fastq.gz	GSE195760	3.113929017	150.0
SRR17832162	GSM5849739	Illumina NovaSeq 6000 sequencing: GSM5849739: NT-Morula_RNA_rep2 Mus musculus RNA-Seq	PAIRED	RNA-Seq	33310011	9993003300	1639019941;1669482120	ftp.sra.ebi.ac.uk/vol1/fastq/SRR178/062/SRR17832162/SRR17832162_1.fastq.gz;ftp.sra.ebi.ac.uk/vol1/fastq/SRR178/062/SRR17832162/SRR17832162_2.fastq.gz	GSE195760	3.308502061	150.0
SRR17832174	GSM5849727	Illumina NovaSeq 6000 sequencing: GSM5849727: NT-4cell_RNA_rep1 Mus musculus RNA-Seq	PAIRED	RNA-Seq	40081198	12024359400	1750864073;1814570968	ftp.sra.ebi.ac.uk/vol1/fastq/SRR178/074/SRR17832174/SRR17832174_1.fastq.gz;ftp.sra.ebi.ac.uk/vol1/fastq/SRR178/074/SRR17832174/SRR17832174_2.fastq.gz	GSE195760	3.565435041	150.0
SRR17832176	GSM5849725	Illumina NovaSeq 6000 sequencing: GSM5849725: NT-l2cell_RNA_rep5 Mus musculus RNA-Seq	PAIRED	RNA-Seq	34891763	10467528900	1650813601;1676167588	ftp.sra.ebi.ac.uk/vol1/fastq/SRR178/076/SRR17832176/SRR17832176_1.fastq.gz;ftp.sra.ebi.ac.uk/vol1/fastq/SRR178/076/SRR17832176/SRR17832176_2.fastq.gz	GSE195760	3.326981189	150.0
SRR17832182	GSM5849719	Illumina NovaSeq 6000 sequencing: GSM5849719: NT-e2cell_RNA_rep5 Mus musculus RNA-Seq	PAIRED	RNA-Seq	29900360	8970108000	1380982979;1405543870	ftp.sra.ebi.ac.uk/vol1/fastq/SRR178/082/SRR17832182/SRR17832182_1.fastq.gz;ftp.sra.ebi.ac.uk/vol1/fastq/SRR178/082/SRR17832182/SRR17832182_2.fastq.gz	GSE195760	2.786526849	150.0
SRR17832183	GSM5849718	Illumina NovaSeq 6000 sequencing: GSM5849718: NT-e2cell_RNA_rep4 Mus musculus RNA-Seq	PAIRED	RNA-Seq	30854243	9256272900	1420277944;1443790066	ftp.sra.ebi.ac.uk/vol1/fastq/SRR178/083/SRR17832183/SRR17832183_1.fastq.gz;ftp.sra.ebi.ac.uk/vol1/fastq/SRR178/083/SRR17832183/SRR17832183_2.fastq.gz	GSE195760	2.86406801	150.0
SRR17832199	GSM5849702	Illumina NovaSeq 6000 sequencing: GSM5849702: cumulus cell-CC_RNA_rep3 Mus musculus RNA-Seq	PAIRED	RNA-Seq	33155631	9946689300	1591628275;1611049836	ftp.sra.ebi.ac.uk/vol1/fastq/SRR178/099/SRR17832199/SRR17832199_1.fastq.gz;ftp.sra.ebi.ac.uk/vol1/fastq/SRR178/099/SRR17832199/SRR17832199_2.fastq.gz	GSE195760	3.202678111	150.0
SRR17832134	GSM5849767	Illumina NovaSeq 6000 sequencing: GSM5849767: NF-TE_mphMcrs1_RNA_rep2 Mus musculus RNA-Seq	PAIRED	RNA-Seq	17286520	5185956000	932833485;932436980	ftp.sra.ebi.ac.uk/vol1/fastq/SRR178/034/SRR17832134/SRR17832134_1.fastq.gz;ftp.sra.ebi.ac.uk/vol1/fastq/SRR178/034/SRR17832134/SRR17832134_2.fastq.gz	GSE195760	1.865270465	150.0
SRR17832135	GSM5849766	Illumina NovaSeq 6000 sequencing: GSM5849766: NF-TE_mphMcrs1_RNA_rep1 Mus musculus RNA-Seq	PAIRED	RNA-Seq	18051257	5415377100	972285182;974455127	ftp.sra.ebi.ac.uk/vol1/fastq/SRR178/035/SRR17832135/SRR17832135_1.fastq.gz;ftp.sra.ebi.ac.uk/vol1/fastq/SRR178/035/SRR17832135/SRR17832135_2.fastq.gz	GSE195760	1.946740309	150.0
SRR17832143	GSM5849758	Illumina NovaSeq 6000 sequencing: GSM5849758: NF-ICM_mphMax_RNA_rep1 Mus musculus RNA-Seq	PAIRED	RNA-Seq	17895385	5368615500	960322339;962824315	ftp.sra.ebi.ac.uk/vol1/fastq/SRR178/043/SRR17832143/SRR17832143_1.fastq.gz;ftp.sra.ebi.ac.uk/vol1/fastq/SRR178/043/SRR17832143/SRR17832143_2.fastq.gz	GSE195760	1.923146654	150.0
SRR17832145	GSM5849756	Illumina NovaSeq 6000 sequencing: GSM5849756: NF-ICM_control_RNA_rep1 Mus musculus RNA-Seq	PAIRED	RNA-Seq	15755910	4726773000	857219395;859297019	ftp.sra.ebi.ac.uk/vol1/fastq/SRR178/045/SRR17832145/SRR17832145_1.fastq.gz;ftp.sra.ebi.ac.uk/vol1/fastq/SRR178/045/SRR17832145/SRR17832145_2.fastq.gz	GSE195760	1.716516414	150.0
SRR17832146	GSM5849755	Illumina NovaSeq 6000 sequencing: GSM5849755: NT-TE_RNA_rep6 Mus musculus RNA-Seq	PAIRED	RNA-Seq	32493367	9748010100	1567613850;1597338220	ftp.sra.ebi.ac.uk/vol1/fastq/SRR178/046/SRR17832146/SRR17832146_1.fastq.gz;ftp.sra.ebi.ac.uk/vol1/fastq/SRR178/046/SRR17832146/SRR17832146_2.fastq.gz	GSE195760	3.16495207	150.0
SRR17832148	GSM5849753	Illumina NovaSeq 6000 sequencing: GSM5849753: NT-TE_RNA_rep4 Mus musculus RNA-Seq	PAIRED	RNA-Seq	34185343	10255602900	1662033820;1691436866	ftp.sra.ebi.ac.uk/vol1/fastq/SRR178/048/SRR17832148/SRR17832148_1.fastq.gz;ftp.sra.ebi.ac.uk/vol1/fastq/SRR178/048/SRR17832148/SRR17832148_2.fastq.gz	GSE195760	3.353470686	150.0
SRR17832155	GSM5849746	Illumina NovaSeq 6000 sequencing: GSM5849746: NT-ICM_RNA_rep3 Mus musculus RNA-Seq	PAIRED	RNA-Seq	26155113	7846533900	1262833631;1286750331	ftp.sra.ebi.ac.uk/vol1/fastq/SRR178/055/SRR17832155/SRR17832155_1.fastq.gz;ftp.sra.ebi.ac.uk/vol1/fastq/SRR178/055/SRR17832155/SRR17832155_2.fastq.gz	GSE195760	2.549583962	150.0
SRR17832156	GSM5849745	Illumina NovaSeq 6000 sequencing: GSM5849745: NT-ICM_RNA_rep2 Mus musculus RNA-Seq	PAIRED	RNA-Seq	28545179	8563553700	1350094727;1375621302	ftp.sra.ebi.ac.uk/vol1/fastq/SRR178/056/SRR17832156/SRR17832156_1.fastq.gz;ftp.sra.ebi.ac.uk/vol1/fastq/SRR178/056/SRR17832156/SRR17832156_2.fastq.gz	GSE195760	2.725716029	150.0
SRR17832159	GSM5849742	Illumina NovaSeq 6000 sequencing: GSM5849742: NT-Morula_RNA_rep5 Mus musculus RNA-Seq	PAIRED	RNA-Seq	30374091	9112227300	1424711365;1450752426	ftp.sra.ebi.ac.uk/vol1/fastq/SRR178/059/SRR17832159/SRR17832159_1.fastq.gz;ftp.sra.ebi.ac.uk/vol1/fastq/SRR178/059/SRR17832159/SRR17832159_2.fastq.gz	GSE195760	2.875463791	150.0
SRR17832163	GSM5849738	Illumina NovaSeq 6000 sequencing: GSM5849738: NT-Morula_RNA_rep1 Mus musculus RNA-Seq	PAIRED	RNA-Seq	29841630	8952489000	1440357630;1467853498	ftp.sra.ebi.ac.uk/vol1/fastq/SRR178/063/SRR17832163/SRR17832163_1.fastq.gz;ftp.sra.ebi.ac.uk/vol1/fastq/SRR178/063/SRR17832163/SRR17832163_2.fastq.gz	GSE195760	2.908211128	150.0
SRR17832173	GSM5849728	Illumina NovaSeq 6000 sequencing: GSM5849728: NT-4cell_RNA_rep2 Mus musculus RNA-Seq	PAIRED	RNA-Seq	43465602	13039680600	1955994246;2022528761	ftp.sra.ebi.ac.uk/vol1/fastq/SRR178/073/SRR17832173/SRR17832173_1.fastq.gz;ftp.sra.ebi.ac.uk/vol1/fastq/SRR178/073/SRR17832173/SRR17832173_2.fastq.gz	GSE195760	3.978523007	150.0
SRR17832184	GSM5849717	Illumina NovaSeq 6000 sequencing: GSM5849717: NT-e2cell_RNA_rep3 Mus musculus RNA-Seq	PAIRED	RNA-Seq	40510876	12153262800	1913989450;1967500000	ftp.sra.ebi.ac.uk/vol1/fastq/SRR178/084/SRR17832184/SRR17832184_1.fastq.gz;ftp.sra.ebi.ac.uk/vol1/fastq/SRR178/084/SRR17832184/SRR17832184_2.fastq.gz	GSE195760	3.88148945	150.0
SRR17832196	GSM5849705	Illumina NovaSeq 6000 sequencing: GSM5849705: NT-6h_RNA_rep3 Mus musculus RNA-Seq	PAIRED	RNA-Seq	16697117	5009135100	806652935;818284874	ftp.sra.ebi.ac.uk/vol1/fastq/SRR178/096/SRR17832196/SRR17832196_1.fastq.gz;ftp.sra.ebi.ac.uk/vol1/fastq/SRR178/096/SRR17832196/SRR17832196_2.fastq.gz	GSE195760	1.624937809	150.0
SRR24991728	GSM7505046	HiSeq X Ten sequencing: GSM7505046: ICSI late 2-cell rep1 Mus musculus RNA-Seq	PAIRED	RNA-Seq	22338440	6746208880	1107154505;1129709397	ftp.sra.ebi.ac.uk/vol1/fastq/SRR249/028/SRR24991728/SRR24991728_1.fastq.gz;ftp.sra.ebi.ac.uk/vol1/fastq/SRR249/028/SRR24991728/SRR24991728_2.fastq.gz	GSE235547	2.236863902	151.0
SRR24991731	GSM7505043	HiSeq X Ten sequencing: GSM7505043: Late 2-cell siCtrl rep2 Mus musculus RNA-Seq	PAIRED	RNA-Seq	13269559	1406573254	342723503;342303160	ftp.sra.ebi.ac.uk/vol1/fastq/SRR249/031/SRR24991731/SRR24991731_1.fastq.gz;ftp.sra.ebi.ac.uk/vol1/fastq/SRR249/031/SRR24991731/SRR24991731_2.fastq.gz	GSE235547	0.685026663	53.0
SRR24991745	GSM7505005	Illumina NovaSeq 6000 sequencing: GSM7505005: DMSO Zygote EU+ RNA rep2 Mus musculus OTHER	PAIRED	OTHER	52041935	5516445110	1385536419;1389173643	ftp.sra.ebi.ac.uk/vol1/fastq/SRR249/045/SRR24991745/SRR24991745_1.fastq.gz;ftp.sra.ebi.ac.uk/vol1/fastq/SRR249/045/SRR24991745/SRR24991745_2.fastq.gz	GSE235547	2.774710062	53.0
SRR24991748	GSM7505002	Illumina NovaSeq 6000 sequencing: GSM7505002: Blastocyst unlabeled RNA rep1 Mus musculus OTHER	PAIRED	OTHER	15543705	1647632730	401184320;408413167	ftp.sra.ebi.ac.uk/vol1/fastq/SRR249/048/SRR24991748/SRR24991748_1.fastq.gz;ftp.sra.ebi.ac.uk/vol1/fastq/SRR249/048/SRR24991748/SRR24991748_2.fastq.gz	GSE235547	0.809597487	53.0
SRR24991762	GSM7504988	Illumina NovaSeq 6000 sequencing: GSM7504988: Early 2-cell unlabeled RNA rep1 Mus musculus OTHER	PAIRED	OTHER	15783424	1673042944	410905152;414835416	ftp.sra.ebi.ac.uk/vol1/fastq/SRR249/062/SRR24991762/SRR24991762_1.fastq.gz;ftp.sra.ebi.ac.uk/vol1/fastq/SRR249/062/SRR24991762/SRR24991762_2.fastq.gz	GSE235547	0.825740568	53.0
SRR24991765	GSM7505033	HiSeq X Ten sequencing: GSM7505033: ESC Obox1 RNA-seq rep1 Mus musculus RNA-Seq	PAIRED	RNA-Seq	15042337	4542785774	543299929;577115558	ftp.sra.ebi.ac.uk/vol1/fastq/SRR249/065/SRR24991765/SRR24991765_1.fastq.gz;ftp.sra.ebi.ac.uk/vol1/fastq/SRR249/065/SRR24991765/SRR24991765_2.fastq.gz	GSE235547	1.120415487	151.0
SRR24991768	GSM7505030	HiSeq X Ten sequencing: GSM7505030: ESC Obox5 RNA-seq rep2 Mus musculus RNA-Seq	PAIRED	RNA-Seq	25422304	7677535808	839528792;898096727	ftp.sra.ebi.ac.uk/vol1/fastq/SRR249/068/SRR24991768/SRR24991768_1.fastq.gz;ftp.sra.ebi.ac.uk/vol1/fastq/SRR249/068/SRR24991768/SRR24991768_2.fastq.gz	GSE235547	1.737625519	151.0
SRR24991779	GSM7505019	HiSeq X Ten sequencing: GSM7505019: ESC EU+ RNA rep3 Mus musculus OTHER	PAIRED	OTHER	53506465	16158952430	3068194521;3064748243	ftp.sra.ebi.ac.uk/vol1/fastq/SRR249/079/SRR24991779/SRR24991779_1.fastq.gz;ftp.sra.ebi.ac.uk/vol1/fastq/SRR249/079/SRR24991779/SRR24991779_2.fastq.gz	GSE235547	6.132942764	151.0
SRR24991781	GSM7505017	HiSeq X Ten sequencing: GSM7505017: ESC EU+ RNA rep1 Mus musculus OTHER	PAIRED	OTHER	70365760	21250459520	3998504864;3996049877	ftp.sra.ebi.ac.uk/vol1/fastq/SRR249/081/SRR24991781/SRR24991781_1.fastq.gz;ftp.sra.ebi.ac.uk/vol1/fastq/SRR249/081/SRR24991781/SRR24991781_2.fastq.gz	GSE235547	7.994554741	151.0
SRR24991788	GSM7504986	Illumina NovaSeq 6000 sequencing: GSM7504986: Zygote unlabeled RNA rep2 Mus musculus OTHER	PAIRED	OTHER	30343003	3216358318	794768896;798927443	ftp.sra.ebi.ac.uk/vol1/fastq/SRR249/088/SRR24991788/SRR24991788_1.fastq.gz;ftp.sra.ebi.ac.uk/vol1/fastq/SRR249/088/SRR24991788/SRR24991788_2.fastq.gz	GSE235547	1.593696339	53.0
SRR24991791	GSM7504983	Illumina NovaSeq 6000 sequencing: GSM7504983: Blastocyst EU+ RNA rep1 Mus musculus OTHER	PAIRED	OTHER	34714627	3679750462	923346806;925294234	ftp.sra.ebi.ac.uk/vol1/fastq/SRR249/091/SRR24991791/SRR24991791_1.fastq.gz;ftp.sra.ebi.ac.uk/vol1/fastq/SRR249/091/SRR24991791/SRR24991791_2.fastq.gz	GSE235547	1.84864104	53.0
SRR24991797	GSM7504977	Illumina NovaSeq 6000 sequencing: GSM7504977: 4-cell EU+ RNA rep1 Mus musculus OTHER	PAIRED	OTHER	37101541	3932763346	984363695;987665769	ftp.sra.ebi.ac.uk/vol1/fastq/SRR249/097/SRR24991797/SRR24991797_1.fastq.gz;ftp.sra.ebi.ac.uk/vol1/fastq/SRR249/097/SRR24991797/SRR24991797_2.fastq.gz	GSE235547	1.972029464	53.0
SRR24991802	GSM7504972	Illumina NovaSeq 6000 sequencing: GSM7504972: Late 2-cell EU+ RNA rep1 Mus musculus OTHER	PAIRED	OTHER	33824228	3585368168	822829718;845599836	ftp.sra.ebi.ac.uk/vol1/fastq/SRR249/002/SRR24991802/SRR24991802_1.fastq.gz;ftp.sra.ebi.ac.uk/vol1/fastq/SRR249/002/SRR24991802/SRR24991802_2.fastq.gz	GSE235547	1.668429554	53.0
SRR24991803	GSM7504971	Illumina NovaSeq 6000 sequencing: GSM7504971: Early 2-cell EU+ RNA rep3 Mus musculus OTHER	PAIRED	OTHER	41537789	4403005634	1090497735;1097999855	ftp.sra.ebi.ac.uk/vol1/fastq/SRR249/003/SRR24991803/SRR24991803_1.fastq.gz;ftp.sra.ebi.ac.uk/vol1/fastq/SRR249/003/SRR24991803/SRR24991803_2.fastq.gz	GSE235547	2.18849759	53.0
SRR24991805	GSM7504969	Illumina NovaSeq 6000 sequencing: GSM7504969: Early 2-cell EU+ RNA rep1 Mus musculus OTHER	PAIRED	OTHER	27469639	2911781734	728583471;733342255	ftp.sra.ebi.ac.uk/vol1/fastq/SRR249/005/SRR24991805/SRR24991805_1.fastq.gz;ftp.sra.ebi.ac.uk/vol1/fastq/SRR249/005/SRR24991805/SRR24991805_2.fastq.gz	GSE235547	1.461925726	53.0
SRR24991724	GSM7505050	HiSeq X Ten sequencing: GSM7505050: SCNT Obox3 late 2-cell rep1 Mus musculus RNA-Seq	PAIRED	RNA-Seq	30344547	9164053194	1498446732;1522295476	ftp.sra.ebi.ac.uk/vol1/fastq/SRR249/024/SRR24991724/SRR24991724_1.fastq.gz;ftp.sra.ebi.ac.uk/vol1/fastq/SRR249/024/SRR24991724/SRR24991724_2.fastq.gz	GSE235547	3.020742208	151.0
SRR24991726	GSM7505048	HiSeq X Ten sequencing: GSM7505048: SCNT EGFP late 2-cell rep1 Mus musculus RNA-Seq	PAIRED	RNA-Seq	20299812	6130543224	994771595;1014228606	ftp.sra.ebi.ac.uk/vol1/fastq/SRR249/026/SRR24991726/SRR24991726_1.fastq.gz;ftp.sra.ebi.ac.uk/vol1/fastq/SRR249/026/SRR24991726/SRR24991726_2.fastq.gz	GSE235547	2.009000201	151.0
SRR24991737	GSM7505037	HiSeq X Ten sequencing: GSM7505037: ESC Obox7 RNA-seq rep1 Mus musculus RNA-Seq	PAIRED	RNA-Seq	15042545	4542848590	518522785;552061895	ftp.sra.ebi.ac.uk/vol1/fastq/SRR249/037/SRR24991737/SRR24991737_1.fastq.gz;ftp.sra.ebi.ac.uk/vol1/fastq/SRR249/037/SRR24991737/SRR24991737_2.fastq.gz	GSE235547	1.07058468	151.0
SRR24991738	GSM7505036	HiSeq X Ten sequencing: GSM7505036: ESC Obox4ps35 RNA-seq rep1 Mus musculus RNA-Seq	PAIRED	RNA-Seq	20073079	6062069858	683597904;731157339	ftp.sra.ebi.ac.uk/vol1/fastq/SRR249/038/SRR24991738/SRR24991738_1.fastq.gz;ftp.sra.ebi.ac.uk/vol1/fastq/SRR249/038/SRR24991738/SRR24991738_2.fastq.gz	GSE235547	1.414755243	151.0
SRR24991741	GSM7505009	Illumina NovaSeq 6000 sequencing: GSM7505009: TSA Zygote EU+ RNA rep2 Mus musculus OTHER	PAIRED	OTHER	27938083	2961436798	745795322;749449771	ftp.sra.ebi.ac.uk/vol1/fastq/SRR249/041/SRR24991741/SRR24991741_1.fastq.gz;ftp.sra.ebi.ac.uk/vol1/fastq/SRR249/041/SRR24991741/SRR24991741_2.fastq.gz	GSE235547	1.495245093	53.0
SRR24991753	GSM7504997	Illumina NovaSeq 6000 sequencing: GSM7504997: 4-cell unlabeled RNA rep2 Mus musculus OTHER	PAIRED	OTHER	25571818	2710612708	665392090;677392235	ftp.sra.ebi.ac.uk/vol1/fastq/SRR249/053/SRR24991753/SRR24991753_1.fastq.gz;ftp.sra.ebi.ac.uk/vol1/fastq/SRR249/053/SRR24991753/SRR24991753_2.fastq.gz	GSE235547	1.342784325	53.0
SRR24991755	GSM7504995	Illumina NovaSeq 6000 sequencing: GSM7504995: Aphidicolin late 2-cell unlabeled RNA rep2 Mus musculus OTHER	PAIRED	OTHER	41483857	4397288842	1060430230;1065634833	ftp.sra.ebi.ac.uk/vol1/fastq/SRR249/055/SRR24991755/SRR24991755_1.fastq.gz;ftp.sra.ebi.ac.uk/vol1/fastq/SRR249/055/SRR24991755/SRR24991755_2.fastq.gz	GSE235547	2.126065063	53.0
SRR24991756	GSM7504994	Illumina NovaSeq 6000 sequencing: GSM7504994: Aphidicolin late 2-cell unlabeled RNA rep1 Mus musculus OTHER	PAIRED	OTHER	52232300	5536623800	1339132095;1347384443	ftp.sra.ebi.ac.uk/vol1/fastq/SRR249/056/SRR24991756/SRR24991756_1.fastq.gz;ftp.sra.ebi.ac.uk/vol1/fastq/SRR249/056/SRR24991756/SRR24991756_2.fastq.gz	GSE235547	2.686516538	53.0
SRR24991760	GSM7504990	Illumina NovaSeq 6000 sequencing: GSM7504990: Early 2-cell unlabeled RNA rep3 Mus musculus OTHER	PAIRED	OTHER	22432819	2377878814	584733242;589796987	ftp.sra.ebi.ac.uk/vol1/fastq/SRR249/060/SRR24991760/SRR24991760_1.fastq.gz;ftp.sra.ebi.ac.uk/vol1/fastq/SRR249/060/SRR24991760/SRR24991760_2.fastq.gz	GSE235547	1.174530229	53.0
SRR24991761	GSM7504989	Illumina NovaSeq 6000 sequencing: GSM7504989: Early 2-cell unlabeled RNA rep2 Mus musculus OTHER	PAIRED	OTHER	25467375	2699541750	666821166;672465145	ftp.sra.ebi.ac.uk/vol1/fastq/SRR249/061/SRR24991761/SRR24991761_1.fastq.gz;ftp.sra.ebi.ac.uk/vol1/fastq/SRR249/061/SRR24991761/SRR24991761_2.fastq.gz	GSE235547	1.339286311	53.0
SRR24991771	GSM7505027	HiSeq X Ten sequencing: GSM7505027: ESC Obox3 RNA-seq rep1 Mus musculus RNA-Seq	PAIRED	RNA-Seq	19442064	5871503328	702347835;739991068	ftp.sra.ebi.ac.uk/vol1/fastq/SRR249/071/SRR24991771/SRR24991771_1.fastq.gz;ftp.sra.ebi.ac.uk/vol1/fastq/SRR249/071/SRR24991771/SRR24991771_2.fastq.gz	GSE235547	1.442338903	151.0
SRR24991774	GSM7505024	HiSeq X Ten sequencing: GSM7505024: ESC control RNA-seq rep2 Mus musculus RNA-Seq	PAIRED	RNA-Seq	23444489	7080235678	851501698;895679000	ftp.sra.ebi.ac.uk/vol1/fastq/SRR249/074/SRR24991774/SRR24991774_1.fastq.gz;ftp.sra.ebi.ac.uk/vol1/fastq/SRR249/074/SRR24991774/SRR24991774_2.fastq.gz	GSE235547	1.747180698	151.0
SRR24991775	GSM7505023	HiSeq X Ten sequencing: GSM7505023: ESC control RNA-seq rep1 Mus musculus RNA-Seq	PAIRED	RNA-Seq	18160663	5484520226	672793516;711867748	ftp.sra.ebi.ac.uk/vol1/fastq/SRR249/075/SRR24991775/SRR24991775_1.fastq.gz;ftp.sra.ebi.ac.uk/vol1/fastq/SRR249/075/SRR24991775/SRR24991775_2.fastq.gz	GSE235547	1.384661264	151.0
SRR24991776	GSM7505022	HiSeq X Ten sequencing: GSM7505022: ESC unlabeled RNA rep3 Mus musculus OTHER	PAIRED	OTHER	51026467	15409993034	2759577533;2785986647	ftp.sra.ebi.ac.uk/vol1/fastq/SRR249/076/SRR24991776/SRR24991776_1.fastq.gz;ftp.sra.ebi.ac.uk/vol1/fastq/SRR249/076/SRR24991776/SRR24991776_2.fastq.gz	GSE235547	5.54556418	151.0
SRR24991777	GSM7505021	HiSeq X Ten sequencing: GSM7505021: ESC unlabeled RNA rep2 Mus musculus OTHER	PAIRED	OTHER	46438233	14024346366	2565270183;2578772188	ftp.sra.ebi.ac.uk/vol1/fastq/SRR249/077/SRR24991777/SRR24991777_1.fastq.gz;ftp.sra.ebi.ac.uk/vol1/fastq/SRR249/077/SRR24991777/SRR24991777_2.fastq.gz	GSE235547	5.144042371	151.0
SRR24991778	GSM7505020	HiSeq X Ten sequencing: GSM7505020: ESC unlabeled RNA rep1 Mus musculus OTHER	PAIRED	OTHER	47118423	14229763746	2594245496;2609918485	ftp.sra.ebi.ac.uk/vol1/fastq/SRR249/078/SRR24991778/SRR24991778_1.fastq.gz;ftp.sra.ebi.ac.uk/vol1/fastq/SRR249/078/SRR24991778/SRR24991778_2.fastq.gz	GSE235547	5.204163981	151.0
SRR24991786	GSM7505012	HiSeq X Ten sequencing: GSM7505012: ESC 3xFLAG-Obox3 CUT&RUN rep2 Mus musculus OTHER	PAIRED	OTHER	41307443	4378588958	1082702969;1084021307	ftp.sra.ebi.ac.uk/vol1/fastq/SRR249/086/SRR24991786/SRR24991786_1.fastq.gz;ftp.sra.ebi.ac.uk/vol1/fastq/SRR249/086/SRR24991786/SRR24991786_2.fastq.gz	GSE235547	2.166724276	53.0
SRR24991792	GSM7504982	Illumina NovaSeq 6000 sequencing: GSM7504982: Morulal EU+ RNA rep2 Mus musculus OTHER	PAIRED	OTHER	24830083	2631988798	667778685;668834645	ftp.sra.ebi.ac.uk/vol1/fastq/SRR249/092/SRR24991792/SRR24991792_1.fastq.gz;ftp.sra.ebi.ac.uk/vol1/fastq/SRR249/092/SRR24991792/SRR24991792_2.fastq.gz	GSE235547	1.33661333	53.0
SRR24991806	GSM7504968	Illumina NovaSeq 6000 sequencing: GSM7504968: Zygote EU+ RNA rep3 Mus musculus OTHER	PAIRED	OTHER	33072429	3505677474	878688160;871103016	ftp.sra.ebi.ac.uk/vol1/fastq/SRR249/006/SRR24991806/SRR24991806_1.fastq.gz;ftp.sra.ebi.ac.uk/vol1/fastq/SRR249/006/SRR24991806/SRR24991806_2.fastq.gz	GSE235547	1.749791176	53.0
SRR24991808	GSM7504966	Illumina NovaSeq 6000 sequencing: GSM7504966: Zygote EU+ RNA rep1 Mus musculus OTHER	PAIRED	OTHER	27026856	2864846736	721407627;716245411	ftp.sra.ebi.ac.uk/vol1/fastq/SRR249/008/SRR24991808/SRR24991808_1.fastq.gz;ftp.sra.ebi.ac.uk/vol1/fastq/SRR249/008/SRR24991808/SRR24991808_2.fastq.gz	GSE235547	1.437653038	53.0
SRR24991727	GSM7505047	HiSeq X Ten sequencing: GSM7505047: ICSI late 2-cell rep2 Mus musculus RNA-Seq	PAIRED	RNA-Seq	15826071	4779473442	820554057;831021503	ftp.sra.ebi.ac.uk/vol1/fastq/SRR249/027/SRR24991727/SRR24991727_1.fastq.gz;ftp.sra.ebi.ac.uk/vol1/fastq/SRR249/027/SRR24991727/SRR24991727_2.fastq.gz	GSE235547	1.65157556	151.0
SRR24991730	GSM7505044	HiSeq X Ten sequencing: GSM7505044: Late 2-cell siObox3_2 rep1 Mus musculus RNA-Seq	PAIRED	RNA-Seq	38514943	4082583958	979334392;964714251	ftp.sra.ebi.ac.uk/vol1/fastq/SRR249/030/SRR24991730/SRR24991730_1.fastq.gz;ftp.sra.ebi.ac.uk/vol1/fastq/SRR249/030/SRR24991730/SRR24991730_2.fastq.gz	GSE235547	1.944048643	53.0
SRR24991732	GSM7505042	HiSeq X Ten sequencing: GSM7505042: Late 2-cell siCtrl rep1 Mus musculus RNA-Seq	PAIRED	RNA-Seq	33613420	3563022520	858342422;844735275	ftp.sra.ebi.ac.uk/vol1/fastq/SRR249/032/SRR24991732/SRR24991732_1.fastq.gz;ftp.sra.ebi.ac.uk/vol1/fastq/SRR249/032/SRR24991732/SRR24991732_2.fastq.gz	GSE235547	1.703077697	53.0
SRR24991743	GSM7505007	Illumina NovaSeq 6000 sequencing: GSM7505007: A-485 Zygote EU+ RNA rep2 Mus musculus OTHER	PAIRED	OTHER	31952078	3386920268	852557390;854905599	ftp.sra.ebi.ac.uk/vol1/fastq/SRR249/043/SRR24991743/SRR24991743_1.fastq.gz;ftp.sra.ebi.ac.uk/vol1/fastq/SRR249/043/SRR24991743/SRR24991743_2.fastq.gz	GSE235547	1.707462989	53.0
SRR24991747	GSM7505003	Illumina NovaSeq 6000 sequencing: GSM7505003: Blastocyst unlabeled RNA rep2 Mus musculus OTHER	PAIRED	OTHER	27311949	2895066594	711034514;720989506	ftp.sra.ebi.ac.uk/vol1/fastq/SRR249/047/SRR24991747/SRR24991747_1.fastq.gz;ftp.sra.ebi.ac.uk/vol1/fastq/SRR249/047/SRR24991747/SRR24991747_2.fastq.gz	GSE235547	1.43202402	53.0
SRR24991750	GSM7505000	Illumina NovaSeq 6000 sequencing: GSM7505000: Morula unlabeled RNA rep1 Mus musculus OTHER	PAIRED	OTHER	32045184	3396789504	808283598;827435959	ftp.sra.ebi.ac.uk/vol1/fastq/SRR249/050/SRR24991750/SRR24991750_1.fastq.gz;ftp.sra.ebi.ac.uk/vol1/fastq/SRR249/050/SRR24991750/SRR24991750_2.fastq.gz	GSE235547	1.635719557	53.0
SRR24991759	GSM7504991	Illumina NovaSeq 6000 sequencing: GSM7504991: Late 2-cell unlabeled RNA rep1 Mus musculus OTHER	PAIRED	OTHER	17389487	1843285622	442360629;451861263	ftp.sra.ebi.ac.uk/vol1/fastq/SRR249/059/SRR24991759/SRR24991759_1.fastq.gz;ftp.sra.ebi.ac.uk/vol1/fastq/SRR249/059/SRR24991759/SRR24991759_2.fastq.gz	GSE235547	0.894221892	53.0
SRR24991773	GSM7505025	HiSeq X Ten sequencing: GSM7505025: ESC Dux RNA-seq rep1 Mus musculus RNA-Seq	PAIRED	RNA-Seq	24752965	7475395430	841739773;876454401	ftp.sra.ebi.ac.uk/vol1/fastq/SRR249/073/SRR24991773/SRR24991773_1.fastq.gz;ftp.sra.ebi.ac.uk/vol1/fastq/SRR249/073/SRR24991773/SRR24991773_2.fastq.gz	GSE235547	1.718194174	151.0
SRR24991782	GSM7505016	HiSeq X Ten sequencing: GSM7505016: Non-treated ESC non-specific RNA rep2 Mus musculus OTHER	PAIRED	OTHER	41046751	12396118802	2280011517;2283128234	ftp.sra.ebi.ac.uk/vol1/fastq/SRR249/082/SRR24991782/SRR24991782_1.fastq.gz;ftp.sra.ebi.ac.uk/vol1/fastq/SRR249/082/SRR24991782/SRR24991782_2.fastq.gz	GSE235547	4.563139751	151.0
SRR24991784	GSM7505014	HiSeq X Ten sequencing: GSM7505014: Non-treated ESC unlabeled RNA rep2 Mus musculus OTHER	PAIRED	OTHER	43429322	13115655244	2386466077;2404107298	ftp.sra.ebi.ac.uk/vol1/fastq/SRR249/084/SRR24991784/SRR24991784_1.fastq.gz;ftp.sra.ebi.ac.uk/vol1/fastq/SRR249/084/SRR24991784/SRR24991784_2.fastq.gz	GSE235547	4.790573375	151.0
SRR24991787	GSM7504987	Illumina NovaSeq 6000 sequencing: GSM7504987: Zygote unlabeled RNA rep3 Mus musculus OTHER	PAIRED	OTHER	20491916	2172143096	539095500;542684187	ftp.sra.ebi.ac.uk/vol1/fastq/SRR249/087/SRR24991787/SRR24991787_1.fastq.gz;ftp.sra.ebi.ac.uk/vol1/fastq/SRR249/087/SRR24991787/SRR24991787_2.fastq.gz	GSE235547	1.081779687	53.0
SRR24991789	GSM7504985	Illumina NovaSeq 6000 sequencing: GSM7504985: Zygote unlabeled RNA rep1 Mus musculus OTHER	PAIRED	OTHER	24496319	2596609814	644821635;643027475	ftp.sra.ebi.ac.uk/vol1/fastq/SRR249/089/SRR24991789/SRR24991789_1.fastq.gz;ftp.sra.ebi.ac.uk/vol1/fastq/SRR249/089/SRR24991789/SRR24991789_2.fastq.gz	GSE235547	1.28784911	53.0
SRR24991793	GSM7504981	Illumina NovaSeq 6000 sequencing: GSM7504981: Morula EU+ RNA rep1 Mus musculus OTHER	PAIRED	OTHER	34892869	3698644114	927604621;931784576	ftp.sra.ebi.ac.uk/vol1/fastq/SRR249/093/SRR24991793/SRR24991793_1.fastq.gz;ftp.sra.ebi.ac.uk/vol1/fastq/SRR249/093/SRR24991793/SRR24991793_2.fastq.gz	GSE235547	1.859389197	53.0
SRR24991794	GSM7504980	Illumina NovaSeq 6000 sequencing: GSM7504980: 8-cell EU+ RNA rep2 Mus musculus OTHER	PAIRED	OTHER	32103303	3402950118	846933613;853286572	ftp.sra.ebi.ac.uk/vol1/fastq/SRR249/094/SRR24991794/SRR24991794_1.fastq.gz;ftp.sra.ebi.ac.uk/vol1/fastq/SRR249/094/SRR24991794/SRR24991794_2.fastq.gz	GSE235547	1.700220185	53.0
SRR24991795	GSM7504979	Illumina NovaSeq 6000 sequencing: GSM7504979: 8-cell EU+ RNA rep1 Mus musculus OTHER	PAIRED	OTHER	27294034	2893167604	722208845;728126897	ftp.sra.ebi.ac.uk/vol1/fastq/SRR249/095/SRR24991795/SRR24991795_1.fastq.gz;ftp.sra.ebi.ac.uk/vol1/fastq/SRR249/095/SRR24991795/SRR24991795_2.fastq.gz	GSE235547	1.450335742	53.0
SRR24991801	GSM7504973	Illumina NovaSeq 6000 sequencing: GSM7504973: Late 2-cell EU+ RNA rep2 Mus musculus OTHER	PAIRED	OTHER	23095385	2448110810	621319658;621768619	ftp.sra.ebi.ac.uk/vol1/fastq/SRR249/001/SRR24991801/SRR24991801_1.fastq.gz;ftp.sra.ebi.ac.uk/vol1/fastq/SRR249/001/SRR24991801/SRR24991801_2.fastq.gz	GSE235547	1.243088277	53.0
SRR24991807	GSM7504967	Illumina NovaSeq 6000 sequencing: GSM7504967: Zygote EU+ RNA rep2 Mus musculus OTHER	PAIRED	OTHER	27579460	2923422760	732307576;727993075	ftp.sra.ebi.ac.uk/vol1/fastq/SRR249/007/SRR24991807/SRR24991807_1.fastq.gz;ftp.sra.ebi.ac.uk/vol1/fastq/SRR249/007/SRR24991807/SRR24991807_2.fastq.gz	GSE235547	1.460300651	53.0
SRR24991734	GSM7505040	HiSeq X Ten sequencing: GSM7505040: ESC Crxos2 RNA-seq rep1 Mus musculus RNA-Seq	PAIRED	RNA-Seq	18559669	5605020038	654673659;693540268	ftp.sra.ebi.ac.uk/vol1/fastq/SRR249/034/SRR24991734/SRR24991734_1.fastq.gz;ftp.sra.ebi.ac.uk/vol1/fastq/SRR249/034/SRR24991734/SRR24991734_2.fastq.gz	GSE235547	1.348213927	151.0
SRR24991742	GSM7505008	Illumina NovaSeq 6000 sequencing: GSM7505008: TSA Zygote EU+ RNA rep1 Mus musculus OTHER	PAIRED	OTHER	31124788	3299227528	829196990;832254790	ftp.sra.ebi.ac.uk/vol1/fastq/SRR249/042/SRR24991742/SRR24991742_1.fastq.gz;ftp.sra.ebi.ac.uk/vol1/fastq/SRR249/042/SRR24991742/SRR24991742_2.fastq.gz	GSE235547	1.66145178	53.0
SRR24991746	GSM7505004	Illumina NovaSeq 6000 sequencing: GSM7505004: DMSO Zygote EU+ RNA rep1 Mus musculus OTHER	PAIRED	OTHER	33990555	3602998830	906582146;909277160	ftp.sra.ebi.ac.uk/vol1/fastq/SRR249/046/SRR24991746/SRR24991746_1.fastq.gz;ftp.sra.ebi.ac.uk/vol1/fastq/SRR249/046/SRR24991746/SRR24991746_2.fastq.gz	GSE235547	1.815859306	53.0
SRR24991749	GSM7505001	Illumina NovaSeq 6000 sequencing: GSM7505001: Morulal unlabeled RNA rep2 Mus musculus OTHER	PAIRED	OTHER	26421835	2800714510	679835935;693063293	ftp.sra.ebi.ac.uk/vol1/fastq/SRR249/049/SRR24991749/SRR24991749_1.fastq.gz;ftp.sra.ebi.ac.uk/vol1/fastq/SRR249/049/SRR24991749/SRR24991749_2.fastq.gz	GSE235547	1.372899228	53.0
SRR24991751	GSM7504999	Illumina NovaSeq 6000 sequencing: GSM7504999: 8-cell unlabeled RNA rep2 Mus musculus OTHER	PAIRED	OTHER	24553240	2602643440	642303052;652719975	ftp.sra.ebi.ac.uk/vol1/fastq/SRR249/051/SRR24991751/SRR24991751_1.fastq.gz;ftp.sra.ebi.ac.uk/vol1/fastq/SRR249/051/SRR24991751/SRR24991751_2.fastq.gz	GSE235547	1.295023027	53.0
SRR24991752	GSM7504998	Illumina NovaSeq 6000 sequencing: GSM7504998: 8-cell unlabeled RNA rep1 Mus musculus OTHER	PAIRED	OTHER	16250689	1722573034	423778932;432258257	ftp.sra.ebi.ac.uk/vol1/fastq/SRR249/052/SRR24991752/SRR24991752_1.fastq.gz;ftp.sra.ebi.ac.uk/vol1/fastq/SRR249/052/SRR24991752/SRR24991752_2.fastq.gz	GSE235547	0.856037189	53.0
SRR24991757	GSM7504993	Illumina NovaSeq 6000 sequencing: GSM7504993: Late 2-cell unlabeled RNA rep3 Mus musculus OTHER	PAIRED	OTHER	16332327	1731226662	416069205;424711607	ftp.sra.ebi.ac.uk/vol1/fastq/SRR249/057/SRR24991757/SRR24991757_1.fastq.gz;ftp.sra.ebi.ac.uk/vol1/fastq/SRR249/057/SRR24991757/SRR24991757_2.fastq.gz	GSE235547	0.840780812	53.0
SRR24991766	GSM7505032	HiSeq X Ten sequencing: GSM7505032: ESC Obox6 RNA-seq rep2 Mus musculus RNA-Seq	PAIRED	RNA-Seq	25271177	7631895454	818515397;870144051	ftp.sra.ebi.ac.uk/vol1/fastq/SRR249/066/SRR24991766/SRR24991766_1.fastq.gz;ftp.sra.ebi.ac.uk/vol1/fastq/SRR249/066/SRR24991766/SRR24991766_2.fastq.gz	GSE235547	1.688659448	151.0
SRR24991769	GSM7505029	HiSeq X Ten sequencing: GSM7505029: ESC Obox5 RNA-seq rep1 Mus musculus RNA-Seq	PAIRED	RNA-Seq	23190412	7003504424	809961977;855507776	ftp.sra.ebi.ac.uk/vol1/fastq/SRR249/069/SRR24991769/SRR24991769_1.fastq.gz;ftp.sra.ebi.ac.uk/vol1/fastq/SRR249/069/SRR24991769/SRR24991769_2.fastq.gz	GSE235547	1.665469753	151.0
SRR24991772	GSM7505026	HiSeq X Ten sequencing: GSM7505026: ESC Dux RNA-seq rep2 Mus musculus RNA-Seq	PAIRED	RNA-Seq	22390116	6761815032	719369756;765372686	ftp.sra.ebi.ac.uk/vol1/fastq/SRR249/072/SRR24991772/SRR24991772_1.fastq.gz;ftp.sra.ebi.ac.uk/vol1/fastq/SRR249/072/SRR24991772/SRR24991772_2.fastq.gz	GSE235547	1.484742442	151.0
SRR24991785	GSM7505013	HiSeq X Ten sequencing: GSM7505013: Non-treated ESC unlabeled RNA rep1 Mus musculus OTHER	PAIRED	OTHER	49183916	14853542632	2679583032;2705877101	ftp.sra.ebi.ac.uk/vol1/fastq/SRR249/085/SRR24991785/SRR24991785_1.fastq.gz;ftp.sra.ebi.ac.uk/vol1/fastq/SRR249/085/SRR24991785/SRR24991785_2.fastq.gz	GSE235547	5.385460133	151.0
SRR24991798	GSM7504976	Illumina NovaSeq 6000 sequencing: GSM7504976: Aphidicolin late 2-cell EU+ RNA rep2 Mus musculus OTHER	PAIRED	OTHER	26935345	2855146570	717508652;713523456	ftp.sra.ebi.ac.uk/vol1/fastq/SRR249/098/SRR24991798/SRR24991798_1.fastq.gz;ftp.sra.ebi.ac.uk/vol1/fastq/SRR249/098/SRR24991798/SRR24991798_2.fastq.gz	GSE235547	1.431032108	53.0
SRR24991804	GSM7504970	Illumina NovaSeq 6000 sequencing: GSM7504970: Early 2-cell EU+ RNA rep2 Mus musculus OTHER	PAIRED	OTHER	23271663	2466796278	619622947;621817131	ftp.sra.ebi.ac.uk/vol1/fastq/SRR249/004/SRR24991804/SRR24991804_1.fastq.gz;ftp.sra.ebi.ac.uk/vol1/fastq/SRR249/004/SRR24991804/SRR24991804_2.fastq.gz	GSE235547	1.241440078	53.0
SRR24991723	GSM7505051	HiSeq X Ten sequencing: GSM7505051: SCNT Obox3 late 2-cell rep2 Mus musculus RNA-Seq	PAIRED	RNA-Seq	17368328	5245235056	877186894;891332251	ftp.sra.ebi.ac.uk/vol1/fastq/SRR249/023/SRR24991723/SRR24991723_1.fastq.gz;ftp.sra.ebi.ac.uk/vol1/fastq/SRR249/023/SRR24991723/SRR24991723_2.fastq.gz	GSE235547	1.768519145	151.0
SRR24991725	GSM7505049	HiSeq X Ten sequencing: GSM7505049: SCNT EGFP late 2-cell rep2 Mus musculus RNA-Seq	PAIRED	RNA-Seq	23004703	6947420306	1174394612;1188482361	ftp.sra.ebi.ac.uk/vol1/fastq/SRR249/025/SRR24991725/SRR24991725_1.fastq.gz;ftp.sra.ebi.ac.uk/vol1/fastq/SRR249/025/SRR24991725/SRR24991725_2.fastq.gz	GSE235547	2.362876973	151.0
SRR24991729	GSM7505045	HiSeq X Ten sequencing: GSM7505045: Late 2-cell siObox3_2 rep2 Mus musculus RNA-Seq	PAIRED	RNA-Seq	18475581	1958411586	474794953;473687731	ftp.sra.ebi.ac.uk/vol1/fastq/SRR249/029/SRR24991729/SRR24991729_1.fastq.gz;ftp.sra.ebi.ac.uk/vol1/fastq/SRR249/029/SRR24991729/SRR24991729_2.fastq.gz	GSE235547	0.948482684	53.0
SRR24991733	GSM7505041	HiSeq X Ten sequencing: GSM7505041: ESC Crxos3 RNA-seq rep1 Mus musculus RNA-Seq	PAIRED	RNA-Seq	22285188	6730126776	792218499;831152764	ftp.sra.ebi.ac.uk/vol1/fastq/SRR249/033/SRR24991733/SRR24991733_1.fastq.gz;ftp.sra.ebi.ac.uk/vol1/fastq/SRR249/033/SRR24991733/SRR24991733_2.fastq.gz	GSE235547	1.623371263	151.0
SRR24991735	GSM7505039	HiSeq X Ten sequencing: GSM7505039: ESC Crxos1 RNA-seq rep1 Mus musculus RNA-Seq	PAIRED	RNA-Seq	22773117	6877481334	842232171;878819707	ftp.sra.ebi.ac.uk/vol1/fastq/SRR249/035/SRR24991735/SRR24991735_1.fastq.gz;ftp.sra.ebi.ac.uk/vol1/fastq/SRR249/035/SRR24991735/SRR24991735_2.fastq.gz	GSE235547	1.721051878	151.0
SRR24991736	GSM7505038	HiSeq X Ten sequencing: GSM7505038: ESC Obox8 RNA-seq rep1 Mus musculus RNA-Seq	PAIRED	RNA-Seq	23211483	7009867866	879049364;916795988	ftp.sra.ebi.ac.uk/vol1/fastq/SRR249/036/SRR24991736/SRR24991736_1.fastq.gz;ftp.sra.ebi.ac.uk/vol1/fastq/SRR249/036/SRR24991736/SRR24991736_2.fastq.gz	GSE235547	1.795845352	151.0
SRR24991739	GSM7505011	HiSeq X Ten sequencing: GSM7505011: ESC 3xFLAG-Obox3 CUT&RUN rep1 Mus musculus OTHER	PAIRED	OTHER	38320930	4062018580	1005630009;1006068796	ftp.sra.ebi.ac.uk/vol1/fastq/SRR249/039/SRR24991739/SRR24991739_1.fastq.gz;ftp.sra.ebi.ac.uk/vol1/fastq/SRR249/039/SRR24991739/SRR24991739_2.fastq.gz	GSE235547	2.011698805	53.0
SRR24991740	GSM7505010	HiSeq X Ten sequencing: GSM7505010: ESC negative control CUT&RUN rep1 Mus musculus OTHER	PAIRED	OTHER	17925869	1900142114	468017085;468511337	ftp.sra.ebi.ac.uk/vol1/fastq/SRR249/040/SRR24991740/SRR24991740_1.fastq.gz;ftp.sra.ebi.ac.uk/vol1/fastq/SRR249/040/SRR24991740/SRR24991740_2.fastq.gz	GSE235547	0.936528422	53.0
SRR24991744	GSM7505006	Illumina NovaSeq 6000 sequencing: GSM7505006: A-485 Zygote EU+ RNA rep1 Mus musculus OTHER	PAIRED	OTHER	35839889	3799028234	958032327;960136771	ftp.sra.ebi.ac.uk/vol1/fastq/SRR249/044/SRR24991744/SRR24991744_1.fastq.gz;ftp.sra.ebi.ac.uk/vol1/fastq/SRR249/044/SRR24991744/SRR24991744_2.fastq.gz	GSE235547	1.918169098	53.0
SRR24991754	GSM7504996	Illumina NovaSeq 6000 sequencing: GSM7504996: 4-cell unlabeled RNA rep1 Mus musculus OTHER	PAIRED	OTHER	25877210	2742984260	675236931;683253179	ftp.sra.ebi.ac.uk/vol1/fastq/SRR249/054/SRR24991754/SRR24991754_1.fastq.gz;ftp.sra.ebi.ac.uk/vol1/fastq/SRR249/054/SRR24991754/SRR24991754_2.fastq.gz	GSE235547	1.35849011	53.0
SRR24991758	GSM7504992	Illumina NovaSeq 6000 sequencing: GSM7504992: Late 2-cell unlabeled RNA rep2 Mus musculus OTHER	PAIRED	OTHER	16805195	1781350670	426276384;434270653	ftp.sra.ebi.ac.uk/vol1/fastq/SRR249/058/SRR24991758/SRR24991758_1.fastq.gz;ftp.sra.ebi.ac.uk/vol1/fastq/SRR249/058/SRR24991758/SRR24991758_2.fastq.gz	GSE235547	0.860547037	53.0
SRR24991763	GSM7505035	HiSeq X Ten sequencing: GSM7505035: ESC Obox4ps27 RNA-seq rep1 Mus musculus RNA-Seq	PAIRED	RNA-Seq	17243670	5207588340	646110657;682864258	ftp.sra.ebi.ac.uk/vol1/fastq/SRR249/063/SRR24991763/SRR24991763_1.fastq.gz;ftp.sra.ebi.ac.uk/vol1/fastq/SRR249/063/SRR24991763/SRR24991763_2.fastq.gz	GSE235547	1.328974915	151.0
SRR24991764	GSM7505034	HiSeq X Ten sequencing: GSM7505034: ESC Obox2 RNA-seq rep1 Mus musculus RNA-Seq	PAIRED	RNA-Seq	16761528	5061981456	595309072;631189530	ftp.sra.ebi.ac.uk/vol1/fastq/SRR249/064/SRR24991764/SRR24991764_1.fastq.gz;ftp.sra.ebi.ac.uk/vol1/fastq/SRR249/064/SRR24991764/SRR24991764_2.fastq.gz	GSE235547	1.226498602	151.0
SRR24991767	GSM7505031	HiSeq X Ten sequencing: GSM7505031: ESC Obox6 RNA-seq rep1 Mus musculus RNA-Seq	PAIRED	RNA-Seq	23420401	7072961102	797160984;850727740	ftp.sra.ebi.ac.uk/vol1/fastq/SRR249/067/SRR24991767/SRR24991767_1.fastq.gz;ftp.sra.ebi.ac.uk/vol1/fastq/SRR249/067/SRR24991767/SRR24991767_2.fastq.gz	GSE235547	1.647888724	151.0
SRR24991770	GSM7505028	HiSeq X Ten sequencing: GSM7505028: ESC Obox3 RNA-seq rep2 Mus musculus RNA-Seq	PAIRED	RNA-Seq	23153148	6992250696	811370435;857568112	ftp.sra.ebi.ac.uk/vol1/fastq/SRR249/070/SRR24991770/SRR24991770_1.fastq.gz;ftp.sra.ebi.ac.uk/vol1/fastq/SRR249/070/SRR24991770/SRR24991770_2.fastq.gz	GSE235547	1.668938547	151.0
SRR24991780	GSM7505018	HiSeq X Ten sequencing: GSM7505018: ESC EU+ RNA rep2 Mus musculus OTHER	PAIRED	OTHER	64767119	19559669938	3694223816;3690629219	ftp.sra.ebi.ac.uk/vol1/fastq/SRR249/080/SRR24991780/SRR24991780_1.fastq.gz;ftp.sra.ebi.ac.uk/vol1/fastq/SRR249/080/SRR24991780/SRR24991780_2.fastq.gz	GSE235547	7.384853035	151.0
SRR24991783	GSM7505015	HiSeq X Ten sequencing: GSM7505015: Non-treated ESC non-specific RNA rep1 Mus musculus OTHER	PAIRED	OTHER	69052895	20853974290	3784614732;3802858602	ftp.sra.ebi.ac.uk/vol1/fastq/SRR249/083/SRR24991783/SRR24991783_1.fastq.gz;ftp.sra.ebi.ac.uk/vol1/fastq/SRR249/083/SRR24991783/SRR24991783_2.fastq.gz	GSE235547	7.587473334	151.0
SRR24991790	GSM7504984	Illumina NovaSeq 6000 sequencing: GSM7504984: Blastocyst EU+ RNA rep2 Mus musculus OTHER	PAIRED	OTHER	38855470	4118679820	1026171774;1032560331	ftp.sra.ebi.ac.uk/vol1/fastq/SRR249/090/SRR24991790/SRR24991790_1.fastq.gz;ftp.sra.ebi.ac.uk/vol1/fastq/SRR249/090/SRR24991790/SRR24991790_2.fastq.gz	GSE235547	2.058732105	53.0
SRR24991796	GSM7504978	Illumina NovaSeq 6000 sequencing: GSM7504978: 4-cell EU+ RNA rep2 Mus musculus OTHER	PAIRED	OTHER	33456622	3546401932	865801174;878811092	ftp.sra.ebi.ac.uk/vol1/fastq/SRR249/096/SRR24991796/SRR24991796_1.fastq.gz;ftp.sra.ebi.ac.uk/vol1/fastq/SRR249/096/SRR24991796/SRR24991796_2.fastq.gz	GSE235547	1.744612266	53.0
SRR24991799	GSM7504975	Illumina NovaSeq 6000 sequencing: GSM7504975: Aphidicolin late 2-cell EU+ RNA rep1 Mus musculus OTHER	PAIRED	OTHER	44932601	4762855706	1184888812;1179103243	ftp.sra.ebi.ac.uk/vol1/fastq/SRR249/099/SRR24991799/SRR24991799_1.fastq.gz;ftp.sra.ebi.ac.uk/vol1/fastq/SRR249/099/SRR24991799/SRR24991799_2.fastq.gz	GSE235547	2.363992055	53.0
SRR24991800	GSM7504974	Illumina NovaSeq 6000 sequencing: GSM7504974: Late 2-cell EU+ RNA rep3 Mus musculus OTHER	PAIRED	OTHER	23255994	2465135364	624178941;625197314	ftp.sra.ebi.ac.uk/vol1/fastq/SRR249/000/SRR24991800/SRR24991800_1.fastq.gz;ftp.sra.ebi.ac.uk/vol1/fastq/SRR249/000/SRR24991800/SRR24991800_2.fastq.gz	GSE235547	1.249376255	53.0
SRR24991809	GSM7504965	Illumina NovaSeq 6000 sequencing: GSM7504965: MII oocyte total RNA rep2 Mus musculus RNA-Seq	PAIRED	RNA-Seq	44586042	4726120452	1165197312;1173421804	ftp.sra.ebi.ac.uk/vol1/fastq/SRR249/009/SRR24991809/SRR24991809_1.fastq.gz;ftp.sra.ebi.ac.uk/vol1/fastq/SRR249/009/SRR24991809/SRR24991809_2.fastq.gz	GSE235547	2.338619116	53.0
SRR24991810	GSM7504964	Illumina NovaSeq 6000 sequencing: GSM7504964: MII oocyte total RNA rep1 Mus musculus RNA-Seq	PAIRED	RNA-Seq	45376500	4809909000	1179649882;1188956747	ftp.sra.ebi.ac.uk/vol1/fastq/SRR249/010/SRR24991810/SRR24991810_1.fastq.gz;ftp.sra.ebi.ac.uk/vol1/fastq/SRR249/010/SRR24991810/SRR24991810_2.fastq.gz	GSE235547	2.368606629	53.0
SRR26923880	GSM7916025	HiSeq X Ten sequencing: GSM7916025: SCNT, LatA&TSA&UNC0638-treated, rep2 Mus musculus RNA-Seq	PAIRED	RNA-Seq	31604686	9544615172	2773945541;2994342920	ftp.sra.ebi.ac.uk/vol1/fastq/SRR269/080/SRR26923880/SRR26923880_1.fastq.gz;ftp.sra.ebi.ac.uk/vol1/fastq/SRR269/080/SRR26923880/SRR26923880_2.fastq.gz	GSE248499	5.768288461	151.0
SRR26923884	GSM7916021	HiSeq X Ten sequencing: GSM7916021: SCNT, LatA&TSA&A366-treated, rep2 Mus musculus RNA-Seq	PAIRED	RNA-Seq	32940234	9947950668	2856876292;3068463716	ftp.sra.ebi.ac.uk/vol1/fastq/SRR269/084/SRR26923884/SRR26923884_1.fastq.gz;ftp.sra.ebi.ac.uk/vol1/fastq/SRR269/084/SRR26923884/SRR26923884_2.fastq.gz	GSE248499	5.925340008	151.0
SRR26923886	GSM7916019	HiSeq X Ten sequencing: GSM7916019: SCNT, LatA&R701-treated, rep3 Mus musculus RNA-Seq	PAIRED	RNA-Seq	21887919	6610151538	1825263564;2030481156	ftp.sra.ebi.ac.uk/vol1/fastq/SRR269/086/SRR26923886/SRR26923886_1.fastq.gz;ftp.sra.ebi.ac.uk/vol1/fastq/SRR269/086/SRR26923886/SRR26923886_2.fastq.gz	GSE248499	3.85574472	151.0
SRR26923891	GSM7916014	HiSeq X Ten sequencing: GSM7916014: SCNT, Kdm4d-injected, rep2 Mus musculus RNA-Seq	PAIRED	RNA-Seq	34203229	10329375158	2895853524;3196436560	ftp.sra.ebi.ac.uk/vol1/fastq/SRR269/091/SRR26923891/SRR26923891_1.fastq.gz;ftp.sra.ebi.ac.uk/vol1/fastq/SRR269/091/SRR26923891/SRR26923891_2.fastq.gz	GSE248499	6.092290084	151.0
SRR26923892	GSM7916013	HiSeq X Ten sequencing: GSM7916013: SCNT, Kdm4d-injected, rep1 Mus musculus RNA-Seq	PAIRED	RNA-Seq	31890520	9630937040	2672474546;2972105649	ftp.sra.ebi.ac.uk/vol1/fastq/SRR269/092/SRR26923892/SRR26923892_1.fastq.gz;ftp.sra.ebi.ac.uk/vol1/fastq/SRR269/092/SRR26923892/SRR26923892_2.fastq.gz	GSE248499	5.644580195	151.0
SRR26923896	GSM7916009	HiSeq X Ten sequencing: GSM7916009: SCNT, LatA&TSA-treated, rep1 Mus musculus RNA-Seq	PAIRED	RNA-Seq	32122124	9700881448	2681018254;2922649324	ftp.sra.ebi.ac.uk/vol1/fastq/SRR269/096/SRR26923896/SRR26923896_1.fastq.gz;ftp.sra.ebi.ac.uk/vol1/fastq/SRR269/096/SRR26923896/SRR26923896_2.fastq.gz	GSE248499	5.603667578	151.0
SRR26923899	GSM7916006	HiSeq X Ten sequencing: GSM7916006: SCNT, cont, rep2 Mus musculus RNA-Seq	PAIRED	RNA-Seq	28936848	8738928096	2433363808;2712386810	ftp.sra.ebi.ac.uk/vol1/fastq/SRR269/099/SRR26923899/SRR26923899_1.fastq.gz;ftp.sra.ebi.ac.uk/vol1/fastq/SRR269/099/SRR26923899/SRR26923899_2.fastq.gz	GSE248499	5.145750618	151.0
SRR26923904	GSM7916001	HiSeq X Ten sequencing: GSM7916001: IVF, rep1 Mus musculus RNA-Seq	PAIRED	RNA-Seq	13746217	4151357534	1233575284;1378023934	ftp.sra.ebi.ac.uk/vol1/fastq/SRR269/004/SRR26923904/SRR26923904_1.fastq.gz;ftp.sra.ebi.ac.uk/vol1/fastq/SRR269/004/SRR26923904/SRR26923904_2.fastq.gz	GSE248499	2.611599218	151.0
SRR26923890	GSM7916015	HiSeq X Ten sequencing: GSM7916015: SCNT, LatA&A366-treated, rep1 Mus musculus RNA-Seq	PAIRED	RNA-Seq	34655414	10465935028	2899440095;3128490057	ftp.sra.ebi.ac.uk/vol1/fastq/SRR269/090/SRR26923890/SRR26923890_1.fastq.gz;ftp.sra.ebi.ac.uk/vol1/fastq/SRR269/090/SRR26923890/SRR26923890_2.fastq.gz	GSE248499	6.027930152	151.0
SRR26923901	GSM7916004	HiSeq X Ten sequencing: GSM7916004: IVF, rep4 Mus musculus RNA-Seq	PAIRED	RNA-Seq	31087733	9388495366	2730947868;2959322069	ftp.sra.ebi.ac.uk/vol1/fastq/SRR269/001/SRR26923901/SRR26923901_1.fastq.gz;ftp.sra.ebi.ac.uk/vol1/fastq/SRR269/001/SRR26923901/SRR26923901_2.fastq.gz	GSE248499	5.690269937	151.0
SRR26923881	GSM7916024	HiSeq X Ten sequencing: GSM7916024: SCNT, LatA&TSA&UNC0638-treated, rep1 Mus musculus RNA-Seq	PAIRED	RNA-Seq	31621947	9549827994	2756907567;3006838790	ftp.sra.ebi.ac.uk/vol1/fastq/SRR269/081/SRR26923881/SRR26923881_1.fastq.gz;ftp.sra.ebi.ac.uk/vol1/fastq/SRR269/081/SRR26923881/SRR26923881_2.fastq.gz	GSE248499	5.763746357	151.0
SRR26923883	GSM7916022	HiSeq X Ten sequencing: GSM7916022: SCNT, LatA&TSA&R701-treated, rep1 Mus musculus RNA-Seq	PAIRED	RNA-Seq	30393946	9178971692	2646464363;2850526089	ftp.sra.ebi.ac.uk/vol1/fastq/SRR269/083/SRR26923883/SRR26923883_1.fastq.gz;ftp.sra.ebi.ac.uk/vol1/fastq/SRR269/083/SRR26923883/SRR26923883_2.fastq.gz	GSE248499	5.496990452	151.0
SRR26923885	GSM7916020	HiSeq X Ten sequencing: GSM7916020: SCNT, LatA&TSA&A366-treated, rep1 Mus musculus RNA-Seq	PAIRED	RNA-Seq	34222400	10335164800	2989401360;3209309630	ftp.sra.ebi.ac.uk/vol1/fastq/SRR269/085/SRR26923885/SRR26923885_1.fastq.gz;ftp.sra.ebi.ac.uk/vol1/fastq/SRR269/085/SRR26923885/SRR26923885_2.fastq.gz	GSE248499	6.19871099	151.0
SRR26923887	GSM7916018	HiSeq X Ten sequencing: GSM7916018: SCNT, LatA&R701-treated, rep2 Mus musculus RNA-Seq	PAIRED	RNA-Seq	23821690	7194150380	1993148767;2202129386	ftp.sra.ebi.ac.uk/vol1/fastq/SRR269/087/SRR26923887/SRR26923887_1.fastq.gz;ftp.sra.ebi.ac.uk/vol1/fastq/SRR269/087/SRR26923887/SRR26923887_2.fastq.gz	GSE248499	4.195278153	151.0
SRR26923889	GSM7916016	HiSeq X Ten sequencing: GSM7916016: SCNT, LatA&A366-treated, rep2 Mus musculus RNA-Seq	PAIRED	RNA-Seq	37991020	11473288040	3250229356;3411359475	ftp.sra.ebi.ac.uk/vol1/fastq/SRR269/089/SRR26923889/SRR26923889_1.fastq.gz;ftp.sra.ebi.ac.uk/vol1/fastq/SRR269/089/SRR26923889/SRR26923889_2.fastq.gz	GSE248499	6.661588831	151.0
SRR26923894	GSM7916011	HiSeq X Ten sequencing: GSM7916011: SCNT, Kdm3a-injected, rep1 Mus musculus RNA-Seq	PAIRED	RNA-Seq	48964802	14787370204	4087346968;4535292716	ftp.sra.ebi.ac.uk/vol1/fastq/SRR269/094/SRR26923894/SRR26923894_1.fastq.gz;ftp.sra.ebi.ac.uk/vol1/fastq/SRR269/094/SRR26923894/SRR26923894_2.fastq.gz	GSE248499	8.622639684	151.0
SRR26923897	GSM7916008	HiSeq X Ten sequencing: GSM7916008: SCNT, LatA-treated control, rep2 Mus musculus RNA-Seq	PAIRED	RNA-Seq	28027149	8464198998	2338785975;2559865685	ftp.sra.ebi.ac.uk/vol1/fastq/SRR269/097/SRR26923897/SRR26923897_1.fastq.gz;ftp.sra.ebi.ac.uk/vol1/fastq/SRR269/097/SRR26923897/SRR26923897_2.fastq.gz	GSE248499	4.89865166	151.0
SRR26923898	GSM7916007	HiSeq X Ten sequencing: GSM7916007: SCNT, LatA-treated control, rep1 Mus musculus RNA-Seq	PAIRED	RNA-Seq	36281540	10957025080	3043929293;3387897748	ftp.sra.ebi.ac.uk/vol1/fastq/SRR269/098/SRR26923898/SRR26923898_1.fastq.gz;ftp.sra.ebi.ac.uk/vol1/fastq/SRR269/098/SRR26923898/SRR26923898_2.fastq.gz	GSE248499	6.431827041	151.0
SRR26923900	GSM7916005	HiSeq X Ten sequencing: GSM7916005: SCNT, cont, rep1 Mus musculus RNA-Seq	PAIRED	RNA-Seq	23211778	7009956956	1910151875;2096615541	ftp.sra.ebi.ac.uk/vol1/fastq/SRR269/000/SRR26923900/SRR26923900_1.fastq.gz;ftp.sra.ebi.ac.uk/vol1/fastq/SRR269/000/SRR26923900/SRR26923900_2.fastq.gz	GSE248499	4.006767416	151.0
SRR26923903	GSM7916002	HiSeq X Ten sequencing: GSM7916002: IVF, rep2 Mus musculus RNA-Seq	PAIRED	RNA-Seq	34953113	10555840126	3048622543;3315502514	ftp.sra.ebi.ac.uk/vol1/fastq/SRR269/003/SRR26923903/SRR26923903_1.fastq.gz;ftp.sra.ebi.ac.uk/vol1/fastq/SRR269/003/SRR26923903/SRR26923903_2.fastq.gz	GSE248499	6.364125057	151.0
SRR26923888	GSM7916017	HiSeq X Ten sequencing: GSM7916017: SCNT, LatA&R701-treated, rep1 Mus musculus RNA-Seq	PAIRED	RNA-Seq	29577006	8932255812	2485265863;2749608571	ftp.sra.ebi.ac.uk/vol1/fastq/SRR269/088/SRR26923888/SRR26923888_1.fastq.gz;ftp.sra.ebi.ac.uk/vol1/fastq/SRR269/088/SRR26923888/SRR26923888_2.fastq.gz	GSE248499	5.234874434	151.0
SRR26923893	GSM7916012	HiSeq X Ten sequencing: GSM7916012: SCNT, Kdm3a-injected, rep2 Mus musculus RNA-Seq	PAIRED	RNA-Seq	29450592	8894078784	2487776533;2764696195	ftp.sra.ebi.ac.uk/vol1/fastq/SRR269/093/SRR26923893/SRR26923893_1.fastq.gz;ftp.sra.ebi.ac.uk/vol1/fastq/SRR269/093/SRR26923893/SRR26923893_2.fastq.gz	GSE248499	5.252472728	151.0
SRR26923902	GSM7916003	HiSeq X Ten sequencing: GSM7916003: IVF, rep3 Mus musculus RNA-Seq	PAIRED	RNA-Seq	34750251	10494575802	3026987914;3274676547	ftp.sra.ebi.ac.uk/vol1/fastq/SRR269/002/SRR26923902/SRR26923902_1.fastq.gz;ftp.sra.ebi.ac.uk/vol1/fastq/SRR269/002/SRR26923902/SRR26923902_2.fastq.gz	GSE248499	6.301664461	151.0
SRR26923882	GSM7916023	HiSeq X Ten sequencing: GSM7916023: SCNT, LatA&TSA&R701-treated, rep2 Mus musculus RNA-Seq	PAIRED	RNA-Seq	32837250	9916849500	2873253342;3089393269	ftp.sra.ebi.ac.uk/vol1/fastq/SRR269/082/SRR26923882/SRR26923882_1.fastq.gz;ftp.sra.ebi.ac.uk/vol1/fastq/SRR269/082/SRR26923882/SRR26923882_2.fastq.gz	GSE248499	5.962646611	151.0
SRR26923895	GSM7916010	HiSeq X Ten sequencing: GSM7916010: SCNT, LatA&TSA-treated, rep2 Mus musculus RNA-Seq	PAIRED	RNA-Seq	33785035	10203080570	2808923685;3072029617	ftp.sra.ebi.ac.uk/vol1/fastq/SRR269/095/SRR26923895/SRR26923895_1.fastq.gz;ftp.sra.ebi.ac.uk/vol1/fastq/SRR269/095/SRR26923895/SRR26923895_2.fastq.gz	GSE248499	5.880953302	151.0
SRR29337168	GSM8315272	Illumina NovaSeq 6000 sequencing: GSM8315272: Setdb1 8c control single embryo replicate 1 Mus musculus RNA-Seq	PAIRED	RNA-Seq	12105924	1234804248	351310863;382921434	ftp.sra.ebi.ac.uk/vol1/fastq/SRR293/068/SRR29337168/SRR29337168_1.fastq.gz;ftp.sra.ebi.ac.uk/vol1/fastq/SRR293/068/SRR29337168/SRR29337168_2.fastq.gz	GSE269417	0.734232297	51.0
SRR29337169	GSM8315271	Illumina NovaSeq 6000 sequencing: GSM8315271: Setdb1 2c control single embryo replicate 7 Mus musculus RNA-Seq	PAIRED	RNA-Seq	8910411	908861922	254628011;275204887	ftp.sra.ebi.ac.uk/vol1/fastq/SRR293/069/SRR29337169/SRR29337169_1.fastq.gz;ftp.sra.ebi.ac.uk/vol1/fastq/SRR293/069/SRR29337169/SRR29337169_2.fastq.gz	GSE269417	0.529832898	51.0
SRR29337185	GSM8315255	Illumina NovaSeq 6000 sequencing: GSM8315255: Setdb1 2c matKO single embryo replicate 14 Mus musculus RNA-Seq	PAIRED	RNA-Seq	20162102	2056534404	576847412;617109083	ftp.sra.ebi.ac.uk/vol1/fastq/SRR293/085/SRR29337185/SRR29337185_1.fastq.gz;ftp.sra.ebi.ac.uk/vol1/fastq/SRR293/085/SRR29337185/SRR29337185_2.fastq.gz	GSE269417	1.193956495	51.0
SRR29337191	GSM8315277	Illumina NovaSeq 6000 sequencing: GSM8315277: Setdb1 8c control single embryo replicate 6 Mus musculus RNA-Seq	PAIRED	RNA-Seq	29185710	2976942420	847574615;928558143	ftp.sra.ebi.ac.uk/vol1/fastq/SRR293/091/SRR29337191/SRR29337191_1.fastq.gz;ftp.sra.ebi.ac.uk/vol1/fastq/SRR293/091/SRR29337191/SRR29337191_2.fastq.gz	GSE269417	1.776132758	51.0
SRR29337193	GSM8315251	Illumina NovaSeq 6000 sequencing: GSM8315251: Setdb1 2c matKO single embryo replicate 10 Mus musculus RNA-Seq	PAIRED	RNA-Seq	27087188	2762893176	765592841;843161663	ftp.sra.ebi.ac.uk/vol1/fastq/SRR293/093/SRR29337193/SRR29337193_1.fastq.gz;ftp.sra.ebi.ac.uk/vol1/fastq/SRR293/093/SRR29337193/SRR29337193_2.fastq.gz	GSE269417	1.608754504	51.0
SRR29337194	GSM8315250	Illumina NovaSeq 6000 sequencing: GSM8315250: Setdb1 2c matKO single embryo replicate 9 Mus musculus RNA-Seq	PAIRED	RNA-Seq	17352657	1769971014	481370976;515462929	ftp.sra.ebi.ac.uk/vol1/fastq/SRR293/094/SRR29337194/SRR29337194_1.fastq.gz;ftp.sra.ebi.ac.uk/vol1/fastq/SRR293/094/SRR29337194/SRR29337194_2.fastq.gz	GSE269417	0.996833905	51.0
SRR29337199	GSM8315245	Illumina NovaSeq 6000 sequencing: GSM8315245: Setdb1 2c matKO single embryo replicate 4 Mus musculus RNA-Seq	PAIRED	RNA-Seq	37411123	3815934546	1044456168;1114819234	ftp.sra.ebi.ac.uk/vol1/fastq/SRR293/099/SRR29337199/SRR29337199_1.fastq.gz;ftp.sra.ebi.ac.uk/vol1/fastq/SRR293/099/SRR29337199/SRR29337199_2.fastq.gz	GSE269417	2.159275402	51.0
SRR29337200	GSM8315244	Illumina NovaSeq 6000 sequencing: GSM8315244: Setdb1 2c matKO single embryo replicate 3 Mus musculus RNA-Seq	PAIRED	RNA-Seq	30026332	3062685864	850686707;937401502	ftp.sra.ebi.ac.uk/vol1/fastq/SRR293/000/SRR29337200/SRR29337200_1.fastq.gz;ftp.sra.ebi.ac.uk/vol1/fastq/SRR293/000/SRR29337200/SRR29337200_2.fastq.gz	GSE269417	1.788088209	51.0
SRR29337166	GSM8315274	Illumina NovaSeq 6000 sequencing: GSM8315274: Setdb1 8c control single embryo replicate 3 Mus musculus RNA-Seq	PAIRED	RNA-Seq	36029664	3675025728	1043893053;1134539472	ftp.sra.ebi.ac.uk/vol1/fastq/SRR293/066/SRR29337166/SRR29337166_1.fastq.gz;ftp.sra.ebi.ac.uk/vol1/fastq/SRR293/066/SRR29337166/SRR29337166_2.fastq.gz	GSE269417	2.178432525	51.0
SRR29337170	GSM8315270	Illumina NovaSeq 6000 sequencing: GSM8315270: Setdb1 2c control single embryo replicate 6 Mus musculus RNA-Seq	PAIRED	RNA-Seq	4512383	460263066	129730816;142956801	ftp.sra.ebi.ac.uk/vol1/fastq/SRR293/070/SRR29337170/SRR29337170_1.fastq.gz;ftp.sra.ebi.ac.uk/vol1/fastq/SRR293/070/SRR29337170/SRR29337170_2.fastq.gz	GSE269417	0.272687617	51.0
SRR29337171	GSM8315269	Illumina NovaSeq 6000 sequencing: GSM8315269: Setdb1 2c control single embryo replicate 5 Mus musculus RNA-Seq	PAIRED	RNA-Seq	13217575	1348192650	359616422;390224571	ftp.sra.ebi.ac.uk/vol1/fastq/SRR293/071/SRR29337171/SRR29337171_1.fastq.gz;ftp.sra.ebi.ac.uk/vol1/fastq/SRR293/071/SRR29337171/SRR29337171_2.fastq.gz	GSE269417	0.749840993	51.0
SRR29337178	GSM8315262	Illumina NovaSeq 6000 sequencing: GSM8315262: Setdb1 8c matKO single embryo replicate 5 Mus musculus RNA-Seq	PAIRED	RNA-Seq	13629538	1390212876	396667422;426202206	ftp.sra.ebi.ac.uk/vol1/fastq/SRR293/078/SRR29337178/SRR29337178_1.fastq.gz;ftp.sra.ebi.ac.uk/vol1/fastq/SRR293/078/SRR29337178/SRR29337178_2.fastq.gz	GSE269417	0.822869628	51.0
SRR29337179	GSM8315261	Illumina NovaSeq 6000 sequencing: GSM8315261: Setdb1 8c matKO single embryo replicate 4 Mus musculus RNA-Seq	PAIRED	RNA-Seq	11644165	1187704830	335016230;365827146	ftp.sra.ebi.ac.uk/vol1/fastq/SRR293/079/SRR29337179/SRR29337179_1.fastq.gz;ftp.sra.ebi.ac.uk/vol1/fastq/SRR293/079/SRR29337179/SRR29337179_2.fastq.gz	GSE269417	0.700843376	51.0
SRR29337182	GSM8315258	Illumina NovaSeq 6000 sequencing: GSM8315258: Setdb1 8c matKO single embryo replicate 1 Mus musculus RNA-Seq	PAIRED	RNA-Seq	14961465	1526069430	435591995;477463810	ftp.sra.ebi.ac.uk/vol1/fastq/SRR293/082/SRR29337182/SRR29337182_1.fastq.gz;ftp.sra.ebi.ac.uk/vol1/fastq/SRR293/082/SRR29337182/SRR29337182_2.fastq.gz	GSE269417	0.913055805	51.0
SRR29337187	GSM8315253	Illumina NovaSeq 6000 sequencing: GSM8315253: Setdb1 2c matKO single embryo replicate 12 Mus musculus RNA-Seq	PAIRED	RNA-Seq	21464950	2189424900	603454490;676116205	ftp.sra.ebi.ac.uk/vol1/fastq/SRR293/087/SRR29337187/SRR29337187_1.fastq.gz;ftp.sra.ebi.ac.uk/vol1/fastq/SRR293/087/SRR29337187/SRR29337187_2.fastq.gz	GSE269417	1.279570695	51.0
SRR29337189	GSM8315279	Illumina NovaSeq 6000 sequencing: GSM8315279: Setdb1 8c control single embryo replicate 8 Mus musculus RNA-Seq	PAIRED	RNA-Seq	23862347	2433959394	675060549;742440267	ftp.sra.ebi.ac.uk/vol1/fastq/SRR293/089/SRR29337189/SRR29337189_1.fastq.gz;ftp.sra.ebi.ac.uk/vol1/fastq/SRR293/089/SRR29337189/SRR29337189_2.fastq.gz	GSE269417	1.417500816	51.0
SRR29337195	GSM8315249	Illumina NovaSeq 6000 sequencing: GSM8315249: Setdb1 2c matKO single embryo replicate 8 Mus musculus RNA-Seq	PAIRED	RNA-Seq	14793684	1508955768	418178665;461433512	ftp.sra.ebi.ac.uk/vol1/fastq/SRR293/095/SRR29337195/SRR29337195_1.fastq.gz;ftp.sra.ebi.ac.uk/vol1/fastq/SRR293/095/SRR29337195/SRR29337195_2.fastq.gz	GSE269417	0.879612177	51.0
SRR29337165	GSM8315275	Illumina NovaSeq 6000 sequencing: GSM8315275: Setdb1 8c control single embryo replicate 4 Mus musculus RNA-Seq	PAIRED	RNA-Seq	4107325	418947150	121963710;132340235	ftp.sra.ebi.ac.uk/vol1/fastq/SRR293/065/SRR29337165/SRR29337165_1.fastq.gz;ftp.sra.ebi.ac.uk/vol1/fastq/SRR293/065/SRR29337165/SRR29337165_2.fastq.gz	GSE269417	0.254303945	51.0
SRR29337167	GSM8315273	Illumina NovaSeq 6000 sequencing: GSM8315273: Setdb1 8c control single embryo replicate 2 Mus musculus RNA-Seq	PAIRED	RNA-Seq	20957655	2137680810	603490796;637514441	ftp.sra.ebi.ac.uk/vol1/fastq/SRR293/067/SRR29337167/SRR29337167_1.fastq.gz;ftp.sra.ebi.ac.uk/vol1/fastq/SRR293/067/SRR29337167/SRR29337167_2.fastq.gz	GSE269417	1.241005237	51.0
SRR29337173	GSM8315267	Illumina NovaSeq 6000 sequencing: GSM8315267: Setdb1 2c control single embryo replicate 3 Mus musculus RNA-Seq	PAIRED	RNA-Seq	27490623	2804043546	795485639;876811083	ftp.sra.ebi.ac.uk/vol1/fastq/SRR293/073/SRR29337173/SRR29337173_1.fastq.gz;ftp.sra.ebi.ac.uk/vol1/fastq/SRR293/073/SRR29337173/SRR29337173_2.fastq.gz	GSE269417	1.672296722	51.0
SRR29337174	GSM8315266	Illumina NovaSeq 6000 sequencing: GSM8315266: Setdb1 2c control single embryo replicate 2 Mus musculus RNA-Seq	PAIRED	RNA-Seq	12662824	1291608048	369178542;401102542	ftp.sra.ebi.ac.uk/vol1/fastq/SRR293/074/SRR29337174/SRR29337174_1.fastq.gz;ftp.sra.ebi.ac.uk/vol1/fastq/SRR293/074/SRR29337174/SRR29337174_2.fastq.gz	GSE269417	0.770281084	51.0
SRR29337184	GSM8315256	Illumina NovaSeq 6000 sequencing: GSM8315256: Setdb1 2c matKO single embryo replicate 15 Mus musculus RNA-Seq	PAIRED	RNA-Seq	27881838	2843947476	781183181;865931088	ftp.sra.ebi.ac.uk/vol1/fastq/SRR293/084/SRR29337184/SRR29337184_1.fastq.gz;ftp.sra.ebi.ac.uk/vol1/fastq/SRR293/084/SRR29337184/SRR29337184_2.fastq.gz	GSE269417	1.647114269	51.0
SRR29337192	GSM8315276	Illumina NovaSeq 6000 sequencing: GSM8315276: Setdb1 8c control single embryo replicate 5 Mus musculus RNA-Seq	PAIRED	RNA-Seq	9323870	951034740	271663850;300608273	ftp.sra.ebi.ac.uk/vol1/fastq/SRR293/092/SRR29337192/SRR29337192_1.fastq.gz;ftp.sra.ebi.ac.uk/vol1/fastq/SRR293/092/SRR29337192/SRR29337192_2.fastq.gz	GSE269417	0.572272123	51.0
SRR29337198	GSM8315246	Illumina NovaSeq 6000 sequencing: GSM8315246: Setdb1 2c matKO single embryo replicate 5 Mus musculus RNA-Seq	PAIRED	RNA-Seq	27576715	2812824930	790129086;869702730	ftp.sra.ebi.ac.uk/vol1/fastq/SRR293/098/SRR29337198/SRR29337198_1.fastq.gz;ftp.sra.ebi.ac.uk/vol1/fastq/SRR293/098/SRR29337198/SRR29337198_2.fastq.gz	GSE269417	1.659831816	51.0
SRR29337176	GSM8315264	Illumina NovaSeq 6000 sequencing: GSM8315264: Setdb1 8c matKO single embryo replicate 7 Mus musculus RNA-Seq	PAIRED	RNA-Seq	4649125	474210750	132725463;144190550	ftp.sra.ebi.ac.uk/vol1/fastq/SRR293/076/SRR29337176/SRR29337176_1.fastq.gz;ftp.sra.ebi.ac.uk/vol1/fastq/SRR293/076/SRR29337176/SRR29337176_2.fastq.gz	GSE269417	0.276916013	51.0
SRR29337177	GSM8315263	Illumina NovaSeq 6000 sequencing: GSM8315263: Setdb1 8c matKO single embryo replicate 6 Mus musculus RNA-Seq	PAIRED	RNA-Seq	34195075	3487897650	996670825;1085843971	ftp.sra.ebi.ac.uk/vol1/fastq/SRR293/077/SRR29337177/SRR29337177_1.fastq.gz;ftp.sra.ebi.ac.uk/vol1/fastq/SRR293/077/SRR29337177/SRR29337177_2.fastq.gz	GSE269417	2.082514796	51.0
SRR29337188	GSM8315252	Illumina NovaSeq 6000 sequencing: GSM8315252: Setdb1 2c matKO single embryo replicate 11 Mus musculus RNA-Seq	PAIRED	RNA-Seq	77490923	7904074146	2182288630;2364844759	ftp.sra.ebi.ac.uk/vol1/fastq/SRR293/088/SRR29337188/SRR29337188_1.fastq.gz;ftp.sra.ebi.ac.uk/vol1/fastq/SRR293/088/SRR29337188/SRR29337188_2.fastq.gz	GSE269417	4.547133389	51.0
SRR29337172	GSM8315268	Illumina NovaSeq 6000 sequencing: GSM8315268: Setdb1 2c control single embryo replicate 4 Mus musculus RNA-Seq	PAIRED	RNA-Seq	14099562	1438155324	403902704;442834624	ftp.sra.ebi.ac.uk/vol1/fastq/SRR293/072/SRR29337172/SRR29337172_1.fastq.gz;ftp.sra.ebi.ac.uk/vol1/fastq/SRR293/072/SRR29337172/SRR29337172_2.fastq.gz	GSE269417	0.846737328	51.0
SRR29337175	GSM8315265	Illumina NovaSeq 6000 sequencing: GSM8315265: Setdb1 8c matKO single embryo replicate 8 Mus musculus RNA-Seq	PAIRED	RNA-Seq	2285771	233148642	67111322;70551989	ftp.sra.ebi.ac.uk/vol1/fastq/SRR293/075/SRR29337175/SRR29337175_1.fastq.gz;ftp.sra.ebi.ac.uk/vol1/fastq/SRR293/075/SRR29337175/SRR29337175_2.fastq.gz	GSE269417	0.137663311	51.0
SRR29337180	GSM8315260	Illumina NovaSeq 6000 sequencing: GSM8315260: Setdb1 8c matKO single embryo replicate 3 Mus musculus RNA-Seq	PAIRED	RNA-Seq	33342057	3400889814	961164580;1014169402	ftp.sra.ebi.ac.uk/vol1/fastq/SRR293/080/SRR29337180/SRR29337180_1.fastq.gz;ftp.sra.ebi.ac.uk/vol1/fastq/SRR293/080/SRR29337180/SRR29337180_2.fastq.gz	GSE269417	1.975333982	51.0
SRR29337181	GSM8315259	Illumina NovaSeq 6000 sequencing: GSM8315259: Setdb1 8c matKO single embryo replicate 2 Mus musculus RNA-Seq	PAIRED	RNA-Seq	42762883	4361814066	1222487089;1333838312	ftp.sra.ebi.ac.uk/vol1/fastq/SRR293/081/SRR29337181/SRR29337181_1.fastq.gz;ftp.sra.ebi.ac.uk/vol1/fastq/SRR293/081/SRR29337181/SRR29337181_2.fastq.gz	GSE269417	2.556325401	51.0
SRR29337183	GSM8315257	Illumina NovaSeq 6000 sequencing: GSM8315257: Setdb1 2c matKO single embryo replicate 16 Mus musculus RNA-Seq	PAIRED	RNA-Seq	16797213	1713315726	477379621;519058800	ftp.sra.ebi.ac.uk/vol1/fastq/SRR293/083/SRR29337183/SRR29337183_1.fastq.gz;ftp.sra.ebi.ac.uk/vol1/fastq/SRR293/083/SRR29337183/SRR29337183_2.fastq.gz	GSE269417	0.996438421	51.0
SRR29337186	GSM8315254	Illumina NovaSeq 6000 sequencing: GSM8315254: Setdb1 2c matKO single embryo replicate 13 Mus musculus RNA-Seq	PAIRED	RNA-Seq	32883535	3354120570	927568330;1023211119	ftp.sra.ebi.ac.uk/vol1/fastq/SRR293/086/SRR29337186/SRR29337186_1.fastq.gz;ftp.sra.ebi.ac.uk/vol1/fastq/SRR293/086/SRR29337186/SRR29337186_2.fastq.gz	GSE269417	1.950779449	51.0
SRR29337190	GSM8315278	Illumina NovaSeq 6000 sequencing: GSM8315278: Setdb1 8c control single embryo replicate 7 Mus musculus RNA-Seq	PAIRED	RNA-Seq	10325527	1053203754	298114228;316907522	ftp.sra.ebi.ac.uk/vol1/fastq/SRR293/090/SRR29337190/SRR29337190_1.fastq.gz;ftp.sra.ebi.ac.uk/vol1/fastq/SRR293/090/SRR29337190/SRR29337190_2.fastq.gz	GSE269417	0.61502175	51.0
SRR29337196	GSM8315248	Illumina NovaSeq 6000 sequencing: GSM8315248: Setdb1 2c matKO single embryo replicate 7 Mus musculus RNA-Seq	PAIRED	RNA-Seq	38818740	3959511480	1080041789;1208362422	ftp.sra.ebi.ac.uk/vol1/fastq/SRR293/096/SRR29337196/SRR29337196_1.fastq.gz;ftp.sra.ebi.ac.uk/vol1/fastq/SRR293/096/SRR29337196/SRR29337196_2.fastq.gz	GSE269417	2.288404211	51.0
SRR29337197	GSM8315247	Illumina NovaSeq 6000 sequencing: GSM8315247: Setdb1 2c matKO single embryo replicate 6 Mus musculus RNA-Seq	PAIRED	RNA-Seq	33618480	3429084960	954222958;1041284637	ftp.sra.ebi.ac.uk/vol1/fastq/SRR293/097/SRR29337197/SRR29337197_1.fastq.gz;ftp.sra.ebi.ac.uk/vol1/fastq/SRR293/097/SRR29337197/SRR29337197_2.fastq.gz	GSE269417	1.995507595	51.0
SRR29337201	GSM8315243	Illumina NovaSeq 6000 sequencing: GSM8315243: Setdb1 2c matKO single embryo replicate 2 Mus musculus RNA-Seq	PAIRED	RNA-Seq	37404988	3815308776	1053849147;1165619734	ftp.sra.ebi.ac.uk/vol1/fastq/SRR293/001/SRR29337201/SRR29337201_1.fastq.gz;ftp.sra.ebi.ac.uk/vol1/fastq/SRR293/001/SRR29337201/SRR29337201_2.fastq.gz	GSE269417	2.219468881	51.0
