gsm	title	source_name_ch1	organism_ch1	ch:strain	ch:cross	ch:developmental stage	data_processing	library_strategy	supplementary_file_1	ch:tissue
GSM1112490	16cell_1-10	16-cell stage blastomere	Mus musculus	CAST/EiJ(mother) x C57BL/6J(father)	first generation cross	16-cell stage blastomere	For expression values, we aligned reads using bowtie 0.12.7, option --best, against the genome and transcriptome (Ensembl, version 16 May 2011) with the genotype of both strains, in mm9 coordinates	RNA-Seq	ftp://ftp.ncbi.nlm.nih.gov/geo/samples/GSM1112nnn/GSM1112490/suppl/GSM1112490_16cell_1-10_expression.txt.gz	
GSM1112491	16cell_1-11	16-cell stage blastomere	Mus musculus	CAST/EiJ(mother) x C57BL/6J(father)	first generation cross	16-cell stage blastomere	For expression values, we aligned reads using bowtie 0.12.7, option --best, against the genome and transcriptome (Ensembl, version 16 May 2011) with the genotype of both strains, in mm9 coordinates	RNA-Seq	ftp://ftp.ncbi.nlm.nih.gov/geo/samples/GSM1112nnn/GSM1112491/suppl/GSM1112491_16cell_1-11_expression.txt.gz	
GSM1112492	16cell_1-12	16-cell stage blastomere	Mus musculus	CAST/EiJ(mother) x C57BL/6J(father)	first generation cross	16-cell stage blastomere	For expression values, we aligned reads using bowtie 0.12.7, option --best, against the genome and transcriptome (Ensembl, version 16 May 2011) with the genotype of both strains, in mm9 coordinates	RNA-Seq	ftp://ftp.ncbi.nlm.nih.gov/geo/samples/GSM1112nnn/GSM1112492/suppl/GSM1112492_16cell_1-12_expression.txt.gz	
GSM1112493	16cell_1-13	16-cell stage blastomere	Mus musculus	CAST/EiJ(mother) x C57BL/6J(father)	first generation cross	16-cell stage blastomere	For expression values, we aligned reads using bowtie 0.12.7, option --best, against the genome and transcriptome (Ensembl, version 16 May 2011) with the genotype of both strains, in mm9 coordinates	RNA-Seq	ftp://ftp.ncbi.nlm.nih.gov/geo/samples/GSM1112nnn/GSM1112493/suppl/GSM1112493_16cell_1-13_expression.txt.gz	
GSM1112494	16cell_1-14	16-cell stage blastomere	Mus musculus	CAST/EiJ(mother) x C57BL/6J(father)	first generation cross	16-cell stage blastomere	For expression values, we aligned reads using bowtie 0.12.7, option --best, against the genome and transcriptome (Ensembl, version 16 May 2011) with the genotype of both strains, in mm9 coordinates	RNA-Seq	ftp://ftp.ncbi.nlm.nih.gov/geo/samples/GSM1112nnn/GSM1112494/suppl/GSM1112494_16cell_1-14_expression.txt.gz	
GSM1112495	16cell_1-15	16-cell stage blastomere	Mus musculus	CAST/EiJ(mother) x C57BL/6J(father)	first generation cross	16-cell stage blastomere	For expression values, we aligned reads using bowtie 0.12.7, option --best, against the genome and transcriptome (Ensembl, version 16 May 2011) with the genotype of both strains, in mm9 coordinates	RNA-Seq	ftp://ftp.ncbi.nlm.nih.gov/geo/samples/GSM1112nnn/GSM1112495/suppl/GSM1112495_16cell_1-15_expression.txt.gz	
GSM1112496	16cell_1-2	16-cell stage blastomere	Mus musculus	CAST/EiJ(mother) x C57BL/6J(father)	first generation cross	16-cell stage blastomere	For expression values, we aligned reads using bowtie 0.12.7, option --best, against the genome and transcriptome (Ensembl, version 16 May 2011) with the genotype of both strains, in mm9 coordinates	RNA-Seq	ftp://ftp.ncbi.nlm.nih.gov/geo/samples/GSM1112nnn/GSM1112496/suppl/GSM1112496_16cell_1-2_expression.txt.gz	
GSM1112497	16cell_1-3	16-cell stage blastomere	Mus musculus	CAST/EiJ(mother) x C57BL/6J(father)	first generation cross	16-cell stage blastomere	For expression values, we aligned reads using bowtie 0.12.7, option --best, against the genome and transcriptome (Ensembl, version 16 May 2011) with the genotype of both strains, in mm9 coordinates	RNA-Seq	ftp://ftp.ncbi.nlm.nih.gov/geo/samples/GSM1112nnn/GSM1112497/suppl/GSM1112497_16cell_1-3_expression.txt.gz	
GSM1112498	16cell_1-4	16-cell stage blastomere	Mus musculus	CAST/EiJ(mother) x C57BL/6J(father)	first generation cross	16-cell stage blastomere	For expression values, we aligned reads using bowtie 0.12.7, option --best, against the genome and transcriptome (Ensembl, version 16 May 2011) with the genotype of both strains, in mm9 coordinates	RNA-Seq	ftp://ftp.ncbi.nlm.nih.gov/geo/samples/GSM1112nnn/GSM1112498/suppl/GSM1112498_16cell_1-4_expression.txt.gz	
GSM1112499	16cell_1-5	16-cell stage blastomere	Mus musculus	CAST/EiJ(mother) x C57BL/6J(father)	first generation cross	16-cell stage blastomere	For expression values, we aligned reads using bowtie 0.12.7, option --best, against the genome and transcriptome (Ensembl, version 16 May 2011) with the genotype of both strains, in mm9 coordinates	RNA-Seq	ftp://ftp.ncbi.nlm.nih.gov/geo/samples/GSM1112nnn/GSM1112499/suppl/GSM1112499_16cell_1-5_expression.txt.gz	
GSM1112500	16cell_1-6	16-cell stage blastomere	Mus musculus	CAST/EiJ(mother) x C57BL/6J(father)	first generation cross	16-cell stage blastomere	For expression values, we aligned reads using bowtie 0.12.7, option --best, against the genome and transcriptome (Ensembl, version 16 May 2011) with the genotype of both strains, in mm9 coordinates	RNA-Seq	ftp://ftp.ncbi.nlm.nih.gov/geo/samples/GSM1112nnn/GSM1112500/suppl/GSM1112500_16cell_1-6_expression.txt.gz	
GSM1112501	16cell_1-7	16-cell stage blastomere	Mus musculus	CAST/EiJ(mother) x C57BL/6J(father)	first generation cross	16-cell stage blastomere	For expression values, we aligned reads using bowtie 0.12.7, option --best, against the genome and transcriptome (Ensembl, version 16 May 2011) with the genotype of both strains, in mm9 coordinates	RNA-Seq	ftp://ftp.ncbi.nlm.nih.gov/geo/samples/GSM1112nnn/GSM1112501/suppl/GSM1112501_16cell_1-7_expression.txt.gz	
GSM1112502	16cell_1-8	16-cell stage blastomere	Mus musculus	CAST/EiJ(mother) x C57BL/6J(father)	first generation cross	16-cell stage blastomere	For expression values, we aligned reads using bowtie 0.12.7, option --best, against the genome and transcriptome (Ensembl, version 16 May 2011) with the genotype of both strains, in mm9 coordinates	RNA-Seq	ftp://ftp.ncbi.nlm.nih.gov/geo/samples/GSM1112nnn/GSM1112502/suppl/GSM1112502_16cell_1-8_expression.txt.gz	
GSM1112503	16cell_1-9	16-cell stage blastomere	Mus musculus	CAST/EiJ(mother) x C57BL/6J(father)	first generation cross	16-cell stage blastomere	For expression values, we aligned reads using bowtie 0.12.7, option --best, against the genome and transcriptome (Ensembl, version 16 May 2011) with the genotype of both strains, in mm9 coordinates	RNA-Seq	ftp://ftp.ncbi.nlm.nih.gov/geo/samples/GSM1112nnn/GSM1112503/suppl/GSM1112503_16cell_1-9_expression.txt.gz	
GSM1112504	16cell_4-1	16-cell stage blastomere	Mus musculus	CAST/EiJ(mother) x C57BL/6J(father)	first generation cross	16-cell stage blastomere	For expression values, we aligned reads using bowtie 0.12.7, option --best, against the genome and transcriptome (Ensembl, version 16 May 2011) with the genotype of both strains, in mm9 coordinates	RNA-Seq	ftp://ftp.ncbi.nlm.nih.gov/geo/samples/GSM1112nnn/GSM1112504/suppl/GSM1112504_16cell_4-1_expression.txt.gz	
GSM1112505	16cell_4-10	16-cell stage blastomere	Mus musculus	CAST/EiJ(mother) x C57BL/6J(father)	first generation cross	16-cell stage blastomere	For expression values, we aligned reads using bowtie 0.12.7, option --best, against the genome and transcriptome (Ensembl, version 16 May 2011) with the genotype of both strains, in mm9 coordinates	RNA-Seq	ftp://ftp.ncbi.nlm.nih.gov/geo/samples/GSM1112nnn/GSM1112505/suppl/GSM1112505_16cell_4-10_expression.txt.gz	
GSM1112506	16cell_4-11	16-cell stage blastomere	Mus musculus	CAST/EiJ(mother) x C57BL/6J(father)	first generation cross	16-cell stage blastomere	For expression values, we aligned reads using bowtie 0.12.7, option --best, against the genome and transcriptome (Ensembl, version 16 May 2011) with the genotype of both strains, in mm9 coordinates	RNA-Seq	ftp://ftp.ncbi.nlm.nih.gov/geo/samples/GSM1112nnn/GSM1112506/suppl/GSM1112506_16cell_4-11_expression.txt.gz	
GSM1112507	16cell_4-2	16-cell stage blastomere	Mus musculus	CAST/EiJ(mother) x C57BL/6J(father)	first generation cross	16-cell stage blastomere	For expression values, we aligned reads using bowtie 0.12.7, option --best, against the genome and transcriptome (Ensembl, version 16 May 2011) with the genotype of both strains, in mm9 coordinates	RNA-Seq	ftp://ftp.ncbi.nlm.nih.gov/geo/samples/GSM1112nnn/GSM1112507/suppl/GSM1112507_16cell_4-2_expression.txt.gz	
GSM1112508	16cell_4-3	16-cell stage blastomere	Mus musculus	CAST/EiJ(mother) x C57BL/6J(father)	first generation cross	16-cell stage blastomere	For expression values, we aligned reads using bowtie 0.12.7, option --best, against the genome and transcriptome (Ensembl, version 16 May 2011) with the genotype of both strains, in mm9 coordinates	RNA-Seq	ftp://ftp.ncbi.nlm.nih.gov/geo/samples/GSM1112nnn/GSM1112508/suppl/GSM1112508_16cell_4-3_expression.txt.gz	
GSM1112509	16cell_4-4	16-cell stage blastomere	Mus musculus	CAST/EiJ(mother) x C57BL/6J(father)	first generation cross	16-cell stage blastomere	For expression values, we aligned reads using bowtie 0.12.7, option --best, against the genome and transcriptome (Ensembl, version 16 May 2011) with the genotype of both strains, in mm9 coordinates	RNA-Seq	ftp://ftp.ncbi.nlm.nih.gov/geo/samples/GSM1112nnn/GSM1112509/suppl/GSM1112509_16cell_4-4_expression.txt.gz	
GSM1112510	16cell_4-5	16-cell stage blastomere	Mus musculus	CAST/EiJ(mother) x C57BL/6J(father)	first generation cross	16-cell stage blastomere	For expression values, we aligned reads using bowtie 0.12.7, option --best, against the genome and transcriptome (Ensembl, version 16 May 2011) with the genotype of both strains, in mm9 coordinates	RNA-Seq	ftp://ftp.ncbi.nlm.nih.gov/geo/samples/GSM1112nnn/GSM1112510/suppl/GSM1112510_16cell_4-5_expression.txt.gz	
GSM1112511	16cell_4-6	16-cell stage blastomere	Mus musculus	CAST/EiJ(mother) x C57BL/6J(father)	first generation cross	16-cell stage blastomere	For expression values, we aligned reads using bowtie 0.12.7, option --best, against the genome and transcriptome (Ensembl, version 16 May 2011) with the genotype of both strains, in mm9 coordinates	RNA-Seq	ftp://ftp.ncbi.nlm.nih.gov/geo/samples/GSM1112nnn/GSM1112511/suppl/GSM1112511_16cell_4-6_expression.txt.gz	
GSM1112512	16cell_4-7	16-cell stage blastomere	Mus musculus	CAST/EiJ(mother) x C57BL/6J(father)	first generation cross	16-cell stage blastomere	For expression values, we aligned reads using bowtie 0.12.7, option --best, against the genome and transcriptome (Ensembl, version 16 May 2011) with the genotype of both strains, in mm9 coordinates	RNA-Seq	ftp://ftp.ncbi.nlm.nih.gov/geo/samples/GSM1112nnn/GSM1112512/suppl/GSM1112512_16cell_4-7_expression.txt.gz	
GSM1112513	16cell_4-8	16-cell stage blastomere	Mus musculus	CAST/EiJ(mother) x C57BL/6J(father)	first generation cross	16-cell stage blastomere	For expression values, we aligned reads using bowtie 0.12.7, option --best, against the genome and transcriptome (Ensembl, version 16 May 2011) with the genotype of both strains, in mm9 coordinates	RNA-Seq	ftp://ftp.ncbi.nlm.nih.gov/geo/samples/GSM1112nnn/GSM1112513/suppl/GSM1112513_16cell_4-8_expression.txt.gz	
GSM1112514	16cell_4-9	16-cell stage blastomere	Mus musculus	CAST/EiJ(mother) x C57BL/6J(father)	first generation cross	16-cell stage blastomere	For expression values, we aligned reads using bowtie 0.12.7, option --best, against the genome and transcriptome (Ensembl, version 16 May 2011) with the genotype of both strains, in mm9 coordinates	RNA-Seq	ftp://ftp.ncbi.nlm.nih.gov/geo/samples/GSM1112nnn/GSM1112514/suppl/GSM1112514_16cell_4-9_expression.txt.gz	
GSM1112515	16cell_5-1	16-cell stage blastomere	Mus musculus	CAST/EiJ(mother) x C57BL/6J(father)	first generation cross	16-cell stage blastomere	For expression values, we aligned reads using bowtie 0.12.7, option --best, against the genome and transcriptome (Ensembl, version 16 May 2011) with the genotype of both strains, in mm9 coordinates	RNA-Seq	ftp://ftp.ncbi.nlm.nih.gov/geo/samples/GSM1112nnn/GSM1112515/suppl/GSM1112515_16cell_5-1_expression.txt.gz	
GSM1112516	16cell_5-10	16-cell stage blastomere	Mus musculus	CAST/EiJ(mother) x C57BL/6J(father)	first generation cross	16-cell stage blastomere	For expression values, we aligned reads using bowtie 0.12.7, option --best, against the genome and transcriptome (Ensembl, version 16 May 2011) with the genotype of both strains, in mm9 coordinates	RNA-Seq	ftp://ftp.ncbi.nlm.nih.gov/geo/samples/GSM1112nnn/GSM1112516/suppl/GSM1112516_16cell_5-10_expression.txt.gz	
GSM1112517	16cell_5-11	16-cell stage blastomere	Mus musculus	CAST/EiJ(mother) x C57BL/6J(father)	first generation cross	16-cell stage blastomere	For expression values, we aligned reads using bowtie 0.12.7, option --best, against the genome and transcriptome (Ensembl, version 16 May 2011) with the genotype of both strains, in mm9 coordinates	RNA-Seq	ftp://ftp.ncbi.nlm.nih.gov/geo/samples/GSM1112nnn/GSM1112517/suppl/GSM1112517_16cell_5-11_expression.txt.gz	
GSM1112518	16cell_5-12	16-cell stage blastomere	Mus musculus	CAST/EiJ(mother) x C57BL/6J(father)	first generation cross	16-cell stage blastomere	For expression values, we aligned reads using bowtie 0.12.7, option --best, against the genome and transcriptome (Ensembl, version 16 May 2011) with the genotype of both strains, in mm9 coordinates	RNA-Seq	ftp://ftp.ncbi.nlm.nih.gov/geo/samples/GSM1112nnn/GSM1112518/suppl/GSM1112518_16cell_5-12_expression.txt.gz	
GSM1112519	16cell_5-13	16-cell stage blastomere	Mus musculus	CAST/EiJ(mother) x C57BL/6J(father)	first generation cross	16-cell stage blastomere	For expression values, we aligned reads using bowtie 0.12.7, option --best, against the genome and transcriptome (Ensembl, version 16 May 2011) with the genotype of both strains, in mm9 coordinates	RNA-Seq	ftp://ftp.ncbi.nlm.nih.gov/geo/samples/GSM1112nnn/GSM1112519/suppl/GSM1112519_16cell_5-13_expression.txt.gz	
GSM1112520	16cell_5-2	16-cell stage blastomere	Mus musculus	CAST/EiJ(mother) x C57BL/6J(father)	first generation cross	16-cell stage blastomere	For expression values, we aligned reads using bowtie 0.12.7, option --best, against the genome and transcriptome (Ensembl, version 16 May 2011) with the genotype of both strains, in mm9 coordinates	RNA-Seq	ftp://ftp.ncbi.nlm.nih.gov/geo/samples/GSM1112nnn/GSM1112520/suppl/GSM1112520_16cell_5-2_expression.txt.gz	
GSM1112521	16cell_5-3	16-cell stage blastomere	Mus musculus	CAST/EiJ(mother) x C57BL/6J(father)	first generation cross	16-cell stage blastomere	For expression values, we aligned reads using bowtie 0.12.7, option --best, against the genome and transcriptome (Ensembl, version 16 May 2011) with the genotype of both strains, in mm9 coordinates	RNA-Seq	ftp://ftp.ncbi.nlm.nih.gov/geo/samples/GSM1112nnn/GSM1112521/suppl/GSM1112521_16cell_5-3_expression.txt.gz	
GSM1112522	16cell_5-4	16-cell stage blastomere	Mus musculus	CAST/EiJ(mother) x C57BL/6J(father)	first generation cross	16-cell stage blastomere	For expression values, we aligned reads using bowtie 0.12.7, option --best, against the genome and transcriptome (Ensembl, version 16 May 2011) with the genotype of both strains, in mm9 coordinates	RNA-Seq	ftp://ftp.ncbi.nlm.nih.gov/geo/samples/GSM1112nnn/GSM1112522/suppl/GSM1112522_16cell_5-4_expression.txt.gz	
GSM1112523	16cell_5-5	16-cell stage blastomere	Mus musculus	CAST/EiJ(mother) x C57BL/6J(father)	first generation cross	16-cell stage blastomere	For expression values, we aligned reads using bowtie 0.12.7, option --best, against the genome and transcriptome (Ensembl, version 16 May 2011) with the genotype of both strains, in mm9 coordinates	RNA-Seq	ftp://ftp.ncbi.nlm.nih.gov/geo/samples/GSM1112nnn/GSM1112523/suppl/GSM1112523_16cell_5-5_expression.txt.gz	
GSM1112524	16cell_5-6	16-cell stage blastomere	Mus musculus	CAST/EiJ(mother) x C57BL/6J(father)	first generation cross	16-cell stage blastomere	For expression values, we aligned reads using bowtie 0.12.7, option --best, against the genome and transcriptome (Ensembl, version 16 May 2011) with the genotype of both strains, in mm9 coordinates	RNA-Seq	ftp://ftp.ncbi.nlm.nih.gov/geo/samples/GSM1112nnn/GSM1112524/suppl/GSM1112524_16cell_5-6_expression.txt.gz	
GSM1112525	16cell_5-7	16-cell stage blastomere	Mus musculus	CAST/EiJ(mother) x C57BL/6J(father)	first generation cross	16-cell stage blastomere	For expression values, we aligned reads using bowtie 0.12.7, option --best, against the genome and transcriptome (Ensembl, version 16 May 2011) with the genotype of both strains, in mm9 coordinates	RNA-Seq	ftp://ftp.ncbi.nlm.nih.gov/geo/samples/GSM1112nnn/GSM1112525/suppl/GSM1112525_16cell_5-7_expression.txt.gz	
GSM1112526	16cell_5-8	16-cell stage blastomere	Mus musculus	CAST/EiJ(mother) x C57BL/6J(father)	first generation cross	16-cell stage blastomere	For expression values, we aligned reads using bowtie 0.12.7, option --best, against the genome and transcriptome (Ensembl, version 16 May 2011) with the genotype of both strains, in mm9 coordinates	RNA-Seq	ftp://ftp.ncbi.nlm.nih.gov/geo/samples/GSM1112nnn/GSM1112526/suppl/GSM1112526_16cell_5-8_expression.txt.gz	
GSM1112527	16cell_5-9	16-cell stage blastomere	Mus musculus	CAST/EiJ(mother) x C57BL/6J(father)	first generation cross	16-cell stage blastomere	For expression values, we aligned reads using bowtie 0.12.7, option --best, against the genome and transcriptome (Ensembl, version 16 May 2011) with the genotype of both strains, in mm9 coordinates	RNA-Seq	ftp://ftp.ncbi.nlm.nih.gov/geo/samples/GSM1112nnn/GSM1112527/suppl/GSM1112527_16cell_5-9_expression.txt.gz	
GSM1112528	16cell_6-1	16-cell stage blastomere	Mus musculus	CAST/EiJ(mother) x C57BL/6J(father)	first generation cross	16-cell stage blastomere	For expression values, we aligned reads using bowtie 0.12.7, option --best, against the genome and transcriptome (Ensembl, version 16 May 2011) with the genotype of both strains, in mm9 coordinates	RNA-Seq	ftp://ftp.ncbi.nlm.nih.gov/geo/samples/GSM1112nnn/GSM1112528/suppl/GSM1112528_16cell_6-1_expression.txt.gz	
GSM1112529	16cell_6-10	16-cell stage blastomere	Mus musculus	CAST/EiJ(mother) x C57BL/6J(father)	first generation cross	16-cell stage blastomere	For expression values, we aligned reads using bowtie 0.12.7, option --best, against the genome and transcriptome (Ensembl, version 16 May 2011) with the genotype of both strains, in mm9 coordinates	RNA-Seq	ftp://ftp.ncbi.nlm.nih.gov/geo/samples/GSM1112nnn/GSM1112529/suppl/GSM1112529_16cell_6-10_expression.txt.gz	
GSM1112530	16cell_6-11	16-cell stage blastomere	Mus musculus	CAST/EiJ(mother) x C57BL/6J(father)	first generation cross	16-cell stage blastomere	For expression values, we aligned reads using bowtie 0.12.7, option --best, against the genome and transcriptome (Ensembl, version 16 May 2011) with the genotype of both strains, in mm9 coordinates	RNA-Seq	ftp://ftp.ncbi.nlm.nih.gov/geo/samples/GSM1112nnn/GSM1112530/suppl/GSM1112530_16cell_6-11_expression.txt.gz	
GSM1112531	16cell_6-12	16-cell stage blastomere	Mus musculus	CAST/EiJ(mother) x C57BL/6J(father)	first generation cross	16-cell stage blastomere	For expression values, we aligned reads using bowtie 0.12.7, option --best, against the genome and transcriptome (Ensembl, version 16 May 2011) with the genotype of both strains, in mm9 coordinates	RNA-Seq	ftp://ftp.ncbi.nlm.nih.gov/geo/samples/GSM1112nnn/GSM1112531/suppl/GSM1112531_16cell_6-12_expression.txt.gz	
GSM1112532	16cell_6-2	16-cell stage blastomere	Mus musculus	CAST/EiJ(mother) x C57BL/6J(father)	first generation cross	16-cell stage blastomere	For expression values, we aligned reads using bowtie 0.12.7, option --best, against the genome and transcriptome (Ensembl, version 16 May 2011) with the genotype of both strains, in mm9 coordinates	RNA-Seq	ftp://ftp.ncbi.nlm.nih.gov/geo/samples/GSM1112nnn/GSM1112532/suppl/GSM1112532_16cell_6-2_expression.txt.gz	
GSM1112533	16cell_6-3	16-cell stage blastomere	Mus musculus	CAST/EiJ(mother) x C57BL/6J(father)	first generation cross	16-cell stage blastomere	For expression values, we aligned reads using bowtie 0.12.7, option --best, against the genome and transcriptome (Ensembl, version 16 May 2011) with the genotype of both strains, in mm9 coordinates	RNA-Seq	ftp://ftp.ncbi.nlm.nih.gov/geo/samples/GSM1112nnn/GSM1112533/suppl/GSM1112533_16cell_6-3_expression.txt.gz	
GSM1112534	16cell_6-4	16-cell stage blastomere	Mus musculus	CAST/EiJ(mother) x C57BL/6J(father)	first generation cross	16-cell stage blastomere	For expression values, we aligned reads using bowtie 0.12.7, option --best, against the genome and transcriptome (Ensembl, version 16 May 2011) with the genotype of both strains, in mm9 coordinates	RNA-Seq	ftp://ftp.ncbi.nlm.nih.gov/geo/samples/GSM1112nnn/GSM1112534/suppl/GSM1112534_16cell_6-4_expression.txt.gz	
GSM1112535	16cell_6-5	16-cell stage blastomere	Mus musculus	CAST/EiJ(mother) x C57BL/6J(father)	first generation cross	16-cell stage blastomere	For expression values, we aligned reads using bowtie 0.12.7, option --best, against the genome and transcriptome (Ensembl, version 16 May 2011) with the genotype of both strains, in mm9 coordinates	RNA-Seq	ftp://ftp.ncbi.nlm.nih.gov/geo/samples/GSM1112nnn/GSM1112535/suppl/GSM1112535_16cell_6-5_expression.txt.gz	
GSM1112536	16cell_6-6	16-cell stage blastomere	Mus musculus	CAST/EiJ(mother) x C57BL/6J(father)	first generation cross	16-cell stage blastomere	For expression values, we aligned reads using bowtie 0.12.7, option --best, against the genome and transcriptome (Ensembl, version 16 May 2011) with the genotype of both strains, in mm9 coordinates	RNA-Seq	ftp://ftp.ncbi.nlm.nih.gov/geo/samples/GSM1112nnn/GSM1112536/suppl/GSM1112536_16cell_6-6_expression.txt.gz	
GSM1112537	16cell_6-7	16-cell stage blastomere	Mus musculus	CAST/EiJ(mother) x C57BL/6J(father)	first generation cross	16-cell stage blastomere	For expression values, we aligned reads using bowtie 0.12.7, option --best, against the genome and transcriptome (Ensembl, version 16 May 2011) with the genotype of both strains, in mm9 coordinates	RNA-Seq	ftp://ftp.ncbi.nlm.nih.gov/geo/samples/GSM1112nnn/GSM1112537/suppl/GSM1112537_16cell_6-7_expression.txt.gz	
GSM1112538	16cell_6-8	16-cell stage blastomere	Mus musculus	CAST/EiJ(mother) x C57BL/6J(father)	first generation cross	16-cell stage blastomere	For expression values, we aligned reads using bowtie 0.12.7, option --best, against the genome and transcriptome (Ensembl, version 16 May 2011) with the genotype of both strains, in mm9 coordinates	RNA-Seq	ftp://ftp.ncbi.nlm.nih.gov/geo/samples/GSM1112nnn/GSM1112538/suppl/GSM1112538_16cell_6-8_expression.txt.gz	
GSM1112539	16cell_6-9	16-cell stage blastomere	Mus musculus	CAST/EiJ(mother) x C57BL/6J(father)	first generation cross	16-cell stage blastomere	For expression values, we aligned reads using bowtie 0.12.7, option --best, against the genome and transcriptome (Ensembl, version 16 May 2011) with the genotype of both strains, in mm9 coordinates	RNA-Seq	ftp://ftp.ncbi.nlm.nih.gov/geo/samples/GSM1112nnn/GSM1112539/suppl/GSM1112539_16cell_6-9_expression.txt.gz	
GSM1112540	4cell_1-1	4-cell stage blastomere	Mus musculus	CAST/EiJ(mother) x C57BL/6J(father)	first generation cross	4-cell stage blastomere	For expression values, we aligned reads using bowtie 0.12.7, option --best, against the genome and transcriptome (Ensembl, version 16 May 2011) with the genotype of both strains, in mm9 coordinates	RNA-Seq	ftp://ftp.ncbi.nlm.nih.gov/geo/samples/GSM1112nnn/GSM1112540/suppl/GSM1112540_4cell_1-1_expression.txt.gz	
GSM1112541	4cell_1-2	4-cell stage blastomere	Mus musculus	CAST/EiJ(mother) x C57BL/6J(father)	first generation cross	4-cell stage blastomere	For expression values, we aligned reads using bowtie 0.12.7, option --best, against the genome and transcriptome (Ensembl, version 16 May 2011) with the genotype of both strains, in mm9 coordinates	RNA-Seq	ftp://ftp.ncbi.nlm.nih.gov/geo/samples/GSM1112nnn/GSM1112541/suppl/GSM1112541_4cell_1-2_expression.txt.gz	
GSM1112542	4cell_1-4	4-cell stage blastomere	Mus musculus	CAST/EiJ(mother) x C57BL/6J(father)	first generation cross	4-cell stage blastomere	For expression values, we aligned reads using bowtie 0.12.7, option --best, against the genome and transcriptome (Ensembl, version 16 May 2011) with the genotype of both strains, in mm9 coordinates	RNA-Seq	ftp://ftp.ncbi.nlm.nih.gov/geo/samples/GSM1112nnn/GSM1112542/suppl/GSM1112542_4cell_1-4_expression.txt.gz	
GSM1112543	4cell_2-1	4-cell stage blastomere	Mus musculus	CAST/EiJ(mother) x C57BL/6J(father)	first generation cross	4-cell stage blastomere	For expression values, we aligned reads using bowtie 0.12.7, option --best, against the genome and transcriptome (Ensembl, version 16 May 2011) with the genotype of both strains, in mm9 coordinates	RNA-Seq	ftp://ftp.ncbi.nlm.nih.gov/geo/samples/GSM1112nnn/GSM1112543/suppl/GSM1112543_4cell_2-1_expression.txt.gz	
GSM1112544	4cell_2-2	4-cell stage blastomere	Mus musculus	CAST/EiJ(mother) x C57BL/6J(father)	first generation cross	4-cell stage blastomere	For expression values, we aligned reads using bowtie 0.12.7, option --best, against the genome and transcriptome (Ensembl, version 16 May 2011) with the genotype of both strains, in mm9 coordinates	RNA-Seq	ftp://ftp.ncbi.nlm.nih.gov/geo/samples/GSM1112nnn/GSM1112544/suppl/GSM1112544_4cell_2-2_expression.txt.gz	
GSM1112545	4cell_2-3	4-cell stage blastomere	Mus musculus	CAST/EiJ(mother) x C57BL/6J(father)	first generation cross	4-cell stage blastomere	For expression values, we aligned reads using bowtie 0.12.7, option --best, against the genome and transcriptome (Ensembl, version 16 May 2011) with the genotype of both strains, in mm9 coordinates	RNA-Seq	ftp://ftp.ncbi.nlm.nih.gov/geo/samples/GSM1112nnn/GSM1112545/suppl/GSM1112545_4cell_2-3_expression.txt.gz	
GSM1112546	4cell_2-4	4-cell stage blastomere	Mus musculus	CAST/EiJ(mother) x C57BL/6J(father)	first generation cross	4-cell stage blastomere	For expression values, we aligned reads using bowtie 0.12.7, option --best, against the genome and transcriptome (Ensembl, version 16 May 2011) with the genotype of both strains, in mm9 coordinates	RNA-Seq	ftp://ftp.ncbi.nlm.nih.gov/geo/samples/GSM1112nnn/GSM1112546/suppl/GSM1112546_4cell_2-4_expression.txt.gz	
GSM1112547	4cell_3-1	4-cell stage blastomere	Mus musculus	CAST/EiJ(mother) x C57BL/6J(father)	first generation cross	4-cell stage blastomere	For expression values, we aligned reads using bowtie 0.12.7, option --best, against the genome and transcriptome (Ensembl, version 16 May 2011) with the genotype of both strains, in mm9 coordinates	RNA-Seq	ftp://ftp.ncbi.nlm.nih.gov/geo/samples/GSM1112nnn/GSM1112547/suppl/GSM1112547_4cell_3-1_expression.txt.gz	
GSM1112548	4cell_3-3	4-cell stage blastomere	Mus musculus	CAST/EiJ(mother) x C57BL/6J(father)	first generation cross	4-cell stage blastomere	For expression values, we aligned reads using bowtie 0.12.7, option --best, against the genome and transcriptome (Ensembl, version 16 May 2011) with the genotype of both strains, in mm9 coordinates	RNA-Seq	ftp://ftp.ncbi.nlm.nih.gov/geo/samples/GSM1112nnn/GSM1112548/suppl/GSM1112548_4cell_3-3_expression.txt.gz	
GSM1112549	4cell_3-4	4-cell stage blastomere	Mus musculus	CAST/EiJ(mother) x C57BL/6J(father)	first generation cross	4-cell stage blastomere	For expression values, we aligned reads using bowtie 0.12.7, option --best, against the genome and transcriptome (Ensembl, version 16 May 2011) with the genotype of both strains, in mm9 coordinates	RNA-Seq	ftp://ftp.ncbi.nlm.nih.gov/geo/samples/GSM1112nnn/GSM1112549/suppl/GSM1112549_4cell_3-4_expression.txt.gz	
GSM1112550	4cell_4-1	4-cell stage blastomere	Mus musculus	CAST/EiJ(mother) x C57BL/6J(father)	first generation cross	4-cell stage blastomere	For expression values, we aligned reads using bowtie 0.12.7, option --best, against the genome and transcriptome (Ensembl, version 16 May 2011) with the genotype of both strains, in mm9 coordinates	RNA-Seq	ftp://ftp.ncbi.nlm.nih.gov/geo/samples/GSM1112nnn/GSM1112550/suppl/GSM1112550_4cell_4-1_expression.txt.gz	
GSM1112551	4cell_4-2	4-cell stage blastomere	Mus musculus	CAST/EiJ(mother) x C57BL/6J(father)	first generation cross	4-cell stage blastomere	For expression values, we aligned reads using bowtie 0.12.7, option --best, against the genome and transcriptome (Ensembl, version 16 May 2011) with the genotype of both strains, in mm9 coordinates	RNA-Seq	ftp://ftp.ncbi.nlm.nih.gov/geo/samples/GSM1112nnn/GSM1112551/suppl/GSM1112551_4cell_4-2_expression.txt.gz	
GSM1112552	4cell_4-3	4-cell stage blastomere	Mus musculus	CAST/EiJ(mother) x C57BL/6J(father)	first generation cross	4-cell stage blastomere	For expression values, we aligned reads using bowtie 0.12.7, option --best, against the genome and transcriptome (Ensembl, version 16 May 2011) with the genotype of both strains, in mm9 coordinates	RNA-Seq	ftp://ftp.ncbi.nlm.nih.gov/geo/samples/GSM1112nnn/GSM1112552/suppl/GSM1112552_4cell_4-3_expression.txt.gz	
GSM1112553	4cell_4-4	4-cell stage blastomere	Mus musculus	CAST/EiJ(mother) x C57BL/6J(father)	first generation cross	4-cell stage blastomere	For expression values, we aligned reads using bowtie 0.12.7, option --best, against the genome and transcriptome (Ensembl, version 16 May 2011) with the genotype of both strains, in mm9 coordinates	RNA-Seq	ftp://ftp.ncbi.nlm.nih.gov/geo/samples/GSM1112nnn/GSM1112553/suppl/GSM1112553_4cell_4-4_expression.txt.gz	
GSM1112554	8cell_1-1	8-cell stage blastomere	Mus musculus	CAST/EiJ(mother) x C57BL/6J(father)	first generation cross	8-cell stage blastomere	For expression values, we aligned reads using bowtie 0.12.7, option --best, against the genome and transcriptome (Ensembl, version 16 May 2011) with the genotype of both strains, in mm9 coordinates	RNA-Seq	ftp://ftp.ncbi.nlm.nih.gov/geo/samples/GSM1112nnn/GSM1112554/suppl/GSM1112554_8cell_1-1_expression.txt.gz	
GSM1112555	8cell_1-2	8-cell stage blastomere	Mus musculus	CAST/EiJ(mother) x C57BL/6J(father)	first generation cross	8-cell stage blastomere	For expression values, we aligned reads using bowtie 0.12.7, option --best, against the genome and transcriptome (Ensembl, version 16 May 2011) with the genotype of both strains, in mm9 coordinates	RNA-Seq	ftp://ftp.ncbi.nlm.nih.gov/geo/samples/GSM1112nnn/GSM1112555/suppl/GSM1112555_8cell_1-2_expression.txt.gz	
GSM1112556	8cell_1-4	8-cell stage blastomere	Mus musculus	CAST/EiJ(mother) x C57BL/6J(father)	first generation cross	8-cell stage blastomere	For expression values, we aligned reads using bowtie 0.12.7, option --best, against the genome and transcriptome (Ensembl, version 16 May 2011) with the genotype of both strains, in mm9 coordinates	RNA-Seq	ftp://ftp.ncbi.nlm.nih.gov/geo/samples/GSM1112nnn/GSM1112556/suppl/GSM1112556_8cell_1-4_expression.txt.gz	
GSM1112557	8cell_1-5	8-cell stage blastomere	Mus musculus	CAST/EiJ(mother) x C57BL/6J(father)	first generation cross	8-cell stage blastomere	For expression values, we aligned reads using bowtie 0.12.7, option --best, against the genome and transcriptome (Ensembl, version 16 May 2011) with the genotype of both strains, in mm9 coordinates	RNA-Seq	ftp://ftp.ncbi.nlm.nih.gov/geo/samples/GSM1112nnn/GSM1112557/suppl/GSM1112557_8cell_1-5_expression.txt.gz	
GSM1112558	8cell_1-6	8-cell stage blastomere	Mus musculus	CAST/EiJ(mother) x C57BL/6J(father)	first generation cross	8-cell stage blastomere	For expression values, we aligned reads using bowtie 0.12.7, option --best, against the genome and transcriptome (Ensembl, version 16 May 2011) with the genotype of both strains, in mm9 coordinates	RNA-Seq	ftp://ftp.ncbi.nlm.nih.gov/geo/samples/GSM1112nnn/GSM1112558/suppl/GSM1112558_8cell_1-6_expression.txt.gz	
GSM1112559	8cell_1-7	8-cell stage blastomere	Mus musculus	CAST/EiJ(mother) x C57BL/6J(father)	first generation cross	8-cell stage blastomere	For expression values, we aligned reads using bowtie 0.12.7, option --best, against the genome and transcriptome (Ensembl, version 16 May 2011) with the genotype of both strains, in mm9 coordinates	RNA-Seq	ftp://ftp.ncbi.nlm.nih.gov/geo/samples/GSM1112nnn/GSM1112559/suppl/GSM1112559_8cell_1-7_expression.txt.gz	
GSM1112560	8cell_1-8	8-cell stage blastomere	Mus musculus	CAST/EiJ(mother) x C57BL/6J(father)	first generation cross	8-cell stage blastomere	For expression values, we aligned reads using bowtie 0.12.7, option --best, against the genome and transcriptome (Ensembl, version 16 May 2011) with the genotype of both strains, in mm9 coordinates	RNA-Seq	ftp://ftp.ncbi.nlm.nih.gov/geo/samples/GSM1112nnn/GSM1112560/suppl/GSM1112560_8cell_1-8_expression.txt.gz	
GSM1112561	8cell_2-1	8-cell stage blastomere	Mus musculus	CAST/EiJ(mother) x C57BL/6J(father)	first generation cross	8-cell stage blastomere	For expression values, we aligned reads using bowtie 0.12.7, option --best, against the genome and transcriptome (Ensembl, version 16 May 2011) with the genotype of both strains, in mm9 coordinates	RNA-Seq	ftp://ftp.ncbi.nlm.nih.gov/geo/samples/GSM1112nnn/GSM1112561/suppl/GSM1112561_8cell_2-1_expression.txt.gz	
GSM1112562	8cell_2-2	8-cell stage blastomere	Mus musculus	CAST/EiJ(mother) x C57BL/6J(father)	first generation cross	8-cell stage blastomere	For expression values, we aligned reads using bowtie 0.12.7, option --best, against the genome and transcriptome (Ensembl, version 16 May 2011) with the genotype of both strains, in mm9 coordinates	RNA-Seq	ftp://ftp.ncbi.nlm.nih.gov/geo/samples/GSM1112nnn/GSM1112562/suppl/GSM1112562_8cell_2-2_expression.txt.gz	
GSM1112563	8cell_2-3	8-cell stage blastomere	Mus musculus	CAST/EiJ(mother) x C57BL/6J(father)	first generation cross	8-cell stage blastomere	For expression values, we aligned reads using bowtie 0.12.7, option --best, against the genome and transcriptome (Ensembl, version 16 May 2011) with the genotype of both strains, in mm9 coordinates	RNA-Seq	ftp://ftp.ncbi.nlm.nih.gov/geo/samples/GSM1112nnn/GSM1112563/suppl/GSM1112563_8cell_2-3_expression.txt.gz	
GSM1112564	8cell_2-4	8-cell stage blastomere	Mus musculus	CAST/EiJ(mother) x C57BL/6J(father)	first generation cross	8-cell stage blastomere	For expression values, we aligned reads using bowtie 0.12.7, option --best, against the genome and transcriptome (Ensembl, version 16 May 2011) with the genotype of both strains, in mm9 coordinates	RNA-Seq	ftp://ftp.ncbi.nlm.nih.gov/geo/samples/GSM1112nnn/GSM1112564/suppl/GSM1112564_8cell_2-4_expression.txt.gz	
GSM1112565	8cell_2-6	8-cell stage blastomere	Mus musculus	CAST/EiJ(mother) x C57BL/6J(father)	first generation cross	8-cell stage blastomere	For expression values, we aligned reads using bowtie 0.12.7, option --best, against the genome and transcriptome (Ensembl, version 16 May 2011) with the genotype of both strains, in mm9 coordinates	RNA-Seq	ftp://ftp.ncbi.nlm.nih.gov/geo/samples/GSM1112nnn/GSM1112565/suppl/GSM1112565_8cell_2-6_expression.txt.gz	
GSM1112566	8cell_2-7	8-cell stage blastomere	Mus musculus	CAST/EiJ(mother) x C57BL/6J(father)	first generation cross	8-cell stage blastomere	For expression values, we aligned reads using bowtie 0.12.7, option --best, against the genome and transcriptome (Ensembl, version 16 May 2011) with the genotype of both strains, in mm9 coordinates	RNA-Seq	ftp://ftp.ncbi.nlm.nih.gov/geo/samples/GSM1112nnn/GSM1112566/suppl/GSM1112566_8cell_2-7_expression.txt.gz	
GSM1112567	8cell_2-8	8-cell stage blastomere	Mus musculus	CAST/EiJ(mother) x C57BL/6J(father)	first generation cross	8-cell stage blastomere	For expression values, we aligned reads using bowtie 0.12.7, option --best, against the genome and transcriptome (Ensembl, version 16 May 2011) with the genotype of both strains, in mm9 coordinates	RNA-Seq	ftp://ftp.ncbi.nlm.nih.gov/geo/samples/GSM1112nnn/GSM1112567/suppl/GSM1112567_8cell_2-8_expression.txt.gz	
GSM1112568	8cell_5-1	8-cell stage blastomere	Mus musculus	CAST/EiJ(mother) x C57BL/6J(father)	first generation cross	8-cell stage blastomere	For expression values, we aligned reads using bowtie 0.12.7, option --best, against the genome and transcriptome (Ensembl, version 16 May 2011) with the genotype of both strains, in mm9 coordinates	RNA-Seq	ftp://ftp.ncbi.nlm.nih.gov/geo/samples/GSM1112nnn/GSM1112568/suppl/GSM1112568_8cell_5-1_expression.txt.gz	
GSM1112569	8cell_5-2	8-cell stage blastomere	Mus musculus	CAST/EiJ(mother) x C57BL/6J(father)	first generation cross	8-cell stage blastomere	For expression values, we aligned reads using bowtie 0.12.7, option --best, against the genome and transcriptome (Ensembl, version 16 May 2011) with the genotype of both strains, in mm9 coordinates	RNA-Seq	ftp://ftp.ncbi.nlm.nih.gov/geo/samples/GSM1112nnn/GSM1112569/suppl/GSM1112569_8cell_5-2_expression.txt.gz	
GSM1112570	8cell_5-3	8-cell stage blastomere	Mus musculus	CAST/EiJ(mother) x C57BL/6J(father)	first generation cross	8-cell stage blastomere	For expression values, we aligned reads using bowtie 0.12.7, option --best, against the genome and transcriptome (Ensembl, version 16 May 2011) with the genotype of both strains, in mm9 coordinates	RNA-Seq	ftp://ftp.ncbi.nlm.nih.gov/geo/samples/GSM1112nnn/GSM1112570/suppl/GSM1112570_8cell_5-3_expression.txt.gz	
GSM1112571	8cell_5-4	8-cell stage blastomere	Mus musculus	CAST/EiJ(mother) x C57BL/6J(father)	first generation cross	8-cell stage blastomere	For expression values, we aligned reads using bowtie 0.12.7, option --best, against the genome and transcriptome (Ensembl, version 16 May 2011) with the genotype of both strains, in mm9 coordinates	RNA-Seq	ftp://ftp.ncbi.nlm.nih.gov/geo/samples/GSM1112nnn/GSM1112571/suppl/GSM1112571_8cell_5-4_expression.txt.gz	
GSM1112572	8cell_5-6	8-cell stage blastomere	Mus musculus	CAST/EiJ(mother) x C57BL/6J(father)	first generation cross	8-cell stage blastomere	For expression values, we aligned reads using bowtie 0.12.7, option --best, against the genome and transcriptome (Ensembl, version 16 May 2011) with the genotype of both strains, in mm9 coordinates	RNA-Seq	ftp://ftp.ncbi.nlm.nih.gov/geo/samples/GSM1112nnn/GSM1112572/suppl/GSM1112572_8cell_5-6_expression.txt.gz	
GSM1112573	8cell_5-7	8-cell stage blastomere	Mus musculus	CAST/EiJ(mother) x C57BL/6J(father)	first generation cross	8-cell stage blastomere	For expression values, we aligned reads using bowtie 0.12.7, option --best, against the genome and transcriptome (Ensembl, version 16 May 2011) with the genotype of both strains, in mm9 coordinates	RNA-Seq	ftp://ftp.ncbi.nlm.nih.gov/geo/samples/GSM1112nnn/GSM1112573/suppl/GSM1112573_8cell_5-7_expression.txt.gz	
GSM1112574	8cell_5-8	8-cell stage blastomere	Mus musculus	CAST/EiJ(mother) x C57BL/6J(father)	first generation cross	8-cell stage blastomere	For expression values, we aligned reads using bowtie 0.12.7, option --best, against the genome and transcriptome (Ensembl, version 16 May 2011) with the genotype of both strains, in mm9 coordinates	RNA-Seq	ftp://ftp.ncbi.nlm.nih.gov/geo/samples/GSM1112nnn/GSM1112574/suppl/GSM1112574_8cell_5-8_expression.txt.gz	
GSM1112575	8cell_8-1	8-cell stage blastomere	Mus musculus	CAST/EiJ(mother) x C57BL/6J(father)	first generation cross	8-cell stage blastomere	For expression values, we aligned reads using bowtie 0.12.7, option --best, against the genome and transcriptome (Ensembl, version 16 May 2011) with the genotype of both strains, in mm9 coordinates	RNA-Seq	ftp://ftp.ncbi.nlm.nih.gov/geo/samples/GSM1112nnn/GSM1112575/suppl/GSM1112575_8cell_8-1_expression.txt.gz	
GSM1112576	8cell_8-2	8-cell stage blastomere	Mus musculus	CAST/EiJ(mother) x C57BL/6J(father)	first generation cross	8-cell stage blastomere	For expression values, we aligned reads using bowtie 0.12.7, option --best, against the genome and transcriptome (Ensembl, version 16 May 2011) with the genotype of both strains, in mm9 coordinates	RNA-Seq	ftp://ftp.ncbi.nlm.nih.gov/geo/samples/GSM1112nnn/GSM1112576/suppl/GSM1112576_8cell_8-2_expression.txt.gz	
GSM1112577	8cell_8-3	8-cell stage blastomere	Mus musculus	CAST/EiJ(mother) x C57BL/6J(father)	first generation cross	8-cell stage blastomere	For expression values, we aligned reads using bowtie 0.12.7, option --best, against the genome and transcriptome (Ensembl, version 16 May 2011) with the genotype of both strains, in mm9 coordinates	RNA-Seq	ftp://ftp.ncbi.nlm.nih.gov/geo/samples/GSM1112nnn/GSM1112577/suppl/GSM1112577_8cell_8-3_expression.txt.gz	
GSM1112578	8cell_8-4	8-cell stage blastomere	Mus musculus	CAST/EiJ(mother) x C57BL/6J(father)	first generation cross	8-cell stage blastomere	For expression values, we aligned reads using bowtie 0.12.7, option --best, against the genome and transcriptome (Ensembl, version 16 May 2011) with the genotype of both strains, in mm9 coordinates	RNA-Seq	ftp://ftp.ncbi.nlm.nih.gov/geo/samples/GSM1112nnn/GSM1112578/suppl/GSM1112578_8cell_8-4_expression.txt.gz	
GSM1112579	8cell_8-6	8-cell stage blastomere	Mus musculus	CAST/EiJ(mother) x C57BL/6J(father)	first generation cross	8-cell stage blastomere	For expression values, we aligned reads using bowtie 0.12.7, option --best, against the genome and transcriptome (Ensembl, version 16 May 2011) with the genotype of both strains, in mm9 coordinates	RNA-Seq	ftp://ftp.ncbi.nlm.nih.gov/geo/samples/GSM1112nnn/GSM1112579/suppl/GSM1112579_8cell_8-6_expression.txt.gz	
GSM1112580	8cell_8-7	8-cell stage blastomere	Mus musculus	CAST/EiJ(mother) x C57BL/6J(father)	first generation cross	8-cell stage blastomere	For expression values, we aligned reads using bowtie 0.12.7, option --best, against the genome and transcriptome (Ensembl, version 16 May 2011) with the genotype of both strains, in mm9 coordinates	RNA-Seq	ftp://ftp.ncbi.nlm.nih.gov/geo/samples/GSM1112nnn/GSM1112580/suppl/GSM1112580_8cell_8-7_expression.txt.gz	
GSM1112581	8cell_8-8	8-cell stage blastomere	Mus musculus	CAST/EiJ(mother) x C57BL/6J(father)	first generation cross	8-cell stage blastomere	For expression values, we aligned reads using bowtie 0.12.7, option --best, against the genome and transcriptome (Ensembl, version 16 May 2011) with the genotype of both strains, in mm9 coordinates	RNA-Seq	ftp://ftp.ncbi.nlm.nih.gov/geo/samples/GSM1112nnn/GSM1112581/suppl/GSM1112581_8cell_8-8_expression.txt.gz	
GSM1112582	BXC_100pg_liver_RNA_1	Liver	Mus musculus	C57BL/6J(mother) x CAST/EiJ(father)	first generation cross	adult	For expression values, we aligned reads using bowtie 0.12.7, option --best, against the genome and transcriptome (Ensembl, version 16 May 2011) with the genotype of both strains, in mm9 coordinates	RNA-Seq	ftp://ftp.ncbi.nlm.nih.gov/geo/samples/GSM1112nnn/GSM1112582/suppl/GSM1112582_BXC_100pg_liver_RNA_1_expression.txt.gz	liver (pooled)
GSM1112583	BXC_100pg_liver_RNA_2	Liver	Mus musculus	C57BL/6J(mother) x CAST/EiJ(father)	first generation cross	adult	For expression values, we aligned reads using bowtie 0.12.7, option --best, against the genome and transcriptome (Ensembl, version 16 May 2011) with the genotype of both strains, in mm9 coordinates	RNA-Seq	ftp://ftp.ncbi.nlm.nih.gov/geo/samples/GSM1112nnn/GSM1112583/suppl/GSM1112583_BXC_100pg_liver_RNA_2_expression.txt.gz	liver (pooled)
GSM1112584	BXC_10pg_liver_RNA_1	Liver	Mus musculus	C57BL/6J(mother) x CAST/EiJ(father)	first generation cross	adult	For expression values, we aligned reads using bowtie 0.12.7, option --best, against the genome and transcriptome (Ensembl, version 16 May 2011) with the genotype of both strains, in mm9 coordinates	RNA-Seq	ftp://ftp.ncbi.nlm.nih.gov/geo/samples/GSM1112nnn/GSM1112584/suppl/GSM1112584_BXC_10pg_liver_RNA_1_expression.txt.gz	liver (pooled)
GSM1112585	BXC_10pg_liver_RNA_2	Liver	Mus musculus	C57BL/6J(mother) x CAST/EiJ(father)	first generation cross	adult	For expression values, we aligned reads using bowtie 0.12.7, option --best, against the genome and transcriptome (Ensembl, version 16 May 2011) with the genotype of both strains, in mm9 coordinates	RNA-Seq	ftp://ftp.ncbi.nlm.nih.gov/geo/samples/GSM1112nnn/GSM1112585/suppl/GSM1112585_BXC_10pg_liver_RNA_2_expression.txt.gz	liver (pooled)
GSM1112586	BXC_1ng_liver_RNA_0	Liver	Mus musculus	C57BL/6J(mother) x CAST/EiJ(father)	first generation cross	adult	For expression values, we aligned reads using bowtie 0.12.7, option --best, against the genome and transcriptome (Ensembl, version 16 May 2011) with the genotype of both strains, in mm9 coordinates	RNA-Seq	ftp://ftp.ncbi.nlm.nih.gov/geo/samples/GSM1112nnn/GSM1112586/suppl/GSM1112586_BXC_1ng_liver_RNA_0r_expression.txt.gz	liver (pooled)
GSM1112587	BXC_1ng_liver_RNA_1	Liver	Mus musculus	C57BL/6J(mother) x CAST/EiJ(father)	first generation cross	adult	For expression values, we aligned reads using bowtie 0.12.7, option --best, against the genome and transcriptome (Ensembl, version 16 May 2011) with the genotype of both strains, in mm9 coordinates	RNA-Seq	ftp://ftp.ncbi.nlm.nih.gov/geo/samples/GSM1112nnn/GSM1112587/suppl/GSM1112587_BXC_1ng_liver_RNA_1_expression.txt.gz	liver (pooled)
GSM1112588	BXC_30pg_liver_RNA_0	Liver	Mus musculus	C57BL/6J(mother) x CAST/EiJ(father)	first generation cross	adult	For expression values, we aligned reads using bowtie 0.12.7, option --best, against the genome and transcriptome (Ensembl, version 16 May 2011) with the genotype of both strains, in mm9 coordinates	RNA-Seq	ftp://ftp.ncbi.nlm.nih.gov/geo/samples/GSM1112nnn/GSM1112588/suppl/GSM1112588_BXC_30pg_liver_RNA_0r_expression.txt.gz	liver (pooled)
GSM1112589	BXC_30pg_liver_RNA_2	Liver	Mus musculus	C57BL/6J(mother) x CAST/EiJ(father)	first generation cross	adult	For expression values, we aligned reads using bowtie 0.12.7, option --best, against the genome and transcriptome (Ensembl, version 16 May 2011) with the genotype of both strains, in mm9 coordinates	RNA-Seq	ftp://ftp.ncbi.nlm.nih.gov/geo/samples/GSM1112nnn/GSM1112589/suppl/GSM1112589_BXC_30pg_liver_RNA_2_expression.txt.gz	liver (pooled)
GSM1112590	BXC_liver_cell_1	Liver cell	Mus musculus	C57BL/6J(mother) x CAST/EiJ(father)	first generation cross	adult	For expression values, we aligned reads using bowtie 0.12.7, option --best, against the genome and transcriptome (Ensembl, version 16 May 2011) with the genotype of both strains, in mm9 coordinates	RNA-Seq	ftp://ftp.ncbi.nlm.nih.gov/geo/samples/GSM1112nnn/GSM1112590/suppl/GSM1112590_BXC_liver_cell_1_expression.txt.gz	liver cell
GSM1112591	BXC_liver_cell_2	Liver cell	Mus musculus	C57BL/6J(mother) x CAST/EiJ(father)	first generation cross	adult	For expression values, we aligned reads using bowtie 0.12.7, option --best, against the genome and transcriptome (Ensembl, version 16 May 2011) with the genotype of both strains, in mm9 coordinates	RNA-Seq	ftp://ftp.ncbi.nlm.nih.gov/geo/samples/GSM1112nnn/GSM1112591/suppl/GSM1112591_BXC_liver_cell_2_expression.txt.gz	liver cell
GSM1112592	BXC_liver_cell_4	Liver cell	Mus musculus	C57BL/6J(mother) x CAST/EiJ(father)	first generation cross	adult	For expression values, we aligned reads using bowtie 0.12.7, option --best, against the genome and transcriptome (Ensembl, version 16 May 2011) with the genotype of both strains, in mm9 coordinates	RNA-Seq	ftp://ftp.ncbi.nlm.nih.gov/geo/samples/GSM1112nnn/GSM1112592/suppl/GSM1112592_BXC_liver_cell_4_expression.txt.gz	liver cell
GSM1112593	BXC_liver_cell_5	Liver cell	Mus musculus	C57BL/6J(mother) x CAST/EiJ(father)	first generation cross	adult	For expression values, we aligned reads using bowtie 0.12.7, option --best, against the genome and transcriptome (Ensembl, version 16 May 2011) with the genotype of both strains, in mm9 coordinates	RNA-Seq	ftp://ftp.ncbi.nlm.nih.gov/geo/samples/GSM1112nnn/GSM1112593/suppl/GSM1112593_BXC_liver_cell_5_expression.txt.gz	liver cell
GSM1112594	BXC_liver_cell_6	Liver cell	Mus musculus	C57BL/6J(mother) x CAST/EiJ(father)	first generation cross	adult	For expression values, we aligned reads using bowtie 0.12.7, option --best, against the genome and transcriptome (Ensembl, version 16 May 2011) with the genotype of both strains, in mm9 coordinates	RNA-Seq	ftp://ftp.ncbi.nlm.nih.gov/geo/samples/GSM1112nnn/GSM1112594/suppl/GSM1112594_BXC_liver_cell_6_expression.txt.gz	liver cell
GSM1112595	C57twocell_16-1	2-cell stage blastomere	Mus musculus	C57BL/6J		2-cell stage blastomere	For expression values, we aligned reads using bowtie 0.12.7, option --best, against the genome and transcriptome (Ensembl, version 16 May 2011) with the genotype of both strains, in mm9 coordinates	RNA-Seq	ftp://ftp.ncbi.nlm.nih.gov/geo/samples/GSM1112nnn/GSM1112595/suppl/GSM1112595_C57twocell_16-1_expression.txt.gz	
GSM1112596	C57twocell_16-2	2-cell stage blastomere	Mus musculus	C57BL/6J		2-cell stage blastomere	For expression values, we aligned reads using bowtie 0.12.7, option --best, against the genome and transcriptome (Ensembl, version 16 May 2011) with the genotype of both strains, in mm9 coordinates	RNA-Seq	ftp://ftp.ncbi.nlm.nih.gov/geo/samples/GSM1112nnn/GSM1112596/suppl/GSM1112596_C57twocell_16-2_expression.txt.gz	
GSM1112597	C57twocell_18-1	2-cell stage blastomere	Mus musculus	C57BL/6J		2-cell stage blastomere	For expression values, we aligned reads using bowtie 0.12.7, option --best, against the genome and transcriptome (Ensembl, version 16 May 2011) with the genotype of both strains, in mm9 coordinates	RNA-Seq	ftp://ftp.ncbi.nlm.nih.gov/geo/samples/GSM1112nnn/GSM1112597/suppl/GSM1112597_C57twocell_18-1_expression.txt.gz	
GSM1112598	C57twocell_18-2	2-cell stage blastomere	Mus musculus	C57BL/6J		2-cell stage blastomere	For expression values, we aligned reads using bowtie 0.12.7, option --best, against the genome and transcriptome (Ensembl, version 16 May 2011) with the genotype of both strains, in mm9 coordinates	RNA-Seq	ftp://ftp.ncbi.nlm.nih.gov/geo/samples/GSM1112nnn/GSM1112598/suppl/GSM1112598_C57twocell_18-2_expression.txt.gz	
GSM1112599	C57twocell_20-1	2-cell stage blastomere	Mus musculus	C57BL/6J		2-cell stage blastomere	For expression values, we aligned reads using bowtie 0.12.7, option --best, against the genome and transcriptome (Ensembl, version 16 May 2011) with the genotype of both strains, in mm9 coordinates	RNA-Seq	ftp://ftp.ncbi.nlm.nih.gov/geo/samples/GSM1112nnn/GSM1112599/suppl/GSM1112599_C57twocell_20-1_expression.txt.gz	
GSM1112600	C57twocell_20-2	2-cell stage blastomere	Mus musculus	C57BL/6J		2-cell stage blastomere	For expression values, we aligned reads using bowtie 0.12.7, option --best, against the genome and transcriptome (Ensembl, version 16 May 2011) with the genotype of both strains, in mm9 coordinates	RNA-Seq	ftp://ftp.ncbi.nlm.nih.gov/geo/samples/GSM1112nnn/GSM1112600/suppl/GSM1112600_C57twocell_20-2_expression.txt.gz	
GSM1112601	C57twocell_22-1	2-cell stage blastomere	Mus musculus	C57BL/6J		2-cell stage blastomere	For expression values, we aligned reads using bowtie 0.12.7, option --best, against the genome and transcriptome (Ensembl, version 16 May 2011) with the genotype of both strains, in mm9 coordinates	RNA-Seq	ftp://ftp.ncbi.nlm.nih.gov/geo/samples/GSM1112nnn/GSM1112601/suppl/GSM1112601_C57twocell_22-1_expression.txt.gz	
GSM1112602	C57twocell_22-2	2-cell stage blastomere	Mus musculus	C57BL/6J		2-cell stage blastomere	For expression values, we aligned reads using bowtie 0.12.7, option --best, against the genome and transcriptome (Ensembl, version 16 May 2011) with the genotype of both strains, in mm9 coordinates	RNA-Seq	ftp://ftp.ncbi.nlm.nih.gov/geo/samples/GSM1112nnn/GSM1112602/suppl/GSM1112602_C57twocell_22-2_expression.txt.gz	
GSM1112603	early2cell_0-1	Early 2-cell stage blastomere (31-32h post-fertilization)	Mus musculus	CAST/EiJ(mother) x C57BL/6J(father)	first generation cross	Early 2-cell stage blastomere (31-32h post-fertilization)	For expression values, we aligned reads using bowtie 0.12.7, option --best, against the genome and transcriptome (Ensembl, version 16 May 2011) with the genotype of both strains, in mm9 coordinates	RNA-Seq	ftp://ftp.ncbi.nlm.nih.gov/geo/samples/GSM1112nnn/GSM1112603/suppl/GSM1112603_early2cell_0r-1_expression.txt.gz	
GSM1112604	early2cell_0-2	Early 2-cell stage blastomere (31-32h post-fertilization)	Mus musculus	CAST/EiJ(mother) x C57BL/6J(father)	first generation cross	Early 2-cell stage blastomere (31-32h post-fertilization)	For expression values, we aligned reads using bowtie 0.12.7, option --best, against the genome and transcriptome (Ensembl, version 16 May 2011) with the genotype of both strains, in mm9 coordinates	RNA-Seq	ftp://ftp.ncbi.nlm.nih.gov/geo/samples/GSM1112nnn/GSM1112604/suppl/GSM1112604_early2cell_0r-2_expression.txt.gz	
GSM1112605	early2cell_1-1	Early 2-cell stage blastomere (31-32h post-fertilization)	Mus musculus	CAST/EiJ(mother) x C57BL/6J(father)	first generation cross	Early 2-cell stage blastomere (31-32h post-fertilization)	For expression values, we aligned reads using bowtie 0.12.7, option --best, against the genome and transcriptome (Ensembl, version 16 May 2011) with the genotype of both strains, in mm9 coordinates	RNA-Seq	ftp://ftp.ncbi.nlm.nih.gov/geo/samples/GSM1112nnn/GSM1112605/suppl/GSM1112605_early2cell_1-1_expression.txt.gz	
GSM1112606	early2cell_1-2	Early 2-cell stage blastomere (31-32h post-fertilization)	Mus musculus	CAST/EiJ(mother) x C57BL/6J(father)	first generation cross	Early 2-cell stage blastomere (31-32h post-fertilization)	For expression values, we aligned reads using bowtie 0.12.7, option --best, against the genome and transcriptome (Ensembl, version 16 May 2011) with the genotype of both strains, in mm9 coordinates	RNA-Seq	ftp://ftp.ncbi.nlm.nih.gov/geo/samples/GSM1112nnn/GSM1112606/suppl/GSM1112606_early2cell_1-2_expression.txt.gz	
GSM1112607	early2cell_2-1	Early 2-cell stage blastomere (31-32h post-fertilization)	Mus musculus	CAST/EiJ(mother) x C57BL/6J(father)	first generation cross	Early 2-cell stage blastomere (31-32h post-fertilization)	For expression values, we aligned reads using bowtie 0.12.7, option --best, against the genome and transcriptome (Ensembl, version 16 May 2011) with the genotype of both strains, in mm9 coordinates	RNA-Seq	ftp://ftp.ncbi.nlm.nih.gov/geo/samples/GSM1112nnn/GSM1112607/suppl/GSM1112607_early2cell_2-1_expression.txt.gz	
GSM1112608	early2cell_2-2	Early 2-cell stage blastomere (31-32h post-fertilization)	Mus musculus	CAST/EiJ(mother) x C57BL/6J(father)	first generation cross	Early 2-cell stage blastomere (31-32h post-fertilization)	For expression values, we aligned reads using bowtie 0.12.7, option --best, against the genome and transcriptome (Ensembl, version 16 May 2011) with the genotype of both strains, in mm9 coordinates	RNA-Seq	ftp://ftp.ncbi.nlm.nih.gov/geo/samples/GSM1112nnn/GSM1112608/suppl/GSM1112608_early2cell_2-2_expression.txt.gz	
GSM1112609	early2cell_3-1	Early 2-cell stage blastomere (31-32h post-fertilization)	Mus musculus	CAST/EiJ(mother) x C57BL/6J(father)	first generation cross	Early 2-cell stage blastomere (31-32h post-fertilization)	For expression values, we aligned reads using bowtie 0.12.7, option --best, against the genome and transcriptome (Ensembl, version 16 May 2011) with the genotype of both strains, in mm9 coordinates	RNA-Seq	ftp://ftp.ncbi.nlm.nih.gov/geo/samples/GSM1112nnn/GSM1112609/suppl/GSM1112609_early2cell_3-1_expression.txt.gz	
GSM1112610	early2cell_3-2	Early 2-cell stage blastomere (31-32h post-fertilization)	Mus musculus	CAST/EiJ(mother) x C57BL/6J(father)	first generation cross	Early 2-cell stage blastomere (31-32h post-fertilization)	For expression values, we aligned reads using bowtie 0.12.7, option --best, against the genome and transcriptome (Ensembl, version 16 May 2011) with the genotype of both strains, in mm9 coordinates	RNA-Seq	ftp://ftp.ncbi.nlm.nih.gov/geo/samples/GSM1112nnn/GSM1112610/suppl/GSM1112610_early2cell_3-2_expression.txt.gz	
GSM1112611	earlyblast_2-1	Early blastocyst cell (86-88h post-fertilization)	Mus musculus	CAST/EiJ(mother) x C57BL/6J(father)	first generation cross	Early blastocyst cell (86-88h post-fertilization)	For expression values, we aligned reads using bowtie 0.12.7, option --best, against the genome and transcriptome (Ensembl, version 16 May 2011) with the genotype of both strains, in mm9 coordinates	RNA-Seq	ftp://ftp.ncbi.nlm.nih.gov/geo/samples/GSM1112nnn/GSM1112611/suppl/GSM1112611_earlyblast_2-1_expression.txt.gz	
GSM1112612	earlyblast_2-10	Early blastocyst cell (86-88h post-fertilization)	Mus musculus	CAST/EiJ(mother) x C57BL/6J(father)	first generation cross	Early blastocyst cell (86-88h post-fertilization)	For expression values, we aligned reads using bowtie 0.12.7, option --best, against the genome and transcriptome (Ensembl, version 16 May 2011) with the genotype of both strains, in mm9 coordinates	RNA-Seq	ftp://ftp.ncbi.nlm.nih.gov/geo/samples/GSM1112nnn/GSM1112612/suppl/GSM1112612_earlyblast_2-10_expression.txt.gz	
GSM1112613	earlyblast_2-12	Early blastocyst cell (86-88h post-fertilization)	Mus musculus	CAST/EiJ(mother) x C57BL/6J(father)	first generation cross	Early blastocyst cell (86-88h post-fertilization)	For expression values, we aligned reads using bowtie 0.12.7, option --best, against the genome and transcriptome (Ensembl, version 16 May 2011) with the genotype of both strains, in mm9 coordinates	RNA-Seq	ftp://ftp.ncbi.nlm.nih.gov/geo/samples/GSM1112nnn/GSM1112613/suppl/GSM1112613_earlyblast_2-12_expression.txt.gz	
GSM1112614	earlyblast_2-15	Early blastocyst cell (86-88h post-fertilization)	Mus musculus	CAST/EiJ(mother) x C57BL/6J(father)	first generation cross	Early blastocyst cell (86-88h post-fertilization)	For expression values, we aligned reads using bowtie 0.12.7, option --best, against the genome and transcriptome (Ensembl, version 16 May 2011) with the genotype of both strains, in mm9 coordinates	RNA-Seq	ftp://ftp.ncbi.nlm.nih.gov/geo/samples/GSM1112nnn/GSM1112614/suppl/GSM1112614_earlyblast_2-15_expression.txt.gz	
GSM1112615	earlyblast_2-16	Early blastocyst cell (86-88h post-fertilization)	Mus musculus	CAST/EiJ(mother) x C57BL/6J(father)	first generation cross	Early blastocyst cell (86-88h post-fertilization)	For expression values, we aligned reads using bowtie 0.12.7, option --best, against the genome and transcriptome (Ensembl, version 16 May 2011) with the genotype of both strains, in mm9 coordinates	RNA-Seq	ftp://ftp.ncbi.nlm.nih.gov/geo/samples/GSM1112nnn/GSM1112615/suppl/GSM1112615_earlyblast_2-16_expression.txt.gz	
GSM1112616	earlyblast_2-17	Early blastocyst cell (86-88h post-fertilization)	Mus musculus	CAST/EiJ(mother) x C57BL/6J(father)	first generation cross	Early blastocyst cell (86-88h post-fertilization)	For expression values, we aligned reads using bowtie 0.12.7, option --best, against the genome and transcriptome (Ensembl, version 16 May 2011) with the genotype of both strains, in mm9 coordinates	RNA-Seq	ftp://ftp.ncbi.nlm.nih.gov/geo/samples/GSM1112nnn/GSM1112616/suppl/GSM1112616_earlyblast_2-17_expression.txt.gz	
GSM1112617	earlyblast_2-19	Early blastocyst cell (86-88h post-fertilization)	Mus musculus	CAST/EiJ(mother) x C57BL/6J(father)	first generation cross	Early blastocyst cell (86-88h post-fertilization)	For expression values, we aligned reads using bowtie 0.12.7, option --best, against the genome and transcriptome (Ensembl, version 16 May 2011) with the genotype of both strains, in mm9 coordinates	RNA-Seq	ftp://ftp.ncbi.nlm.nih.gov/geo/samples/GSM1112nnn/GSM1112617/suppl/GSM1112617_earlyblast_2-19_expression.txt.gz	
GSM1112618	earlyblast_2-2	Early blastocyst cell (86-88h post-fertilization)	Mus musculus	CAST/EiJ(mother) x C57BL/6J(father)	first generation cross	Early blastocyst cell (86-88h post-fertilization)	For expression values, we aligned reads using bowtie 0.12.7, option --best, against the genome and transcriptome (Ensembl, version 16 May 2011) with the genotype of both strains, in mm9 coordinates	RNA-Seq	ftp://ftp.ncbi.nlm.nih.gov/geo/samples/GSM1112nnn/GSM1112618/suppl/GSM1112618_earlyblast_2-2_expression.txt.gz	
GSM1112619	earlyblast_2-22	Early blastocyst cell (86-88h post-fertilization)	Mus musculus	CAST/EiJ(mother) x C57BL/6J(father)	first generation cross	Early blastocyst cell (86-88h post-fertilization)	For expression values, we aligned reads using bowtie 0.12.7, option --best, against the genome and transcriptome (Ensembl, version 16 May 2011) with the genotype of both strains, in mm9 coordinates	RNA-Seq	ftp://ftp.ncbi.nlm.nih.gov/geo/samples/GSM1112nnn/GSM1112619/suppl/GSM1112619_earlyblast_2-22_expression.txt.gz	
GSM1112620	earlyblast_2-3	Early blastocyst cell (86-88h post-fertilization)	Mus musculus	CAST/EiJ(mother) x C57BL/6J(father)	first generation cross	Early blastocyst cell (86-88h post-fertilization)	For expression values, we aligned reads using bowtie 0.12.7, option --best, against the genome and transcriptome (Ensembl, version 16 May 2011) with the genotype of both strains, in mm9 coordinates	RNA-Seq	ftp://ftp.ncbi.nlm.nih.gov/geo/samples/GSM1112nnn/GSM1112620/suppl/GSM1112620_earlyblast_2-3_expression.txt.gz	
GSM1112621	earlyblast_2-4	Early blastocyst cell (86-88h post-fertilization)	Mus musculus	CAST/EiJ(mother) x C57BL/6J(father)	first generation cross	Early blastocyst cell (86-88h post-fertilization)	For expression values, we aligned reads using bowtie 0.12.7, option --best, against the genome and transcriptome (Ensembl, version 16 May 2011) with the genotype of both strains, in mm9 coordinates	RNA-Seq	ftp://ftp.ncbi.nlm.nih.gov/geo/samples/GSM1112nnn/GSM1112621/suppl/GSM1112621_earlyblast_2-4_expression.txt.gz	
GSM1112622	earlyblast_2-5	Early blastocyst cell (86-88h post-fertilization)	Mus musculus	CAST/EiJ(mother) x C57BL/6J(father)	first generation cross	Early blastocyst cell (86-88h post-fertilization)	For expression values, we aligned reads using bowtie 0.12.7, option --best, against the genome and transcriptome (Ensembl, version 16 May 2011) with the genotype of both strains, in mm9 coordinates	RNA-Seq	ftp://ftp.ncbi.nlm.nih.gov/geo/samples/GSM1112nnn/GSM1112622/suppl/GSM1112622_earlyblast_2-5_expression.txt.gz	
GSM1112623	earlyblast_2-6	Early blastocyst cell (86-88h post-fertilization)	Mus musculus	CAST/EiJ(mother) x C57BL/6J(father)	first generation cross	Early blastocyst cell (86-88h post-fertilization)	For expression values, we aligned reads using bowtie 0.12.7, option --best, against the genome and transcriptome (Ensembl, version 16 May 2011) with the genotype of both strains, in mm9 coordinates	RNA-Seq	ftp://ftp.ncbi.nlm.nih.gov/geo/samples/GSM1112nnn/GSM1112623/suppl/GSM1112623_earlyblast_2-6_expression.txt.gz	
GSM1112624	earlyblast_2-7	Early blastocyst cell (86-88h post-fertilization)	Mus musculus	CAST/EiJ(mother) x C57BL/6J(father)	first generation cross	Early blastocyst cell (86-88h post-fertilization)	For expression values, we aligned reads using bowtie 0.12.7, option --best, against the genome and transcriptome (Ensembl, version 16 May 2011) with the genotype of both strains, in mm9 coordinates	RNA-Seq	ftp://ftp.ncbi.nlm.nih.gov/geo/samples/GSM1112nnn/GSM1112624/suppl/GSM1112624_earlyblast_2-7_expression.txt.gz	
GSM1112625	earlyblast_2-8	Early blastocyst cell (86-88h post-fertilization)	Mus musculus	CAST/EiJ(mother) x C57BL/6J(father)	first generation cross	Early blastocyst cell (86-88h post-fertilization)	For expression values, we aligned reads using bowtie 0.12.7, option --best, against the genome and transcriptome (Ensembl, version 16 May 2011) with the genotype of both strains, in mm9 coordinates	RNA-Seq	ftp://ftp.ncbi.nlm.nih.gov/geo/samples/GSM1112nnn/GSM1112625/suppl/GSM1112625_earlyblast_2-8_expression.txt.gz	
GSM1112626	earlyblast_3-1	Early blastocyst cell (86-88h post-fertilization)	Mus musculus	CAST/EiJ(mother) x C57BL/6J(father)	first generation cross	Early blastocyst cell (86-88h post-fertilization)	For expression values, we aligned reads using bowtie 0.12.7, option --best, against the genome and transcriptome (Ensembl, version 16 May 2011) with the genotype of both strains, in mm9 coordinates	RNA-Seq	ftp://ftp.ncbi.nlm.nih.gov/geo/samples/GSM1112nnn/GSM1112626/suppl/GSM1112626_earlyblast_3-1_expression.txt.gz	
GSM1112627	earlyblast_3-10	Early blastocyst cell (86-88h post-fertilization)	Mus musculus	CAST/EiJ(mother) x C57BL/6J(father)	first generation cross	Early blastocyst cell (86-88h post-fertilization)	For expression values, we aligned reads using bowtie 0.12.7, option --best, against the genome and transcriptome (Ensembl, version 16 May 2011) with the genotype of both strains, in mm9 coordinates	RNA-Seq	ftp://ftp.ncbi.nlm.nih.gov/geo/samples/GSM1112nnn/GSM1112627/suppl/GSM1112627_earlyblast_3-10_expression.txt.gz	
GSM1112628	earlyblast_3-12	Early blastocyst cell (86-88h post-fertilization)	Mus musculus	CAST/EiJ(mother) x C57BL/6J(father)	first generation cross	Early blastocyst cell (86-88h post-fertilization)	For expression values, we aligned reads using bowtie 0.12.7, option --best, against the genome and transcriptome (Ensembl, version 16 May 2011) with the genotype of both strains, in mm9 coordinates	RNA-Seq	ftp://ftp.ncbi.nlm.nih.gov/geo/samples/GSM1112nnn/GSM1112628/suppl/GSM1112628_earlyblast_3-12_expression.txt.gz	
GSM1112629	earlyblast_3-13	Early blastocyst cell (86-88h post-fertilization)	Mus musculus	CAST/EiJ(mother) x C57BL/6J(father)	first generation cross	Early blastocyst cell (86-88h post-fertilization)	For expression values, we aligned reads using bowtie 0.12.7, option --best, against the genome and transcriptome (Ensembl, version 16 May 2011) with the genotype of both strains, in mm9 coordinates	RNA-Seq	ftp://ftp.ncbi.nlm.nih.gov/geo/samples/GSM1112nnn/GSM1112629/suppl/GSM1112629_earlyblast_3-13_expression.txt.gz	
GSM1112630	earlyblast_3-14	Early blastocyst cell (86-88h post-fertilization)	Mus musculus	CAST/EiJ(mother) x C57BL/6J(father)	first generation cross	Early blastocyst cell (86-88h post-fertilization)	For expression values, we aligned reads using bowtie 0.12.7, option --best, against the genome and transcriptome (Ensembl, version 16 May 2011) with the genotype of both strains, in mm9 coordinates	RNA-Seq	ftp://ftp.ncbi.nlm.nih.gov/geo/samples/GSM1112nnn/GSM1112630/suppl/GSM1112630_earlyblast_3-14_expression.txt.gz	
GSM1112631	earlyblast_3-15	Early blastocyst cell (86-88h post-fertilization)	Mus musculus	CAST/EiJ(mother) x C57BL/6J(father)	first generation cross	Early blastocyst cell (86-88h post-fertilization)	For expression values, we aligned reads using bowtie 0.12.7, option --best, against the genome and transcriptome (Ensembl, version 16 May 2011) with the genotype of both strains, in mm9 coordinates	RNA-Seq	ftp://ftp.ncbi.nlm.nih.gov/geo/samples/GSM1112nnn/GSM1112631/suppl/GSM1112631_earlyblast_3-15_expression.txt.gz	
GSM1112632	earlyblast_3-16	Early blastocyst cell (86-88h post-fertilization)	Mus musculus	CAST/EiJ(mother) x C57BL/6J(father)	first generation cross	Early blastocyst cell (86-88h post-fertilization)	For expression values, we aligned reads using bowtie 0.12.7, option --best, against the genome and transcriptome (Ensembl, version 16 May 2011) with the genotype of both strains, in mm9 coordinates	RNA-Seq	ftp://ftp.ncbi.nlm.nih.gov/geo/samples/GSM1112nnn/GSM1112632/suppl/GSM1112632_earlyblast_3-16_expression.txt.gz	
GSM1112633	earlyblast_3-17	Early blastocyst cell (86-88h post-fertilization)	Mus musculus	CAST/EiJ(mother) x C57BL/6J(father)	first generation cross	Early blastocyst cell (86-88h post-fertilization)	For expression values, we aligned reads using bowtie 0.12.7, option --best, against the genome and transcriptome (Ensembl, version 16 May 2011) with the genotype of both strains, in mm9 coordinates	RNA-Seq	ftp://ftp.ncbi.nlm.nih.gov/geo/samples/GSM1112nnn/GSM1112633/suppl/GSM1112633_earlyblast_3-17_expression.txt.gz	
GSM1112634	earlyblast_3-2	Early blastocyst cell (86-88h post-fertilization)	Mus musculus	CAST/EiJ(mother) x C57BL/6J(father)	first generation cross	Early blastocyst cell (86-88h post-fertilization)	For expression values, we aligned reads using bowtie 0.12.7, option --best, against the genome and transcriptome (Ensembl, version 16 May 2011) with the genotype of both strains, in mm9 coordinates	RNA-Seq	ftp://ftp.ncbi.nlm.nih.gov/geo/samples/GSM1112nnn/GSM1112634/suppl/GSM1112634_earlyblast_3-2_expression.txt.gz	
GSM1112635	earlyblast_3-3	Early blastocyst cell (86-88h post-fertilization)	Mus musculus	CAST/EiJ(mother) x C57BL/6J(father)	first generation cross	Early blastocyst cell (86-88h post-fertilization)	For expression values, we aligned reads using bowtie 0.12.7, option --best, against the genome and transcriptome (Ensembl, version 16 May 2011) with the genotype of both strains, in mm9 coordinates	RNA-Seq	ftp://ftp.ncbi.nlm.nih.gov/geo/samples/GSM1112nnn/GSM1112635/suppl/GSM1112635_earlyblast_3-3_expression.txt.gz	
GSM1112636	earlyblast_3-4	Early blastocyst cell (86-88h post-fertilization)	Mus musculus	CAST/EiJ(mother) x C57BL/6J(father)	first generation cross	Early blastocyst cell (86-88h post-fertilization)	For expression values, we aligned reads using bowtie 0.12.7, option --best, against the genome and transcriptome (Ensembl, version 16 May 2011) with the genotype of both strains, in mm9 coordinates	RNA-Seq	ftp://ftp.ncbi.nlm.nih.gov/geo/samples/GSM1112nnn/GSM1112636/suppl/GSM1112636_earlyblast_3-4_expression.txt.gz	
GSM1112637	earlyblast_3-6	Early blastocyst cell (86-88h post-fertilization)	Mus musculus	CAST/EiJ(mother) x C57BL/6J(father)	first generation cross	Early blastocyst cell (86-88h post-fertilization)	For expression values, we aligned reads using bowtie 0.12.7, option --best, against the genome and transcriptome (Ensembl, version 16 May 2011) with the genotype of both strains, in mm9 coordinates	RNA-Seq	ftp://ftp.ncbi.nlm.nih.gov/geo/samples/GSM1112nnn/GSM1112637/suppl/GSM1112637_earlyblast_3-6_expression.txt.gz	
GSM1112638	earlyblast_3-7	Early blastocyst cell (86-88h post-fertilization)	Mus musculus	CAST/EiJ(mother) x C57BL/6J(father)	first generation cross	Early blastocyst cell (86-88h post-fertilization)	For expression values, we aligned reads using bowtie 0.12.7, option --best, against the genome and transcriptome (Ensembl, version 16 May 2011) with the genotype of both strains, in mm9 coordinates	RNA-Seq	ftp://ftp.ncbi.nlm.nih.gov/geo/samples/GSM1112nnn/GSM1112638/suppl/GSM1112638_earlyblast_3-7_expression.txt.gz	
GSM1112639	earlyblast_3-8	Early blastocyst cell (86-88h post-fertilization)	Mus musculus	CAST/EiJ(mother) x C57BL/6J(father)	first generation cross	Early blastocyst cell (86-88h post-fertilization)	For expression values, we aligned reads using bowtie 0.12.7, option --best, against the genome and transcriptome (Ensembl, version 16 May 2011) with the genotype of both strains, in mm9 coordinates	RNA-Seq	ftp://ftp.ncbi.nlm.nih.gov/geo/samples/GSM1112nnn/GSM1112639/suppl/GSM1112639_earlyblast_3-8_expression.txt.gz	
GSM1112640	earlyblast_3-9	Early blastocyst cell (86-88h post-fertilization)	Mus musculus	CAST/EiJ(mother) x C57BL/6J(father)	first generation cross	Early blastocyst cell (86-88h post-fertilization)	For expression values, we aligned reads using bowtie 0.12.7, option --best, against the genome and transcriptome (Ensembl, version 16 May 2011) with the genotype of both strains, in mm9 coordinates	RNA-Seq	ftp://ftp.ncbi.nlm.nih.gov/geo/samples/GSM1112nnn/GSM1112640/suppl/GSM1112640_earlyblast_3-9_expression.txt.gz	
GSM1112641	earlyblast_4-1	Early blastocyst cell (86-88h post-fertilization)	Mus musculus	CAST/EiJ(mother) x C57BL/6J(father)	first generation cross	Early blastocyst cell (86-88h post-fertilization)	For expression values, we aligned reads using bowtie 0.12.7, option --best, against the genome and transcriptome (Ensembl, version 16 May 2011) with the genotype of both strains, in mm9 coordinates	RNA-Seq	ftp://ftp.ncbi.nlm.nih.gov/geo/samples/GSM1112nnn/GSM1112641/suppl/GSM1112641_earlyblast_4-1_expression.txt.gz	
GSM1112642	earlyblast_4-12	Early blastocyst cell (86-88h post-fertilization)	Mus musculus	CAST/EiJ(mother) x C57BL/6J(father)	first generation cross	Early blastocyst cell (86-88h post-fertilization)	For expression values, we aligned reads using bowtie 0.12.7, option --best, against the genome and transcriptome (Ensembl, version 16 May 2011) with the genotype of both strains, in mm9 coordinates	RNA-Seq	ftp://ftp.ncbi.nlm.nih.gov/geo/samples/GSM1112nnn/GSM1112642/suppl/GSM1112642_earlyblast_4-12_expression.txt.gz	
GSM1112643	earlyblast_4-13	Early blastocyst cell (86-88h post-fertilization)	Mus musculus	CAST/EiJ(mother) x C57BL/6J(father)	first generation cross	Early blastocyst cell (86-88h post-fertilization)	For expression values, we aligned reads using bowtie 0.12.7, option --best, against the genome and transcriptome (Ensembl, version 16 May 2011) with the genotype of both strains, in mm9 coordinates	RNA-Seq	ftp://ftp.ncbi.nlm.nih.gov/geo/samples/GSM1112nnn/GSM1112643/suppl/GSM1112643_earlyblast_4-13_expression.txt.gz	
GSM1112644	earlyblast_4-14	Early blastocyst cell (86-88h post-fertilization)	Mus musculus	CAST/EiJ(mother) x C57BL/6J(father)	first generation cross	Early blastocyst cell (86-88h post-fertilization)	For expression values, we aligned reads using bowtie 0.12.7, option --best, against the genome and transcriptome (Ensembl, version 16 May 2011) with the genotype of both strains, in mm9 coordinates	RNA-Seq	ftp://ftp.ncbi.nlm.nih.gov/geo/samples/GSM1112nnn/GSM1112644/suppl/GSM1112644_earlyblast_4-14_expression.txt.gz	
GSM1112645	earlyblast_4-16	Early blastocyst cell (86-88h post-fertilization)	Mus musculus	CAST/EiJ(mother) x C57BL/6J(father)	first generation cross	Early blastocyst cell (86-88h post-fertilization)	For expression values, we aligned reads using bowtie 0.12.7, option --best, against the genome and transcriptome (Ensembl, version 16 May 2011) with the genotype of both strains, in mm9 coordinates	RNA-Seq	ftp://ftp.ncbi.nlm.nih.gov/geo/samples/GSM1112nnn/GSM1112645/suppl/GSM1112645_earlyblast_4-16_expression.txt.gz	
GSM1112646	earlyblast_4-17	Early blastocyst cell (86-88h post-fertilization)	Mus musculus	CAST/EiJ(mother) x C57BL/6J(father)	first generation cross	Early blastocyst cell (86-88h post-fertilization)	For expression values, we aligned reads using bowtie 0.12.7, option --best, against the genome and transcriptome (Ensembl, version 16 May 2011) with the genotype of both strains, in mm9 coordinates	RNA-Seq	ftp://ftp.ncbi.nlm.nih.gov/geo/samples/GSM1112nnn/GSM1112646/suppl/GSM1112646_earlyblast_4-17_expression.txt.gz	
GSM1112647	earlyblast_4-18	Early blastocyst cell (86-88h post-fertilization)	Mus musculus	CAST/EiJ(mother) x C57BL/6J(father)	first generation cross	Early blastocyst cell (86-88h post-fertilization)	For expression values, we aligned reads using bowtie 0.12.7, option --best, against the genome and transcriptome (Ensembl, version 16 May 2011) with the genotype of both strains, in mm9 coordinates	RNA-Seq	ftp://ftp.ncbi.nlm.nih.gov/geo/samples/GSM1112nnn/GSM1112647/suppl/GSM1112647_earlyblast_4-18_expression.txt.gz	
GSM1112648	earlyblast_4-2	Early blastocyst cell (86-88h post-fertilization)	Mus musculus	CAST/EiJ(mother) x C57BL/6J(father)	first generation cross	Early blastocyst cell (86-88h post-fertilization)	For expression values, we aligned reads using bowtie 0.12.7, option --best, against the genome and transcriptome (Ensembl, version 16 May 2011) with the genotype of both strains, in mm9 coordinates	RNA-Seq	ftp://ftp.ncbi.nlm.nih.gov/geo/samples/GSM1112nnn/GSM1112648/suppl/GSM1112648_earlyblast_4-2_expression.txt.gz	
GSM1112649	earlyblast_4-3	Early blastocyst cell (86-88h post-fertilization)	Mus musculus	CAST/EiJ(mother) x C57BL/6J(father)	first generation cross	Early blastocyst cell (86-88h post-fertilization)	For expression values, we aligned reads using bowtie 0.12.7, option --best, against the genome and transcriptome (Ensembl, version 16 May 2011) with the genotype of both strains, in mm9 coordinates	RNA-Seq	ftp://ftp.ncbi.nlm.nih.gov/geo/samples/GSM1112nnn/GSM1112649/suppl/GSM1112649_earlyblast_4-3_expression.txt.gz	
GSM1112650	earlyblast_4-5	Early blastocyst cell (86-88h post-fertilization)	Mus musculus	CAST/EiJ(mother) x C57BL/6J(father)	first generation cross	Early blastocyst cell (86-88h post-fertilization)	For expression values, we aligned reads using bowtie 0.12.7, option --best, against the genome and transcriptome (Ensembl, version 16 May 2011) with the genotype of both strains, in mm9 coordinates	RNA-Seq	ftp://ftp.ncbi.nlm.nih.gov/geo/samples/GSM1112nnn/GSM1112650/suppl/GSM1112650_earlyblast_4-5_expression.txt.gz	
GSM1112651	earlyblast_4-6	Early blastocyst cell (86-88h post-fertilization)	Mus musculus	CAST/EiJ(mother) x C57BL/6J(father)	first generation cross	Early blastocyst cell (86-88h post-fertilization)	For expression values, we aligned reads using bowtie 0.12.7, option --best, against the genome and transcriptome (Ensembl, version 16 May 2011) with the genotype of both strains, in mm9 coordinates	RNA-Seq	ftp://ftp.ncbi.nlm.nih.gov/geo/samples/GSM1112nnn/GSM1112651/suppl/GSM1112651_earlyblast_4-6_expression.txt.gz	
GSM1112652	earlyblast_4-8	Early blastocyst cell (86-88h post-fertilization)	Mus musculus	CAST/EiJ(mother) x C57BL/6J(father)	first generation cross	Early blastocyst cell (86-88h post-fertilization)	For expression values, we aligned reads using bowtie 0.12.7, option --best, against the genome and transcriptome (Ensembl, version 16 May 2011) with the genotype of both strains, in mm9 coordinates	RNA-Seq	ftp://ftp.ncbi.nlm.nih.gov/geo/samples/GSM1112nnn/GSM1112652/suppl/GSM1112652_earlyblast_4-8_expression.txt.gz	
GSM1112653	earlyblast_4-9	Early blastocyst cell (86-88h post-fertilization)	Mus musculus	CAST/EiJ(mother) x C57BL/6J(father)	first generation cross	Early blastocyst cell (86-88h post-fertilization)	For expression values, we aligned reads using bowtie 0.12.7, option --best, against the genome and transcriptome (Ensembl, version 16 May 2011) with the genotype of both strains, in mm9 coordinates	RNA-Seq	ftp://ftp.ncbi.nlm.nih.gov/geo/samples/GSM1112nnn/GSM1112653/suppl/GSM1112653_earlyblast_4-9_expression.txt.gz	
GSM1112654	late2cell_5-1	Late 2-cell stage blastomere (46-48h post-fertilization)	Mus musculus	CAST/EiJ(mother) x C57BL/6J(father)	first generation cross	Late 2-cell stage blastomere (46-48h post-fertilization)	For expression values, we aligned reads using bowtie 0.12.7, option --best, against the genome and transcriptome (Ensembl, version 16 May 2011) with the genotype of both strains, in mm9 coordinates	RNA-Seq	ftp://ftp.ncbi.nlm.nih.gov/geo/samples/GSM1112nnn/GSM1112654/suppl/GSM1112654_late2cell_5-1_expression.txt.gz	
GSM1112655	late2cell_5-2	Late 2-cell stage blastomere (46-48h post-fertilization)	Mus musculus	CAST/EiJ(mother) x C57BL/6J(father)	first generation cross	Late 2-cell stage blastomere (46-48h post-fertilization)	For expression values, we aligned reads using bowtie 0.12.7, option --best, against the genome and transcriptome (Ensembl, version 16 May 2011) with the genotype of both strains, in mm9 coordinates	RNA-Seq	ftp://ftp.ncbi.nlm.nih.gov/geo/samples/GSM1112nnn/GSM1112655/suppl/GSM1112655_late2cell_5-2_expression.txt.gz	
GSM1112656	late2cell_6-1	Late 2-cell stage blastomere (46-48h post-fertilization)	Mus musculus	CAST/EiJ(mother) x C57BL/6J(father)	first generation cross	Late 2-cell stage blastomere (46-48h post-fertilization)	For expression values, we aligned reads using bowtie 0.12.7, option --best, against the genome and transcriptome (Ensembl, version 16 May 2011) with the genotype of both strains, in mm9 coordinates	RNA-Seq	ftp://ftp.ncbi.nlm.nih.gov/geo/samples/GSM1112nnn/GSM1112656/suppl/GSM1112656_late2cell_6-1_expression.txt.gz	
GSM1112657	late2cell_6-2	Late 2-cell stage blastomere (46-48h post-fertilization)	Mus musculus	CAST/EiJ(mother) x C57BL/6J(father)	first generation cross	Late 2-cell stage blastomere (46-48h post-fertilization)	For expression values, we aligned reads using bowtie 0.12.7, option --best, against the genome and transcriptome (Ensembl, version 16 May 2011) with the genotype of both strains, in mm9 coordinates	RNA-Seq	ftp://ftp.ncbi.nlm.nih.gov/geo/samples/GSM1112nnn/GSM1112657/suppl/GSM1112657_late2cell_6-2_expression.txt.gz	
GSM1112658	late2cell_7-1	Late 2-cell stage blastomere (46-48h post-fertilization)	Mus musculus	CAST/EiJ(mother) x C57BL/6J(father)	first generation cross	Late 2-cell stage blastomere (46-48h post-fertilization)	For expression values, we aligned reads using bowtie 0.12.7, option --best, against the genome and transcriptome (Ensembl, version 16 May 2011) with the genotype of both strains, in mm9 coordinates	RNA-Seq	ftp://ftp.ncbi.nlm.nih.gov/geo/samples/GSM1112nnn/GSM1112658/suppl/GSM1112658_late2cell_7-1_expression.txt.gz	
GSM1112659	late2cell_7-2	Late 2-cell stage blastomere (46-48h post-fertilization)	Mus musculus	CAST/EiJ(mother) x C57BL/6J(father)	first generation cross	Late 2-cell stage blastomere (46-48h post-fertilization)	For expression values, we aligned reads using bowtie 0.12.7, option --best, against the genome and transcriptome (Ensembl, version 16 May 2011) with the genotype of both strains, in mm9 coordinates	RNA-Seq	ftp://ftp.ncbi.nlm.nih.gov/geo/samples/GSM1112nnn/GSM1112659/suppl/GSM1112659_late2cell_7-2_expression.txt.gz	
GSM1112660	late2cell_8-1	Late 2-cell stage blastomere (46-48h post-fertilization)	Mus musculus	CAST/EiJ(mother) x C57BL/6J(father)	first generation cross	Late 2-cell stage blastomere (46-48h post-fertilization)	For expression values, we aligned reads using bowtie 0.12.7, option --best, against the genome and transcriptome (Ensembl, version 16 May 2011) with the genotype of both strains, in mm9 coordinates	RNA-Seq	ftp://ftp.ncbi.nlm.nih.gov/geo/samples/GSM1112nnn/GSM1112660/suppl/GSM1112660_late2cell_8-1_expression.txt.gz	
GSM1112661	late2cell_8-2	Late 2-cell stage blastomere (46-48h post-fertilization)	Mus musculus	CAST/EiJ(mother) x C57BL/6J(father)	first generation cross	Late 2-cell stage blastomere (46-48h post-fertilization)	For expression values, we aligned reads using bowtie 0.12.7, option --best, against the genome and transcriptome (Ensembl, version 16 May 2011) with the genotype of both strains, in mm9 coordinates	RNA-Seq	ftp://ftp.ncbi.nlm.nih.gov/geo/samples/GSM1112nnn/GSM1112661/suppl/GSM1112661_late2cell_8-2_expression.txt.gz	
GSM1112662	late2cell_9-1	Late 2-cell stage blastomere (46-48h post-fertilization)	Mus musculus	CAST/EiJ(mother) x C57BL/6J(father)	first generation cross	Late 2-cell stage blastomere (46-48h post-fertilization)	For expression values, we aligned reads using bowtie 0.12.7, option --best, against the genome and transcriptome (Ensembl, version 16 May 2011) with the genotype of both strains, in mm9 coordinates	RNA-Seq	ftp://ftp.ncbi.nlm.nih.gov/geo/samples/GSM1112nnn/GSM1112662/suppl/GSM1112662_late2cell_9-1_expression.txt.gz	
GSM1112663	late2cell_9-2	Late 2-cell stage blastomere (46-48h post-fertilization)	Mus musculus	CAST/EiJ(mother) x C57BL/6J(father)	first generation cross	Late 2-cell stage blastomere (46-48h post-fertilization)	For expression values, we aligned reads using bowtie 0.12.7, option --best, against the genome and transcriptome (Ensembl, version 16 May 2011) with the genotype of both strains, in mm9 coordinates	RNA-Seq	ftp://ftp.ncbi.nlm.nih.gov/geo/samples/GSM1112nnn/GSM1112663/suppl/GSM1112663_late2cell_9-2_expression.txt.gz	
GSM1112664	lateblast_1-10	Late blastocyst cell (100-102h post-fertilization)	Mus musculus	CAST/EiJ(mother) x C57BL/6J(father)	first generation cross	Late blastocyst cell (100-102h post-fertilization)	For expression values, we aligned reads using bowtie 0.12.7, option --best, against the genome and transcriptome (Ensembl, version 16 May 2011) with the genotype of both strains, in mm9 coordinates	RNA-Seq	ftp://ftp.ncbi.nlm.nih.gov/geo/samples/GSM1112nnn/GSM1112664/suppl/GSM1112664_lateblast_1-10_expression.txt.gz	
GSM1112665	lateblast_1-11	Late blastocyst cell (100-102h post-fertilization)	Mus musculus	CAST/EiJ(mother) x C57BL/6J(father)	first generation cross	Late blastocyst cell (100-102h post-fertilization)	For expression values, we aligned reads using bowtie 0.12.7, option --best, against the genome and transcriptome (Ensembl, version 16 May 2011) with the genotype of both strains, in mm9 coordinates	RNA-Seq	ftp://ftp.ncbi.nlm.nih.gov/geo/samples/GSM1112nnn/GSM1112665/suppl/GSM1112665_lateblast_1-11_expression.txt.gz	
GSM1112666	lateblast_1-13	Late blastocyst cell (100-102h post-fertilization)	Mus musculus	CAST/EiJ(mother) x C57BL/6J(father)	first generation cross	Late blastocyst cell (100-102h post-fertilization)	For expression values, we aligned reads using bowtie 0.12.7, option --best, against the genome and transcriptome (Ensembl, version 16 May 2011) with the genotype of both strains, in mm9 coordinates	RNA-Seq	ftp://ftp.ncbi.nlm.nih.gov/geo/samples/GSM1112nnn/GSM1112666/suppl/GSM1112666_lateblast_1-13_expression.txt.gz	
GSM1112667	lateblast_1-14	Late blastocyst cell (100-102h post-fertilization)	Mus musculus	CAST/EiJ(mother) x C57BL/6J(father)	first generation cross	Late blastocyst cell (100-102h post-fertilization)	For expression values, we aligned reads using bowtie 0.12.7, option --best, against the genome and transcriptome (Ensembl, version 16 May 2011) with the genotype of both strains, in mm9 coordinates	RNA-Seq	ftp://ftp.ncbi.nlm.nih.gov/geo/samples/GSM1112nnn/GSM1112667/suppl/GSM1112667_lateblast_1-14_expression.txt.gz	
GSM1112668	lateblast_1-16	Late blastocyst cell (100-102h post-fertilization)	Mus musculus	CAST/EiJ(mother) x C57BL/6J(father)	first generation cross	Late blastocyst cell (100-102h post-fertilization)	For expression values, we aligned reads using bowtie 0.12.7, option --best, against the genome and transcriptome (Ensembl, version 16 May 2011) with the genotype of both strains, in mm9 coordinates	RNA-Seq	ftp://ftp.ncbi.nlm.nih.gov/geo/samples/GSM1112nnn/GSM1112668/suppl/GSM1112668_lateblast_1-16_expression.txt.gz	
GSM1112669	lateblast_1-19	Late blastocyst cell (100-102h post-fertilization)	Mus musculus	CAST/EiJ(mother) x C57BL/6J(father)	first generation cross	Late blastocyst cell (100-102h post-fertilization)	For expression values, we aligned reads using bowtie 0.12.7, option --best, against the genome and transcriptome (Ensembl, version 16 May 2011) with the genotype of both strains, in mm9 coordinates	RNA-Seq	ftp://ftp.ncbi.nlm.nih.gov/geo/samples/GSM1112nnn/GSM1112669/suppl/GSM1112669_lateblast_1-19_expression.txt.gz	
GSM1112670	lateblast_1-2	Late blastocyst cell (100-102h post-fertilization)	Mus musculus	CAST/EiJ(mother) x C57BL/6J(father)	first generation cross	Late blastocyst cell (100-102h post-fertilization)	For expression values, we aligned reads using bowtie 0.12.7, option --best, against the genome and transcriptome (Ensembl, version 16 May 2011) with the genotype of both strains, in mm9 coordinates	RNA-Seq	ftp://ftp.ncbi.nlm.nih.gov/geo/samples/GSM1112nnn/GSM1112670/suppl/GSM1112670_lateblast_1-2_expression.txt.gz	
GSM1112671	lateblast_1-20	Late blastocyst cell (100-102h post-fertilization)	Mus musculus	CAST/EiJ(mother) x C57BL/6J(father)	first generation cross	Late blastocyst cell (100-102h post-fertilization)	For expression values, we aligned reads using bowtie 0.12.7, option --best, against the genome and transcriptome (Ensembl, version 16 May 2011) with the genotype of both strains, in mm9 coordinates	RNA-Seq	ftp://ftp.ncbi.nlm.nih.gov/geo/samples/GSM1112nnn/GSM1112671/suppl/GSM1112671_lateblast_1-20_expression.txt.gz	
GSM1112672	lateblast_1-21	Late blastocyst cell (100-102h post-fertilization)	Mus musculus	CAST/EiJ(mother) x C57BL/6J(father)	first generation cross	Late blastocyst cell (100-102h post-fertilization)	For expression values, we aligned reads using bowtie 0.12.7, option --best, against the genome and transcriptome (Ensembl, version 16 May 2011) with the genotype of both strains, in mm9 coordinates	RNA-Seq	ftp://ftp.ncbi.nlm.nih.gov/geo/samples/GSM1112nnn/GSM1112672/suppl/GSM1112672_lateblast_1-21_expression.txt.gz	
GSM1112673	lateblast_1-23	Late blastocyst cell (100-102h post-fertilization)	Mus musculus	CAST/EiJ(mother) x C57BL/6J(father)	first generation cross	Late blastocyst cell (100-102h post-fertilization)	For expression values, we aligned reads using bowtie 0.12.7, option --best, against the genome and transcriptome (Ensembl, version 16 May 2011) with the genotype of both strains, in mm9 coordinates	RNA-Seq	ftp://ftp.ncbi.nlm.nih.gov/geo/samples/GSM1112nnn/GSM1112673/suppl/GSM1112673_lateblast_1-23_expression.txt.gz	
GSM1112674	lateblast_1-24	Late blastocyst cell (100-102h post-fertilization)	Mus musculus	CAST/EiJ(mother) x C57BL/6J(father)	first generation cross	Late blastocyst cell (100-102h post-fertilization)	For expression values, we aligned reads using bowtie 0.12.7, option --best, against the genome and transcriptome (Ensembl, version 16 May 2011) with the genotype of both strains, in mm9 coordinates	RNA-Seq	ftp://ftp.ncbi.nlm.nih.gov/geo/samples/GSM1112nnn/GSM1112674/suppl/GSM1112674_lateblast_1-24_expression.txt.gz	
GSM1112675	lateblast_1-26	Late blastocyst cell (100-102h post-fertilization)	Mus musculus	CAST/EiJ(mother) x C57BL/6J(father)	first generation cross	Late blastocyst cell (100-102h post-fertilization)	For expression values, we aligned reads using bowtie 0.12.7, option --best, against the genome and transcriptome (Ensembl, version 16 May 2011) with the genotype of both strains, in mm9 coordinates	RNA-Seq	ftp://ftp.ncbi.nlm.nih.gov/geo/samples/GSM1112nnn/GSM1112675/suppl/GSM1112675_lateblast_1-26_expression.txt.gz	
GSM1112676	lateblast_1-27	Late blastocyst cell (100-102h post-fertilization)	Mus musculus	CAST/EiJ(mother) x C57BL/6J(father)	first generation cross	Late blastocyst cell (100-102h post-fertilization)	For expression values, we aligned reads using bowtie 0.12.7, option --best, against the genome and transcriptome (Ensembl, version 16 May 2011) with the genotype of both strains, in mm9 coordinates	RNA-Seq	ftp://ftp.ncbi.nlm.nih.gov/geo/samples/GSM1112nnn/GSM1112676/suppl/GSM1112676_lateblast_1-27_expression.txt.gz	
GSM1112677	lateblast_1-4	Late blastocyst cell (100-102h post-fertilization)	Mus musculus	CAST/EiJ(mother) x C57BL/6J(father)	first generation cross	Late blastocyst cell (100-102h post-fertilization)	For expression values, we aligned reads using bowtie 0.12.7, option --best, against the genome and transcriptome (Ensembl, version 16 May 2011) with the genotype of both strains, in mm9 coordinates	RNA-Seq	ftp://ftp.ncbi.nlm.nih.gov/geo/samples/GSM1112nnn/GSM1112677/suppl/GSM1112677_lateblast_1-4_expression.txt.gz	
GSM1112678	lateblast_1-5	Late blastocyst cell (100-102h post-fertilization)	Mus musculus	CAST/EiJ(mother) x C57BL/6J(father)	first generation cross	Late blastocyst cell (100-102h post-fertilization)	For expression values, we aligned reads using bowtie 0.12.7, option --best, against the genome and transcriptome (Ensembl, version 16 May 2011) with the genotype of both strains, in mm9 coordinates	RNA-Seq	ftp://ftp.ncbi.nlm.nih.gov/geo/samples/GSM1112nnn/GSM1112678/suppl/GSM1112678_lateblast_1-5_expression.txt.gz	
GSM1112679	lateblast_1-6	Late blastocyst cell (100-102h post-fertilization)	Mus musculus	CAST/EiJ(mother) x C57BL/6J(father)	first generation cross	Late blastocyst cell (100-102h post-fertilization)	For expression values, we aligned reads using bowtie 0.12.7, option --best, against the genome and transcriptome (Ensembl, version 16 May 2011) with the genotype of both strains, in mm9 coordinates	RNA-Seq	ftp://ftp.ncbi.nlm.nih.gov/geo/samples/GSM1112nnn/GSM1112679/suppl/GSM1112679_lateblast_1-6_expression.txt.gz	
GSM1112680	lateblast_1-7	Late blastocyst cell (100-102h post-fertilization)	Mus musculus	CAST/EiJ(mother) x C57BL/6J(father)	first generation cross	Late blastocyst cell (100-102h post-fertilization)	For expression values, we aligned reads using bowtie 0.12.7, option --best, against the genome and transcriptome (Ensembl, version 16 May 2011) with the genotype of both strains, in mm9 coordinates	RNA-Seq	ftp://ftp.ncbi.nlm.nih.gov/geo/samples/GSM1112nnn/GSM1112680/suppl/GSM1112680_lateblast_1-7_expression.txt.gz	
GSM1112681	lateblast_1-8	Late blastocyst cell (100-102h post-fertilization)	Mus musculus	CAST/EiJ(mother) x C57BL/6J(father)	first generation cross	Late blastocyst cell (100-102h post-fertilization)	For expression values, we aligned reads using bowtie 0.12.7, option --best, against the genome and transcriptome (Ensembl, version 16 May 2011) with the genotype of both strains, in mm9 coordinates	RNA-Seq	ftp://ftp.ncbi.nlm.nih.gov/geo/samples/GSM1112nnn/GSM1112681/suppl/GSM1112681_lateblast_1-8_expression.txt.gz	
GSM1112682	lateblast_1-9	Late blastocyst cell (100-102h post-fertilization)	Mus musculus	CAST/EiJ(mother) x C57BL/6J(father)	first generation cross	Late blastocyst cell (100-102h post-fertilization)	For expression values, we aligned reads using bowtie 0.12.7, option --best, against the genome and transcriptome (Ensembl, version 16 May 2011) with the genotype of both strains, in mm9 coordinates	RNA-Seq	ftp://ftp.ncbi.nlm.nih.gov/geo/samples/GSM1112nnn/GSM1112682/suppl/GSM1112682_lateblast_1-9_expression.txt.gz	
GSM1112683	lateblast_2-1	Late blastocyst cell (100-102h post-fertilization)	Mus musculus	CAST/EiJ(mother) x C57BL/6J(father)	first generation cross	Late blastocyst cell (100-102h post-fertilization)	For expression values, we aligned reads using bowtie 0.12.7, option --best, against the genome and transcriptome (Ensembl, version 16 May 2011) with the genotype of both strains, in mm9 coordinates	RNA-Seq	ftp://ftp.ncbi.nlm.nih.gov/geo/samples/GSM1112nnn/GSM1112683/suppl/GSM1112683_lateblast_2-1_expression.txt.gz	
GSM1112684	lateblast_2-12	Late blastocyst cell (100-102h post-fertilization)	Mus musculus	CAST/EiJ(mother) x C57BL/6J(father)	first generation cross	Late blastocyst cell (100-102h post-fertilization)	For expression values, we aligned reads using bowtie 0.12.7, option --best, against the genome and transcriptome (Ensembl, version 16 May 2011) with the genotype of both strains, in mm9 coordinates	RNA-Seq	ftp://ftp.ncbi.nlm.nih.gov/geo/samples/GSM1112nnn/GSM1112684/suppl/GSM1112684_lateblast_2-12_expression.txt.gz	
GSM1112685	lateblast_2-14	Late blastocyst cell (100-102h post-fertilization)	Mus musculus	CAST/EiJ(mother) x C57BL/6J(father)	first generation cross	Late blastocyst cell (100-102h post-fertilization)	For expression values, we aligned reads using bowtie 0.12.7, option --best, against the genome and transcriptome (Ensembl, version 16 May 2011) with the genotype of both strains, in mm9 coordinates	RNA-Seq	ftp://ftp.ncbi.nlm.nih.gov/geo/samples/GSM1112nnn/GSM1112685/suppl/GSM1112685_lateblast_2-14_expression.txt.gz	
GSM1112686	lateblast_2-16	Late blastocyst cell (100-102h post-fertilization)	Mus musculus	CAST/EiJ(mother) x C57BL/6J(father)	first generation cross	Late blastocyst cell (100-102h post-fertilization)	For expression values, we aligned reads using bowtie 0.12.7, option --best, against the genome and transcriptome (Ensembl, version 16 May 2011) with the genotype of both strains, in mm9 coordinates	RNA-Seq	ftp://ftp.ncbi.nlm.nih.gov/geo/samples/GSM1112nnn/GSM1112686/suppl/GSM1112686_lateblast_2-16_expression.txt.gz	
GSM1112687	lateblast_2-17	Late blastocyst cell (100-102h post-fertilization)	Mus musculus	CAST/EiJ(mother) x C57BL/6J(father)	first generation cross	Late blastocyst cell (100-102h post-fertilization)	For expression values, we aligned reads using bowtie 0.12.7, option --best, against the genome and transcriptome (Ensembl, version 16 May 2011) with the genotype of both strains, in mm9 coordinates	RNA-Seq	ftp://ftp.ncbi.nlm.nih.gov/geo/samples/GSM1112nnn/GSM1112687/suppl/GSM1112687_lateblast_2-17_expression.txt.gz	
GSM1112688	lateblast_2-2	Late blastocyst cell (100-102h post-fertilization)	Mus musculus	CAST/EiJ(mother) x C57BL/6J(father)	first generation cross	Late blastocyst cell (100-102h post-fertilization)	For expression values, we aligned reads using bowtie 0.12.7, option --best, against the genome and transcriptome (Ensembl, version 16 May 2011) with the genotype of both strains, in mm9 coordinates	RNA-Seq	ftp://ftp.ncbi.nlm.nih.gov/geo/samples/GSM1112nnn/GSM1112688/suppl/GSM1112688_lateblast_2-2_expression.txt.gz	
GSM1112689	lateblast_2-3	Late blastocyst cell (100-102h post-fertilization)	Mus musculus	CAST/EiJ(mother) x C57BL/6J(father)	first generation cross	Late blastocyst cell (100-102h post-fertilization)	For expression values, we aligned reads using bowtie 0.12.7, option --best, against the genome and transcriptome (Ensembl, version 16 May 2011) with the genotype of both strains, in mm9 coordinates	RNA-Seq	ftp://ftp.ncbi.nlm.nih.gov/geo/samples/GSM1112nnn/GSM1112689/suppl/GSM1112689_lateblast_2-3_expression.txt.gz	
GSM1112690	lateblast_2-5	Late blastocyst cell (100-102h post-fertilization)	Mus musculus	CAST/EiJ(mother) x C57BL/6J(father)	first generation cross	Late blastocyst cell (100-102h post-fertilization)	For expression values, we aligned reads using bowtie 0.12.7, option --best, against the genome and transcriptome (Ensembl, version 16 May 2011) with the genotype of both strains, in mm9 coordinates	RNA-Seq	ftp://ftp.ncbi.nlm.nih.gov/geo/samples/GSM1112nnn/GSM1112690/suppl/GSM1112690_lateblast_2-5_expression.txt.gz	
GSM1112691	lateblast_2-7	Late blastocyst cell (100-102h post-fertilization)	Mus musculus	CAST/EiJ(mother) x C57BL/6J(father)	first generation cross	Late blastocyst cell (100-102h post-fertilization)	For expression values, we aligned reads using bowtie 0.12.7, option --best, against the genome and transcriptome (Ensembl, version 16 May 2011) with the genotype of both strains, in mm9 coordinates	RNA-Seq	ftp://ftp.ncbi.nlm.nih.gov/geo/samples/GSM1112nnn/GSM1112691/suppl/GSM1112691_lateblast_2-7_expression.txt.gz	
GSM1112692	lateblast_2-8	Late blastocyst cell (100-102h post-fertilization)	Mus musculus	CAST/EiJ(mother) x C57BL/6J(father)	first generation cross	Late blastocyst cell (100-102h post-fertilization)	For expression values, we aligned reads using bowtie 0.12.7, option --best, against the genome and transcriptome (Ensembl, version 16 May 2011) with the genotype of both strains, in mm9 coordinates	RNA-Seq	ftp://ftp.ncbi.nlm.nih.gov/geo/samples/GSM1112nnn/GSM1112692/suppl/GSM1112692_lateblast_2-8_expression.txt.gz	
GSM1112693	lateblast_2-9	Late blastocyst cell (100-102h post-fertilization)	Mus musculus	CAST/EiJ(mother) x C57BL/6J(father)	first generation cross	Late blastocyst cell (100-102h post-fertilization)	For expression values, we aligned reads using bowtie 0.12.7, option --best, against the genome and transcriptome (Ensembl, version 16 May 2011) with the genotype of both strains, in mm9 coordinates	RNA-Seq	ftp://ftp.ncbi.nlm.nih.gov/geo/samples/GSM1112nnn/GSM1112693/suppl/GSM1112693_lateblast_2-9_expression.txt.gz	
GSM1112694	mid2cell_0-1	Mid 2-cell stage blastomere (34-40h post-fertilization)	Mus musculus	CAST/EiJ(mother) x C57BL/6J(father)	first generation cross	Mid 2-cell stage blastomere (34-40h post-fertilization)	For expression values, we aligned reads using bowtie 0.12.7, option --best, against the genome and transcriptome (Ensembl, version 16 May 2011) with the genotype of both strains, in mm9 coordinates	RNA-Seq	ftp://ftp.ncbi.nlm.nih.gov/geo/samples/GSM1112nnn/GSM1112694/suppl/GSM1112694_mid2cell_0r-1_expression.txt.gz	
GSM1112695	mid2cell_0-2	Mid 2-cell stage blastomere (34-40h post-fertilization)	Mus musculus	CAST/EiJ(mother) x C57BL/6J(father)	first generation cross	Mid 2-cell stage blastomere (34-40h post-fertilization)	For expression values, we aligned reads using bowtie 0.12.7, option --best, against the genome and transcriptome (Ensembl, version 16 May 2011) with the genotype of both strains, in mm9 coordinates	RNA-Seq	ftp://ftp.ncbi.nlm.nih.gov/geo/samples/GSM1112nnn/GSM1112695/suppl/GSM1112695_mid2cell_0r-2_expression.txt.gz	
GSM1112696	mid2cell_3-1	Mid 2-cell stage blastomere (34-40h post-fertilization)	Mus musculus	CAST/EiJ(mother) x C57BL/6J(father)	first generation cross	Mid 2-cell stage blastomere (34-40h post-fertilization)	For expression values, we aligned reads using bowtie 0.12.7, option --best, against the genome and transcriptome (Ensembl, version 16 May 2011) with the genotype of both strains, in mm9 coordinates	RNA-Seq	ftp://ftp.ncbi.nlm.nih.gov/geo/samples/GSM1112nnn/GSM1112696/suppl/GSM1112696_mid2cell_3-1_expression.txt.gz	
GSM1112697	mid2cell_3-2	Mid 2-cell stage blastomere (34-40h post-fertilization)	Mus musculus	CAST/EiJ(mother) x C57BL/6J(father)	first generation cross	Mid 2-cell stage blastomere (34-40h post-fertilization)	For expression values, we aligned reads using bowtie 0.12.7, option --best, against the genome and transcriptome (Ensembl, version 16 May 2011) with the genotype of both strains, in mm9 coordinates	RNA-Seq	ftp://ftp.ncbi.nlm.nih.gov/geo/samples/GSM1112nnn/GSM1112697/suppl/GSM1112697_mid2cell_3-2_expression.txt.gz	
GSM1112698	mid2cell_4-1	Mid 2-cell stage blastomere (34-40h post-fertilization)	Mus musculus	CAST/EiJ(mother) x C57BL/6J(father)	first generation cross	Mid 2-cell stage blastomere (34-40h post-fertilization)	For expression values, we aligned reads using bowtie 0.12.7, option --best, against the genome and transcriptome (Ensembl, version 16 May 2011) with the genotype of both strains, in mm9 coordinates	RNA-Seq	ftp://ftp.ncbi.nlm.nih.gov/geo/samples/GSM1112nnn/GSM1112698/suppl/GSM1112698_mid2cell_4-1_expression.txt.gz	
GSM1112699	mid2cell_4-2	Mid 2-cell stage blastomere (34-40h post-fertilization)	Mus musculus	CAST/EiJ(mother) x C57BL/6J(father)	first generation cross	Mid 2-cell stage blastomere (34-40h post-fertilization)	For expression values, we aligned reads using bowtie 0.12.7, option --best, against the genome and transcriptome (Ensembl, version 16 May 2011) with the genotype of both strains, in mm9 coordinates	RNA-Seq	ftp://ftp.ncbi.nlm.nih.gov/geo/samples/GSM1112nnn/GSM1112699/suppl/GSM1112699_mid2cell_4-2_expression.txt.gz	
GSM1112700	mid2cell_5-1	Mid 2-cell stage blastomere (34-40h post-fertilization)	Mus musculus	CAST/EiJ(mother) x C57BL/6J(father)	first generation cross	Mid 2-cell stage blastomere (34-40h post-fertilization)	For expression values, we aligned reads using bowtie 0.12.7, option --best, against the genome and transcriptome (Ensembl, version 16 May 2011) with the genotype of both strains, in mm9 coordinates	RNA-Seq	ftp://ftp.ncbi.nlm.nih.gov/geo/samples/GSM1112nnn/GSM1112700/suppl/GSM1112700_mid2cell_5-1_expression.txt.gz	
GSM1112701	mid2cell_5-2	Mid 2-cell stage blastomere (34-40h post-fertilization)	Mus musculus	CAST/EiJ(mother) x C57BL/6J(father)	first generation cross	Mid 2-cell stage blastomere (34-40h post-fertilization)	For expression values, we aligned reads using bowtie 0.12.7, option --best, against the genome and transcriptome (Ensembl, version 16 May 2011) with the genotype of both strains, in mm9 coordinates	RNA-Seq	ftp://ftp.ncbi.nlm.nih.gov/geo/samples/GSM1112nnn/GSM1112701/suppl/GSM1112701_mid2cell_5-2_expression.txt.gz	
GSM1112702	mid2cell_6-1	Mid 2-cell stage blastomere (34-40h post-fertilization)	Mus musculus	CAST/EiJ(mother) x C57BL/6J(father)	first generation cross	Mid 2-cell stage blastomere (34-40h post-fertilization)	For expression values, we aligned reads using bowtie 0.12.7, option --best, against the genome and transcriptome (Ensembl, version 16 May 2011) with the genotype of both strains, in mm9 coordinates	RNA-Seq	ftp://ftp.ncbi.nlm.nih.gov/geo/samples/GSM1112nnn/GSM1112702/suppl/GSM1112702_mid2cell_6-1_expression.txt.gz	
GSM1112703	mid2cell_6-2	Mid 2-cell stage blastomere (34-40h post-fertilization)	Mus musculus	CAST/EiJ(mother) x C57BL/6J(father)	first generation cross	Mid 2-cell stage blastomere (34-40h post-fertilization)	For expression values, we aligned reads using bowtie 0.12.7, option --best, against the genome and transcriptome (Ensembl, version 16 May 2011) with the genotype of both strains, in mm9 coordinates	RNA-Seq	ftp://ftp.ncbi.nlm.nih.gov/geo/samples/GSM1112nnn/GSM1112703/suppl/GSM1112703_mid2cell_6-2_expression.txt.gz	
GSM1112704	mid2cell_7-1	Mid 2-cell stage blastomere (34-40h post-fertilization)	Mus musculus	CAST/EiJ(mother) x C57BL/6J(father)	first generation cross	Mid 2-cell stage blastomere (34-40h post-fertilization)	For expression values, we aligned reads using bowtie 0.12.7, option --best, against the genome and transcriptome (Ensembl, version 16 May 2011) with the genotype of both strains, in mm9 coordinates	RNA-Seq	ftp://ftp.ncbi.nlm.nih.gov/geo/samples/GSM1112nnn/GSM1112704/suppl/GSM1112704_mid2cell_7-1_expression.txt.gz	
GSM1112705	mid2cell_7-2	Mid 2-cell stage blastomere (34-40h post-fertilization)	Mus musculus	CAST/EiJ(mother) x C57BL/6J(father)	first generation cross	Mid 2-cell stage blastomere (34-40h post-fertilization)	For expression values, we aligned reads using bowtie 0.12.7, option --best, against the genome and transcriptome (Ensembl, version 16 May 2011) with the genotype of both strains, in mm9 coordinates	RNA-Seq	ftp://ftp.ncbi.nlm.nih.gov/geo/samples/GSM1112nnn/GSM1112705/suppl/GSM1112705_mid2cell_7-2_expression.txt.gz	
GSM1112706	midblast_1-1	Mid blastocyst cell (92-94h post-fertilization)	Mus musculus	CAST/EiJ(mother) x C57BL/6J(father)	first generation cross	Mid blastocyst cell (92-94h post-fertilization)	For expression values, we aligned reads using bowtie 0.12.7, option --best, against the genome and transcriptome (Ensembl, version 16 May 2011) with the genotype of both strains, in mm9 coordinates	RNA-Seq	ftp://ftp.ncbi.nlm.nih.gov/geo/samples/GSM1112nnn/GSM1112706/suppl/GSM1112706_midblast_1-1_expression.txt.gz	
GSM1112707	midblast_1-10	Mid blastocyst cell (92-94h post-fertilization)	Mus musculus	CAST/EiJ(mother) x C57BL/6J(father)	first generation cross	Mid blastocyst cell (92-94h post-fertilization)	For expression values, we aligned reads using bowtie 0.12.7, option --best, against the genome and transcriptome (Ensembl, version 16 May 2011) with the genotype of both strains, in mm9 coordinates	RNA-Seq	ftp://ftp.ncbi.nlm.nih.gov/geo/samples/GSM1112nnn/GSM1112707/suppl/GSM1112707_midblast_1-10_expression.txt.gz	
GSM1112708	midblast_1-11	Mid blastocyst cell (92-94h post-fertilization)	Mus musculus	CAST/EiJ(mother) x C57BL/6J(father)	first generation cross	Mid blastocyst cell (92-94h post-fertilization)	For expression values, we aligned reads using bowtie 0.12.7, option --best, against the genome and transcriptome (Ensembl, version 16 May 2011) with the genotype of both strains, in mm9 coordinates	RNA-Seq	ftp://ftp.ncbi.nlm.nih.gov/geo/samples/GSM1112nnn/GSM1112708/suppl/GSM1112708_midblast_1-11_expression.txt.gz	
GSM1112709	midblast_1-12	Mid blastocyst cell (92-94h post-fertilization)	Mus musculus	CAST/EiJ(mother) x C57BL/6J(father)	first generation cross	Mid blastocyst cell (92-94h post-fertilization)	For expression values, we aligned reads using bowtie 0.12.7, option --best, against the genome and transcriptome (Ensembl, version 16 May 2011) with the genotype of both strains, in mm9 coordinates	RNA-Seq	ftp://ftp.ncbi.nlm.nih.gov/geo/samples/GSM1112nnn/GSM1112709/suppl/GSM1112709_midblast_1-12_expression.txt.gz	
GSM1112710	midblast_1-13	Mid blastocyst cell (92-94h post-fertilization)	Mus musculus	CAST/EiJ(mother) x C57BL/6J(father)	first generation cross	Mid blastocyst cell (92-94h post-fertilization)	For expression values, we aligned reads using bowtie 0.12.7, option --best, against the genome and transcriptome (Ensembl, version 16 May 2011) with the genotype of both strains, in mm9 coordinates	RNA-Seq	ftp://ftp.ncbi.nlm.nih.gov/geo/samples/GSM1112nnn/GSM1112710/suppl/GSM1112710_midblast_1-13_expression.txt.gz	
GSM1112711	midblast_1-14	Mid blastocyst cell (92-94h post-fertilization)	Mus musculus	CAST/EiJ(mother) x C57BL/6J(father)	first generation cross	Mid blastocyst cell (92-94h post-fertilization)	For expression values, we aligned reads using bowtie 0.12.7, option --best, against the genome and transcriptome (Ensembl, version 16 May 2011) with the genotype of both strains, in mm9 coordinates	RNA-Seq	ftp://ftp.ncbi.nlm.nih.gov/geo/samples/GSM1112nnn/GSM1112711/suppl/GSM1112711_midblast_1-14_expression.txt.gz	
GSM1112712	midblast_1-15	Mid blastocyst cell (92-94h post-fertilization)	Mus musculus	CAST/EiJ(mother) x C57BL/6J(father)	first generation cross	Mid blastocyst cell (92-94h post-fertilization)	For expression values, we aligned reads using bowtie 0.12.7, option --best, against the genome and transcriptome (Ensembl, version 16 May 2011) with the genotype of both strains, in mm9 coordinates	RNA-Seq	ftp://ftp.ncbi.nlm.nih.gov/geo/samples/GSM1112nnn/GSM1112712/suppl/GSM1112712_midblast_1-15_expression.txt.gz	
GSM1112713	midblast_1-16	Mid blastocyst cell (92-94h post-fertilization)	Mus musculus	CAST/EiJ(mother) x C57BL/6J(father)	first generation cross	Mid blastocyst cell (92-94h post-fertilization)	For expression values, we aligned reads using bowtie 0.12.7, option --best, against the genome and transcriptome (Ensembl, version 16 May 2011) with the genotype of both strains, in mm9 coordinates	RNA-Seq	ftp://ftp.ncbi.nlm.nih.gov/geo/samples/GSM1112nnn/GSM1112713/suppl/GSM1112713_midblast_1-16_expression.txt.gz	
GSM1112714	midblast_1-17	Mid blastocyst cell (92-94h post-fertilization)	Mus musculus	CAST/EiJ(mother) x C57BL/6J(father)	first generation cross	Mid blastocyst cell (92-94h post-fertilization)	For expression values, we aligned reads using bowtie 0.12.7, option --best, against the genome and transcriptome (Ensembl, version 16 May 2011) with the genotype of both strains, in mm9 coordinates	RNA-Seq	ftp://ftp.ncbi.nlm.nih.gov/geo/samples/GSM1112nnn/GSM1112714/suppl/GSM1112714_midblast_1-17_expression.txt.gz	
GSM1112715	midblast_1-18	Mid blastocyst cell (92-94h post-fertilization)	Mus musculus	CAST/EiJ(mother) x C57BL/6J(father)	first generation cross	Mid blastocyst cell (92-94h post-fertilization)	For expression values, we aligned reads using bowtie 0.12.7, option --best, against the genome and transcriptome (Ensembl, version 16 May 2011) with the genotype of both strains, in mm9 coordinates	RNA-Seq	ftp://ftp.ncbi.nlm.nih.gov/geo/samples/GSM1112nnn/GSM1112715/suppl/GSM1112715_midblast_1-18_expression.txt.gz	
GSM1112716	midblast_1-19	Mid blastocyst cell (92-94h post-fertilization)	Mus musculus	CAST/EiJ(mother) x C57BL/6J(father)	first generation cross	Mid blastocyst cell (92-94h post-fertilization)	For expression values, we aligned reads using bowtie 0.12.7, option --best, against the genome and transcriptome (Ensembl, version 16 May 2011) with the genotype of both strains, in mm9 coordinates	RNA-Seq	ftp://ftp.ncbi.nlm.nih.gov/geo/samples/GSM1112nnn/GSM1112716/suppl/GSM1112716_midblast_1-19_expression.txt.gz	
GSM1112717	midblast_1-2	Mid blastocyst cell (92-94h post-fertilization)	Mus musculus	CAST/EiJ(mother) x C57BL/6J(father)	first generation cross	Mid blastocyst cell (92-94h post-fertilization)	For expression values, we aligned reads using bowtie 0.12.7, option --best, against the genome and transcriptome (Ensembl, version 16 May 2011) with the genotype of both strains, in mm9 coordinates	RNA-Seq	ftp://ftp.ncbi.nlm.nih.gov/geo/samples/GSM1112nnn/GSM1112717/suppl/GSM1112717_midblast_1-2_expression.txt.gz	
GSM1112718	midblast_1-20	Mid blastocyst cell (92-94h post-fertilization)	Mus musculus	CAST/EiJ(mother) x C57BL/6J(father)	first generation cross	Mid blastocyst cell (92-94h post-fertilization)	For expression values, we aligned reads using bowtie 0.12.7, option --best, against the genome and transcriptome (Ensembl, version 16 May 2011) with the genotype of both strains, in mm9 coordinates	RNA-Seq	ftp://ftp.ncbi.nlm.nih.gov/geo/samples/GSM1112nnn/GSM1112718/suppl/GSM1112718_midblast_1-20_expression.txt.gz	
GSM1112719	midblast_1-22	Mid blastocyst cell (92-94h post-fertilization)	Mus musculus	CAST/EiJ(mother) x C57BL/6J(father)	first generation cross	Mid blastocyst cell (92-94h post-fertilization)	For expression values, we aligned reads using bowtie 0.12.7, option --best, against the genome and transcriptome (Ensembl, version 16 May 2011) with the genotype of both strains, in mm9 coordinates	RNA-Seq	ftp://ftp.ncbi.nlm.nih.gov/geo/samples/GSM1112nnn/GSM1112719/suppl/GSM1112719_midblast_1-22_expression.txt.gz	
GSM1112720	midblast_1-23	Mid blastocyst cell (92-94h post-fertilization)	Mus musculus	CAST/EiJ(mother) x C57BL/6J(father)	first generation cross	Mid blastocyst cell (92-94h post-fertilization)	For expression values, we aligned reads using bowtie 0.12.7, option --best, against the genome and transcriptome (Ensembl, version 16 May 2011) with the genotype of both strains, in mm9 coordinates	RNA-Seq	ftp://ftp.ncbi.nlm.nih.gov/geo/samples/GSM1112nnn/GSM1112720/suppl/GSM1112720_midblast_1-23_expression.txt.gz	
GSM1112721	midblast_1-24	Mid blastocyst cell (92-94h post-fertilization)	Mus musculus	CAST/EiJ(mother) x C57BL/6J(father)	first generation cross	Mid blastocyst cell (92-94h post-fertilization)	For expression values, we aligned reads using bowtie 0.12.7, option --best, against the genome and transcriptome (Ensembl, version 16 May 2011) with the genotype of both strains, in mm9 coordinates	RNA-Seq	ftp://ftp.ncbi.nlm.nih.gov/geo/samples/GSM1112nnn/GSM1112721/suppl/GSM1112721_midblast_1-24_expression.txt.gz	
GSM1112722	midblast_1-3	Mid blastocyst cell (92-94h post-fertilization)	Mus musculus	CAST/EiJ(mother) x C57BL/6J(father)	first generation cross	Mid blastocyst cell (92-94h post-fertilization)	For expression values, we aligned reads using bowtie 0.12.7, option --best, against the genome and transcriptome (Ensembl, version 16 May 2011) with the genotype of both strains, in mm9 coordinates	RNA-Seq	ftp://ftp.ncbi.nlm.nih.gov/geo/samples/GSM1112nnn/GSM1112722/suppl/GSM1112722_midblast_1-3_expression.txt.gz	
GSM1112723	midblast_1-4	Mid blastocyst cell (92-94h post-fertilization)	Mus musculus	CAST/EiJ(mother) x C57BL/6J(father)	first generation cross	Mid blastocyst cell (92-94h post-fertilization)	For expression values, we aligned reads using bowtie 0.12.7, option --best, against the genome and transcriptome (Ensembl, version 16 May 2011) with the genotype of both strains, in mm9 coordinates	RNA-Seq	ftp://ftp.ncbi.nlm.nih.gov/geo/samples/GSM1112nnn/GSM1112723/suppl/GSM1112723_midblast_1-4_expression.txt.gz	
GSM1112724	midblast_1-5	Mid blastocyst cell (92-94h post-fertilization)	Mus musculus	CAST/EiJ(mother) x C57BL/6J(father)	first generation cross	Mid blastocyst cell (92-94h post-fertilization)	For expression values, we aligned reads using bowtie 0.12.7, option --best, against the genome and transcriptome (Ensembl, version 16 May 2011) with the genotype of both strains, in mm9 coordinates	RNA-Seq	ftp://ftp.ncbi.nlm.nih.gov/geo/samples/GSM1112nnn/GSM1112724/suppl/GSM1112724_midblast_1-5_expression.txt.gz	
GSM1112725	midblast_1-6	Mid blastocyst cell (92-94h post-fertilization)	Mus musculus	CAST/EiJ(mother) x C57BL/6J(father)	first generation cross	Mid blastocyst cell (92-94h post-fertilization)	For expression values, we aligned reads using bowtie 0.12.7, option --best, against the genome and transcriptome (Ensembl, version 16 May 2011) with the genotype of both strains, in mm9 coordinates	RNA-Seq	ftp://ftp.ncbi.nlm.nih.gov/geo/samples/GSM1112nnn/GSM1112725/suppl/GSM1112725_midblast_1-6_expression.txt.gz	
GSM1112726	midblast_1-8	Mid blastocyst cell (92-94h post-fertilization)	Mus musculus	CAST/EiJ(mother) x C57BL/6J(father)	first generation cross	Mid blastocyst cell (92-94h post-fertilization)	For expression values, we aligned reads using bowtie 0.12.7, option --best, against the genome and transcriptome (Ensembl, version 16 May 2011) with the genotype of both strains, in mm9 coordinates	RNA-Seq	ftp://ftp.ncbi.nlm.nih.gov/geo/samples/GSM1112nnn/GSM1112726/suppl/GSM1112726_midblast_1-8_expression.txt.gz	
GSM1112727	midblast_1-9	Mid blastocyst cell (92-94h post-fertilization)	Mus musculus	CAST/EiJ(mother) x C57BL/6J(father)	first generation cross	Mid blastocyst cell (92-94h post-fertilization)	For expression values, we aligned reads using bowtie 0.12.7, option --best, against the genome and transcriptome (Ensembl, version 16 May 2011) with the genotype of both strains, in mm9 coordinates	RNA-Seq	ftp://ftp.ncbi.nlm.nih.gov/geo/samples/GSM1112nnn/GSM1112727/suppl/GSM1112727_midblast_1-9_expression.txt.gz	
GSM1112728	midblast_2-1	Mid blastocyst cell (92-94h post-fertilization)	Mus musculus	CAST/EiJ(mother) x C57BL/6J(father)	first generation cross	Mid blastocyst cell (92-94h post-fertilization)	For expression values, we aligned reads using bowtie 0.12.7, option --best, against the genome and transcriptome (Ensembl, version 16 May 2011) with the genotype of both strains, in mm9 coordinates	RNA-Seq	ftp://ftp.ncbi.nlm.nih.gov/geo/samples/GSM1112nnn/GSM1112728/suppl/GSM1112728_midblast_2-1_expression.txt.gz	
GSM1112729	midblast_2-10	Mid blastocyst cell (92-94h post-fertilization)	Mus musculus	CAST/EiJ(mother) x C57BL/6J(father)	first generation cross	Mid blastocyst cell (92-94h post-fertilization)	For expression values, we aligned reads using bowtie 0.12.7, option --best, against the genome and transcriptome (Ensembl, version 16 May 2011) with the genotype of both strains, in mm9 coordinates	RNA-Seq	ftp://ftp.ncbi.nlm.nih.gov/geo/samples/GSM1112nnn/GSM1112729/suppl/GSM1112729_midblast_2-10_expression.txt.gz	
GSM1112730	midblast_2-11	Mid blastocyst cell (92-94h post-fertilization)	Mus musculus	CAST/EiJ(mother) x C57BL/6J(father)	first generation cross	Mid blastocyst cell (92-94h post-fertilization)	For expression values, we aligned reads using bowtie 0.12.7, option --best, against the genome and transcriptome (Ensembl, version 16 May 2011) with the genotype of both strains, in mm9 coordinates	RNA-Seq	ftp://ftp.ncbi.nlm.nih.gov/geo/samples/GSM1112nnn/GSM1112730/suppl/GSM1112730_midblast_2-11_expression.txt.gz	
GSM1112731	midblast_2-12	Mid blastocyst cell (92-94h post-fertilization)	Mus musculus	CAST/EiJ(mother) x C57BL/6J(father)	first generation cross	Mid blastocyst cell (92-94h post-fertilization)	For expression values, we aligned reads using bowtie 0.12.7, option --best, against the genome and transcriptome (Ensembl, version 16 May 2011) with the genotype of both strains, in mm9 coordinates	RNA-Seq	ftp://ftp.ncbi.nlm.nih.gov/geo/samples/GSM1112nnn/GSM1112731/suppl/GSM1112731_midblast_2-12_expression.txt.gz	
GSM1112732	midblast_2-13	Mid blastocyst cell (92-94h post-fertilization)	Mus musculus	CAST/EiJ(mother) x C57BL/6J(father)	first generation cross	Mid blastocyst cell (92-94h post-fertilization)	For expression values, we aligned reads using bowtie 0.12.7, option --best, against the genome and transcriptome (Ensembl, version 16 May 2011) with the genotype of both strains, in mm9 coordinates	RNA-Seq	ftp://ftp.ncbi.nlm.nih.gov/geo/samples/GSM1112nnn/GSM1112732/suppl/GSM1112732_midblast_2-13_expression.txt.gz	
GSM1112733	midblast_2-14	Mid blastocyst cell (92-94h post-fertilization)	Mus musculus	CAST/EiJ(mother) x C57BL/6J(father)	first generation cross	Mid blastocyst cell (92-94h post-fertilization)	For expression values, we aligned reads using bowtie 0.12.7, option --best, against the genome and transcriptome (Ensembl, version 16 May 2011) with the genotype of both strains, in mm9 coordinates	RNA-Seq	ftp://ftp.ncbi.nlm.nih.gov/geo/samples/GSM1112nnn/GSM1112733/suppl/GSM1112733_midblast_2-14_expression.txt.gz	
GSM1112734	midblast_2-15	Mid blastocyst cell (92-94h post-fertilization)	Mus musculus	CAST/EiJ(mother) x C57BL/6J(father)	first generation cross	Mid blastocyst cell (92-94h post-fertilization)	For expression values, we aligned reads using bowtie 0.12.7, option --best, against the genome and transcriptome (Ensembl, version 16 May 2011) with the genotype of both strains, in mm9 coordinates	RNA-Seq	ftp://ftp.ncbi.nlm.nih.gov/geo/samples/GSM1112nnn/GSM1112734/suppl/GSM1112734_midblast_2-15_expression.txt.gz	
GSM1112735	midblast_2-16	Mid blastocyst cell (92-94h post-fertilization)	Mus musculus	CAST/EiJ(mother) x C57BL/6J(father)	first generation cross	Mid blastocyst cell (92-94h post-fertilization)	For expression values, we aligned reads using bowtie 0.12.7, option --best, against the genome and transcriptome (Ensembl, version 16 May 2011) with the genotype of both strains, in mm9 coordinates	RNA-Seq	ftp://ftp.ncbi.nlm.nih.gov/geo/samples/GSM1112nnn/GSM1112735/suppl/GSM1112735_midblast_2-16_expression.txt.gz	
GSM1112736	midblast_2-17	Mid blastocyst cell (92-94h post-fertilization)	Mus musculus	CAST/EiJ(mother) x C57BL/6J(father)	first generation cross	Mid blastocyst cell (92-94h post-fertilization)	For expression values, we aligned reads using bowtie 0.12.7, option --best, against the genome and transcriptome (Ensembl, version 16 May 2011) with the genotype of both strains, in mm9 coordinates	RNA-Seq	ftp://ftp.ncbi.nlm.nih.gov/geo/samples/GSM1112nnn/GSM1112736/suppl/GSM1112736_midblast_2-17_expression.txt.gz	
GSM1112737	midblast_2-18	Mid blastocyst cell (92-94h post-fertilization)	Mus musculus	CAST/EiJ(mother) x C57BL/6J(father)	first generation cross	Mid blastocyst cell (92-94h post-fertilization)	For expression values, we aligned reads using bowtie 0.12.7, option --best, against the genome and transcriptome (Ensembl, version 16 May 2011) with the genotype of both strains, in mm9 coordinates	RNA-Seq	ftp://ftp.ncbi.nlm.nih.gov/geo/samples/GSM1112nnn/GSM1112737/suppl/GSM1112737_midblast_2-18_expression.txt.gz	
GSM1112738	midblast_2-2	Mid blastocyst cell (92-94h post-fertilization)	Mus musculus	CAST/EiJ(mother) x C57BL/6J(father)	first generation cross	Mid blastocyst cell (92-94h post-fertilization)	For expression values, we aligned reads using bowtie 0.12.7, option --best, against the genome and transcriptome (Ensembl, version 16 May 2011) with the genotype of both strains, in mm9 coordinates	RNA-Seq	ftp://ftp.ncbi.nlm.nih.gov/geo/samples/GSM1112nnn/GSM1112738/suppl/GSM1112738_midblast_2-2_expression.txt.gz	
GSM1112739	midblast_2-23	Mid blastocyst cell (92-94h post-fertilization)	Mus musculus	CAST/EiJ(mother) x C57BL/6J(father)	first generation cross	Mid blastocyst cell (92-94h post-fertilization)	For expression values, we aligned reads using bowtie 0.12.7, option --best, against the genome and transcriptome (Ensembl, version 16 May 2011) with the genotype of both strains, in mm9 coordinates	RNA-Seq	ftp://ftp.ncbi.nlm.nih.gov/geo/samples/GSM1112nnn/GSM1112739/suppl/GSM1112739_midblast_2-23_expression.txt.gz	
GSM1112740	midblast_2-24	Mid blastocyst cell (92-94h post-fertilization)	Mus musculus	CAST/EiJ(mother) x C57BL/6J(father)	first generation cross	Mid blastocyst cell (92-94h post-fertilization)	For expression values, we aligned reads using bowtie 0.12.7, option --best, against the genome and transcriptome (Ensembl, version 16 May 2011) with the genotype of both strains, in mm9 coordinates	RNA-Seq	ftp://ftp.ncbi.nlm.nih.gov/geo/samples/GSM1112nnn/GSM1112740/suppl/GSM1112740_midblast_2-24_expression.txt.gz	
GSM1112741	midblast_2-3	Mid blastocyst cell (92-94h post-fertilization)	Mus musculus	CAST/EiJ(mother) x C57BL/6J(father)	first generation cross	Mid blastocyst cell (92-94h post-fertilization)	For expression values, we aligned reads using bowtie 0.12.7, option --best, against the genome and transcriptome (Ensembl, version 16 May 2011) with the genotype of both strains, in mm9 coordinates	RNA-Seq	ftp://ftp.ncbi.nlm.nih.gov/geo/samples/GSM1112nnn/GSM1112741/suppl/GSM1112741_midblast_2-3_expression.txt.gz	
GSM1112742	midblast_2-4	Mid blastocyst cell (92-94h post-fertilization)	Mus musculus	CAST/EiJ(mother) x C57BL/6J(father)	first generation cross	Mid blastocyst cell (92-94h post-fertilization)	For expression values, we aligned reads using bowtie 0.12.7, option --best, against the genome and transcriptome (Ensembl, version 16 May 2011) with the genotype of both strains, in mm9 coordinates	RNA-Seq	ftp://ftp.ncbi.nlm.nih.gov/geo/samples/GSM1112nnn/GSM1112742/suppl/GSM1112742_midblast_2-4_expression.txt.gz	
GSM1112743	midblast_2-5	Mid blastocyst cell (92-94h post-fertilization)	Mus musculus	CAST/EiJ(mother) x C57BL/6J(father)	first generation cross	Mid blastocyst cell (92-94h post-fertilization)	For expression values, we aligned reads using bowtie 0.12.7, option --best, against the genome and transcriptome (Ensembl, version 16 May 2011) with the genotype of both strains, in mm9 coordinates	RNA-Seq	ftp://ftp.ncbi.nlm.nih.gov/geo/samples/GSM1112nnn/GSM1112743/suppl/GSM1112743_midblast_2-5_expression.txt.gz	
GSM1112744	midblast_2-6	Mid blastocyst cell (92-94h post-fertilization)	Mus musculus	CAST/EiJ(mother) x C57BL/6J(father)	first generation cross	Mid blastocyst cell (92-94h post-fertilization)	For expression values, we aligned reads using bowtie 0.12.7, option --best, against the genome and transcriptome (Ensembl, version 16 May 2011) with the genotype of both strains, in mm9 coordinates	RNA-Seq	ftp://ftp.ncbi.nlm.nih.gov/geo/samples/GSM1112nnn/GSM1112744/suppl/GSM1112744_midblast_2-6_expression.txt.gz	
GSM1112745	midblast_2-7	Mid blastocyst cell (92-94h post-fertilization)	Mus musculus	CAST/EiJ(mother) x C57BL/6J(father)	first generation cross	Mid blastocyst cell (92-94h post-fertilization)	For expression values, we aligned reads using bowtie 0.12.7, option --best, against the genome and transcriptome (Ensembl, version 16 May 2011) with the genotype of both strains, in mm9 coordinates	RNA-Seq	ftp://ftp.ncbi.nlm.nih.gov/geo/samples/GSM1112nnn/GSM1112745/suppl/GSM1112745_midblast_2-7_expression.txt.gz	
GSM1112746	midblast_2-8	Mid blastocyst cell (92-94h post-fertilization)	Mus musculus	CAST/EiJ(mother) x C57BL/6J(father)	first generation cross	Mid blastocyst cell (92-94h post-fertilization)	For expression values, we aligned reads using bowtie 0.12.7, option --best, against the genome and transcriptome (Ensembl, version 16 May 2011) with the genotype of both strains, in mm9 coordinates	RNA-Seq	ftp://ftp.ncbi.nlm.nih.gov/geo/samples/GSM1112nnn/GSM1112746/suppl/GSM1112746_midblast_2-8_expression.txt.gz	
GSM1112747	midblast_2-9	Mid blastocyst cell (92-94h post-fertilization)	Mus musculus	CAST/EiJ(mother) x C57BL/6J(father)	first generation cross	Mid blastocyst cell (92-94h post-fertilization)	For expression values, we aligned reads using bowtie 0.12.7, option --best, against the genome and transcriptome (Ensembl, version 16 May 2011) with the genotype of both strains, in mm9 coordinates	RNA-Seq	ftp://ftp.ncbi.nlm.nih.gov/geo/samples/GSM1112nnn/GSM1112747/suppl/GSM1112747_midblast_2-9_expression.txt.gz	
GSM1112748	midblast_3-1	Mid blastocyst cell (92-94h post-fertilization)	Mus musculus	CAST/EiJ(mother) x C57BL/6J(father)	first generation cross	Mid blastocyst cell (92-94h post-fertilization)	For expression values, we aligned reads using bowtie 0.12.7, option --best, against the genome and transcriptome (Ensembl, version 16 May 2011) with the genotype of both strains, in mm9 coordinates	RNA-Seq	ftp://ftp.ncbi.nlm.nih.gov/geo/samples/GSM1112nnn/GSM1112748/suppl/GSM1112748_midblast_3-1_expression.txt.gz	
GSM1112749	midblast_3-10	Mid blastocyst cell (92-94h post-fertilization)	Mus musculus	CAST/EiJ(mother) x C57BL/6J(father)	first generation cross	Mid blastocyst cell (92-94h post-fertilization)	For expression values, we aligned reads using bowtie 0.12.7, option --best, against the genome and transcriptome (Ensembl, version 16 May 2011) with the genotype of both strains, in mm9 coordinates	RNA-Seq	ftp://ftp.ncbi.nlm.nih.gov/geo/samples/GSM1112nnn/GSM1112749/suppl/GSM1112749_midblast_3-10_expression.txt.gz	
GSM1112750	midblast_3-11	Mid blastocyst cell (92-94h post-fertilization)	Mus musculus	CAST/EiJ(mother) x C57BL/6J(father)	first generation cross	Mid blastocyst cell (92-94h post-fertilization)	For expression values, we aligned reads using bowtie 0.12.7, option --best, against the genome and transcriptome (Ensembl, version 16 May 2011) with the genotype of both strains, in mm9 coordinates	RNA-Seq	ftp://ftp.ncbi.nlm.nih.gov/geo/samples/GSM1112nnn/GSM1112750/suppl/GSM1112750_midblast_3-11_expression.txt.gz	
GSM1112751	midblast_3-12	Mid blastocyst cell (92-94h post-fertilization)	Mus musculus	CAST/EiJ(mother) x C57BL/6J(father)	first generation cross	Mid blastocyst cell (92-94h post-fertilization)	For expression values, we aligned reads using bowtie 0.12.7, option --best, against the genome and transcriptome (Ensembl, version 16 May 2011) with the genotype of both strains, in mm9 coordinates	RNA-Seq	ftp://ftp.ncbi.nlm.nih.gov/geo/samples/GSM1112nnn/GSM1112751/suppl/GSM1112751_midblast_3-12_expression.txt.gz	
GSM1112752	midblast_3-13	Mid blastocyst cell (92-94h post-fertilization)	Mus musculus	CAST/EiJ(mother) x C57BL/6J(father)	first generation cross	Mid blastocyst cell (92-94h post-fertilization)	For expression values, we aligned reads using bowtie 0.12.7, option --best, against the genome and transcriptome (Ensembl, version 16 May 2011) with the genotype of both strains, in mm9 coordinates	RNA-Seq	ftp://ftp.ncbi.nlm.nih.gov/geo/samples/GSM1112nnn/GSM1112752/suppl/GSM1112752_midblast_3-13_expression.txt.gz	
GSM1112753	midblast_3-14	Mid blastocyst cell (92-94h post-fertilization)	Mus musculus	CAST/EiJ(mother) x C57BL/6J(father)	first generation cross	Mid blastocyst cell (92-94h post-fertilization)	For expression values, we aligned reads using bowtie 0.12.7, option --best, against the genome and transcriptome (Ensembl, version 16 May 2011) with the genotype of both strains, in mm9 coordinates	RNA-Seq	ftp://ftp.ncbi.nlm.nih.gov/geo/samples/GSM1112nnn/GSM1112753/suppl/GSM1112753_midblast_3-14_expression.txt.gz	
GSM1112754	midblast_3-15	Mid blastocyst cell (92-94h post-fertilization)	Mus musculus	CAST/EiJ(mother) x C57BL/6J(father)	first generation cross	Mid blastocyst cell (92-94h post-fertilization)	For expression values, we aligned reads using bowtie 0.12.7, option --best, against the genome and transcriptome (Ensembl, version 16 May 2011) with the genotype of both strains, in mm9 coordinates	RNA-Seq	ftp://ftp.ncbi.nlm.nih.gov/geo/samples/GSM1112nnn/GSM1112754/suppl/GSM1112754_midblast_3-15_expression.txt.gz	
GSM1112755	midblast_3-17	Mid blastocyst cell (92-94h post-fertilization)	Mus musculus	CAST/EiJ(mother) x C57BL/6J(father)	first generation cross	Mid blastocyst cell (92-94h post-fertilization)	For expression values, we aligned reads using bowtie 0.12.7, option --best, against the genome and transcriptome (Ensembl, version 16 May 2011) with the genotype of both strains, in mm9 coordinates	RNA-Seq	ftp://ftp.ncbi.nlm.nih.gov/geo/samples/GSM1112nnn/GSM1112755/suppl/GSM1112755_midblast_3-17_expression.txt.gz	
GSM1112756	midblast_3-18	Mid blastocyst cell (92-94h post-fertilization)	Mus musculus	CAST/EiJ(mother) x C57BL/6J(father)	first generation cross	Mid blastocyst cell (92-94h post-fertilization)	For expression values, we aligned reads using bowtie 0.12.7, option --best, against the genome and transcriptome (Ensembl, version 16 May 2011) with the genotype of both strains, in mm9 coordinates	RNA-Seq	ftp://ftp.ncbi.nlm.nih.gov/geo/samples/GSM1112nnn/GSM1112756/suppl/GSM1112756_midblast_3-18_expression.txt.gz	
GSM1112757	midblast_3-2	Mid blastocyst cell (92-94h post-fertilization)	Mus musculus	CAST/EiJ(mother) x C57BL/6J(father)	first generation cross	Mid blastocyst cell (92-94h post-fertilization)	For expression values, we aligned reads using bowtie 0.12.7, option --best, against the genome and transcriptome (Ensembl, version 16 May 2011) with the genotype of both strains, in mm9 coordinates	RNA-Seq	ftp://ftp.ncbi.nlm.nih.gov/geo/samples/GSM1112nnn/GSM1112757/suppl/GSM1112757_midblast_3-2_expression.txt.gz	
GSM1112758	midblast_3-23	Mid blastocyst cell (92-94h post-fertilization)	Mus musculus	CAST/EiJ(mother) x C57BL/6J(father)	first generation cross	Mid blastocyst cell (92-94h post-fertilization)	For expression values, we aligned reads using bowtie 0.12.7, option --best, against the genome and transcriptome (Ensembl, version 16 May 2011) with the genotype of both strains, in mm9 coordinates	RNA-Seq	ftp://ftp.ncbi.nlm.nih.gov/geo/samples/GSM1112nnn/GSM1112758/suppl/GSM1112758_midblast_3-23_expression.txt.gz	
GSM1112759	midblast_3-3	Mid blastocyst cell (92-94h post-fertilization)	Mus musculus	CAST/EiJ(mother) x C57BL/6J(father)	first generation cross	Mid blastocyst cell (92-94h post-fertilization)	For expression values, we aligned reads using bowtie 0.12.7, option --best, against the genome and transcriptome (Ensembl, version 16 May 2011) with the genotype of both strains, in mm9 coordinates	RNA-Seq	ftp://ftp.ncbi.nlm.nih.gov/geo/samples/GSM1112nnn/GSM1112759/suppl/GSM1112759_midblast_3-3_expression.txt.gz	
GSM1112760	midblast_3-4	Mid blastocyst cell (92-94h post-fertilization)	Mus musculus	CAST/EiJ(mother) x C57BL/6J(father)	first generation cross	Mid blastocyst cell (92-94h post-fertilization)	For expression values, we aligned reads using bowtie 0.12.7, option --best, against the genome and transcriptome (Ensembl, version 16 May 2011) with the genotype of both strains, in mm9 coordinates	RNA-Seq	ftp://ftp.ncbi.nlm.nih.gov/geo/samples/GSM1112nnn/GSM1112760/suppl/GSM1112760_midblast_3-4_expression.txt.gz	
GSM1112761	midblast_3-5	Mid blastocyst cell (92-94h post-fertilization)	Mus musculus	CAST/EiJ(mother) x C57BL/6J(father)	first generation cross	Mid blastocyst cell (92-94h post-fertilization)	For expression values, we aligned reads using bowtie 0.12.7, option --best, against the genome and transcriptome (Ensembl, version 16 May 2011) with the genotype of both strains, in mm9 coordinates	RNA-Seq	ftp://ftp.ncbi.nlm.nih.gov/geo/samples/GSM1112nnn/GSM1112761/suppl/GSM1112761_midblast_3-5_expression.txt.gz	
GSM1112762	midblast_3-6	Mid blastocyst cell (92-94h post-fertilization)	Mus musculus	CAST/EiJ(mother) x C57BL/6J(father)	first generation cross	Mid blastocyst cell (92-94h post-fertilization)	For expression values, we aligned reads using bowtie 0.12.7, option --best, against the genome and transcriptome (Ensembl, version 16 May 2011) with the genotype of both strains, in mm9 coordinates	RNA-Seq	ftp://ftp.ncbi.nlm.nih.gov/geo/samples/GSM1112nnn/GSM1112762/suppl/GSM1112762_midblast_3-6_expression.txt.gz	
GSM1112763	midblast_3-7	Mid blastocyst cell (92-94h post-fertilization)	Mus musculus	CAST/EiJ(mother) x C57BL/6J(father)	first generation cross	Mid blastocyst cell (92-94h post-fertilization)	For expression values, we aligned reads using bowtie 0.12.7, option --best, against the genome and transcriptome (Ensembl, version 16 May 2011) with the genotype of both strains, in mm9 coordinates	RNA-Seq	ftp://ftp.ncbi.nlm.nih.gov/geo/samples/GSM1112nnn/GSM1112763/suppl/GSM1112763_midblast_3-7_expression.txt.gz	
GSM1112764	midblast_3-8	Mid blastocyst cell (92-94h post-fertilization)	Mus musculus	CAST/EiJ(mother) x C57BL/6J(father)	first generation cross	Mid blastocyst cell (92-94h post-fertilization)	For expression values, we aligned reads using bowtie 0.12.7, option --best, against the genome and transcriptome (Ensembl, version 16 May 2011) with the genotype of both strains, in mm9 coordinates	RNA-Seq	ftp://ftp.ncbi.nlm.nih.gov/geo/samples/GSM1112nnn/GSM1112764/suppl/GSM1112764_midblast_3-8_expression.txt.gz	
GSM1112765	midblast_3-9	Mid blastocyst cell (92-94h post-fertilization)	Mus musculus	CAST/EiJ(mother) x C57BL/6J(father)	first generation cross	Mid blastocyst cell (92-94h post-fertilization)	For expression values, we aligned reads using bowtie 0.12.7, option --best, against the genome and transcriptome (Ensembl, version 16 May 2011) with the genotype of both strains, in mm9 coordinates	RNA-Seq	ftp://ftp.ncbi.nlm.nih.gov/geo/samples/GSM1112nnn/GSM1112765/suppl/GSM1112765_midblast_3-9_expression.txt.gz	
GSM1112766	zy1	Zygote	Mus musculus	CAST/EiJ(mother) x C57BL/6J(father)	first generation cross	Zygote	For expression values, we aligned reads using bowtie 0.12.7, option --best, against the genome and transcriptome (Ensembl, version 16 May 2011) with the genotype of both strains, in mm9 coordinates	RNA-Seq	ftp://ftp.ncbi.nlm.nih.gov/geo/samples/GSM1112nnn/GSM1112766/suppl/GSM1112766_zy1_expression.txt.gz	
GSM1112767	zy2	Zygote	Mus musculus	CAST/EiJ(mother) x C57BL/6J(father)	first generation cross	Zygote	For expression values, we aligned reads using bowtie 0.12.7, option --best, against the genome and transcriptome (Ensembl, version 16 May 2011) with the genotype of both strains, in mm9 coordinates	RNA-Seq	ftp://ftp.ncbi.nlm.nih.gov/geo/samples/GSM1112nnn/GSM1112767/suppl/GSM1112767_zy2_expression.txt.gz	
GSM1112768	zy3	Zygote	Mus musculus	CAST/EiJ(mother) x C57BL/6J(father)	first generation cross	Zygote	For expression values, we aligned reads using bowtie 0.12.7, option --best, against the genome and transcriptome (Ensembl, version 16 May 2011) with the genotype of both strains, in mm9 coordinates	RNA-Seq	ftp://ftp.ncbi.nlm.nih.gov/geo/samples/GSM1112nnn/GSM1112768/suppl/GSM1112768_zy3_expression.txt.gz	
GSM1112769	zy4	Zygote	Mus musculus	CAST/EiJ(mother) x C57BL/6J(father)	first generation cross	Zygote	For expression values, we aligned reads using bowtie 0.12.7, option --best, against the genome and transcriptome (Ensembl, version 16 May 2011) with the genotype of both strains, in mm9 coordinates	RNA-Seq	ftp://ftp.ncbi.nlm.nih.gov/geo/samples/GSM1112nnn/GSM1112769/suppl/GSM1112769_zy4_expression.txt.gz	
GSM1278009	16cell_2pooled_split6a	16-cell stage blastomere	Mus musculus	CAST/EiJ(mother) x C57BL/6J(father)	first generation cross	16-cell stage blastomere	For expression values, we aligned reads using bowtie 0.12.7, option --best, against the genome and transcriptome (Ensembl, version 16 May 2011) with the genotype of both strains, in mm9 coordinates (but for Smart-seq2 samples we used rna-star against the genome)	RNA-Seq	ftp://ftp.ncbi.nlm.nih.gov/geo/samples/GSM1278nnn/GSM1278009/suppl/GSM1278009_16cell_2pooled_split6a_expression.txt.gz	
GSM1278010	16cell_2pooled_split6b	16-cell stage blastomere	Mus musculus	CAST/EiJ(mother) x C57BL/6J(father)	first generation cross	16-cell stage blastomere	For expression values, we aligned reads using bowtie 0.12.7, option --best, against the genome and transcriptome (Ensembl, version 16 May 2011) with the genotype of both strains, in mm9 coordinates (but for Smart-seq2 samples we used rna-star against the genome)	RNA-Seq	ftp://ftp.ncbi.nlm.nih.gov/geo/samples/GSM1278nnn/GSM1278010/suppl/GSM1278010_16cell_2pooled_split6b_expression.txt.gz	
GSM1278011	16cell_2pooled_split8a	16-cell stage blastomere	Mus musculus	CAST/EiJ(mother) x C57BL/6J(father)	first generation cross	16-cell stage blastomere	For expression values, we aligned reads using bowtie 0.12.7, option --best, against the genome and transcriptome (Ensembl, version 16 May 2011) with the genotype of both strains, in mm9 coordinates (but for Smart-seq2 samples we used rna-star against the genome)	RNA-Seq	ftp://ftp.ncbi.nlm.nih.gov/geo/samples/GSM1278nnn/GSM1278011/suppl/GSM1278011_16cell_2pooled_split8a_expression.txt.gz	
GSM1278012	16cell_2pooled_split8b	16-cell stage blastomere	Mus musculus	CAST/EiJ(mother) x C57BL/6J(father)	first generation cross	16-cell stage blastomere	For expression values, we aligned reads using bowtie 0.12.7, option --best, against the genome and transcriptome (Ensembl, version 16 May 2011) with the genotype of both strains, in mm9 coordinates (but for Smart-seq2 samples we used rna-star against the genome)	RNA-Seq	ftp://ftp.ncbi.nlm.nih.gov/geo/samples/GSM1278nnn/GSM1278012/suppl/GSM1278012_16cell_2pooled_split8b_expression.txt.gz	
GSM1278013	16cell_split1a	16-cell stage blastomere	Mus musculus	CAST/EiJ(mother) x C57BL/6J(father)	first generation cross	16-cell stage blastomere	For expression values, we aligned reads using bowtie 0.12.7, option --best, against the genome and transcriptome (Ensembl, version 16 May 2011) with the genotype of both strains, in mm9 coordinates (but for Smart-seq2 samples we used rna-star against the genome)	RNA-Seq	ftp://ftp.ncbi.nlm.nih.gov/geo/samples/GSM1278nnn/GSM1278013/suppl/GSM1278013_16cell_split1a_expression.txt.gz	
GSM1278014	16cell_split1b	16-cell stage blastomere	Mus musculus	CAST/EiJ(mother) x C57BL/6J(father)	first generation cross	16-cell stage blastomere	For expression values, we aligned reads using bowtie 0.12.7, option --best, against the genome and transcriptome (Ensembl, version 16 May 2011) with the genotype of both strains, in mm9 coordinates (but for Smart-seq2 samples we used rna-star against the genome)	RNA-Seq	ftp://ftp.ncbi.nlm.nih.gov/geo/samples/GSM1278nnn/GSM1278014/suppl/GSM1278014_16cell_split1b_expression.txt.gz	
GSM1278015	16cell_split2a	16-cell stage blastomere	Mus musculus	CAST/EiJ(mother) x C57BL/6J(father)	first generation cross	16-cell stage blastomere	For expression values, we aligned reads using bowtie 0.12.7, option --best, against the genome and transcriptome (Ensembl, version 16 May 2011) with the genotype of both strains, in mm9 coordinates (but for Smart-seq2 samples we used rna-star against the genome)	RNA-Seq	ftp://ftp.ncbi.nlm.nih.gov/geo/samples/GSM1278nnn/GSM1278015/suppl/GSM1278015_16cell_split2a_expression.txt.gz	
GSM1278016	16cell_split2b	16-cell stage blastomere	Mus musculus	CAST/EiJ(mother) x C57BL/6J(father)	first generation cross	16-cell stage blastomere	For expression values, we aligned reads using bowtie 0.12.7, option --best, against the genome and transcriptome (Ensembl, version 16 May 2011) with the genotype of both strains, in mm9 coordinates (but for Smart-seq2 samples we used rna-star against the genome)	RNA-Seq	ftp://ftp.ncbi.nlm.nih.gov/geo/samples/GSM1278nnn/GSM1278016/suppl/GSM1278016_16cell_split2b_expression.txt.gz	
GSM1278017	8cell_12-1_smartseq2	8-cell stage blastomere	Mus musculus	CAST/EiJ(mother) x C57BL/6J(father)	first generation cross	8-cell stage blastomere	For expression values, we aligned reads using bowtie 0.12.7, option --best, against the genome and transcriptome (Ensembl, version 16 May 2011) with the genotype of both strains, in mm9 coordinates (but for Smart-seq2 samples we used rna-star against the genome)	RNA-Seq	ftp://ftp.ncbi.nlm.nih.gov/geo/samples/GSM1278nnn/GSM1278017/suppl/GSM1278017_8cell_12-1_smartseq2_expression.txt.gz	
GSM1278018	8cell_12-2_smartseq2	8-cell stage blastomere	Mus musculus	CAST/EiJ(mother) x C57BL/6J(father)	first generation cross	8-cell stage blastomere	For expression values, we aligned reads using bowtie 0.12.7, option --best, against the genome and transcriptome (Ensembl, version 16 May 2011) with the genotype of both strains, in mm9 coordinates (but for Smart-seq2 samples we used rna-star against the genome)	RNA-Seq	ftp://ftp.ncbi.nlm.nih.gov/geo/samples/GSM1278nnn/GSM1278018/suppl/GSM1278018_8cell_12-2_smartseq2_expression.txt.gz	
GSM1278019	8cell_12-3_smartseq2	8-cell stage blastomere	Mus musculus	CAST/EiJ(mother) x C57BL/6J(father)	first generation cross	8-cell stage blastomere	For expression values, we aligned reads using bowtie 0.12.7, option --best, against the genome and transcriptome (Ensembl, version 16 May 2011) with the genotype of both strains, in mm9 coordinates (but for Smart-seq2 samples we used rna-star against the genome)	RNA-Seq	ftp://ftp.ncbi.nlm.nih.gov/geo/samples/GSM1278nnn/GSM1278019/suppl/GSM1278019_8cell_12-3_smartseq2_expression.txt.gz	
GSM1278020	8cell_12-4_smartseq2	8-cell stage blastomere	Mus musculus	CAST/EiJ(mother) x C57BL/6J(father)	first generation cross	8-cell stage blastomere	For expression values, we aligned reads using bowtie 0.12.7, option --best, against the genome and transcriptome (Ensembl, version 16 May 2011) with the genotype of both strains, in mm9 coordinates (but for Smart-seq2 samples we used rna-star against the genome)	RNA-Seq	ftp://ftp.ncbi.nlm.nih.gov/geo/samples/GSM1278nnn/GSM1278020/suppl/GSM1278020_8cell_12-4_smartseq2_expression.txt.gz	
GSM1278021	8cell_13-1_smartseq2	8-cell stage blastomere	Mus musculus	CAST/EiJ(mother) x C57BL/6J(father)	first generation cross	8-cell stage blastomere	For expression values, we aligned reads using bowtie 0.12.7, option --best, against the genome and transcriptome (Ensembl, version 16 May 2011) with the genotype of both strains, in mm9 coordinates (but for Smart-seq2 samples we used rna-star against the genome)	RNA-Seq	ftp://ftp.ncbi.nlm.nih.gov/geo/samples/GSM1278nnn/GSM1278021/suppl/GSM1278021_8cell_13-1_smartseq2_expression.txt.gz	
GSM1278022	8cell_14-1_smartseq2	8-cell stage blastomere	Mus musculus	CAST/EiJ(mother) x C57BL/6J(father)	first generation cross	8-cell stage blastomere	For expression values, we aligned reads using bowtie 0.12.7, option --best, against the genome and transcriptome (Ensembl, version 16 May 2011) with the genotype of both strains, in mm9 coordinates (but for Smart-seq2 samples we used rna-star against the genome)	RNA-Seq	ftp://ftp.ncbi.nlm.nih.gov/geo/samples/GSM1278nnn/GSM1278022/suppl/GSM1278022_8cell_14-1_smartseq2_expression.txt.gz	
GSM1278023	8cell_14-2_smartseq2	8-cell stage blastomere	Mus musculus	CAST/EiJ(mother) x C57BL/6J(father)	first generation cross	8-cell stage blastomere	For expression values, we aligned reads using bowtie 0.12.7, option --best, against the genome and transcriptome (Ensembl, version 16 May 2011) with the genotype of both strains, in mm9 coordinates (but for Smart-seq2 samples we used rna-star against the genome)	RNA-Seq	ftp://ftp.ncbi.nlm.nih.gov/geo/samples/GSM1278nnn/GSM1278023/suppl/GSM1278023_8cell_14-2_smartseq2_expression.txt.gz	
GSM1278024	8cell_14-3_smartseq2	8-cell stage blastomere	Mus musculus	CAST/EiJ(mother) x C57BL/6J(father)	first generation cross	8-cell stage blastomere	For expression values, we aligned reads using bowtie 0.12.7, option --best, against the genome and transcriptome (Ensembl, version 16 May 2011) with the genotype of both strains, in mm9 coordinates (but for Smart-seq2 samples we used rna-star against the genome)	RNA-Seq	ftp://ftp.ncbi.nlm.nih.gov/geo/samples/GSM1278nnn/GSM1278024/suppl/GSM1278024_8cell_14-3_smartseq2_expression.txt.gz	
GSM1278025	8cell_14-4_smartseq2	8-cell stage blastomere	Mus musculus	CAST/EiJ(mother) x C57BL/6J(father)	first generation cross	8-cell stage blastomere	For expression values, we aligned reads using bowtie 0.12.7, option --best, against the genome and transcriptome (Ensembl, version 16 May 2011) with the genotype of both strains, in mm9 coordinates (but for Smart-seq2 samples we used rna-star against the genome)	RNA-Seq	ftp://ftp.ncbi.nlm.nih.gov/geo/samples/GSM1278nnn/GSM1278025/suppl/GSM1278025_8cell_14-4_smartseq2_expression.txt.gz	
GSM1278026	8cell_2pooled_split5a	8-cell stage blastomere	Mus musculus	CAST/EiJ(mother) x C57BL/6J(father)	first generation cross	8-cell stage blastomere	For expression values, we aligned reads using bowtie 0.12.7, option --best, against the genome and transcriptome (Ensembl, version 16 May 2011) with the genotype of both strains, in mm9 coordinates (but for Smart-seq2 samples we used rna-star against the genome)	RNA-Seq	ftp://ftp.ncbi.nlm.nih.gov/geo/samples/GSM1278nnn/GSM1278026/suppl/GSM1278026_8cell_2pooled_split5a_expression.txt.gz	
GSM1278027	8cell_2pooled_split5b	8-cell stage blastomere	Mus musculus	CAST/EiJ(mother) x C57BL/6J(father)	first generation cross	8-cell stage blastomere	For expression values, we aligned reads using bowtie 0.12.7, option --best, against the genome and transcriptome (Ensembl, version 16 May 2011) with the genotype of both strains, in mm9 coordinates (but for Smart-seq2 samples we used rna-star against the genome)	RNA-Seq	ftp://ftp.ncbi.nlm.nih.gov/geo/samples/GSM1278nnn/GSM1278027/suppl/GSM1278027_8cell_2pooled_split5b_expression.txt.gz	
GSM1278028	8cell_2pooled_split7a	8-cell stage blastomere	Mus musculus	CAST/EiJ(mother) x C57BL/6J(father)	first generation cross	8-cell stage blastomere	For expression values, we aligned reads using bowtie 0.12.7, option --best, against the genome and transcriptome (Ensembl, version 16 May 2011) with the genotype of both strains, in mm9 coordinates (but for Smart-seq2 samples we used rna-star against the genome)	RNA-Seq	ftp://ftp.ncbi.nlm.nih.gov/geo/samples/GSM1278nnn/GSM1278028/suppl/GSM1278028_8cell_2pooled_split7a_expression.txt.gz	
GSM1278029	8cell_2pooled_split7b	8-cell stage blastomere	Mus musculus	CAST/EiJ(mother) x C57BL/6J(father)	first generation cross	8-cell stage blastomere	For expression values, we aligned reads using bowtie 0.12.7, option --best, against the genome and transcriptome (Ensembl, version 16 May 2011) with the genotype of both strains, in mm9 coordinates (but for Smart-seq2 samples we used rna-star against the genome)	RNA-Seq	ftp://ftp.ncbi.nlm.nih.gov/geo/samples/GSM1278nnn/GSM1278029/suppl/GSM1278029_8cell_2pooled_split7b_expression.txt.gz	
GSM1278030	8cell_2pooled_split9a	8-cell stage blastomere	Mus musculus	CAST/EiJ(mother) x C57BL/6J(father)	first generation cross	8-cell stage blastomere	For expression values, we aligned reads using bowtie 0.12.7, option --best, against the genome and transcriptome (Ensembl, version 16 May 2011) with the genotype of both strains, in mm9 coordinates (but for Smart-seq2 samples we used rna-star against the genome)	RNA-Seq	ftp://ftp.ncbi.nlm.nih.gov/geo/samples/GSM1278nnn/GSM1278030/suppl/GSM1278030_8cell_2pooled_split9a_expression.txt.gz	
GSM1278031	8cell_2pooled_split9b	8-cell stage blastomere	Mus musculus	CAST/EiJ(mother) x C57BL/6J(father)	first generation cross	8-cell stage blastomere	For expression values, we aligned reads using bowtie 0.12.7, option --best, against the genome and transcriptome (Ensembl, version 16 May 2011) with the genotype of both strains, in mm9 coordinates (but for Smart-seq2 samples we used rna-star against the genome)	RNA-Seq	ftp://ftp.ncbi.nlm.nih.gov/geo/samples/GSM1278nnn/GSM1278031/suppl/GSM1278031_8cell_2pooled_split9b_expression.txt.gz	
GSM1278032	8cell_split3a	8-cell stage blastomere	Mus musculus	CAST/EiJ(mother) x C57BL/6J(father)	first generation cross	8-cell stage blastomere	For expression values, we aligned reads using bowtie 0.12.7, option --best, against the genome and transcriptome (Ensembl, version 16 May 2011) with the genotype of both strains, in mm9 coordinates (but for Smart-seq2 samples we used rna-star against the genome)	RNA-Seq	ftp://ftp.ncbi.nlm.nih.gov/geo/samples/GSM1278nnn/GSM1278032/suppl/GSM1278032_8cell_split3a_expression.txt.gz	
GSM1278033	8cell_split3b	8-cell stage blastomere	Mus musculus	CAST/EiJ(mother) x C57BL/6J(father)	first generation cross	8-cell stage blastomere	For expression values, we aligned reads using bowtie 0.12.7, option --best, against the genome and transcriptome (Ensembl, version 16 May 2011) with the genotype of both strains, in mm9 coordinates (but for Smart-seq2 samples we used rna-star against the genome)	RNA-Seq	ftp://ftp.ncbi.nlm.nih.gov/geo/samples/GSM1278nnn/GSM1278033/suppl/GSM1278033_8cell_split3b_expression.txt.gz	
GSM1278034	8cell_split4a	8-cell stage blastomere	Mus musculus	CAST/EiJ(mother) x C57BL/6J(father)	first generation cross	8-cell stage blastomere	For expression values, we aligned reads using bowtie 0.12.7, option --best, against the genome and transcriptome (Ensembl, version 16 May 2011) with the genotype of both strains, in mm9 coordinates (but for Smart-seq2 samples we used rna-star against the genome)	RNA-Seq	ftp://ftp.ncbi.nlm.nih.gov/geo/samples/GSM1278nnn/GSM1278034/suppl/GSM1278034_8cell_split4a_expression.txt.gz	
GSM1278035	8cell_split4b	8-cell stage blastomere	Mus musculus	CAST/EiJ(mother) x C57BL/6J(father)	first generation cross	8-cell stage blastomere	For expression values, we aligned reads using bowtie 0.12.7, option --best, against the genome and transcriptome (Ensembl, version 16 May 2011) with the genotype of both strains, in mm9 coordinates (but for Smart-seq2 samples we used rna-star against the genome)	RNA-Seq	ftp://ftp.ncbi.nlm.nih.gov/geo/samples/GSM1278nnn/GSM1278035/suppl/GSM1278035_8cell_split4b_expression.txt.gz	
GSM1278036	fibroblast_13_CxB	fibroblast (primary culture from tail)	Mus musculus	CAST/EiJ(mother) x C57BL/6J(father)	first generation cross	fibroblast (primary culture from tail)	For expression values, we aligned reads using bowtie 0.12.7, option --best, against the genome and transcriptome (Ensembl, version 16 May 2011) with the genotype of both strains, in mm9 coordinates (but for Smart-seq2 samples we used rna-star against the genome)	RNA-Seq	ftp://ftp.ncbi.nlm.nih.gov/geo/samples/GSM1278nnn/GSM1278036/suppl/GSM1278036_fibroblast_13_CxB_expression.txt.gz	
GSM1278037	fibroblast_14_CxB	fibroblast (primary culture from tail)	Mus musculus	CAST/EiJ(mother) x C57BL/6J(father)	first generation cross	fibroblast (primary culture from tail)	For expression values, we aligned reads using bowtie 0.12.7, option --best, against the genome and transcriptome (Ensembl, version 16 May 2011) with the genotype of both strains, in mm9 coordinates (but for Smart-seq2 samples we used rna-star against the genome)	RNA-Seq	ftp://ftp.ncbi.nlm.nih.gov/geo/samples/GSM1278nnn/GSM1278037/suppl/GSM1278037_fibroblast_14_CxB_expression.txt.gz	
GSM1278038	fibroblast_15_CxB	fibroblast (primary culture from tail)	Mus musculus	CAST/EiJ(mother) x C57BL/6J(father)	first generation cross	fibroblast (primary culture from tail)	For expression values, we aligned reads using bowtie 0.12.7, option --best, against the genome and transcriptome (Ensembl, version 16 May 2011) with the genotype of both strains, in mm9 coordinates (but for Smart-seq2 samples we used rna-star against the genome)	RNA-Seq	ftp://ftp.ncbi.nlm.nih.gov/geo/samples/GSM1278nnn/GSM1278038/suppl/GSM1278038_fibroblast_15_CxB_expression.txt.gz	
GSM1278039	fibroblast_16_CxB	fibroblast (primary culture from tail)	Mus musculus	CAST/EiJ(mother) x C57BL/6J(father)	first generation cross	fibroblast (primary culture from tail)	For expression values, we aligned reads using bowtie 0.12.7, option --best, against the genome and transcriptome (Ensembl, version 16 May 2011) with the genotype of both strains, in mm9 coordinates (but for Smart-seq2 samples we used rna-star against the genome)	RNA-Seq	ftp://ftp.ncbi.nlm.nih.gov/geo/samples/GSM1278nnn/GSM1278039/suppl/GSM1278039_fibroblast_16_CxB_expression.txt.gz	
GSM1278040	fibroblast_17_BxC	fibroblast (primary culture from tail)	Mus musculus	C57BL/6J(mother) x CAST/EiJ(father)	first generation cross	fibroblast (primary culture from tail)	For expression values, we aligned reads using bowtie 0.12.7, option --best, against the genome and transcriptome (Ensembl, version 16 May 2011) with the genotype of both strains, in mm9 coordinates (but for Smart-seq2 samples we used rna-star against the genome)	RNA-Seq	ftp://ftp.ncbi.nlm.nih.gov/geo/samples/GSM1278nnn/GSM1278040/suppl/GSM1278040_fibroblast_17_BxC_expression.txt.gz	
GSM1278041	fibroblast_19_BxC	fibroblast (primary culture from tail)	Mus musculus	C57BL/6J(mother) x CAST/EiJ(father)	first generation cross	fibroblast (primary culture from tail)	For expression values, we aligned reads using bowtie 0.12.7, option --best, against the genome and transcriptome (Ensembl, version 16 May 2011) with the genotype of both strains, in mm9 coordinates (but for Smart-seq2 samples we used rna-star against the genome)	RNA-Seq	ftp://ftp.ncbi.nlm.nih.gov/geo/samples/GSM1278nnn/GSM1278041/suppl/GSM1278041_fibroblast_19_BxC_expression.txt.gz	
GSM1278042	fibroblast_20_BxC	fibroblast (primary culture from tail)	Mus musculus	C57BL/6J(mother) x CAST/EiJ(father)	first generation cross	fibroblast (primary culture from tail)	For expression values, we aligned reads using bowtie 0.12.7, option --best, against the genome and transcriptome (Ensembl, version 16 May 2011) with the genotype of both strains, in mm9 coordinates (but for Smart-seq2 samples we used rna-star against the genome)	RNA-Seq	ftp://ftp.ncbi.nlm.nih.gov/geo/samples/GSM1278nnn/GSM1278042/suppl/GSM1278042_fibroblast_20_BxC_expression.txt.gz	
GSM1278043	fibroblast_21_BxC	fibroblast (primary culture from tail)	Mus musculus	C57BL/6J(mother) x CAST/EiJ(father)	first generation cross	fibroblast (primary culture from tail)	For expression values, we aligned reads using bowtie 0.12.7, option --best, against the genome and transcriptome (Ensembl, version 16 May 2011) with the genotype of both strains, in mm9 coordinates (but for Smart-seq2 samples we used rna-star against the genome)	RNA-Seq	ftp://ftp.ncbi.nlm.nih.gov/geo/samples/GSM1278nnn/GSM1278043/suppl/GSM1278043_fibroblast_21_BxC_expression.txt.gz	
GSM1278044	fibroblast_22_BxC	fibroblast (primary culture from tail)	Mus musculus	C57BL/6J(mother) x CAST/EiJ(father)	first generation cross	fibroblast (primary culture from tail)	For expression values, we aligned reads using bowtie 0.12.7, option --best, against the genome and transcriptome (Ensembl, version 16 May 2011) with the genotype of both strains, in mm9 coordinates (but for Smart-seq2 samples we used rna-star against the genome)	RNA-Seq	ftp://ftp.ncbi.nlm.nih.gov/geo/samples/GSM1278nnn/GSM1278044/suppl/GSM1278044_fibroblast_22_BxC_expression.txt.gz	
GSM1278045	fibroblast_9_CxB	fibroblast (primary culture from tail)	Mus musculus	CAST/EiJ(mother) x C57BL/6J(father)	first generation cross	fibroblast (primary culture from tail)	For expression values, we aligned reads using bowtie 0.12.7, option --best, against the genome and transcriptome (Ensembl, version 16 May 2011) with the genotype of both strains, in mm9 coordinates (but for Smart-seq2 samples we used rna-star against the genome)	RNA-Seq	ftp://ftp.ncbi.nlm.nih.gov/geo/samples/GSM1278nnn/GSM1278045/suppl/GSM1278045_fibroblast_9_CxB_expression.txt.gz	
