series	rank	gene	contribution	cumulative
P1_control	1	16601	-0.0326970673403386	-0.0326970673403386
P1_control	2	74513	-0.0236888571158173	-0.0563859244561559
P1_control	3	84095	-0.0181943466417629	-0.0745802710979188
P1_control	4	226830	-0.017971778509605	-0.0925520496075238
P1_control	5	93695	-0.0175144073420924	-0.1100664569496162
P1_control	6	66614	-0.0161059600110873	-0.1261724169607035
P1_control	7	20200	-0.0158126168472709	-0.1419850338079744
P1_control	8	100515	-0.0147230796456762	-0.1567081134536506
P1_control	9	108699	-0.0132901036103467	-0.1699982170639973
P1_control	10	19173	-0.0132123703548997	-0.18321058741889698
P1_control	11	27060	-0.0123170474635272	-0.1955276348824242
P1_control	12	108811	-0.0119115502757478	-0.207439185158172
P1_control	13	227656	-0.0115425137478689	-0.2189816989060409
P1_control	14	54353	-0.0114569316612072	-0.23043863056724811
P1_control	15	54561	-0.0111246168737817	-0.2415632474410298
P1_control	16	64660	-0.0111037811691375	-0.2526670286101673
P1_control	17	11815	-0.010924411570231	-0.2635914401803983
P1_control	18	93689	-0.0106679706228909	-0.2742594108032892
P1_control	19	27276	-0.0106638061005815	-0.2849232169038707
P1_control	20	11932	-0.0106230104086417	-0.2955462273125124
P1_control	21	22371	-0.0099919481345672	-0.3055381754470796
P1_control	22	381101	-0.0095000761776026	-0.31503825162468224
P1_control	23	15505	-0.0094626215929634	-0.32450087321764565
P1_control	24	20512	-0.0093236512045264	-0.33382452442217203
P1_control	25	16997	-0.0088398002541707	-0.3426643246763427
P1_control	26	70099	-0.0085936033845748	-0.35125792806091755
P1_control	27	20229	-0.0082938055851275	-0.35955173364604504
P1_control	28	330171	-0.008095915521736	-0.36764764916778103
P1_control	29	242466	-0.0080623109172047	-0.37570996008498575
P1_control	30	106564	-0.0080098369643459	-0.3837197970493316
P1_control	31	72825	-0.0076590674824003	-0.39137886453173193
P1_control	32	67669	-0.0076236109815087	-0.39900247551324064
P1_control	33	217082	-0.007538096387441	-0.40654057190068166
P1_control	34	58243	-0.0074982461956878	-0.41403881809636944
P1_control	35	83965	-0.0074535721533157	-0.42149239024968516
P1_control	36	224008	-0.0071567202972634	-0.42864911054694854
P1_control	37	216616	-0.0071539832628911	-0.4358030938098396
P1_control	38	100061	-0.0070315295769256	-0.4428346233867652
P1_control	39	16956	-0.0070225385883862	-0.4498571619751514
P1_control	40	68611	-0.0069475907176974	-0.4568047526928488
P1_control	41	16570	-0.0069141040430528	-0.46371885673590163
P1_control	42	242509	-0.0067206589840984	-0.47043951572000003
P1_control	43	101502	-0.0066890332459943	-0.4771285489659943
P1_control	44	217198	-0.0066215157834154	-0.48375006474940974
P1_control	45	74186	-0.0065984820721188	-0.4903485468215285
P1_control	46	107587	-0.0065896217213027	-0.4969381685428312
P1_control	47	54598	-0.0064421037990288	-0.50338027234186
P1_control	48	20500	-0.0063633467968867	-0.5097436191387467
P1_control	49	76917	-0.006231171238045	-0.5159747903767916
P1_control	50	629499	-0.0062235978726936	-0.5221983882494852
P1_control	51	100502698	-0.0061773325876605	-0.5283757208371457
P1_control	52	110446	-0.0061579407533705	-0.5345336615905162
P1_control	53	20907	-0.0061182133918971	-0.5406518749824133
P1_control	54	14114	-0.0060127640960459	-0.5466646390784592
P1_control	55	212547	-0.0059341138638355	-0.5525987529422947
P1_control	56	102871	-0.0059102811786522	-0.5585090341209469
P1_control	57	16149	-0.0058888189810742	-0.5643978531020211
P1_control	58	241070	-0.0058705790062997	-0.5702684321083208
P1_control	59	140742	-0.0058276523960519	-0.5760960845043727
P1_control	60	11363	-0.0057776700807118	-0.5818737545850845
P1_control	61	66416	-0.005733692712058	-0.5876074472971425
P1_control	62	50915	-0.0056529764586794	-0.5932604237558219
P1_control	63	268567	-0.0055797841156804	-0.5988402078715023
P1_control	64	66169	-0.0055604101256661	-0.6044006179971684
P1_control	65	234854	-0.0055306854787978	-0.6099313034759661
P1_control	66	170768	-0.0055175650174643	-0.6154488684934304
P1_control	67	208795	-0.0054479330875104	-0.6208968015809407
P1_control	68	22116	-0.0054032717446066	-0.6263000733255474
P1_control	69	12294	-0.0052740900092564	-0.6315741633348038
P1_control	70	108159	-0.0052538471908052	-0.636828010525609
P1_control	71	231050	-0.0052514713154621	-0.6420794818410711
P1_control	72	75769	-0.0052386361353303	-0.6473181179764014
P1_control	73	19876	-0.0052332096960185	-0.6525513276724199
P1_control	74	59083	-0.0052125638065163	-0.6577638914789361
P1_control	75	18553	-0.0051489077035019	-0.662912799182438
P1_control	76	74414	-0.0051061490927696	-0.6680189482752076
P1_control	77	320974	-0.005083004873897	-0.6731019531491046
P1_control	78	242585	-0.0050779148241044	-0.678179867973209
P1_control	79	16450	-0.0050669301366993	-0.6832467981099083
P1_control	80	12023	-0.0050459684205404	-0.6882927665304487
P1_control	81	74393	-0.0050187028124295	-0.6933114693428782
P1_control	82	75695	-0.0050058000492121	-0.6983172693920904
P1_control	83	30059	-0.0049685092760906	-0.703285778668181
P1_control	84	93840	-0.0048617428433343	-0.7081475215115153
P1_control	85	67728	-0.0048519122971712	-0.7129994338086865
P1_control	86	74020	-0.0047800626180896	-0.7177794964267761
P1_control	87	11881	-0.0047547001635129	-0.722534196590289
P1_control	88	74464	-0.004719871863155	-0.727254068453444
P1_control	89	21356	-0.0047039421280879	-0.7319580105815319
P1_control	90	54381	-0.0046848227847047	-0.7366428333662366
P1_control	91	237711	-0.0046359336970226	-0.7412787670632592
P1_control	92	72486	-0.0045998767401048	-0.745878643803364
P1_control	93	18976	-0.0045175117341033	-0.7503961555374673
P1_control	94	22695	-0.0045064991831321	-0.7549026547205994
P1_control	95	20692	-0.0044580935070756	-0.759360748227675
P1_control	96	53619	-0.004436842226635	-0.76379759045431
P1_control	97	66522	-0.0044037808447407	-0.7682013712990506
P1_control	98	329941	-0.0043981067926593	-0.7725994780917099
P1_control	99	69215	-0.0043903032320178	-0.7769897813237278
P1_control	100	13631	-0.0043240094199304	-0.7813137907436581
P1_control	101	107227	-0.0043106731132351	-0.7856244638568932
P1_control	102	21339	-0.0043005028762758	-0.789924966733169
P1_control	103	100072	-0.0042966709668352	-0.7942216377000042
P1_control	104	13032	-0.0042737945727838	-0.798495432272788
P1_control	105	71913	-0.0042714328414179	-0.8027668651142059
P1_control	106	116838	-0.0042360159374635	-0.8070028810516694
P1_control	107	67893	-0.0042115357421676	-0.811214416793837
P1_control	108	75568	-0.0041936328229299	-0.8154080496167669
P1_control	109	109294	-0.0041228135542983	-0.8195308631710653
P1_control	110	242202	-0.0040676318122419	-0.8235984949833072
P1_control	111	50794	-0.0040083432380173	-0.8276068382213245
P1_control	112	74182	-0.0039720741977061	-0.8315789124190306
P1_control	113	14534	-0.0039608519615405	-0.8355397643805711
P1_control	114	170737	-0.0039091597476148	-0.839448924128186
P1_control	115	59126	-0.0038947588402535	-0.8433436829684394
P1_control	116	76884	-0.0038615675160756	-0.847205250484515
P1_control	117	21334	-0.0037505113399977	-0.8509557618245127
P1_control	118	70350	-0.0037365541847526	-0.8546923160092653
P1_control	119	19713	-0.0036885938005882	-0.8583809098098535
P1_control	120	16525	-0.0036748263333348	-0.8620557361431883
P1_control	121	227394	-0.0036664647829538	-0.8657222009261422
P1_control	122	268465	-0.0036625282875125	-0.8693847292136546
P1_control	123	18187	-0.0036235619841651	-0.8730082911978198
P1_control	124	227094	-0.0035843231666756	-0.8765926143644953
P1_control	125	15368	-0.0035398355425727	-0.880132449907068
P1_control	126	109660	-0.0035351487129725	-0.8836675986200404
P1_control	127	67755	-0.0035139546608918	-0.8871815532809322
P1_control	128	12902	-0.0034717712610671	-0.8906533245419993
P1_control	129	55927	-0.0034582633034763	-0.8941115878454756
P1_control	130	546611	-0.0033031050584564	-0.897414692903932
P1_control	131	93888	-0.0033025184890953	-0.9007172113930274
P1_control	132	20750	-0.0032903108584643	-0.9040075222514917
P1_control	133	26939	-0.0032641320272676	-0.9072716542787593
P1_control	134	73884	-0.0032527940098536	-0.9105244482886129
P1_control	135	21935	-0.0032032233715436	-0.9137276716601564
P1_control	136	17873	-0.0031002931298015	-0.916827964789958
P1_control	137	22151	-0.0030903223926932	-0.9199182871826512
P1_control	138	21802	-0.0030375714778942	-0.9229558586605454
P1_control	139	236900	-0.0030338892283413	-0.9259897478888867
P1_control	140	74895	-0.0030296595936248	-0.9290194074825114
P1_control	141	77065	-0.0030150380941622	-0.9320344455766736
P1_control	142	67138	-0.0030105726827847	-0.9350450182594583
P1_control	143	108897	-0.0030070007413804	-0.9380520190008387
P1_control	144	110417	-0.0030028459956268	-0.9410548649964655
P1_control	145	71648	-0.0029831197062951	-0.9440379847027606
P1_control	146	15442	-0.0029588880408886	-0.9469968727436492
P1_control	147	76267	-0.002917664459772	-0.9499145372034212
P1_control	148	243277	-0.002899680993477	-0.9528142181968983
P1_control	149	225845	-0.0028597598996877	-0.9556739780965859
P1_control	150	15507	-0.0028574416947934	-0.9585314197913793
P1_control	151	58223	-0.002855385471047	-0.9613868052624264
P1_control	152	22422	-0.0028382962637783	-0.9642251015262047
P1_control	153	76527	-0.0028362005925311	-0.9670613021187358
P1_control	154	245555	-0.0028213171930617	-0.9698826193117974
P1_control	155	14420	-0.0027870110713622	-0.9726696303831597
P1_control	156	74039	-0.0027711395060591	-0.9754407698892188
P1_control	157	27056	-0.0027699000067588	-0.9782106698959776
P1_control	158	213435	-0.0027579850884224	-0.9809686549844
P1_control	159	29817	-0.0026645448472486	-0.9836331998316487
P1_control	160	16011	-0.002657379402808	-0.9862905792344566
P1_control	161	93835	-0.0026423551928773	-0.9889329344273339
P1_control	162	19220	-0.0025749418514071	-0.9915078762787409
P1_control	163	78797	-0.0025728142854284	-0.9940806905641694
P1_control	164	52463	-0.0025661814882245	-0.9966468720523939
P1_control	165	170799	-0.002555227399669	-0.9992020994520628
P1_control	166	12162	-0.0025503830698784	-1.0017524825219413
P1_control	167	18595	-0.0025288939992746	-1.004281376521216
P1_control	168	103711	-0.0025070965861727	-1.0067884731073886
P1_control	169	69487	-0.0025046614119241	-1.0092931345193128
P1_control	170	55985	-0.0024759857070571	-1.01176912022637
P1_control	171	20893	-0.0024656084666127	-1.0142347286929825
P1_control	172	12142	-0.0024396103723274	-1.01667433906531
P1_control	173	234740	-0.0024256464468284	-1.0190999855121383
P1_control	174	16776	-0.0024018272943669	-1.0215018128065052
P1_control	175	218772	-0.0023890909504151	-1.0238909037569204
P1_control	176	93761	-0.0023817877149309	-1.0262726914718512
P1_control	177	20856	-0.0023691740295888	-1.02864186550144
P1_control	178	12227	-0.0023651770755359	-1.031007042576976
P1_control	179	64293	-0.0023258640638254	-1.0333329066408012
P1_control	180	11717	-0.0023256916208849	-1.0356585982616862
P1_control	181	21987	-0.0023105244375627	-1.037969122699249
P1_control	182	104943	-0.0023029625261542	-1.040272085225403
P1_control	183	24001	-0.0022941256998086	-1.0425662109252116
P1_control	184	67795	-0.0022637895242163	-1.044830000449428
P1_control	185	18933	-0.0022464917244679	-1.047076492173896
P1_control	186	224938	-0.0022362188625757	-1.0493127110364717
P1_control	187	76866	-0.0022241420821897	-1.0515368531186615
P1_control	188	20528	-0.0022104997524995	-1.053747352871161
P1_control	189	223864	-0.0022064871258314	-1.0559538399969923
P1_control	190	52009	-0.0021974599229834	-1.0581512999199758
P1_control	191	226591	-0.0021850571776477	-1.0603363570976234
P1_control	192	53321	-0.0021760107933282	-1.0625123678909516
P1_control	193	20613	-0.0021748573043607	-1.0646872251953123
P1_control	194	66673	-0.0021690832616584	-1.0668563084569707
P1_control	195	223435	-0.0021461540696302	-1.0690024625266008
P1_control	196	12972	-0.0021339923288007	-1.0711364548554014
P1_control	197	207565	-0.0021189641025919	-1.0732554189579933
P1_control	198	26411	-0.0021105651584587	-1.075365984116452
P1_control	199	18791	-0.0020848499135559	-1.077450834030008
P1_control	200	207495	-0.0020681183552197	-1.0795189523852278
P1_control	201	53418	-0.0020477498726123	-1.0815667022578401
P1_control	202	434130	-0.0020435221581969	-1.083610224416037
P1_control	203	20515	-0.0020254903384185	-1.0856357147544555
P1_control	204	105675	-0.0020011422197312	-1.0876368569741868
P1_control	205	11513	-0.001996975016474	-1.0896338319906607
P1_control	206	30954	-0.0019893620197024	-1.0916231940103631
P1_control	207	12183	-0.0019856938891309	-1.093608887899494
P1_control	208	194655	-0.0019786377736664	-1.0955875256731604
P1_control	209	58226	-0.0019544810019739	-1.0975420066751342
P1_control	210	14595	-0.0019544564727028	-1.099496463147837
P1_control	211	116939	-0.0019451707645921	-1.101441633912429
P1_control	212	17897	-0.0019349758532407	-1.1033766097656699
P1_control	213	65964	-0.001926428214139	-1.1053030379798088
P1_control	214	58994	-0.0019116620391314	-1.10721470001894
P1_control	215	16373	-0.0019051574533862	-1.1091198574723262
P1_control	216	245049	-0.0018991336666979	-1.111018991139024
P1_control	217	14229	-0.0018738603652011	-1.1128928515042251
P1_control	218	239743	-0.0018707468360276	-1.1147635983402526
P1_control	219	22393	-0.0018661032964589	-1.1166297016367115
P1_control	220	20475	-0.0018634606060035	-1.118493162242715
P1_control	221	20216	-0.0018431447647411	-1.1203363070074561
P1_control	222	66395	-0.001831121303025	-1.1221674283104812
P1_control	223	109254	-0.0018128964839614	-1.1239803247944427
P1_control	224	218763	-0.0018124637220375	-1.1257927885164802
P1_control	225	21823	-0.0018058130747375	-1.1275986015912178
P1_control	226	338370	-0.0018015390631441	-1.129400140654362
P1_control	227	12971	-0.0017959957438543	-1.1311961363982161
P1_control	228	22042	-0.001781895656149	-1.1329780320543652
P1_control	229	58198	-0.0017778156683436	-1.1347558477227089
P1_control	230	71839	-0.0017734761294532	-1.136529323852162
P1_control	231	245684	-0.001760971688336	-1.138290295540498
P1_control	232	192216	-0.0017605526000127	-1.1400508481405107
P1_control	233	13643	-0.0017579609818678	-1.1418088091223786
P1_control	234	381157	-0.0017567514221227	-1.1435655605445012
P1_control	235	18164	-0.0017550887921691	-1.1453206493366703
P1_control	236	241525	-0.0017519314113266	-1.147072580747997
P1_control	237	231130	-0.001736499029602	-1.148809079777599
P1_control	238	207521	-0.0017284029084131	-1.150537482686012
P1_control	239	272465	-0.0017254450930617	-1.1522629277790737
P1_control	240	68631	-0.0017223217242668	-1.1539852495033405
P1_control	241	56737	-0.0017167233762366	-1.155701972879577
P1_control	242	387314	-0.001699743611996	-1.157401716491573
P1_control	243	231238	-0.001689119863008	-1.159090836354581
P1_control	244	70466	-0.0016841225797874	-1.1607749589343686
P1_control	245	14917	-0.0016820845834922	-1.1624570435178607
P1_control	246	13685	-0.001667718490904	-1.1641247620087647
P1_control	247	13809	-0.0016567378781808	-1.1657814998869456
P1_control	248	228775	-0.0016225103337612	-1.1674040102207068
P1_control	249	59030	-0.0015982792508233	-1.1690022894715302
P1_control	250	20393	-0.0015834569129705	-1.1705857463845006
P1_control	251	353282	-0.0015697865935612	-1.1721555329780617
P1_control	252	210356	-0.0015695206765167	-1.1737250536545785
P1_control	253	319582	-0.0015669445129225	-1.175291998167501
P1_control	254	73683	-0.0015614409677775	-1.1768534391352785
P1_control	255	13082	-0.0015504184475914	-1.17840385758287
P1_control	256	98256	-0.0015498528433176	-1.1799537104261875
P1_control	257	20354	-0.0015489371604571	-1.1815026475866446
P1_control	258	100978	-0.0015481826382985	-1.1830508302249432
P1_control	259	78908	-0.0015388953145026	-1.1845897255394457
P1_control	260	232223	-0.001517300088967	-1.1861070256284127
P1_control	261	231503	-0.001514704253556	-1.1876217298819687
P1_control	262	110075	-0.0015063298839098	-1.1891280597658784
P1_control	263	58206	-0.001504979160528	-1.1906330389264064
P1_control	264	23876	-0.0015002330015878	-1.1921332719279942
P1_control	265	22228	-0.0014898983233926	-1.1936231702513869
P1_control	266	12373	-0.0014894131045719	-1.1951125833559588
P1_control	267	70717	-0.0014892507651125	-1.1966018341210714
P1_control	268	233744	-0.0014765442536565	-1.1980783783747277
P1_control	269	104156	-0.0014751651481749	-1.1995535435229026
P1_control	270	28113	-0.0014576844206002	-1.2010112279435028
P1_control	271	83771	-0.0014571877217824	-1.2024684156652852
P1_control	272	72568	-0.0014427037804984	-1.2039111194457837
P1_control	273	320696	-0.0014295045253862	-1.20534062397117
P1_control	274	19273	-0.0014153870948106	-1.2067560110659805
P1_control	275	432530	-0.0014108575034423	-1.208166868569423
P1_control	276	239188	-0.0014077874522347	-1.2095746560216576
P1_control	277	19204	-0.0013919937344985	-1.2109666497561562
P1_control	278	22378	-0.0013850822955301	-1.2123517320516863
P1_control	279	77056	-0.0013773934374063	-1.2137291254890927
P1_control	280	72404	-0.0013734452396837	-1.2151025707287764
P1_control	281	66421	-0.0013669768364595	-1.2164695475652358
P1_control	282	14758	-0.0013513242166958	-1.2178208717819317
P1_control	283	216560	-0.0013469344963104	-1.219167806278242
P1_control	284	16891	-0.0013408628051204	-1.2205086690833624
P1_control	285	240752	-0.0013294084458464	-1.2218380775292088
P1_control	286	77034	-0.0013294047108727	-1.2231674822400815
P1_control	287	68845	-0.0013114064143035	-1.2244788886543851
P1_control	288	71091	-0.0012956015901901	-1.2257744902445753
P1_control	289	140577	-0.001290674801491	-1.2270651650460662
P1_control	290	13370	-0.0012821279848915	-1.2283472930309578
P1_control	291	67758	-0.001258992762685	-1.2296062857936427
P1_control	292	56496	-0.0012577366653757	-1.2308640224590184
P1_control	293	69219	-0.0012534776144023	-1.2321175000734206
P1_control	294	68039	-0.0012521276089804	-1.2333696276824009
P1_control	295	16971	-0.0012460979893075	-1.2346157256717083
P1_control	296	240055	-0.0012450623931471	-1.2358607880648553
P1_control	297	12448	-0.0012423758999798	-1.237103163964835
P1_control	298	232035	-0.0012423587264248	-1.2383455226912599
P1_control	299	102502	-0.001240002960875	-1.2395855256521349
P1_control	300	74387	-0.0012398073590856	-1.2408253330112204
P1_control	301	27762	-0.0012268568982814	-1.2420521899095018
P1_control	302	19183	-0.0012212252657882	-1.24327341517529
P1_control	303	76223	-0.0012114590228443	-1.2444848741981342
P1_control	304	226791	-0.0011902118804672	-1.2456750860786014
P1_control	305	665113	-0.0011896534868963	-1.2468647395654977
P1_control	306	14120	-0.0011811188569636	-1.2480458584224614
P1_control	307	235472	-0.0011800526580157	-1.249225911080477
P1_control	308	320343	-0.001173213931834	-1.250399125012311
P1_control	309	211712	-0.0011729684694081	-1.2515720934817192
P1_control	310	320560	-0.0011723038718194	-1.2527443973535386
P1_control	311	14545	-0.0011657278330094	-1.253910125186548
P1_control	312	14766	-0.001165155485807	-1.255075280672355
P1_control	313	77889	-0.0011638258313707	-1.2562391065037257
P1_control	314	56526	-0.0011613100815493	-1.257400416585275
P1_control	315	382045	-0.0011533289425612	-1.2585537455278362
P1_control	316	17883	-0.0011446569752486	-1.2596984025030848
P1_control	317	67178	-0.0011383699670872	-1.2608367724701721
P1_control	318	245638	-0.0011367728650855	-1.2619735453352576
P1_control	319	16870	-0.0011353713113879	-1.2631089166466456
P1_control	320	69684	-0.0011326938317455	-1.2642416104783911
P1_control	321	170706	-0.0011165477255029	-1.265358158203894
P1_control	322	242297	-0.0011077565522247	-1.2664659147561186
P1_control	323	13869	-0.0010977161921151	-1.2675636309482337
P1_control	324	320139	-0.0010940018094438	-1.2686576327576775
P1_control	325	240023	-0.0010895207142569	-1.2697471534719345
P1_control	326	243755	-0.0010884947847752	-1.2708356482567096
P1_control	327	16772	-0.001084523287595	-1.2719201715443045
P1_control	328	238257	-0.0010841108199514	-1.2730042823642558
P1_control	329	72902	-0.0010799775338766	-1.2740842598981323
P1_control	330	19225	-0.0010769131147631	-1.2751611730128953
P1_control	331	12482	-0.0010609126968796	-1.276222085709775
P1_control	332	78177	-0.0010505042823033	-1.2772725899920783
P1_control	333	75597	-0.0010472933307332	-1.2783198833228115
P1_control	334	67512	-0.001042940660047	-1.2793628239828585
P1_control	335	75869	-0.0010319860360776	-1.2803948100189362
P1_control	336	19057	-0.0010314862946425	-1.2814262963135787
P1_control	337	244895	-0.0010210277581208	-1.2824473240716996
P1_control	338	107448	-0.0010045629322284	-1.283451887003928
P1_control	339	27660	-0.0010023082946827	-1.2844541952986106
P1_control	340	223774	-0.0009975849995438	-1.2854517802981544
P1_control	341	71228	-0.0009838093419008	-1.2864355896400552
P1_control	342	19260	-0.0009797472613351	-1.2874153369013903
P1_control	343	214663	-0.0009764441048892	-1.2883917810062795
P1_control	344	110033	-0.0009717649314547	-1.2893635459377342
P1_control	345	68067	-0.0009640358053424	-1.2903275817430766
P1_control	346	15490	-0.0009625786161244	-1.291290160359201
P1_control	347	75593	-0.0009478490302535	-1.2922380093894545
P1_control	348	54131	-0.0009451172637958	-1.2931831266532503
P1_control	349	101497	-0.0009424867259378	-1.294125613379188
P1_control	350	381511	-0.0009386970639751	-1.2950643104431632
P1_control	351	52585	-0.0009282816491231	-1.2959925920922863
P1_control	352	63954	-0.0009248635209961	-1.2969174556132825
P1_control	353	320664	-0.0009231451438016	-1.2978406007570842
P1_control	354	15932	-0.0009224467912214	-1.2987630475483056
P1_control	355	108153	-0.0009182552678038	-1.2996813028161094
P1_control	356	22031	-0.0009173467949123	-1.3005986496110218
P1_control	357	244954	-0.0009155402696662	-1.301514189880688
P1_control	358	56358	-0.0009149078994196	-1.3024290977801074
P1_control	359	70546	-0.0009145822294041	-1.3033436800095115
P1_control	360	12307	-0.00091144042372	-1.3042551204332316
P1_control	361	14681	-0.0009062290890925	-1.305161349522324
P1_control	362	22029	-0.0009018694307029	-1.3060632189530268
P1_control	363	240185	-0.0008981528297111	-1.306961371782738
P1_control	364	245269	-0.0008980525167753	-1.3078594242995132
P1_control	365	106042	-0.0008958475247335	-1.3087552718242468
P1_control	366	13867	-0.000891527149471	-1.3096467989737177
P1_control	367	13175	-0.0008782660881941	-1.3105250650619118
P1_control	368	20616	-0.000872036687153	-1.3113971017490649
P1_control	369	83946	-0.0008666424888453	-1.3122637442379101
P1_control	370	11745	-0.0008614422056175	-1.3131251864435276
P1_control	371	14012	-0.0008589576403911	-1.3139841440839186
P1_control	372	244058	-0.0008423425273035	-1.314826486611222
P1_control	373	218271	-0.0008324061930556	-1.3156588928042776
P1_control	374	23821	-0.0008314199922704	-1.316490312796548
P1_control	375	53324	-0.0008282552987335	-1.3173185680952815
P1_control	376	171531	-0.0008249467748394	-1.3181435148701208
P1_control	377	229658	-0.0008217049425766	-1.3189652198126973
P1_control	378	622434	-0.0008172727518622	-1.3197824925645596
P1_control	379	76566	-0.0008081031358995	-1.3205905957004591
P1_control	380	232821	-0.0008062907726816	-1.3213968864731407
P1_control	381	13823	-0.0007784010170565	-1.322175287490197
P1_control	382	103967	-0.0007719805400725	-1.3229472680302696
P1_control	383	110385	-0.0007685033257862	-1.323715771356056
P1_control	384	54650	-0.0007626124049328	-1.3244783837609886
P1_control	385	16438	-0.0007580026530303	-1.3252363864140189
P1_control	386	110197	-0.0007465551556048	-1.3259829415696236
P1_control	387	213760	-0.0007456329461264	-1.32672857451575
P1_control	388	208213	-0.0007450682385336	-1.3274736427542837
P1_control	389	14027	-0.0007430593578126	-1.3282167021120963
P1_control	390	14281	-0.0007413485298083	-1.3289580506419045
P1_control	391	214580	-0.0007395010991771	-1.3296975517410816
P1_control	392	240913	-0.0007346381817914	-1.330432189922873
P1_control	393	68440	-0.0007346032509185	-1.3311667931737916
P1_control	394	78100	-0.0007225021319568	-1.3318892953057484
P1_control	395	66902	-0.0007123617990687	-1.3326016571048171
P1_control	396	66591	-0.0007104651417192	-1.3333121222465363
P1_control	397	271786	-0.0007045334884992	-1.3340166557350355
P1_control	398	23985	-0.0007017980329357	-1.3347184537679713
P1_control	399	26874	-0.0006982354469314	-1.3354166892149026
P1_control	400	22640	-0.0006937132788213	-1.336110402493724
P1_control	401	13195	-0.0006930405578533	-1.3368034430515774
P1_control	402	214106	-0.0006912034293699	-1.3374946464809472
P1_control	403	19099	-0.0006844507092006	-1.3381790971901477
P1_control	404	227059	-0.0006751602834494	-1.338854257473597
P1_control	405	69217	-0.0006723078008528	-1.33952656527445
P1_control	406	102545	-0.0006666582620581	-1.340193223536508
P1_control	407	77505	-0.0006591985936089	-1.3408524221301168
P1_control	408	216527	-0.0006553866569714	-1.3415078087870882
P1_control	409	14251	-0.0006512948494893	-1.3421591036365774
P1_control	410	11601	-0.0006321514944171	-1.3427912551309946
P1_control	411	110310	-0.0006303320375343	-1.3434215871685289
P1_control	412	235041	-0.0006282769327858	-1.3440498641013148
P1_control	413	13170	-0.0006220902971019	-1.3446719543984167
P1_control	414	18712	-0.0006198695685545	-1.3452918239669711
P1_control	415	231724	-0.0006055340272903	-1.3458973579942615
P1_control	416	240058	-0.0005831183640659	-1.3464804763583273
P1_control	417	76547	-0.0005807136639719	-1.3470611900222993
P1_control	418	99512	-0.0005800727043795	-1.3476412627266787
P1_control	419	329502	-0.000573455843454	-1.3482147185701328
P1_control	420	241494	-0.0005687717858374	-1.3487834903559701
P1_control	421	12795	-0.0005678139155758	-1.349351304271546
P1_control	422	665563	-0.0005668473657991	-1.349918151637345
P1_control	423	67295	-0.0005630786672467	-1.3504812303045919
P1_control	424	22376	-0.0005627498235087	-1.3510439801281007
P1_control	425	216292	-0.0005595893679814	-1.3516035694960822
P1_control	426	107513	-0.0005589941621113	-1.3521625636581935
P1_control	427	245945	-0.0005571359785146	-1.3527196996367081
P1_control	428	56316	-0.0005552094698084	-1.3532749091065166
P1_control	429	12477	-0.0005551498205785	-1.353830058927095
P1_control	430	19734	-0.0005513498428761	-1.3543814087699713
P1_control	431	320865	-0.0005412405923051	-1.3549226493622764
P1_control	432	74694	-0.000540746129977	-1.3554633954922533
P1_control	433	240261	-0.0005380804076164	-1.3560014758998697
P1_control	434	229595	-0.0005271238715604	-1.3565285997714303
P1_control	435	21652	-0.0005176766651343	-1.3570462764365645
P1_control	436	74386	-0.0005141881947512	-1.3575604646313157
P1_control	437	16007	-0.0005129420684137	-1.3580734066997295
P1_control	438	22359	-0.0005124018618341	-1.3585858085615636
P1_control	439	18413	-0.0005023746435875	-1.3590881832051511
P1_control	440	321007	-0.0004958074813048	-1.359583990686456
P1_control	441	13400	-0.000490003472507	-1.360073994158963
P1_control	442	15213	-0.0004880832075446	-1.3605620773665077
P1_control	443	52906	-0.0004850266636583	-1.361047104030166
P1_control	444	235402	-0.0004833362794602	-1.3615304403096262
P1_control	445	17060	-0.0004822978679016	-1.3620127381775278
P1_control	446	21940	-0.0004784091117151	-1.362491147289243
P1_control	447	230721	-0.0004698610665295	-1.3629610083557724
P1_control	448	225825	-0.0004687967704902	-1.3634298051262626
P1_control	449	66824	-0.000458032070229	-1.3638878371964915
P1_control	450	73852	-0.0004570397290216	-1.364344876925513
P1_control	451	13363	-0.0004465662664336	-1.3647914431919468
P1_control	452	233878	-0.0004445434069012	-1.365235986598848
P1_control	453	22171	-0.0004440684828289	-1.3656800550816768
P1_control	454	18779	-0.0004423687375192	-1.366122423819196
P1_control	455	245020	-0.0004351064949957	-1.3665575303141917
P1_control	456	11364	-0.0004331969022296	-1.3669907272164212
P1_control	457	16658	-0.0004307844907825	-1.3674215117072037
P1_control	458	219114	-0.0004264149971215	-1.3678479267043253
P1_control	459	74134	-0.0004256479343823	-1.3682735746387076
P1_control	460	67163	-0.0004217459488963	-1.3686953205876038
P1_control	461	23850	-0.0004184198983722	-1.369113740485976
P1_control	462	381644	-0.0004180282623566	-1.3695317687483326
P1_control	463	29857	-0.0004146321117678	-1.3699464008601003
P1_control	464	12298	-0.0004113953403907	-1.3703577962004911
P1_control	465	268902	-0.0004042010079239	-1.370761997208415
P1_control	466	544963	-0.0004022032356228	-1.3711642004440379
P1_control	467	13841	-0.0004015303005718	-1.3715657307446096
P1_control	468	76217	-0.0004012055839628	-1.3719669363285725
P1_control	469	22401	-0.0004005779753168	-1.3723675143038894
P1_control	470	78286	-0.0003873431255243	-1.3727548574294137
P1_control	471	76787	-0.0003859834786384	-1.373140840908052
P1_control	472	18768	-0.0003858024924312	-1.3735266434004834
P1_control	473	12575	-0.0003805022651371	-1.3739071456656204
P1_control	474	17381	-0.0003733991240222	-1.3742805447896427
P1_control	475	56533	-0.0003715142065685	-1.3746520589962112
P1_control	476	108797	-0.0003708008760294	-1.3750228598722407
P1_control	477	72472	-0.0003647559038542	-1.375387615776095
P1_control	478	15186	-0.0003644812353601	-1.375752097011455
P1_control	479	57344	-0.0003628648750165	-1.3761149618864714
P1_control	480	66972	-0.0003622752979197	-1.3764772371843912
P1_control	481	74470	-0.0003609214859463	-1.3768381586703375
P1_control	482	22352	-0.0003569325035143	-1.3771950911738517
P1_control	483	64945	-0.0003550006088176	-1.3775500917826693
P1_control	484	338403	-0.0003529684087316	-1.3779030601914009
P1_control	485	77782	-0.0003504962106412	-1.378253556402042
P1_control	486	108899	-0.0003502539001692	-1.3786038103022111
P1_control	487	236930	-0.0003483193909432	-1.3789521296931544
P1_control	488	14823	-0.0003419990312419	-1.3792941287243963
P1_control	489	14623	-0.0003419507130862	-1.3796360794374825
P1_control	490	20509	-0.0003402514343143	-1.3799763308717967
P1_control	491	64340	-0.0003364973520729	-1.3803128282238697
P1_control	492	13139	-0.0003260394346926	-1.3806388676585624
P1_control	493	11496	-0.0003223449138564	-1.3809612125724187
P1_control	494	11600	-0.0003211002031977	-1.3812823127756164
P1_control	495	75906	-0.00031707143656	-1.3815993842121763
P1_control	496	20430	-0.0003168459241736	-1.38191623013635
P1_control	497	320472	-0.0003156636066349	-1.3822318937429847
P1_control	498	67168	-0.0003138042931357	-1.3825456980361204
P1_control	499	71279	-0.000310873545137	-1.3828565715812573
P1_control	500	18584	-0.0003063464089237	-1.383162917990181
P1_control	501	228852	-0.0003047555455926	-1.3834676735357736
P1_control	502	72748	-0.0002997629387191	-1.3837674364744927
P1_control	503	18750	-0.0002986604947301	-1.384066096969223
P1_control	504	11688	-0.0002936205475893	-1.384359717516812
P1_control	505	170459	-0.0002908892245395	-1.3846506067413515
P1_control	506	244757	-0.000290216632449	-1.3849408233738005
P1_control	507	19725	-0.0002854292663224	-1.385226252640123
P1_control	508	634731	-0.0002758386626559	-1.3855020913027787
P1_control	509	241230	-0.0002733510575475	-1.3857754423603261
P1_control	510	216739	-0.0002693428737134	-1.3860447852340396
P1_control	511	70551	-0.0002680781049829	-1.3863128633390225
P1_control	512	19338	-0.0002667085063608	-1.3865795718453833
P1_control	513	18984	-0.0002637679696908	-1.3868433398150741
P1_control	514	68667	-0.0002637148497544	-1.3871070546648285
P1_control	515	71240	-0.0002584911948816	-1.38736554585971
P1_control	516	12876	-0.0002550590665325	-1.3876206049262425
P1_control	517	102436	-0.0002539500489411	-1.3878745549751836
P1_control	518	69574	-0.0002489363101557	-1.3881234912853393
P1_control	519	21942	-0.0002446064326699	-1.3883680977180093
P1_control	520	269423	-0.0002414643143594	-1.3886095620323686
P1_control	521	19087	-0.0002336240839155	-1.3888431861162842
P1_control	522	54725	-0.0002286850364102	-1.3890718711526944
P1_control	523	226409	-0.0002241527691584	-1.3892960239218528
P1_control	524	56177	-0.0002224521720965	-1.3895184760939494
P1_control	525	12287	-0.0002210499271495	-1.389739526021099
P1_control	526	218440	-0.000218422527041	-1.38995794854814
P1_control	527	11459	-0.0002160660805047	-1.3901740146286445
P1_control	528	66526	-0.0002152675272971	-1.3903892821559416
P1_control	529	11746	-0.0002122751688456	-1.3906015573247872
P1_control	530	68479	-0.0002121688957957	-1.3908137262205829
P1_control	531	77577	-0.0002118733949743	-1.3910255996155572
P1_control	532	18974	-0.0002100883601282	-1.3912356879756853
P1_control	533	14081	-0.0002032793415728	-1.391438967317258
P1_control	534	330409	-0.0002026950088107	-1.3916416623260688
P1_control	535	16535	-0.0002020237094935	-1.3918436860355623
P1_control	536	11927	-0.0002005277127111	-1.3920442137482734
P1_control	537	67198	-0.000199838231829	-1.3922440519801023
P1_control	538	105439	-0.0001912865453314	-1.3924353385254336
P1_control	539	20656	-0.0001897411974238	-1.3926250797228574
P1_control	540	12842	-0.0001888341355759	-1.3928139138584332
P1_control	541	50934	-0.0001886242545589	-1.393002538112992
P1_control	542	17345	-0.0001879957591705	-1.3931905338721624
P1_control	543	72585	-0.0001792681477691	-1.3933698020199314
P1_control	544	66446	-0.0001788680717731	-1.3935486700917046
P1_control	545	210044	-0.0001711929361061	-1.3937198630278107
P1_control	546	209032	-0.000170771711521	-1.3938906347393316
P1_control	547	14313	-0.0001657301422663	-1.394056364881598
P1_control	548	319520	-0.0001653161962901	-1.394221681077888
P1_control	549	319266	-0.0001594980307369	-1.394381179108625
P1_control	550	22249	-0.000157699414089	-1.394538878522714
P1_control	551	68642	-0.000155107507817	-1.394693986030531
P1_control	552	12550	-0.000153953306766	-1.394847939337297
P1_control	553	14419	-0.0001536456256729	-1.39500158496297
P1_control	554	57340	-0.0001512837317299	-1.3951528686947
P1_control	555	12494	-0.0001504619699491	-1.395303330664649
P1_control	556	12931	-0.0001475208633599	-1.3954508515280089
P1_control	557	105239	-0.0001470308048171	-1.395597882332826
P1_control	558	14675	-0.0001429633380197	-1.3957408456708456
P1_control	559	76261	-0.0001426712308697	-1.3958835169017152
P1_control	560	17930	-0.000142069745959	-1.3960255866476743
P1_control	561	13131	-0.0001412935273232	-1.3961668801749976
P1_control	562	211228	-0.0001408184826659	-1.3963076986576635
P1_control	563	14183	-0.0001402996081602	-1.3964479982658238
P1_control	564	67603	-0.0001393729921264	-1.3965873712579502
P1_control	565	12850	-0.0001388167824785	-1.3967261880404287
P1_control	566	104885	-0.0001379840880661	-1.396864172128495
P1_control	567	233875	-0.0001360036204102	-1.397000175748905
P1_control	568	70381	-0.0001351976894618	-1.397135373438367
P1_control	569	16847	-0.0001336634678976	-1.3972690369062646
P1_control	570	12810	-0.000132745162005	-1.3974017820682696
P1_control	571	64424	-0.0001296922374348	-1.3975314743057043
P1_control	572	106572	-0.000129079872749	-1.3976605541784533
P1_control	573	20516	-0.0001279806448683	-1.3977885348233217
P1_control	574	57738	-0.0001277937955051	-1.3979163286188268
P1_control	575	78619	-0.0001262766924694	-1.3980426053112962
P1_control	576	20447	-0.0001201114183119	-1.398162716729608
P1_control	577	75590	-0.0001181504619091	-1.398280867191517
P1_control	578	268395	-0.0001151287381259	-1.3983959959296428
P1_control	579	234214	-0.0001125902899256	-1.3985085862195683
P1_control	580	67422	-0.0001108672462832	-1.3986194534658516
P1_control	581	22381	-0.0001070694679536	-1.3987265229338053
P1_control	582	22771	-0.0001058989102765	-1.3988324218440817
P1_control	583	118449	-0.000105331823305	-1.3989377536673868
P1_control	584	236539	-9.520633139271726e-05	-1.3990329599987796
P1_control	585	70951	-9.494726711035607e-05	-1.39912790726589
P1_control	586	54486	-9.073875260352038e-05	-1.3992186460184934
P1_control	587	228730	-9.022644773341046e-05	-1.3993088724662268
P1_control	588	232560	-9.020188106432322e-05	-1.399399074347291
P1_control	589	52033	-9.000267142157891e-05	-1.3994890770187127
P1_control	590	12805	-9.000013185087918e-05	-1.3995790771505636
P1_control	591	328365	-8.775437138158994e-05	-1.3996668315219452
P1_control	592	270906	-8.766858115488961e-05	-1.3997545001031
P1_control	593	17921	-8.528289874202831e-05	-1.399839783001842
P1_control	594	211798	-8.487478457106076e-05	-1.399924657786413
P1_control	595	16574	-8.442030875458294e-05	-1.4000090780951677
P1_control	596	110962	-8.384984642892976e-05	-1.4000929279415966
P1_control	597	20745	-8.259067024903072e-05	-1.4001755186118456
P1_control	598	77113	-8.218536903594702e-05	-1.4002577039808817
P1_control	599	71819	-8.174615164230539e-05	-1.400339450132524
P1_control	600	13982	-8.1669524050608e-05	-1.4004211196565746
P1_control	601	19249	-8.050815659632083e-05	-1.4005016278131708
P1_control	602	77593	-8.038342714334394e-05	-1.4005820112403142
P1_control	603	243780	-7.731542798111023e-05	-1.4006593266682954
P1_control	604	330286	-7.648666276224285e-05	-1.4007358133310577
P1_control	605	80914	-7.61773718163933e-05	-1.400811990702874
P1_control	606	319901	-7.467049336772444e-05	-1.4008866611962416
P1_control	607	56279	-7.269481485091666e-05	-1.4009593560110924
P1_control	608	26556	-6.97695392750592e-05	-1.4010291255503675
P1_control	609	140571	-6.862173479879116e-05	-1.4010977472851662
P1_control	610	18150	-6.524372090413778e-05	-1.4011629910060703
P1_control	611	53328	-6.512717561490623e-05	-1.4012281181816852
P1_control	612	70310	-6.480088912882306e-05	-1.401292919070814
P1_control	613	26949	-5.969883738633024e-05	-1.4013526179082005
P1_control	614	20191	-5.890066404387309e-05	-1.4014115185722444
P1_control	615	14961	-5.859608053258132e-05	-1.401470114652777
P1_control	616	13844	-5.85044852896798e-05	-1.4015286191380667
P1_control	617	21828	-5.8250029238179335e-05	-1.4015868691673048
P1_control	618	407823	-5.563837175504381e-05	-1.40164250753906
P1_control	619	66953	-5.539801984644685e-05	-1.4016979055589065
P1_control	620	12630	-5.345404401434333e-05	-1.4017513596029207
P1_control	621	22062	-5.329243263084578e-05	-1.4018046520355516
P1_control	622	14261	-5.322407424276598e-05	-1.4018578761097944
P1_control	623	77411	-5.192356403172931e-05	-1.4019097996738261
P1_control	624	12297	-5.073922092316119e-05	-1.4019605388947494
P1_control	625	14687	-4.808699923733853e-05	-1.4020086258939868
P1_control	626	14613	-4.691551940324595e-05	-1.40205554141339
P1_control	627	384214	-4.63329751304912e-05	-1.4021018743885205
P1_control	628	23921	-4.481627864230142e-05	-1.402146690667163
P1_control	629	14160	-4.380838920969858e-05	-1.4021904990563727
P1_control	630	23948	-4.361031563673997e-05	-1.4022341093720094
P1_control	631	218820	-4.108146055964769e-05	-1.402275190832569
P1_control	632	22234	-3.987603323525511e-05	-1.4023150668658042
P1_control	633	20273	-3.743130713717899e-05	-1.4023524981729414
P1_control	634	11941	-3.68263159813694e-05	-1.4023893244889227
P1_control	635	380863	-3.57689937892219e-05	-1.402425093482712
P1_control	636	546336	-3.3701230578452566e-05	-1.4024587947132905
P1_control	637	171282	-3.320990524925377e-05	-1.4024920046185398
P1_control	638	56700	-3.302096580578325e-05	-1.4025250255843456
P1_control	639	268481	-3.2421358224835964e-05	-1.4025574469425703
P1_control	640	237073	-3.2387110964864826e-05	-1.4025898340535352
P1_control	641	171463	-3.118412028226132e-05	-1.4026210181738175
P1_control	642	242700	-3.014720370778077e-05	-1.4026511653775253
P1_control	643	69066	-2.770193998385604e-05	-1.4026788673175092
P1_control	644	238024	-2.769898963542364e-05	-1.4027065663071447
P1_control	645	101565	-2.6351894155761852e-05	-1.4027329182013004
P1_control	646	12393	-2.5494581056608163e-05	-1.4027584127823571
P1_control	647	70223	-2.3690049554193728e-05	-1.4027821028319114
P1_control	648	19258	-1.9483166636470023e-05	-1.4028015859985479
P1_control	649	320557	-1.578946010450089e-05	-1.4028173754586524
P1_control	650	24057	-1.5771949573986806e-05	-1.4028331474082263
P1_control	651	232333	-1.5469124631286957e-05	-1.4028486165328575
P1_control	652	238799	-1.4367999499424467e-05	-1.402862984532357
P1_control	653	78892	-1.3713807331767837e-05	-1.4028766983396888
P1_control	654	12236	-1.3667437244418084e-05	-1.4028903657769332
P1_control	655	22113	-1.3614798548038752e-05	-1.4029039805754813
P1_control	656	13048	-1.1525142028036556e-05	-1.4029155057175093
P1_control	657	27801	-1.010163888996996e-05	-1.4029256073563994
P1_control	658	71720	-8.348095806397223e-06	-1.4029339554522058
P1_control	659	228357	-6.0843567534534445e-06	-1.4029400398089593
P1_control	660	242607	-4.821881664497773e-06	-1.4029448616906237
P1_control	661	67971	-4.275108787847345e-06	-1.4029491367994116
P1_control	662	338365	-1.3957004697010002e-06	-1.4029505324998812
P1_control	663	107351	-1.211392369379333e-06	-1.4029517438922505
P1_control	664	103551	-7.297133988577592e-07	-1.4029524736056493
P1_control	665	21789	-4.6465961391063e-07	-1.4029529382652632
P1_control	666	353242	-1.0065747554536169e-07	-1.4029530389227387
P1_control	667	237831	0.0	-1.4029530389227387
P1_control	668	64103	0.0	-1.4029530389227387
P1_control	669	170952	0.0	-1.4029530389227387
P1_control	670	216795	-0.0	-1.4029530389227387
P1_control	671	193034	-0.0	-1.4029530389227387
P1_control	672	73728	0.0	-1.4029530389227387
P1_control	673	211550	0.0	-1.4029530389227387
P1_control	674	14400	0.0	-1.4029530389227387
P1_control	675	217306	-0.0	-1.4029530389227387
P1_control	676	272031	-0.0	-1.4029530389227387
P1_control	677	70727	-0.0	-1.4029530389227387
P1_control	678	214359	-0.0	-1.4029530389227387
P1_control	679	19215	0.0	-1.4029530389227387
P1_control	680	12831	-0.0	-1.4029530389227387
P1_control	681	109050	0.0	-1.4029530389227387
P1_control	682	23936	-0.0	-1.4029530389227387
P1_control	683	17926	-0.0	-1.4029530389227387
P1_control	684	110902	-0.0	-1.4029530389227387
P1_control	685	22229	-0.0	-1.4029530389227387
P1_control	686	16768	0.0	-1.4029530389227387
P1_control	687	11423	0.0	-1.4029530389227387
P1_control	688	233733	-0.0	-1.4029530389227387
P1_control	689	17537	-0.0	-1.4029530389227387
P1_control	690	399548	0.0	-1.4029530389227387
P1_control	691	77630	0.0	-1.4029530389227387
P1_control	692	11687	0.0	-1.4029530389227387
P1_control	693	19153	-0.0	-1.4029530389227387
P1_control	694	12350	-0.0	-1.4029530389227387
P1_control	695	74770	0.0	-1.4029530389227387
P1_control	696	70061	0.0	-1.4029530389227387
P1_control	697	16426	0.0	-1.4029530389227387
P1_control	698	227632	-0.0	-1.4029530389227387
P1_control	699	20964	-0.0	-1.4029530389227387
P1_control	700	20680	-0.0	-1.4029530389227387
P1_control	701	242702	-0.0	-1.4029530389227387
P1_control	702	71690	0.0	-1.4029530389227387
P1_control	703	14432	-0.0	-1.4029530389227387
P1_control	704	118454	-0.0	-1.4029530389227387
P1_control	705	66208	-0.0	-1.4029530389227387
P1_control	706	18510	-0.0	-1.4029530389227387
P1_control	707	84004	0.0	-1.4029530389227387
P1_control	708	54634	0.0	-1.4029530389227387
P1_control	709	114679	0.0	-1.4029530389227387
P1_control	710	232370	0.0	-1.4029530389227387
P1_control	711	16846	0.0	-1.4029530389227387
P1_control	712	12062	0.0	-1.4029530389227387
P1_control	713	20317	-0.0	-1.4029530389227387
P1_control	714	17228	-0.0	-1.4029530389227387
P1_control	715	18389	0.0	-1.4029530389227387
P1_control	716	208092	-0.0	-1.4029530389227387
P1_control	717	14412	-0.0	-1.4029530389227387
P1_control	718	218877	0.0	-1.4029530389227387
P1_control	719	27419	0.0	-1.4029530389227387
P1_control	720	16909	-0.0	-1.4029530389227387
P1_control	721	57814	0.0	-1.4029530389227387
P1_control	722	20965	-0.0	-1.4029530389227387
P1_control	723	56221	-0.0	-1.4029530389227387
P1_control	724	19700	-0.0	-1.4029530389227387
P1_control	725	19288	-0.0	-1.4029530389227387
P1_control	726	217125	0.0	-1.4029530389227387
P1_control	727	74580	0.0	-1.4029530389227387
P1_control	728	171469	-0.0	-1.4029530389227387
P1_control	729	79235	0.0	-1.4029530389227387
P1_control	730	270192	-0.0	-1.4029530389227387
P1_control	731	242523	0.0	-1.4029530389227387
P1_control	732	13003	0.0	-1.4029530389227387
P1_control	733	12825	-0.0	-1.4029530389227387
P1_control	734	12840	0.0	-1.4029530389227387
P1_control	735	231134	-0.0	-1.4029530389227387
P1_control	736	17005	-0.0	-1.4029530389227387
P1_control	737	27280	0.0	-1.4029530389227387
P1_control	738	58176	-0.0	-1.4029530389227387
P1_control	739	208158	0.0	-1.4029530389227387
P1_control	740	12143	0.0	-1.4029530389227387
P1_control	741	14115	-0.0	-1.4029530389227387
P1_control	742	210530	0.0	-1.4029530389227387
P1_control	743	14080	-0.0	-1.4029530389227387
P1_control	744	17885	-0.0	-1.4029530389227387
P1_control	745	13074	0.0	-1.4029530389227387
P1_control	746	65221	0.0	-1.4029530389227387
P1_control	747	14938	-0.0	-1.4029530389227387
P1_control	748	100038882	-0.0	-1.4029530389227387
P1_control	749	15163	0.0	-1.4029530389227387
P1_control	750	13849	0.0	-1.4029530389227387
P1_control	751	279028	-0.0	-1.4029530389227387
P1_control	752	268709	-0.0	-1.4029530389227387
P1_control	753	15896	-0.0	-1.4029530389227387
P1_control	754	18142	-0.0	-1.4029530389227387
P1_control	755	12029	0.0	-1.4029530389227387
P1_control	756	56534	0.0	-1.4029530389227387
P1_control	757	229791	-0.0	-1.4029530389227387
P1_control	758	14840	-0.0	-1.4029530389227387
P1_control	759	170725	-0.0	-1.4029530389227387
P1_control	760	15114	0.0	-1.4029530389227387
P1_control	761	333088	0.0	-1.4029530389227387
P1_control	762	20202	0.0	-1.4029530389227387
P1_control	763	22403	0.0	-1.4029530389227387
P1_control	764	52857	-0.0	-1.4029530389227387
P1_control	765	16399	0.0	-1.4029530389227387
P1_control	766	20618	0.0	-1.4029530389227387
P1_control	767	103511	0.0	-1.4029530389227387
P1_control	768	207728	-0.0	-1.4029530389227387
P1_control	769	104601	-0.0	-1.4029530389227387
P1_control	770	106878	-0.0	-1.4029530389227387
P1_control	771	19329	-0.0	-1.4029530389227387
P1_control	772	56362	-0.0	-1.4029530389227387
P1_control	773	104080	-0.0	-1.4029530389227387
P1_control	774	246728	0.0	-1.4029530389227387
P1_control	775	17528	-0.0	-1.4029530389227387
P1_control	776	241568	-0.0	-1.4029530389227387
P1_control	777	69671	0.0	-1.4029530389227387
P1_control	778	14632	-0.0	-1.4029530389227387
P1_control	779	11689	-0.0	-1.4029530389227387
P1_control	780	27219	0.0	-1.4029530389227387
P1_control	781	171180	-0.0	-1.4029530389227387
P1_control	782	23845	0.0	-1.4029530389227387
P1_control	783	244864	-0.0	-1.4029530389227387
P1_control	784	278180	0.0	-1.4029530389227387
P1_control	785	22268	-0.0	-1.4029530389227387
P1_control	786	69903	-0.0	-1.4029530389227387
P1_control	787	384569	-0.0	-1.4029530389227387
P1_control	788	207911	0.0	-1.4029530389227387
P1_control	789	71461	-0.0	-1.4029530389227387
P1_control	790	63828	0.0	-1.4029530389227387
P1_control	791	17130	0.0	-1.4029530389227387
P1_control	792	109225	0.0	-1.4029530389227387
P1_control	793	11807	-0.0	-1.4029530389227387
P1_control	794	16491	0.0	-1.4029530389227387
P1_control	795	16197	0.0	-1.4029530389227387
P1_control	796	228785	-0.0	-1.4029530389227387
P1_control	797	56644	0.0	-1.4029530389227387
P1_control	798	27226	0.0	-1.4029530389227387
P1_control	799	381798	-0.0	-1.4029530389227387
P1_control	800	320840	0.0	-1.4029530389227387
P1_control	801	14049	0.0	-1.4029530389227387
P1_control	802	53601	0.0	-1.4029530389227387
P1_control	803	23831	-0.0	-1.4029530389227387
P1_control	804	12007	0.0	-1.4029530389227387
P1_control	805	212032	-0.0	-1.4029530389227387
P1_control	806	242050	-0.0	-1.4029530389227387
P1_control	807	545192	0.0	-1.4029530389227387
P1_control	808	11829	-0.0	-1.4029530389227387
P1_control	809	19711	-0.0	-1.4029530389227387
P1_control	810	76757	0.0	-1.4029530389227387
P1_control	811	70370	0.0	-1.4029530389227387
P1_control	812	24053	-0.0	-1.4029530389227387
P1_control	813	20389	-0.0	-1.4029530389227387
P1_control	814	319229	-0.0	-1.4029530389227387
P1_control	815	56745	-0.0	-1.4029530389227387
P1_control	816	230775	0.0	-1.4029530389227387
P1_control	817	64176	0.0	-1.4029530389227387
P1_control	818	170835	-0.0	-1.4029530389227387
P1_control	819	56532	-0.0	-1.4029530389227387
P1_control	820	13609	-0.0	-1.4029530389227387
P1_control	821	12839	-0.0	-1.4029530389227387
P1_control	822	238328	-0.0	-1.4029530389227387
P1_control	823	237010	0.0	-1.4029530389227387
P1_control	824	16176	-0.0	-1.4029530389227387
P1_control	825	228576	-0.0	-1.4029530389227387
P1_control	826	16453	0.0	-1.4029530389227387
P1_control	827	243897	0.0	-1.4029530389227387
P1_control	828	14580	0.0	-1.4029530389227387
P1_control	829	109857	0.0	-1.4029530389227387
P1_control	830	67564	-0.0	-1.4029530389227387
P1_control	831	330627	0.0	-1.4029530389227387
P1_control	832	50766	0.0	-1.4029530389227387
P1_control	833	20897	0.0	-1.4029530389227387
P1_control	834	11450	-0.0	-1.4029530389227387
P1_control	835	16402	0.0	-1.4029530389227387
P1_control	836	23966	0.0	-1.4029530389227387
P1_control	837	56485	0.0	-1.4029530389227387
P1_control	838	237611	-0.0	-1.4029530389227387
P1_control	839	105193	-0.0	-1.4029530389227387
P1_control	840	319655	-0.0	-1.4029530389227387
P1_control	841	16511	0.0	-1.4029530389227387
P1_control	842	75641	-0.0	-1.4029530389227387
P1_control	843	71099	0.0	-1.4029530389227387
P1_control	844	50779	-0.0	-1.4029530389227387
P1_control	845	320100	0.0	-1.4029530389227387
P1_control	846	53313	0.0	-1.4029530389227387
P1_control	847	97440	0.0	-1.4029530389227387
P1_control	848	50528	0.0	-1.4029530389227387
P1_control	849	18654	-0.0	-1.4029530389227387
P1_control	850	194309	0.0	-1.4029530389227387
P1_control	851	13041	0.0	-1.4029530389227387
P1_control	852	77318	0.0	-1.4029530389227387
P1_control	853	66548	0.0	-1.4029530389227387
P1_control	854	67580	0.0	-1.4029530389227387
P1_control	855	72002	-0.0	-1.4029530389227387
P1_control	856	269615	-0.0	-1.4029530389227387
P1_control	857	20319	0.0	-1.4029530389227387
P1_control	858	231691	-0.0	-1.4029530389227387
P1_control	859	14560	-0.0	-1.4029530389227387
P1_control	860	54672	-0.0	-1.4029530389227387
P1_control	861	24110	0.0	-1.4029530389227387
P1_control	862	70415	-0.0	-1.4029530389227387
P1_control	863	19419	-0.0	-1.4029530389227387
P1_control	864	21817	0.0	-1.4029530389227387
P1_control	865	19011	-0.0	-1.4029530389227387
P1_control	866	29818	-0.0	-1.4029530389227387
P1_control	867	68352	0.0	-1.4029530389227387
P1_control	868	230103	0.0	-1.4029530389227387
P1_control	869	15370	0.0	-1.4029530389227387
P1_control	870	14017	0.0	-1.4029530389227387
P1_control	871	241452	-0.0	-1.4029530389227387
P1_control	872	17433	-0.0	-1.4029530389227387
P1_control	873	72774	-0.0	-1.4029530389227387
P1_control	874	66528	-0.0	-1.4029530389227387
P1_control	875	100039795	0.0	-1.4029530389227387
P1_control	876	21928	0.0	-1.4029530389227387
P1_control	877	243328	-0.0	-1.4029530389227387
P1_control	878	286942	-0.0	-1.4029530389227387
P1_control	879	225742	-0.0	-1.4029530389227387
P1_control	880	21898	0.0	-1.4029530389227387
P1_control	881	380785	0.0	-1.4029530389227387
P1_control	882	103988	-0.0	-1.4029530389227387
P1_control	883	217341	0.0	-1.4029530389227387
P1_control	884	233752	0.0	-1.4029530389227387
P1_control	885	21743	-0.0	-1.4029530389227387
P1_control	886	107766	-0.0	-1.4029530389227387
P1_control	887	22780	0.0	-1.4029530389227387
P1_control	888	14126	-0.0	-1.4029530389227387
P1_control	889	229003	-0.0	-1.4029530389227387
P1_control	890	12845	0.0	-1.4029530389227387
P1_control	891	77609	0.0	-1.4029530389227387
P1_control	892	12390	0.0	-1.4029530389227387
P1_control	893	67425	-0.0	-1.4029530389227387
P1_control	894	242939	0.0	-1.4029530389227387
P1_control	895	22351	-0.0	-1.4029530389227387
P1_control	896	114886	0.0	-1.4029530389227387
P1_control	897	68764	-0.0	-1.4029530389227387
P1_control	898	12266	0.0	-1.4029530389227387
P1_control	899	320129	-0.0	-1.4029530389227387
P1_control	900	19124	-0.0	-1.4029530389227387
P1_control	901	64817	0.0	-1.4029530389227387
P1_control	902	210808	0.0	-1.4029530389227387
P1_control	903	22637	0.0	-1.4029530389227387
P1_control	904	18400	0.0	-1.4029530389227387
P1_control	905	574402	-0.0	-1.4029530389227387
P1_control	906	20391	0.0	-1.4029530389227387
P1_control	907	53604	0.0	-1.4029530389227387
P1_control	908	12505	0.0	-1.4029530389227387
P1_control	909	232078	-0.0	-1.4029530389227387
P1_control	910	18784	-0.0	-1.4029530389227387
P1_control	911	71781	-0.0	-1.4029530389227387
P1_control	912	54195	-0.0	-1.4029530389227387
P1_control	913	68566	0.0	-1.4029530389227387
P1_control	914	20295	-0.0	-1.4029530389227387
P1_control	915	22671	-0.0	-1.4029530389227387
P1_control	916	213417	0.0	-1.4029530389227387
P1_control	917	233246	-0.0	-1.4029530389227387
P1_control	918	50773	-0.0	-1.4029530389227387
P1_control	919	434341	0.0	-1.4029530389227387
P1_control	920	74748	0.0	-1.4029530389227387
P1_control	921	12654	0.0	-1.4029530389227387
P1_control	922	71609	-0.0	-1.4029530389227387
P1_control	923	244550	0.0	-1.4029530389227387
P1_control	924	66901	0.0	-1.4029530389227387
P1_control	925	230163	-0.0	-1.4029530389227387
P1_control	926	21956	0.0	-1.4029530389227387
P1_control	927	100198	0.0	-1.4029530389227387
P1_control	928	14264	-0.0	-1.4029530389227387
P1_control	929	72244	-0.0	-1.4029530389227387
P1_control	930	12501	0.0	-1.4029530389227387
P1_control	931	20564	0.0	-1.4029530389227387
P1_control	932	76441	-0.0	-1.4029530389227387
P1_control	933	338369	-0.0	-1.4029530389227387
P1_control	934	107527	-0.0	-1.4029530389227387
P1_control	935	16323	0.0	-1.4029530389227387
P1_control	936	17085	0.0	-1.4029530389227387
P1_control	937	59308	0.0	-1.4029530389227387
P1_control	938	22324	0.0	-1.4029530389227387
P1_control	939	21384	0.0	-1.4029530389227387
P1_control	940	20201	0.0	-1.4029530389227387
P1_control	941	76156	-0.0	-1.4029530389227387
P1_control	942	259302	0.0	-1.4029530389227387
P1_control	943	15559	-0.0	-1.4029530389227387
P1_control	944	114644	0.0	-1.4029530389227387
P1_control	945	16979	-0.0	-1.4029530389227387
P1_control	946	15284	0.0	-1.4029530389227387
P1_control	947	14945	0.0	-1.4029530389227387
P1_control	948	21389	0.0	-1.4029530389227387
P1_control	949	70405	0.0	-1.4029530389227387
P1_control	950	19416	0.0	-1.4029530389227387
P1_control	951	18951	-0.0	-1.4029530389227387
P1_control	952	170790	-0.0	-1.4029530389227387
P1_control	953	210719	0.0	-1.4029530389227387
P1_control	954	20371	0.0	-1.4029530389227387
P1_control	955	269019	-0.0	-1.4029530389227387
P1_control	956	277468	0.0	-1.4029530389227387
P1_control	957	110876	0.0	-1.4029530389227387
P1_control	958	16181	-0.0	-1.4029530389227387
P1_control	959	16493	0.0	-1.4029530389227387
P1_control	960	21816	0.0	-1.4029530389227387
P1_control	961	11839	-0.0	-1.4029530389227387
P1_control	962	231162	0.0	-1.4029530389227387
P1_control	963	80286	-0.0	-1.4029530389227387
P1_control	964	19881	0.0	-1.4029530389227387
P1_control	965	15111	0.0	-1.4029530389227387
P1_control	966	72349	0.0	-1.4029530389227387
P1_control	967	18667	0.0	-1.4029530389227387
P1_control	968	233199	0.0	-1.4029530389227387
P1_control	969	12481	0.0	-1.4029530389227387
P1_control	970	23959	-0.0	-1.4029530389227387
P1_control	971	241770	-0.0	-1.4029530389227387
P1_control	972	226999	-0.0	-1.4029530389227387
P1_control	973	15450	0.0	-1.4029530389227387
P1_control	974	68016	-0.0	-1.4029530389227387
P1_control	975	11602	0.0	-1.4029530389227387
P1_control	976	12822	0.0	-1.4029530389227387
P1_control	977	68846	-0.0	-1.4029530389227387
P1_control	978	72925	-0.0	-1.4029530389227387
P1_control	979	27273	-0.0	-1.4029530389227387
P1_control	980	225724	0.0	-1.4029530389227387
P1_control	981	12346	-0.0	-1.4029530389227387
P1_control	982	17868	-0.0	-1.4029530389227387
P1_control	983	12351	-0.0	-1.4029530389227387
P1_control	984	435965	-0.0	-1.4029530389227387
P1_control	985	18619	0.0	-1.4029530389227387
P1_control	986	14733	0.0	-1.4029530389227387
P1_control	987	211739	-0.0	-1.4029530389227387
P1_control	988	12834	-0.0	-1.4029530389227387
P1_control	989	78558	-0.0	-1.4029530389227387
P1_control	990	224024	0.0	-1.4029530389227387
P1_control	991	93735	0.0	-1.4029530389227387
P1_control	992	71803	0.0	-1.4029530389227387
P1_control	993	107503	0.0	-1.4029530389227387
P1_control	994	22409	0.0	-1.4029530389227387
P1_control	995	81904	-0.0	-1.4029530389227387
P1_control	996	70726	-0.0	-1.4029530389227387
P1_control	997	170638	-0.0	-1.4029530389227387
P1_control	998	12723	0.0	-1.4029530389227387
P1_control	999	320747	0.0	-1.4029530389227387
P1_control	1000	94214	0.0	-1.4029530389227387
P1_control	1001	20274	-0.0	-1.4029530389227387
P1_control	1002	13346	0.0	-1.4029530389227387
P1_control	1003	215632	0.0	-1.4029530389227387
P1_control	1004	212974	-0.0	-1.4029530389227387
P1_control	1005	18782	-0.0	-1.4029530389227387
P1_control	1006	230904	0.0	-1.4029530389227387
P1_control	1007	69454	-0.0	-1.4029530389227387
P1_control	1008	15460	-0.0	-1.4029530389227387
P1_control	1009	94332	-0.0	-1.4029530389227387
P1_control	1010	18113	-0.0	-1.4029530389227387
P1_control	1011	18816	0.0	-1.4029530389227387
P1_control	1012	30955	0.0	-1.4029530389227387
P1_control	1013	320563	0.0	-1.4029530389227387
P1_control	1014	20277	-0.0	-1.4029530389227387
P1_control	1015	243616	-0.0	-1.4029530389227387
P1_control	1016	24131	0.0	-1.4029530389227387
P1_control	1017	101772	0.0	-1.4029530389227387
P1_control	1018	225341	-0.0	-1.4029530389227387
P1_control	1019	27409	-0.0	-1.4029530389227387
P1_control	1020	80837	-0.0	-1.4029530389227387
P1_control	1021	27371	0.0	-1.4029530389227387
P1_control	1022	67573	-0.0	-1.4029530389227387
P1_control	1023	244723	0.0	-1.4029530389227387
P1_control	1024	68680	0.0	-1.4029530389227387
P1_control	1025	77794	0.0	-1.4029530389227387
P1_control	1026	110351	0.0	-1.4029530389227387
P1_control	1027	98752	0.0	-1.4029530389227387
P1_control	1028	78560	-0.0	-1.4029530389227387
P1_control	1029	209837	-0.0	-1.4029530389227387
P1_control	1030	20533	0.0	-1.4029530389227387
P1_control	1031	50997	-0.0	-1.4029530389227387
P1_control	1032	56471	-0.0	-1.4029530389227387
P1_control	1033	21924	0.0	-1.4029530389227387
P1_control	1034	17313	-0.0	-1.4029530389227387
P1_control	1035	228550	-0.0	-1.4029530389227387
P1_control	1036	17260	0.0	-1.4029530389227387
P1_control	1037	14125	0.0	-1.4029530389227387
P1_control	1038	21922	-0.0	-1.4029530389227387
P1_control	1039	231004	-0.0	-1.4029530389227387
P1_control	1040	170483	0.0	-1.4029530389227387
P1_control	1041	654812	-0.0	-1.4029530389227387
P1_control	1042	641376	-0.0	-1.4029530389227387
P1_control	1043	58208	-0.0	-1.4029530389227387
P1_control	1044	279766	0.0	-1.4029530389227387
P1_control	1045	12700	-0.0	-1.4029530389227387
P1_control	1046	269855	0.0	-1.4029530389227387
P1_control	1047	30806	-0.0	-1.4029530389227387
P1_control	1048	27261	-0.0	-1.4029530389227387
P1_control	1049	268747	0.0	-1.4029530389227387
P1_control	1050	105827	-0.0	-1.4029530389227387
P1_control	1051	12643	-0.0	-1.4029530389227387
P1_control	1052	319660	0.0	-1.4029530389227387
P1_control	1053	20776	0.0	-1.4029530389227387
P1_control	1054	98170	-0.0	-1.4029530389227387
P1_control	1055	56264	-0.0	-1.4029530389227387
P1_control	1056	14173	0.0	-1.4029530389227387
P1_control	1057	13386	0.0	-1.4029530389227387
P1_control	1058	93874	0.0	-1.4029530389227387
P1_control	1059	65115	-0.0	-1.4029530389227387
P1_control	1060	16173	0.0	-1.4029530389227387
P1_control	1061	56461	0.0	-1.4029530389227387
P1_control	1062	215456	-0.0	-1.4029530389227387
P1_control	1063	13655	-0.0	-1.4029530389227387
P1_control	1064	208890	-0.0	-1.4029530389227387
P1_control	1065	210573	0.0	-1.4029530389227387
P1_control	1066	224697	-0.0	-1.4029530389227387
P1_control	1067	12824	0.0	-1.4029530389227387
P1_control	1068	21960	-0.0	-1.4029530389227387
P1_control	1069	170743	0.0	-1.4029530389227387
P1_control	1070	11803	0.0	-1.4029530389227387
P1_control	1071	17916	0.0	-1.4029530389227387
P1_control	1072	64297	-0.0	-1.4029530389227387
P1_control	1073	16170	-0.0	-1.4029530389227387
P1_control	1074	16950	0.0	-1.4029530389227387
P1_control	1075	16527	-0.0	-1.4029530389227387
P1_control	1076	20537	-0.0	-1.4029530389227387
P1_control	1077	68428	-0.0	-1.4029530389227387
P1_control	1078	72690	0.0	-1.4029530389227387
P1_control	1079	18534	-0.0	-1.4029530389227387
P1_control	1080	72780	0.0	-1.4029530389227387
P1_control	1081	12458	-0.0	-1.4029530389227387
P1_control	1082	14373	0.0	-1.4029530389227387
P1_control	1083	223917	-0.0	-1.4029530389227387
P1_control	1084	245827	-0.0	-1.4029530389227387
P1_control	1085	19039	-0.0	-1.4029530389227387
P1_control	1086	75209	-0.0	-1.4029530389227387
P1_control	1087	110784	0.0	-1.4029530389227387
P1_control	1088	14128	-0.0	-1.4029530389227387
P1_control	1089	231147	0.0	-1.4029530389227387
P1_control	1090	80901	0.0	-1.4029530389227387
P1_control	1091	64242	0.0	-1.4029530389227387
P1_control	1092	69590	-0.0	-1.4029530389227387
P1_control	1093	272428	0.0	-1.4029530389227387
P1_control	1094	56631	-0.0	-1.4029530389227387
P1_control	1095	16147	0.0	-1.4029530389227387
P1_control	1096	15430	0.0	-1.4029530389227387
P1_control	1097	69693	0.0	-1.4029530389227387
P1_control	1098	214253	-0.0	-1.4029530389227387
P1_control	1099	20339	-0.0	-1.4029530389227387
P1_control	1100	20198	0.0	-1.4029530389227387
P1_control	1101	110893	0.0	-1.4029530389227387
P1_control	1102	23893	0.0	-1.4029530389227387
P1_control	1103	21786	-0.0	-1.4029530389227387
P1_control	1104	236285	0.0	-1.4029530389227387
P1_control	1105	668940	0.0	-1.4029530389227387
P1_control	1106	63993	-0.0	-1.4029530389227387
P1_control	1107	11670	-0.0	-1.4029530389227387
P1_control	1108	23967	-0.0	-1.4029530389227387
P1_control	1109	207181	-0.0	-1.4029530389227387
P1_control	1110	80976	0.0	-1.4029530389227387
P1_control	1111	66513	-0.0	-1.4029530389227387
P1_control	1112	108052	0.0	-1.4029530389227387
P1_control	1113	58222	-0.0	-1.4029530389227387
P1_control	1114	65963	-0.0	-1.4029530389227387
P1_control	1115	381853	0.0	-1.4029530389227387
P1_control	1116	208164	0.0	-1.4029530389227387
P1_control	1117	18596	0.0	-1.4029530389227387
P1_control	1118	330890	0.0	-1.4029530389227387
P1_control	1119	14205	0.0	-1.4029530389227387
P1_control	1120	68458	-0.0	-1.4029530389227387
P1_control	1121	11568	0.0	-1.4029530389227387
P1_control	1122	26561	0.0	-1.4029530389227387
P1_control	1123	18121	-0.0	-1.4029530389227387
P1_control	1124	20928	0.0	-1.4029530389227387
P1_control	1125	170721	0.0	-1.4029530389227387
P1_control	1126	76854	0.0	-1.4029530389227387
P1_control	1127	13654	-0.0	-1.4029530389227387
P1_control	1128	12796	-0.0	-1.4029530389227387
P1_control	1129	17082	-0.0	-1.4029530389227387
P1_control	1130	54167	-0.0	-1.4029530389227387
P1_control	1131	223646	-0.0	-1.4029530389227387
P1_control	1132	30794	-0.0	-1.4029530389227387
P1_control	1133	16371	0.0	-1.4029530389227387
P1_control	1134	23794	0.0	-1.4029530389227387
P1_control	1135	17984	-0.0	-1.4029530389227387
P1_control	1136	72310	0.0	-1.4029530389227387
P1_control	1137	213469	-0.0	-1.4029530389227387
P1_control	1138	18548	0.0	-1.4029530389227387
P1_control	1139	13516	-0.0	-1.4029530389227387
P1_control	1140	171166	-0.0	-1.4029530389227387
P1_control	1141	67272	-0.0	-1.4029530389227387
P1_control	1142	67937	-0.0	-1.4029530389227387
P1_control	1143	235281	-0.0	-1.4029530389227387
P1_control	1144	13602	0.0	-1.4029530389227387
P1_control	1145	12322	-0.0	-1.4029530389227387
P1_control	1146	216856	0.0	-1.4029530389227387
P1_control	1147	497097	-0.0	-1.4029530389227387
P1_control	1148	240667	0.0	-1.4029530389227387
P1_control	1149	15572	-0.0	-1.4029530389227387
P1_control	1150	74490	-0.0	-1.4029530389227387
P1_control	1151	22412	7.305616508069821e-07	-1.402952308361088
P1_control	1152	22256	1.478727457310622e-06	-1.4029508296336306
P1_control	1153	20423	4.6731981977286005e-06	-1.4029461564354329
P1_control	1154	73327	5.917961655584958e-06	-1.4029402384737772
P1_control	1155	76044	6.073368056763124e-06	-1.4029341651057206
P1_control	1156	223881	6.298662458795136e-06	-1.4029278664432618
P1_control	1157	66109	6.478547392908356e-06	-1.4029213878958688
P1_control	1158	268451	6.587486457178202e-06	-1.4029148004094116
P1_control	1159	16881	7.023920758260602e-06	-1.4029077764886533
P1_control	1160	75564	7.461894186601939e-06	-1.4029003145944667
P1_control	1161	17193	7.899768723091616e-06	-1.4028924148257436
P1_control	1162	235040	9.656086755535045e-06	-1.402882758738988
P1_control	1163	327954	1.138312499914791e-05	-1.402871375613989
P1_control	1164	109674	1.1478276338818325e-05	-1.4028598973376503
P1_control	1165	83674	1.1755264917421155e-05	-1.4028481420727328
P1_control	1166	20969	1.268192603867735e-05	-1.4028354601466941
P1_control	1167	68567	1.3050478229450332e-05	-1.4028224096684647
P1_control	1168	28240	1.3067925012276176e-05	-1.4028093417434524
P1_control	1169	54710	1.3392240560949368e-05	-1.4027959495028914
P1_control	1170	56224	1.3734124258939283e-05	-1.4027822153786325
P1_control	1171	75141	1.5570504281393033e-05	-1.402766644874351
P1_control	1172	14268	1.7101053135020842e-05	-1.4027495438212159
P1_control	1173	19268	1.84776822267359e-05	-1.4027310661389891
P1_control	1174	56811	1.899603137846792e-05	-1.4027120701076106
P1_control	1175	15118	1.966805562433282e-05	-1.4026924020519862
P1_control	1176	108000	2.128868784860372e-05	-1.4026711133641376
P1_control	1177	22276	2.205129478496856e-05	-1.4026490620693526
P1_control	1178	20650	2.243259971251021e-05	-1.4026266294696401
P1_control	1179	70779	2.396050197695946e-05	-1.4026026689676632
P1_control	1180	19041	2.4017019950202525e-05	-1.402578651947713
P1_control	1181	27999	2.4583647415158032e-05	-1.402554068300298
P1_control	1182	66771	2.5562812857824287e-05	-1.4025285054874401
P1_control	1183	106389	2.582015810997285e-05	-1.40250268532933
P1_control	1184	72151	2.6546990993936417e-05	-1.4024761383383362
P1_control	1185	107305	3.15715926129415e-05	-1.4024445667457233
P1_control	1186	17380	3.18708189474367e-05	-1.4024126959267758
P1_control	1187	73836	3.207400772877374e-05	-1.4023806219190469
P1_control	1188	71145	3.321408450861784e-05	-1.4023474078345384
P1_control	1189	103710	3.384013631982743e-05	-1.4023135676982186
P1_control	1190	67993	3.565288468539786e-05	-1.4022779148135331
P1_control	1191	71766	3.596398334950411e-05	-1.4022419508301835
P1_control	1192	67196	3.599161606775467e-05	-1.4022059592141158
P1_control	1193	380924	3.940976302594946e-05	-1.40216654945109
P1_control	1194	55988	3.947853327062128e-05	-1.4021270709178193
P1_control	1195	109620	4.148548653484286e-05	-1.4020855854312844
P1_control	1196	72776	4.539001963980124e-05	-1.4020401954116446
P1_control	1197	230582	4.550180436880117e-05	-1.4019946936072758
P1_control	1198	107508	4.594671874610397e-05	-1.4019487468885297
P1_control	1199	19263	4.697381534339292e-05	-1.4019017730731862
P1_control	1200	20419	4.746283297844993e-05	-1.4018543102402077
P1_control	1201	77579	4.788469585020568e-05	-1.4018064255443574
P1_control	1202	13836	5.211586796344274e-05	-1.401754309676394
P1_control	1203	232146	5.259548950822027e-05	-1.4017017141868857
P1_control	1204	104871	5.285655147388309e-05	-1.4016488576354118
P1_control	1205	240638	5.325232845772e-05	-1.401595605306954
P1_control	1206	109242	5.339228732018272e-05	-1.4015422130196338
P1_control	1207	18190	5.545797522018177e-05	-1.4014867550444137
P1_control	1208	28040	5.546981142425256e-05	-1.4014312852329893
P1_control	1209	74100	5.789125927987885e-05	-1.4013733939737094
P1_control	1210	84036	6.094910496845354e-05	-1.401312444868741
P1_control	1211	208228	6.09949480759669e-05	-1.4012514499206652
P1_control	1212	216760	6.174065997590578e-05	-1.4011897092606893
P1_control	1213	76960	6.189748798775736e-05	-1.4011278117727015
P1_control	1214	22271	6.198747119354649e-05	-1.401065824301508
P1_control	1215	67103	6.770235602303725e-05	-1.400998121945485
P1_control	1216	68760	6.874968365882525e-05	-1.4009293722618261
P1_control	1217	16526	6.960089372195751e-05	-1.4008597713681041
P1_control	1218	29859	6.988628631872128e-05	-1.4007898850817855
P1_control	1219	17874	7.161188956155257e-05	-1.4007182731922239
P1_control	1220	94040	7.166178424607931e-05	-1.4006466114079779
P1_control	1221	219228	7.410485965493473e-05	-1.400572506548323
P1_control	1222	269016	7.607912200400366e-05	-1.400496427426319
P1_control	1223	103968	7.775453332610474e-05	-1.4004186728929928
P1_control	1224	66930	7.820964195809509e-05	-1.4003404632510348
P1_control	1225	14805	7.82975732462752e-05	-1.4002621656777885
P1_control	1226	170745	7.898594940777034e-05	-1.4001831797283808
P1_control	1227	320051	8.654415930282613e-05	-1.400096635569078
P1_control	1228	22785	8.766942482385679e-05	-1.400008966144254
P1_control	1229	16513	9.061330024540076e-05	-1.3999183528440087
P1_control	1230	72301	9.064589804874264e-05	-1.39982770694596
P1_control	1231	72685	9.183489998143972e-05	-1.3997358720459785
P1_control	1232	20350	9.220555451123084e-05	-1.3996436664914673
P1_control	1233	59009	9.333690674855348e-05	-1.3995503295847187
P1_control	1234	242819	9.53452638051382e-05	-1.3994549843209136
P1_control	1235	218341	9.561320993211448e-05	-1.3993593711109815
P1_control	1236	74199	9.756672864781676e-05	-1.3992618043823337
P1_control	1237	268859	9.75771308179506e-05	-1.3991642272515157
P1_control	1238	140792	0.0001000272866455	-1.39906419996487
P1_control	1239	192187	0.000101082588417	-1.3989631173764532
P1_control	1240	51801	0.0001024404096633	-1.39886067696679
P1_control	1241	60363	0.0001039040915659	-1.3987567728752242
P1_control	1242	52276	0.0001062196012278	-1.3986505532739963
P1_control	1243	77116	0.0001069837247241	-1.3985435695492723
P1_control	1244	100705	0.000107575623031	-1.3984359939262412
P1_control	1245	19126	0.0001079639228952	-1.398328030003346
P1_control	1246	12311	0.0001090362432242	-1.398218993760122
P1_control	1247	17387	0.0001101813976015	-1.3981088123625205
P1_control	1248	234593	0.0001121251241898	-1.3979966872383307
P1_control	1249	11684	0.0001122897683585	-1.3978843974699722
P1_control	1250	239319	0.0001124796718182	-1.397771917798154
P1_control	1251	18476	0.0001128835249826	-1.3976590342731714
P1_control	1252	16510	0.0001138225319229	-1.3975452117412486
P1_control	1253	21664	0.0001162801201137	-1.3974289316211348
P1_control	1254	13106	0.000120402261779	-1.397308529359356
P1_control	1255	12416	0.0001205191169972	-1.3971880102423586
P1_control	1256	23792	0.0001208485023951	-1.3970671617399635
P1_control	1257	67216	0.0001226919107247	-1.3969444698292388
P1_control	1258	13058	0.00012635015982	-1.3968181196694187
P1_control	1259	17064	0.0001283075533383	-1.3966898121160805
P1_control	1260	15936	0.0001296935646653	-1.3965601185514152
P1_control	1261	58802	0.0001301592981447	-1.3964299592532705
P1_control	1262	70261	0.0001333393352105	-1.39629661991806
P1_control	1263	11931	0.000135056761928	-1.396161563156132
P1_control	1264	329324	0.0001353853438923	-1.3960261778122396
P1_control	1265	13506	0.0001379340368754	-1.3958882437753641
P1_control	1266	209584	0.0001390469655808	-1.3957491968097833
P1_control	1267	320633	0.000140042158959	-1.3956091546508242
P1_control	1268	56513	0.000141922823921	-1.3954672318269032
P1_control	1269	71994	0.0001420799598386	-1.3953251518670646
P1_control	1270	94229	0.0001438870442179	-1.3951812648228468
P1_control	1271	12823	0.0001439623753523	-1.3950373024474945
P1_control	1272	330908	0.0001464146510636	-1.3948908877964308
P1_control	1273	546134	0.0001492290340722	-1.3947416587623587
P1_control	1274	245026	0.000149376136435	-1.3945922826259236
P1_control	1275	107449	0.0001497120715438	-1.3944425705543797
P1_control	1276	72930	0.0001524478607557	-1.394290122693624
P1_control	1277	114713	0.0001526333148907	-1.3941374893787333
P1_control	1278	66990	0.000153627463158	-1.3939838619155753
P1_control	1279	17079	0.0001555625364674	-1.393828299379108
P1_control	1280	268527	0.0001574239286683	-1.3936708754504397
P1_control	1281	74901	0.0001576910331731	-1.3935131844172666
P1_control	1282	54720	0.0001599345876585	-1.3933532498296082
P1_control	1283	192976	0.0001620707670397	-1.3931911790625684
P1_control	1284	224674	0.0001630092167795	-1.393028169845789
P1_control	1285	56419	0.0001641248991489	-1.39286404494664
P1_control	1286	12683	0.000166070188681	-1.392697974757959
P1_control	1287	73094	0.0001688097285466	-1.3925291650294125
P1_control	1288	16420	0.0001688534157023	-1.3923603116137102
P1_control	1289	384061	0.0001694001010062	-1.392190911512704
P1_control	1290	75669	0.0001729831855999	-1.3920179283271041
P1_control	1291	72016	0.0001729834572781	-1.391844944869826
P1_control	1292	217410	0.0001765391490327	-1.3916684057207933
P1_control	1293	243362	0.0001772896555246	-1.3914911160652688
P1_control	1294	14773	0.0001776475934754	-1.3913134684717934
P1_control	1295	11554	0.0001783556581793	-1.391135112813614
P1_control	1296	72584	0.0001788906543757	-1.3909562221592384
P1_control	1297	18227	0.0001790738761142	-1.3907771482831242
P1_control	1298	21847	0.0001793327490259	-1.3905978155340983
P1_control	1299	384763	0.0001813243460622	-1.3904164911880361
P1_control	1300	140721	0.0001816435978121	-1.390234847590224
P1_control	1301	67426	0.0001830190303405	-1.3900518285598835
P1_control	1302	330671	0.0001842525227817	-1.3898675760371018
P1_control	1303	54420	0.0001874541073247	-1.389680121929777
P1_control	1304	234199	0.0001884177310366	-1.3894917041987405
P1_control	1305	108927	0.0001892616440983	-1.389302442554642
P1_control	1306	68777	0.0001893302950315	-1.3891131122596105
P1_control	1307	77976	0.0001903771373814	-1.388922735122229
P1_control	1308	16854	0.0001915670546009	-1.3887311680676282
P1_control	1309	18039	0.0001930816054098	-1.3885380864622183
P1_control	1310	72415	0.0001942812428988	-1.3883438052193195
P1_control	1311	217203	0.0001978756508543	-1.3881459295684653
P1_control	1312	330301	0.0001980449655402	-1.3879478846029252
P1_control	1313	243574	0.0001992511065723	-1.387748633496353
P1_control	1314	72287	0.0002006815776412	-1.3875479519187117
P1_control	1315	237175	0.0002029126932853	-1.3873450392254265
P1_control	1316	19769	0.0002118903888264	-1.3871331488366
P1_control	1317	192678	0.0002134872765067	-1.3869196615600934
P1_control	1318	108089	0.0002141158085405	-1.386705545751553
P1_control	1319	14732	0.0002148514906019	-1.386490694260951
P1_control	1320	70008	0.0002159294838097	-1.3862747647771412
P1_control	1321	666048	0.0002192454670207	-1.3860555193101205
P1_control	1322	226861	0.0002194132145589	-1.3858361060955615
P1_control	1323	18162	0.0002232745579133	-1.3856128315376481
P1_control	1324	106347	0.0002246305432633	-1.3853882009943848
P1_control	1325	246707	0.0002265750031242	-1.3851616259912605
P1_control	1326	214804	0.0002274293764746	-1.384934196614786
P1_control	1327	16403	0.0002298107613224	-1.3847043858534636
P1_control	1328	105243	0.0002309718458701	-1.3844734140075934
P1_control	1329	433938	0.000242093010521	-1.3842313209970725
P1_control	1330	223272	0.0002446682618455	-1.383986652735227
P1_control	1331	108147	0.0002455949228415	-1.3837410578123854
P1_control	1332	140580	0.0002478326620695	-1.383493225150316
P1_control	1333	22350	0.0002508802857458	-1.3832423448645703
P1_control	1334	17196	0.0002512324175588	-1.3829911124470116
P1_control	1335	329650	0.0002518734599107	-1.382739238987101
P1_control	1336	100048534	0.0002583608751619	-1.382480878111939
P1_control	1337	231125	0.0002612593138685	-1.3822196187980706
P1_control	1338	71820	0.0002623240276902	-1.3819572947703804
P1_control	1339	23836	0.0002626733465018	-1.3816946214238786
P1_control	1340	319991	0.0002639442935443	-1.3814306771303342
P1_control	1341	23969	0.0002678531288581	-1.3811628240014762
P1_control	1342	224093	0.0002704099175888	-1.3808924140838874
P1_control	1343	70129	0.000271203030808	-1.3806212110530793
P1_control	1344	17127	0.0002729003153177	-1.3803483107377617
P1_control	1345	83603	0.0002732968370079	-1.3800750139007538
P1_control	1346	14763	0.0002760520294161	-1.3797989618713378
P1_control	1347	74013	0.0002775615997721	-1.3795214002715657
P1_control	1348	239364	0.0002789218351593	-1.3792424784364063
P1_control	1349	13618	0.0002798178260681	-1.3789626606103382
P1_control	1350	68010	0.0002836161440774	-1.3786790444662609
P1_control	1351	74717	0.0002852428510653	-1.3783938016151955
P1_control	1352	319670	0.0002893112738176	-1.378104490341378
P1_control	1353	16497	0.0002904564964822	-1.3778140338448956
P1_control	1354	104271	0.0002937018148308	-1.3775203320300649
P1_control	1355	67800	0.0002946861660096	-1.3772256458640553
P1_control	1356	54126	0.0002961907563279	-1.3769294551077274
P1_control	1357	26415	0.0002987235007331	-1.3766307316069943
P1_control	1358	14760	0.0002988178074601	-1.3763319137995342
P1_control	1359	235134	0.0002993751046706	-1.3760325386948635
P1_control	1360	228482	0.0003014728903413	-1.3757310658045223
P1_control	1361	72017	0.0003095200054395	-1.3754215457990828
P1_control	1362	102774	0.000312381516242	-1.3751091642828408
P1_control	1363	20296	0.0003126097869242	-1.3747965544959166
P1_control	1364	20532	0.0003128941643009	-1.3744836603316157
P1_control	1365	18212	0.0003129360945451	-1.3741707242370707
P1_control	1366	226777	0.0003135267801888	-1.3738571974568818
P1_control	1367	330355	0.0003138377114153	-1.3735433597454665
P1_control	1368	20449	0.0003161939516291	-1.3732271657938373
P1_control	1369	70423	0.0003183903625811	-1.3729087754312561
P1_control	1370	50765	0.0003207614312071	-1.372588014000049
P1_control	1371	327957	0.000324149761731	-1.372263864238318
P1_control	1372	77015	0.0003262127413658	-1.3719376514969521
P1_control	1373	66011	0.0003336444097316	-1.3716040070872206
P1_control	1374	347722	0.000336604202626	-1.3712674028845946
P1_control	1375	73075	0.0003366352682569	-1.3709307676163376
P1_control	1376	57444	0.0003383995288229	-1.3705923680875147
P1_control	1377	19246	0.0003388778249683	-1.3702534902625465
P1_control	1378	18441	0.0003466897780321	-1.3699068004845143
P1_control	1379	66349	0.0003538694605472	-1.3695529310239671
P1_control	1380	72778	0.0003542838354116	-1.3691986471885556
P1_control	1381	12038	0.0003594121048134	-1.3688392350837422
P1_control	1382	74761	0.0003634706603432	-1.368475764423399
P1_control	1383	67703	0.000365085599659	-1.3681106788237398
P1_control	1384	378431	0.0003672558862763	-1.3677434229374634
P1_control	1385	50500	0.0003677731144474	-1.367375649823016
P1_control	1386	67375	0.0003683826654325	-1.3670072671575835
P1_control	1387	381379	0.0003812038609991	-1.3666260632965843
P1_control	1388	99010	0.0003828453028465	-1.3662432179937378
P1_control	1389	272636	0.0003850296912315	-1.3658581883025063
P1_control	1390	237387	0.0003856119429344	-1.3654725763595719
P1_control	1391	235534	0.0003864247546367	-1.365086151604935
P1_control	1392	56078	0.0003893029154928	-1.3646968486894422
P1_control	1393	225358	0.0003894846817301	-1.3643073640077121
P1_control	1394	12333	0.000389753460401	-1.3639176105473112
P1_control	1395	207259	0.0003926004772509	-1.3635250100700602
P1_control	1396	20912	0.0003959924537467	-1.3631290176163136
P1_control	1397	216867	0.0003981868611094	-1.3627308307552042
P1_control	1398	80909	0.0004000634354197	-1.3623307673197844
P1_control	1399	76459	0.0004001104629708	-1.3619306568568137
P1_control	1400	67976	0.0004010782114138	-1.3615295786453998
P1_control	1401	226098	0.0004041081859344	-1.3611254704594653
P1_control	1402	18563	0.0004074773179319	-1.3607179931415334
P1_control	1403	13497	0.0004078487383391	-1.3603101444031944
P1_control	1404	109205	0.0004120913628018	-1.3598980530403926
P1_control	1405	15945	0.0004121623352213	-1.3594858907051712
P1_control	1406	71755	0.0004131587923501	-1.359072731912821
P1_control	1407	208518	0.0004162171833871	-1.358656514729434
P1_control	1408	22224	0.000418536416533	-1.358237978312901
P1_control	1409	74666	0.0004246101628666	-1.3578133681500344
P1_control	1410	68070	0.0004246369697994	-1.357388731180235
P1_control	1411	16590	0.0004294569959795	-1.3569592741842555
P1_control	1412	319613	0.0004319309097795	-1.356527343274476
P1_control	1413	78412	0.0004364250780599	-1.356090918196416
P1_control	1414	101685	0.0004369743973106	-1.3556539437991055
P1_control	1415	11480	0.0004372080236677	-1.3552167357754379
P1_control	1416	12190	0.0004393617379616	-1.3547773740374762
P1_control	1417	50874	0.0004410663686457	-1.3543363076688306
P1_control	1418	11352	0.0004425276691945	-1.3538937799996362
P1_control	1419	14163	0.0004459279297896	-1.3534478520698465
P1_control	1420	75345	0.0004483460204623	-1.3529995060493842
P1_control	1421	105171	0.0004485004338169	-1.3525510056155674
P1_control	1422	70676	0.0004515472971208	-1.3520994583184467
P1_control	1423	75690	0.0004524077086155	-1.3516470506098313
P1_control	1424	216350	0.0004565705163742	-1.351190480093457
P1_control	1425	100434	0.0004569863477407	-1.3507334937457165
P1_control	1426	14276	0.0004592293732618	-1.3502742643724548
P1_control	1427	80890	0.0004677541696105	-1.3498065102028443
P1_control	1428	12903	0.0004678942820879	-1.3493386159207563
P1_control	1429	73407	0.0004863794218148	-1.3488522364989415
P1_control	1430	12140	0.0004930851045484	-1.348359151394393
P1_control	1431	382913	0.0004940484114392	-1.3478651029829538
P1_control	1432	68801	0.0005067376420559	-1.3473583653408978
P1_control	1433	224171	0.0005074659804536	-1.3468508993604442
P1_control	1434	72008	0.0005107993003538	-1.3463401000600905
P1_control	1435	106869	0.0005113723941826	-1.345828727665908
P1_control	1436	328381	0.000517103537073	-1.345311624128835
P1_control	1437	70454	0.0005227335841636	-1.3447888905446714
P1_control	1438	14536	0.0005235710722693	-1.3442653194724021
P1_control	1439	20778	0.0005235803280967	-1.3437417391443054
P1_control	1440	227197	0.0005284776644787	-1.3432132614798267
P1_control	1441	20682	0.000539680244386	-1.3426735812354407
P1_control	1442	26377	0.0005405881973154	-1.3421329930381252
P1_control	1443	211484	0.0005498208951969	-1.3415831721429283
P1_control	1444	217262	0.0005500811098938	-1.3410330910330346
P1_control	1445	57443	0.00055160122734	-1.3404814898056945
P1_control	1446	17756	0.0005597627163602	-1.3399217270893342
P1_control	1447	29877	0.0005606530039413	-1.339361074085393
P1_control	1448	72097	0.0005634459571353	-1.3387976281282576
P1_control	1449	245595	0.0005688857394453	-1.3382287423888124
P1_control	1450	408022	0.0005716937075554	-1.337657048681257
P1_control	1451	16591	0.0005770846279952	-1.3370799640532618
P1_control	1452	94091	0.0005817478073937	-1.336498216245868
P1_control	1453	16656	0.0005851948934097	-1.3359130213524584
P1_control	1454	12827	0.0005871445596336	-1.3353258767928249
P1_control	1455	15200	0.0005884967850062	-1.3347373800078186
P1_control	1456	52245	0.0005891673067638	-1.3341482127010549
P1_control	1457	192232	0.0005891704113907	-1.3335590422896642
P1_control	1458	75668	0.0005915476522428	-1.3329674946374213
P1_control	1459	330812	0.0005961414192181	-1.332371353218203
P1_control	1460	53972	0.0006032969765014	-1.3317680562417018
P1_control	1461	84035	0.0006072811696536	-1.3311607750720482
P1_control	1462	15904	0.0006161437881522	-1.330544631283896
P1_control	1463	268780	0.0006174321737526	-1.3299271991101433
P1_control	1464	14067	0.0006207989979306	-1.3293064001122128
P1_control	1465	76179	0.0006261004589464	-1.3286802996532663
P1_control	1466	22779	0.0006291301253248	-1.3280511695279416
P1_control	1467	69129	0.000632726221477	-1.3274184433064646
P1_control	1468	108098	0.0006477444116199	-1.3267706988948447
P1_control	1469	214685	0.0006541934683944	-1.3261165054264503
P1_control	1470	71998	0.0006596179292145	-1.325456887497236
P1_control	1471	14221	0.000662978486176	-1.3247939090110599
P1_control	1472	56047	0.0006657398036201	-1.3241281692074398
P1_control	1473	217946	0.00066716796527	-1.3234610012421697
P1_control	1474	233406	0.0006686918463112	-1.3227923093958585
P1_control	1475	16975	0.0006715238045583	-1.3221207855913002
P1_control	1476	208650	0.000672491373325	-1.3214482942179753
P1_control	1477	104346	0.0006755705076413	-1.320772723710334
P1_control	1478	246048	0.0006793472944023	-1.3200933764159317
P1_control	1479	18602	0.0006805235702183	-1.3194128528457134
P1_control	1480	16159	0.0006876404200576	-1.3187252124256559
P1_control	1481	17389	0.0006897032919047	-1.3180355091337512
P1_control	1482	208715	0.0006995605342653	-1.317335948599486
P1_control	1483	13008	0.0007193664705616	-1.3166165821289244
P1_control	1484	66412	0.0007218334910887	-1.3158947486378356
P1_control	1485	229228	0.0007238874364661	-1.3151708612013695
P1_control	1486	104445	0.0007274182716256	-1.3144434429297438
P1_control	1487	52589	0.0007315194358842	-1.3137119234938597
P1_control	1488	100040591	0.0007376072739351	-1.3129743162199246
P1_control	1489	12519	0.0007388337549336	-1.3122354824649909
P1_control	1490	21825	0.0007419227740446	-1.3114935596909463
P1_control	1491	50490	0.0007445061755267	-1.3107490535154196
P1_control	1492	73747	0.00074886399656	-1.3100001895188595
P1_control	1493	234267	0.0007492779904849	-1.3092509115283746
P1_control	1494	12525	0.0007610958035317	-1.3084898157248428
P1_control	1495	22417	0.0007705061167236	-1.3077193096081192
P1_control	1496	68802	0.0007764582997569	-1.3069428513083623
P1_control	1497	54519	0.0007799900823191	-1.3061628612260432
P1_control	1498	57265	0.000784374256309	-1.3053784869697342
P1_control	1499	19417	0.0007845996784031	-1.3045938872913312
P1_control	1500	19395	0.0007909113605852	-1.303802975930746
P1_control	1501	13710	0.0007944760917094	-1.3030084998390365
P1_control	1502	109272	0.0007981389432828	-1.3022103608957538
P1_control	1503	13850	0.0007982106848034	-1.3014121502109504
P1_control	1504	18526	0.0007986683198009	-1.3006134818911494
P1_control	1505	14761	0.0008032305056812	-1.2998102513854684
P1_control	1506	633640	0.0008153481553869	-1.2989949032300814
P1_control	1507	22223	0.0008164303709207	-1.2981784728591608
P1_control	1508	73379	0.0008268368173602	-1.2973516360418005
P1_control	1509	72042	0.0008286873776224	-1.296522948664178
P1_control	1510	67865	0.0008338779194275	-1.2956890707447506
P1_control	1511	109019	0.0008372129337553	-1.2948518578109953
P1_control	1512	14062	0.0008381947583553	-1.29401366305264
P1_control	1513	20536	0.0008440664483537	-1.2931695966042862
P1_control	1514	320662	0.0008491736206184	-1.2923204229836678
P1_control	1515	11733	0.0008523996456009	-1.2914680233380669
P1_control	1516	54326	0.0008525112264806	-1.2906155121115863
P1_control	1517	74091	0.0008604754804669	-1.2897550366311195
P1_control	1518	83429	0.0008748401157448	-1.2888801965153747
P1_control	1519	65970	0.000883009833291	-1.2879971866820836
P1_control	1520	16764	0.0008847391873079	-1.2871124474947757
P1_control	1521	53374	0.0008912814440638	-1.286221166050712
P1_control	1522	12326	0.0008926014659085	-1.2853285645848034
P1_control	1523	78977	0.000894908525079	-1.2844336560597245
P1_control	1524	55987	0.0008965592593691	-1.2835370968003554
P1_control	1525	18453	0.0008972592200301	-1.2826398375803254
P1_control	1526	14544	0.0009052922068184	-1.281734545373507
P1_control	1527	73822	0.0009071128129141	-1.2808274325605928
P1_control	1528	16400	0.0009157506028107	-1.279911681957782
P1_control	1529	239554	0.0009176201439238	-1.2789940618138582
P1_control	1530	64929	0.0009225691348162	-1.278071492679042
P1_control	1531	269774	0.0009241648738419	-1.2771473278052001
P1_control	1532	67784	0.0009343516672075	-1.2762129761379926
P1_control	1533	11593	0.0009350902937124	-1.2752778858442801
P1_control	1534	26878	0.0009366165158016	-1.2743412693284786
P1_control	1535	74589	0.0009621129740332	-1.2733791563544454
P1_control	1536	71876	0.0009681660376639	-1.2724109903167815
P1_control	1537	12483	0.0009745352181194	-1.271436455098662
P1_control	1538	214137	0.0009770521883525	-1.2704594029103096
P1_control	1539	22342	0.0009814632184194	-1.2694779396918903
P1_control	1540	239273	0.0009855739493383	-1.268492365742552
P1_control	1541	19659	0.000998206879586	-1.267494158862966
P1_control	1542	18205	0.0009997280643583	-1.2664944307986077
P1_control	1543	243983	0.0010099546101807	-1.265484476188427
P1_control	1544	14605	0.0010245440963799	-1.264459932092047
P1_control	1545	228778	0.0010318491499945	-1.2634280829420526
P1_control	1546	19739	0.0010320589387153	-1.2623960240033372
P1_control	1547	209558	0.0010370642186388	-1.2613589597846984
P1_control	1548	242505	0.0010465377821156	-1.2603124220025828
P1_control	1549	22063	0.0010556025624803	-1.2592568194401024
P1_control	1550	57746	0.0010607232354221	-1.2581960962046803
P1_control	1551	17350	0.0010618190507743	-1.257134277153906
P1_control	1552	22370	0.0010659988050862	-1.2560682783488197
P1_control	1553	17300	0.0010663040695381	-1.2550019742792817
P1_control	1554	227327	0.0010892747118504	-1.2539126995674312
P1_control	1555	74147	0.0010925293114741	-1.2528201702559572
P1_control	1556	68099	0.0010936059397373	-1.2517265643162199
P1_control	1557	279561	0.0011000260903033	-1.2506265382259165
P1_control	1558	380713	0.0011010440467578	-1.2495254941791587
P1_control	1559	54609	0.0011010447778043	-1.2484244494013543
P1_control	1560	78134	0.0011026751183616	-1.2473217742829927
P1_control	1561	235028	0.0011046556369766	-1.246217118646016
P1_control	1562	13824	0.0011083270358663	-1.2451087916101498
P1_control	1563	240087	0.0011161710048212	-1.2439926206053284
P1_control	1564	237353	0.0011163361331389	-1.2428762844721895
P1_control	1565	67819	0.0011186588927729	-1.2417576255794165
P1_control	1566	23999	0.0011242848955484	-1.240633340683868
P1_control	1567	627049	0.0011268470810239	-1.2395064936028442
P1_control	1568	64706	0.00113148729814	-1.238375006304704
P1_control	1569	231470	0.0011337899314488	-1.2372412163732553
P1_control	1570	83921	0.0011407035268748	-1.2361005128463805
P1_control	1571	20525	0.001144957799818	-1.2349555550465625
P1_control	1572	271005	0.001148804661126	-1.2338067503854364
P1_control	1573	16404	0.0011572955376695	-1.232649454847767
P1_control	1574	70928	0.0011602482576573	-1.2314892065901095
P1_control	1575	16431	0.0011732645263583	-1.2303159420637513
P1_control	1576	18616	0.0011862192658677	-1.2291297227978837
P1_control	1577	218461	0.0011926306699675	-1.2279370921279162
P1_control	1578	17427	0.0011968016612843	-1.226740290466632
P1_control	1579	140488	0.0012003600653234	-1.2255399304013086
P1_control	1580	216850	0.0012079902433133	-1.2243319401579953
P1_control	1581	94180	0.001219424846608	-1.2231125153113873
P1_control	1582	67582	0.0012225061119638	-1.2218900091994236
P1_control	1583	320508	0.0012237445377495	-1.2206662646616742
P1_control	1584	83671	0.0012248466386207	-1.2194414180230535
P1_control	1585	14802	0.0012414884780296	-1.2181999295450239
P1_control	1586	28146	0.0012448357216978	-1.216955093823326
P1_control	1587	23928	0.0012568316559773	-1.2156982621673487
P1_control	1588	234857	0.0012580581597115	-1.2144402040076372
P1_control	1589	23882	0.0012650984877249	-1.2131751055199123
P1_control	1590	19130	0.0012712979451711	-1.2119038075747413
P1_control	1591	19275	0.0012877533331077	-1.2106160542416335
P1_control	1592	381217	0.001295783480889	-1.2093202707607444
P1_control	1593	225997	0.0013036472176979	-1.2080166235430465
P1_control	1594	15902	0.0013057039175418	-1.2067109196255048
P1_control	1595	57890	0.0013218732955861	-1.2053890463299186
P1_control	1596	213484	0.0013381453560337	-1.204050900973885
P1_control	1597	208768	0.0013589641726815	-1.2026919368012035
P1_control	1598	56794	0.0013727898586475	-1.201319146942556
P1_control	1599	30935	0.0013802648260135	-1.1999388821165424
P1_control	1600	319504	0.0013865847858188	-1.1985522973307237
P1_control	1601	216049	0.0013922446050214	-1.1971600527257023
P1_control	1602	74166	0.0014125186925477	-1.1957475340331545
P1_control	1603	67059	0.0014274518952175	-1.194320082137937
P1_control	1604	14369	0.0014288253131946	-1.1928912568247423
P1_control	1605	12348	0.0014341639268257	-1.1914570928979167
P1_control	1606	209966	0.0014368161721744	-1.1900202767257422
P1_control	1607	11489	0.0014479378131681	-1.188572338912574
P1_control	1608	320495	0.0014614627868951	-1.1871108761256788
P1_control	1609	16467	0.0014644684124617	-1.1856464077132172
P1_control	1610	211949	0.0014686432105774	-1.1841777645026397
P1_control	1611	268297	0.001476053179332	-1.1827017113233076
P1_control	1612	54123	0.0014773670945223	-1.1812243442287853
P1_control	1613	16598	0.0014786038463578	-1.1797457403824274
P1_control	1614	226255	0.0014800932388965	-1.1782656471435309
P1_control	1615	67480	0.0014972718666725	-1.1767683752768583
P1_control	1616	104816	0.0014989741339842	-1.1752694011428741
P1_control	1617	93838	0.0015295046837183	-1.1737398964591559
P1_control	1618	12286	0.0015372474621414	-1.1722026489970145
P1_control	1619	102124	0.0015587398986252	-1.1706439090983893
P1_control	1620	74202	0.0015683317587765	-1.1690755773396129
P1_control	1621	12702	0.0015721456405541	-1.1675034316990587
P1_control	1622	329278	0.0015824564485165	-1.1659209752505422
P1_control	1623	17153	0.0015895676292032	-1.164331407621339
P1_control	1624	237211	0.0015928658770997	-1.1627385417442393
P1_control	1625	67211	0.0015995398326394	-1.1611390019116
P1_control	1626	236904	0.0016058457379988	-1.159533156173601
P1_control	1627	12978	0.0016203381757829	-1.1579128179978182
P1_control	1628	271711	0.0016254036002301	-1.156287414397588
P1_control	1629	381175	0.0016277847222655	-1.1546596296753227
P1_control	1630	330189	0.0016423088214216	-1.153017320853901
P1_control	1631	18230	0.001649494027454	-1.151367826826447
P1_control	1632	232946	0.0016616639054287	-1.1497061629210181
P1_control	1633	625249	0.0016681280715367	-1.1480380348494814
P1_control	1634	18769	0.0016692061196458	-1.1463688287298357
P1_control	1635	215798	0.001673626831174	-1.1446952018986618
P1_control	1636	19245	0.0016941854702655	-1.1430010164283964
P1_control	1637	73825	0.0016978970610277	-1.1413031193673686
P1_control	1638	232976	0.0017062386602837	-1.1395968807070849
P1_control	1639	116837	0.0017139457241251	-1.1378829349829598
P1_control	1640	20104	0.0017160079033511	-1.1361669270796086
P1_control	1641	18823	0.0017224158119639	-1.1344445112676447
P1_control	1642	13522	0.0017505221248698	-1.132693989142775
P1_control	1643	170711	0.0017785335794755	-1.1309154555632994
P1_control	1644	18985	0.0017873458128906	-1.129128109750409
P1_control	1645	14026	0.0018063297877055	-1.1273217799627033
P1_control	1646	319634	0.0018120737304034	-1.1255097062322998
P1_control	1647	20462	0.0018140010459129	-1.123695705186387
P1_control	1648	66279	0.0018553742307588	-1.1218403309556282
P1_control	1649	50784	0.0018767631527427	-1.1199635678028854
P1_control	1650	11720	0.0018777470961288	-1.1180858207067566
P1_control	1651	72607	0.0018828724407964	-1.1162029482659601
P1_control	1652	26912	0.0018856388673421	-1.114317309398618
P1_control	1653	20377	0.0018878815133201	-1.112429427885298
P1_control	1654	53625	0.0018953731296144	-1.1105340547556837
P1_control	1655	225913	0.0019019179553902	-1.1086321368002934
P1_control	1656	15939	0.0019077511405452	-1.1067243856597482
P1_control	1657	72050	0.0019433070160337	-1.1047810786437144
P1_control	1658	12449	0.0019529504037717	-1.1028281282399428
P1_control	1659	66999	0.0019749946918688	-1.100853133548074
P1_control	1660	67238	0.0019962640887949	-1.098856869459279
P1_control	1661	16531	0.00200303668949	-1.096853832769789
P1_control	1662	272347	0.0020124316839244	-1.0948414010858645
P1_control	1663	78376	0.002033548423868	-1.0928078526619964
P1_control	1664	207792	0.0020363427770171	-1.0907715098849793
P1_control	1665	83433	0.0020365469274342	-1.0887349629575451
P1_control	1666	240354	0.0020420644380498	-1.0866928985194952
P1_control	1667	22021	0.0020536790568797	-1.0846392194626155
P1_control	1668	66083	0.0020612997524099	-1.0825779197102057
P1_control	1669	75750	0.0020643013905767	-1.0805136183196289
P1_control	1670	55963	0.0020655367115904	-1.0784480816080384
P1_control	1671	19342	0.0020821749921931	-1.0763659066158453
P1_control	1672	70574	0.0020894802575322	-1.074276426358313
P1_control	1673	193838	0.0021006308329099	-1.0721757955254032
P1_control	1674	245527	0.0021148050793869	-1.0700609904460163
P1_control	1675	18415	0.0021242559870771	-1.0679367344589392
P1_control	1676	114606	0.0021261668364877	-1.0658105676224514
P1_control	1677	14184	0.0021522205072391	-1.0636583471152123
P1_control	1678	68728	0.0021735518850008	-1.0614847952302116
P1_control	1679	67419	0.0021904579054728	-1.0592943373247388
P1_control	1680	56523	0.0021962281395323	-1.0570981091852065
P1_control	1681	241226	0.0022258617212432	-1.0548722474639634
P1_control	1682	71607	0.0022299752736062	-1.0526422721903572
P1_control	1683	20343	0.002248242412777	-1.0503940297775802
P1_control	1684	230514	0.0022556624518548	-1.0481383673257254
P1_control	1685	268860	0.0023159142778172	-1.045822453047908
P1_control	1686	319953	0.0023318977333509	-1.0434905553145573
P1_control	1687	56213	0.002335461545565	-1.0411550937689922
P1_control	1688	12166	0.0023379778518015	-1.0388171159171906
P1_control	1689	56527	0.0023703561571455	-1.036446759760045
P1_control	1690	217558	0.0023763928732598	-1.0340703668867852
P1_control	1691	23871	0.002386122700065	-1.0316842441867202
P1_control	1692	71699	0.0024212169113221	-1.0292630272753982
P1_control	1693	72948	0.0024500054752263	-1.0268130218001719
P1_control	1694	68799	0.0024613260246067	-1.0243516957755652
P1_control	1695	105727	0.0024681524792646	-1.0218835432963005
P1_control	1696	19703	0.0024694913994145	-1.019414051896886
P1_control	1697	194388	0.0025212050345489	-1.016892846862337
P1_control	1698	56017	0.0025611227343204	-1.0143317241280168
P1_control	1699	74241	0.0025667727790413	-1.0117649513489755
P1_control	1700	213208	0.0026110190346947	-1.0091539323142809
P1_control	1701	17189	0.002671746882984	-1.0064821854312969
P1_control	1702	229599	0.0026731224628851	-1.0038090629684118
P1_control	1703	12830	0.0026822324427205	-1.0011268305256913
P1_control	1704	224661	0.0026860427399017	-0.9984407877857896
P1_control	1705	20474	0.0026928677495318	-0.9957479200362578
P1_control	1706	20288	0.0026943113560749	-0.9930536086801829
P1_control	1707	11606	0.0026965135682481	-0.9903570951119348
P1_control	1708	66329	0.0027065244270286	-0.9876505706849062
P1_control	1709	13681	0.0027109278162186	-0.9849396428686876
P1_control	1710	54366	0.0027428920771399	-0.9821967507915478
P1_control	1711	14735	0.0027459927143028	-0.979450758077245
P1_control	1712	75782	0.0027734089499835	-0.9766773491272616
P1_control	1713	64705	0.0027828942423045	-0.9738944548849571
P1_control	1714	244653	0.0027975965511643	-0.9710968583337928
P1_control	1715	60594	0.002853529140955	-0.9682433291928377
P1_control	1716	234515	0.0028586556600087	-0.9653846735328291
P1_control	1717	17219	0.0028653289611033	-0.9625193445717258
P1_control	1718	109594	0.0028840501171189	-0.9596352944546069
P1_control	1719	226841	0.0028883995376893	-0.9567468949169177
P1_control	1720	56720	0.0028916344209142	-0.9538552604960034
P1_control	1721	68393	0.0029041962739244	-0.9509510642220791
P1_control	1722	21426	0.0029111826798574	-0.9480398815422217
P1_control	1723	71532	0.0029142292079603	-0.9451256523342615
P1_control	1724	20540	0.0029160310540765	-0.942209621280185
P1_control	1725	19696	0.0029395128620836	-0.9392701084181014
P1_control	1726	353502	0.0029420836607873	-0.9363280247573141
P1_control	1727	52588	0.002945415868809	-0.9333826088885051
P1_control	1728	14050	0.0029623034638429	-0.9304203054246623
P1_control	1729	209212	0.0029803202557247	-0.9274399851689376
P1_control	1730	14612	0.0030189860585454	-0.9244209991103921
P1_control	1731	74194	0.003021749568614	-0.9213992495417781
P1_control	1732	12986	0.0030493188922358	-0.9183499306495423
P1_control	1733	54698	0.0030559163588527	-0.9152940142906896
P1_control	1734	109245	0.0030759120863627	-0.9122181022043269
P1_control	1735	81006	0.0030967462753087	-0.9091213559290182
P1_control	1736	13838	0.003149084691666	-0.9059722712373522
P1_control	1737	232441	0.0032053899209359	-0.9027668813164164
P1_control	1738	56508	0.0032454145676899	-0.8995214667487265
P1_control	1739	227674	0.0032552716488869	-0.8962661950998395
P1_control	1740	94088	0.0033128832679856	-0.8929533118318539
P1_control	1741	16826	0.0033184024211695	-0.8896349094106843
P1_control	1742	14696	0.0033320560849446	-0.8863028533257398
P1_control	1743	12323	0.0033376307557318	-0.882965222570008
P1_control	1744	67963	0.0033741568872118	-0.8795910656827962
P1_control	1745	17390	0.0033748195192988	-0.8762162461634974
P1_control	1746	26922	0.0034259993139306	-0.8727902468495667
P1_control	1747	320204	0.0034275319641452	-0.8693627148854215
P1_control	1748	240518	0.0034709259113881	-0.8658917889740334
P1_control	1749	225266	0.0034952684336591	-0.8623965205403743
P1_control	1750	16162	0.0035117293414507	-0.8588847911989236
P1_control	1751	71911	0.0035144900326109	-0.8553703011663126
P1_control	1752	13603	0.003561314491761	-0.8518089866745516
P1_control	1753	78284	0.0036695793674564	-0.8481394073070952
P1_control	1754	68082	0.0037008704840148	-0.8444385368230805
P1_control	1755	171285	0.003746380681266	-0.8406921561418145
P1_control	1756	11307	0.0037752928513921	-0.8369168632904224
P1_control	1757	338362	0.0038397625462879	-0.8330771007441344
P1_control	1758	12818	0.0038744083772134	-0.829202692366921
P1_control	1759	217154	0.0038837996394338	-0.8253188927274873
P1_control	1760	231760	0.0039596403591258	-0.8213592523683615
P1_control	1761	192192	0.0039689400099632	-0.8173903123583983
P1_control	1762	83453	0.0041361847667516	-0.8132541275916467
P1_control	1763	230784	0.0041518462813383	-0.8091022813103085
P1_control	1764	72003	0.0041577874357726	-0.8049444938745359
P1_control	1765	56434	0.0041902970290342	-0.8007541968455018
P1_control	1766	59288	0.0042007568571541	-0.7965534399883476
P1_control	1767	94185	0.0042011350218689	-0.7923523049664787
P1_control	1768	116847	0.0042340164627391	-0.7881182885037396
P1_control	1769	67369	0.0042428717521404	-0.7838754167515991
P1_control	1770	15894	0.0042491190824253	-0.7796262976691738
P1_control	1771	68259	0.0043246260330188	-0.775301671636155
P1_control	1772	14919	0.0043317705172416	-0.7709699011189134
P1_control	1773	16797	0.0044214214219356	-0.7665484796969778
P1_control	1774	67739	0.0045302859549205	-0.7620181937420573
P1_control	1775	76142	0.0045957094924014	-0.7574224842496559
P1_control	1776	56399	0.0046079249223602	-0.7528145593272957
P1_control	1777	231207	0.0047155278666353	-0.7480990314606604
P1_control	1778	66464	0.0047531004337134	-0.743345931026947
P1_control	1779	15273	0.0048913544038691	-0.7384545766230779
P1_control	1780	58180	0.0049051035518865	-0.7335494730711914
P1_control	1781	14119	0.0049456456139669	-0.7286038274572245
P1_control	1782	208154	0.0049680077700815	-0.723635819687143
P1_control	1783	217935	0.0050155152020108	-0.7186203044851321
P1_control	1784	76491	0.0050425046998275	-0.7135777997853047
P1_control	1785	246104	0.005106440412052	-0.7084713593732527
P1_control	1786	231712	0.0051463936789845	-0.7033249656942682
P1_control	1787	110521	0.0051941935819489	-0.6981307721123192
P1_control	1788	269643	0.0053223053051624	-0.6928084668071568
P1_control	1789	53791	0.0053233726513011	-0.6874850941558557
P1_control	1790	78749	0.0054095280472203	-0.6820755661086354
P1_control	1791	225998	0.0055071887969927	-0.6765683773116427
P1_control	1792	230379	0.0055212621875307	-0.671047115124112
P1_control	1793	23923	0.0055218419340814	-0.6655252731900305
P1_control	1794	18762	0.0055595208055162	-0.6599657523845143
P1_control	1795	73668	0.0058027302479469	-0.6541630221365674
P1_control	1796	18585	0.005825020755433	-0.6483380013811344
P1_control	1797	16456	0.0058605381468389	-0.6424774632342956
P1_control	1798	12512	0.0058670851263419	-0.6366103781079536
P1_control	1799	242860	0.00590574771221	-0.6307046303957436
P1_control	1800	17342	0.0059260362778188	-0.6247785941179248
P1_control	1801	104458	0.0059735401167718	-0.618805054001153
P1_control	1802	76025	0.0059829493752333	-0.6128221046259198
P1_control	1803	71835	0.0060434640492716	-0.6067786405766482
P1_control	1804	58998	0.0061469388556051	-0.6006317017210431
P1_control	1805	100019	0.0061801084672725	-0.5944515932537706
P1_control	1806	27528	0.006231354929582	-0.5882202383241886
P1_control	1807	17880	0.0064387947159517	-0.5817814436082369
P1_control	1808	17117	0.0064756480272096	-0.5753057955810273
P1_control	1809	66269	0.0065692950262688	-0.5687365005547586
P1_control	1810	16889	0.0068671393627597	-0.5618693611919988
P1_control	1811	15212	0.0069799507788954	-0.5548894104131035
P1_control	1812	19736	0.0069835564031964	-0.5479058540099071
P1_control	1813	16008	0.0070046135646628	-0.5409012404452443
P1_control	1814	29856	0.0072196113265447	-0.5336816291186997
P1_control	1815	66336	0.0074531764091611	-0.5262284527095386
P1_control	1816	71310	0.0078209564737443	-0.5184074962357943
P1_control	1817	12398	0.0078655850598486	-0.5105419111759457
P1_control	1818	18294	0.0080141546008775	-0.5025277565750682
P1_control	1819	13040	0.0080894260372679	-0.4944383305378003
P1_control	1820	15277	0.0084640844768718	-0.4859742460609285
P1_control	1821	64918	0.0084997553338635	-0.477474490727065
P1_control	1822	319974	0.0088817748536104	-0.4685927158734546
P1_control	1823	229699	0.0089581514378813	-0.45963456443557327
P1_control	1824	29862	0.0094222241623449	-0.4502123402732284
P1_control	1825	17436	0.009524102115133	-0.4406882381580954
P1_control	1826	320438	0.0099028090609898	-0.4307854290971056
P1_control	1827	67848	0.010153186903033	-0.4206322421940726
P1_control	1828	12568	0.0104091196649283	-0.4102231225291443
P1_control	1829	12826	0.0108014227326749	-0.39942169979646935
P1_control	1830	214901	0.0109069360005014	-0.38851476379596794
P1_control	1831	67374	0.0111997495713823	-0.37731501422458563
P1_control	1832	16842	0.011652470026695	-0.3656625441978906
P1_control	1833	23805	0.0116570176682972	-0.35400552652959344
P1_control	1834	238271	0.0135552937181689	-0.34045023281142456
P1_control	1835	26903	0.0138754188030207	-0.3265748140084039
P1_control	1836	53422	0.0162231448144997	-0.31035166919390417
P1_control	1837	235587	0.016359586041561	-0.29399208315234315
P1_control	1838	68603	0.0206318268540014	-0.27336025629834176
P1_control	1839	13011	0.0358769214293096	-0.23748333486903217
P1_A485	1	100515	-0.0193580325688179	-0.0193580325688179
P1_A485	2	16601	-0.017290242005618	-0.036648274574435896
P1_A485	3	226830	-0.0138832739829025	-0.05053154855733839
P1_A485	4	216616	-0.0137658764376263	-0.06429742499496469
P1_A485	5	11932	-0.0132826334591711	-0.07758005845413579
P1_A485	6	108811	-0.0122691516783846	-0.0898492101325204
P1_A485	7	20512	-0.0114882470571115	-0.1013374571896319
P1_A485	8	107227	-0.0112319667117752	-0.1125694239014071
P1_A485	9	110446	-0.0110465625993654	-0.1236159865007725
P1_A485	10	100502698	-0.0107834374825587	-0.1343994239833312
P1_A485	11	217082	-0.01049545122728	-0.1448948752106112
P1_A485	12	70099	-0.0101705221385569	-0.1550653973491681
P1_A485	13	103711	-0.0097544882369594	-0.1648198855861275
P1_A485	14	225845	-0.0093546871973781	-0.17417457278350562
P1_A485	15	27060	-0.0092606401259414	-0.18343521290944703
P1_A485	16	93689	-0.0087331250198459	-0.19216833792929294
P1_A485	17	224008	-0.0084795956833803	-0.20064793361267325
P1_A485	18	18595	-0.0084014721298185	-0.20904940574249176
P1_A485	19	15507	-0.00834605962125	-0.21739546536374177
P1_A485	20	54598	-0.0079968868079668	-0.22539235217170855
P1_A485	21	242466	-0.0079401208187369	-0.23333247299044546
P1_A485	22	330171	-0.0079341126005689	-0.24126658559101435
P1_A485	23	14119	-0.007071719678134	-0.24833830526914835
P1_A485	24	242202	-0.007038276048467	-0.25537658131761537
P1_A485	25	93840	-0.0067024327714143	-0.26207901408902967
P1_A485	26	76917	-0.006578227071804	-0.26865724116083367
P1_A485	27	73884	-0.0065274714732483	-0.27518471263408195
P1_A485	28	217198	-0.0064788630866142	-0.28166357572069617
P1_A485	29	13032	-0.0063371166586271	-0.28800069237932324
P1_A485	30	74387	-0.0062789499128752	-0.29427964229219844
P1_A485	31	20692	-0.0062705080134355	-0.3005501503056339
P1_A485	32	227656	-0.0062496376076756	-0.30679978791330953
P1_A485	33	16570	-0.0061914241121321	-0.3129912120254416
P1_A485	34	15200	-0.0061183638147789	-0.31910957584022054
P1_A485	35	72486	-0.0060936452352376	-0.3252032210754581
P1_A485	36	83965	-0.0060878947737406	-0.33129111584919874
P1_A485	37	74186	-0.0058985040318199	-0.33718961988101864
P1_A485	38	235472	-0.0058063839553111	-0.3429960038363297
P1_A485	39	20229	-0.0057509849714513	-0.34874698880778104
P1_A485	40	12023	-0.0056921893998284	-0.35443917820760945
P1_A485	41	17153	-0.0056890220775706	-0.36012820028518006
P1_A485	42	93695	-0.0055770229320016	-0.36570522321718163
P1_A485	43	23985	-0.0053815474484402	-0.37108677066562185
P1_A485	44	69215	-0.0052722768057789	-0.37635904747140075
P1_A485	45	381101	-0.0052646757249731	-0.38162372319637383
P1_A485	46	58198	-0.0052530312413397	-0.3868767544377135
P1_A485	47	106564	-0.0052364365703971	-0.3921131910081106
P1_A485	48	54698	-0.005221571300901	-0.3973347623090116
P1_A485	49	330812	-0.0051672923803089	-0.4025020546893205
P1_A485	50	14605	-0.0051511355494574	-0.4076531902387779
P1_A485	51	16450	-0.0050846989357031	-0.412737889174481
P1_A485	52	54353	-0.005082797722497	-0.417820686896978
P1_A485	53	18976	-0.0050059349433775	-0.42282662184035547
P1_A485	54	108699	-0.0049912007320201	-0.42781782257237555
P1_A485	55	12294	-0.0049761541308504	-0.43279397670322595
P1_A485	56	11513	-0.0049591690705351	-0.43775314577376107
P1_A485	57	227094	-0.0049056516095052	-0.44265879738326624
P1_A485	58	17873	-0.0048601838001927	-0.44751898118345895
P1_A485	59	100705	-0.0047605145936792	-0.45227949577713816
P1_A485	60	20350	-0.0047239504260615	-0.45700344620319966
P1_A485	61	11881	-0.0046991664166887	-0.4617026126198884
P1_A485	62	13685	-0.0046923480121469	-0.4663949606320353
P1_A485	63	212547	-0.0046064417263888	-0.4710014023584241
P1_A485	64	71228	-0.0045216465674264	-0.47552304892585046
P1_A485	65	14114	-0.0044734998250573	-0.47999654875090775
P1_A485	66	72825	-0.0044642382992206	-0.48446078705012835
P1_A485	67	629499	-0.0044458748789084	-0.48890666192903676
P1_A485	68	241070	-0.0044121715310377	-0.49331883346007444
P1_A485	69	22371	-0.0043409092247459	-0.4976597426848203
P1_A485	70	338370	-0.0042307935276419	-0.5018905362124623
P1_A485	71	12902	-0.0041310845024499	-0.5060216207149122
P1_A485	72	50490	-0.0041282688005667	-0.5101498895154789
P1_A485	73	69487	-0.0041269024039853	-0.5142767919194642
P1_A485	74	237711	-0.0041206195991746	-0.5183974115186388
P1_A485	75	12519	-0.0041159810880539	-0.5225133926066927
P1_A485	76	116939	-0.0040436466262643	-0.526557039232957
P1_A485	77	83603	-0.0040137366506384	-0.5305707758835955
P1_A485	78	16997	-0.0039987322884526	-0.5345695081720481
P1_A485	79	140742	-0.0039779463777608	-0.5385474545498089
P1_A485	80	101502	-0.0039522925915853	-0.5424997471413942
P1_A485	81	54326	-0.0039417285897458	-0.54644147573114
P1_A485	82	170706	-0.0038976337219305	-0.5503391094530705
P1_A485	83	22422	-0.0038802225735291	-0.5542193320265996
P1_A485	84	330189	-0.003773253388863	-0.5579925854154626
P1_A485	85	20907	-0.0037526962875326	-0.5617452817029952
P1_A485	86	13139	-0.0036750979734437	-0.5654203796764389
P1_A485	87	16891	-0.0036742001787249	-0.5690945798551638
P1_A485	88	66522	-0.0036530759796249	-0.5727476558347887
P1_A485	89	18164	-0.0036437443452674	-0.5763914001800561
P1_A485	90	13631	-0.003624942556804	-0.5800163427368601
P1_A485	91	64660	-0.0036116212940274	-0.5836279640308875
P1_A485	92	66614	-0.0035865297186926	-0.58721449374958
P1_A485	93	16431	-0.0035593503896488	-0.5907738441392288
P1_A485	94	228852	-0.0035223916201927	-0.5942962357594216
P1_A485	95	76884	-0.0035109364965449	-0.5978071722559665
P1_A485	96	100048534	-0.0034980700109355	-0.601305242266902
P1_A485	97	53619	-0.0034445074246357	-0.6047497496915376
P1_A485	98	66336	-0.0034069370798854	-0.608156686771423
P1_A485	99	214685	-0.0034015576451952	-0.6115582444166182
P1_A485	100	22695	-0.0033969116011437	-0.614955156017762
P1_A485	101	72948	-0.0032911697453927	-0.6182463257631546
P1_A485	102	213435	-0.0032544395742484	-0.6215007653374031
P1_A485	103	14313	-0.003231735938951	-0.624732501276354
P1_A485	104	84095	-0.0032162273373832	-0.6279487286137373
P1_A485	105	12826	-0.0032099127744552	-0.6311586413881924
P1_A485	106	19173	-0.0032061391464446	-0.6343647805346371
P1_A485	107	107448	-0.0032041123395988	-0.6375688928742359
P1_A485	108	75869	-0.0031838078971852	-0.6407527007714211
P1_A485	109	116838	-0.0031649126042038	-0.6439176133756249
P1_A485	110	14681	-0.0031561068418532	-0.6470737202174781
P1_A485	111	194655	-0.0031229299337817	-0.6501966501512598
P1_A485	112	20500	-0.0031078682195734	-0.6533045183708333
P1_A485	113	19713	-0.0031074656496418	-0.6564119840204751
P1_A485	114	26939	-0.003071905182716	-0.6594838892031911
P1_A485	115	68067	-0.0030381531166932	-0.6625220423198843
P1_A485	116	70350	-0.0029946821530759	-0.6655167244729602
P1_A485	117	67669	-0.0029847140366493	-0.6685014385096095
P1_A485	118	26949	-0.0029563310964826	-0.6714577696060922
P1_A485	119	230379	-0.0029534318252851	-0.6744112014313772
P1_A485	120	243755	-0.0029466972688854	-0.6773578987002626
P1_A485	121	546611	-0.0029409643459153	-0.6802988630461779
P1_A485	122	14766	-0.0029003326672932	-0.6831991957134711
P1_A485	123	29817	-0.0028994350001312	-0.6860986307136023
P1_A485	124	338365	-0.0028974750702332	-0.6889961057838355
P1_A485	125	11717	-0.0028667193304619	-0.6918628251142974
P1_A485	126	226255	-0.0028405834959403	-0.6947034086102377
P1_A485	127	76527	-0.0028399932077702	-0.6975434018180079
P1_A485	128	12972	-0.002837841447222	-0.7003812432652299
P1_A485	129	229658	-0.0028299816207428	-0.7032112248859727
P1_A485	130	21334	-0.0028232550787602	-0.7060344799647329
P1_A485	131	20528	-0.0028186305596774	-0.7088531105244102
P1_A485	132	208795	-0.0028139674181325	-0.7116670779425427
P1_A485	133	242509	-0.0028049368871376	-0.7144720148296803
P1_A485	134	58206	-0.0027914009230888	-0.7172634157527691
P1_A485	135	74513	-0.0027891074947943	-0.7200525232475634
P1_A485	136	109294	-0.0027806420469706	-0.722833165294534
P1_A485	137	24001	-0.0027162078996639	-0.7255493731941979
P1_A485	138	192187	-0.0026961748680069	-0.7282455480622048
P1_A485	139	98256	-0.0026858861166343	-0.7309314341788391
P1_A485	140	59126	-0.0026779564730605	-0.7336093906518996
P1_A485	141	11601	-0.0026612937054245	-0.736270684357324
P1_A485	142	74895	-0.0026256889631821	-0.7388963733205061
P1_A485	143	218440	-0.0026111246448849	-0.741507497965391
P1_A485	144	52463	-0.0026085284614252	-0.7441160264268162
P1_A485	145	207495	-0.0026031832944516	-0.7467192097212678
P1_A485	146	74020	-0.0025995534120615	-0.7493187631333293
P1_A485	147	16870	-0.0025954727479422	-0.7519142358812716
P1_A485	148	14420	-0.002568344741284	-0.7544825806225556
P1_A485	149	15945	-0.0025272849451685	-0.7570098655677241
P1_A485	150	72017	-0.0025065357392401	-0.7595164013069642
P1_A485	151	353282	-0.0024940076766858	-0.76201040898365
P1_A485	152	18553	-0.0024509001556447	-0.7644613091392948
P1_A485	153	54561	-0.0024484956061146	-0.7669098047454094
P1_A485	154	12903	-0.0024303656357522	-0.7693401703811615
P1_A485	155	104943	-0.0024263532183332	-0.7717665235994947
P1_A485	156	16525	-0.0024117554545617	-0.7741782790540565
P1_A485	157	93835	-0.0023958545436936	-0.7765741335977501
P1_A485	158	227394	-0.0023936203085109	-0.7789677539062609
P1_A485	159	22228	-0.0023846718020818	-0.7813524257083427
P1_A485	160	110310	-0.0023810837828922	-0.7837335094912349
P1_A485	161	67138	-0.0023533162765574	-0.7860868257677923
P1_A485	162	68039	-0.0023182803478753	-0.7884051061156676
P1_A485	163	76267	-0.0023097147034832	-0.7907148208191508
P1_A485	164	245527	-0.0022680257881509	-0.7929828466073017
P1_A485	165	245049	-0.0022405407894648	-0.7952233873967665
P1_A485	166	665563	-0.0022393489686325	-0.797462736365399
P1_A485	167	245269	-0.0021886142024837	-0.7996513505678827
P1_A485	168	21356	-0.0021523138850286	-0.8018036644529113
P1_A485	169	245684	-0.002146397579263	-0.8039500620321743
P1_A485	170	68631	-0.0021390045079883	-0.8060890665401627
P1_A485	171	14419	-0.0021323614659849	-0.8082214280061476
P1_A485	172	58994	-0.0021285062797231	-0.8103499342858707
P1_A485	173	64706	-0.0021168834650116	-0.8124668177508823
P1_A485	174	109660	-0.0021166766757139	-0.8145834944265962
P1_A485	175	245555	-0.0020752199107743	-0.8166587143373705
P1_A485	176	14595	-0.0020626911242084	-0.8187214054615789
P1_A485	177	170768	-0.0020437252926148	-0.8207651307541937
P1_A485	178	55927	-0.0020430544554634	-0.822808185209657
P1_A485	179	100978	-0.002026844841617	-0.824835030051274
P1_A485	180	56526	-0.0020170934982084	-0.8268521235494825
P1_A485	181	66673	-0.001995456698647	-0.8288475802481294
P1_A485	182	58223	-0.00197362381492	-0.8308212040630494
P1_A485	183	21935	-0.0019725350295112	-0.8327937390925606
P1_A485	184	109242	-0.0019715893820878	-0.8347653284746483
P1_A485	185	16011	-0.0019706039874705	-0.8367359324621189
P1_A485	186	12850	-0.0019692022388464	-0.8387051347009653
P1_A485	187	241525	-0.0019654060662017	-0.840670540767167
P1_A485	188	207521	-0.0019644122975047	-0.8426349530646716
P1_A485	189	22342	-0.0019575437922663	-0.8445924968569379
P1_A485	190	18616	-0.0019564614772349	-0.8465489583341729
P1_A485	191	93888	-0.0019551170370203	-0.8485040753711932
P1_A485	192	20393	-0.0019548832152293	-0.8504589585864225
P1_A485	193	16956	-0.0019469800764421	-0.8524059386628646
P1_A485	194	67512	-0.0019436360789934	-0.854349574741858
P1_A485	195	228775	-0.0019191684475902	-0.8562687431894482
P1_A485	196	207565	-0.0019078194298864	-0.8581765626193346
P1_A485	197	18162	-0.0019012069120205	-0.8600777695313551
P1_A485	198	216560	-0.0018920525848467	-0.8619698221162018
P1_A485	199	54381	-0.001885082333817	-0.8638549044500188
P1_A485	200	12477	-0.0018740775279117	-0.8657289819779305
P1_A485	201	76459	-0.001848070575979	-0.8675770525539095
P1_A485	202	382045	-0.0018438479881747	-0.8694209005420842
P1_A485	203	63954	-0.0018329682486299	-0.8712538687907141
P1_A485	204	223864	-0.001822797309289	-0.8730766661000031
P1_A485	205	72042	-0.0018204734372091	-0.8748971395372123
P1_A485	206	18933	-0.0018181603158131	-0.8767152998530253
P1_A485	207	77577	-0.0017912125529341	-0.8785065124059594
P1_A485	208	77579	-0.0017898367854694	-0.8802963491914289
P1_A485	209	53418	-0.0017864079594226	-0.8820827571508515
P1_A485	210	27528	-0.0017839555705296	-0.8838667127213811
P1_A485	211	100072	-0.0017809153659396	-0.8856476280873207
P1_A485	212	21802	-0.0017599873874908	-0.8874076154748115
P1_A485	213	15505	-0.0017595548959121	-0.8891671703707236
P1_A485	214	18441	-0.0017568850697135	-0.8909240554404371
P1_A485	215	232560	-0.0017512797724047	-0.8926753352128418
P1_A485	216	71766	-0.0017422981869478	-0.8944176333997896
P1_A485	217	329941	-0.001734528961808	-0.8961521623615977
P1_A485	218	75345	-0.0017327360686431	-0.8978848984302408
P1_A485	219	50915	-0.0017190857713035	-0.8996039842015443
P1_A485	220	268567	-0.0017182664017912	-0.9013222506033355
P1_A485	221	235041	-0.0017143424935875	-0.903036593096923
P1_A485	222	14120	-0.0017083057925007	-0.9047448988894237
P1_A485	223	14961	-0.0017072600232151	-0.9064521589126388
P1_A485	224	13809	-0.0016992022081464	-0.9081513611207852
P1_A485	225	15442	-0.0016831664155427	-0.9098345275363279
P1_A485	226	27762	-0.0016640575365586	-0.9114985850728865
P1_A485	227	75590	-0.0016558482225242	-0.9131544332954107
P1_A485	228	13195	-0.0016367283120137	-0.9147911616074244
P1_A485	229	13867	-0.0016312404271477	-0.916422402034572
P1_A485	230	72404	-0.0015943773506006	-0.9180167793851727
P1_A485	231	232035	-0.0015863278982264	-0.9196031072833991
P1_A485	232	71839	-0.0015778421643085	-0.9211809494477076
P1_A485	233	22393	-0.0015618521049738	-0.9227428015526814
P1_A485	234	108159	-0.0015515873248843	-0.9242943888775657
P1_A485	235	209584	-0.001551461987996	-0.9258458508655617
P1_A485	236	74100	-0.0015494925440848	-0.9273953434096465
P1_A485	237	77065	-0.0015470209842293	-0.9289423643938758
P1_A485	238	108797	-0.0015319114841952	-0.930474275878071
P1_A485	239	76787	-0.00153027119364	-0.932004547071711
P1_A485	240	67795	-0.0015248262213705	-0.9335293732930815
P1_A485	241	109254	-0.0015237473415129	-0.9350531206345944
P1_A485	242	22042	-0.0015196572833711	-0.9365727779179656
P1_A485	243	71648	-0.0015193694083037	-0.9380921473262692
P1_A485	244	78134	-0.0015139172775977	-0.939606064603867
P1_A485	245	16400	-0.0015026989585164	-0.9411087635623834
P1_A485	246	242297	-0.0014994061250555	-0.9426081696874389
P1_A485	247	218772	-0.0014958054859838	-0.9441039751734227
P1_A485	248	18791	-0.0014766644497176	-0.9455806396231403
P1_A485	249	20343	-0.0014729547474116	-0.9470535943705519
P1_A485	250	13841	-0.0014667799714691	-0.948520374342021
P1_A485	251	67168	-0.0014602565299652	-0.9499806308719861
P1_A485	252	74194	-0.0014555386263079	-0.951436169498294
P1_A485	253	14251	-0.0014550905178134	-0.9528912600161075
P1_A485	254	12810	-0.001454345133172	-0.9543456051492795
P1_A485	255	17897	-0.0014474039476794	-0.9557930090969589
P1_A485	256	67728	-0.001438867190702	-0.9572318762876608
P1_A485	257	20856	-0.0014277028921687	-0.9586595791798295
P1_A485	258	272465	-0.0014276972326697	-0.9600872764124991
P1_A485	259	13643	-0.0014248022134633	-0.9615120786259624
P1_A485	260	12971	-0.0014094121734829	-0.9629214907994453
P1_A485	261	320865	-0.0014046236615207	-0.964326114460966
P1_A485	262	66416	-0.0013860817529682	-0.9657121962139342
P1_A485	263	102545	-0.0013848574529158	-0.9670970536668501
P1_A485	264	320139	-0.0013707306348275	-0.9684677843016776
P1_A485	265	110075	-0.0013605840179773	-0.9698283683196549
P1_A485	266	78177	-0.001359909464312	-0.9711882777839669
P1_A485	267	20613	-0.0013523269213944	-0.9725406047053613
P1_A485	268	240261	-0.0013358790713923	-0.9738764837767536
P1_A485	269	218271	-0.0013192815372202	-0.9751957653139738
P1_A485	270	216292	-0.0013128002407949	-0.9765085655547687
P1_A485	271	231724	-0.0013074906480156	-0.9778160562027843
P1_A485	272	245945	-0.0013042272713388	-0.9791202834741232
P1_A485	273	432530	-0.00125908589357	-0.9803793693676932
P1_A485	274	213484	-0.0012530950372717	-0.9816324644049649
P1_A485	275	171531	-0.0012525462006339	-0.9828850106055987
P1_A485	276	16971	-0.0012457523318765	-0.9841307629374753
P1_A485	277	13058	-0.0012410701602148	-0.98537183309769
P1_A485	278	107587	-0.0012367972237021	-0.9866086303213921
P1_A485	279	240752	-0.0012363942821544	-0.9878450246035465
P1_A485	280	66169	-0.0012352604620413	-0.9890802850655878
P1_A485	281	16776	-0.0012093295888631	-0.9902896146544509
P1_A485	282	244058	-0.0012090728509193	-0.9914986875053702
P1_A485	283	224938	-0.0012082361817294	-0.9927069236870996
P1_A485	284	19659	-0.0012054207179797	-0.9939123444050793
P1_A485	285	12038	-0.0011946565559989	-0.9951070009610782
P1_A485	286	59083	-0.0011847381754761	-0.9962917391365543
P1_A485	287	73683	-0.0011728448336042	-0.9974645839701586
P1_A485	288	54609	-0.0011716630670612	-0.9986362470372198
P1_A485	289	381379	-0.001154965212899	-0.9997912122501188
P1_A485	290	21987	-0.001154139005715	-1.0009453512558337
P1_A485	291	140488	-0.001149801576552	-1.0020951528323858
P1_A485	292	65964	-0.0011470663872003	-1.003242219219586
P1_A485	293	226591	-0.0011367498699645	-1.0043789690895506
P1_A485	294	22359	-0.0011301718799537	-1.0055091409695043
P1_A485	295	52009	-0.0011266506694655	-1.0066357916389699
P1_A485	296	14536	-0.001125497051008	-1.0077612886899778
P1_A485	297	14773	-0.001124893905522	-1.0088861825954998
P1_A485	298	240185	-0.0011040077826779	-1.0099901903781776
P1_A485	299	14919	-0.0010943464589506	-1.0110845368371282
P1_A485	300	104156	-0.0010703585502595	-1.0121548953873878
P1_A485	301	110962	-0.0010611505721502	-1.013216045959538
P1_A485	302	110417	-0.0010483728612953	-1.0142644188208334
P1_A485	303	13175	-0.0010474531103467	-1.01531187193118
P1_A485	304	17196	-0.001043953030285	-1.016355824961465
P1_A485	305	12494	-0.0010414047596633	-1.0173972297211282
P1_A485	306	26556	-0.0010381141880452	-1.0184353439091733
P1_A485	307	12142	-0.0010302143525828	-1.0194655582617562
P1_A485	308	71913	-0.0010165217259452	-1.0204820799877015
P1_A485	309	75690	-0.0010119406792145	-1.0214940206669159
P1_A485	310	231050	-0.0010115898042046	-1.0225056104711205
P1_A485	311	14012	-0.0010008150610498	-1.0235064255321704
P1_A485	312	22249	-0.0009943385632768	-1.0245007640954473
P1_A485	313	238257	-0.000994019656319	-1.0254947837517663
P1_A485	314	13363	-0.0009889512909083	-1.0264837350426745
P1_A485	315	52585	-0.0009846169698381	-1.0274683520125127
P1_A485	316	66329	-0.000976180501986	-1.0284445325144986
P1_A485	317	66591	-0.000970740707499	-1.0294152732219977
P1_A485	318	55985	-0.0009685780038697	-1.0303838512258674
P1_A485	319	74147	-0.0009683168321799	-1.0313521680580473
P1_A485	320	102871	-0.0009646957840178	-1.032316863842065
P1_A485	321	229599	-0.0009604897612228	-1.0332773536032878
P1_A485	322	381217	-0.0009599708050127	-1.0342373244083005
P1_A485	323	23882	-0.0009532892928568	-1.0351906137011573
P1_A485	324	239188	-0.0009492226598048	-1.0361398363609622
P1_A485	325	67758	-0.0009406344994231	-1.0370804708603854
P1_A485	326	17219	-0.0009229460676614	-1.0380034169280468
P1_A485	327	70779	-0.0009226590525563	-1.0389260759806032
P1_A485	328	73852	-0.0009134697786332	-1.0398395457592364
P1_A485	329	18823	-0.000903586002909	-1.0407431317621454
P1_A485	330	75597	-0.0008972732245235	-1.041640404986669
P1_A485	331	109205	-0.0008942589963808	-1.0425346639830497
P1_A485	332	27660	-0.0008934848773612	-1.043428148860411
P1_A485	333	30059	-0.0008925801500605	-1.0443207290104715
P1_A485	334	78892	-0.0008822485125138	-1.0452029775229852
P1_A485	335	329502	-0.0008819365205064	-1.0460849140434916
P1_A485	336	226791	-0.0008754374451333	-1.046960351488625
P1_A485	337	12373	-0.0008725035730285	-1.0478328550616536
P1_A485	338	108899	-0.0008686124878947	-1.0487014675495483
P1_A485	339	245595	-0.0008651958905888	-1.049566663440137
P1_A485	340	53321	-0.000863887451079	-1.050430550891216
P1_A485	341	19220	-0.0008587448718731	-1.051289295763089
P1_A485	342	72776	-0.0008556458838584	-1.0521449416469475
P1_A485	343	13497	-0.0008489421002622	-1.0529938837472097
P1_A485	344	21942	-0.0008446259236992	-1.0538385096709089
P1_A485	345	19099	-0.0008442969946397	-1.0546828066655485
P1_A485	346	20216	-0.0008245888256952	-1.0555073954912437
P1_A485	347	622434	-0.0008239422086199	-1.0563313376998635
P1_A485	348	210356	-0.0008181089909505	-1.057149446690814
P1_A485	349	54366	-0.0008172326741524	-1.0579666793649665
P1_A485	350	242585	-0.0008162470071008	-1.0587829263720672
P1_A485	351	68259	-0.0008153920110048	-1.059598318383072
P1_A485	352	100040591	-0.0008150700886487	-1.0604133884717206
P1_A485	353	67198	-0.0008150612370493	-1.0612284497087698
P1_A485	354	240058	-0.0008142847027061	-1.062042734411476
P1_A485	355	223435	-0.0008084290457829	-1.0628511634572588
P1_A485	356	73668	-0.0008037625198408	-1.0636549259770995
P1_A485	357	15490	-0.0007995759102323	-1.064454501887332
P1_A485	358	217203	-0.0007942791787206	-1.0652487810660525
P1_A485	359	23850	-0.000788626738856	-1.0660374078049084
P1_A485	360	101497	-0.000780554839456	-1.0668179626443643
P1_A485	361	11554	-0.0007752664927905	-1.0675932291371548
P1_A485	362	219228	-0.0007646316949736	-1.0683578608321285
P1_A485	363	214137	-0.0007551004235807	-1.069112961255709
P1_A485	364	64293	-0.0007524745285983	-1.0698654357843074
P1_A485	365	94185	-0.0007332528052015	-1.070598688589509
P1_A485	366	240023	-0.0007311063223414	-1.0713297949118503
P1_A485	367	76217	-0.0007044493627026	-1.072034244274553
P1_A485	368	73407	-0.0007041616181556	-1.0727384058927085
P1_A485	369	13170	-0.0007013042427451	-1.0734397101354536
P1_A485	370	67480	-0.0006982860180451	-1.0741379961534987
P1_A485	371	66972	-0.0006945113557264	-1.074832507509225
P1_A485	372	74694	-0.0006900236489831	-1.0755225311582082
P1_A485	373	268297	-0.0006865510649855	-1.0762090822231938
P1_A485	374	170737	-0.0006844657406774	-1.0768935479638713
P1_A485	375	236904	-0.0006754429319885	-1.0775689908958597
P1_A485	376	66902	-0.000673382243636	-1.0782423731394957
P1_A485	377	107513	-0.0006714696172931	-1.0789138427567888
P1_A485	378	18779	-0.0006708702041773	-1.0795847129609661
P1_A485	379	12183	-0.0006684428964396	-1.0802531558574058
P1_A485	380	19225	-0.0006619836010726	-1.0809151394584784
P1_A485	381	116837	-0.0006534883474992	-1.0815686278059775
P1_A485	382	239554	-0.0006503629024148	-1.0822189907083923
P1_A485	383	74182	-0.0006489337961812	-1.0828679245045736
P1_A485	384	231130	-0.0006424845976811	-1.0835104091022547
P1_A485	385	21847	-0.0006394594712972	-1.084149868573552
P1_A485	386	214106	-0.0006385011510647	-1.0847883697246168
P1_A485	387	140577	-0.0006347235043221	-1.0854230932289388
P1_A485	388	15902	-0.0006177631230305	-1.0860408563519692
P1_A485	389	321007	-0.000616568351892	-1.0866574247038612
P1_A485	390	384061	-0.0006146703618058	-1.087272095065667
P1_A485	391	76566	-0.0006126673269655	-1.0878847623926324
P1_A485	392	72301	-0.0006041953100585	-1.0884889577026908
P1_A485	393	17380	-0.0005885413756095	-1.0890774990783003
P1_A485	394	231503	-0.0005827608000196	-1.0896602598783198
P1_A485	395	110385	-0.0005778056568853	-1.090238065535205
P1_A485	396	230514	-0.0005744854162335	-1.0908125509514386
P1_A485	397	15368	-0.0005731625892548	-1.0913857135406935
P1_A485	398	11496	-0.0005709327847648	-1.0919566463254582
P1_A485	399	213760	-0.0005704303281799	-1.0925270766536381
P1_A485	400	100061	-0.0005672547298121	-1.0930943313834502
P1_A485	401	12307	-0.0005570850174901	-1.0936514164009403
P1_A485	402	12842	-0.0005526862698424	-1.0942041026707827
P1_A485	403	235402	-0.0005515702232364	-1.094755672894019
P1_A485	404	52906	-0.0005511585433466	-1.0953068314373657
P1_A485	405	20893	-0.0005507283509445	-1.0958575597883102
P1_A485	406	271786	-0.0005492388530044	-1.0964067986413146
P1_A485	407	12448	-0.0005464364566151	-1.0969532350979296
P1_A485	408	228730	-0.0005347354300187	-1.0974879705279483
P1_A485	409	27056	-0.0005260026102616	-1.09801397313821
P1_A485	410	19130	-0.0005192754351576	-1.0985332485733674
P1_A485	411	319582	-0.0005167113560065	-1.099049959929374
P1_A485	412	102502	-0.0005164119245133	-1.0995663718538873
P1_A485	413	232976	-0.0005125141785118	-1.1000788860323991
P1_A485	414	21940	-0.0005064515797501	-1.1005853376121493
P1_A485	415	269774	-0.0005034320045196	-1.101088769616669
P1_A485	416	71755	-0.0005020040086621	-1.101590773625331
P1_A485	417	211712	-0.0005012865711239	-1.1020920601964548
P1_A485	418	381511	-0.0004999880887816	-1.1025920482852363
P1_A485	419	75593	-0.0004982361336136	-1.10309028441885
P1_A485	420	20354	-0.0004946359007972	-1.103584920319647
P1_A485	421	75568	-0.0004934426538206	-1.1040783629734676
P1_A485	422	224674	-0.0004890719525959	-1.1045674349260635
P1_A485	423	330286	-0.0004850129209922	-1.1050524478470556
P1_A485	424	240913	-0.0004842057859974	-1.105536653633053
P1_A485	425	22785	-0.0004812331450681	-1.1060178867781212
P1_A485	426	70546	-0.0004795993429808	-1.1064974861211019
P1_A485	427	68070	-0.00047319273234	-1.106970678853442
P1_A485	428	66824	-0.0004667041558643	-1.1074373830093063
P1_A485	429	54720	-0.0004574290010947	-1.107894812010401
P1_A485	430	74666	-0.0004568895016665	-1.1083517015120676
P1_A485	431	13400	-0.0004566559376211	-1.1088083574496888
P1_A485	432	12795	-0.0004517219670652	-1.109260079416754
P1_A485	433	74464	-0.0004510419942681	-1.109711121411022
P1_A485	434	209032	-0.0004504502696907	-1.1101615716807127
P1_A485	435	272347	-0.0004470622704563	-1.110608633951169
P1_A485	436	68479	-0.000445493124683	-1.1110541270758518
P1_A485	437	20656	-0.0004405960037455	-1.1114947230795973
P1_A485	438	70951	-0.0004344896358385	-1.1119292127154359
P1_A485	439	105171	-0.0004288156900828	-1.1123580284055188
P1_A485	440	16438	-0.0004253486964982	-1.112783377102017
P1_A485	441	14763	-0.0004241365305744	-1.1132075136325914
P1_A485	442	225825	-0.0004168280545959	-1.1136243416871874
P1_A485	443	12162	-0.0004140998837032	-1.1140384415708906
P1_A485	444	19204	-0.0004104903455448	-1.1144489319164355
P1_A485	445	21664	-0.0004082787165167	-1.1148572106329522
P1_A485	446	21652	-0.0004079966913006	-1.1152652073242528
P1_A485	447	72585	-0.0004079604608106	-1.1156731677850635
P1_A485	448	67178	-0.0003933583234549	-1.1160665261085185
P1_A485	449	232223	-0.0003904717234148	-1.1164569978319334
P1_A485	450	218341	-0.0003899767288825	-1.1168469745608158
P1_A485	451	67295	-0.0003870382406641	-1.11723401280148
P1_A485	452	68440	-0.0003833124439406	-1.1176173252454205
P1_A485	453	83946	-0.0003795506599936	-1.117996875905414
P1_A485	454	320633	-0.0003788320118916	-1.1183757079173056
P1_A485	455	66953	-0.0003786909806936	-1.118754398897999
P1_A485	456	170799	-0.0003746007667753	-1.1191289996647744
P1_A485	457	18413	-0.0003736112262134	-1.1195026108909878
P1_A485	458	53328	-0.0003728016798361	-1.119875412570824
P1_A485	459	109620	-0.0003726606666943	-1.1202480732375182
P1_A485	460	20516	-0.0003703175403896	-1.1206183907779077
P1_A485	461	68393	-0.0003697879797602	-1.1209881787576679
P1_A485	462	12227	-0.0003693767526339	-1.1213575555103017
P1_A485	463	12287	-0.0003683609468344	-1.121725916457136
P1_A485	464	14823	-0.0003683175394663	-1.1220942339966022
P1_A485	465	66421	-0.0003636200372815	-1.1224578540338837
P1_A485	466	544963	-0.0003612258788835	-1.122819079912767
P1_A485	467	320343	-0.0003599897710962	-1.1231790696838633
P1_A485	468	226409	-0.000357566120935	-1.1235366358047982
P1_A485	469	384214	-0.0003561291066283	-1.1238927649114265
P1_A485	470	11927	-0.0003515862685467	-1.1242443511799733
P1_A485	471	219114	-0.0003508747468028	-1.1245952259267762
P1_A485	472	74386	-0.0003479303087539	-1.12494315623553
P1_A485	473	208213	-0.000334074344337	-1.125277230579867
P1_A485	474	58226	-0.000333605176475	-1.1256108357563421
P1_A485	475	16535	-0.0003328869582769	-1.125943722714619
P1_A485	476	13869	-0.0003320544391263	-1.1262757771537453
P1_A485	477	56737	-0.0003317710262927	-1.126607548180038
P1_A485	478	22640	-0.0003292993281412	-1.1269368475081791
P1_A485	479	18526	-0.0003281591934725	-1.1272650067016516
P1_A485	480	68801	-0.0003264878071338	-1.1275914945087855
P1_A485	481	78412	-0.0003260714880126	-1.1279175659967982
P1_A485	482	23876	-0.000325871182722	-1.1282434371795202
P1_A485	483	54650	-0.0003200286071769	-1.1285634657866972
P1_A485	484	140571	-0.0003179767641635	-1.1288814425508606
P1_A485	485	328365	-0.0003152834626151	-1.1291967260134756
P1_A485	486	70423	-0.0003141333794953	-1.129510859392971
P1_A485	487	19260	-0.000305171174894	-1.129816030567865
P1_A485	488	232333	-0.0003033586229337	-1.1301193891907988
P1_A485	489	72902	-0.0003030806821226	-1.1304224698729215
P1_A485	490	208228	-0.0003030028018908	-1.1307254726748124
P1_A485	491	12482	-0.0003020583802293	-1.1310275310550417
P1_A485	492	211228	-0.0002998493499291	-1.1313273804049708
P1_A485	493	66526	-0.0002979680382182	-1.131625348443189
P1_A485	494	241494	-0.000296549061734	-1.131921897504923
P1_A485	495	14613	-0.0002943093521407	-1.1322162068570638
P1_A485	496	16591	-0.0002941686685953	-1.1325103755256591
P1_A485	497	22779	-0.0002920482751183	-1.1328024238007774
P1_A485	498	20449	-0.0002854424657453	-1.1330878662665227
P1_A485	499	18974	-0.0002821953202387	-1.1333700615867615
P1_A485	500	11352	-0.0002784610556462	-1.1336485226424076
P1_A485	501	26377	-0.0002784072819073	-1.1339269299243149
P1_A485	502	69219	-0.0002759152795185	-1.1342028452038333
P1_A485	503	56358	-0.0002758838471167	-1.13447872905095
P1_A485	504	228778	-0.000272559374633	-1.134751288425583
P1_A485	505	14281	-0.0002722440657434	-1.1350235324913265
P1_A485	506	77034	-0.0002678992786608	-1.1352914317699874
P1_A485	507	634731	-0.0002630322535503	-1.1355544640235378
P1_A485	508	23792	-0.0002615197982146	-1.1358159838217523
P1_A485	509	104271	-0.000260735663687	-1.1360767194854393
P1_A485	510	101685	-0.0002538519836483	-1.1363305714690877
P1_A485	511	13850	-0.0002527739509386	-1.1365833454200263
P1_A485	512	27276	-0.0002495176947144	-1.1368328631147406
P1_A485	513	14268	-0.0002469099261967	-1.1370797730409374
P1_A485	514	22029	-0.0002442375625817	-1.1373240106035192
P1_A485	515	103967	-0.0002431481112167	-1.1375671587147358
P1_A485	516	17381	-0.0002424872534373	-1.137809645968173
P1_A485	517	57340	-0.0002415424952428	-1.138051188463416
P1_A485	518	240518	-0.0002358900381532	-1.138287078501569
P1_A485	519	216527	-0.0002321827395705	-1.1385192612411397
P1_A485	520	19087	-0.0002306469294481	-1.1387499081705879
P1_A485	521	99512	-0.0002231176078894	-1.1389730257784771
P1_A485	522	72415	-0.0002196306167679	-1.139192656395245
P1_A485	523	21789	-0.0002191852885358	-1.1394118416837808
P1_A485	524	665113	-0.0002174635098617	-1.1396293051936426
P1_A485	525	242700	-0.0002131307647819	-1.1398424359584245
P1_A485	526	68010	-0.0002116471220274	-1.140054083080452
P1_A485	527	18712	-0.0002099011511647	-1.1402639842316167
P1_A485	528	217262	-0.0002088414284414	-1.140472825660058
P1_A485	529	239743	-0.0002084621530729	-1.140681287813131
P1_A485	530	242819	-0.0002060890403497	-1.1408873768534806
P1_A485	531	12236	-0.0002032761580491	-1.1410906530115297
P1_A485	532	238024	-0.0001983450572259	-1.1412889980687555
P1_A485	533	12931	-0.0001960520764988	-1.1414850501452543
P1_A485	534	17389	-0.0001928480888384	-1.1416778982340927
P1_A485	535	22171	-0.0001922600625203	-1.141870158296613
P1_A485	536	75906	-0.0001916648145544	-1.1420618231111674
P1_A485	537	208768	-0.0001835305222836	-1.1422453536334511
P1_A485	538	67103	-0.0001823388463398	-1.142427692479791
P1_A485	539	18227	-0.0001814111982814	-1.1426091036780723
P1_A485	540	77015	-0.0001756864584055	-1.1427847901364778
P1_A485	541	20745	-0.0001668835660761	-1.142951673702554
P1_A485	542	73094	-0.0001664118610874	-1.1431180855636414
P1_A485	543	227059	-0.0001648493125821	-1.1432829348762235
P1_A485	544	22224	-0.0001641875361756	-1.143447122412399
P1_A485	545	11684	-0.000163108639864	-1.143610231052263
P1_A485	546	16847	-0.000162888367687	-1.1437731194199499
P1_A485	547	78100	-0.0001626437269718	-1.1439357631469216
P1_A485	548	268527	-0.0001625179439683	-1.14409828109089
P1_A485	549	268902	-0.0001595149194468	-1.1442577960103368
P1_A485	550	245638	-0.0001592185576309	-1.1444170145679677
P1_A485	551	67993	-0.0001578757286716	-1.1445748902966393
P1_A485	552	18584	-0.0001563762426697	-1.144731266539309
P1_A485	553	68777	-0.0001536913272232	-1.144884957866532
P1_A485	554	268481	-0.0001518674957724	-1.1450368253623044
P1_A485	555	56177	-0.0001460141561337	-1.1451828395184382
P1_A485	556	12190	-0.0001454272144012	-1.1453282667328395
P1_A485	557	71240	-0.0001438322855252	-1.1454720990183647
P1_A485	558	140792	-0.0001437540176965	-1.1456158530360612
P1_A485	559	19249	-0.000143133470706	-1.1457589865067672
P1_A485	560	73836	-0.0001398999808817	-1.145898886487649
P1_A485	561	239319	-0.0001398437852043	-1.1460387302728532
P1_A485	562	70551	-0.0001391205147726	-1.1461778507876257
P1_A485	563	108897	-0.0001390980465578	-1.1463169488341836
P1_A485	564	207259	-0.0001387425519161	-1.1464556913860997
P1_A485	565	14261	-0.0001350771587891	-1.1465907685448888
P1_A485	566	13131	-0.0001330829807621	-1.146723851525651
P1_A485	567	74470	-0.0001319119520554	-1.1468557634777063
P1_A485	568	77411	-0.0001312778425059	-1.1469870413202123
P1_A485	569	23948	-0.0001290429994378	-1.1471160843196502
P1_A485	570	244757	-0.0001282370754686	-1.1472443213951187
P1_A485	571	22376	-0.0001234903541214	-1.14736781174924
P1_A485	572	104885	-0.0001215698730075	-1.1474893816222476
P1_A485	573	216739	-0.0001207607085518	-1.1476101423307994
P1_A485	574	77116	-0.0001203819712419	-1.1477305243020413
P1_A485	575	67163	-0.0001191680212169	-1.1478496923232582
P1_A485	576	70381	-0.0001186121429626	-1.1479683044662208
P1_A485	577	14758	-0.0001175690821487	-1.1480858735483694
P1_A485	578	243780	-0.0001139544071716	-1.148199827955541
P1_A485	579	54725	-0.0001136117509303	-1.1483134397064714
P1_A485	580	16513	-0.0001099010440825	-1.148423340750554
P1_A485	581	20509	-0.0001068118345797	-1.1485301525851337
P1_A485	582	28240	-0.0001066274036951	-1.1486367799888288
P1_A485	583	19057	-0.0001051040551769	-1.1487418840440058
P1_A485	584	14276	-0.0001040561525272	-1.148845940196533
P1_A485	585	240087	-0.0001032319597425	-1.1489491721562755
P1_A485	586	16842	-0.0001027936371027	-1.1490519657933782
P1_A485	587	72472	-9.938739826677189e-05	-1.149151353191645
P1_A485	588	11600	-9.833331734024892e-05	-1.1492496865089854
P1_A485	589	104871	-9.678317105358584e-05	-1.149346469680039
P1_A485	590	16772	-9.650138566743164e-05	-1.1494429710657066
P1_A485	591	58802	-9.364087103070476e-05	-1.1495366119367374
P1_A485	592	268395	-8.968543659099379e-05	-1.1496262973733284
P1_A485	593	13048	-8.959879290716413e-05	-1.1497158961662357
P1_A485	594	16403	-8.86719618817558e-05	-1.1498045681281175
P1_A485	595	11815	-8.794396362748408e-05	-1.149892512091745
P1_A485	596	76223	-8.742395660210145e-05	-1.149979936048347
P1_A485	597	378431	-8.524471920604437e-05	-1.150065180767553
P1_A485	598	109594	-8.522137433669615e-05	-1.1501504021418898
P1_A485	599	56533	-8.311721062587908e-05	-1.1502335193525157
P1_A485	600	270906	-7.875700323992724e-05	-1.1503122763557556
P1_A485	601	12805	-7.804394835164279e-05	-1.1503903203041073
P1_A485	602	77782	-7.760778690356008e-05	-1.1504679280910108
P1_A485	603	77113	-7.395785255374048e-05	-1.1505418859435645
P1_A485	604	94229	-7.369666575755598e-05	-1.150615582609322
P1_A485	605	13982	-7.275833819233253e-05	-1.1506883409475144
P1_A485	606	230582	-7.004910823381711e-05	-1.150758390055748
P1_A485	607	18768	-6.214853379052357e-05	-1.1508205385895387
P1_A485	608	78286	-6.201568229024357e-05	-1.1508825542718288
P1_A485	609	14675	-6.197939847269943e-05	-1.1509445336703015
P1_A485	610	50794	-6.045895960429482e-05	-1.1510049926299057
P1_A485	611	22062	-6.007354678661232e-05	-1.1510650661766924
P1_A485	612	28040	-5.94157909372518e-05	-1.1511244819676296
P1_A485	613	106572	-5.736747680396085e-05	-1.1511818494444337
P1_A485	614	237073	-5.457481763043287e-05	-1.151236424262064
P1_A485	615	245020	-5.262004657023123e-05	-1.1512890443086343
P1_A485	616	64424	-5.239622287616172e-05	-1.1513414405315106
P1_A485	617	407823	-5.137463144468652e-05	-1.1513928151629553
P1_A485	618	106869	-5.074771225393193e-05	-1.1514435628752093
P1_A485	619	67800	-4.992140937772303e-05	-1.151493484284587
P1_A485	620	75564	-4.934278747108114e-05	-1.151542827072058
P1_A485	621	71279	-4.7998104217622606e-05	-1.1515908251762756
P1_A485	622	268860	-4.630408129177229e-05	-1.1516371292575673
P1_A485	623	103710	-4.593993076176791e-05	-1.151683069188329
P1_A485	624	19275	-4.286081435463692e-05	-1.1517259300026836
P1_A485	625	12876	-4.2845453810947975e-05	-1.1517687754564947
P1_A485	626	54486	-4.230294182050684e-05	-1.1518110783983153
P1_A485	627	12827	-4.206937581109138e-05	-1.1518531477741265
P1_A485	628	56700	-4.101538089386447e-05	-1.1518941631550204
P1_A485	629	192678	-3.9793736602201553e-05	-1.1519339568916225
P1_A485	630	66990	-3.9718506836953607e-05	-1.1519736753984595
P1_A485	631	17921	-3.9440978575207935e-05	-1.1520131163770346
P1_A485	632	19126	-3.93443630340309e-05	-1.1520524607400686
P1_A485	633	69066	-3.9179356965948864e-05	-1.1520916400970345
P1_A485	634	20447	-3.832519807291139e-05	-1.1521299652951074
P1_A485	635	57738	-3.563649758940984e-05	-1.1521656017926967
P1_A485	636	217410	-3.5508294739022535e-05	-1.1522011100874356
P1_A485	637	22256	-3.229939233102943e-05	-1.1522334094797666
P1_A485	638	14081	-3.225190754955502e-05	-1.1522656613873161
P1_A485	639	68099	-3.214664776571785e-05	-1.1522978080350819
P1_A485	640	234214	-3.079428181181523e-05	-1.1523286023168937
P1_A485	641	208650	-3.037806673889585e-05	-1.1523589803836327
P1_A485	642	380924	-2.8884527301104287e-05	-1.1523878649109338
P1_A485	643	228482	-2.884440276609332e-05	-1.1524167093136999
P1_A485	644	234854	-2.871129651793052e-05	-1.1524454206102177
P1_A485	645	13618	-2.7652297086459422e-05	-1.1524730729073043
P1_A485	646	67755	-2.625575272017609e-05	-1.1524993286600245
P1_A485	647	20430	-2.5501997749894104e-05	-1.1525248306577744
P1_A485	648	12393	-2.4780125845217304e-05	-1.1525496107836197
P1_A485	649	110033	-2.393019642333727e-05	-1.152573540980043
P1_A485	650	387314	-2.380074366868686e-05	-1.1525973417237116
P1_A485	651	320974	-2.2523172438963263e-05	-1.1526198648961505
P1_A485	652	20191	-2.2148806763547053e-05	-1.152642013702914
P1_A485	653	53374	-2.143490118769722e-05	-1.1526634486041019
P1_A485	654	13370	-2.061819017338213e-05	-1.1526840667942753
P1_A485	655	17193	-1.9467547769302e-05	-1.1527035343420446
P1_A485	656	19263	-1.8097311728976724e-05	-1.1527216316537736
P1_A485	657	72016	-1.7473123986886998e-05	-1.1527391047777604
P1_A485	658	27801	-1.4227948106685329e-05	-1.1527533327258672
P1_A485	659	330908	-1.3018681547918769e-05	-1.1527663514074151
P1_A485	660	19258	-1.2941647073715656e-05	-1.152779293054489
P1_A485	661	70223	-1.2937193786360934e-05	-1.1527922302482752
P1_A485	662	71819	-1.288520013323042e-05	-1.1528051154484085
P1_A485	663	380863	-1.239396265760442e-05	-1.152817509411066
P1_A485	664	23921	-1.078151636186407e-05	-1.152828290927428
P1_A485	665	66771	-1.0342170408374852e-05	-1.1528386330978362
P1_A485	666	211798	-9.814475723727672e-06	-1.1528484475735599
P1_A485	667	14687	-9.721478987277812e-06	-1.1528581690525472
P1_A485	668	20273	-9.215091580818582e-06	-1.1528673841441281
P1_A485	669	24057	-9.031147522898904e-06	-1.152876415291651
P1_A485	670	60363	-7.901666718788633e-06	-1.1528843169583698
P1_A485	671	233406	-7.866396025561297e-06	-1.1528921833543953
P1_A485	672	54710	-7.644837121618667e-06	-1.1528998281915168
P1_A485	673	329324	-7.007061373155252e-06	-1.15290683525289
P1_A485	674	19183	-3.70085836702988e-06	-1.152910536111257
P1_A485	675	78908	-3.424993012904786e-06	-1.15291396110427
P1_A485	676	223881	-1.8061321054520376e-06	-1.1529157672363755
P1_A485	677	347722	-1.6223929148571567e-06	-1.1529173896292904
P1_A485	678	103968	-1.3590124369724644e-06	-1.1529187486417274
P1_A485	679	66109	-4.907713844041926e-08	-1.1529187977188657
P1_A485	680	21898	0.0	-1.1529187977188657
P1_A485	681	17082	-0.0	-1.1529187977188657
P1_A485	682	208890	-0.0	-1.1529187977188657
P1_A485	683	13655	-0.0	-1.1529187977188657
P1_A485	684	215456	-0.0	-1.1529187977188657
P1_A485	685	11670	-0.0	-1.1529187977188657
P1_A485	686	207181	-0.0	-1.1529187977188657
P1_A485	687	23967	-0.0	-1.1529187977188657
P1_A485	688	14432	-0.0	-1.1529187977188657
P1_A485	689	14412	-0.0	-1.1529187977188657
P1_A485	690	225742	-0.0	-1.1529187977188657
P1_A485	691	286942	-0.0	-1.1529187977188657
P1_A485	692	243328	-0.0	-1.1529187977188657
P1_A485	693	16909	-0.0	-1.1529187977188657
P1_A485	694	27419	0.0	-1.1529187977188657
P1_A485	695	380785	0.0	-1.1529187977188657
P1_A485	696	20680	-0.0	-1.1529187977188657
P1_A485	697	20964	-0.0	-1.1529187977188657
P1_A485	698	218877	0.0	-1.1529187977188657
P1_A485	699	14400	0.0	-1.1529187977188657
P1_A485	700	18510	-0.0	-1.1529187977188657
P1_A485	701	237831	0.0	-1.1529187977188657
P1_A485	702	58176	-0.0	-1.1529187977188657
P1_A485	703	210573	0.0	-1.1529187977188657
P1_A485	704	224697	-0.0	-1.1529187977188657
P1_A485	705	12824	0.0	-1.1529187977188657
P1_A485	706	69671	0.0	-1.1529187977188657
P1_A485	707	14632	-0.0	-1.1529187977188657
P1_A485	708	11689	-0.0	-1.1529187977188657
P1_A485	709	27219	0.0	-1.1529187977188657
P1_A485	710	110902	-0.0	-1.1529187977188657
P1_A485	711	22229	-0.0	-1.1529187977188657
P1_A485	712	211550	0.0	-1.1529187977188657
P1_A485	713	68428	-0.0	-1.1529187977188657
P1_A485	714	242702	-0.0	-1.1529187977188657
P1_A485	715	71690	0.0	-1.1529187977188657
P1_A485	716	15370	0.0	-1.1529187977188657
P1_A485	717	67580	0.0	-1.1529187977188657
P1_A485	718	72002	-0.0	-1.1529187977188657
P1_A485	719	72244	-0.0	-1.1529187977188657
P1_A485	720	231162	0.0	-1.1529187977188657
P1_A485	721	14945	0.0	-1.1529187977188657
P1_A485	722	76441	-0.0	-1.1529187977188657
P1_A485	723	76854	0.0	-1.1529187977188657
P1_A485	724	269615	-0.0	-1.1529187977188657
P1_A485	725	50773	-0.0	-1.1529187977188657
P1_A485	726	434341	0.0	-1.1529187977188657
P1_A485	727	20319	0.0	-1.1529187977188657
P1_A485	728	20537	-0.0	-1.1529187977188657
P1_A485	729	16768	0.0	-1.1529187977188657
P1_A485	730	72690	0.0	-1.1529187977188657
P1_A485	731	17005	-0.0	-1.1529187977188657
P1_A485	732	12322	-0.0	-1.1529187977188657
P1_A485	733	74748	0.0	-1.1529187977188657
P1_A485	734	20928	0.0	-1.1529187977188657
P1_A485	735	170721	0.0	-1.1529187977188657
P1_A485	736	231691	-0.0	-1.1529187977188657
P1_A485	737	14560	-0.0	-1.1529187977188657
P1_A485	738	18784	-0.0	-1.1529187977188657
P1_A485	739	71781	-0.0	-1.1529187977188657
P1_A485	740	54195	-0.0	-1.1529187977188657
P1_A485	741	68566	0.0	-1.1529187977188657
P1_A485	742	103988	-0.0	-1.1529187977188657
P1_A485	743	217341	0.0	-1.1529187977188657
P1_A485	744	241568	-0.0	-1.1529187977188657
P1_A485	745	18113	-0.0	-1.1529187977188657
P1_A485	746	77630	0.0	-1.1529187977188657
P1_A485	747	103511	0.0	-1.1529187977188657
P1_A485	748	231134	-0.0	-1.1529187977188657
P1_A485	749	20371	0.0	-1.1529187977188657
P1_A485	750	244723	0.0	-1.1529187977188657
P1_A485	751	67573	-0.0	-1.1529187977188657
P1_A485	752	15111	0.0	-1.1529187977188657
P1_A485	753	16491	0.0	-1.1529187977188657
P1_A485	754	17228	-0.0	-1.1529187977188657
P1_A485	755	12007	0.0	-1.1529187977188657
P1_A485	756	23831	-0.0	-1.1529187977188657
P1_A485	757	53601	0.0	-1.1529187977188657
P1_A485	758	14049	0.0	-1.1529187977188657
P1_A485	759	11807	-0.0	-1.1529187977188657
P1_A485	760	109225	0.0	-1.1529187977188657
P1_A485	761	545192	0.0	-1.1529187977188657
P1_A485	762	170952	0.0	-1.1529187977188657
P1_A485	763	333088	0.0	-1.1529187977188657
P1_A485	764	270192	-0.0	-1.1529187977188657
P1_A485	765	242523	0.0	-1.1529187977188657
P1_A485	766	13003	0.0	-1.1529187977188657
P1_A485	767	22268	-0.0	-1.1529187977188657
P1_A485	768	69903	-0.0	-1.1529187977188657
P1_A485	769	242050	-0.0	-1.1529187977188657
P1_A485	770	30806	-0.0	-1.1529187977188657
P1_A485	771	171166	-0.0	-1.1529187977188657
P1_A485	772	54167	-0.0	-1.1529187977188657
P1_A485	773	13386	0.0	-1.1529187977188657
P1_A485	774	93874	0.0	-1.1529187977188657
P1_A485	775	65115	-0.0	-1.1529187977188657
P1_A485	776	16173	0.0	-1.1529187977188657
P1_A485	777	384569	-0.0	-1.1529187977188657
P1_A485	778	229791	-0.0	-1.1529187977188657
P1_A485	779	73728	0.0	-1.1529187977188657
P1_A485	780	84004	0.0	-1.1529187977188657
P1_A485	781	54634	0.0	-1.1529187977188657
P1_A485	782	70061	0.0	-1.1529187977188657
P1_A485	783	16426	0.0	-1.1529187977188657
P1_A485	784	22403	0.0	-1.1529187977188657
P1_A485	785	52857	-0.0	-1.1529187977188657
P1_A485	786	16399	0.0	-1.1529187977188657
P1_A485	787	20618	0.0	-1.1529187977188657
P1_A485	788	217306	-0.0	-1.1529187977188657
P1_A485	789	20202	0.0	-1.1529187977188657
P1_A485	790	171180	-0.0	-1.1529187977188657
P1_A485	791	23845	0.0	-1.1529187977188657
P1_A485	792	17537	-0.0	-1.1529187977188657
P1_A485	793	19124	-0.0	-1.1529187977188657
P1_A485	794	67425	-0.0	-1.1529187977188657
P1_A485	795	171469	-0.0	-1.1529187977188657
P1_A485	796	17926	-0.0	-1.1529187977188657
P1_A485	797	27280	0.0	-1.1529187977188657
P1_A485	798	11687	0.0	-1.1529187977188657
P1_A485	799	19153	-0.0	-1.1529187977188657
P1_A485	800	12350	-0.0	-1.1529187977188657
P1_A485	801	74770	0.0	-1.1529187977188657
P1_A485	802	13074	0.0	-1.1529187977188657
P1_A485	803	12825	-0.0	-1.1529187977188657
P1_A485	804	12840	0.0	-1.1529187977188657
P1_A485	805	97440	0.0	-1.1529187977188657
P1_A485	806	50528	0.0	-1.1529187977188657
P1_A485	807	18654	-0.0	-1.1529187977188657
P1_A485	808	194309	0.0	-1.1529187977188657
P1_A485	809	64103	0.0	-1.1529187977188657
P1_A485	810	19700	-0.0	-1.1529187977188657
P1_A485	811	17984	-0.0	-1.1529187977188657
P1_A485	812	11803	0.0	-1.1529187977188657
P1_A485	813	71609	-0.0	-1.1529187977188657
P1_A485	814	232078	-0.0	-1.1529187977188657
P1_A485	815	216795	-0.0	-1.1529187977188657
P1_A485	816	74580	0.0	-1.1529187977188657
P1_A485	817	217125	0.0	-1.1529187977188657
P1_A485	818	19288	-0.0	-1.1529187977188657
P1_A485	819	269855	0.0	-1.1529187977188657
P1_A485	820	14840	-0.0	-1.1529187977188657
P1_A485	821	15114	0.0	-1.1529187977188657
P1_A485	822	17528	-0.0	-1.1529187977188657
P1_A485	823	246728	0.0	-1.1529187977188657
P1_A485	824	104080	-0.0	-1.1529187977188657
P1_A485	825	170743	0.0	-1.1529187977188657
P1_A485	826	13516	-0.0	-1.1529187977188657
P1_A485	827	210719	0.0	-1.1529187977188657
P1_A485	828	68458	-0.0	-1.1529187977188657
P1_A485	829	11568	0.0	-1.1529187977188657
P1_A485	830	26561	0.0	-1.1529187977188657
P1_A485	831	18121	-0.0	-1.1529187977188657
P1_A485	832	21384	0.0	-1.1529187977188657
P1_A485	833	63993	-0.0	-1.1529187977188657
P1_A485	834	223646	-0.0	-1.1529187977188657
P1_A485	835	17433	-0.0	-1.1529187977188657
P1_A485	836	72774	-0.0	-1.1529187977188657
P1_A485	837	19881	0.0	-1.1529187977188657
P1_A485	838	330890	0.0	-1.1529187977188657
P1_A485	839	19416	0.0	-1.1529187977188657
P1_A485	840	18951	-0.0	-1.1529187977188657
P1_A485	841	66528	-0.0	-1.1529187977188657
P1_A485	842	100039795	0.0	-1.1529187977188657
P1_A485	843	12351	-0.0	-1.1529187977188657
P1_A485	844	12346	-0.0	-1.1529187977188657
P1_A485	845	71803	0.0	-1.1529187977188657
P1_A485	846	212974	-0.0	-1.1529187977188657
P1_A485	847	224024	0.0	-1.1529187977188657
P1_A485	848	228785	-0.0	-1.1529187977188657
P1_A485	849	16197	0.0	-1.1529187977188657
P1_A485	850	71099	0.0	-1.1529187977188657
P1_A485	851	21924	0.0	-1.1529187977188657
P1_A485	852	17313	-0.0	-1.1529187977188657
P1_A485	853	228550	-0.0	-1.1529187977188657
P1_A485	854	72925	-0.0	-1.1529187977188657
P1_A485	855	20533	0.0	-1.1529187977188657
P1_A485	856	78558	-0.0	-1.1529187977188657
P1_A485	857	17868	-0.0	-1.1529187977188657
P1_A485	858	228576	-0.0	-1.1529187977188657
P1_A485	859	21928	0.0	-1.1529187977188657
P1_A485	860	23966	0.0	-1.1529187977188657
P1_A485	861	69693	0.0	-1.1529187977188657
P1_A485	862	214253	-0.0	-1.1529187977188657
P1_A485	863	12654	0.0	-1.1529187977188657
P1_A485	864	170725	-0.0	-1.1529187977188657
P1_A485	865	64297	-0.0	-1.1529187977188657
P1_A485	866	77794	0.0	-1.1529187977188657
P1_A485	867	16170	-0.0	-1.1529187977188657
P1_A485	868	16950	0.0	-1.1529187977188657
P1_A485	869	16527	-0.0	-1.1529187977188657
P1_A485	870	75209	-0.0	-1.1529187977188657
P1_A485	871	30794	-0.0	-1.1529187977188657
P1_A485	872	16371	0.0	-1.1529187977188657
P1_A485	873	23794	0.0	-1.1529187977188657
P1_A485	874	170790	-0.0	-1.1529187977188657
P1_A485	875	14126	-0.0	-1.1529187977188657
P1_A485	876	17085	0.0	-1.1529187977188657
P1_A485	877	59308	0.0	-1.1529187977188657
P1_A485	878	22324	0.0	-1.1529187977188657
P1_A485	879	244550	0.0	-1.1529187977188657
P1_A485	880	20389	-0.0	-1.1529187977188657
P1_A485	881	50779	-0.0	-1.1529187977188657
P1_A485	882	20391	0.0	-1.1529187977188657
P1_A485	883	320100	0.0	-1.1529187977188657
P1_A485	884	319229	-0.0	-1.1529187977188657
P1_A485	885	18782	-0.0	-1.1529187977188657
P1_A485	886	67937	-0.0	-1.1529187977188657
P1_A485	887	235281	-0.0	-1.1529187977188657
P1_A485	888	56745	-0.0	-1.1529187977188657
P1_A485	889	230775	0.0	-1.1529187977188657
P1_A485	890	242939	0.0	-1.1529187977188657
P1_A485	891	16323	0.0	-1.1529187977188657
P1_A485	892	229003	-0.0	-1.1529187977188657
P1_A485	893	12845	0.0	-1.1529187977188657
P1_A485	894	77609	0.0	-1.1529187977188657
P1_A485	895	22351	-0.0	-1.1529187977188657
P1_A485	896	18400	0.0	-1.1529187977188657
P1_A485	897	574402	-0.0	-1.1529187977188657
P1_A485	898	13654	-0.0	-1.1529187977188657
P1_A485	899	12796	-0.0	-1.1529187977188657
P1_A485	900	20201	0.0	-1.1529187977188657
P1_A485	901	76156	-0.0	-1.1529187977188657
P1_A485	902	259302	0.0	-1.1529187977188657
P1_A485	903	12723	0.0	-1.1529187977188657
P1_A485	904	20295	-0.0	-1.1529187977188657
P1_A485	905	54672	-0.0	-1.1529187977188657
P1_A485	906	12390	0.0	-1.1529187977188657
P1_A485	907	94214	0.0	-1.1529187977188657
P1_A485	908	19711	-0.0	-1.1529187977188657
P1_A485	909	241452	-0.0	-1.1529187977188657
P1_A485	910	76757	0.0	-1.1529187977188657
P1_A485	911	70370	0.0	-1.1529187977188657
P1_A485	912	24053	-0.0	-1.1529187977188657
P1_A485	913	29818	-0.0	-1.1529187977188657
P1_A485	914	68352	0.0	-1.1529187977188657
P1_A485	915	230103	0.0	-1.1529187977188657
P1_A485	916	66548	0.0	-1.1529187977188657
P1_A485	917	14017	0.0	-1.1529187977188657
P1_A485	918	66901	0.0	-1.1529187977188657
P1_A485	919	230163	-0.0	-1.1529187977188657
P1_A485	920	21956	0.0	-1.1529187977188657
P1_A485	921	100198	0.0	-1.1529187977188657
P1_A485	922	338369	-0.0	-1.1529187977188657
P1_A485	923	18816	0.0	-1.1529187977188657
P1_A485	924	20274	-0.0	-1.1529187977188657
P1_A485	925	13346	0.0	-1.1529187977188657
P1_A485	926	53604	0.0	-1.1529187977188657
P1_A485	927	12505	0.0	-1.1529187977188657
P1_A485	928	53313	0.0	-1.1529187977188657
P1_A485	929	17130	0.0	-1.1529187977188657
P1_A485	930	11829	-0.0	-1.1529187977188657
P1_A485	931	27226	0.0	-1.1529187977188657
P1_A485	932	381798	-0.0	-1.1529187977188657
P1_A485	933	320840	0.0	-1.1529187977188657
P1_A485	934	320747	0.0	-1.1529187977188657
P1_A485	935	14264	-0.0	-1.1529187977188657
P1_A485	936	215632	0.0	-1.1529187977188657
P1_A485	937	230904	0.0	-1.1529187977188657
P1_A485	938	107527	-0.0	-1.1529187977188657
P1_A485	939	15450	0.0	-1.1529187977188657
P1_A485	940	80837	-0.0	-1.1529187977188657
P1_A485	941	231004	-0.0	-1.1529187977188657
P1_A485	942	21389	0.0	-1.1529187977188657
P1_A485	943	21960	-0.0	-1.1529187977188657
P1_A485	944	68846	-0.0	-1.1529187977188657
P1_A485	945	12822	0.0	-1.1529187977188657
P1_A485	946	11602	0.0	-1.1529187977188657
P1_A485	947	68016	-0.0	-1.1529187977188657
P1_A485	948	12831	-0.0	-1.1529187977188657
P1_A485	949	213417	0.0	-1.1529187977188657
P1_A485	950	16493	0.0	-1.1529187977188657
P1_A485	951	16181	-0.0	-1.1529187977188657
P1_A485	952	110876	0.0	-1.1529187977188657
P1_A485	953	277468	0.0	-1.1529187977188657
P1_A485	954	269019	-0.0	-1.1529187977188657
P1_A485	955	70405	0.0	-1.1529187977188657
P1_A485	956	18596	0.0	-1.1529187977188657
P1_A485	957	109050	0.0	-1.1529187977188657
P1_A485	958	23936	-0.0	-1.1529187977188657
P1_A485	959	20339	-0.0	-1.1529187977188657
P1_A485	960	20198	0.0	-1.1529187977188657
P1_A485	961	14173	0.0	-1.1529187977188657
P1_A485	962	654812	-0.0	-1.1529187977188657
P1_A485	963	170483	0.0	-1.1529187977188657
P1_A485	964	12029	0.0	-1.1529187977188657
P1_A485	965	208158	0.0	-1.1529187977188657
P1_A485	966	207728	-0.0	-1.1529187977188657
P1_A485	967	233246	-0.0	-1.1529187977188657
P1_A485	968	72349	0.0	-1.1529187977188657
P1_A485	969	18667	0.0	-1.1529187977188657
P1_A485	970	27371	0.0	-1.1529187977188657
P1_A485	971	114644	0.0	-1.1529187977188657
P1_A485	972	381853	0.0	-1.1529187977188657
P1_A485	973	56264	-0.0	-1.1529187977188657
P1_A485	974	21786	-0.0	-1.1529187977188657
P1_A485	975	80976	0.0	-1.1529187977188657
P1_A485	976	68680	0.0	-1.1529187977188657
P1_A485	977	94332	-0.0	-1.1529187977188657
P1_A485	978	30955	0.0	-1.1529187977188657
P1_A485	979	320563	0.0	-1.1529187977188657
P1_A485	980	70726	-0.0	-1.1529187977188657
P1_A485	981	20277	-0.0	-1.1529187977188657
P1_A485	982	66513	-0.0	-1.1529187977188657
P1_A485	983	108052	0.0	-1.1529187977188657
P1_A485	984	58222	-0.0	-1.1529187977188657
P1_A485	985	21816	0.0	-1.1529187977188657
P1_A485	986	11839	-0.0	-1.1529187977188657
P1_A485	987	207911	0.0	-1.1529187977188657
P1_A485	988	16979	-0.0	-1.1529187977188657
P1_A485	989	110893	0.0	-1.1529187977188657
P1_A485	990	233199	0.0	-1.1529187977188657
P1_A485	991	12481	0.0	-1.1529187977188657
P1_A485	992	23959	-0.0	-1.1529187977188657
P1_A485	993	241770	-0.0	-1.1529187977188657
P1_A485	994	104601	-0.0	-1.1529187977188657
P1_A485	995	193034	-0.0	-1.1529187977188657
P1_A485	996	106878	-0.0	-1.1529187977188657
P1_A485	997	272031	-0.0	-1.1529187977188657
P1_A485	998	70727	-0.0	-1.1529187977188657
P1_A485	999	20317	-0.0	-1.1529187977188657
P1_A485	1000	233733	-0.0	-1.1529187977188657
P1_A485	1001	57814	0.0	-1.1529187977188657
P1_A485	1002	20965	-0.0	-1.1529187977188657
P1_A485	1003	226999	-0.0	-1.1529187977188657
P1_A485	1004	16176	-0.0	-1.1529187977188657
P1_A485	1005	109857	0.0	-1.1529187977188657
P1_A485	1006	237010	0.0	-1.1529187977188657
P1_A485	1007	107503	0.0	-1.1529187977188657
P1_A485	1008	105193	-0.0	-1.1529187977188657
P1_A485	1009	238328	-0.0	-1.1529187977188657
P1_A485	1010	56485	0.0	-1.1529187977188657
P1_A485	1011	16511	0.0	-1.1529187977188657
P1_A485	1012	11450	-0.0	-1.1529187977188657
P1_A485	1013	14580	0.0	-1.1529187977188657
P1_A485	1014	75641	-0.0	-1.1529187977188657
P1_A485	1015	56471	-0.0	-1.1529187977188657
P1_A485	1016	24131	0.0	-1.1529187977188657
P1_A485	1017	18142	-0.0	-1.1529187977188657
P1_A485	1018	15896	-0.0	-1.1529187977188657
P1_A485	1019	268709	-0.0	-1.1529187977188657
P1_A485	1020	278180	0.0	-1.1529187977188657
P1_A485	1021	244864	-0.0	-1.1529187977188657
P1_A485	1022	225724	0.0	-1.1529187977188657
P1_A485	1023	93735	0.0	-1.1529187977188657
P1_A485	1024	243897	0.0	-1.1529187977188657
P1_A485	1025	56644	0.0	-1.1529187977188657
P1_A485	1026	211739	-0.0	-1.1529187977188657
P1_A485	1027	12834	-0.0	-1.1529187977188657
P1_A485	1028	16402	0.0	-1.1529187977188657
P1_A485	1029	319655	-0.0	-1.1529187977188657
P1_A485	1030	16453	0.0	-1.1529187977188657
P1_A485	1031	67564	-0.0	-1.1529187977188657
P1_A485	1032	330627	0.0	-1.1529187977188657
P1_A485	1033	50766	0.0	-1.1529187977188657
P1_A485	1034	20897	0.0	-1.1529187977188657
P1_A485	1035	69454	-0.0	-1.1529187977188657
P1_A485	1036	15460	-0.0	-1.1529187977188657
P1_A485	1037	65221	0.0	-1.1529187977188657
P1_A485	1038	20564	0.0	-1.1529187977188657
P1_A485	1039	101772	0.0	-1.1529187977188657
P1_A485	1040	225341	-0.0	-1.1529187977188657
P1_A485	1041	27409	-0.0	-1.1529187977188657
P1_A485	1042	22409	0.0	-1.1529187977188657
P1_A485	1043	27273	-0.0	-1.1529187977188657
P1_A485	1044	56534	0.0	-1.1529187977188657
P1_A485	1045	435965	-0.0	-1.1529187977188657
P1_A485	1046	18619	0.0	-1.1529187977188657
P1_A485	1047	14733	0.0	-1.1529187977188657
P1_A485	1048	170638	-0.0	-1.1529187977188657
P1_A485	1049	15284	0.0	-1.1529187977188657
P1_A485	1050	19329	-0.0	-1.1529187977188657
P1_A485	1051	56362	-0.0	-1.1529187977188657
P1_A485	1052	399548	0.0	-1.1529187977188657
P1_A485	1053	65963	-0.0	-1.1529187977188657
P1_A485	1054	100038882	-0.0	-1.1529187977188657
P1_A485	1055	214359	-0.0	-1.1529187977188657
P1_A485	1056	19215	0.0	-1.1529187977188657
P1_A485	1057	17260	0.0	-1.1529187977188657
P1_A485	1058	14125	0.0	-1.1529187977188657
P1_A485	1059	21922	-0.0	-1.1529187977188657
P1_A485	1060	50997	-0.0	-1.1529187977188657
P1_A485	1061	80286	-0.0	-1.1529187977188657
P1_A485	1062	243616	-0.0	-1.1529187977188657
P1_A485	1063	14938	-0.0	-1.1529187977188657
P1_A485	1064	641376	-0.0	-1.1529187977188657
P1_A485	1065	58208	-0.0	-1.1529187977188657
P1_A485	1066	15163	0.0	-1.1529187977188657
P1_A485	1067	13849	0.0	-1.1529187977188657
P1_A485	1068	279028	-0.0	-1.1529187977188657
P1_A485	1069	98752	0.0	-1.1529187977188657
P1_A485	1070	68764	-0.0	-1.1529187977188657
P1_A485	1071	12266	0.0	-1.1529187977188657
P1_A485	1072	320129	-0.0	-1.1529187977188657
P1_A485	1073	13041	0.0	-1.1529187977188657
P1_A485	1074	56532	-0.0	-1.1529187977188657
P1_A485	1075	13609	-0.0	-1.1529187977188657
P1_A485	1076	12839	-0.0	-1.1529187977188657
P1_A485	1077	237611	-0.0	-1.1529187977188657
P1_A485	1078	118454	-0.0	-1.1529187977188657
P1_A485	1079	233752	0.0	-1.1529187977188657
P1_A485	1080	12700	-0.0	-1.1529187977188657
P1_A485	1081	268747	0.0	-1.1529187977188657
P1_A485	1082	81904	-0.0	-1.1529187977188657
P1_A485	1083	12501	0.0	-1.1529187977188657
P1_A485	1084	110351	0.0	-1.1529187977188657
P1_A485	1085	279766	0.0	-1.1529187977188657
P1_A485	1086	209837	-0.0	-1.1529187977188657
P1_A485	1087	15559	-0.0	-1.1529187977188657
P1_A485	1088	22671	-0.0	-1.1529187977188657
P1_A485	1089	12062	0.0	-1.1529187977188657
P1_A485	1090	64817	0.0	-1.1529187977188657
P1_A485	1091	210808	0.0	-1.1529187977188657
P1_A485	1092	22637	0.0	-1.1529187977188657
P1_A485	1093	66208	-0.0	-1.1529187977188657
P1_A485	1094	24110	0.0	-1.1529187977188657
P1_A485	1095	70415	-0.0	-1.1529187977188657
P1_A485	1096	19419	-0.0	-1.1529187977188657
P1_A485	1097	21817	0.0	-1.1529187977188657
P1_A485	1098	114886	0.0	-1.1529187977188657
P1_A485	1099	69590	-0.0	-1.1529187977188657
P1_A485	1100	272428	0.0	-1.1529187977188657
P1_A485	1101	19039	-0.0	-1.1529187977188657
P1_A485	1102	71461	-0.0	-1.1529187977188657
P1_A485	1103	63828	0.0	-1.1529187977188657
P1_A485	1104	17885	-0.0	-1.1529187977188657
P1_A485	1105	79235	0.0	-1.1529187977188657
P1_A485	1106	12143	0.0	-1.1529187977188657
P1_A485	1107	14115	-0.0	-1.1529187977188657
P1_A485	1108	210530	0.0	-1.1529187977188657
P1_A485	1109	77318	0.0	-1.1529187977188657
P1_A485	1110	64176	0.0	-1.1529187977188657
P1_A485	1111	170835	-0.0	-1.1529187977188657
P1_A485	1112	21743	-0.0	-1.1529187977188657
P1_A485	1113	107766	-0.0	-1.1529187977188657
P1_A485	1114	22780	0.0	-1.1529187977188657
P1_A485	1115	212032	-0.0	-1.1529187977188657
P1_A485	1116	64242	0.0	-1.1529187977188657
P1_A485	1117	78560	-0.0	-1.1529187977188657
P1_A485	1118	17916	0.0	-1.1529187977188657
P1_A485	1119	110784	0.0	-1.1529187977188657
P1_A485	1120	14128	-0.0	-1.1529187977188657
P1_A485	1121	231147	0.0	-1.1529187977188657
P1_A485	1122	14080	-0.0	-1.1529187977188657
P1_A485	1123	18534	-0.0	-1.1529187977188657
P1_A485	1124	72780	0.0	-1.1529187977188657
P1_A485	1125	12458	-0.0	-1.1529187977188657
P1_A485	1126	14373	0.0	-1.1529187977188657
P1_A485	1127	223917	-0.0	-1.1529187977188657
P1_A485	1128	245827	-0.0	-1.1529187977188657
P1_A485	1129	16147	0.0	-1.1529187977188657
P1_A485	1130	80901	0.0	-1.1529187977188657
P1_A485	1131	15430	0.0	-1.1529187977188657
P1_A485	1132	216856	0.0	-1.1529187977188657
P1_A485	1133	208092	-0.0	-1.1529187977188657
P1_A485	1134	18389	0.0	-1.1529187977188657
P1_A485	1135	114679	0.0	-1.1529187977188657
P1_A485	1136	232370	0.0	-1.1529187977188657
P1_A485	1137	16846	0.0	-1.1529187977188657
P1_A485	1138	15572	-0.0	-1.1529187977188657
P1_A485	1139	13602	0.0	-1.1529187977188657
P1_A485	1140	240667	0.0	-1.1529187977188657
P1_A485	1141	497097	-0.0	-1.1529187977188657
P1_A485	1142	227632	-0.0	-1.1529187977188657
P1_A485	1143	98170	-0.0	-1.1529187977188657
P1_A485	1144	56461	0.0	-1.1529187977188657
P1_A485	1145	56221	-0.0	-1.1529187977188657
P1_A485	1146	27261	-0.0	-1.1529187977188657
P1_A485	1147	72310	0.0	-1.1529187977188657
P1_A485	1148	213469	-0.0	-1.1529187977188657
P1_A485	1149	18548	0.0	-1.1529187977188657
P1_A485	1150	23893	0.0	-1.1529187977188657
P1_A485	1151	74490	-0.0	-1.1529187977188657
P1_A485	1152	14205	0.0	-1.1529187977188657
P1_A485	1153	67272	-0.0	-1.1529187977188657
P1_A485	1154	319660	0.0	-1.1529187977188657
P1_A485	1155	668940	0.0	-1.1529187977188657
P1_A485	1156	20776	0.0	-1.1529187977188657
P1_A485	1157	12643	-0.0	-1.1529187977188657
P1_A485	1158	19011	-0.0	-1.1529187977188657
P1_A485	1159	56631	-0.0	-1.1529187977188657
P1_A485	1160	105827	-0.0	-1.1529187977188657
P1_A485	1161	11423	0.0	-1.1529187977188657
P1_A485	1162	236285	0.0	-1.1529187977188657
P1_A485	1163	208164	0.0	-1.1529187977188657
P1_A485	1164	353242	1.3080030184460634e-07	-1.1529186669185638
P1_A485	1165	20650	8.05557378244977e-07	-1.1529178613611857
P1_A485	1166	235040	9.332268714701184e-07	-1.1529169281343141
P1_A485	1167	103551	1.1699116203056504e-06	-1.1529157582226939
P1_A485	1168	242607	1.3057821528711028e-06	-1.152914452440541
P1_A485	1169	22412	1.3525754865833831e-06	-1.1529130998650545
P1_A485	1170	238799	2.6926224861502703e-06	-1.1529104072425684
P1_A485	1171	59009	3.0036800516897464e-06	-1.1529074035625166
P1_A485	1172	11746	4.422040951137417e-06	-1.1529029815215655
P1_A485	1173	114713	5.353223967956055e-06	-1.1528976282975976
P1_A485	1174	72151	5.422335542912302e-06	-1.1528922059620546
P1_A485	1175	17387	5.629969722182726e-06	-1.1528865759923324
P1_A485	1176	16510	6.262979342212171e-06	-1.15288031301299
P1_A485	1177	171463	7.125196315622447e-06	-1.1528731878166745
P1_A485	1178	30954	7.458929840395498e-06	-1.152865728886834
P1_A485	1179	327954	7.90272661981659e-06	-1.1528578261602143
P1_A485	1180	101565	8.068437276460073e-06	-1.1528497577229377
P1_A485	1181	11941	8.911735269401606e-06	-1.1528408459876682
P1_A485	1182	11688	1.010293344418282e-05	-1.152830743054224
P1_A485	1183	20423	1.011680933291673e-05	-1.152820626244891
P1_A485	1184	18476	1.1731021687308984e-05	-1.1528088952232036
P1_A485	1185	16881	1.2077264300039094e-05	-1.1527968179589037
P1_A485	1186	21828	1.2856107852777702e-05	-1.152783961851051
P1_A485	1187	78797	1.3375753269708277e-05	-1.1527705860977813
P1_A485	1188	546336	1.3379683521797254e-05	-1.1527572064142595
P1_A485	1189	107351	1.40323345597753e-05	-1.1527431740796996
P1_A485	1190	434130	1.4647531607040932e-05	-1.1527285265480927
P1_A485	1191	216760	1.479805463211132e-05	-1.1527137284934605
P1_A485	1192	75141	1.5749375423354152e-05	-1.1526979791180372
P1_A485	1193	83674	1.5827647542954898e-05	-1.1526821514704941
P1_A485	1194	241230	1.6092768720764033e-05	-1.1526660587017734
P1_A485	1195	108000	1.677743177048426e-05	-1.1526492812700029
P1_A485	1196	268451	1.8805705273581327e-05	-1.1526304755647292
P1_A485	1197	22113	1.9174895157631884e-05	-1.1526113006695715
P1_A485	1198	23821	1.9786510296717507e-05	-1.1525915141592749
P1_A485	1199	55988	2.0158212084350647e-05	-1.1525713559471904
P1_A485	1200	66930	2.0309387177130405e-05	-1.1525510465600133
P1_A485	1201	68760	2.129749514925508e-05	-1.152529749064864
P1_A485	1202	106389	2.4751124178412315e-05	-1.1525049979406856
P1_A485	1203	13824	2.568644513070761e-05	-1.152479311495555
P1_A485	1204	56224	2.5754240027745124e-05	-1.1524535572555272
P1_A485	1205	109674	2.618975911832897e-05	-1.152427367496409
P1_A485	1206	20969	2.622507232942221e-05	-1.1524011424240794
P1_A485	1207	233878	2.622839258898925e-05	-1.1523749140314905
P1_A485	1208	18750	3.034463510638481e-05	-1.152344569396384
P1_A485	1209	384763	3.082743519895986e-05	-1.152313741961185
P1_A485	1210	14917	3.124237599229176e-05	-1.1522824995851928
P1_A485	1211	70261	3.226356988660448e-05	-1.1522502360153062
P1_A485	1212	70466	3.339069900494508e-05	-1.1522168453163013
P1_A485	1213	67196	3.4765310409293975e-05	-1.152182080005892
P1_A485	1214	84035	3.5012445897051625e-05	-1.152147067559995
P1_A485	1215	76044	3.875187161291594e-05	-1.152108315688382
P1_A485	1216	29859	3.986195573311669e-05	-1.1520684537326489
P1_A485	1217	12297	3.987392423808946e-05	-1.152028579808411
P1_A485	1218	269016	4.305172072749327e-05	-1.1519855280876834
P1_A485	1219	17079	4.356398040667654e-05	-1.1519419641072768
P1_A485	1220	107508	4.6069031186567335e-05	-1.1518958950760902
P1_A485	1221	71720	4.6425556018763336e-05	-1.1518494695200714
P1_A485	1222	108927	4.712985037460995e-05	-1.1518023396696968
P1_A485	1223	14805	4.740510918131429e-05	-1.1517549345605156
P1_A485	1224	107305	4.835462233206375e-05	-1.1517065799381836
P1_A485	1225	110197	4.913562549837815e-05	-1.1516574443126852
P1_A485	1226	18415	5.177755892648294e-05	-1.1516056667537589
P1_A485	1227	23871	5.3238832235961306e-05	-1.1515524279215228
P1_A485	1228	67216	5.906123345394972e-05	-1.151493366688069
P1_A485	1229	330671	6.048962390209505e-05	-1.1514328770641669
P1_A485	1230	330409	6.371624505127754e-05	-1.1513691608191157
P1_A485	1231	18190	6.509076754706225e-05	-1.1513040700515687
P1_A485	1232	76960	6.747283748289702e-05	-1.1512365972140857
P1_A485	1233	319901	6.774563212708551e-05	-1.1511688515819585
P1_A485	1234	13836	7.513880410004973e-05	-1.1510937127778584
P1_A485	1235	72584	7.519224899546255e-05	-1.151018520528863
P1_A485	1236	64929	7.717690287978765e-05	-1.1509413436259832
P1_A485	1237	22276	7.896974800776597e-05	-1.1508623738779755
P1_A485	1238	26415	7.976435445841741e-05	-1.1507826095235172
P1_A485	1239	234593	8.217075912737997e-05	-1.1507004387643898
P1_A485	1240	19246	8.641763791534216e-05	-1.1506140211264744
P1_A485	1241	74039	8.72201006551463e-05	-1.1505268010258192
P1_A485	1242	16526	8.942077963319312e-05	-1.150437380246186
P1_A485	1243	70310	8.976358107262598e-05	-1.1503476166651134
P1_A485	1244	67375	9.00992765459811e-05	-1.1502575173885674
P1_A485	1245	269423	9.0753042820277e-05	-1.1501667643457472
P1_A485	1246	232821	9.258174170816372e-05	-1.150074182604039
P1_A485	1247	16159	9.331734648940066e-05	-1.1499808652575496
P1_A485	1248	74199	9.335463913824332e-05	-1.1498875106184114
P1_A485	1249	243574	9.336151353774204e-05	-1.1497941491048738
P1_A485	1250	67426	9.465036671202033e-05	-1.1496994987381617
P1_A485	1251	23969	0.0001004271559922	-1.1495990715821696
P1_A485	1252	18984	0.0001009054048692	-1.1494981661773003
P1_A485	1253	19725	0.0001020240497977	-1.1493961421275025
P1_A485	1254	17874	0.0001021160546905	-1.149294026072812
P1_A485	1255	171282	0.0001046878296562	-1.1491893382431557
P1_A485	1256	105243	0.0001050419102723	-1.1490842963328833
P1_A485	1257	228357	0.0001089892780761	-1.1489753070548072
P1_A485	1258	16574	0.0001102239111935	-1.1488650831436138
P1_A485	1259	12823	0.0001111740546018	-1.148753909089012
P1_A485	1260	15213	0.0001120111686741	-1.1486418979203379
P1_A485	1261	27999	0.0001124834120564	-1.1485294145082814
P1_A485	1262	80914	0.0001139824964718	-1.1484154320118096
P1_A485	1263	105239	0.0001144384567369	-1.1483009935550728
P1_A485	1264	236900	0.0001194812008175	-1.1481815123542554
P1_A485	1265	52033	0.0001239184226271	-1.1480575939316282
P1_A485	1266	20750	0.0001254237713933	-1.147932170160235
P1_A485	1267	74901	0.0001255419783036	-1.1478066281819315
P1_A485	1268	170459	0.0001279177003394	-1.147678710481592
P1_A485	1269	17756	0.0001284683211945	-1.1475502421603976
P1_A485	1270	218820	0.0001285505359483	-1.1474216916244493
P1_A485	1271	170745	0.0001307145124527	-1.1472909771119966
P1_A485	1272	13506	0.0001308304071642	-1.1471601467048325
P1_A485	1273	76547	0.0001335204170438	-1.1470266262877886
P1_A485	1274	546134	0.0001357951416749	-1.1468908311461137
P1_A485	1275	106347	0.0001358333919976	-1.146754997754116
P1_A485	1276	71091	0.0001379954139222	-1.1466170023401938
P1_A485	1277	19041	0.000143560529816	-1.146473441810378
P1_A485	1278	74134	0.0001445538206909	-1.146328887989687
P1_A485	1279	236539	0.0001478393787095	-1.1461810486109774
P1_A485	1280	433938	0.0001483069615341	-1.1460327416494434
P1_A485	1281	14163	0.0001485534752484	-1.145884188174195
P1_A485	1282	408022	0.0001495165498656	-1.1457346716243295
P1_A485	1283	20536	0.0001498165488135	-1.145584855075516
P1_A485	1284	69129	0.0001505837388642	-1.1454342713366519
P1_A485	1285	57265	0.0001525185003145	-1.1452817528363375
P1_A485	1286	54126	0.0001530121936617	-1.1451287406426758
P1_A485	1287	72930	0.0001543017357882	-1.1449744389068877
P1_A485	1288	14732	0.0001554325169276	-1.1448190063899601
P1_A485	1289	232146	0.0001557523861583	-1.1446632540038018
P1_A485	1290	234267	0.0001563875780373	-1.1445068664257645
P1_A485	1291	338403	0.0001565209252967	-1.1443503455004678
P1_A485	1292	14183	0.0001600354391843	-1.1441903100612836
P1_A485	1293	234515	0.000160651022657	-1.1440296590386265
P1_A485	1294	71994	0.0001613612108264	-1.1438682978278
P1_A485	1295	268859	0.000161665760271	-1.143706632067529
P1_A485	1296	236930	0.0001620347051429	-1.1435445973623861
P1_A485	1297	233744	0.0001626146656244	-1.1433819826967617
P1_A485	1298	11480	0.0001639783317323	-1.1432180043650295
P1_A485	1299	73822	0.0001652987625719	-1.1430527056024575
P1_A485	1300	329650	0.0001663243979525	-1.142886381204505
P1_A485	1301	16420	0.0001695932206518	-1.1427167879838531
P1_A485	1302	73379	0.0001698033617042	-1.142546984622149
P1_A485	1303	140580	0.0001699241331168	-1.1423770604890322
P1_A485	1304	73327	0.0001712991927435	-1.1422057612962888
P1_A485	1305	381644	0.0001719931019671	-1.1420337681943218
P1_A485	1306	18205	0.0001722158835425	-1.1418615523107793
P1_A485	1307	271005	0.0001746561923805	-1.1416868961183988
P1_A485	1308	19338	0.000177269429618	-1.1415096266887808
P1_A485	1309	51801	0.0001774766837478	-1.1413321500050329
P1_A485	1310	84036	0.0001795831099607	-1.1411525668950722
P1_A485	1311	330355	0.00017990860781	-1.1409726582872621
P1_A485	1312	12630	0.0001802948425179	-1.1407923634447443
P1_A485	1313	50500	0.0001846075038262	-1.1406077559409182
P1_A485	1314	319991	0.0001857954438229	-1.1404219604970953
P1_A485	1315	22151	0.0001873170437681	-1.1402346434533273
P1_A485	1316	12311	0.0001885999619077	-1.1400460434914195
P1_A485	1317	104816	0.000196752102219	-1.1398492913892004
P1_A485	1318	245026	0.0001970121819037	-1.1396522792072967
P1_A485	1319	243362	0.000198281928129	-1.1394539972791677
P1_A485	1320	15118	0.0001983644601615	-1.1392556328190062
P1_A485	1321	226861	0.0002001347163692	-1.139055498102637
P1_A485	1322	20532	0.0002021302399313	-1.1388533678627057
P1_A485	1323	246707	0.0002067128070323	-1.1386466550556735
P1_A485	1324	192976	0.0002094552846243	-1.1384371997710492
P1_A485	1325	20296	0.0002115667423467	-1.1382256330287024
P1_A485	1326	14623	0.000216238014941	-1.1380093950137613
P1_A485	1327	225358	0.0002196709871216	-1.1377897240266397
P1_A485	1328	226098	0.0002237261187987	-1.137565997907841
P1_A485	1329	18602	0.0002264981205568	-1.137339499787284
P1_A485	1330	16764	0.0002272224815375	-1.1371122773057467
P1_A485	1331	239364	0.0002272532852145	-1.1368850240205322
P1_A485	1332	320051	0.0002291047623835	-1.1366559192581487
P1_A485	1333	226777	0.0002296385010948	-1.136426280757054
P1_A485	1334	214663	0.0002306948989033	-1.1361955858581507
P1_A485	1335	100434	0.0002336250484843	-1.1359619608096665
P1_A485	1336	54420	0.0002351998444376	-1.1357267609652288
P1_A485	1337	13844	0.0002382267608757	-1.1354885342043533
P1_A485	1338	69217	0.0002382279069014	-1.135250306297452
P1_A485	1339	20778	0.0002409960069394	-1.1350093102905126
P1_A485	1340	75669	0.0002417332698495	-1.134767577020663
P1_A485	1341	319520	0.0002448614424643	-1.1345227155781987
P1_A485	1342	235534	0.0002551934571901	-1.1342675221210086
P1_A485	1343	380713	0.0002558304044163	-1.1340116917165923
P1_A485	1344	381175	0.000256346979305	-1.1337553447372872
P1_A485	1345	21823	0.000257007233694	-1.1334983375035932
P1_A485	1346	223272	0.0002582837933681	-1.1332400537102252
P1_A485	1347	56419	0.0002592651019559	-1.1329807886082692
P1_A485	1348	17345	0.000260381933266	-1.1327204066750032
P1_A485	1349	240055	0.0002605537569025	-1.1324598529181007
P1_A485	1350	218461	0.0002618735783553	-1.1321979793397454
P1_A485	1351	23836	0.0002632509096033	-1.1319347284301422
P1_A485	1352	235134	0.0002640602406594	-1.1316706681894828
P1_A485	1353	23928	0.0002654745884604	-1.1314051936010223
P1_A485	1354	73075	0.0002655055000505	-1.1311396881009719
P1_A485	1355	74013	0.0002657155227287	-1.130873972578243
P1_A485	1356	217946	0.0002666050407274	-1.1306073675375157
P1_A485	1357	78376	0.0002682934998643	-1.1303390740376513
P1_A485	1358	108089	0.0002698629460821	-1.1300692110915693
P1_A485	1359	77593	0.0002703678400516	-1.1297988432515178
P1_A485	1360	71145	0.0002745117332041	-1.1295243315183137
P1_A485	1361	69574	0.0002760571842111	-1.1292482743341026
P1_A485	1362	216867	0.0002766872437972	-1.1289715870903054
P1_A485	1363	14544	0.0002771060716696	-1.128694481018636
P1_A485	1364	319634	0.0002797658619379	-1.128414715156698
P1_A485	1365	17930	0.0002822435406459	-1.128132471616052
P1_A485	1366	210044	0.0002828220353195	-1.1278496495807324
P1_A485	1367	16590	0.0002909864308756	-1.1275586631498569
P1_A485	1368	211484	0.0002943089432235	-1.1272643542066334
P1_A485	1369	225997	0.000295795321936	-1.1269685588846974
P1_A485	1370	57443	0.0002961479358934	-1.126672410948804
P1_A485	1371	68728	0.0003010905975966	-1.1263713203512074
P1_A485	1372	13710	0.0003025964380699	-1.1260687239131375
P1_A485	1373	60594	0.0003037907358855	-1.125764933177252
P1_A485	1374	22223	0.0003110047724552	-1.1254539284047966
P1_A485	1375	18453	0.0003119893999238	-1.125141939004873
P1_A485	1376	12140	0.0003178756146786	-1.1248240633901943
P1_A485	1377	78977	0.0003224220172608	-1.1245016413729334
P1_A485	1378	67784	0.0003245398584235	-1.12417710151451
P1_A485	1379	106042	0.0003254730621501	-1.1238516284523599
P1_A485	1380	14160	0.0003339665855014	-1.1235176618668585
P1_A485	1381	208518	0.0003343988148396	-1.1231832630520189
P1_A485	1382	13823	0.0003352524220668	-1.122848010629952
P1_A485	1383	12416	0.0003451719486939	-1.122502838681258
P1_A485	1384	74091	0.0003463911708722	-1.122156447510386
P1_A485	1385	68567	0.0003484470217466	-1.1218080004886395
P1_A485	1386	14221	0.0003507304973793	-1.1214572699912602
P1_A485	1387	65970	0.0003510138109402	-1.12110625618032
P1_A485	1388	68642	0.0003532024909798	-1.1207530536893402
P1_A485	1389	239273	0.0003558840698733	-1.120397169619467
P1_A485	1390	18769	0.0003604517136587	-1.1200367179058084
P1_A485	1391	229595	0.0003682383383175	-1.119668479567491
P1_A485	1392	19417	0.0003691221668585	-1.1192993574006325
P1_A485	1393	12550	0.0003704316175485	-1.118928925783084
P1_A485	1394	214804	0.0003705026930376	-1.1185584230900463
P1_A485	1395	319613	0.0003705824684987	-1.1181878406215475
P1_A485	1396	140721	0.0003741040391665	-1.117813736582381
P1_A485	1397	70676	0.0003790285158751	-1.117434708066506
P1_A485	1398	16007	0.0003794543441706	-1.1170552537223353
P1_A485	1399	74393	0.000382714586729	-1.1166725391356063
P1_A485	1400	20515	0.0003834518745267	-1.1162890872610796
P1_A485	1401	70454	0.0003880537392186	-1.1159010335218609
P1_A485	1402	20616	0.0003917750593845	-1.1155092584624764
P1_A485	1403	21339	0.0004005838676726	-1.1151086745948038
P1_A485	1404	76261	0.0004014799444242	-1.1147071946503795
P1_A485	1405	67603	0.0004025061739403	-1.1143046884764392
P1_A485	1406	225913	0.0004044004451503	-1.113900288031289
P1_A485	1407	20419	0.0004054506265411	-1.1134948374047478
P1_A485	1408	17127	0.0004081202030607	-1.113086717201687
P1_A485	1409	83771	0.0004082394748466	-1.1126784777268404
P1_A485	1410	17300	0.0004102344890908	-1.1122682432377495
P1_A485	1411	237387	0.0004109941782497	-1.1118572490594998
P1_A485	1412	56316	0.0004112925028473	-1.1114459565566526
P1_A485	1413	320472	0.0004144323450799	-1.1110315242115727
P1_A485	1414	70008	0.0004213170617107	-1.110610207149862
P1_A485	1415	625249	0.0004237670654893	-1.1101864400843726
P1_A485	1416	13008	0.0004264067595239	-1.1097600333248487
P1_A485	1417	72008	0.0004306152094548	-1.1093294181153939
P1_A485	1418	20912	0.0004364963919172	-1.1088929217234766
P1_A485	1419	231238	0.0004368494316197	-1.108456072291857
P1_A485	1420	17064	0.0004382145111849	-1.108017857780672
P1_A485	1421	279561	0.0004521198584733	-1.1075657379221988
P1_A485	1422	338362	0.0004523705994459	-1.107113367322753
P1_A485	1423	56811	0.0004527431458433	-1.1066606241769097
P1_A485	1424	231470	0.0004680495423144	-1.1061925746345953
P1_A485	1425	16162	0.0004727502118997	-1.1057198244226956
P1_A485	1426	20540	0.0004754496313819	-1.1052443747913137
P1_A485	1427	83429	0.0004767070879282	-1.1047676677033855
P1_A485	1428	215798	0.000485606894758	-1.1042820608086275
P1_A485	1429	11459	0.0004941149461445	-1.1037879458624829
P1_A485	1430	72748	0.000494230373014	-1.1032937154894689
P1_A485	1431	19739	0.0004943236488129	-1.102799391840656
P1_A485	1432	66349	0.0004944528391551	-1.102304939001501
P1_A485	1433	78619	0.0005000911470716	-1.1018048478544293
P1_A485	1434	99010	0.000504795551027	-1.1013000523034024
P1_A485	1435	320664	0.0005059807940367	-1.1007940715093658
P1_A485	1436	74717	0.0005096739196415	-1.1002843975897243
P1_A485	1437	54519	0.0005132179679978	-1.0997711796217264
P1_A485	1438	19273	0.0005156190590433	-1.099255560562683
P1_A485	1439	18039	0.0005160827772065	-1.0987394777854764
P1_A485	1440	53324	0.0005174310769097	-1.0982220467085668
P1_A485	1441	14026	0.0005209419930939	-1.097701104715473
P1_A485	1442	93838	0.000521493205956	-1.097179611509517
P1_A485	1443	80909	0.0005222445167896	-1.0966573669927273
P1_A485	1444	230721	0.0005237785788692	-1.096133588413858
P1_A485	1445	382913	0.0005238561833218	-1.0956097322305363
P1_A485	1446	74761	0.0005245759522212	-1.095085156278315
P1_A485	1447	67819	0.0005253242115871	-1.094559832066728
P1_A485	1448	52589	0.0005296395483327	-1.0940301925183953
P1_A485	1449	72607	0.0005316420595849	-1.0934985504588104
P1_A485	1450	28113	0.000531774309165	-1.0929667761496453
P1_A485	1451	72097	0.0005347324593891	-1.0924320436902561
P1_A485	1452	234857	0.0005423880180824	-1.0918896556721738
P1_A485	1453	209966	0.0005430028476826	-1.0913466528244913
P1_A485	1454	11364	0.0005476214093842	-1.090799031415107
P1_A485	1455	22771	0.000547949144079	-1.090251082271028
P1_A485	1456	14802	0.0005563592847117	-1.0896947229863163
P1_A485	1457	67419	0.0005568400383229	-1.0891378829479934
P1_A485	1458	320662	0.0005594982931575	-1.0885783846548358
P1_A485	1459	18585	0.0005605108335415	-1.0880178738212942
P1_A485	1460	12449	0.0005605898018505	-1.0874572840194436
P1_A485	1461	73747	0.0005670787337505	-1.0868902052856932
P1_A485	1462	192192	0.0005829621214651	-1.0863072431642282
P1_A485	1463	241226	0.0005884028471364	-1.0857188403170919
P1_A485	1464	107449	0.0005891959039609	-1.0851296444131309
P1_A485	1465	17390	0.0005957702531233	-1.0845338741600075
P1_A485	1466	80890	0.0005982447913611	-1.0839356293686464
P1_A485	1467	67865	0.0005995200505226	-1.0833361093181237
P1_A485	1468	12333	0.0005995231453316	-1.0827365861727922
P1_A485	1469	320557	0.0005995805168654	-1.0821370056559267
P1_A485	1470	328381	0.0006015813951165	-1.0815354242608102
P1_A485	1471	237211	0.0006020191052869	-1.0809334051555233
P1_A485	1472	55987	0.0006024400068367	-1.0803309651486865
P1_A485	1473	109245	0.0006043152764188	-1.0797266498722677
P1_A485	1474	229228	0.0006076734937771	-1.0791189763784907
P1_A485	1475	69684	0.0006156546000669	-1.078503321778424
P1_A485	1476	67059	0.0006167943463987	-1.0778865274320253
P1_A485	1477	56279	0.0006185613133952	-1.0772679661186302
P1_A485	1478	13106	0.0006219725392548	-1.0766459935793753
P1_A485	1479	330301	0.0006253003557573	-1.076020693223618
P1_A485	1480	11307	0.0006280848133229	-1.0753926084102952
P1_A485	1481	271711	0.0006316391285544	-1.0747609692817408
P1_A485	1482	268780	0.0006356624959055	-1.0741253067858354
P1_A485	1483	19734	0.0006364515601176	-1.0734888552257178
P1_A485	1484	233875	0.0006372250865126	-1.0728516301392053
P1_A485	1485	192232	0.000637682184471	-1.0722139479547343
P1_A485	1486	15186	0.0006383813299897	-1.0715755666247446
P1_A485	1487	216850	0.0006424679587003	-1.0709330986660444
P1_A485	1488	272636	0.0006552145171161	-1.0702778841489282
P1_A485	1489	244895	0.0006706939686743	-1.069607190180254
P1_A485	1490	75668	0.0006758184043189	-1.068931371775935
P1_A485	1491	235028	0.0006780729814289	-1.0682532987945061
P1_A485	1492	68667	0.0006781406249534	-1.0675751581695527
P1_A485	1493	11593	0.0006826250949894	-1.0668925330745633
P1_A485	1494	227197	0.000691788583496	-1.0662007444910673
P1_A485	1495	19876	0.0007001357308274	-1.0655006087602399
P1_A485	1496	327957	0.0007058673991184	-1.0647947413611214
P1_A485	1497	56513	0.0007126963353965	-1.064082045025725
P1_A485	1498	214580	0.0007141971128013	-1.0633678479129236
P1_A485	1499	66083	0.0007281710347784	-1.0626396768781452
P1_A485	1500	216049	0.0007307014274455	-1.0619089754506996
P1_A485	1501	56047	0.0007332048987205	-1.061175770551979
P1_A485	1502	94040	0.0007341044519128	-1.0604416661000662
P1_A485	1503	23999	0.000735993665098	-1.0597056724349683
P1_A485	1504	52245	0.0007562516175182	-1.0589494208174501
P1_A485	1505	20475	0.000761429298081	-1.058187991519369
P1_A485	1506	64340	0.0007702284141166	-1.0574177631052524
P1_A485	1507	14027	0.000770962976779	-1.0566468001284735
P1_A485	1508	666048	0.0007794238395553	-1.0558673762889181
P1_A485	1509	83921	0.0007813304289802	-1.055086045859938
P1_A485	1510	319670	0.0007838920567917	-1.0543021538031463
P1_A485	1511	26878	0.0007913154194352	-1.053510838383711
P1_A485	1512	55963	0.000802105865554	-1.052708732518157
P1_A485	1513	14760	0.0008051898390264	-1.0519035426791306
P1_A485	1514	68802	0.0008060034427461	-1.0510975392363844
P1_A485	1515	13522	0.0008064611382451	-1.0502910780981394
P1_A485	1516	227327	0.0008071880557066	-1.0494838900424328
P1_A485	1517	320696	0.0008076323319099	-1.0486762577105229
P1_A485	1518	234740	0.0008083470771959	-1.047867910633327
P1_A485	1519	16497	0.0008149990182724	-1.0470529116150546
P1_A485	1520	13082	0.0008224091824386	-1.046230502432616
P1_A485	1521	208715	0.000833634383076	-1.04539686804954
P1_A485	1522	59030	0.0008351607602236	-1.0445617072893165
P1_A485	1523	56527	0.0008374517598196	-1.043724255529497
P1_A485	1524	11606	0.0008384058785128	-1.0428858496509843
P1_A485	1525	57746	0.0008487782007549	-1.0420370714502294
P1_A485	1526	12323	0.0008626517118403	-1.0411744197383892
P1_A485	1527	19769	0.0008638609930659	-1.0403105587453234
P1_A485	1528	319953	0.0008696863419441	-1.0394408724033792
P1_A485	1529	71876	0.0008727381070871	-1.0385681342962922
P1_A485	1530	64945	0.0008736800289216	-1.0376944542673707
P1_A485	1531	76866	0.0008754625799355	-1.0368189916874353
P1_A485	1532	20104	0.0008758459914265	-1.0359431456960089
P1_A485	1533	224171	0.0008773542887024	-1.0350657914073065
P1_A485	1534	71820	0.0008790461085091	-1.0341867452987974
P1_A485	1535	223774	0.0008843417680654	-1.0333024035307319
P1_A485	1536	28146	0.0008887240042571	-1.032413679526475
P1_A485	1537	50934	0.0008961925859256	-1.0315174869405492
P1_A485	1538	54131	0.0008967616325199	-1.0306207253080293
P1_A485	1539	83433	0.0009017138447077	-1.0297190114633217
P1_A485	1540	102124	0.0009063821978597	-1.028812629265462
P1_A485	1541	53972	0.0009063910264198	-1.0279062382390423
P1_A485	1542	102436	0.0009085896560387	-1.0269976485830035
P1_A485	1543	67703	0.0009128983453256	-1.0260847502376778
P1_A485	1544	67971	0.0009231659704552	-1.0251615842672226
P1_A485	1545	237353	0.0009253665529114	-1.0242362177143112
P1_A485	1546	243277	0.0009272952248664	-1.0233089224894447
P1_A485	1547	56496	0.0009300678353327	-1.022378854654112
P1_A485	1548	72568	0.000930830931547	-1.021448023722565
P1_A485	1549	102774	0.0009317883161242	-1.0205162354064408
P1_A485	1550	20525	0.0009325583075339	-1.0195836770989068
P1_A485	1551	14067	0.0009357563952084	-1.0186479207036985
P1_A485	1552	15277	0.0009366291745078	-1.0177112915291906
P1_A485	1553	105675	0.0009634086746256	-1.016747882854565
P1_A485	1554	56523	0.0009829791063736	-1.0157649037481915
P1_A485	1555	104445	0.000984359804023	-1.0147805439441686
P1_A485	1556	353502	0.0009910360910608	-1.0137895078531078
P1_A485	1557	320495	0.0009922409757894	-1.0127972668773184
P1_A485	1558	26411	0.0010076901686209	-1.0117895767086975
P1_A485	1559	243983	0.0010112054149754	-1.0107783712937222
P1_A485	1560	16658	0.0010175010989162	-1.009760870194806
P1_A485	1561	244653	0.0010250578011132	-1.0087358123936927
P1_A485	1562	76179	0.0010251979341042	-1.0077106144595884
P1_A485	1563	83671	0.0010433269739913	-1.006667287485597
P1_A485	1564	105439	0.0010444718042289	-1.0056228156813682
P1_A485	1565	11931	0.001053271470138	-1.0045695442112303
P1_A485	1566	67963	0.001080601141212	-1.0034889430700185
P1_A485	1567	109019	0.0010851280185729	-1.0024038150514456
P1_A485	1568	72778	0.001087829739963	-1.0013159853114826
P1_A485	1569	56794	0.0010914806169834	-1.000224504694499
P1_A485	1570	50784	0.0010971838951379	-0.9991273207993612
P1_A485	1571	50874	0.0011024820592884	-0.9980248387400728
P1_A485	1572	11733	0.0011058982842977	-0.996918940455775
P1_A485	1573	231125	0.0011118811566575	-0.9958070592991175
P1_A485	1574	66999	0.0011191523294644	-0.9946879069696531
P1_A485	1575	29856	0.001125602811253	-0.9935623041584002
P1_A485	1576	66412	0.0011264715237636	-0.9924358326346366
P1_A485	1577	16975	0.0011306088888765	-0.9913052237457601
P1_A485	1578	67211	0.0011328312571409	-0.9901723924886192
P1_A485	1579	70129	0.0011361387803189	-0.9890362537083003
P1_A485	1580	18230	0.0011420424463813	-0.987894211261919
P1_A485	1581	22350	0.0011479301165232	-0.9867462811453958
P1_A485	1582	14369	0.0011505102822895	-0.9855957708631062
P1_A485	1583	16598	0.0011513372919826	-0.9844444335711237
P1_A485	1584	16826	0.0011551691181857	-0.983289264452938
P1_A485	1585	22381	0.0011609402637481	-0.9821283241891898
P1_A485	1586	74202	0.0011618359940438	-0.980966488195146
P1_A485	1587	17350	0.0011676533586652	-0.9797988348364808
P1_A485	1588	50765	0.001168591155945	-0.9786302436805357
P1_A485	1589	19696	0.0011705635721372	-0.9774596801083986
P1_A485	1590	12818	0.0011826852433949	-0.9762769948650036
P1_A485	1591	226841	0.0011862579483473	-0.9750907369166564
P1_A485	1592	633640	0.0011918391809722	-0.9738988977356842
P1_A485	1593	68611	0.0011968733342071	-0.972702024401477
P1_A485	1594	19395	0.0012011895776132	-0.9715008348238638
P1_A485	1595	11745	0.0012063524644459	-0.970294482359418
P1_A485	1596	19268	0.0012296404102405	-0.9690648419491774
P1_A485	1597	16656	0.0012591848243212	-0.9678056571248562
P1_A485	1598	29857	0.0012604473997045	-0.9665452097251517
P1_A485	1599	16467	0.0012709040263517	-0.9652743056988
P1_A485	1600	11489	0.0012720147246308	-0.9640022909741692
P1_A485	1601	70574	0.0012724031632119	-0.9627298878109574
P1_A485	1602	58998	0.0012726891086691	-0.9614571987022883
P1_A485	1603	77056	0.0012809266225834	-0.9601762720797049
P1_A485	1604	66011	0.0012914922665128	-0.9588847798131921
P1_A485	1605	74589	0.0012926168182316	-0.9575921629949605
P1_A485	1606	14534	0.0012953198929038	-0.9562968431020568
P1_A485	1607	26912	0.0012978970912069	-0.9549989460108499
P1_A485	1608	15932	0.0012982809197038	-0.953700665091146
P1_A485	1609	57444	0.0013093439581443	-0.9523913211330017
P1_A485	1610	73825	0.0013124843113376	-0.9510788368216642
P1_A485	1611	114606	0.0013167138023278	-0.9497621230193364
P1_A485	1612	16797	0.0013191410236275	-0.9484429819957089
P1_A485	1613	109272	0.001335676532723	-0.9471073054629858
P1_A485	1614	22378	0.0013415545275653	-0.9457657509354205
P1_A485	1615	75750	0.0013453418623907	-0.9444204090730298
P1_A485	1616	29877	0.00135548734529	-0.9430649217277398
P1_A485	1617	319266	0.0013722433531697	-0.9416926783745702
P1_A485	1618	57890	0.001388589056755	-0.9403040893178152
P1_A485	1619	67582	0.0014008004841973	-0.9389032888336178
P1_A485	1620	234199	0.0014072543822356	-0.9374960344513823
P1_A485	1621	224661	0.0014072780592562	-0.9360887563921261
P1_A485	1622	77505	0.0014140396380742	-0.9346747167540519
P1_A485	1623	12298	0.0014151082486467	-0.9332596085054052
P1_A485	1624	13838	0.0014199182871295	-0.9318396902182757
P1_A485	1625	118449	0.0014203086710016	-0.9304193815472741
P1_A485	1626	244954	0.0014296096043423	-0.9289897719429318
P1_A485	1627	319974	0.001494984753421	-0.9274947871895107
P1_A485	1628	12166	0.0014985667250419	-0.9259962204644688
P1_A485	1629	75782	0.0015070328428588	-0.92448918762161
P1_A485	1630	240638	0.0015379219030429	-0.9229512657185671
P1_A485	1631	11720	0.0015424258443769	-0.9214088398741902
P1_A485	1632	231760	0.0015499914107972	-0.919858848463393
P1_A485	1633	16531	0.0015573240907415	-0.9183015243726516
P1_A485	1634	77976	0.0015598267068457	-0.9167416976658058
P1_A485	1635	15936	0.0016049576379005	-0.9151367400279053
P1_A485	1636	20682	0.001627426678517	-0.9135093133493883
P1_A485	1637	66279	0.0016282651608586	-0.9118810481885298
P1_A485	1638	66446	0.00163874542912	-0.9102423027594098
P1_A485	1639	17436	0.0016593221356825	-0.9085829806237272
P1_A485	1640	67238	0.0016637714400419	-0.9069192091836853
P1_A485	1641	19342	0.0016853558311025	-0.9052338533525828
P1_A485	1642	225998	0.0016880962473575	-0.9035457571052252
P1_A485	1643	16373	0.0016891765027497	-0.9018565806024755
P1_A485	1644	268465	0.001693315179905	-0.9001632654225705
P1_A485	1645	232441	0.0016945673960057	-0.8984686980265648
P1_A485	1646	70928	0.0017044351973405	-0.8967642628292243
P1_A485	1647	224093	0.0017063509207898	-0.8950579119084345
P1_A485	1648	246048	0.0017183013558985	-0.8933396105525361
P1_A485	1649	17189	0.0017187427990854	-0.8916208677534507
P1_A485	1650	193838	0.0017429980241298	-0.8898778697293209
P1_A485	1651	13603	0.0017801111249898	-0.8880977586043312
P1_A485	1652	72003	0.0017848934252034	-0.8863128651791278
P1_A485	1653	22116	0.0017896673732859	-0.8845231978058419
P1_A485	1654	64705	0.0017920595253265	-0.8827311382805154
P1_A485	1655	52276	0.001793385415523	-0.8809377528649924
P1_A485	1656	14761	0.0018191210021142	-0.8791186318628782
P1_A485	1657	211949	0.001819796387519	-0.8772988354753593
P1_A485	1658	56508	0.001831149215514	-0.8754676862598453
P1_A485	1659	71532	0.0018634086886888	-0.8736042775711564
P1_A485	1660	14696	0.0018810945856684	-0.871723182985488
P1_A485	1661	67893	0.001884197111702	-0.869838985873786
P1_A485	1662	54123	0.0018892479055054	-0.8679497379682807
P1_A485	1663	237175	0.0018939275882984	-0.8660558103799822
P1_A485	1664	108098	0.0019027227888629	-0.8641530875911193
P1_A485	1665	68845	0.0019049573747623	-0.862248130216357
P1_A485	1666	12483	0.0019245534922619	-0.8603235767240951
P1_A485	1667	71699	0.0019250259124104	-0.8583985508116847
P1_A485	1668	75769	0.0019296615020962	-0.8564688893095885
P1_A485	1669	58180	0.0019349505936569	-0.8545339387159316
P1_A485	1670	18150	0.0019469571398328	-0.8525869815760988
P1_A485	1671	20462	0.0019543478871899	-0.850632633688909
P1_A485	1672	72685	0.0019582697870826	-0.8486743639018264
P1_A485	1673	22417	0.0019842194803228	-0.8466901444215036
P1_A485	1674	627049	0.0019871793865962	-0.8447029650349074
P1_A485	1675	218763	0.002005469040761	-0.8426974959941463
P1_A485	1676	78284	0.0020117924810902	-0.8406857035130562
P1_A485	1677	56720	0.0020123646594429	-0.8386733388536133
P1_A485	1678	94091	0.0020229135517046	-0.8366504253019087
P1_A485	1679	22021	0.0020313843142214	-0.8346190409876872
P1_A485	1680	68799	0.0020344457857576	-0.8325845952019296
P1_A485	1681	104346	0.0020438156961504	-0.8305407795057792
P1_A485	1682	22031	0.0020502446352677	-0.8284905348705115
P1_A485	1683	216350	0.002058166438658	-0.8264323684318535
P1_A485	1684	12326	0.0020594598700444	-0.8243729085618091
P1_A485	1685	14545	0.0020799111607533	-0.8222929974010558
P1_A485	1686	12348	0.0020957629637169	-0.8201972344373388
P1_A485	1687	14229	0.0020966808180634	-0.8181005536192755
P1_A485	1688	14062	0.0021030162358815	-0.815997537383394
P1_A485	1689	320204	0.0021142532084177	-0.8138832841749762
P1_A485	1690	319504	0.0021333490627125	-0.8117499351122638
P1_A485	1691	67976	0.0021667987868957	-0.809583136325368
P1_A485	1692	30935	0.0021903234610212	-0.8073928128643468
P1_A485	1693	105727	0.002209006495766	-0.8051838063685808
P1_A485	1694	58243	0.0022147468655384	-0.8029690595030424
P1_A485	1695	57344	0.0022182310072818	-0.8007508284957606
P1_A485	1696	66395	0.0022274999726501	-0.7985233285231105
P1_A485	1697	67739	0.0022327342637862	-0.7962905942593242
P1_A485	1698	108153	0.0022523021877643	-0.79403829207156
P1_A485	1699	209212	0.0022876793097637	-0.7917506127617963
P1_A485	1700	242505	0.0022989681623938	-0.7894516445994024
P1_A485	1701	56078	0.0023257269556222	-0.7871259176437803
P1_A485	1702	72050	0.0023303810239398	-0.7847955366198405
P1_A485	1703	53625	0.0023452069498277	-0.7824503296700128
P1_A485	1704	329278	0.0023618218323014	-0.7800885078377114
P1_A485	1705	22234	0.0023651893528137	-0.7777233184848977
P1_A485	1706	320508	0.0023722108658528	-0.7753511076190449
P1_A485	1707	68082	0.0023778995957242	-0.7729732080233207
P1_A485	1708	71998	0.0024319423685721	-0.7705412656547486
P1_A485	1709	26874	0.002437280313064	-0.7681039853416846
P1_A485	1710	12986	0.0024449771714514	-0.7656590081702331
P1_A485	1711	12702	0.0024965481763344	-0.7631624599938988
P1_A485	1712	192216	0.0024973142317056	-0.7606651457621931
P1_A485	1713	22401	0.0025058748304944	-0.7581592709316988
P1_A485	1714	170711	0.0025370291540708	-0.7556222417776279
P1_A485	1715	56213	0.0025734154620258	-0.7530488263156021
P1_A485	1716	16889	0.0025788930884044	-0.7504699332271977
P1_A485	1717	81006	0.0026067431775748	-0.7478631900496229
P1_A485	1718	15939	0.0026266447615512	-0.7452365452880717
P1_A485	1719	59288	0.0026346548748132	-0.7426018904132585
P1_A485	1720	70717	0.0026527528444188	-0.7399491375688397
P1_A485	1721	23805	0.0026910488081146	-0.7372580887607252
P1_A485	1722	77889	0.0027297035477838	-0.7345283852129414
P1_A485	1723	209558	0.0027491323708817	-0.7317792528420597
P1_A485	1724	217558	0.0027684367411456	-0.7290108161009141
P1_A485	1725	108147	0.0027789251842213	-0.7262318909166928
P1_A485	1726	19703	0.0028491746356991	-0.7233827162809937
P1_A485	1727	14612	0.0028496510604716	-0.7205330652205221
P1_A485	1728	194388	0.0028666559046672	-0.7176664093158549
P1_A485	1729	230784	0.0028714258140655	-0.7147949835017894
P1_A485	1730	17060	0.0028856289992906	-0.7119093545024988
P1_A485	1731	320438	0.0029010536749828	-0.709008300827516
P1_A485	1732	94180	0.0029095553852427	-0.7060987454422732
P1_A485	1733	56399	0.0029315575041079	-0.7031671879381654
P1_A485	1734	71911	0.0029481928785389	-0.7002189950596265
P1_A485	1735	15273	0.0030070303540725	-0.697211964705554
P1_A485	1736	227674	0.0030236549867938	-0.6941883097187602
P1_A485	1737	116847	0.0030519959449898	-0.6911363137737704
P1_A485	1738	93761	0.0030704349100075	-0.6880658788637629
P1_A485	1739	74241	0.0031144011387109	-0.684951477725052
P1_A485	1740	16404	0.003117420616999	-0.681834057108053
P1_A485	1741	214901	0.0031311139288054	-0.6787029431792476
P1_A485	1742	52588	0.0031562959665206	-0.6755466472127271
P1_A485	1743	104458	0.003211915479852	-0.6723347317328751
P1_A485	1744	21825	0.0032245519030704	-0.6691101798298047
P1_A485	1745	19736	0.0032466027921888	-0.6658635770376159
P1_A485	1746	12683	0.0032728368697113	-0.6625907401679046
P1_A485	1747	15904	0.0032762601591416	-0.659314480008763
P1_A485	1748	53422	0.0033198120747669	-0.6559946679339961
P1_A485	1749	12830	0.0033461658023999	-0.6526485021315962
P1_A485	1750	18762	0.0033495109042815	-0.6492989912273147
P1_A485	1751	232946	0.0034519259948324	-0.6458470652324824
P1_A485	1752	240354	0.0034591499210245	-0.6423879153114579
P1_A485	1753	72287	0.0034701083497934	-0.6389178069616644
P1_A485	1754	229699	0.0035643495087148	-0.6353534574529497
P1_A485	1755	66464	0.0036877448744129	-0.6316657125785368
P1_A485	1756	17883	0.0036958741501956	-0.6279698384283412
P1_A485	1757	74166	0.0037064984656887	-0.6242633399626525
P1_A485	1758	269643	0.0037109045973122	-0.6205524353653403
P1_A485	1759	26922	0.0037402192416855	-0.6168122161236548
P1_A485	1760	14050	0.0037751427937429	-0.6130370733299119
P1_A485	1761	19245	0.0038659180422207	-0.6091711552876912
P1_A485	1762	18985	0.003876363208004	-0.6052947920796872
P1_A485	1763	12286	0.0039571480490076	-0.6013376440306796
P1_A485	1764	56017	0.0039937183283043	-0.5973439257023753
P1_A485	1765	207792	0.0040269964427012	-0.593316929259674
P1_A485	1766	217935	0.0040273885023886	-0.5892895407572855
P1_A485	1767	22063	0.0040302504914381	-0.5852592902658473
P1_A485	1768	94088	0.0040441846297469	-0.5812151056361005
P1_A485	1769	67374	0.0040911001755453	-0.5771240054605552
P1_A485	1770	100019	0.0041099317796701	-0.5730140736808851
P1_A485	1771	76491	0.0041135231138012	-0.5689005505670839
P1_A485	1772	67848	0.0041324820857161	-0.5647680684813677
P1_A485	1773	14184	0.0041707040392055	-0.5605973644421622
P1_A485	1774	66269	0.0041852278631784	-0.5564121365789838
P1_A485	1775	11363	0.0041966888862592	-0.5522154476927246
P1_A485	1776	76025	0.0043382567715912	-0.5478771909211334
P1_A485	1777	17427	0.0044407387216122	-0.5434364521995212
P1_A485	1778	13681	0.0044407557175564	-0.5389956964819648
P1_A485	1779	71607	0.0044863624776078	-0.534509334004357
P1_A485	1780	242860	0.0045355094501721	-0.5299738245541848
P1_A485	1781	18563	0.0046551684254782	-0.5253186561287067
P1_A485	1782	76142	0.0047650963565937	-0.5205535597721129
P1_A485	1783	20200	0.004777748282399	-0.515775811489714
P1_A485	1784	110521	0.0047822698348658	-0.5109935416548481
P1_A485	1785	56434	0.0047926914215726	-0.5062008502332755
P1_A485	1786	18187	0.0047957613656144	-0.5014050888676611
P1_A485	1787	67369	0.0048260755491614	-0.4965790133184997
P1_A485	1788	320560	0.0048492337148663	-0.4917297796036334
P1_A485	1789	22370	0.0049708206588934	-0.48675895894474
P1_A485	1790	75695	0.0050201853362918	-0.4817387736084482
P1_A485	1791	17117	0.0050272889643166	-0.4767114846441316
P1_A485	1792	78749	0.0050644977827695	-0.4716469868613621
P1_A485	1793	18212	0.0051681518492509	-0.4664788350121112
P1_A485	1794	71310	0.0052403033817505	-0.46123853163036066
P1_A485	1795	12525	0.0053802049048697	-0.455858326725491
P1_A485	1796	12512	0.0054266530953847	-0.4504316736301063
P1_A485	1797	217154	0.0055157991996521	-0.44491587443045416
P1_A485	1798	20377	0.0056409900333975	-0.43927488439705664
P1_A485	1799	381157	0.0057113542033617	-0.4335635301936949
P1_A485	1800	246104	0.0057750483455176	-0.4277884818481773
P1_A485	1801	67422	0.0058727987343095	-0.4219156831138678
P1_A485	1802	213208	0.0058857155207361	-0.4160299675931317
P1_A485	1803	12398	0.0059088764344521	-0.4101210911586796
P1_A485	1804	20474	0.0059993721889398	-0.4041217189697398
P1_A485	1805	74414	0.0060482185557269	-0.3980735004140129
P1_A485	1806	231207	0.0062735729722338	-0.3917999274417791
P1_A485	1807	18294	0.0062907117950161	-0.385509215646763
P1_A485	1808	21426	0.0065266457623272	-0.3789825698844358
P1_A485	1809	208154	0.0066061939887947	-0.3723763758956411
P1_A485	1810	23923	0.0066903489415041	-0.365686026954137
P1_A485	1811	16456	0.0067191889077844	-0.3589668380463526
P1_A485	1812	20288	0.0067293066854641	-0.3522375313608885
P1_A485	1813	53791	0.0067909931027774	-0.34544653825811106
P1_A485	1814	71835	0.006947230396181	-0.33849930786193005
P1_A485	1815	17342	0.0069837949867866	-0.33151551287514347
P1_A485	1816	16008	0.0070152194615881	-0.32450029341355535
P1_A485	1817	15212	0.0070985951833415	-0.31740169823021386
P1_A485	1818	12978	0.0072052806181681	-0.31019641761204575
P1_A485	1819	17880	0.0072445262233599	-0.30295189138868583
P1_A485	1820	225266	0.007249835595719	-0.2957020557929668
P1_A485	1821	171285	0.0075023436610833	-0.2881997121318835
P1_A485	1822	231712	0.0075691274022488	-0.2806305847296347
P1_A485	1823	29862	0.0080344614100713	-0.2725961233195634
P1_A485	1824	22352	0.0080492603167612	-0.2645468630028022
P1_A485	1825	68603	0.0080624431383931	-0.2564844198644091
P1_A485	1826	13040	0.0085697292280517	-0.2479146906363574
P1_A485	1827	64918	0.009015170921801	-0.23889951971455642
P1_A485	1828	16854	0.0090819468123251	-0.22981757290223132
P1_A485	1829	14735	0.0095809005622804	-0.22023667233995092
P1_A485	1830	22271	0.0104176279968066	-0.20981904434314433
P1_A485	1831	83453	0.0104775133735576	-0.19934153096958673
P1_A485	1832	12568	0.0131868425935299	-0.18615468837605684
P1_A485	1833	238271	0.0135140902227533	-0.17264059815330354
P1_A485	1834	12575	0.0143245602642468	-0.15831603788905674
P1_A485	1835	15894	0.014912322330461	-0.14340371555859574
P1_A485	1836	26903	0.0175445681046944	-0.12585914745390134
P1_A485	1837	235587	0.0203730179221174	-0.10548612953178393
P1_A485	1838	16149	0.0208164638951493	-0.08466966563663464
P1_A485	1839	13011	0.0281184817684518	-0.056551183868182836
P1_A485+Dux	1	16601	-0.028304614924422	-0.028304614924422
P1_A485+Dux	2	100515	-0.0177379049044435	-0.0460425198288655
P1_A485+Dux	3	11932	-0.0168632624996379	-0.0629057823285034
P1_A485+Dux	4	22371	-0.0165708467545539	-0.0794766290830573
P1_A485+Dux	5	27060	-0.0160636593450169	-0.0955402884280742
P1_A485+Dux	6	226830	-0.0130082934373441	-0.1085485818654183
P1_A485+Dux	7	15507	-0.0126144179561021	-0.1211629998215204
P1_A485+Dux	8	108811	-0.0122670298962202	-0.1334300297177406
P1_A485+Dux	9	69215	-0.0120770042592522	-0.1455070339769928
P1_A485+Dux	10	84095	-0.0120247846020428	-0.1575318185790356
P1_A485+Dux	11	227656	-0.0119941448556933	-0.1695259634347289
P1_A485+Dux	12	93695	-0.0117413804930492	-0.1812673439277781
P1_A485+Dux	13	225845	-0.0116049872308997	-0.1928723311586778
P1_A485+Dux	14	70099	-0.011387741805292	-0.2042600729639698
P1_A485+Dux	15	66614	-0.0108848584567814	-0.2151449314207512
P1_A485+Dux	16	20229	-0.0104896081908249	-0.2256345396115761
P1_A485+Dux	17	100502698	-0.0102984917651468	-0.2359330313767229
P1_A485+Dux	18	19173	-0.0102363319128447	-0.2461693632895676
P1_A485+Dux	19	108699	-0.0100477732386638	-0.2562171365282314
P1_A485+Dux	20	58243	-0.0095949592550815	-0.26581209578331294
P1_A485+Dux	21	381101	-0.0090646971652454	-0.2748767929485583
P1_A485+Dux	22	74186	-0.0090376340536062	-0.2839144270021645
P1_A485+Dux	23	14114	-0.0090255556202717	-0.2929399826224362
P1_A485+Dux	24	15505	-0.0088991674075035	-0.3018391500299397
P1_A485+Dux	25	54353	-0.0085924544776194	-0.31043160450755913
P1_A485+Dux	26	50915	-0.0083891365941571	-0.3188207411017162
P1_A485+Dux	27	106564	-0.0081765714207331	-0.3269973125224493
P1_A485+Dux	28	76917	-0.0081660724861463	-0.3351633850085956
P1_A485+Dux	29	212547	-0.0080667615604679	-0.3432301465690635
P1_A485+Dux	30	140742	-0.0080628032593289	-0.3512929498283924
P1_A485+Dux	31	268567	-0.0079048449208829	-0.35919779474927527
P1_A485+Dux	32	74513	-0.0078853389577352	-0.36708313370701046
P1_A485+Dux	33	224008	-0.0078307030529964	-0.37491383676000684
P1_A485+Dux	34	54598	-0.0076827190600184	-0.3825965558200252
P1_A485+Dux	35	76267	-0.0075804125146445	-0.3901769683346697
P1_A485+Dux	36	93689	-0.0075642533255732	-0.3977412216602429
P1_A485+Dux	37	54561	-0.0072763699825163	-0.4050175916427592
P1_A485+Dux	38	102871	-0.0072620011573208	-0.41227959280008
P1_A485+Dux	39	71913	-0.0072027008636423	-0.41948229366372225
P1_A485+Dux	40	116838	-0.0072015493861706	-0.4266838430498929
P1_A485+Dux	41	20907	-0.0070670222449114	-0.4337508652948043
P1_A485+Dux	42	72825	-0.0069701935549377	-0.440721058849742
P1_A485+Dux	43	16450	-0.0069479593417552	-0.4476690181914972
P1_A485+Dux	44	13032	-0.006939522927884	-0.4546085411193812
P1_A485+Dux	45	16570	-0.0069256748141873	-0.4615342159335685
P1_A485+Dux	46	83965	-0.0068875595678574	-0.46842177550142594
P1_A485+Dux	47	20500	-0.0067308017789936	-0.47515257728041954
P1_A485+Dux	48	110446	-0.0066904659600144	-0.4818430432404339
P1_A485+Dux	49	330171	-0.0066601525791149	-0.4885031958195488
P1_A485+Dux	50	18976	-0.0066177828182083	-0.4951209786377571
P1_A485+Dux	51	27276	-0.0064426296274984	-0.5015636082652555
P1_A485+Dux	52	109294	-0.0064382161255944	-0.5080018243908498
P1_A485+Dux	53	68611	-0.0062974280694218	-0.5142992524602716
P1_A485+Dux	54	74020	-0.0062254443753251	-0.5205246968355968
P1_A485+Dux	55	11815	-0.0061492277207013	-0.526673924556298
P1_A485+Dux	56	107227	-0.0060511532664072	-0.5327250778227052
P1_A485+Dux	57	227094	-0.0060451530624678	-0.538770230885173
P1_A485+Dux	58	22422	-0.0058950057291836	-0.5446652366143565
P1_A485+Dux	59	101502	-0.0058850764712263	-0.5505503130855828
P1_A485+Dux	60	66416	-0.0058747557071635	-0.5564250687927462
P1_A485+Dux	61	66169	-0.0057925858978664	-0.5622176546906126
P1_A485+Dux	62	245684	-0.0057907990843554	-0.568008453774968
P1_A485+Dux	63	16997	-0.0057899304599321	-0.5737983842349001
P1_A485+Dux	64	12294	-0.0057417171509086	-0.5795401013858088
P1_A485+Dux	65	241070	-0.0056559442882459	-0.5851960456740547
P1_A485+Dux	66	208795	-0.0056433284269082	-0.5908393741009629
P1_A485+Dux	67	93835	-0.0056215458458514	-0.5964609199468143
P1_A485+Dux	68	93888	-0.0055735174651037	-0.602034437411918
P1_A485+Dux	69	12023	-0.0055257485593503	-0.6075601859712683
P1_A485+Dux	70	13685	-0.0054495354985568	-0.613009721469825
P1_A485+Dux	71	16956	-0.0054296028046335	-0.6184393242744585
P1_A485+Dux	72	14681	-0.0053615852413454	-0.6238009095158039
P1_A485+Dux	73	629499	-0.0052472036556902	-0.6290481131714941
P1_A485+Dux	74	242509	-0.0051544140416578	-0.634202527213152
P1_A485+Dux	75	217082	-0.0051362116723802	-0.6393387388855322
P1_A485+Dux	76	18595	-0.0051243383420688	-0.644463077227601
P1_A485+Dux	77	54381	-0.0050825053693082	-0.6495455825969092
P1_A485+Dux	78	72486	-0.0050762118372456	-0.6546217944341548
P1_A485+Dux	79	59083	-0.0049887727211246	-0.6596105671552794
P1_A485+Dux	80	22695	-0.0048570692141427	-0.6644676363694222
P1_A485+Dux	81	268465	-0.0048494928481958	-0.669317129217618
P1_A485+Dux	82	67728	-0.0048493188362963	-0.6741664480539142
P1_A485+Dux	83	320974	-0.0048188861663609	-0.6789853342202752
P1_A485+Dux	84	170768	-0.004597911028964	-0.6835832452492392
P1_A485+Dux	85	69487	-0.0045903621580072	-0.6881736074072464
P1_A485+Dux	86	14605	-0.0045732299649772	-0.6927468373722236
P1_A485+Dux	87	58198	-0.0045600959709839	-0.6973069333432076
P1_A485+Dux	88	237711	-0.0045503118823652	-0.7018572452255728
P1_A485+Dux	89	108159	-0.0042345514286266	-0.7060917966541994
P1_A485+Dux	90	12972	-0.0041252863108393	-0.7102170829650387
P1_A485+Dux	91	13631	-0.0041098253556009	-0.7143269083206396
P1_A485+Dux	92	76884	-0.0040982858272979	-0.7184251941479375
P1_A485+Dux	93	64660	-0.004052696182304	-0.7224778903302415
P1_A485+Dux	94	17873	-0.0040453259502263	-0.7265232162804678
P1_A485+Dux	95	74182	-0.0040295373926822	-0.73055275367315
P1_A485+Dux	96	70717	-0.0039563332027858	-0.7345090868759357
P1_A485+Dux	97	234854	-0.0039503131199674	-0.7384593999959032
P1_A485+Dux	98	15200	-0.0039127789747832	-0.7423721789706863
P1_A485+Dux	99	30059	-0.0038872994706095	-0.7462594784412958
P1_A485+Dux	100	67669	-0.003845511715246	-0.7501049901565419
P1_A485+Dux	101	75769	-0.0038388045399394	-0.7539437946964813
P1_A485+Dux	102	227394	-0.0037826625545192	-0.7577264572510005
P1_A485+Dux	103	16525	-0.0037730012815079	-0.7614994585325084
P1_A485+Dux	104	239743	-0.0037437997666364	-0.7652432582991449
P1_A485+Dux	105	20350	-0.0037077672435169	-0.7689510255426617
P1_A485+Dux	106	20613	-0.0037032574203954	-0.772654282963057
P1_A485+Dux	107	18553	-0.0037023996323603	-0.7763566825954173
P1_A485+Dux	108	217198	-0.0036925429819153	-0.7800492255773327
P1_A485+Dux	109	75568	-0.003619973286755	-0.7836691988640877
P1_A485+Dux	110	26411	-0.0035965015498959	-0.7872657004139836
P1_A485+Dux	111	20512	-0.0035951327802149	-0.7908608331941985
P1_A485+Dux	112	170737	-0.0035950151583269	-0.7944558483525255
P1_A485+Dux	113	320865	-0.0035337110076042	-0.7979895593601297
P1_A485+Dux	114	29817	-0.0035267436305243	-0.801516302990654
P1_A485+Dux	115	74464	-0.0035024417966079	-0.8050187447872619
P1_A485+Dux	116	58223	-0.0034679892824867	-0.8084867340697486
P1_A485+Dux	117	74895	-0.0034675173948888	-0.8119542514646374
P1_A485+Dux	118	100072	-0.003450371130965	-0.8154046225956024
P1_A485+Dux	119	329502	-0.0034412893011107	-0.8188459118967131
P1_A485+Dux	120	231130	-0.0034269379369017	-0.8222728498336148
P1_A485+Dux	121	14595	-0.0033552113800655	-0.8256280612136803
P1_A485+Dux	122	68039	-0.0033506246623677	-0.828978685876048
P1_A485+Dux	123	52463	-0.0033397770797997	-0.8323184629558477
P1_A485+Dux	124	55927	-0.003337631086352	-0.8356560940421996
P1_A485+Dux	125	216616	-0.0033320844045446	-0.8389881784467442
P1_A485+Dux	126	231050	-0.003330237274109	-0.8423184157208532
P1_A485+Dux	127	74387	-0.0033293534240215	-0.8456477691448747
P1_A485+Dux	128	66673	-0.0033289347504922	-0.848976703895367
P1_A485+Dux	129	103711	-0.0032748354976521	-0.852251539393019
P1_A485+Dux	130	11601	-0.003246038530883	-0.855497577923902
P1_A485+Dux	131	18164	-0.0032330562369692	-0.8587306341608713
P1_A485+Dux	132	19876	-0.0032158559558887	-0.86194649011676
P1_A485+Dux	133	14766	-0.0031248790775231	-0.8650713691942831
P1_A485+Dux	134	18933	-0.003113139750271	-0.8681845089445541
P1_A485+Dux	135	26939	-0.0031003572434004	-0.8712848661879545
P1_A485+Dux	136	21339	-0.0030999787254627	-0.8743848449134173
P1_A485+Dux	137	353282	-0.0030891369448297	-0.877473981858247
P1_A485+Dux	138	11881	-0.0030883421876201	-0.8805623240458671
P1_A485+Dux	139	53619	-0.0030874309953342	-0.8836497550412012
P1_A485+Dux	140	12903	-0.0030847260337676	-0.8867344810749689
P1_A485+Dux	141	71648	-0.0030833425015296	-0.8898178235764985
P1_A485+Dux	142	243277	-0.0030713741183265	-0.892889197694825
P1_A485+Dux	143	14420	-0.0030165604352159	-0.8959057581300409
P1_A485+Dux	144	21334	-0.0030125629869482	-0.8989183211169891
P1_A485+Dux	145	24001	-0.0030115870806228	-0.9019299081976119
P1_A485+Dux	146	16007	-0.0029704782930031	-0.904900386490615
P1_A485+Dux	147	104943	-0.002949830355033	-0.907850216845648
P1_A485+Dux	148	194655	-0.0029487616786549	-0.9107989785243029
P1_A485+Dux	149	11717	-0.0028978789515356	-0.9136968574758385
P1_A485+Dux	150	12902	-0.0028070292401044	-0.916503886715943
P1_A485+Dux	151	192216	-0.0027964865208675	-0.9193003732368105
P1_A485+Dux	152	66591	-0.0027929567026126	-0.9220933299394231
P1_A485+Dux	153	228775	-0.0027884741498022	-0.9248818040892253
P1_A485+Dux	154	240055	-0.0027859519867824	-0.9276677560760077
P1_A485+Dux	155	22342	-0.0027632584706863	-0.930431014546694
P1_A485+Dux	156	13809	-0.0027625952129171	-0.9331936097596111
P1_A485+Dux	157	207495	-0.0027540948409202	-0.9359477046005312
P1_A485+Dux	158	110075	-0.0027434166871796	-0.9386911212877108
P1_A485+Dux	159	29857	-0.0027418886969251	-0.941433009984636
P1_A485+Dux	160	107448	-0.0027338073487454	-0.9441668173333814
P1_A485+Dux	161	22116	-0.0027218494624322	-0.9468886667958135
P1_A485+Dux	162	26874	-0.0027094073383849	-0.9495980741341984
P1_A485+Dux	163	116939	-0.0026950469991283	-0.9522931211333266
P1_A485+Dux	164	241525	-0.0026861418064977	-0.9549792629398244
P1_A485+Dux	165	329941	-0.0026831282632842	-0.9576623912031086
P1_A485+Dux	166	67419	-0.0026594196167163	-0.9603218108198249
P1_A485+Dux	167	67755	-0.0026488504443989	-0.9629706612642238
P1_A485+Dux	168	170706	-0.0026471831876983	-0.9656178444519221
P1_A485+Dux	169	22228	-0.0026399950127962	-0.9682578394647183
P1_A485+Dux	170	107587	-0.0026233000482114	-0.9708811395129298
P1_A485+Dux	171	15442	-0.0026033357082648	-0.9734844752211945
P1_A485+Dux	172	67795	-0.0026032056742434	-0.976087680895438
P1_A485+Dux	173	245049	-0.0025853773581589	-0.9786730582535969
P1_A485+Dux	174	14120	-0.0025762614026054	-0.9812493196562022
P1_A485+Dux	175	17897	-0.0025746550773405	-0.9838239747335427
P1_A485+Dux	176	75695	-0.0025740276204942	-0.9863980023540369
P1_A485+Dux	177	12978	-0.0025614949983064	-0.9889594973523432
P1_A485+Dux	178	76527	-0.002554267258722	-0.9915137646110652
P1_A485+Dux	179	245555	-0.002524483239789	-0.9940382478508543
P1_A485+Dux	180	213435	-0.0025003799678787	-0.9965386278187329
P1_A485+Dux	181	11363	-0.0024955303311569	-0.9990341581498898
P1_A485+Dux	182	17153	-0.0024912772241498	-1.0015254353740397
P1_A485+Dux	183	71839	-0.0024732083066985	-1.0039986436807382
P1_A485+Dux	184	83603	-0.0024713674286019	-1.00647001110934
P1_A485+Dux	185	63954	-0.0024569438733866	-1.0089269549827267
P1_A485+Dux	186	12142	-0.0024158280011899	-1.0113427829839166
P1_A485+Dux	187	75590	-0.0024103929580907	-1.0137531759420073
P1_A485+Dux	188	381157	-0.0024025722121337	-1.016155748154141
P1_A485+Dux	189	76866	-0.0023754210845784	-1.0185311692387193
P1_A485+Dux	190	67168	-0.0023578775402942	-1.0208890467790135
P1_A485+Dux	191	20692	-0.0023505506068705	-1.0232395973858839
P1_A485+Dux	192	224938	-0.0023416111310335	-1.0255812085169174
P1_A485+Dux	193	19769	-0.0023411851189172	-1.0279223936358346
P1_A485+Dux	194	72948	-0.0023016818731496	-1.0302240755089842
P1_A485+Dux	195	23985	-0.0022923841182085	-1.0325164596271927
P1_A485+Dux	196	74039	-0.0022837411209865	-1.0348002007481791
P1_A485+Dux	197	22042	-0.0022827949369049	-1.037082995685084
P1_A485+Dux	198	19220	-0.0022614331850526	-1.0393444288701366
P1_A485+Dux	199	20528	-0.0022458286681752	-1.0415902575383118
P1_A485+Dux	200	18791	-0.0022284027708779	-1.0438186603091897
P1_A485+Dux	201	382045	-0.0022048522131421	-1.0460235125223318
P1_A485+Dux	202	16971	-0.002199608933226	-1.0482231214555577
P1_A485+Dux	203	78797	-0.0021822563543813	-1.0504053778099391
P1_A485+Dux	204	21935	-0.0021818959722641	-1.0525872737822033
P1_A485+Dux	205	226591	-0.0021681601154088	-1.0547554338976122
P1_A485+Dux	206	207521	-0.0021658443744478	-1.05692127827206
P1_A485+Dux	207	109254	-0.0021563327129732	-1.0590776109850333
P1_A485+Dux	208	68631	-0.0021162550376613	-1.0611938660226945
P1_A485+Dux	209	54519	-0.002111151729749	-1.0633050177524435
P1_A485+Dux	210	20475	-0.0020421593275104	-1.0653471770799539
P1_A485+Dux	211	67893	-0.002036228721978	-1.0673834058019318
P1_A485+Dux	212	338370	-0.0020344864600452	-1.069417892261977
P1_A485+Dux	213	53418	-0.0020336277386768	-1.0714515200006538
P1_A485+Dux	214	55985	-0.0020149617460716	-1.0734664817467254
P1_A485+Dux	215	52906	-0.0020122391049751	-1.0754787208517005
P1_A485+Dux	216	65964	-0.0020077331326616	-1.077486453984362
P1_A485+Dux	217	207565	-0.0019810293827998	-1.0794674833671618
P1_A485+Dux	218	71228	-0.0019710382154529	-1.0814385215826148
P1_A485+Dux	219	77579	-0.0019363803137163	-1.083374901896331
P1_A485+Dux	220	13867	-0.0019338488348037	-1.0853087507311348
P1_A485+Dux	221	108897	-0.0019248398904973	-1.0872335906216322
P1_A485+Dux	222	214685	-0.0018816784521856	-1.0891152690738177
P1_A485+Dux	223	66522	-0.0018799130122194	-1.090995182086037
P1_A485+Dux	224	14961	-0.0018658967063479	-1.092861078792385
P1_A485+Dux	225	20200	-0.0018611354418071	-1.094722214234192
P1_A485+Dux	226	77056	-0.0018597029955441	-1.096581917229736
P1_A485+Dux	227	72404	-0.0018460623036413	-1.0984279795333773
P1_A485+Dux	228	56526	-0.0018356698109951	-1.1002636493443725
P1_A485+Dux	229	13170	-0.0018243997176368	-1.1020880490620093
P1_A485+Dux	230	14917	-0.0018109670523359	-1.1038990161143452
P1_A485+Dux	231	14419	-0.0018027122595187	-1.105701728373864
P1_A485+Dux	232	223435	-0.001802507033195	-1.107504235407059
P1_A485+Dux	233	58206	-0.0017977009581154	-1.1093019363651744
P1_A485+Dux	234	100978	-0.0017911917278074	-1.1110931280929819
P1_A485+Dux	235	20750	-0.0017867691195623	-1.1128798972125442
P1_A485+Dux	236	21825	-0.0017847888348026	-1.1146646860473468
P1_A485+Dux	237	69574	-0.001745843893677	-1.1164105299410239
P1_A485+Dux	238	52009	-0.001737819918885	-1.118148349859909
P1_A485+Dux	239	77065	-0.0017369644001841	-1.119885314260093
P1_A485+Dux	240	83771	-0.0017317975995313	-1.1216171118596243
P1_A485+Dux	241	272465	-0.0017210333177352	-1.1233381451773594
P1_A485+Dux	242	240261	-0.0017186494970612	-1.1250567946744205
P1_A485+Dux	243	21987	-0.0017072308088897	-1.1267640254833102
P1_A485+Dux	244	223864	-0.0016968842068315	-1.1284609096901417
P1_A485+Dux	245	170711	-0.001691387297114	-1.1301522969872557
P1_A485+Dux	246	12971	-0.0016910649302302	-1.131843361917486
P1_A485+Dux	247	20354	-0.0016635741529873	-1.1335069360704733
P1_A485+Dux	248	64293	-0.0016261588514275	-1.1351330949219007
P1_A485+Dux	249	70350	-0.001623417473441	-1.1367565123953418
P1_A485+Dux	250	27762	-0.0016011331103143	-1.138357645505656
P1_A485+Dux	251	72017	-0.0015952648529483	-1.1399529103586044
P1_A485+Dux	252	13139	-0.0015935113455114	-1.1415464217041158
P1_A485+Dux	253	231503	-0.0015923606607782	-1.143138782364894
P1_A485+Dux	254	58994	-0.0015680483776114	-1.1447068307425055
P1_A485+Dux	255	19713	-0.001552338816966	-1.1462591695594715
P1_A485+Dux	256	108797	-0.0015370517937045	-1.147796221353176
P1_A485+Dux	257	104156	-0.0015357872718517	-1.1493320086250278
P1_A485+Dux	258	233744	-0.001531716341593	-1.150863724966621
P1_A485+Dux	259	100705	-0.0015290585231932	-1.1523927834898142
P1_A485+Dux	260	73852	-0.0015186199859009	-1.1539114034757152
P1_A485+Dux	261	53321	-0.0015109748788483	-1.1554223783545634
P1_A485+Dux	262	12850	-0.001509567746685	-1.1569319461012484
P1_A485+Dux	263	11513	-0.0014736271442284	-1.1584055732454768
P1_A485+Dux	264	622434	-0.0014542947405047	-1.1598598679859815
P1_A485+Dux	265	14534	-0.0014413778785313	-1.1613012458645129
P1_A485+Dux	266	28113	-0.0014387635141497	-1.1627400093786626
P1_A485+Dux	267	12373	-0.0014316090642697	-1.1641716184429323
P1_A485+Dux	268	14012	-0.0014247104084956	-1.165596328851428
P1_A485+Dux	269	70466	-0.0014108761962055	-1.1670072050476334
P1_A485+Dux	270	268860	-0.0014068268537951	-1.1684140319014285
P1_A485+Dux	271	77034	-0.001401074391379	-1.1698151062928075
P1_A485+Dux	272	75690	-0.0013920594042043	-1.1712071656970118
P1_A485+Dux	273	74194	-0.001389176663924	-1.1725963423609358
P1_A485+Dux	274	16772	-0.0013867591490222	-1.173983101509958
P1_A485+Dux	275	27056	-0.0013774182410089	-1.175360519750967
P1_A485+Dux	276	19659	-0.0013724832101037	-1.1767330029610705
P1_A485+Dux	277	224171	-0.0013657754902912	-1.1780987784513617
P1_A485+Dux	278	432530	-0.0013632643466843	-1.179462042798046
P1_A485+Dux	279	21356	-0.0013624340277585	-1.1808244768258045
P1_A485+Dux	280	15945	-0.0013459578612095	-1.1821704346870139
P1_A485+Dux	281	67138	-0.0013403745772604	-1.1835108092642743
P1_A485+Dux	282	68845	-0.0013392619676876	-1.1848500712319618
P1_A485+Dux	283	319582	-0.0013343007373541	-1.186184371969316
P1_A485+Dux	284	18750	-0.0013272907612269	-1.1875116627305429
P1_A485+Dux	285	68440	-0.0013228784546953	-1.1888345411852381
P1_A485+Dux	286	12183	-0.0013164729840427	-1.1901510141692808
P1_A485+Dux	287	67178	-0.0013041862250719	-1.1914552003943528
P1_A485+Dux	288	15368	-0.0013034208933754	-1.1927586212877281
P1_A485+Dux	289	210356	-0.0012906462681608	-1.194049267555889
P1_A485+Dux	290	19183	-0.0012812754003582	-1.195330542956247
P1_A485+Dux	291	18616	-0.0012612667255727	-1.1965918096818198
P1_A485+Dux	292	12162	-0.001255960776632	-1.1978477704584518
P1_A485+Dux	293	73683	-0.0012543183526482	-1.1991020888111
P1_A485+Dux	294	66395	-0.0012534999815726	-1.2003555887926725
P1_A485+Dux	295	240023	-0.0012480161437093	-1.2016036049363819
P1_A485+Dux	296	11688	-0.001242011003173	-1.2028456159395549
P1_A485+Dux	297	58226	-0.0012376041368848	-1.2040832200764398
P1_A485+Dux	298	216560	-0.0012329501838658	-1.2053161702603055
P1_A485+Dux	299	240913	-0.0012237917969295	-1.206539962057235
P1_A485+Dux	300	240752	-0.001211898688986	-1.207751860746221
P1_A485+Dux	301	239188	-0.001206446264586	-1.208958307010807
P1_A485+Dux	302	67758	-0.0011955139144475	-1.2101538209252545
P1_A485+Dux	303	74147	-0.0011930282200915	-1.211346849145346
P1_A485+Dux	304	226841	-0.0011926630494418	-1.212539512194788
P1_A485+Dux	305	59030	-0.0011716719659708	-1.2137111841607588
P1_A485+Dux	306	93761	-0.0011668083181638	-1.2148779924789226
P1_A485+Dux	307	20893	-0.0011526570320943	-1.216030649511017
P1_A485+Dux	308	109660	-0.0011470080816304	-1.2171776575926474
P1_A485+Dux	309	228730	-0.0011463527621177	-1.218324010354765
P1_A485+Dux	310	20856	-0.0011365338490342	-1.2194605442037991
P1_A485+Dux	311	14229	-0.0011333825011807	-1.22059392670498
P1_A485+Dux	312	68067	-0.0011265821787572	-1.221720508883737
P1_A485+Dux	313	22393	-0.0011238980967392	-1.2228444069804763
P1_A485+Dux	314	18187	-0.00112296024721	-1.2239673672276863
P1_A485+Dux	315	665113	-0.0011031457109796	-1.2250705129386659
P1_A485+Dux	316	210044	-0.0010948227740014	-1.2261653357126672
P1_A485+Dux	317	218440	-0.0010917516987395	-1.2272570874114066
P1_A485+Dux	318	74694	-0.001090213966913	-1.2283473013783195
P1_A485+Dux	319	118449	-0.0010888276346468	-1.2294361290129663
P1_A485+Dux	320	232946	-0.0010850656682061	-1.2305211946811725
P1_A485+Dux	321	22401	-0.0010758352332858	-1.2315970299144583
P1_A485+Dux	322	16011	-0.0010754457565565	-1.2326724756710148
P1_A485+Dux	323	57344	-0.0010714616277018	-1.2337439372987167
P1_A485+Dux	324	102502	-0.0010671481188206	-1.2348110854175374
P1_A485+Dux	325	11496	-0.0010649082380438	-1.2358759936555812
P1_A485+Dux	326	13195	-0.0010584373322971	-1.2369344309878783
P1_A485+Dux	327	110310	-0.0010556324858365	-1.2379900634737147
P1_A485+Dux	328	20515	-0.0010539576663284	-1.239044021140043
P1_A485+Dux	329	13710	-0.0010537128346732	-1.2400977339747163
P1_A485+Dux	330	12298	-0.0010450000645242	-1.2411427340392405
P1_A485+Dux	331	226791	-0.0010364448218295	-1.2421791788610699
P1_A485+Dux	332	19395	-0.0010059145639457	-1.2431850934250155
P1_A485+Dux	333	11459	-0.0010019312151251	-1.2441870246401405
P1_A485+Dux	334	110033	-0.0009904279121811	-1.2451774525523216
P1_A485+Dux	335	235041	-0.000989803774269	-1.2461672563265906
P1_A485+Dux	336	101497	-0.0009857396480931	-1.2471529959746837
P1_A485+Dux	337	320343	-0.0009850273463117	-1.2481380233209953
P1_A485+Dux	338	69219	-0.0009842805165086	-1.2491223038375039
P1_A485+Dux	339	13841	-0.0009756406013799	-1.2500979444388838
P1_A485+Dux	340	321007	-0.0009748757902619	-1.2510728202291457
P1_A485+Dux	341	319266	-0.0009724510492248	-1.2520452712783705
P1_A485+Dux	342	54720	-0.0009717309653878	-1.2530170022437583
P1_A485+Dux	343	16776	-0.0009646306830946	-1.253981632926853
P1_A485+Dux	344	23876	-0.0009637863200479	-1.254945419246901
P1_A485+Dux	345	22151	-0.0009634072983858	-1.2559088265452867
P1_A485+Dux	346	22370	-0.0009630420611676	-1.2568718686064544
P1_A485+Dux	347	76261	-0.0009565400696742	-1.2578284086761287
P1_A485+Dux	348	110417	-0.0009550449961326	-1.2587834536722613
P1_A485+Dux	349	83946	-0.0009500188420441	-1.2597334725143055
P1_A485+Dux	350	21802	-0.000946082841085	-1.2606795553553904
P1_A485+Dux	351	19057	-0.0009374040118607	-1.261616959367251
P1_A485+Dux	352	14119	-0.0009362815542021	-1.262553240921453
P1_A485+Dux	353	18779	-0.0009354493483462	-1.2634886902697993
P1_A485+Dux	354	12483	-0.0009305900467697	-1.264419280316569
P1_A485+Dux	355	18162	-0.0009197736621972	-1.2653390539787663
P1_A485+Dux	356	12795	-0.0009188842630961	-1.2662579382418624
P1_A485+Dux	357	52585	-0.0009146364962294	-1.2671725747380918
P1_A485+Dux	358	103967	-0.0009059472508754	-1.2680785219889672
P1_A485+Dux	359	271786	-0.0009028196593366	-1.2689813416483038
P1_A485+Dux	360	109242	-0.0008990630819731	-1.269880404730277
P1_A485+Dux	361	12307	-0.0008931770135469	-1.270773581743824
P1_A485+Dux	362	387314	-0.0008919678858884	-1.2716655496297122
P1_A485+Dux	363	19260	-0.0008906421982278	-1.27255619182794
P1_A485+Dux	364	78908	-0.0008879802826103	-1.2734441721105503
P1_A485+Dux	365	269774	-0.0008762287948052	-1.2743204009053555
P1_A485+Dux	366	21823	-0.0008706326527013	-1.2751910335580567
P1_A485+Dux	367	16497	-0.0008684349544914	-1.2760594685125481
P1_A485+Dux	368	218772	-0.0008660955686158	-1.2769255640811639
P1_A485+Dux	369	72301	-0.0008635098802226	-1.2777890739613864
P1_A485+Dux	370	244058	-0.0008631756715977	-1.2786522496329842
P1_A485+Dux	371	15490	-0.0008544074855733	-1.2795066571185574
P1_A485+Dux	372	75597	-0.0008543556548865	-1.280361012773444
P1_A485+Dux	373	16400	-0.0008503721875931	-1.2812113849610371
P1_A485+Dux	374	22378	-0.0008476297288957	-1.2820590146899329
P1_A485+Dux	375	72902	-0.0008453860374987	-1.2829044007274315
P1_A485+Dux	376	12810	-0.0008443621225956	-1.283748762850027
P1_A485+Dux	377	231724	-0.0008424229659221	-1.284591185815949
P1_A485+Dux	378	18441	-0.0008410864267652	-1.2854322722427143
P1_A485+Dux	379	75345	-0.0008279621383508	-1.2862602343810652
P1_A485+Dux	380	76223	-0.0008261267515729	-1.2870863611326382
P1_A485+Dux	381	211712	-0.0008239545281348	-1.287910315660773
P1_A485+Dux	382	22249	-0.000820993939302	-1.288731309600075
P1_A485+Dux	383	235402	-0.0008203307627685	-1.2895516403628435
P1_A485+Dux	384	107513	-0.0008199457451133	-1.2903715861079568
P1_A485+Dux	385	665563	-0.0008027815949383	-1.291174367702895
P1_A485+Dux	386	19273	-0.0007829746567545	-1.2919573423596495
P1_A485+Dux	387	242585	-0.0007719771215146	-1.2927293194811642
P1_A485+Dux	388	101685	-0.0007710561586704	-1.2935003756398347
P1_A485+Dux	389	12482	-0.0007609007460678	-1.2942612763859025
P1_A485+Dux	390	78892	-0.0007603929938829	-1.2950216693797854
P1_A485+Dux	391	50874	-0.0007598287664441	-1.2957814981462294
P1_A485+Dux	392	16535	-0.0007593701792643	-1.2965408683254938
P1_A485+Dux	393	170799	-0.0007499805371891	-1.2972908488626829
P1_A485+Dux	394	216292	-0.0007261874663785	-1.2980170363290613
P1_A485+Dux	395	236900	-0.0007252769587279	-1.298742313287789
P1_A485+Dux	396	50934	-0.0007210130936095	-1.2994633263813986
P1_A485+Dux	397	22359	-0.000708707380077	-1.3001720337614755
P1_A485+Dux	398	67784	-0.000701811511711	-1.3008738452731865
P1_A485+Dux	399	66902	-0.0006988100630566	-1.301572655336243
P1_A485+Dux	400	13058	-0.0006867523567812	-1.3022594076930243
P1_A485+Dux	401	213760	-0.0006860079549833	-1.3029454156480076
P1_A485+Dux	402	18712	-0.000683427266558	-1.3036288429145655
P1_A485+Dux	403	13363	-0.0006799322496843	-1.3043087751642497
P1_A485+Dux	404	67375	-0.0006743592756627	-1.3049831344399123
P1_A485+Dux	405	22640	-0.0006743580027342	-1.3056574924426465
P1_A485+Dux	406	56358	-0.0006723646023248	-1.3063298570449713
P1_A485+Dux	407	12876	-0.0006647534657245	-1.3069946105106958
P1_A485+Dux	408	105675	-0.0006643033632069	-1.3076589138739028
P1_A485+Dux	409	110385	-0.0006603845603914	-1.3083192984342942
P1_A485+Dux	410	78100	-0.0006580383915071	-1.3089773368258013
P1_A485+Dux	411	102774	-0.0006560966426722	-1.3096334334684736
P1_A485+Dux	412	381511	-0.000648809708846	-1.3102822431773196
P1_A485+Dux	413	228852	-0.0006471487465251	-1.3109293919238447
P1_A485+Dux	414	239554	-0.0006376607588839	-1.3115670526827286
P1_A485+Dux	415	21942	-0.0006355178401374	-1.312202570522866
P1_A485+Dux	416	225825	-0.0006289726635204	-1.3128315431863864
P1_A485+Dux	417	232560	-0.000626280546225	-1.3134578237326113
P1_A485+Dux	418	16438	-0.0006239510598982	-1.3140817747925095
P1_A485+Dux	419	12236	-0.0006155636638477	-1.3146973384563572
P1_A485+Dux	420	12494	-0.0006153466773654	-1.3153126851337225
P1_A485+Dux	421	226409	-0.0006138066638233	-1.3159264917975457
P1_A485+Dux	422	13823	-0.0006125484325539	-1.3165390402300996
P1_A485+Dux	423	50794	-0.0006024213858999	-1.3171414616159995
P1_A485+Dux	424	73407	-0.0005965530629725	-1.3177380146789721
P1_A485+Dux	425	102545	-0.000591506270055	-1.3183295209490271
P1_A485+Dux	426	56737	-0.0005857790028028	-1.3189152999518299
P1_A485+Dux	427	53324	-0.0005848964797949	-1.3195001964316249
P1_A485+Dux	428	238257	-0.0005735208892672	-1.320073717320892
P1_A485+Dux	429	66421	-0.0005703635813879	-1.32064408090228
P1_A485+Dux	430	16891	-0.0005659037235635	-1.3212099846258434
P1_A485+Dux	431	19275	-0.0005633165762749	-1.3217733012021182
P1_A485+Dux	432	243755	-0.0005632179997013	-1.3223365192018195
P1_A485+Dux	433	26949	-0.0005607781492914	-1.3228972973511108
P1_A485+Dux	434	54650	-0.0005606269652857	-1.3234579243163966
P1_A485+Dux	435	241494	-0.000547309013283	-1.3240052333296797
P1_A485+Dux	436	68667	-0.0005463133361646	-1.3245515466658442
P1_A485+Dux	437	13400	-0.0005420433327101	-1.3250935899985543
P1_A485+Dux	438	268481	-0.0005419143628691	-1.3256355043614234
P1_A485+Dux	439	74414	-0.0005381984264403	-1.3261737027878637
P1_A485+Dux	440	74761	-0.0005302891210715	-1.3267039919089352
P1_A485+Dux	441	171531	-0.0005295857058389	-1.3272335776147741
P1_A485+Dux	442	74386	-0.0005247957941068	-1.327758373408881
P1_A485+Dux	443	27660	-0.0005158214163098	-1.3282741948251908
P1_A485+Dux	444	16870	-0.0005108775757854	-1.3287850724009762
P1_A485+Dux	445	14623	-0.0005030074400128	-1.329288079840989
P1_A485+Dux	446	75869	-0.0005027673403578	-1.3297908471813467
P1_A485+Dux	447	15932	-0.0005024810833842	-1.330293328264731
P1_A485+Dux	448	242297	-0.0004954816412525	-1.3307888099059835
P1_A485+Dux	449	240058	-0.0004929119142267	-1.3312817218202102
P1_A485+Dux	450	19734	-0.0004851929078455	-1.3317669147280558
P1_A485+Dux	451	110962	-0.0004841867062356	-1.3322511014342913
P1_A485+Dux	452	30954	-0.0004776788107997	-1.332728780245091
P1_A485+Dux	453	68010	-0.0004738128546864	-1.3332025930997773
P1_A485+Dux	454	110197	-0.0004729404766501	-1.3336755335764274
P1_A485+Dux	455	14823	-0.0004724162511654	-1.3341479498275928
P1_A485+Dux	456	227059	-0.0004713073489649	-1.3346192571765576
P1_A485+Dux	457	72568	-0.0004652157352713	-1.335084472911829
P1_A485+Dux	458	12227	-0.0004650404626321	-1.335549513374461
P1_A485+Dux	459	99512	-0.0004629074341776	-1.3360124208086386
P1_A485+Dux	460	75906	-0.0004585696632964	-1.336470990471935
P1_A485+Dux	461	22171	-0.0004571714514328	-1.3369281619233677
P1_A485+Dux	462	381644	-0.0004491356867096	-1.3373772976100773
P1_A485+Dux	463	234199	-0.0004453781917854	-1.3378226758018628
P1_A485+Dux	464	546611	-0.0004453155253488	-1.3382679913272115
P1_A485+Dux	465	108899	-0.0004349887075269	-1.3387029800347385
P1_A485+Dux	466	78177	-0.0004337873162459	-1.3391367673509844
P1_A485+Dux	467	21652	-0.0004296793149665	-1.339566446665951
P1_A485+Dux	468	19245	-0.0004251421672134	-1.3399915888331644
P1_A485+Dux	469	544963	-0.0004176139807353	-1.3404092028138996
P1_A485+Dux	470	76566	-0.0004160607648206	-1.3408252635787203
P1_A485+Dux	471	218763	-0.0004087587761591	-1.3412340223548795
P1_A485+Dux	472	20516	-0.000408048556716	-1.3416420709115955
P1_A485+Dux	473	12519	-0.0004065654728854	-1.3420486363844808
P1_A485+Dux	474	22376	-0.0004056019336046	-1.3424542383180853
P1_A485+Dux	475	11927	-0.000403886140068	-1.3428581244581532
P1_A485+Dux	476	320664	-0.0004034639967805	-1.3432615884549337
P1_A485+Dux	477	14313	-0.0004030786119743	-1.343664667066908
P1_A485+Dux	478	21847	-0.000400078739794	-1.3440647458067019
P1_A485+Dux	479	13869	-0.0003994895152146	-1.3444642353219165
P1_A485+Dux	480	241230	-0.0003992655206528	-1.3448635008425693
P1_A485+Dux	481	66824	-0.0003979591815395	-1.3452614600241088
P1_A485+Dux	482	20616	-0.0003965711106975	-1.3456580311348063
P1_A485+Dux	483	268902	-0.0003924286961458	-1.3460504598309522
P1_A485+Dux	484	269423	-0.0003908404909242	-1.3464413003218765
P1_A485+Dux	485	219114	-0.0003868948702074	-1.346828195192084
P1_A485+Dux	486	14281	-0.0003854195257649	-1.3472136147178488
P1_A485+Dux	487	232223	-0.0003849211088345	-1.3475985358266833
P1_A485+Dux	488	230721	-0.0003847620347006	-1.347983297861384
P1_A485+Dux	489	19204	-0.0003847271273549	-1.3483680249887389
P1_A485+Dux	490	74134	-0.0003828672587516	-1.3487508922474905
P1_A485+Dux	491	54131	-0.0003809877279792	-1.3491318799754697
P1_A485+Dux	492	14613	-0.0003795290317678	-1.3495114090072375
P1_A485+Dux	493	20430	-0.0003760044567965	-1.349887413464034
P1_A485+Dux	494	242466	-0.0003692089637306	-1.3502566224277646
P1_A485+Dux	495	20656	-0.0003646840120419	-1.3506213064398065
P1_A485+Dux	496	16658	-0.0003636601788171	-1.3509849666186236
P1_A485+Dux	497	20419	-0.0003606756776472	-1.3513456422962709
P1_A485+Dux	498	12477	-0.0003586152053763	-1.3517042575016471
P1_A485+Dux	499	109620	-0.0003572016326568	-1.3520614591343039
P1_A485+Dux	500	214106	-0.0003570848610088	-1.3524185439953127
P1_A485+Dux	501	268395	-0.0003488295412881	-1.3527673735366008
P1_A485+Dux	502	11746	-0.0003456456601036	-1.3531130191967045
P1_A485+Dux	503	74393	-0.000343440111364	-1.3534564593080685
P1_A485+Dux	504	17380	-0.0003425873177065	-1.353799046625775
P1_A485+Dux	505	384214	-0.0003421661808904	-1.3541412128066654
P1_A485+Dux	506	71091	-0.0003418984798467	-1.354483111286512
P1_A485+Dux	507	67819	-0.0003401750415046	-1.3548232863280167
P1_A485+Dux	508	57340	-0.0003392920791813	-1.3551625784071981
P1_A485+Dux	509	11600	-0.0003355798661296	-1.3554981582733276
P1_A485+Dux	510	66526	-0.0003332380849661	-1.3558313963582938
P1_A485+Dux	511	245020	-0.0003326524578739	-1.3561640488161677
P1_A485+Dux	512	18974	-0.0003311544851606	-1.3564952033013282
P1_A485+Dux	513	17381	-0.0003302979174192	-1.3568255012187473
P1_A485+Dux	514	72776	-0.0003281811146636	-1.357153682333411
P1_A485+Dux	515	54725	-0.0003217074455092	-1.3574753897789202
P1_A485+Dux	516	19417	-0.0003208810682104	-1.3577962708471307
P1_A485+Dux	517	245638	-0.0003206885976696	-1.3581169594448004
P1_A485+Dux	518	140577	-0.0003119604784545	-1.3584289199232549
P1_A485+Dux	519	338403	-0.0003092674475377	-1.3587381873707927
P1_A485+Dux	520	70551	-0.0003069714452913	-1.359045158816084
P1_A485+Dux	521	236930	-0.0003060144791011	-1.359351173295185
P1_A485+Dux	522	53374	-0.000305587562319	-1.359656760857504
P1_A485+Dux	523	17196	-0.0003045566180754	-1.3599613174755796
P1_A485+Dux	524	233878	-0.0003015372704232	-1.3602628547460027
P1_A485+Dux	525	109245	-0.0002969254276401	-1.3605597801736429
P1_A485+Dux	526	330189	-0.0002965683155691	-1.360856348489212
P1_A485+Dux	527	244895	-0.0002964273653841	-1.361152775854596
P1_A485+Dux	528	77782	-0.0002953595339173	-1.3614481353885133
P1_A485+Dux	529	213484	-0.000295048185244	-1.3617431835737572
P1_A485+Dux	530	330812	-0.0002928077347707	-1.362035991308528
P1_A485+Dux	531	216527	-0.0002920429175319	-1.36232803422606
P1_A485+Dux	532	231238	-0.0002916033192267	-1.3626196375452866
P1_A485+Dux	533	12448	-0.0002886232341522	-1.3629082607794387
P1_A485+Dux	534	19087	-0.0002882269714548	-1.3631964877508935
P1_A485+Dux	535	77411	-0.0002799810502557	-1.3634764688011491
P1_A485+Dux	536	50500	-0.0002792362805389	-1.363755705081688
P1_A485+Dux	537	12286	-0.0002769014965949	-1.3640326065782828
P1_A485+Dux	538	56533	-0.0002752807427944	-1.3643078873210772
P1_A485+Dux	539	18768	-0.0002746031130719	-1.364582490434149
P1_A485+Dux	540	77976	-0.0002703365487969	-1.3648528269829459
P1_A485+Dux	541	66972	-0.0002643454105263	-1.365117172393472
P1_A485+Dux	542	72778	-0.0002635309530925	-1.3653807033465646
P1_A485+Dux	543	105171	-0.000262320948421	-1.3656430242949855
P1_A485+Dux	544	14758	-0.0002596245155629	-1.3659026488105483
P1_A485+Dux	545	67163	-0.000248112307966	-1.3661507611185144
P1_A485+Dux	546	218271	-0.0002466809869547	-1.3663974421054692
P1_A485+Dux	547	244757	-0.0002465286993946	-1.3666439708048639
P1_A485+Dux	548	71755	-0.0002433751877071	-1.366887345992571
P1_A485+Dux	549	18413	-0.0002425665629167	-1.3671299125554877
P1_A485+Dux	550	20447	-0.0002418593246133	-1.367371771880101
P1_A485+Dux	551	11941	-0.0002417972637278	-1.367613569143829
P1_A485+Dux	552	18584	-0.0002354777037607	-1.3678490468475897
P1_A485+Dux	553	16847	-0.0002317658397348	-1.3680808126873245
P1_A485+Dux	554	68479	-0.0002292432937872	-1.3683100559811117
P1_A485+Dux	555	338365	-0.0002232297497997	-1.3685332857309114
P1_A485+Dux	556	19099	-0.0002200920203784	-1.3687533777512897
P1_A485+Dux	557	209032	-0.0002144017103355	-1.3689677794616253
P1_A485+Dux	558	80890	-0.0002131064637232	-1.3691808859253485
P1_A485+Dux	559	71720	-0.0002122497505852	-1.3693931356759337
P1_A485+Dux	560	53328	-0.0002088496429105	-1.3696019853188441
P1_A485+Dux	561	78286	-0.0002083394043393	-1.3698103247231834
P1_A485+Dux	562	15186	-0.0002038216475453	-1.3700141463707287
P1_A485+Dux	563	56177	-0.0002024602711809	-1.3702166066419097
P1_A485+Dux	564	18984	-0.0001993273589565	-1.3704159340008661
P1_A485+Dux	565	21789	-0.0001992260564497	-1.3706151600573158
P1_A485+Dux	566	20509	-0.0001936707887897	-1.3708088308461055
P1_A485+Dux	567	72685	-0.0001929397213193	-1.371001770567425
P1_A485+Dux	568	19225	-0.0001906205287265	-1.3711923910961514
P1_A485+Dux	569	67865	-0.0001903483469695	-1.3713827394431208
P1_A485+Dux	570	67971	-0.0001893935598767	-1.3715721330029975
P1_A485+Dux	571	330409	-0.0001885144013803	-1.3717606474043778
P1_A485+Dux	572	20745	-0.0001795743346265	-1.3719402217390042
P1_A485+Dux	573	217203	-0.0001786104984637	-1.372118832237468
P1_A485+Dux	574	22029	-0.0001750012445882	-1.3722938334820562
P1_A485+Dux	575	64424	-0.0001743091040854	-1.3724681425861416
P1_A485+Dux	576	12931	-0.0001738348060864	-1.372641977392228
P1_A485+Dux	577	76217	-0.0001715279187057	-1.3728135053109338
P1_A485+Dux	578	21664	-0.0001683994274473	-1.372981904738381
P1_A485+Dux	579	13106	-0.0001646138042992	-1.3731465185426803
P1_A485+Dux	580	140571	-0.0001607847038858	-1.3733073032465661
P1_A485+Dux	581	224674	-0.0001521932597568	-1.373459496506323
P1_A485+Dux	582	330286	-0.0001520593963691	-1.373611555902692
P1_A485+Dux	583	20191	-0.0001518279398291	-1.3737633838425212
P1_A485+Dux	584	238024	-0.0001511198408188	-1.37391450368334
P1_A485+Dux	585	23948	-0.000150955297931	-1.374065458981271
P1_A485+Dux	586	12805	-0.0001495601035037	-1.3742150190847748
P1_A485+Dux	587	19725	-0.0001488184816211	-1.374363837566396
P1_A485+Dux	588	71279	-0.0001421300761822	-1.3745059676425782
P1_A485+Dux	589	17345	-0.0001415784209435	-1.3746475460635217
P1_A485+Dux	590	75564	-0.0001383540052777	-1.3747859000687994
P1_A485+Dux	591	17350	-0.0001342878754443	-1.3749201879442436
P1_A485+Dux	592	72472	-0.0001335907018868	-1.3750537786461305
P1_A485+Dux	593	13131	-0.0001324799048961	-1.3751862585510266
P1_A485+Dux	594	320696	-0.0001309236486114	-1.375317182199638
P1_A485+Dux	595	229595	-0.0001292376560965	-1.3754464198557343
P1_A485+Dux	596	57738	-0.000128350777836	-1.3755747706335704
P1_A485+Dux	597	100040591	-0.0001241741668987	-1.375698944800469
P1_A485+Dux	598	12297	-0.0001218394744645	-1.3758207842749335
P1_A485+Dux	599	13048	-0.0001217816849013	-1.3759425659598348
P1_A485+Dux	600	19249	-0.0001188173260319	-1.3760613832858666
P1_A485+Dux	601	328365	-0.000118159933139	-1.3761795432190056
P1_A485+Dux	602	171282	-0.0001163438469046	-1.37629588706591
P1_A485+Dux	603	13982	-0.0001144336155864	-1.3764103206814966
P1_A485+Dux	604	242700	-0.0001124327840355	-1.3765227534655322
P1_A485+Dux	605	104885	-0.0001118962015651	-1.3766346496670974
P1_A485+Dux	606	14675	-0.0001116463003298	-1.3767462959674273
P1_A485+Dux	607	51801	-0.0001106764880691	-1.3768569724554964
P1_A485+Dux	608	26556	-0.0001053678544047	-1.3769623403099012
P1_A485+Dux	609	14081	-0.0001032123759378	-1.3770655526858389
P1_A485+Dux	610	101565	-0.0001005884410332	-1.377166141126872
P1_A485+Dux	611	11352	-9.711102681693698e-05	-1.377263252153689
P1_A485+Dux	612	70423	-9.574113024522822e-05	-1.377358993283934
P1_A485+Dux	613	67103	-9.502624338782208e-05	-1.377454019527322
P1_A485+Dux	614	17921	-9.327123635550862e-05	-1.3775472907636774
P1_A485+Dux	615	68070	-9.279074204549968e-05	-1.377640081505723
P1_A485+Dux	616	237073	-9.261251281801296e-05	-1.377732694018541
P1_A485+Dux	617	104816	-9.13718750355557e-05	-1.3778240658935765
P1_A485+Dux	618	270906	-8.913392341055744e-05	-1.3779131998169871
P1_A485+Dux	619	17874	-8.810752082333711e-05	-1.3780013073378106
P1_A485+Dux	620	14183	-8.719663371365685e-05	-1.3780885039715243
P1_A485+Dux	621	234214	-7.947310499937609e-05	-1.3781679770765236
P1_A485+Dux	622	232035	-7.897011099063976e-05	-1.3782469471875143
P1_A485+Dux	623	100061	-7.746398264780078e-05	-1.378324411170162
P1_A485+Dux	624	106572	-7.691037595257896e-05	-1.3784013215461146
P1_A485+Dux	625	68642	-7.317257914795547e-05	-1.3784744941252625
P1_A485+Dux	626	211798	-7.244492089628216e-05	-1.3785469390461587
P1_A485+Dux	627	234740	-7.237430061990214e-05	-1.3786193133467786
P1_A485+Dux	628	170459	-6.767691439217222e-05	-1.3786869902611707
P1_A485+Dux	629	67426	-6.756430761346883e-05	-1.3787545545687843
P1_A485+Dux	630	228357	-6.690138055541112e-05	-1.3788214559493397
P1_A485+Dux	631	407823	-6.503817171753603e-05	-1.3788864941210572
P1_A485+Dux	632	28240	-6.03665663231926e-05	-1.3789468606873805
P1_A485+Dux	633	21828	-5.985217280065316e-05	-1.379006712860181
P1_A485+Dux	634	105239	-5.890183122467576e-05	-1.3790656146914058
P1_A485+Dux	635	76547	-5.743853683520739e-05	-1.379123053228241
P1_A485+Dux	636	634731	-5.534232742837692e-05	-1.3791783955556693
P1_A485+Dux	637	17930	-5.134036891717807e-05	-1.3792297359245864
P1_A485+Dux	638	20216	-4.736423800905209e-05	-1.3792771001625954
P1_A485+Dux	639	78412	-4.6817599569593866e-05	-1.379323917762165
P1_A485+Dux	640	214663	-4.6632022689440215e-05	-1.3793705497848545
P1_A485+Dux	641	214580	-4.5900995705107474e-05	-1.3794164507805595
P1_A485+Dux	642	69066	-4.585041027524534e-05	-1.3794623011908347
P1_A485+Dux	643	22062	-4.534522926284908e-05	-1.3795076464200975
P1_A485+Dux	644	320557	-4.351219460584781e-05	-1.3795511586147033
P1_A485+Dux	645	54486	-4.226687117093406e-05	-1.3795934254858744
P1_A485+Dux	646	52033	-3.775354411580335e-05	-1.3796311790299902
P1_A485+Dux	647	80914	-3.758281799741009e-05	-1.3796687618479877
P1_A485+Dux	648	56700	-3.658922343046023e-05	-1.3797053510714181
P1_A485+Dux	649	16513	-3.498218871115319e-05	-1.3797403332601292
P1_A485+Dux	650	72584	-3.3621988999251766e-05	-1.3797739552491284
P1_A485+Dux	651	13836	-2.8938697080343043e-05	-1.3798028939462088
P1_A485+Dux	652	208650	-2.8550544597370004e-05	-1.3798314444908062
P1_A485+Dux	653	380863	-2.7507079178881248e-05	-1.379858951569985
P1_A485+Dux	654	18563	-2.497892867607819e-05	-1.3798839304986612
P1_A485+Dux	655	14261	-2.475370700378144e-05	-1.379908684205665
P1_A485+Dux	656	19041	-2.47264955572283e-05	-1.3799334107012222
P1_A485+Dux	657	72042	-2.430610709047265e-05	-1.3799577168083126
P1_A485+Dux	658	546336	-2.2701326072725104e-05	-1.3799804181343853
P1_A485+Dux	659	20273	-2.2486506524557603e-05	-1.38000290464091
P1_A485+Dux	660	238799	-2.1405913350342165e-05	-1.3800243105542602
P1_A485+Dux	661	12393	-2.1258682786066427e-05	-1.3800455692370464
P1_A485+Dux	662	74199	-1.8899069448285735e-05	-1.3800644683064947
P1_A485+Dux	663	171463	-1.778215953420471e-05	-1.3800822504660288
P1_A485+Dux	664	11307	-1.7360474155425765e-05	-1.3800996109401842
P1_A485+Dux	665	22256	-1.579997705289518e-05	-1.380115410917237
P1_A485+Dux	666	23921	-1.575863035506917e-05	-1.3801311695475922
P1_A485+Dux	667	71819	-1.503123118628072e-05	-1.3801462007787784
P1_A485+Dux	668	19258	-1.32023226837214e-05	-1.3801594031014621
P1_A485+Dux	669	68777	-1.2851254597258524e-05	-1.3801722543560593
P1_A485+Dux	670	27801	-1.2681316856861312e-05	-1.3801849356729161
P1_A485+Dux	671	24057	-1.2627114238126e-05	-1.3801975627871543
P1_A485+Dux	672	381379	-1.2605970070392914e-05	-1.3802101687572248
P1_A485+Dux	673	27999	-1.0234496284271115e-05	-1.380220403253509
P1_A485+Dux	674	20423	-8.554664289111696e-06	-1.3802289579177982
P1_A485+Dux	675	16526	-8.526304029033036e-06	-1.3802374842218272
P1_A485+Dux	676	242607	-5.530423762826571e-06	-1.38024301464559
P1_A485+Dux	677	104271	-3.4156061890395444e-06	-1.380246430251779
P1_A485+Dux	678	243780	-2.38580889176038e-06	-1.3802488160606707
P1_A485+Dux	679	77116	-2.045918289045354e-06	-1.3802508619789597
P1_A485+Dux	680	17193	-1.848445449458752e-06	-1.3802527104244091
P1_A485+Dux	681	54710	-5.993890869971043e-07	-1.3802533098134961
P1_A485+Dux	682	107508	-4.971267365685714e-07	-1.3802538069402328
P1_A485+Dux	683	353242	-7.419580081416137e-09	-1.3802538143598129
P1_A485+Dux	684	210808	0.0	-1.3802538143598129
P1_A485+Dux	685	30955	0.0	-1.3802538143598129
P1_A485+Dux	686	320563	0.0	-1.3802538143598129
P1_A485+Dux	687	14560	-0.0	-1.3802538143598129
P1_A485+Dux	688	14432	-0.0	-1.3802538143598129
P1_A485+Dux	689	22351	-0.0	-1.3802538143598129
P1_A485+Dux	690	18400	0.0	-1.3802538143598129
P1_A485+Dux	691	574402	-0.0	-1.3802538143598129
P1_A485+Dux	692	71781	-0.0	-1.3802538143598129
P1_A485+Dux	693	18816	0.0	-1.3802538143598129
P1_A485+Dux	694	22637	0.0	-1.3802538143598129
P1_A485+Dux	695	21743	-0.0	-1.3802538143598129
P1_A485+Dux	696	17984	-0.0	-1.3802538143598129
P1_A485+Dux	697	66528	-0.0	-1.3802538143598129
P1_A485+Dux	698	100039795	0.0	-1.3802538143598129
P1_A485+Dux	699	21928	0.0	-1.3802538143598129
P1_A485+Dux	700	54195	-0.0	-1.3802538143598129
P1_A485+Dux	701	20295	-0.0	-1.3802538143598129
P1_A485+Dux	702	27419	0.0	-1.3802538143598129
P1_A485+Dux	703	21898	0.0	-1.3802538143598129
P1_A485+Dux	704	84004	0.0	-1.3802538143598129
P1_A485+Dux	705	54634	0.0	-1.3802538143598129
P1_A485+Dux	706	114679	0.0	-1.3802538143598129
P1_A485+Dux	707	232370	0.0	-1.3802538143598129
P1_A485+Dux	708	233752	0.0	-1.3802538143598129
P1_A485+Dux	709	64817	0.0	-1.3802538143598129
P1_A485+Dux	710	68566	0.0	-1.3802538143598129
P1_A485+Dux	711	15370	0.0	-1.3802538143598129
P1_A485+Dux	712	16909	-0.0	-1.3802538143598129
P1_A485+Dux	713	72002	-0.0	-1.3802538143598129
P1_A485+Dux	714	22268	-0.0	-1.3802538143598129
P1_A485+Dux	715	110784	0.0	-1.3802538143598129
P1_A485+Dux	716	14840	-0.0	-1.3802538143598129
P1_A485+Dux	717	107766	-0.0	-1.3802538143598129
P1_A485+Dux	718	18113	-0.0	-1.3802538143598129
P1_A485+Dux	719	319229	-0.0	-1.3802538143598129
P1_A485+Dux	720	22780	0.0	-1.3802538143598129
P1_A485+Dux	721	114886	0.0	-1.3802538143598129
P1_A485+Dux	722	68764	-0.0	-1.3802538143598129
P1_A485+Dux	723	12266	0.0	-1.3802538143598129
P1_A485+Dux	724	320129	-0.0	-1.3802538143598129
P1_A485+Dux	725	13041	0.0	-1.3802538143598129
P1_A485+Dux	726	63828	0.0	-1.3802538143598129
P1_A485+Dux	727	13074	0.0	-1.3802538143598129
P1_A485+Dux	728	23831	-0.0	-1.3802538143598129
P1_A485+Dux	729	320100	0.0	-1.3802538143598129
P1_A485+Dux	730	53313	0.0	-1.3802538143598129
P1_A485+Dux	731	27226	0.0	-1.3802538143598129
P1_A485+Dux	732	381798	-0.0	-1.3802538143598129
P1_A485+Dux	733	77318	0.0	-1.3802538143598129
P1_A485+Dux	734	64176	0.0	-1.3802538143598129
P1_A485+Dux	735	170835	-0.0	-1.3802538143598129
P1_A485+Dux	736	11829	-0.0	-1.3802538143598129
P1_A485+Dux	737	20319	0.0	-1.3802538143598129
P1_A485+Dux	738	67580	0.0	-1.3802538143598129
P1_A485+Dux	739	56745	-0.0	-1.3802538143598129
P1_A485+Dux	740	230775	0.0	-1.3802538143598129
P1_A485+Dux	741	11687	0.0	-1.3802538143598129
P1_A485+Dux	742	12143	0.0	-1.3802538143598129
P1_A485+Dux	743	14115	-0.0	-1.3802538143598129
P1_A485+Dux	744	210530	0.0	-1.3802538143598129
P1_A485+Dux	745	269615	-0.0	-1.3802538143598129
P1_A485+Dux	746	225742	-0.0	-1.3802538143598129
P1_A485+Dux	747	231691	-0.0	-1.3802538143598129
P1_A485+Dux	748	320840	0.0	-1.3802538143598129
P1_A485+Dux	749	20389	-0.0	-1.3802538143598129
P1_A485+Dux	750	50779	-0.0	-1.3802538143598129
P1_A485+Dux	751	20391	0.0	-1.3802538143598129
P1_A485+Dux	752	15114	0.0	-1.3802538143598129
P1_A485+Dux	753	53601	0.0	-1.3802538143598129
P1_A485+Dux	754	20618	0.0	-1.3802538143598129
P1_A485+Dux	755	193034	-0.0	-1.3802538143598129
P1_A485+Dux	756	399548	0.0	-1.3802538143598129
P1_A485+Dux	757	268709	-0.0	-1.3802538143598129
P1_A485+Dux	758	269855	0.0	-1.3802538143598129
P1_A485+Dux	759	68458	-0.0	-1.3802538143598129
P1_A485+Dux	760	12825	-0.0	-1.3802538143598129
P1_A485+Dux	761	12840	0.0	-1.3802538143598129
P1_A485+Dux	762	16399	0.0	-1.3802538143598129
P1_A485+Dux	763	278180	0.0	-1.3802538143598129
P1_A485+Dux	764	217306	-0.0	-1.3802538143598129
P1_A485+Dux	765	77630	0.0	-1.3802538143598129
P1_A485+Dux	766	270192	-0.0	-1.3802538143598129
P1_A485+Dux	767	20202	0.0	-1.3802538143598129
P1_A485+Dux	768	23936	-0.0	-1.3802538143598129
P1_A485+Dux	769	50766	0.0	-1.3802538143598129
P1_A485+Dux	770	104601	-0.0	-1.3802538143598129
P1_A485+Dux	771	19039	-0.0	-1.3802538143598129
P1_A485+Dux	772	17916	0.0	-1.3802538143598129
P1_A485+Dux	773	79235	0.0	-1.3802538143598129
P1_A485+Dux	774	94214	0.0	-1.3802538143598129
P1_A485+Dux	775	20274	-0.0	-1.3802538143598129
P1_A485+Dux	776	56362	-0.0	-1.3802538143598129
P1_A485+Dux	777	208158	0.0	-1.3802538143598129
P1_A485+Dux	778	69693	0.0	-1.3802538143598129
P1_A485+Dux	779	214253	-0.0	-1.3802538143598129
P1_A485+Dux	780	14938	-0.0	-1.3802538143598129
P1_A485+Dux	781	17228	-0.0	-1.3802538143598129
P1_A485+Dux	782	19329	-0.0	-1.3802538143598129
P1_A485+Dux	783	214359	-0.0	-1.3802538143598129
P1_A485+Dux	784	19215	0.0	-1.3802538143598129
P1_A485+Dux	785	15163	0.0	-1.3802538143598129
P1_A485+Dux	786	13849	0.0	-1.3802538143598129
P1_A485+Dux	787	279028	-0.0	-1.3802538143598129
P1_A485+Dux	788	244864	-0.0	-1.3802538143598129
P1_A485+Dux	789	272031	-0.0	-1.3802538143598129
P1_A485+Dux	790	18389	0.0	-1.3802538143598129
P1_A485+Dux	791	208092	-0.0	-1.3802538143598129
P1_A485+Dux	792	18121	-0.0	-1.3802538143598129
P1_A485+Dux	793	21384	0.0	-1.3802538143598129
P1_A485+Dux	794	18784	-0.0	-1.3802538143598129
P1_A485+Dux	795	243328	-0.0	-1.3802538143598129
P1_A485+Dux	796	52857	-0.0	-1.3802538143598129
P1_A485+Dux	797	11423	0.0	-1.3802538143598129
P1_A485+Dux	798	109050	0.0	-1.3802538143598129
P1_A485+Dux	799	70727	-0.0	-1.3802538143598129
P1_A485+Dux	800	19011	-0.0	-1.3802538143598129
P1_A485+Dux	801	14412	-0.0	-1.3802538143598129
P1_A485+Dux	802	70726	-0.0	-1.3802538143598129
P1_A485+Dux	803	170638	-0.0	-1.3802538143598129
P1_A485+Dux	804	14128	-0.0	-1.3802538143598129
P1_A485+Dux	805	231147	0.0	-1.3802538143598129
P1_A485+Dux	806	286942	-0.0	-1.3802538143598129
P1_A485+Dux	807	16768	0.0	-1.3802538143598129
P1_A485+Dux	808	333088	0.0	-1.3802538143598129
P1_A485+Dux	809	73728	0.0	-1.3802538143598129
P1_A485+Dux	810	22403	0.0	-1.3802538143598129
P1_A485+Dux	811	65221	0.0	-1.3802538143598129
P1_A485+Dux	812	13346	0.0	-1.3802538143598129
P1_A485+Dux	813	215632	0.0	-1.3802538143598129
P1_A485+Dux	814	230904	0.0	-1.3802538143598129
P1_A485+Dux	815	218877	0.0	-1.3802538143598129
P1_A485+Dux	816	242939	0.0	-1.3802538143598129
P1_A485+Dux	817	272428	0.0	-1.3802538143598129
P1_A485+Dux	818	56631	-0.0	-1.3802538143598129
P1_A485+Dux	819	11568	0.0	-1.3802538143598129
P1_A485+Dux	820	26561	0.0	-1.3802538143598129
P1_A485+Dux	821	20317	-0.0	-1.3802538143598129
P1_A485+Dux	822	227632	-0.0	-1.3802538143598129
P1_A485+Dux	823	12831	-0.0	-1.3802538143598129
P1_A485+Dux	824	230163	-0.0	-1.3802538143598129
P1_A485+Dux	825	170721	0.0	-1.3802538143598129
P1_A485+Dux	826	72244	-0.0	-1.3802538143598129
P1_A485+Dux	827	231162	0.0	-1.3802538143598129
P1_A485+Dux	828	14400	0.0	-1.3802538143598129
P1_A485+Dux	829	18510	-0.0	-1.3802538143598129
P1_A485+Dux	830	71609	-0.0	-1.3802538143598129
P1_A485+Dux	831	11803	0.0	-1.3802538143598129
P1_A485+Dux	832	63993	-0.0	-1.3802538143598129
P1_A485+Dux	833	20928	0.0	-1.3802538143598129
P1_A485+Dux	834	56221	-0.0	-1.3802538143598129
P1_A485+Dux	835	106878	-0.0	-1.3802538143598129
P1_A485+Dux	836	14945	0.0	-1.3802538143598129
P1_A485+Dux	837	76441	-0.0	-1.3802538143598129
P1_A485+Dux	838	59308	0.0	-1.3802538143598129
P1_A485+Dux	839	22324	0.0	-1.3802538143598129
P1_A485+Dux	840	20680	-0.0	-1.3802538143598129
P1_A485+Dux	841	242702	-0.0	-1.3802538143598129
P1_A485+Dux	842	64297	-0.0	-1.3802538143598129
P1_A485+Dux	843	241568	-0.0	-1.3802538143598129
P1_A485+Dux	844	237831	0.0	-1.3802538143598129
P1_A485+Dux	845	110902	-0.0	-1.3802538143598129
P1_A485+Dux	846	104080	-0.0	-1.3802538143598129
P1_A485+Dux	847	21956	0.0	-1.3802538143598129
P1_A485+Dux	848	16371	0.0	-1.3802538143598129
P1_A485+Dux	849	23794	0.0	-1.3802538143598129
P1_A485+Dux	850	170725	-0.0	-1.3802538143598129
P1_A485+Dux	851	71690	0.0	-1.3802538143598129
P1_A485+Dux	852	77794	0.0	-1.3802538143598129
P1_A485+Dux	853	16170	-0.0	-1.3802538143598129
P1_A485+Dux	854	12654	0.0	-1.3802538143598129
P1_A485+Dux	855	75209	-0.0	-1.3802538143598129
P1_A485+Dux	856	170743	0.0	-1.3802538143598129
P1_A485+Dux	857	12322	-0.0	-1.3802538143598129
P1_A485+Dux	858	74748	0.0	-1.3802538143598129
P1_A485+Dux	859	16402	0.0	-1.3802538143598129
P1_A485+Dux	860	338369	-0.0	-1.3802538143598129
P1_A485+Dux	861	17868	-0.0	-1.3802538143598129
P1_A485+Dux	862	12351	-0.0	-1.3802538143598129
P1_A485+Dux	863	23966	0.0	-1.3802538143598129
P1_A485+Dux	864	56485	0.0	-1.3802538143598129
P1_A485+Dux	865	238328	-0.0	-1.3802538143598129
P1_A485+Dux	866	11450	-0.0	-1.3802538143598129
P1_A485+Dux	867	16511	0.0	-1.3802538143598129
P1_A485+Dux	868	100198	0.0	-1.3802538143598129
P1_A485+Dux	869	67564	-0.0	-1.3802538143598129
P1_A485+Dux	870	15460	-0.0	-1.3802538143598129
P1_A485+Dux	871	330627	0.0	-1.3802538143598129
P1_A485+Dux	872	211739	-0.0	-1.3802538143598129
P1_A485+Dux	873	12834	-0.0	-1.3802538143598129
P1_A485+Dux	874	78560	-0.0	-1.3802538143598129
P1_A485+Dux	875	319655	-0.0	-1.3802538143598129
P1_A485+Dux	876	20897	0.0	-1.3802538143598129
P1_A485+Dux	877	237010	0.0	-1.3802538143598129
P1_A485+Dux	878	54672	-0.0	-1.3802538143598129
P1_A485+Dux	879	12390	0.0	-1.3802538143598129
P1_A485+Dux	880	107527	-0.0	-1.3802538143598129
P1_A485+Dux	881	16323	0.0	-1.3802538143598129
P1_A485+Dux	882	17085	0.0	-1.3802538143598129
P1_A485+Dux	883	14264	-0.0	-1.3802538143598129
P1_A485+Dux	884	67425	-0.0	-1.3802538143598129
P1_A485+Dux	885	107503	0.0	-1.3802538143598129
P1_A485+Dux	886	217341	0.0	-1.3802538143598129
P1_A485+Dux	887	109857	0.0	-1.3802538143598129
P1_A485+Dux	888	14580	0.0	-1.3802538143598129
P1_A485+Dux	889	14126	-0.0	-1.3802538143598129
P1_A485+Dux	890	20964	-0.0	-1.3802538143598129
P1_A485+Dux	891	244550	0.0	-1.3802538143598129
P1_A485+Dux	892	66901	0.0	-1.3802538143598129
P1_A485+Dux	893	18782	-0.0	-1.3802538143598129
P1_A485+Dux	894	12350	-0.0	-1.3802538143598129
P1_A485+Dux	895	229791	-0.0	-1.3802538143598129
P1_A485+Dux	896	210573	0.0	-1.3802538143598129
P1_A485+Dux	897	170952	0.0	-1.3802538143598129
P1_A485+Dux	898	545192	0.0	-1.3802538143598129
P1_A485+Dux	899	109225	0.0	-1.3802538143598129
P1_A485+Dux	900	12824	0.0	-1.3802538143598129
P1_A485+Dux	901	230103	0.0	-1.3802538143598129
P1_A485+Dux	902	66548	0.0	-1.3802538143598129
P1_A485+Dux	903	68352	0.0	-1.3802538143598129
P1_A485+Dux	904	74770	0.0	-1.3802538143598129
P1_A485+Dux	905	69671	0.0	-1.3802538143598129
P1_A485+Dux	906	14632	-0.0	-1.3802538143598129
P1_A485+Dux	907	23845	0.0	-1.3802538143598129
P1_A485+Dux	908	17537	-0.0	-1.3802538143598129
P1_A485+Dux	909	19124	-0.0	-1.3802538143598129
P1_A485+Dux	910	17433	-0.0	-1.3802538143598129
P1_A485+Dux	911	72774	-0.0	-1.3802538143598129
P1_A485+Dux	912	11807	-0.0	-1.3802538143598129
P1_A485+Dux	913	14017	0.0	-1.3802538143598129
P1_A485+Dux	914	16426	0.0	-1.3802538143598129
P1_A485+Dux	915	69903	-0.0	-1.3802538143598129
P1_A485+Dux	916	384569	-0.0	-1.3802538143598129
P1_A485+Dux	917	207911	0.0	-1.3802538143598129
P1_A485+Dux	918	71461	-0.0	-1.3802538143598129
P1_A485+Dux	919	19711	-0.0	-1.3802538143598129
P1_A485+Dux	920	241452	-0.0	-1.3802538143598129
P1_A485+Dux	921	229003	-0.0	-1.3802538143598129
P1_A485+Dux	922	14049	0.0	-1.3802538143598129
P1_A485+Dux	923	11689	-0.0	-1.3802538143598129
P1_A485+Dux	924	27219	0.0	-1.3802538143598129
P1_A485+Dux	925	171180	-0.0	-1.3802538143598129
P1_A485+Dux	926	12007	0.0	-1.3802538143598129
P1_A485+Dux	927	210719	0.0	-1.3802538143598129
P1_A485+Dux	928	29818	-0.0	-1.3802538143598129
P1_A485+Dux	929	15559	-0.0	-1.3802538143598129
P1_A485+Dux	930	246728	0.0	-1.3802538143598129
P1_A485+Dux	931	17528	-0.0	-1.3802538143598129
P1_A485+Dux	932	19700	-0.0	-1.3802538143598129
P1_A485+Dux	933	19288	-0.0	-1.3802538143598129
P1_A485+Dux	934	16950	0.0	-1.3802538143598129
P1_A485+Dux	935	16527	-0.0	-1.3802538143598129
P1_A485+Dux	936	50773	-0.0	-1.3802538143598129
P1_A485+Dux	937	434341	0.0	-1.3802538143598129
P1_A485+Dux	938	19153	-0.0	-1.3802538143598129
P1_A485+Dux	939	320747	0.0	-1.3802538143598129
P1_A485+Dux	940	17130	0.0	-1.3802538143598129
P1_A485+Dux	941	20965	-0.0	-1.3802538143598129
P1_A485+Dux	942	223646	-0.0	-1.3802538143598129
P1_A485+Dux	943	30794	-0.0	-1.3802538143598129
P1_A485+Dux	944	380785	0.0	-1.3802538143598129
P1_A485+Dux	945	103988	-0.0	-1.3802538143598129
P1_A485+Dux	946	12505	0.0	-1.3802538143598129
P1_A485+Dux	947	12845	0.0	-1.3802538143598129
P1_A485+Dux	948	77609	0.0	-1.3802538143598129
P1_A485+Dux	949	70061	0.0	-1.3802538143598129
P1_A485+Dux	950	17082	-0.0	-1.3802538143598129
P1_A485+Dux	951	224697	-0.0	-1.3802538143598129
P1_A485+Dux	952	217125	0.0	-1.3802538143598129
P1_A485+Dux	953	74580	0.0	-1.3802538143598129
P1_A485+Dux	954	53604	0.0	-1.3802538143598129
P1_A485+Dux	955	207728	-0.0	-1.3802538143598129
P1_A485+Dux	956	216795	-0.0	-1.3802538143598129
P1_A485+Dux	957	232078	-0.0	-1.3802538143598129
P1_A485+Dux	958	76757	0.0	-1.3802538143598129
P1_A485+Dux	959	70370	0.0	-1.3802538143598129
P1_A485+Dux	960	24053	-0.0	-1.3802538143598129
P1_A485+Dux	961	22229	-0.0	-1.3802538143598129
P1_A485+Dux	962	211550	0.0	-1.3802538143598129
P1_A485+Dux	963	114644	0.0	-1.3802538143598129
P1_A485+Dux	964	21816	0.0	-1.3802538143598129
P1_A485+Dux	965	16493	0.0	-1.3802538143598129
P1_A485+Dux	966	231004	-0.0	-1.3802538143598129
P1_A485+Dux	967	21922	-0.0	-1.3802538143598129
P1_A485+Dux	968	12481	0.0	-1.3802538143598129
P1_A485+Dux	969	233199	0.0	-1.3802538143598129
P1_A485+Dux	970	213417	0.0	-1.3802538143598129
P1_A485+Dux	971	17313	-0.0	-1.3802538143598129
P1_A485+Dux	972	58222	-0.0	-1.3802538143598129
P1_A485+Dux	973	16181	-0.0	-1.3802538143598129
P1_A485+Dux	974	110876	0.0	-1.3802538143598129
P1_A485+Dux	975	80976	0.0	-1.3802538143598129
P1_A485+Dux	976	72690	0.0	-1.3802538143598129
P1_A485+Dux	977	242050	-0.0	-1.3802538143598129
P1_A485+Dux	978	20533	0.0	-1.3802538143598129
P1_A485+Dux	979	11839	-0.0	-1.3802538143598129
P1_A485+Dux	980	27371	0.0	-1.3802538143598129
P1_A485+Dux	981	103511	0.0	-1.3802538143598129
P1_A485+Dux	982	80837	-0.0	-1.3802538143598129
P1_A485+Dux	983	228550	-0.0	-1.3802538143598129
P1_A485+Dux	984	75641	-0.0	-1.3802538143598129
P1_A485+Dux	985	80286	-0.0	-1.3802538143598129
P1_A485+Dux	986	654812	-0.0	-1.3802538143598129
P1_A485+Dux	987	14173	0.0	-1.3802538143598129
P1_A485+Dux	988	20198	0.0	-1.3802538143598129
P1_A485+Dux	989	20339	-0.0	-1.3802538143598129
P1_A485+Dux	990	70405	0.0	-1.3802538143598129
P1_A485+Dux	991	21389	0.0	-1.3802538143598129
P1_A485+Dux	992	21960	-0.0	-1.3802538143598129
P1_A485+Dux	993	110893	0.0	-1.3802538143598129
P1_A485+Dux	994	212032	-0.0	-1.3802538143598129
P1_A485+Dux	995	16176	-0.0	-1.3802538143598129
P1_A485+Dux	996	93735	0.0	-1.3802538143598129
P1_A485+Dux	997	54167	-0.0	-1.3802538143598129
P1_A485+Dux	998	171166	-0.0	-1.3802538143598129
P1_A485+Dux	999	13516	-0.0	-1.3802538143598129
P1_A485+Dux	1000	243897	0.0	-1.3802538143598129
P1_A485+Dux	1001	207181	-0.0	-1.3802538143598129
P1_A485+Dux	1002	212974	-0.0	-1.3802538143598129
P1_A485+Dux	1003	17005	-0.0	-1.3802538143598129
P1_A485+Dux	1004	12643	-0.0	-1.3802538143598129
P1_A485+Dux	1005	56534	0.0	-1.3802538143598129
P1_A485+Dux	1006	108052	0.0	-1.3802538143598129
P1_A485+Dux	1007	66513	-0.0	-1.3802538143598129
P1_A485+Dux	1008	27261	-0.0	-1.3802538143598129
P1_A485+Dux	1009	381853	0.0	-1.3802538143598129
P1_A485+Dux	1010	64103	0.0	-1.3802538143598129
P1_A485+Dux	1011	78558	-0.0	-1.3802538143598129
P1_A485+Dux	1012	56461	0.0	-1.3802538143598129
P1_A485+Dux	1013	224024	0.0	-1.3802538143598129
P1_A485+Dux	1014	216856	0.0	-1.3802538143598129
P1_A485+Dux	1015	74490	-0.0	-1.3802538143598129
P1_A485+Dux	1016	18548	0.0	-1.3802538143598129
P1_A485+Dux	1017	12839	-0.0	-1.3802538143598129
P1_A485+Dux	1018	213469	-0.0	-1.3802538143598129
P1_A485+Dux	1019	72310	0.0	-1.3802538143598129
P1_A485+Dux	1020	319660	0.0	-1.3802538143598129
P1_A485+Dux	1021	225341	-0.0	-1.3802538143598129
P1_A485+Dux	1022	171469	-0.0	-1.3802538143598129
P1_A485+Dux	1023	65963	-0.0	-1.3802538143598129
P1_A485+Dux	1024	56471	-0.0	-1.3802538143598129
P1_A485+Dux	1025	68846	-0.0	-1.3802538143598129
P1_A485+Dux	1026	12822	0.0	-1.3802538143598129
P1_A485+Dux	1027	11602	0.0	-1.3802538143598129
P1_A485+Dux	1028	68016	-0.0	-1.3802538143598129
P1_A485+Dux	1029	15450	0.0	-1.3802538143598129
P1_A485+Dux	1030	277468	0.0	-1.3802538143598129
P1_A485+Dux	1031	269019	-0.0	-1.3802538143598129
P1_A485+Dux	1032	57814	0.0	-1.3802538143598129
P1_A485+Dux	1033	233733	-0.0	-1.3802538143598129
P1_A485+Dux	1034	71099	0.0	-1.3802538143598129
P1_A485+Dux	1035	66208	-0.0	-1.3802538143598129
P1_A485+Dux	1036	243616	-0.0	-1.3802538143598129
P1_A485+Dux	1037	24131	0.0	-1.3802538143598129
P1_A485+Dux	1038	20371	0.0	-1.3802538143598129
P1_A485+Dux	1039	244723	0.0	-1.3802538143598129
P1_A485+Dux	1040	27409	-0.0	-1.3802538143598129
P1_A485+Dux	1041	81904	-0.0	-1.3802538143598129
P1_A485+Dux	1042	101772	0.0	-1.3802538143598129
P1_A485+Dux	1043	20277	-0.0	-1.3802538143598129
P1_A485+Dux	1044	118454	-0.0	-1.3802538143598129
P1_A485+Dux	1045	237611	-0.0	-1.3802538143598129
P1_A485+Dux	1046	14125	0.0	-1.3802538143598129
P1_A485+Dux	1047	17260	0.0	-1.3802538143598129
P1_A485+Dux	1048	22671	-0.0	-1.3802538143598129
P1_A485+Dux	1049	18667	0.0	-1.3802538143598129
P1_A485+Dux	1050	12062	0.0	-1.3802538143598129
P1_A485+Dux	1051	16846	0.0	-1.3802538143598129
P1_A485+Dux	1052	14733	0.0	-1.3802538143598129
P1_A485+Dux	1053	18619	0.0	-1.3802538143598129
P1_A485+Dux	1054	435965	-0.0	-1.3802538143598129
P1_A485+Dux	1055	110351	0.0	-1.3802538143598129
P1_A485+Dux	1056	330890	0.0	-1.3802538143598129
P1_A485+Dux	1057	94332	-0.0	-1.3802538143598129
P1_A485+Dux	1058	105193	-0.0	-1.3802538143598129
P1_A485+Dux	1059	68680	0.0	-1.3802538143598129
P1_A485+Dux	1060	23967	-0.0	-1.3802538143598129
P1_A485+Dux	1061	170790	-0.0	-1.3802538143598129
P1_A485+Dux	1062	18951	-0.0	-1.3802538143598129
P1_A485+Dux	1063	19416	0.0	-1.3802538143598129
P1_A485+Dux	1064	17926	-0.0	-1.3802538143598129
P1_A485+Dux	1065	13609	-0.0	-1.3802538143598129
P1_A485+Dux	1066	56532	-0.0	-1.3802538143598129
P1_A485+Dux	1067	194309	0.0	-1.3802538143598129
P1_A485+Dux	1068	22409	0.0	-1.3802538143598129
P1_A485+Dux	1069	27273	-0.0	-1.3802538143598129
P1_A485+Dux	1070	21786	-0.0	-1.3802538143598129
P1_A485+Dux	1071	50997	-0.0	-1.3802538143598129
P1_A485+Dux	1072	98752	0.0	-1.3802538143598129
P1_A485+Dux	1073	18654	-0.0	-1.3802538143598129
P1_A485+Dux	1074	50528	0.0	-1.3802538143598129
P1_A485+Dux	1075	97440	0.0	-1.3802538143598129
P1_A485+Dux	1076	16491	0.0	-1.3802538143598129
P1_A485+Dux	1077	67573	-0.0	-1.3802538143598129
P1_A485+Dux	1078	15111	0.0	-1.3802538143598129
P1_A485+Dux	1079	19881	0.0	-1.3802538143598129
P1_A485+Dux	1080	16197	0.0	-1.3802538143598129
P1_A485+Dux	1081	72349	0.0	-1.3802538143598129
P1_A485+Dux	1082	233246	-0.0	-1.3802538143598129
P1_A485+Dux	1083	228785	-0.0	-1.3802538143598129
P1_A485+Dux	1084	15284	0.0	-1.3802538143598129
P1_A485+Dux	1085	170483	0.0	-1.3802538143598129
P1_A485+Dux	1086	11670	-0.0	-1.3802538143598129
P1_A485+Dux	1087	12029	0.0	-1.3802538143598129
P1_A485+Dux	1088	208164	0.0	-1.3802538143598129
P1_A485+Dux	1089	668940	0.0	-1.3802538143598129
P1_A485+Dux	1090	24110	0.0	-1.3802538143598129
P1_A485+Dux	1091	70415	-0.0	-1.3802538143598129
P1_A485+Dux	1092	236285	0.0	-1.3802538143598129
P1_A485+Dux	1093	19419	-0.0	-1.3802538143598129
P1_A485+Dux	1094	12458	-0.0	-1.3802538143598129
P1_A485+Dux	1095	21817	0.0	-1.3802538143598129
P1_A485+Dux	1096	12796	-0.0	-1.3802538143598129
P1_A485+Dux	1097	13654	-0.0	-1.3802538143598129
P1_A485+Dux	1098	13386	0.0	-1.3802538143598129
P1_A485+Dux	1099	20201	0.0	-1.3802538143598129
P1_A485+Dux	1100	228576	-0.0	-1.3802538143598129
P1_A485+Dux	1101	225724	0.0	-1.3802538143598129
P1_A485+Dux	1102	30806	-0.0	-1.3802538143598129
P1_A485+Dux	1103	208890	-0.0	-1.3802538143598129
P1_A485+Dux	1104	268747	0.0	-1.3802538143598129
P1_A485+Dux	1105	12700	-0.0	-1.3802538143598129
P1_A485+Dux	1106	72780	0.0	-1.3802538143598129
P1_A485+Dux	1107	18534	-0.0	-1.3802538143598129
P1_A485+Dux	1108	64242	0.0	-1.3802538143598129
P1_A485+Dux	1109	80901	0.0	-1.3802538143598129
P1_A485+Dux	1110	12346	-0.0	-1.3802538143598129
P1_A485+Dux	1111	58208	-0.0	-1.3802538143598129
P1_A485+Dux	1112	215456	-0.0	-1.3802538143598129
P1_A485+Dux	1113	56644	0.0	-1.3802538143598129
P1_A485+Dux	1114	209837	-0.0	-1.3802538143598129
P1_A485+Dux	1115	231134	-0.0	-1.3802538143598129
P1_A485+Dux	1116	12501	0.0	-1.3802538143598129
P1_A485+Dux	1117	17885	-0.0	-1.3802538143598129
P1_A485+Dux	1118	14080	-0.0	-1.3802538143598129
P1_A485+Dux	1119	15896	-0.0	-1.3802538143598129
P1_A485+Dux	1120	23893	0.0	-1.3802538143598129
P1_A485+Dux	1121	12723	0.0	-1.3802538143598129
P1_A485+Dux	1122	259302	0.0	-1.3802538143598129
P1_A485+Dux	1123	56264	-0.0	-1.3802538143598129
P1_A485+Dux	1124	69590	-0.0	-1.3802538143598129
P1_A485+Dux	1125	240667	0.0	-1.3802538143598129
P1_A485+Dux	1126	13602	0.0	-1.3802538143598129
P1_A485+Dux	1127	58176	-0.0	-1.3802538143598129
P1_A485+Dux	1128	15572	-0.0	-1.3802538143598129
P1_A485+Dux	1129	13003	0.0	-1.3802538143598129
P1_A485+Dux	1130	242523	0.0	-1.3802538143598129
P1_A485+Dux	1131	21924	0.0	-1.3802538143598129
P1_A485+Dux	1132	100038882	-0.0	-1.3802538143598129
P1_A485+Dux	1133	641376	-0.0	-1.3802538143598129
P1_A485+Dux	1134	16173	0.0	-1.3802538143598129
P1_A485+Dux	1135	65115	-0.0	-1.3802538143598129
P1_A485+Dux	1136	72925	-0.0	-1.3802538143598129
P1_A485+Dux	1137	93874	0.0	-1.3802538143598129
P1_A485+Dux	1138	76156	-0.0	-1.3802538143598129
P1_A485+Dux	1139	18142	-0.0	-1.3802538143598129
P1_A485+Dux	1140	105827	-0.0	-1.3802538143598129
P1_A485+Dux	1141	245827	-0.0	-1.3802538143598129
P1_A485+Dux	1142	69454	-0.0	-1.3802538143598129
P1_A485+Dux	1143	15430	0.0	-1.3802538143598129
P1_A485+Dux	1144	71803	0.0	-1.3802538143598129
P1_A485+Dux	1145	279766	0.0	-1.3802538143598129
P1_A485+Dux	1146	223917	-0.0	-1.3802538143598129
P1_A485+Dux	1147	14373	0.0	-1.3802538143598129
P1_A485+Dux	1148	241770	-0.0	-1.3802538143598129
P1_A485+Dux	1149	27280	0.0	-1.3802538143598129
P1_A485+Dux	1150	68428	-0.0	-1.3802538143598129
P1_A485+Dux	1151	226999	-0.0	-1.3802538143598129
P1_A485+Dux	1152	20537	-0.0	-1.3802538143598129
P1_A485+Dux	1153	18596	0.0	-1.3802538143598129
P1_A485+Dux	1154	20564	0.0	-1.3802538143598129
P1_A485+Dux	1155	16979	-0.0	-1.3802538143598129
P1_A485+Dux	1156	14205	0.0	-1.3802538143598129
P1_A485+Dux	1157	67272	-0.0	-1.3802538143598129
P1_A485+Dux	1158	16147	0.0	-1.3802538143598129
P1_A485+Dux	1159	13655	-0.0	-1.3802538143598129
P1_A485+Dux	1160	67937	-0.0	-1.3802538143598129
P1_A485+Dux	1161	76854	0.0	-1.3802538143598129
P1_A485+Dux	1162	23959	-0.0	-1.3802538143598129
P1_A485+Dux	1163	16453	0.0	-1.3802538143598129
P1_A485+Dux	1164	20776	0.0	-1.3802538143598129
P1_A485+Dux	1165	235281	-0.0	-1.3802538143598129
P1_A485+Dux	1166	497097	-0.0	-1.3802538143598129
P1_A485+Dux	1167	98170	-0.0	-1.3802538143598129
P1_A485+Dux	1168	223881	2.043669269374097e-06	-1.3802517706905435
P1_A485+Dux	1169	103551	3.143655926738292e-06	-1.3802486270346168
P1_A485+Dux	1170	66109	3.79879579781118e-06	-1.380244828238819
P1_A485+Dux	1171	58802	3.984153964810299e-06	-1.3802408440848544
P1_A485+Dux	1172	20650	4.534343715199297e-06	-1.3802363097411392
P1_A485+Dux	1173	18190	4.776810052961393e-06	-1.3802315329310861
P1_A485+Dux	1174	16574	4.806440162618488e-06	-1.3802267264909236
P1_A485+Dux	1175	235040	5.424738982460323e-06	-1.3802213017519411
P1_A485+Dux	1176	22412	5.4405327069613575e-06	-1.3802158612192341
P1_A485+Dux	1177	327957	5.664007199690874e-06	-1.3802101972120344
P1_A485+Dux	1178	83674	8.234154849044626e-06	-1.3802019630571853
P1_A485+Dux	1179	327954	9.380478149640124e-06	-1.3801925825790358
P1_A485+Dux	1180	66771	9.658183105540246e-06	-1.3801829243959303
P1_A485+Dux	1181	108000	1.060897161454833e-05	-1.3801723154243157
P1_A485+Dux	1182	239319	1.1532913074182444e-05	-1.3801607825112416
P1_A485+Dux	1183	268451	1.1546599030781326e-05	-1.380149235912211
P1_A485+Dux	1184	72151	1.1734116250181802e-05	-1.3801375017959607
P1_A485+Dux	1185	16881	1.184820403611248e-05	-1.3801256535919246
P1_A485+Dux	1186	14268	1.4173095525771609e-05	-1.3801114804963988
P1_A485+Dux	1187	73094	1.5464739224201864e-05	-1.3800960157571747
P1_A485+Dux	1188	106389	1.5505271735452138e-05	-1.3800805104854392
P1_A485+Dux	1189	107351	1.7392587077848746e-05	-1.3800631178983613
P1_A485+Dux	1190	76044	1.775734212871279e-05	-1.3800453605562326
P1_A485+Dux	1191	14687	2.0100225011451177e-05	-1.380025260331221
P1_A485+Dux	1192	73836	2.32520121373612e-05	-1.3800020083190838
P1_A485+Dux	1193	50765	2.384547406911877e-05	-1.3799781628450147
P1_A485+Dux	1194	103710	2.406481700099148e-05	-1.3799540980280138
P1_A485+Dux	1195	103968	2.5280381932911182e-05	-1.3799288176460809
P1_A485+Dux	1196	109205	2.638373055669692e-05	-1.3799024339155241
P1_A485+Dux	1197	22113	2.6495094084376072e-05	-1.3798759388214397
P1_A485+Dux	1198	71240	2.6920725521782958e-05	-1.379849018095918
P1_A485+Dux	1199	216867	2.7560111652304763e-05	-1.3798214579842656
P1_A485+Dux	1200	223774	2.7771493365056676e-05	-1.3797936864909006
P1_A485+Dux	1201	75141	2.872510491182734e-05	-1.3797649613859888
P1_A485+Dux	1202	56224	2.9082688605877066e-05	-1.379735878697383
P1_A485+Dux	1203	98256	3.0484984526452573e-05	-1.3797053937128565
P1_A485+Dux	1204	107305	3.053669038409092e-05	-1.3796748570224724
P1_A485+Dux	1205	55988	3.2764819230115034e-05	-1.3796420922032422
P1_A485+Dux	1206	68567	3.382001522711832e-05	-1.379608272188015
P1_A485+Dux	1207	380924	3.757930638904825e-05	-1.3795706928816258
P1_A485+Dux	1208	319901	4.321050638205136e-05	-1.3795274823752437
P1_A485+Dux	1209	20969	4.462899387025342e-05	-1.3794828533813734
P1_A485+Dux	1210	12842	4.6275550193798304e-05	-1.3794365778311797
P1_A485+Dux	1211	22785	4.776989761644214e-05	-1.3793888079335632
P1_A485+Dux	1212	15118	4.806256809219644e-05	-1.3793407453654711
P1_A485+Dux	1213	269016	4.888299317638707e-05	-1.3792918623722947
P1_A485+Dux	1214	66990	4.901727666025632e-05	-1.3792428450956344
P1_A485+Dux	1215	75593	4.969927553057974e-05	-1.3791931458201039
P1_A485+Dux	1216	68760	4.988254625934992e-05	-1.3791432632738445
P1_A485+Dux	1217	70310	5.015822056809455e-05	-1.3790931050532764
P1_A485+Dux	1218	230582	5.0606347409675e-05	-1.3790424987058667
P1_A485+Dux	1219	67993	5.232467003778297e-05	-1.378990174035829
P1_A485+Dux	1220	70223	5.439153076846318e-05	-1.3789357825050605
P1_A485+Dux	1221	76960	6.126434592706367e-05	-1.3788745181591335
P1_A485+Dux	1222	216760	6.268423560852512e-05	-1.378811833923525
P1_A485+Dux	1223	13844	6.513943035029709e-05	-1.3787466944931746
P1_A485+Dux	1224	70381	6.576702611825321e-05	-1.3786809274670564
P1_A485+Dux	1225	13175	6.649648628783832e-05	-1.3786144309807686
P1_A485+Dux	1226	13618	6.742230956486649e-05	-1.3785470086712037
P1_A485+Dux	1227	16510	6.762507758882953e-05	-1.3784793835936149
P1_A485+Dux	1228	76787	6.906449133347719e-05	-1.3784103191022814
P1_A485+Dux	1229	218820	7.325821323455692e-05	-1.3783370608890468
P1_A485+Dux	1230	320051	7.428083562412485e-05	-1.3782627800534226
P1_A485+Dux	1231	66930	7.593019084174657e-05	-1.3781868498625809
P1_A485+Dux	1232	242819	7.760749396752677e-05	-1.3781092423686134
P1_A485+Dux	1233	59009	7.765619813623649e-05	-1.3780315861704773
P1_A485+Dux	1234	104871	7.79735910610534e-05	-1.3779536125794163
P1_A485+Dux	1235	140721	7.901111152591159e-05	-1.3778746014678904
P1_A485+Dux	1236	73327	8.022988257450967e-05	-1.3777943715853158
P1_A485+Dux	1237	100048534	8.080105569235912e-05	-1.3777135705296235
P1_A485+Dux	1238	14160	8.116481534403678e-05	-1.3776324057142795
P1_A485+Dux	1239	93838	8.213405755071403e-05	-1.3775502716567287
P1_A485+Dux	1240	114713	8.266446747760515e-05	-1.377467607189251
P1_A485+Dux	1241	140488	8.268994445171868e-05	-1.3773849172447994
P1_A485+Dux	1242	546134	8.310463040536586e-05	-1.377301812614394
P1_A485+Dux	1243	20532	8.427365113727035e-05	-1.3772175389632568
P1_A485+Dux	1244	329324	8.782170737738156e-05	-1.3771297172558794
P1_A485+Dux	1245	22276	9.349720964542876e-05	-1.377036220046234
P1_A485+Dux	1246	192678	9.4229102493573e-05	-1.3769419909437404
P1_A485+Dux	1247	18602	9.577446684323964e-05	-1.376846216476897
P1_A485+Dux	1248	140792	9.61831562805773e-05	-1.3767500333206164
P1_A485+Dux	1249	29859	9.728883826113423e-05	-1.3766527444823553
P1_A485+Dux	1250	28040	9.751143077003456e-05	-1.3765552330515853
P1_A485+Dux	1251	23792	9.78145291269416e-05	-1.3764574185224583
P1_A485+Dux	1252	74470	0.0001010995007435	-1.3763563190217147
P1_A485+Dux	1253	22771	0.0001012194957102	-1.3762550995260046
P1_A485+Dux	1254	12416	0.0001019216254472	-1.3761531779005574
P1_A485+Dux	1255	72016	0.0001024807188987	-1.3760506971816586
P1_A485+Dux	1256	67196	0.0001036803873054	-1.3759470167943533
P1_A485+Dux	1257	13082	0.000112133153146	-1.3758348836412073
P1_A485+Dux	1258	14732	0.0001126072889516	-1.3757222763522556
P1_A485+Dux	1259	19126	0.0001133603046018	-1.375608916047654
P1_A485+Dux	1260	72930	0.0001206487783887	-1.3754882672692652
P1_A485+Dux	1261	72415	0.0001229777670294	-1.375365289502236
P1_A485+Dux	1262	66953	0.0001238639245032	-1.3752414255777328
P1_A485+Dux	1263	12311	0.0001244130380259	-1.375117012539707
P1_A485+Dux	1264	245595	0.00012494761786	-1.374992064921847
P1_A485+Dux	1265	72585	0.0001254733806369	-1.3748665915412102
P1_A485+Dux	1266	69217	0.0001256988904599	-1.3747408926507503
P1_A485+Dux	1267	71766	0.000126367073721	-1.3746145255770292
P1_A485+Dux	1268	243574	0.000129063275019	-1.3744854623020102
P1_A485+Dux	1269	14805	0.0001298651924698	-1.3743555971095405
P1_A485+Dux	1270	11684	0.00013395324218	-1.3742216438673605
P1_A485+Dux	1271	22224	0.0001343532616409	-1.3740872906057195
P1_A485+Dux	1272	108927	0.0001349041214148	-1.3739523864843048
P1_A485+Dux	1273	106042	0.0001379575418599	-1.373814428942445
P1_A485+Dux	1274	234593	0.0001381173020274	-1.3736763116404176
P1_A485+Dux	1275	329650	0.0001383425306902	-1.3735379691097274
P1_A485+Dux	1276	94229	0.0001386115594983	-1.373399357550229
P1_A485+Dux	1277	19263	0.0001397204064712	-1.3732596371437578
P1_A485+Dux	1278	70951	0.0001405765836902	-1.3731190605600676
P1_A485+Dux	1279	237387	0.0001406851703515	-1.372978375389716
P1_A485+Dux	1280	20778	0.0001411812981273	-1.3728371940915887
P1_A485+Dux	1281	70261	0.0001452481466421	-1.3726919459449465
P1_A485+Dux	1282	330671	0.000145310096983	-1.3725466358479634
P1_A485+Dux	1283	71994	0.0001485181760586	-1.372398117671905
P1_A485+Dux	1284	14545	0.000148712690859	-1.3722494049810459
P1_A485+Dux	1285	268859	0.00014937761338	-1.3721000273676658
P1_A485+Dux	1286	16656	0.0001512921532493	-1.3719487352144164
P1_A485+Dux	1287	208228	0.0001522043255268	-1.3717965308888895
P1_A485+Dux	1288	272347	0.0001526604491259	-1.3716438704397635
P1_A485+Dux	1289	228482	0.0001565655076934	-1.3714873049320702
P1_A485+Dux	1290	217410	0.0001568313120051	-1.371330473620065
P1_A485+Dux	1291	319520	0.0001573869939438	-1.3711730866261214
P1_A485+Dux	1292	18227	0.0001608275177745	-1.371012259108347
P1_A485+Dux	1293	232146	0.0001641181031405	-1.3708481410052065
P1_A485+Dux	1294	74100	0.0001647899044763	-1.3706833511007301
P1_A485+Dux	1295	17387	0.0001673797038299	-1.3705159713969002
P1_A485+Dux	1296	19338	0.0001696768912141	-1.3703462945056861
P1_A485+Dux	1297	23836	0.0001708915473062	-1.37017540295838
P1_A485+Dux	1298	384763	0.0001753362940776	-1.3700000666643024
P1_A485+Dux	1299	17079	0.0001761233308382	-1.3698239433334642
P1_A485+Dux	1300	16403	0.0001766536708035	-1.3696472896626608
P1_A485+Dux	1301	15213	0.0001767220926431	-1.3694705675700176
P1_A485+Dux	1302	243362	0.000182437330903	-1.3692881302391147
P1_A485+Dux	1303	60363	0.0001837262295348	-1.36910440400958
P1_A485+Dux	1304	23969	0.0001840635996468	-1.368920340409933
P1_A485+Dux	1305	208213	0.0001861053930002	-1.368734235016933
P1_A485+Dux	1306	170745	0.000186947198477	-1.368547287818456
P1_A485+Dux	1307	11364	0.0001876062189068	-1.3683596815995491
P1_A485+Dux	1308	245026	0.0001885556481697	-1.3681711259513794
P1_A485+Dux	1309	71145	0.000191758602139	-1.3679793673492404
P1_A485+Dux	1310	106347	0.0001923475184652	-1.367787019830775
P1_A485+Dux	1311	347722	0.0001954419814273	-1.3675915778493477
P1_A485+Dux	1312	100434	0.0001970713691263	-1.3673945064802213
P1_A485+Dux	1313	236539	0.000199509477531	-1.3671949970026904
P1_A485+Dux	1314	56513	0.0002053751344133	-1.366989621868277
P1_A485+Dux	1315	65970	0.0002083571099177	-1.3667812647583595
P1_A485+Dux	1316	56496	0.0002100424042115	-1.366571222354148
P1_A485+Dux	1317	223272	0.0002185742121483	-1.3663526481419996
P1_A485+Dux	1318	54126	0.0002203856528348	-1.3661322624891648
P1_A485+Dux	1319	68801	0.0002255904602	-1.3659066720289648
P1_A485+Dux	1320	13506	0.0002296583410907	-1.365677013687874
P1_A485+Dux	1321	140580	0.0002306278895242	-1.3654463857983499
P1_A485+Dux	1322	320633	0.0002316389149191	-1.3652147468834308
P1_A485+Dux	1323	74666	0.0002325916996068	-1.364982155183824
P1_A485+Dux	1324	319991	0.000232743833924	-1.3647494113499
P1_A485+Dux	1325	378431	0.0002365487782988	-1.3645128625716012
P1_A485+Dux	1326	54420	0.0002419681147701	-1.3642708944568311
P1_A485+Dux	1327	109674	0.000242617809613	-1.364028276647218
P1_A485+Dux	1328	226861	0.0002436688309258	-1.3637846078162923
P1_A485+Dux	1329	14251	0.0002440575410961	-1.3635405502751963
P1_A485+Dux	1330	237175	0.0002446676450476	-1.3632958826301487
P1_A485+Dux	1331	67800	0.0002515400478297	-1.3630443425823189
P1_A485+Dux	1332	12333	0.0002519807954283	-1.3627923617868907
P1_A485+Dux	1333	56419	0.0002520585567	-1.3625403032301906
P1_A485+Dux	1334	75669	0.0002531061493381	-1.3622871970808526
P1_A485+Dux	1335	105243	0.0002581129312226	-1.3620290841496299
P1_A485+Dux	1336	226098	0.0002617110993692	-1.3617673730502606
P1_A485+Dux	1337	67216	0.00026395576549	-1.3615034172847706
P1_A485+Dux	1338	330355	0.0002640807507119	-1.3612393365340587
P1_A485+Dux	1339	232821	0.0002651956233219	-1.3609741409107368
P1_A485+Dux	1340	19246	0.0002658973869693	-1.3607082435237674
P1_A485+Dux	1341	71820	0.0002673989958538	-1.3604408445279137
P1_A485+Dux	1342	14276	0.0002747460399898	-1.3601660984879238
P1_A485+Dux	1343	12827	0.0002749977286871	-1.3598911007592367
P1_A485+Dux	1344	17064	0.0002825206021897	-1.359608580157047
P1_A485+Dux	1345	107449	0.0002882416111755	-1.3593203385458714
P1_A485+Dux	1346	12140	0.0002892770774063	-1.359031061468465
P1_A485+Dux	1347	433938	0.0002902460088597	-1.3587408154596055
P1_A485+Dux	1348	16590	0.0002920883514286	-1.3584487271081769
P1_A485+Dux	1349	20296	0.0003016838414357	-1.358147043266741
P1_A485+Dux	1350	229658	0.0003024041896426	-1.3578446390770984
P1_A485+Dux	1351	77113	0.0003051179891826	-1.3575395210879158
P1_A485+Dux	1352	74901	0.0003058146124751	-1.3572337064754407
P1_A485+Dux	1353	12823	0.0003076711786351	-1.3569260352968056
P1_A485+Dux	1354	240087	0.0003083550954979	-1.3566176802013077
P1_A485+Dux	1355	246707	0.0003087163327811	-1.3563089638685266
P1_A485+Dux	1356	73379	0.0003113224630213	-1.3559976414055053
P1_A485+Dux	1357	16404	0.0003118893686391	-1.3556857520368661
P1_A485+Dux	1358	73075	0.0003134433882402	-1.355372308648626
P1_A485+Dux	1359	226777	0.0003141630029645	-1.3550581456456614
P1_A485+Dux	1360	235134	0.0003153229806782	-1.3547428226649831
P1_A485+Dux	1361	99010	0.0003227035107065	-1.3544201191542766
P1_A485+Dux	1362	12550	0.0003243207669308	-1.3540957983873458
P1_A485+Dux	1363	52276	0.0003254502109411	-1.3537703481764047
P1_A485+Dux	1364	209584	0.0003325086696872	-1.3534378395067175
P1_A485+Dux	1365	279561	0.0003358270435872	-1.3531020124631303
P1_A485+Dux	1366	216739	0.000336277100617	-1.3527657353625133
P1_A485+Dux	1367	227197	0.0003379436509402	-1.352427791711573
P1_A485+Dux	1368	106869	0.0003408896630048	-1.3520869020485682
P1_A485+Dux	1369	14027	0.0003434478731308	-1.3517434541754374
P1_A485+Dux	1370	66349	0.0003472890878576	-1.3513961650875799
P1_A485+Dux	1371	67198	0.0003492358956133	-1.3510469291919667
P1_A485+Dux	1372	211228	0.0003502869079888	-1.350696642283978
P1_A485+Dux	1373	330908	0.0003554373842761	-1.3503412048997019
P1_A485+Dux	1374	105439	0.0003565700090233	-1.3499846348906785
P1_A485+Dux	1375	77577	0.0003586611613486	-1.34962597372933
P1_A485+Dux	1376	218341	0.0003627836656707	-1.3492631900636591
P1_A485+Dux	1377	192976	0.0003650837026203	-1.3488981063610388
P1_A485+Dux	1378	66011	0.0003669042038252	-1.3485312021572136
P1_A485+Dux	1379	11480	0.0003671345173546	-1.348164067639859
P1_A485+Dux	1380	17127	0.0003685652816787	-1.3477955023581802
P1_A485+Dux	1381	72097	0.0003704259808161	-1.347425076377364
P1_A485+Dux	1382	13008	0.0003728488053502	-1.3470522275720138
P1_A485+Dux	1383	20536	0.0003736352933806	-1.3466785922786333
P1_A485+Dux	1384	225358	0.0003788878530922	-1.3462997044255411
P1_A485+Dux	1385	245945	0.0003817596993994	-1.3459179447261418
P1_A485+Dux	1386	16420	0.0003846080203145	-1.3455333367058273
P1_A485+Dux	1387	84036	0.0003846975768903	-1.3451486391289371
P1_A485+Dux	1388	83921	0.0003871195410873	-1.3447615195878497
P1_A485+Dux	1389	56527	0.0003892518068968	-1.3443722677809529
P1_A485+Dux	1390	15902	0.000395879627907	-1.3439763881530458
P1_A485+Dux	1391	74013	0.0003977443645056	-1.3435786437885402
P1_A485+Dux	1392	239364	0.0003994374466261	-1.3431792063419141
P1_A485+Dux	1393	11554	0.0004049063466146	-1.3427742999952996
P1_A485+Dux	1394	102436	0.0004113783240747	-1.342362921671225
P1_A485+Dux	1395	13497	0.0004136506083009	-1.341949271062924
P1_A485+Dux	1396	84035	0.0004157258161171	-1.341533545246807
P1_A485+Dux	1397	77593	0.0004160833077482	-1.3411174619390587
P1_A485+Dux	1398	11593	0.0004188638243346	-1.3406985981147241
P1_A485+Dux	1399	232333	0.0004191249579438	-1.3402794731567804
P1_A485+Dux	1400	67603	0.0004292601937604	-1.33985021296302
P1_A485+Dux	1401	67703	0.000429856746425	-1.3394203562165952
P1_A485+Dux	1402	67512	0.0004346350693025	-1.3389857211472926
P1_A485+Dux	1403	14163	0.0004403929369062	-1.3385453282103865
P1_A485+Dux	1404	228778	0.0004434087986888	-1.3381019194116976
P1_A485+Dux	1405	208518	0.0004447952471005	-1.3376571241645971
P1_A485+Dux	1406	26415	0.0004559340342946	-1.3372011901303025
P1_A485+Dux	1407	70546	0.0004588789940569	-1.3367423111362455
P1_A485+Dux	1408	268780	0.0004630580679454	-1.3362792530683
P1_A485+Dux	1409	20912	0.0004669648745852	-1.335812288193715
P1_A485+Dux	1410	20449	0.0004737815368984	-1.3353385066568164
P1_A485+Dux	1411	50490	0.0004743521305208	-1.3348641545262956
P1_A485+Dux	1412	319613	0.0004770937425302	-1.3343870607837653
P1_A485+Dux	1413	77015	0.0004780952229091	-1.3339089655608563
P1_A485+Dux	1414	70676	0.0004794482693509	-1.3334295172915054
P1_A485+Dux	1415	22223	0.0004806061062043	-1.332948911185301
P1_A485+Dux	1416	211484	0.0004864922905031	-1.332462418894798
P1_A485+Dux	1417	74717	0.0004901538285491	-1.3319722650662489
P1_A485+Dux	1418	69129	0.0005017083749114	-1.3314705566913374
P1_A485+Dux	1419	320472	0.0005098340293703	-1.330960722661967
P1_A485+Dux	1420	18526	0.0005171444955193	-1.3304435781664479
P1_A485+Dux	1421	12287	0.0005185755821886	-1.3299250025842593
P1_A485+Dux	1422	217262	0.0005187625153121	-1.3294062400689473
P1_A485+Dux	1423	54366	0.0005187641577585	-1.3288874759111888
P1_A485+Dux	1424	64929	0.0005194435754553	-1.3283680323357336
P1_A485+Dux	1425	66446	0.0005230684687383	-1.3278449638669954
P1_A485+Dux	1426	57443	0.0005341630556978	-1.3273108008112975
P1_A485+Dux	1427	26377	0.0005362870378638	-1.3267745137734337
P1_A485+Dux	1428	233406	0.0005374914402879	-1.3262370223331459
P1_A485+Dux	1429	14536	0.0005490414784074	-1.3256879808547384
P1_A485+Dux	1430	52245	0.0005512689916771	-1.3251367118630613
P1_A485+Dux	1431	67422	0.0005581076917714	-1.32457860417129
P1_A485+Dux	1432	116837	0.0005593546911974	-1.3240192494800924
P1_A485+Dux	1433	217946	0.0005610252047322	-1.3234582242753603
P1_A485+Dux	1434	55987	0.0005645365219017	-1.3228936877534585
P1_A485+Dux	1435	14544	0.0005677780055065	-1.322325909747952
P1_A485+Dux	1436	13824	0.0005692327144223	-1.3217566770335298
P1_A485+Dux	1437	16159	0.0005836176442866	-1.3211730593892432
P1_A485+Dux	1438	23882	0.0005865138178364	-1.3205865455714068
P1_A485+Dux	1439	11733	0.000588377183567	-1.3199981683878397
P1_A485+Dux	1440	70454	0.0005960540918044	-1.3194021142960353
P1_A485+Dux	1441	17756	0.0005991653258607	-1.3188029489701745
P1_A485+Dux	1442	64706	0.0005994710893067	-1.3182034778808678
P1_A485+Dux	1443	245269	0.0006044920712315	-1.3175989858096362
P1_A485+Dux	1444	234267	0.0006065647586353	-1.316992421051001
P1_A485+Dux	1445	22417	0.0006090575011094	-1.3163833635498916
P1_A485+Dux	1446	16764	0.0006091656286702	-1.3157741979212214
P1_A485+Dux	1447	15277	0.0006119903935693	-1.3151622075276521
P1_A485+Dux	1448	214804	0.0006124231961084	-1.3145497843315437
P1_A485+Dux	1449	80909	0.0006199973918289	-1.3139297869397148
P1_A485+Dux	1450	53625	0.0006293323912727	-1.3133004545484421
P1_A485+Dux	1451	16975	0.0006367338223878	-1.3126637207260543
P1_A485+Dux	1452	68099	0.0006394034741111	-1.3120243172519432
P1_A485+Dux	1453	52589	0.0006456335757136	-1.3113786836762296
P1_A485+Dux	1454	13643	0.0006518877872649	-1.3107267958889646
P1_A485+Dux	1455	73884	0.0006576079611896	-1.310069187927775
P1_A485+Dux	1456	72008	0.0006601723074004	-1.3094090156203746
P1_A485+Dux	1457	12190	0.0006623259864751	-1.3087466896338995
P1_A485+Dux	1458	73747	0.0006676779631182	-1.3080790116707812
P1_A485+Dux	1459	108098	0.0006684959419498	-1.3074105157288314
P1_A485+Dux	1460	208768	0.0006694649610872	-1.3067410507677442
P1_A485+Dux	1461	214137	0.0006725098739078	-1.3060685408938364
P1_A485+Dux	1462	70779	0.0006812285303054	-1.305387312363531
P1_A485+Dux	1463	54326	0.0006883239436654	-1.3046989884198654
P1_A485+Dux	1464	13370	0.0006892569886849	-1.3040097314311805
P1_A485+Dux	1465	23928	0.0006910484890941	-1.3033186829420864
P1_A485+Dux	1466	320139	0.0006928416010389	-1.3026258413410474
P1_A485+Dux	1467	208715	0.0007020305566664	-1.301923810784381
P1_A485+Dux	1468	229228	0.0007107761211103	-1.3012130346632707
P1_A485+Dux	1469	56047	0.0007129821175107	-1.30050005254576
P1_A485+Dux	1470	74091	0.0007155448697428	-1.299784507676017
P1_A485+Dux	1471	408022	0.0007181048920247	-1.2990664027839924
P1_A485+Dux	1472	23821	0.0007227101630867	-1.2983436926209058
P1_A485+Dux	1473	22063	0.0007236586056452	-1.2976200340152606
P1_A485+Dux	1474	64340	0.0007242266336586	-1.296895807381602
P1_A485+Dux	1475	14221	0.0007262537382454	-1.2961695536433566
P1_A485+Dux	1476	18205	0.0007350273060852	-1.2954345263372715
P1_A485+Dux	1477	59126	0.0007351906824971	-1.2946993356547745
P1_A485+Dux	1478	17389	0.0007374161606541	-1.2939619194941203
P1_A485+Dux	1479	16373	0.0007382761087289	-1.2932236433853914
P1_A485+Dux	1480	67295	0.0007396872776526	-1.2924839561077388
P1_A485+Dux	1481	192232	0.0007401420670786	-1.2917438140406603
P1_A485+Dux	1482	71876	0.000741849426504	-1.2910019646141564
P1_A485+Dux	1483	20682	0.0007477170359761	-1.2902542475781802
P1_A485+Dux	1484	319670	0.0007515657580934	-1.2895026818200868
P1_A485+Dux	1485	320662	0.0007545114890141	-1.2887481703310726
P1_A485+Dux	1486	76179	0.0007550801865593	-1.2879930901445134
P1_A485+Dux	1487	18039	0.0007664633801476	-1.2872266267643657
P1_A485+Dux	1488	218461	0.0007699584554521	-1.2864566683089136
P1_A485+Dux	1489	83433	0.0007702937630229	-1.2856863745458906
P1_A485+Dux	1490	381217	0.0007731697581887	-1.2849132047877019
P1_A485+Dux	1491	14919	0.0007824057900268	-1.2841307989976751
P1_A485+Dux	1492	207259	0.0007838981466667	-1.2833469008510083
P1_A485+Dux	1493	246048	0.0007941269175056	-1.2825527739335028
P1_A485+Dux	1494	216850	0.0007965809041356	-1.281756193029367
P1_A485+Dux	1495	233875	0.0008015891267728	-1.2809546039025943
P1_A485+Dux	1496	219228	0.0008081629321619	-1.2801464409704324
P1_A485+Dux	1497	73822	0.0008176603085829	-1.2793287806618494
P1_A485+Dux	1498	94180	0.0008362488486059	-1.2784925318132434
P1_A485+Dux	1499	64945	0.0008379448840095	-1.277654586929234
P1_A485+Dux	1500	67059	0.000841156545238	-1.276813430383996
P1_A485+Dux	1501	18476	0.0008489525496229	-1.275964477834373
P1_A485+Dux	1502	83429	0.0008567806318735	-1.2751076972024995
P1_A485+Dux	1503	240354	0.0008576894764051	-1.2742500077260943
P1_A485+Dux	1504	20393	0.000860211497961	-1.2733897962281333
P1_A485+Dux	1505	271005	0.0008618872640549	-1.2725279089640784
P1_A485+Dux	1506	78376	0.0008630048836954	-1.271664904080383
P1_A485+Dux	1507	11745	0.0008636974612683	-1.2708012066191146
P1_A485+Dux	1508	209558	0.0008678399154699	-1.2699333667036448
P1_A485+Dux	1509	330301	0.0008722877734933	-1.2690610789301515
P1_A485+Dux	1510	21940	0.0008786795555591	-1.2681823993745924
P1_A485+Dux	1511	12630	0.0008808565187225	-1.2673015428558698
P1_A485+Dux	1512	16591	0.0008874017775375	-1.2664141410783323
P1_A485+Dux	1513	382913	0.0008874068008227	-1.2655267342775096
P1_A485+Dux	1514	14026	0.0008877444902839	-1.2646389897872257
P1_A485+Dux	1515	235534	0.0008908294411325	-1.2637481603460932
P1_A485+Dux	1516	68802	0.0008925589658557	-1.2628556013802374
P1_A485+Dux	1517	75668	0.0008949215965666	-1.2619606797836709
P1_A485+Dux	1518	72748	0.0009020818996983	-1.2610585978839726
P1_A485+Dux	1519	242505	0.000904367206664	-1.2601542306773086
P1_A485+Dux	1520	68728	0.0009044474520725	-1.259249783225236
P1_A485+Dux	1521	240185	0.0009082674054848	-1.2583415158197513
P1_A485+Dux	1522	209966	0.0009232013430776	-1.2574183144766737
P1_A485+Dux	1523	53972	0.0009495641725916	-1.2564687503040821
P1_A485+Dux	1524	77505	0.0009543804020924	-1.2555143699019897
P1_A485+Dux	1525	20525	0.0009726081785225	-1.2545417617234673
P1_A485+Dux	1526	268527	0.0009787819313506	-1.2535629797921166
P1_A485+Dux	1527	56078	0.0009855774899077	-1.252577402302209
P1_A485+Dux	1528	14763	0.0009862888215598	-1.2515911134806492
P1_A485+Dux	1529	18453	0.0009888057912916	-1.2506023076893575
P1_A485+Dux	1530	74202	0.0009989479030071	-1.2496033597863505
P1_A485+Dux	1531	109272	0.0009999478741747	-1.2486034119121758
P1_A485+Dux	1532	57444	0.0010153298785635	-1.2475880820336123
P1_A485+Dux	1533	19268	0.0010285684648812	-1.246559513568731
P1_A485+Dux	1534	109594	0.0010342229392545	-1.2455252906294765
P1_A485+Dux	1535	94091	0.0010443556136143	-1.244480935015862
P1_A485+Dux	1536	12038	0.0010448843922806	-1.2434360506235815
P1_A485+Dux	1537	328381	0.0010507328113781	-1.2423853178122035
P1_A485+Dux	1538	225997	0.0010526964300206	-1.241332621382183
P1_A485+Dux	1539	225913	0.0010582639598473	-1.2402743574223356
P1_A485+Dux	1540	243983	0.0010686774242	-1.2392056799981357
P1_A485+Dux	1541	23850	0.0010820235119953	-1.2381236564861404
P1_A485+Dux	1542	272636	0.0010870691312197	-1.2370365873549207
P1_A485+Dux	1543	14773	0.0010895805535198	-1.235947006801401
P1_A485+Dux	1544	23999	0.001092464673265	-1.2348545421281358
P1_A485+Dux	1545	16431	0.0011072549373693	-1.2337472871907664
P1_A485+Dux	1546	633640	0.0011240967136537	-1.2326231904771128
P1_A485+Dux	1547	29877	0.0011328137642329	-1.23149037671288
P1_A485+Dux	1548	22234	0.0011361360820521	-1.2303542406308279
P1_A485+Dux	1549	57746	0.0011504395424925	-1.2292038010883353
P1_A485+Dux	1550	78619	0.0011604161495479	-1.2280433849387873
P1_A485+Dux	1551	237353	0.0011622031474338	-1.2268811817913534
P1_A485+Dux	1552	320560	0.0011625700875234	-1.2257186117038301
P1_A485+Dux	1553	227327	0.0011700888710609	-1.2245485228327693
P1_A485+Dux	1554	22021	0.0011794584309701	-1.2233690644017992
P1_A485+Dux	1555	56794	0.0011908910070615	-1.2221781733947377
P1_A485+Dux	1556	380713	0.0011916890043547	-1.220986484390383
P1_A485+Dux	1557	12166	0.0011925187617461	-1.219793965628637
P1_A485+Dux	1558	192187	0.0011935506627178	-1.218600414965919
P1_A485+Dux	1559	66329	0.0011951992111452	-1.217405215754774
P1_A485+Dux	1560	239273	0.001224644177298	-1.2161805715774758
P1_A485+Dux	1561	83671	0.0012455827922703	-1.2149349887852054
P1_A485+Dux	1562	17219	0.0012505547114055	-1.2136844340738
P1_A485+Dux	1563	19739	0.0012508533217746	-1.2124335807520255
P1_A485+Dux	1564	67976	0.0012590699546519	-1.2111745107973735
P1_A485+Dux	1565	23871	0.0012806169632693	-1.2098938938341042
P1_A485+Dux	1566	209212	0.0012931740953487	-1.2086007197387554
P1_A485+Dux	1567	26912	0.0012990507047141	-1.2073016690340412
P1_A485+Dux	1568	109019	0.0013003680198611	-1.2060013010141801
P1_A485+Dux	1569	17060	0.001300478633542	-1.2047008223806381
P1_A485+Dux	1570	70008	0.0013161406996015	-1.2033846816810367
P1_A485+Dux	1571	56523	0.0013243584743302	-1.2020603232067066
P1_A485+Dux	1572	28146	0.0013248977886717	-1.200735425418035
P1_A485+Dux	1573	236904	0.0013332347136088	-1.199402190704426
P1_A485+Dux	1574	66999	0.0013483867365799	-1.198053803967846
P1_A485+Dux	1575	11606	0.0013493715686268	-1.1967044323992193
P1_A485+Dux	1576	381175	0.0013509112999726	-1.1953535210992468
P1_A485+Dux	1577	74241	0.0013569487991228	-1.193996572300124
P1_A485+Dux	1578	16598	0.00135727390098	-1.192639298399144
P1_A485+Dux	1579	232976	0.0013728783803222	-1.1912664200188219
P1_A485+Dux	1580	319953	0.0013729414025949	-1.189893478616227
P1_A485+Dux	1581	14760	0.0013750825507935	-1.1885183960654335
P1_A485+Dux	1582	67480	0.001399227985179	-1.1871191680802544
P1_A485+Dux	1583	14802	0.0014066545736515	-1.185712513506603
P1_A485+Dux	1584	104346	0.001407759155683	-1.18430475435092
P1_A485+Dux	1585	67238	0.0014124560963544	-1.1828922982545655
P1_A485+Dux	1586	216049	0.0014238224381338	-1.1814684758164318
P1_A485+Dux	1587	17883	0.0014555215745239	-1.1800129542419078
P1_A485+Dux	1588	56811	0.0014653876947427	-1.178547566547165
P1_A485+Dux	1589	231125	0.0014764165093803	-1.1770711500377846
P1_A485+Dux	1590	72607	0.0014783833758551	-1.1755927666619295
P1_A485+Dux	1591	17300	0.0015070152902399	-1.1740857513716896
P1_A485+Dux	1592	271711	0.0015159370467639	-1.1725698143249257
P1_A485+Dux	1593	14067	0.0015254268413862	-1.1710443874835395
P1_A485+Dux	1594	320495	0.0015267250000724	-1.1695176624834671
P1_A485+Dux	1595	18230	0.0015447762307202	-1.167972886252747
P1_A485+Dux	1596	56279	0.0015491523331544	-1.1664237339195926
P1_A485+Dux	1597	230514	0.0015596110349665	-1.1648641228846262
P1_A485+Dux	1598	216350	0.0015742703110292	-1.1632898525735968
P1_A485+Dux	1599	104445	0.0015780442472044	-1.1617118083263924
P1_A485+Dux	1600	22381	0.0016084882261393	-1.160103320100253
P1_A485+Dux	1601	70129	0.0016107626181347	-1.1584925574821183
P1_A485+Dux	1602	22350	0.0016112048713936	-1.1568813526107247
P1_A485+Dux	1603	66083	0.0016158524521407	-1.1552655001585839
P1_A485+Dux	1604	234857	0.0016245459046364	-1.1536409542539474
P1_A485+Dux	1605	224093	0.0016457140433522	-1.1519952402105953
P1_A485+Dux	1606	73825	0.0016483403686527	-1.1503468998419426
P1_A485+Dux	1607	67211	0.0016494726980614	-1.1486974271438812
P1_A485+Dux	1608	18415	0.0016724432691552	-1.147024983874726
P1_A485+Dux	1609	11931	0.0016899992353883	-1.1453349846393377
P1_A485+Dux	1610	231470	0.0017233577090531	-1.1436116269302845
P1_A485+Dux	1611	77889	0.001727018451821	-1.1418846084784635
P1_A485+Dux	1612	66412	0.001729658174778	-1.1401549503036854
P1_A485+Dux	1613	12323	0.0017522694564132	-1.1384026808472723
P1_A485+Dux	1614	54609	0.0017584102822107	-1.1366442705650615
P1_A485+Dux	1615	15936	0.0017635214807525	-1.134880749084309
P1_A485+Dux	1616	12449	0.0017906992069141	-1.1330900498773948
P1_A485+Dux	1617	20104	0.0018089615225703	-1.1312810883548245
P1_A485+Dux	1618	74166	0.0018144801701577	-1.129466608184667
P1_A485+Dux	1619	14062	0.0018375317827383	-1.1276290764019286
P1_A485+Dux	1620	114606	0.0018451431936727	-1.1257839332082558
P1_A485+Dux	1621	108153	0.0018500440231783	-1.1239338891850774
P1_A485+Dux	1622	666048	0.0018714534109611	-1.1220624357741162
P1_A485+Dux	1623	54698	0.0018868840020785	-1.1201755517720378
P1_A485+Dux	1624	71699	0.0018915976356596	-1.1182839541363783
P1_A485+Dux	1625	241226	0.0018938763465607	-1.1163900777898175
P1_A485+Dux	1626	71998	0.0018976362923304	-1.114492441497487
P1_A485+Dux	1627	244954	0.0019036630006204	-1.1125887784968667
P1_A485+Dux	1628	20343	0.0019084654163825	-1.110680313080484
P1_A485+Dux	1629	14369	0.0019150716197078	-1.1087652414607763
P1_A485+Dux	1630	237211	0.0019201677454227	-1.1068450737153535
P1_A485+Dux	1631	17390	0.0019337601581961	-1.1049113135571573
P1_A485+Dux	1632	108089	0.0019349984342889	-1.1029763151228684
P1_A485+Dux	1633	14761	0.0019485096418751	-1.1010278054809932
P1_A485+Dux	1634	72287	0.0019495191356146	-1.0990782863453785
P1_A485+Dux	1635	12986	0.0019526653494259	-1.0971256209959526
P1_A485+Dux	1636	12525	0.0019825479228106	-1.095143073073142
P1_A485+Dux	1637	193838	0.0019990522355052	-1.0931440208376368
P1_A485+Dux	1638	338362	0.0020088592032675	-1.0911351616343694
P1_A485+Dux	1639	19130	0.0020433015915364	-1.089091860042833
P1_A485+Dux	1640	13850	0.0020513914468585	-1.0870404685959745
P1_A485+Dux	1641	235472	0.0020589957508192	-1.0849814728451552
P1_A485+Dux	1642	232441	0.0020627952786765	-1.0829186775664787
P1_A485+Dux	1643	12326	0.0020631704077368	-1.080855507158742
P1_A485+Dux	1644	70928	0.0020796182289647	-1.0787758889297774
P1_A485+Dux	1645	12683	0.0020824834232075	-1.0766934055065698
P1_A485+Dux	1646	192192	0.0020833275483528	-1.074610077958217
P1_A485+Dux	1647	18769	0.0020837345082808	-1.0725263434499364
P1_A485+Dux	1648	11720	0.0020919150704778	-1.0704344283794585
P1_A485+Dux	1649	11489	0.0021011391995297	-1.0683332891799289
P1_A485+Dux	1650	329278	0.0021028934874167	-1.066230395692512
P1_A485+Dux	1651	55963	0.0021116851236101	-1.064118710568902
P1_A485+Dux	1652	72050	0.002115684913477	-1.0620030256554251
P1_A485+Dux	1653	353502	0.0021228056392056	-1.0598802200162196
P1_A485+Dux	1654	215798	0.0021493764777444	-1.0577308435384751
P1_A485+Dux	1655	27528	0.0021531742386276	-1.0555776692998475
P1_A485+Dux	1656	20462	0.0021715086981173	-1.0534061606017302
P1_A485+Dux	1657	66279	0.0021908907308939	-1.0512152698708364
P1_A485+Dux	1658	12348	0.0021915247134961	-1.0490237451573403
P1_A485+Dux	1659	625249	0.0022203753612435	-1.0468033697960968
P1_A485+Dux	1660	16531	0.0022304996130888	-1.044572870183008
P1_A485+Dux	1661	213208	0.0022334601910117	-1.0423394099919963
P1_A485+Dux	1662	94088	0.0022660802849894	-1.0400733297070068
P1_A485+Dux	1663	319634	0.002267989783574	-1.0378053399234328
P1_A485+Dux	1664	229699	0.0022737813351983	-1.0355315585882345
P1_A485+Dux	1665	67582	0.0022851671786066	-1.033246391409628
P1_A485+Dux	1666	15939	0.0022958094870098	-1.0309505819226181
P1_A485+Dux	1667	50784	0.002311020501666	-1.028639561420952
P1_A485+Dux	1668	22779	0.0023277910005879	-1.0263117704203641
P1_A485+Dux	1669	268297	0.0023369112270008	-1.0239748591933633
P1_A485+Dux	1670	76459	0.0023494915991398	-1.0216253675942235
P1_A485+Dux	1671	19696	0.0023607076044971	-1.0192646599897264
P1_A485+Dux	1672	627049	0.0023624505835299	-1.0169022094061966
P1_A485+Dux	1673	54123	0.0023760248551698	-1.0145261845510267
P1_A485+Dux	1674	240638	0.0023803703466176	-1.012145814204409
P1_A485+Dux	1675	224661	0.0023875577970568	-1.0097582564073522
P1_A485+Dux	1676	64705	0.0024095053349932	-1.0073487510723589
P1_A485+Dux	1677	57890	0.0024476302491678	-1.004901120823191
P1_A485+Dux	1678	15904	0.0024510328845694	-1.0024500879386216
P1_A485+Dux	1679	244653	0.0025141841996997	-0.9999359037389218
P1_A485+Dux	1680	57265	0.002543877013313	-0.9973920267256088
P1_A485+Dux	1681	229599	0.002554866861961	-0.9948371598636477
P1_A485+Dux	1682	19342	0.0025591481090356	-0.9922780117546122
P1_A485+Dux	1683	67369	0.0025634721273374	-0.9897145396272747
P1_A485+Dux	1684	78284	0.0026309076472217	-0.987083631980053
P1_A485+Dux	1685	320508	0.0026366370244942	-0.9844469949555588
P1_A485+Dux	1686	245527	0.0026369182804809	-0.9818100766750779
P1_A485+Dux	1687	18150	0.0026401993647391	-0.9791698773103388
P1_A485+Dux	1688	52588	0.0026432074659733	-0.9765266698443654
P1_A485+Dux	1689	16467	0.0026440441032026	-0.9738826257411628
P1_A485+Dux	1690	14612	0.0026470767766184	-0.9712355489645444
P1_A485+Dux	1691	235028	0.0026582122906632	-0.9685773366738812
P1_A485+Dux	1692	105727	0.0026670300895773	-0.965910306584304
P1_A485+Dux	1693	231760	0.0026671799917907	-0.9632431265925133
P1_A485+Dux	1694	13838	0.0026742946604562	-0.9605688319320571
P1_A485+Dux	1695	240518	0.0027040302603716	-0.9578648016716855
P1_A485+Dux	1696	211949	0.0027560477494336	-0.9551087539222519
P1_A485+Dux	1697	93840	0.0027741090233451	-0.9523346448989068
P1_A485+Dux	1698	68393	0.0027749997077611	-0.9495596451911458
P1_A485+Dux	1699	56213	0.0028020991964409	-0.9467575459947049
P1_A485+Dux	1700	16162	0.0028063141039169	-0.943951231890788
P1_A485+Dux	1701	16826	0.0028216457641875	-0.9411295861266005
P1_A485+Dux	1702	58998	0.0028296706998928	-0.9382999154267077
P1_A485+Dux	1703	70574	0.0028437661310961	-0.9354561492956116
P1_A485+Dux	1704	13522	0.0028812227210137	-0.932574926574598
P1_A485+Dux	1705	194388	0.0028957089152813	-0.9296792176593166
P1_A485+Dux	1706	16797	0.0029093793538686	-0.926769838305448
P1_A485+Dux	1707	12702	0.0029358274018282	-0.9238340109036198
P1_A485+Dux	1708	230379	0.0029471114644441	-0.9208868994391757
P1_A485+Dux	1709	17189	0.0029730552016854	-0.9179138442374902
P1_A485+Dux	1710	14696	0.0029926289740227	-0.9149212152634675
P1_A485+Dux	1711	16889	0.0030193855646611	-0.9119018296988064
P1_A485+Dux	1712	75782	0.0030933841055012	-0.9088084455933052
P1_A485+Dux	1713	69684	0.0031233896219125	-0.9056850559713927
P1_A485+Dux	1714	234515	0.0031503656750582	-0.9025346902963345
P1_A485+Dux	1715	56508	0.0031521443429486	-0.8993825459533858
P1_A485+Dux	1716	217558	0.0031613826103857	-0.8962211633430002
P1_A485+Dux	1717	320204	0.0031777159766892	-0.8930434473663109
P1_A485+Dux	1718	68259	0.003212151280731	-0.8898312960855799
P1_A485+Dux	1719	18823	0.0032140834796851	-0.8866172126058948
P1_A485+Dux	1720	225998	0.0032567479787933	-0.8833604646271015
P1_A485+Dux	1721	66464	0.0032619954558983	-0.8800984691712032
P1_A485+Dux	1722	13681	0.0032664059551051	-0.8768320632160981
P1_A485+Dux	1723	56720	0.0033028867987939	-0.8735291764173042
P1_A485+Dux	1724	94040	0.0033137118712054	-0.8702154645460988
P1_A485+Dux	1725	78977	0.0033307344208548	-0.8668847301252439
P1_A485+Dux	1726	18212	0.0033571334358483	-0.8635275966893956
P1_A485+Dux	1727	207792	0.0033798332858855	-0.8601477634035101
P1_A485+Dux	1728	78134	0.0034134259957263	-0.8567343374077838
P1_A485+Dux	1729	74589	0.0034568103629788	-0.853277527044805
P1_A485+Dux	1730	217935	0.0034919726536647	-0.8497855543911402
P1_A485+Dux	1731	78749	0.0035039475019892	-0.846281606889151
P1_A485+Dux	1732	434130	0.0035355754222837	-0.8427460314668673
P1_A485+Dux	1733	66336	0.0035662974482076	-0.8391797340186598
P1_A485+Dux	1734	71532	0.0035694705861466	-0.8356102634325131
P1_A485+Dux	1735	13603	0.0035781091006599	-0.8320321543318532
P1_A485+Dux	1736	56434	0.0036001074241044	-0.8284320469077487
P1_A485+Dux	1737	81006	0.0036793509417793	-0.8247526959659695
P1_A485+Dux	1738	116847	0.0036987239303799	-0.8210539720355895
P1_A485+Dux	1739	30935	0.0037070984854267	-0.8173468735501628
P1_A485+Dux	1740	56316	0.0037407496980734	-0.8136061238520894
P1_A485+Dux	1741	53791	0.0037495272282688	-0.8098565966238206
P1_A485+Dux	1742	102124	0.0037723748916637	-0.8060842217321569
P1_A485+Dux	1743	67963	0.0037913328630216	-0.8022928888691353
P1_A485+Dux	1744	20474	0.0037914232136758	-0.7985014656554595
P1_A485+Dux	1745	75750	0.0038123284150242	-0.7946891372404353
P1_A485+Dux	1746	15273	0.003874959194614	-0.7908141780458213
P1_A485+Dux	1747	68799	0.0038882212602745	-0.7869259567855468
P1_A485+Dux	1748	19703	0.0039054783732719	-0.7830204784122748
P1_A485+Dux	1749	18585	0.0041601234047306	-0.7788603550075442
P1_A485+Dux	1750	17427	0.0041836885139951	-0.7746766664935492
P1_A485+Dux	1751	72003	0.0041938950199743	-0.7704827714735749
P1_A485+Dux	1752	26878	0.0042330602326259	-0.766249711240949
P1_A485+Dux	1753	319504	0.0042428966645908	-0.7620068145763582
P1_A485+Dux	1754	227674	0.0043096746636786	-0.7576971399126796
P1_A485+Dux	1755	21426	0.0043570438544454	-0.7533400960582343
P1_A485+Dux	1756	68082	0.0043735763600526	-0.7489665196981816
P1_A485+Dux	1757	225266	0.004378420148002	-0.7445880995501796
P1_A485+Dux	1758	22352	0.0044023403359392	-0.7401857592142403
P1_A485+Dux	1759	58180	0.0044082151820185	-0.7357775440322218
P1_A485+Dux	1760	71607	0.0044117353180621	-0.7313658087141598
P1_A485+Dux	1761	12826	0.0045163253925575	-0.7268494833216023
P1_A485+Dux	1762	384061	0.0045427579281452	-0.7223067253934571
P1_A485+Dux	1763	104458	0.0045725012650754	-0.7177342241283817
P1_A485+Dux	1764	14184	0.004654866969176	-0.7130793571592057
P1_A485+Dux	1765	73668	0.0046826665858874	-0.7083966905733182
P1_A485+Dux	1766	20377	0.0047577241307672	-0.703638966442551
P1_A485+Dux	1767	20288	0.0048010685159099	-0.6988378979266411
P1_A485+Dux	1768	76491	0.0048880872645179	-0.6939498106621231
P1_A485+Dux	1769	59288	0.0049276056066739	-0.6890222050554492
P1_A485+Dux	1770	71911	0.0049670078242601	-0.6840551972311891
P1_A485+Dux	1771	230784	0.0049763988529436	-0.6790787983782455
P1_A485+Dux	1772	56017	0.0050411902896232	-0.6740376080886222
P1_A485+Dux	1773	76025	0.0050779999733803	-0.6689596081152419
P1_A485+Dux	1774	13040	0.0051302999498059	-0.6638293081654361
P1_A485+Dux	1775	76142	0.0051509268115909	-0.6586783813538452
P1_A485+Dux	1776	56399	0.0052459800524858	-0.6534324013013594
P1_A485+Dux	1777	108147	0.0052714849441844	-0.648160916357175
P1_A485+Dux	1778	100019	0.0052781063757227	-0.6428828099814523
P1_A485+Dux	1779	14050	0.0052862666008984	-0.6375965433805539
P1_A485+Dux	1780	22031	0.0053014537455949	-0.6322950896349591
P1_A485+Dux	1781	26922	0.0053547006733455	-0.6269403889616135
P1_A485+Dux	1782	67848	0.0053854742060742	-0.6215549147555394
P1_A485+Dux	1783	83453	0.00539339164297	-0.6161615231125693
P1_A485+Dux	1784	231712	0.0054076187742035	-0.6107539043383658
P1_A485+Dux	1785	67739	0.0054364678071856	-0.6053174365311802
P1_A485+Dux	1786	60594	0.0055148483859093	-0.5998025881452709
P1_A485+Dux	1787	23923	0.005517832235674	-0.5942847559095968
P1_A485+Dux	1788	110521	0.0055364697313905	-0.5887482861782063
P1_A485+Dux	1789	226255	0.0058796491766752	-0.5828686370015311
P1_A485+Dux	1790	242860	0.0058912057480047	-0.5769774312535264
P1_A485+Dux	1791	17436	0.0058952297956798	-0.5710822014578466
P1_A485+Dux	1792	208154	0.005898567330803	-0.5651836341270436
P1_A485+Dux	1793	19736	0.0061532529311576	-0.559030381195886
P1_A485+Dux	1794	17117	0.0061954958843562	-0.5528348853115298
P1_A485+Dux	1795	319974	0.0062084176517937	-0.5466264676597361
P1_A485+Dux	1796	214901	0.0062647047424753	-0.5403617629172608
P1_A485+Dux	1797	242202	0.0062983922875391	-0.5340633706297216
P1_A485+Dux	1798	12512	0.0065636750228213	-0.5274996956069004
P1_A485+Dux	1799	94185	0.0066505616982942	-0.5208491339086061
P1_A485+Dux	1800	20540	0.0067133721232164	-0.5141357617853897
P1_A485+Dux	1801	18762	0.0067268262947869	-0.5074089354906027
P1_A485+Dux	1802	320438	0.0067491330019444	-0.5006598024886584
P1_A485+Dux	1803	269643	0.0067655807461219	-0.4938942217425365
P1_A485+Dux	1804	17342	0.0067726718615383	-0.4871215498809982
P1_A485+Dux	1805	171285	0.0070733492779004	-0.48004820060309783
P1_A485+Dux	1806	17880	0.0071968373746346	-0.4728513632284632
P1_A485+Dux	1807	12830	0.0072407392691485	-0.46561062395931474
P1_A485+Dux	1808	217154	0.0073120575920228	-0.45829856636729194
P1_A485+Dux	1809	71310	0.0073716732547905	-0.45092689311250145
P1_A485+Dux	1810	18294	0.00746271599398	-0.44346417711852143
P1_A485+Dux	1811	16842	0.0074655386472088	-0.43599863847131265
P1_A485+Dux	1812	26903	0.0075850421981765	-0.42841359627313613
P1_A485+Dux	1813	231207	0.0076329118630311	-0.420780684410105
P1_A485+Dux	1814	67374	0.0078954746021442	-0.41288520980796084
P1_A485+Dux	1815	66269	0.0080599537101756	-0.40482525609778525
P1_A485+Dux	1816	16456	0.008112714040941	-0.39671254205684425
P1_A485+Dux	1817	12398	0.008155180116942	-0.38855736193990226
P1_A485+Dux	1818	246104	0.0082884153674013	-0.38026894657250093
P1_A485+Dux	1819	18985	0.0083137690165953	-0.3719551775559056
P1_A485+Dux	1820	29862	0.0087881069260594	-0.3631670706298462
P1_A485+Dux	1821	71835	0.0089830940827526	-0.3541839765470936
P1_A485+Dux	1822	16854	0.0090643805330039	-0.3451195960140897
P1_A485+Dux	1823	23805	0.0095366344092302	-0.3355829616048595
P1_A485+Dux	1824	12568	0.0097472579222786	-0.3258357036825809
P1_A485+Dux	1825	29856	0.0098496144372076	-0.3159860892453733
P1_A485+Dux	1826	12575	0.0106917362742638	-0.3052943529711095
P1_A485+Dux	1827	15212	0.0107236557012461	-0.2945706972698634
P1_A485+Dux	1828	53422	0.0114588135035759	-0.2831118837662875
P1_A485+Dux	1829	22271	0.0116190699182465	-0.27149281384804097
P1_A485+Dux	1830	16008	0.0120482940268823	-0.2594445198211587
P1_A485+Dux	1831	12818	0.0121486213027027	-0.247295898518456
P1_A485+Dux	1832	64918	0.0125119787129983	-0.23478391980545768
P1_A485+Dux	1833	14735	0.0142565281679125	-0.22052739163754517
P1_A485+Dux	1834	238271	0.0145941874194442	-0.20593320421810096
P1_A485+Dux	1835	15894	0.0161722477319894	-0.18976095648611158
P1_A485+Dux	1836	16149	0.0182008061331822	-0.17156015035292937
P1_A485+Dux	1837	68603	0.0186925593959895	-0.15286759095693989
P1_A485+Dux	1838	235587	0.0396234646305708	-0.11324412632636909
P1_A485+Dux	1839	13011	0.0495639073435484	-0.06368021898282068
P3_control	1	106564	-0.0242285731873341	-0.0242285731873341
P3_control	2	16601	-0.0241336283521928	-0.0483622015395269
P3_control	3	27060	-0.018126725940914	-0.0664889274804409
P3_control	4	100515	-0.0173483578562486	-0.0838372853366895
P3_control	5	64660	-0.0143911501622775	-0.098228435498967
P3_control	6	11932	-0.0141920222080346	-0.1124204577070016
P3_control	7	84095	-0.0140003007093814	-0.126420758416383
P3_control	8	71461	-0.0138958865195154	-0.1403166449358984
P3_control	9	93689	-0.0130151704791604	-0.1533318154150588
P3_control	10	93695	-0.0127708776170601	-0.16610269303211891
P3_control	11	74513	-0.0127229557367983	-0.1788256487689172
P3_control	12	14114	-0.012382312834787	-0.1912079616037042
P3_control	13	105193	-0.0118557692177069	-0.2030637308214111
P3_control	14	15507	-0.0118293500559436	-0.2148930808773547
P3_control	15	66614	-0.0114390782682141	-0.2263321591455688
P3_control	16	15505	-0.0113281600464549	-0.2376603191920237
P3_control	17	108811	-0.010965161610287	-0.2486254808023107
P3_control	18	54561	-0.0109186130762505	-0.2595440938785612
P3_control	19	101502	-0.0108613641646487	-0.2704054580432099
P3_control	20	11363	-0.0106557813419868	-0.2810612393851967
P3_control	21	22371	-0.0095851968308141	-0.29064643621601083
P3_control	22	226830	-0.009535884209851	-0.30018232042586185
P3_control	23	242466	-0.0095066357044001	-0.3096889561302619
P3_control	24	72825	-0.0092379786628296	-0.31892693479309153
P3_control	25	11815	-0.0091752500418635	-0.328102184834955
P3_control	26	227656	-0.0091611972398491	-0.3372633820748041
P3_control	27	19173	-0.0090519633671296	-0.3463153454419337
P3_control	28	12824	-0.0090490020260629	-0.3553643474679966
P3_control	29	269615	-0.0088619939779669	-0.3642263414459635
P3_control	30	70099	-0.0085814755366898	-0.3728078169826533
P3_control	31	100502698	-0.0084815629822563	-0.3812893799649096
P3_control	32	66522	-0.0083454057248466	-0.3896347856897562
P3_control	33	71913	-0.0081349888867301	-0.39776977457648627
P3_control	34	228852	-0.0079681103338643	-0.40573788491035057
P3_control	35	330171	-0.0079339109081632	-0.41367179581851377
P3_control	36	381101	-0.0079266491817116	-0.42159844500022536
P3_control	37	12266	-0.0078991435659775	-0.42949758856620285
P3_control	38	74186	-0.00757375340325	-0.43707134196945285
P3_control	39	330627	-0.0072355256946015	-0.44430686766405436
P3_control	40	21356	-0.0072225084670212	-0.4515293761310756
P3_control	41	224008	-0.0070504332859743	-0.4585798094170499
P3_control	42	75695	-0.0069997465497646	-0.4655795559668145
P3_control	43	20229	-0.006939686779868	-0.4725192427466825
P3_control	44	16453	-0.0065727885051213	-0.4790920312518038
P3_control	45	74020	-0.0064031027447396	-0.48549513399654337
P3_control	46	16147	-0.0063644336213253	-0.4918595676178687
P3_control	47	12023	-0.0062549832026858	-0.4981145508205545
P3_control	48	654812	-0.0061739958958192	-0.5042885467163737
P3_control	49	22403	-0.0061572235461945	-0.5104457702625682
P3_control	50	13602	-0.0060716493172806	-0.5165174195798488
P3_control	51	74414	-0.0060599402187425	-0.5225773597985912
P3_control	52	212547	-0.0060198530672448	-0.528597212865836
P3_control	53	16956	-0.0059621998816078	-0.5345594127474439
P3_control	54	27276	-0.0057981380590021	-0.540357550806446
P3_control	55	67669	-0.0057331220486125	-0.5460906728550585
P3_control	56	16570	-0.0056637731842126	-0.5517544460392712
P3_control	57	67728	-0.0056586523199586	-0.5574130983592297
P3_control	58	20474	-0.005646969927168	-0.5630600682863977
P3_control	59	72486	-0.005636900779879	-0.5686969690662766
P3_control	60	20500	-0.0056228069026446	-0.5743197759689213
P3_control	61	16997	-0.0055891358856831	-0.5799089118546044
P3_control	62	22352	-0.0055843168260344	-0.5854932286806388
P3_control	63	75568	-0.0055688164676886	-0.5910620451483274
P3_control	64	94214	-0.0055148946371794	-0.5965769397855067
P3_control	65	333088	-0.0054257495148996	-0.6020026893004063
P3_control	66	241070	-0.0053815835895065	-0.6073842728899128
P3_control	67	69215	-0.0052650057776089	-0.6126492786675217
P3_control	68	20564	-0.0052559076853401	-0.6179051863528618
P3_control	69	68458	-0.0052349808348828	-0.6231401671877447
P3_control	70	16450	-0.0052173128848178	-0.6283574800725624
P3_control	71	66513	-0.0052000059200884	-0.6335574859926508
P3_control	72	68611	-0.005184790179538	-0.6387422761721888
P3_control	73	13685	-0.0051396590199485	-0.6438819351921373
P3_control	74	108699	-0.0051170910728526	-0.64899902626499
P3_control	75	54353	-0.0049660883919461	-0.6539651146569361
P3_control	76	16373	-0.0049070444391158	-0.6588721590960519
P3_control	77	15559	-0.0048515860329216	-0.6637237451289735
P3_control	78	59083	-0.0048135275849284	-0.6685372727139018
P3_control	79	50794	-0.0047942980953455	-0.6733315708092473
P3_control	80	30059	-0.0047913142064647	-0.678122885015712
P3_control	81	13032	-0.0047858629441394	-0.6829087479598515
P3_control	82	16007	-0.0047611157237183	-0.6876698636835697
P3_control	83	242509	-0.0047329411196	-0.6924028048031697
P3_control	84	320974	-0.0047145705425617	-0.6971173753457315
P3_control	85	170768	-0.0046929939963815	-0.7018103693421129
P3_control	86	20750	-0.0046924153825025	-0.7065027847246155
P3_control	87	66169	-0.0046626425891352	-0.7111654273137507
P3_control	88	100072	-0.0046482948215268	-0.7158137221352775
P3_control	89	77065	-0.0045197751934555	-0.720333497328733
P3_control	90	110446	-0.004485848737548	-0.724819346066281
P3_control	91	54598	-0.0044790007698279	-0.7292983468361088
P3_control	92	192216	-0.0043603152101978	-0.7336586620463066
P3_control	93	104943	-0.0043522708212469	-0.7380109328675535
P3_control	94	83965	-0.0043396467752632	-0.7423505796428167
P3_control	95	17916	-0.004252284190026	-0.7466028638328427
P3_control	96	70350	-0.004222222420882	-0.7508250862537247
P3_control	97	268465	-0.0041720099031758	-0.7549970961569005
P3_control	98	14534	-0.0041340594061557	-0.7591311555630562
P3_control	99	14580	-0.0041205700130343	-0.7632517255760906
P3_control	100	12525	-0.0040613960736628	-0.7673131216497534
P3_control	101	170799	-0.0040576969782866	-0.77137081862804
P3_control	102	18976	-0.0040400894472488	-0.7754109080752888
P3_control	103	74464	-0.0040339951037714	-0.7794449031790602
P3_control	104	12294	-0.0040243819870085	-0.7834692851660687
P3_control	105	381798	-0.0040216857208979	-0.7874909708869666
P3_control	106	16854	-0.0039919973630471	-0.7914829682500137
P3_control	107	76884	-0.003985954816611	-0.7954689230666248
P3_control	108	20692	-0.0039850374045225	-0.7994539604711473
P3_control	109	76267	-0.0039774252078437	-0.803431385678991
P3_control	110	13631	-0.0039729320795959	-0.8074043177585869
P3_control	111	20893	-0.003937695955707	-0.8113420137142939
P3_control	112	20371	-0.0039370650693013	-0.8152790787835952
P3_control	113	29877	-0.0039151517520404	-0.8191942305356356
P3_control	114	77630	-0.0038589124795361	-0.8230531430151716
P3_control	115	231050	-0.0038306564577338	-0.8268837994729055
P3_control	116	381853	-0.0037810711080784	-0.8306648705809838
P3_control	117	18142	-0.0037587802832335	-0.8344236508642173
P3_control	118	102774	-0.0037265864362236	-0.8381502373004409
P3_control	119	16870	-0.0036723535056255	-0.8418225908060664
P3_control	120	329941	-0.003668619243055	-0.8454912100491213
P3_control	121	69487	-0.0036467401845519	-0.8491379502336732
P3_control	122	26878	-0.0035810457980683	-0.8527189960317415
P3_control	123	83453	-0.0035379409237447	-0.8562569369554862
P3_control	124	20613	-0.0035369991800437	-0.8597939361355299
P3_control	125	234854	-0.0035360404017125	-0.8633299765372424
P3_control	126	58223	-0.0034706696790261	-0.8668006462162685
P3_control	127	226841	-0.0034502646605959	-0.8702509108768645
P3_control	128	12298	-0.0034164012152312	-0.8736673120920957
P3_control	129	268567	-0.0034100379605482	-0.8770773500526439
P3_control	130	55927	-0.003383832234046	-0.8804611822866899
P3_control	131	26939	-0.0033706477677092	-0.8838318300543991
P3_control	132	78797	-0.0033405571370741	-0.8871723871914733
P3_control	133	57444	-0.0033030732247251	-0.8904754604161984
P3_control	134	77609	-0.0033026658174123	-0.8937781262336107
P3_control	135	140742	-0.0032778659339814	-0.8970559921675921
P3_control	136	59030	-0.0032777735709607	-0.9003337657385528
P3_control	137	22271	-0.0032110086987021	-0.9035447744372549
P3_control	138	57344	-0.0031866258372082	-0.9067314002744631
P3_control	139	245555	-0.0031652714049203	-0.9098966716793834
P3_control	140	19275	-0.0031403182345854	-0.9130369899139688
P3_control	141	20907	-0.0031063292731195	-0.9161433191870882
P3_control	142	231147	-0.0030942353452002	-0.9192375545322884
P3_control	143	73852	-0.0030789984363968	-0.9223165529686852
P3_control	144	100061	-0.0030653778775315	-0.9253819308462167
P3_control	145	225845	-0.0030353514270438	-0.9284172822732605
P3_control	146	14766	-0.0029815406258241	-0.9313988228990846
P3_control	147	77889	-0.0029273115808176	-0.9343261344799022
P3_control	148	11881	-0.0029077965122127	-0.9372339309921149
P3_control	149	52463	-0.002897915719021	-0.9401318467111359
P3_control	150	52009	-0.0028627097851487	-0.9429945564962846
P3_control	151	21940	-0.0028369854977206	-0.9458315419940052
P3_control	152	21334	-0.002823594372539	-0.9486551363665442
P3_control	153	67755	-0.0028129498110916	-0.9514680861776358
P3_control	154	73884	-0.0028010023232054	-0.9542690885008411
P3_control	155	64706	-0.0027996901342494	-0.9570687786350905
P3_control	156	12142	-0.0027889337551204	-0.9598577123902109
P3_control	157	73668	-0.0027760125312135	-0.9626337249214244
P3_control	158	102871	-0.0027622592533464	-0.9653959841747708
P3_control	159	58226	-0.0027482370394025	-0.9681442212141733
P3_control	160	71648	-0.002733916367112	-0.9708781375812853
P3_control	161	12971	-0.0027297069216801	-0.9736078445029653
P3_control	162	74039	-0.0027269810082231	-0.9763348255111884
P3_control	163	93888	-0.0027119595555556	-0.979046785066744
P3_control	164	14595	-0.0027105485694694	-0.9817573336362134
P3_control	165	227394	-0.0026614180343926	-0.984418751670606
P3_control	166	58994	-0.002654403298928	-0.987073154969534
P3_control	167	20216	-0.002648316672876	-0.98972147164241
P3_control	168	15936	-0.0026373497745748	-0.9923588214169847
P3_control	169	235587	-0.0026212307286354	-0.9949800521456201
P3_control	170	50765	-0.0025675676255296	-0.9975476197711497
P3_control	171	338365	-0.0025598790427445	-1.0001074988138943
P3_control	172	353282	-0.0025300086590711	-1.0026375074729654
P3_control	173	78560	-0.0025221162209894	-1.0051596236939548
P3_control	174	12183	-0.0025079720380935	-1.0076675957320484
P3_control	175	15200	-0.002481159758757	-1.0101487554908055
P3_control	176	66673	-0.0024621079018104	-1.0126108633926159
P3_control	177	20856	-0.0024581242777707	-1.0150689876703864
P3_control	178	13809	-0.0024563203252362	-1.0175253079956226
P3_control	179	74895	-0.0024545084906262	-1.0199798164862488
P3_control	180	22042	-0.0024512849893954	-1.0224311014756442
P3_control	181	74770	-0.0024339393608149	-1.024865040836459
P3_control	182	110417	-0.0024322767871768	-1.0272973176236357
P3_control	183	67795	-0.0024299739203608	-1.0297272915439966
P3_control	184	83603	-0.0024129345857418	-1.0321402261297383
P3_control	185	18553	-0.0024089671030325	-1.0345491932327708
P3_control	186	14229	-0.0023854197075105	-1.0369346129402814
P3_control	187	12834	-0.0023822524102973	-1.0393168653505787
P3_control	188	74393	-0.0023597708297492	-1.0416766361803278
P3_control	189	66416	-0.0023461104945258	-1.0440227466748535
P3_control	190	109254	-0.0023418552295084	-1.046364601904362
P3_control	191	231130	-0.0023334320132832	-1.0486980339176453
P3_control	192	75769	-0.0023327986273646	-1.05103083254501
P3_control	193	207181	-0.0023214768943045	-1.0533523094393145
P3_control	194	382045	-0.0023101736960922	-1.0556624831354067
P3_control	195	94040	-0.0023013198310953	-1.057963802966502
P3_control	196	20391	-0.0022679700908666	-1.0602317730573685
P3_control	197	12227	-0.0022676371865287	-1.0624994102438972
P3_control	198	15939	-0.0022501406578483	-1.0647495509017455
P3_control	199	240667	-0.0022440845049196	-1.0669936354066651
P3_control	200	67419	-0.00223394571826	-1.0692275811249252
P3_control	201	76527	-0.0022147909596202	-1.0714423720845454
P3_control	202	15442	-0.002214753448248	-1.0736571255327934
P3_control	203	213435	-0.0022140114921536	-1.075871137024947
P3_control	204	240185	-0.0022081342093445	-1.0780792712342915
P3_control	205	16011	-0.0022001257032778	-1.0802793969375692
P3_control	206	110893	-0.0021999964482328	-1.0824793933858021
P3_control	207	72685	-0.002192533569686	-1.084671926955488
P3_control	208	15114	-0.0021706499914084	-1.0868425769468966
P3_control	209	100705	-0.0021577375008906	-1.089000314447787
P3_control	210	237711	-0.0021445492553843	-1.0911448637031713
P3_control	211	228775	-0.0021265901135076	-1.093271453816679
P3_control	212	170711	-0.0021252135168057	-1.0953966673334847
P3_control	213	238257	-0.0021196188781216	-1.0975162862116064
P3_control	214	231004	-0.0021105731321899	-1.0996268593437963
P3_control	215	16776	-0.0021063120309948	-1.101733171374791
P3_control	216	216560	-0.0020921133508094	-1.1038252847256005
P3_control	217	14027	-0.0020825994489296	-1.10590788417453
P3_control	218	20350	-0.0020506138513321	-1.107958498025862
P3_control	219	77505	-0.0020330514811339	-1.109991549506996
P3_control	220	22151	-0.0020197283449313	-1.1120112778519273
P3_control	221	227094	-0.0020192538262229	-1.1140305316781502
P3_control	222	66011	-0.0020174048306203	-1.1160479365087705
P3_control	223	71839	-0.0020029685100748	-1.1180509050188454
P3_control	224	23821	-0.0019871870393748	-1.1200380920582202
P3_control	225	59126	-0.0019864138913915	-1.1220245059496117
P3_control	226	18933	-0.0019750435205435	-1.1239995494701551
P3_control	227	12373	-0.0019427003262039	-1.125942249796359
P3_control	228	214253	-0.0019359147490459	-1.1278781645454048
P3_control	229	14773	-0.0019354270672135	-1.1298135916126182
P3_control	230	53418	-0.0019330990478972	-1.1317466906605154
P3_control	231	104346	-0.0019211586656672	-1.1336678493261825
P3_control	232	14917	-0.0019206044828017	-1.1355884538089842
P3_control	233	20515	-0.0019132439878522	-1.1375016977968364
P3_control	234	224938	-0.0018963882234325	-1.1393980860202688
P3_control	235	78908	-0.001893029999115	-1.1412911160193837
P3_control	236	279028	-0.0018836898779424	-1.1431748058973261
P3_control	237	15430	-0.001872301899317	-1.145047107796643
P3_control	238	58206	-0.0018722321339341	-1.1469193399305773
P3_control	239	20512	-0.0018692108314136	-1.1487885507619908
P3_control	240	224093	-0.0018642900784614	-1.1506528408404522
P3_control	241	77034	-0.0018602538163088	-1.152513094656761
P3_control	242	23876	-0.0018568334296605	-1.1543699280864215
P3_control	243	223864	-0.0018486195612541	-1.1562185476476756
P3_control	244	225266	-0.0018171120753965	-1.158035659723072
P3_control	245	15284	-0.0018151619602704	-1.1598508216833425
P3_control	246	217198	-0.0017949772170229	-1.1616457989003655
P3_control	247	69684	-0.0017879551585584	-1.163433754058924
P3_control	248	218271	-0.0017856260758726	-1.1652193801347965
P3_control	249	12845	-0.0017855111573207	-1.1670048912921172
P3_control	250	83771	-0.0017775295598708	-1.168782420851988
P3_control	251	29817	-0.0017750039563095	-1.1705574248082975
P3_control	252	269855	-0.0017655904749909	-1.1723230152832884
P3_control	253	229595	-0.0017603516314603	-1.1740833669147488
P3_control	254	15490	-0.0017471322757719	-1.1758304991905206
P3_control	255	320664	-0.0017420584902277	-1.1775725576807483
P3_control	256	67893	-0.0017341716351628	-1.1793067293159112
P3_control	257	232223	-0.0017322561028238	-1.181038985418735
P3_control	258	75593	-0.0017306708697351	-1.1827696562884702
P3_control	259	224697	-0.0017269078877518	-1.184496564176222
P3_control	260	245049	-0.0017243164648409	-1.1862208806410628
P3_control	261	245638	-0.0017098831948278	-1.1879307638358907
P3_control	262	320696	-0.0017075307532196	-1.1896382945891102
P3_control	263	244954	-0.0016978383809029	-1.1913361329700132
P3_control	264	13003	-0.0016906784024316	-1.1930268113724447
P3_control	265	72244	-0.0016693412540367	-1.1946961526264814
P3_control	266	207565	-0.0016659978999943	-1.1963621505264757
P3_control	267	53321	-0.0016499972299665	-1.198012147756442
P3_control	268	65964	-0.0016446804053468	-1.1996568281617888
P3_control	269	223435	-0.0016426840231395	-1.2012995121849284
P3_control	270	236900	-0.0016337407546777	-1.202933252939606
P3_control	271	272428	-0.0016238962004951	-1.204557149140101
P3_control	272	68393	-0.0016009143418005	-1.2061580634819016
P3_control	273	11423	-0.0015926083205149	-1.2077506718024165
P3_control	274	19395	-0.0015918577292196	-1.209342529531636
P3_control	275	18164	-0.0015788374186889	-1.210921366950325
P3_control	276	75869	-0.0015585369303885	-1.2124799038807135
P3_control	277	15368	-0.0015515225470088	-1.2140314264277223
P3_control	278	233744	-0.0015385445727572	-1.2155699710004795
P3_control	279	26561	-0.0015215046901805	-1.21709147569066
P3_control	280	104156	-0.0015133845165615	-1.2186048602072215
P3_control	281	103711	-0.0015131540474051	-1.2201180142546266
P3_control	282	14733	-0.0015102940403803	-1.221628308295007
P3_control	283	66421	-0.0014909458102438	-1.223119254105251
P3_control	284	76917	-0.0014863095976842	-1.2246055637029352
P3_control	285	238328	-0.0014802264108001	-1.2260857901137352
P3_control	286	16979	-0.0014639187370164	-1.2275497088507517
P3_control	287	93735	-0.0014610077441664	-1.229010716594918
P3_control	288	104601	-0.0014490278483086	-1.2304597444432266
P3_control	289	225998	-0.0014446626256669	-1.2319044070688936
P3_control	290	18187	-0.0014392455692605	-1.233343652638154
P3_control	291	72301	-0.0014322574514744	-1.2347759100896285
P3_control	292	72287	-0.0014208434465982	-1.2361967535362266
P3_control	293	18784	-0.0014168079720705	-1.237613561508297
P3_control	294	74182	-0.0014109366030284	-1.2390244981113254
P3_control	295	20528	-0.0014098278512371	-1.2404343259625625
P3_control	296	226591	-0.0014097289291023	-1.241844054891665
P3_control	297	15904	-0.0014042923435074	-1.2432483472351723
P3_control	298	329502	-0.0014038658380525	-1.2446522130732247
P3_control	299	13867	-0.0013960769667628	-1.2460482900399874
P3_control	300	240752	-0.0013943177390156	-1.247442607779003
P3_control	301	16772	-0.001389290840018	-1.248831898619021
P3_control	302	245269	-0.0013817259820409	-1.250213624601062
P3_control	303	22393	-0.0013805563980766	-1.2515941809991387
P3_control	304	101497	-0.0013710441783451	-1.2529652251774837
P3_control	305	170706	-0.0013635468333057	-1.2543287720107894
P3_control	306	72404	-0.0013587086035076	-1.255687480614297
P3_control	307	76179	-0.0013307792221476	-1.2570182598364446
P3_control	308	68845	-0.0013283690675425	-1.258346628903987
P3_control	309	55985	-0.0013249222240473	-1.2596715511280343
P3_control	310	641376	-0.0013001296315141	-1.2609716807595484
P3_control	311	22063	-0.001297012495259	-1.2622686932548073
P3_control	312	240261	-0.001293257334283	-1.2635619505890903
P3_control	313	320343	-0.001291386907736	-1.2648533374968263
P3_control	314	108159	-0.0012784523946789	-1.2661317898915052
P3_control	315	268481	-0.0012768561074744	-1.2674086459989795
P3_control	316	268860	-0.0012748160479186	-1.268683462046898
P3_control	317	14560	-0.0012659401398305	-1.2699494021867286
P3_control	318	320204	-0.0012562979913741	-1.2712057001781027
P3_control	319	67178	-0.0012542174573968	-1.2724599176354996
P3_control	320	208213	-0.001244418332361	-1.2737043359678606
P3_control	321	14281	-0.0012423108230041	-1.2749466467908648
P3_control	322	76566	-0.0012422828718062	-1.276188929662671
P3_control	323	17005	-0.0012404292488599	-1.2774293589115309
P3_control	324	17189	-0.0012378693875395	-1.2786672282990703
P3_control	325	231503	-0.0012377524624795	-1.27990498076155
P3_control	326	64293	-0.0012366034741159	-1.2811415842356657
P3_control	327	244723	-0.0012362329792458	-1.2823778172149116
P3_control	328	19215	-0.0012353771024703	-1.2836131943173819
P3_control	329	15932	-0.0012352878540834	-1.2848484821714652
P3_control	330	54634	-0.0012315659777882	-1.2860800481492534
P3_control	331	16525	-0.0012268736283632	-1.2873069217776165
P3_control	332	68067	-0.0012092732459459	-1.2885161950235624
P3_control	333	224171	-0.0012059461441253	-1.2897221411676878
P3_control	334	53374	-0.0011990363490333	-1.290921177516721
P3_control	335	242297	-0.0011938409956942	-1.2921150185124153
P3_control	336	14681	-0.0011929040890749	-1.29330792260149
P3_control	337	67971	-0.0011850830151527	-1.2944930056166428
P3_control	338	69219	-0.001170438995213	-1.2956634446118558
P3_control	339	11717	-0.0011612072776251	-1.2968246518894808
P3_control	340	21339	-0.0011536425497776	-1.2979782944392584
P3_control	341	218772	-0.001151262054159	-1.2991295564934173
P3_control	342	22640	-0.0011399653102958	-1.300269521803713
P3_control	343	24053	-0.0011396916743591	-1.3014092134780721
P3_control	344	108897	-0.0011387593415575	-1.3025479728196296
P3_control	345	57890	-0.0011322742807064	-1.3036802471003361
P3_control	346	19183	-0.0011235257360107	-1.3048037728363469
P3_control	347	56434	-0.0011232258991615	-1.3059269987355084
P3_control	348	67168	-0.0011208684735446	-1.307047867209053
P3_control	349	98256	-0.00111980159026	-1.3081676687993131
P3_control	350	109242	-0.0011018505848401	-1.3092695193841533
P3_control	351	12972	-0.0010928232348422	-1.3103623426189954
P3_control	352	100978	-0.0010873006490196	-1.311449643268015
P3_control	353	14613	-0.0010861588091889	-1.3125358020772038
P3_control	354	13170	-0.001074767273978	-1.3136105693511817
P3_control	355	234199	-0.0010606868055262	-1.314671256156708
P3_control	356	226791	-0.0010581049898535	-1.3157293611465615
P3_control	357	226409	-0.0010560993698131	-1.3167854605163745
P3_control	358	231238	-0.0010526323870972	-1.3178380929034716
P3_control	359	116838	-0.0010465110501511	-1.3188846039536228
P3_control	360	17153	-0.0010455178218234	-1.3199301217754462
P3_control	361	14012	-0.0010441418478739	-1.3209742636233202
P3_control	362	70423	-0.0010432014829216	-1.3220174651062417
P3_control	363	66591	-0.0010388791582561	-1.3230563442644978
P3_control	364	103988	-0.0010356838303731	-1.324092028094871
P3_control	365	22378	-0.0010314658955217	-1.3251234939903926
P3_control	366	21802	-0.0010310646932526	-1.3261545586836452
P3_control	367	21935	-0.0010269179194917	-1.327181476603137
P3_control	368	194655	-0.0010246606206205	-1.3282061372237575
P3_control	369	52906	-0.0010161448993668	-1.3292222821231243
P3_control	370	70546	-0.0010120861356141	-1.3302343682587385
P3_control	371	268902	-0.0009985549855549	-1.3312329232442934
P3_control	372	665563	-0.000990350399004	-1.3322232736432975
P3_control	373	102502	-0.0009860637714594	-1.333209337414757
P3_control	374	14251	-0.000976778123508	-1.3341861155382648
P3_control	375	22350	-0.00097626120867	-1.3351623767469347
P3_control	376	70061	-0.000971471391363	-1.3361338481382978
P3_control	377	408022	-0.0009637444726137	-1.3370975926109114
P3_control	378	14120	-0.0009622663846159	-1.3380598589955273
P3_control	379	12307	-0.0009573886682507	-1.339017247663778
P3_control	380	56526	-0.0009498265433524	-1.3399670742071303
P3_control	381	102436	-0.000944559218085	-1.3409116334252154
P3_control	382	70129	-0.0009336048980599	-1.3418452383232753
P3_control	383	54720	-0.0009113468050661	-1.3427565851283414
P3_control	384	234740	-0.0009109432907322	-1.3436675284190736
P3_control	385	381511	-0.0009098921744869	-1.3445774205935606
P3_control	386	19260	-0.0008990600360819	-1.3454764806296424
P3_control	387	387314	-0.0008965198329859	-1.3463730004626284
P3_control	388	74386	-0.0008807747841022	-1.3472537752467306
P3_control	389	12448	-0.0008794646504333	-1.348133239897164
P3_control	390	17537	-0.0008741677383702	-1.349007407635534
P3_control	391	102545	-0.0008732063373093	-1.3498806139728434
P3_control	392	67784	-0.0008704784184576	-1.350751092391301
P3_control	393	78177	-0.0008676953299212	-1.3516187877212222
P3_control	394	272465	-0.0008673320590313	-1.3524861197802536
P3_control	395	52585	-0.0008652725681057	-1.3533513923483593
P3_control	396	20419	-0.0008649117179816	-1.3542163040663409
P3_control	397	19734	-0.0008605386184605	-1.3550768426848014
P3_control	398	240913	-0.0008600517920167	-1.3559368944768182
P3_control	399	68631	-0.0008574997480476	-1.3567943942248657
P3_control	400	63954	-0.0008569321745242	-1.35765132639939
P3_control	401	210356	-0.0008533099588351	-1.358504636358225
P3_control	402	19057	-0.0008521802415179	-1.359356816599743
P3_control	403	13823	-0.000851680200994	-1.3602084968007369
P3_control	404	12986	-0.0008465431048256	-1.3610550399055625
P3_control	405	56358	-0.0008424541403044	-1.361897494045867
P3_control	406	72568	-0.000841910912301	-1.362739404958168
P3_control	407	320563	-0.0008411295360521	-1.3635805344942202
P3_control	408	66395	-0.0008380493544289	-1.3644185838486491
P3_control	409	16658	-0.0008367534509456	-1.3652553372995948
P3_control	410	54131	-0.0008340217208763	-1.366089359020471
P3_control	411	74470	-0.0008272527190101	-1.366916611739481
P3_control	412	321007	-0.0008253998577335	-1.3677420115972145
P3_control	413	13400	-0.0008239577268036	-1.3685659693240182
P3_control	414	56047	-0.0008235508694822	-1.3693895201935005
P3_control	415	77113	-0.0008220295007352	-1.3702115496942358
P3_control	416	208092	-0.0008215635045518	-1.3710331131987876
P3_control	417	665113	-0.0008179364800882	-1.3718510496788758
P3_control	418	12630	-0.0008096724604425	-1.3726607221393183
P3_control	419	240023	-0.0007807933801412	-1.3734415155194595
P3_control	420	12482	-0.0007760637499265	-1.374217579269386
P3_control	421	27660	-0.0007748415688335	-1.3749924208382196
P3_control	422	50490	-0.0007745607216144	-1.375766981559834
P3_control	423	235534	-0.0007695132634652	-1.3765364948232992
P3_control	424	19769	-0.0007669087500063	-1.3773034035733056
P3_control	425	634731	-0.0007663471253173	-1.3780697506986228
P3_control	426	17885	-0.0007566975890814	-1.3788264482877042
P3_control	427	622434	-0.0007521736506755	-1.3795786219383797
P3_control	428	70223	-0.0007426656641762	-1.380321287602556
P3_control	429	50773	-0.0007401616876402	-1.381061449290196
P3_control	430	75590	-0.0007385041012747	-1.3817999533914707
P3_control	431	68846	-0.0007380023728424	-1.3825379557643132
P3_control	432	110033	-0.0007349544862551	-1.3832729102505683
P3_control	433	75597	-0.000733656385191	-1.3840065666357593
P3_control	434	67758	-0.000731921594802	-1.3847384882305613
P3_control	435	12029	-0.0007258019144376	-1.385464290144999
P3_control	436	72902	-0.0007213597643865	-1.3861856499093854
P3_control	437	66902	-0.0007208565840109	-1.3869065064933963
P3_control	438	77976	-0.0007175837865411	-1.3876240902799375
P3_control	439	207495	-0.0007167303966167	-1.3883408206765542
P3_control	440	233199	-0.0007141982905536	-1.3890550189671078
P3_control	441	109660	-0.0007097752535684	-1.3897647942206761
P3_control	442	12831	-0.0007070036072845	-1.3904717978279606
P3_control	443	235041	-0.0007047219292398	-1.3911765197572004
P3_control	444	243897	-0.000703529179315	-1.3918800489365153
P3_control	445	74694	-0.0007010775261266	-1.392581126462642
P3_control	446	68440	-0.0006979305329025	-1.3932790569955444
P3_control	447	20354	-0.0006818174099607	-1.3939608744055052
P3_control	448	239188	-0.0006816213514223	-1.3946424957569274
P3_control	449	19876	-0.0006772800703229	-1.3953197758272504
P3_control	450	214663	-0.0006750520811437	-1.395994827908394
P3_control	451	101685	-0.0006735448392518	-1.3966683727476459
P3_control	452	53625	-0.000672428565277	-1.397340801312923
P3_control	453	75690	-0.0006701431394448	-1.3980109444523676
P3_control	454	241494	-0.0006693671506109	-1.3986803116029785
P3_control	455	211712	-0.000666058736172	-1.3993463703391504
P3_control	456	338403	-0.0006545422288719	-1.4000009125680224
P3_control	457	11931	-0.0006525328681041	-1.4006534454361266
P3_control	458	140488	-0.0006517104765904	-1.401305155912717
P3_control	459	110310	-0.000645205158186	-1.401950361070903
P3_control	460	232035	-0.0006421841927955	-1.4025925452636985
P3_control	461	22031	-0.0006420331787184	-1.403234578442417
P3_control	462	83946	-0.0006414503146409	-1.4038760287570577
P3_control	463	320865	-0.0006343726138947	-1.4045104013709524
P3_control	464	12795	-0.0006254462699836	-1.405135847640936
P3_control	465	22771	-0.0006220751471876	-1.4057579227881236
P3_control	466	320633	-0.0006201946461692	-1.4063781174342929
P3_control	467	213760	-0.000617650582894	-1.406995768017187
P3_control	468	78100	-0.0006167965234102	-1.4076125645405972
P3_control	469	12850	-0.0006102233557115	-1.4082227878963087
P3_control	470	20682	-0.0006088993789475	-1.4088316872752562
P3_control	471	11927	-0.0005942395088287	-1.409425926784085
P3_control	472	18791	-0.0005807287745836	-1.4100066555586686
P3_control	473	17427	-0.0005723797186884	-1.410579035277357
P3_control	474	70466	-0.0005692701883726	-1.4111483054657297
P3_control	475	56533	-0.0005623797788621	-1.4117106852445918
P3_control	476	98170	-0.0005556300514878	-1.4122663152960795
P3_control	477	54650	-0.0005537020428481	-1.4128200173389276
P3_control	478	12876	-0.0005510080685944	-1.413371025407522
P3_control	479	20616	-0.0005503805232933	-1.4139214059308154
P3_control	480	74761	-0.0005488904894541	-1.4144702964202696
P3_control	481	228778	-0.0005420730071644	-1.415012369427434
P3_control	482	19204	-0.0005416483372308	-1.4155540177646646
P3_control	483	14536	-0.0005380705271983	-1.4160920882918628
P3_control	484	18779	-0.0005338672067389	-1.4166259554986018
P3_control	485	18712	-0.0005316343560484	-1.4171575898546502
P3_control	486	14420	-0.0005289996902901	-1.4176865895449404
P3_control	487	224661	-0.000526846627316	-1.4182134361722565
P3_control	488	27261	-0.000519826353246	-1.4187332625255025
P3_control	489	12902	-0.0005196021886	-1.4192528647141025
P3_control	490	17897	-0.0005159231126248	-1.4197687878267273
P3_control	491	15213	-0.0005113801249191	-1.4202801679516464
P3_control	492	73683	-0.0005094623387512	-1.4207896302903975
P3_control	493	11513	-0.0005086489177739	-1.4212982792081714
P3_control	494	110197	-0.0005069665734313	-1.4218052457816026
P3_control	495	108899	-0.0005017656255146	-1.4223070114071172
P3_control	496	235281	-0.0004959017022212	-1.4228029131093385
P3_control	497	241230	-0.0004915229617211	-1.4232944360710595
P3_control	498	66953	-0.000479673268866	-1.4237741093399257
P3_control	499	15186	-0.0004792144540612	-1.424253323793987
P3_control	500	70717	-0.0004732101878656	-1.4247265339818524
P3_control	501	100198	-0.0004725485630843	-1.4251990825449368
P3_control	502	20897	-0.0004723496443592	-1.425671432189296
P3_control	503	18039	-0.0004704778930722	-1.4261419100823682
P3_control	504	21823	-0.0004692351097609	-1.426611145192129
P3_control	505	170459	-0.0004659762481684	-1.4270771214402975
P3_control	506	56811	-0.0004633563158565	-1.427540477756154
P3_control	507	23794	-0.0004624655803942	-1.4280029433365482
P3_control	508	71755	-0.0004573123844099	-1.428460255720958
P3_control	509	14400	-0.0004528757199882	-1.4289131314409462
P3_control	510	76223	-0.0004523211046353	-1.4293654525455814
P3_control	511	217341	-0.0004522889506925	-1.429817741496274
P3_control	512	227632	-0.0004508129422799	-1.430268554438554
P3_control	513	225724	-0.0004455515525436	-1.4307141059910977
P3_control	514	228357	-0.0004417509281304	-1.4311558569192282
P3_control	515	118449	-0.0004397698409903	-1.4315956267602186
P3_control	516	71240	-0.0004394945614168	-1.4320351213216354
P3_control	517	68667	-0.0004363145260517	-1.432471435847687
P3_control	518	330908	-0.0004285010659964	-1.4328999369136834
P3_control	519	18769	-0.000422506132801	-1.4333224430464844
P3_control	520	219228	-0.0004174890977511	-1.4337399321442355
P3_control	521	70726	-0.000416925157326	-1.4341568573015615
P3_control	522	107513	-0.0004136318157213	-1.4345704891172828
P3_control	523	432530	-0.0004108153381767	-1.4349813044554596
P3_control	524	236904	-0.0004014895263384	-1.435382793981798
P3_control	525	170737	-0.0003949163430932	-1.4357777103248912
P3_control	526	103967	-0.0003937771928283	-1.4361714875177196
P3_control	527	241525	-0.0003926929159361	-1.4365641804336557
P3_control	528	18768	-0.0003923498198681	-1.4369565302535239
P3_control	529	20656	-0.0003912306566548	-1.4373477609101786
P3_control	530	219114	-0.0003877062715705	-1.437735467181749
P3_control	531	140571	-0.0003862301808132	-1.4381216973625623
P3_control	532	12810	-0.0003861805079696	-1.438507877870532
P3_control	533	75641	-0.0003860357478515	-1.4388939136183836
P3_control	534	56631	-0.0003843753338975	-1.439278288952281
P3_control	535	72472	-0.0003829603164674	-1.4396612492687484
P3_control	536	18413	-0.0003798295810447	-1.440041078849793
P3_control	537	381644	-0.0003795263371113	-1.4404206051869044
P3_control	538	270192	-0.0003788140711433	-1.4407994192580478
P3_control	539	66824	-0.0003768276758384	-1.4411762469338862
P3_control	540	13058	-0.0003719602349377	-1.441548207168824
P3_control	541	24001	-0.0003710126889244	-1.4419192198577484
P3_control	542	544963	-0.0003694259065607	-1.4422886457643092
P3_control	543	16768	-0.0003684717748211	-1.4426571175391303
P3_control	544	216867	-0.0003530271052686	-1.4430101446443988
P3_control	545	71228	-0.0003513730465162	-1.443361517690915
P3_control	546	16438	-0.0003468308914601	-1.443708348582375
P3_control	547	70551	-0.0003448820900297	-1.4440532306724048
P3_control	548	109272	-0.000344641420671	-1.4443978720930757
P3_control	549	216292	-0.000344203380483	-1.4447420754735587
P3_control	550	338370	-0.0003438106183577	-1.4450858860919165
P3_control	551	71279	-0.0003436498657205	-1.445429535957637
P3_control	552	216856	-0.0003361914368931	-1.4457657273945301
P3_control	553	14183	-0.0003357597539027	-1.4461014871484328
P3_control	554	233878	-0.0003317437250434	-1.4464332308734762
P3_control	555	244895	-0.000330155016892	-1.4467633858903681
P3_control	556	107503	-0.0003268301153536	-1.4470902160057217
P3_control	557	207911	-0.0003224770759186	-1.4474126930816404
P3_control	558	18984	-0.0003220252947645	-1.4477347183764049
P3_control	559	232821	-0.0003208571709273	-1.448055575547332
P3_control	560	101772	-0.0003193748196045	-1.4483749503669365
P3_control	561	77782	-0.0003155314867737	-1.4486904818537103
P3_control	562	319901	-0.000315522472226	-1.4490060043259363
P3_control	563	51801	-0.0003129944483569	-1.4493189987742932
P3_control	564	17387	-0.0003097847355615	-1.4496287835098547
P3_control	565	16971	-0.0003079449192221	-1.4499367284290767
P3_control	566	14081	-0.0003022358605171	-1.4502389642895939
P3_control	567	73728	-0.0003019185326521	-1.450540882822246
P3_control	568	56485	-0.0002996765728247	-1.4508405593950706
P3_control	569	16511	-0.0002981125464499	-1.4511386719415205
P3_control	570	319520	-0.000294221243322	-1.4514328931848424
P3_control	571	76547	-0.000291414437416	-1.4517243076222583
P3_control	572	320051	-0.0002900228311995	-1.4520143304534578
P3_control	573	218341	-0.0002881097618433	-1.452302440215301
P3_control	574	225825	-0.000287417505162	-1.452589857720463
P3_control	575	12643	-0.0002862205964949	-1.4528760783169579
P3_control	576	666048	-0.0002799953959492	-1.453156073712907
P3_control	577	18584	-0.0002766813968231	-1.4534327551097301
P3_control	578	18974	-0.0002737025894204	-1.4537064576991505
P3_control	579	68567	-0.0002735778555952	-1.4539800355547456
P3_control	580	171531	-0.0002688427581558	-1.4542488783129015
P3_control	581	30954	-0.0002688388319895	-1.454517717144891
P3_control	582	330409	-0.0002687889083723	-1.4547865060532634
P3_control	583	11746	-0.0002656157665368	-1.4550521218198003
P3_control	584	16975	-0.0002645245586724	-1.4553166463784726
P3_control	585	238024	-0.0002637612175746	-1.4555804075960472
P3_control	586	99512	-0.0002627866148084	-1.4558431942108556
P3_control	587	14545	-0.0002620206530608	-1.4561052148639164
P3_control	588	12236	-0.0002613230642454	-1.4563665379281618
P3_control	589	20509	-0.0002603647440945	-1.4566269026722563
P3_control	590	16535	-0.0002544889093581	-1.4568813915816143
P3_control	591	72585	-0.0002531189744342	-1.4571345105560485
P3_control	592	72008	-0.0002472724240509	-1.4573817829800995
P3_control	593	234515	-0.0002416155784042	-1.4576233985585036
P3_control	594	22171	-0.0002411152631255	-1.457864513821629
P3_control	595	22785	-0.000239256872734	-1.4581037706943631
P3_control	596	26949	-0.0002382944812336	-1.4583420651755967
P3_control	597	54725	-0.0002352128464075	-1.4585772780220043
P3_control	598	14632	-0.0002346789989225	-1.4588119570209268
P3_control	599	11600	-0.0002339013086104	-1.4590458583295371
P3_control	600	237353	-0.0002336101339723	-1.4592794684635095
P3_control	601	12162	-0.0002324569932036	-1.459511925456713
P3_control	602	269423	-0.0002322363638958	-1.4597441618206088
P3_control	603	81904	-0.0002294789673238	-1.4599736407879327
P3_control	604	76217	-0.0002291188257657	-1.4602027596136984
P3_control	605	54381	-0.0002289495129448	-1.4604317091266432
P3_control	606	110351	-0.0002284089498995	-1.4606601180765426
P3_control	607	69217	-0.0002276381465233	-1.460887756223066
P3_control	608	108153	-0.0002270341745732	-1.4611147903976391
P3_control	609	225913	-0.0002248079282338	-1.461339598325873
P3_control	610	109019	-0.0002239593314865	-1.4615635576573596
P3_control	611	236539	-0.0002168410730178	-1.4617803987303775
P3_control	612	22780	-0.000214151170397	-1.4619945499007745
P3_control	613	80914	-0.000208350546247	-1.4622029004470214
P3_control	614	67603	-0.0002076788920241	-1.4624105793390454
P3_control	615	66446	-0.0002041870880058	-1.4626147664270512
P3_control	616	17381	-0.000203462410633	-1.4628182288376843
P3_control	617	210044	-0.0002018090933139	-1.463020037930998
P3_control	618	27371	-0.0002015095328563	-1.4632215474638544
P3_control	619	12550	-0.0002009933026812	-1.4634225407665356
P3_control	620	17930	-0.0001972976159764	-1.4636198383825119
P3_control	621	17868	-0.000194465471458	-1.46381430385397
P3_control	622	76854	-0.0001935282466225	-1.4640078321005925
P3_control	623	67163	-0.0001902226173846	-1.4641980547179771
P3_control	624	215456	-0.0001827738058327	-1.4643808285238098
P3_control	625	56078	-0.000181221920402	-1.4645620504442118
P3_control	626	23948	-0.0001797164310044	-1.4647417668752163
P3_control	627	14160	-0.000178876003688	-1.4649206428789043
P3_control	628	320472	-0.000178244404056	-1.4650988872829602
P3_control	629	16371	-0.0001767977037139	-1.4652756849866742
P3_control	630	19725	-0.0001758332216302	-1.4654515182083043
P3_control	631	237175	-0.0001751522348303	-1.4656266704431347
P3_control	632	14823	-0.0001746119078851	-1.4658012823510198
P3_control	633	107448	-0.0001710447313613	-1.465972327082381
P3_control	634	242585	-0.0001703673300195	-1.4661426944124005
P3_control	635	13363	-0.000169716483273	-1.4663124108956735
P3_control	636	58208	-0.0001694538016814	-1.466481864697355
P3_control	637	230721	-0.0001687670502728	-1.4666506317476278
P3_control	638	237073	-0.0001670663069254	-1.466817698054553
P3_control	639	105239	-0.0001661723436255	-1.4669838703981786
P3_control	640	19249	-0.0001648032163291	-1.4671486736145076
P3_control	641	209032	-0.0001644079346061	-1.4673130815491138
P3_control	642	243780	-0.0001636126476345	-1.4674766941967483
P3_control	643	22417	-0.0001601567485829	-1.4676368509453313
P3_control	644	216527	-0.0001552801860826	-1.467792131131414
P3_control	645	53324	-0.0001532301160468	-1.4679453612474607
P3_control	646	64340	-0.0001525863797818	-1.4680979476272424
P3_control	647	17874	-0.000148327922792	-1.4682462755500345
P3_control	648	78286	-0.0001466949359208	-1.4683929704859553
P3_control	649	433938	-0.0001466013468804	-1.4685395718328358
P3_control	650	17196	-0.000144354256508	-1.4686839260893438
P3_control	651	66329	-0.0001418904124731	-1.4688258165018169
P3_control	652	19273	-0.00014184275742	-1.468967659259237
P3_control	653	74134	-0.0001406088252615	-1.4691082680844985
P3_control	654	64424	-0.0001399907674204	-1.469248258851919
P3_control	655	57738	-0.0001375024756084	-1.4693857613275274
P3_control	656	13982	-0.0001370692686054	-1.4695228305961328
P3_control	657	20191	-0.0001356866411508	-1.4696585172372836
P3_control	658	68479	-0.0001351598264486	-1.469793677063732
P3_control	659	16402	-0.0001329048299171	-1.469926581893649
P3_control	660	12416	-0.0001290376861037	-1.4700556195797527
P3_control	661	93835	-0.0001289489470782	-1.4701845685268309
P3_control	662	73747	-0.0001275227007469	-1.4703120912275778
P3_control	663	329650	-0.0001254982463824	-1.47043758947396
P3_control	664	22359	-0.0001240077069576	-1.4705615971809176
P3_control	665	216739	-0.0001237899336652	-1.4706853871145829
P3_control	666	231724	-0.0001233449702147	-1.4708087320847976
P3_control	667	20964	-0.0001231893838038	-1.4709319214686014
P3_control	668	15945	-0.0001223606449764	-1.471054282113578
P3_control	669	20447	-0.0001198540507121	-1.47117413616429
P3_control	670	52033	-0.0001178131365295	-1.4712919493008196
P3_control	671	67196	-0.000113768527137	-1.4714057178279567
P3_control	672	268395	-0.0001134932846358	-1.4715192111125925
P3_control	673	233875	-0.0001124025094863	-1.4716316136220788
P3_control	674	236930	-0.0001100560275809	-1.4717416696496597
P3_control	675	75209	-0.0001097930305154	-1.471851462680175
P3_control	676	80901	-0.0001090311662087	-1.4719604938463837
P3_control	677	381379	-0.000108409043442	-1.4720689028898257
P3_control	678	384569	-0.0001062093908598	-1.4721751122806854
P3_control	679	270906	-0.000101166334678	-1.4722762786153634
P3_control	680	70310	-9.971010013263152e-05	-1.472375988715496
P3_control	681	77015	-9.738973180157576e-05	-1.4724733784472974
P3_control	682	13131	-9.380669727694512e-05	-1.4725671851445743
P3_control	683	23966	-9.348474166901567e-05	-1.4726606698862432
P3_control	684	56532	-9.293328387024107e-05	-1.4727536031701134
P3_control	685	171282	-9.25954753530468e-05	-1.4728461986454664
P3_control	686	20745	-9.069817045350608e-05	-1.47293689681592
P3_control	687	68039	-7.58663511503538e-05	-1.4730127631670704
P3_control	688	14675	-7.446744249010844e-05	-1.4730872306095606
P3_control	689	407823	-7.393681206319034e-05	-1.4731611674216238
P3_control	690	234214	-7.334344467003612e-05	-1.4732345108662939
P3_control	691	210530	-7.273935932138982e-05	-1.4733072502256153
P3_control	692	12842	-7.243525146383044e-05	-1.473379685477079
P3_control	693	218440	-7.211966073346475e-05	-1.4734518051378125
P3_control	694	17345	-6.660376446440936e-05	-1.4735184089022768
P3_control	695	218820	-6.592513791268273e-05	-1.4735843340401895
P3_control	696	22276	-6.504957013632648e-05	-1.473649383610326
P3_control	697	17921	-6.318621264793427e-05	-1.4737125698229738
P3_control	698	241770	-6.193710994083649e-05	-1.4737745069329147
P3_control	699	330355	-6.174444683627895e-05	-1.473836251379751
P3_control	700	22637	-5.8197385945085805e-05	-1.473894448765696
P3_control	701	80890	-5.670723336764474e-05	-1.4739511559990637
P3_control	702	329324	-5.613914985725432e-05	-1.474007295148921
P3_control	703	236285	-5.506709839310709e-05	-1.4740623622473141
P3_control	704	67426	-5.417871761301563e-05	-1.474116540964927
P3_control	705	110385	-4.872195675169042e-05	-1.4741652629216788
P3_control	706	78412	-4.871923593585719e-05	-1.4742139821576148
P3_control	707	21828	-4.5975045232634776e-05	-1.4742599572028474
P3_control	708	12805	-4.580069377523151e-05	-1.4743057578966225
P3_control	709	170745	-4.525103079011559e-05	-1.4743510089274126
P3_control	710	227059	-4.476102384352924e-05	-1.474395769951256
P3_control	711	56177	-4.463194403707669e-05	-1.474440401895293
P3_control	712	12931	-4.4032224440054217e-05	-1.4744844341197332
P3_control	713	22062	-4.392334111147202e-05	-1.4745283574608445
P3_control	714	319582	-4.37229364255962e-05	-1.4745720803972702
P3_control	715	244058	-4.257081562797112e-05	-1.4746146512128981
P3_control	716	54609	-4.208392757531683e-05	-1.4746567351404734
P3_control	717	74199	-4.127555466934851e-05	-1.4746980106951426
P3_control	718	73327	-4.027143334392537e-05	-1.4747382821284865
P3_control	719	56224	-4.011227678484867e-05	-1.4747783944052713
P3_control	720	17193	-3.972945255442099e-05	-1.4748181238578257
P3_control	721	101565	-3.8603138147246114e-05	-1.474856726995973
P3_control	722	380924	-3.527148172385604e-05	-1.4748919984776967
P3_control	723	380863	-3.381322550273416e-05	-1.4749258117031994
P3_control	724	22324	-3.376868456382317e-05	-1.474959580387763
P3_control	725	69066	-2.9549223541797223e-05	-1.474989129611305
P3_control	726	56419	-2.921878696226216e-05	-1.475018348398267
P3_control	727	75906	-2.8128895874792257e-05	-1.4750464772941418
P3_control	728	56700	-2.77547945568323e-05	-1.4750742320886987
P3_control	729	22113	-2.7558574470416294e-05	-1.4751017906631692
P3_control	730	546611	-2.645425560227943e-05	-1.4751282449187715
P3_control	731	14805	-2.594782176533728e-05	-1.4751541927405367
P3_control	732	16404	-2.540342818690073e-05	-1.4751795961687235
P3_control	733	21987	-2.5270118009258297e-05	-1.4752048662867328
P3_control	734	238799	-2.466208231168197e-05	-1.4752295283690444
P3_control	735	242819	-2.4502982559785504e-05	-1.4752540313516043
P3_control	736	107351	-2.3721611254494007e-05	-1.4752777529628587
P3_control	737	72415	-2.273650237204247e-05	-1.4753004894652306
P3_control	738	28240	-2.1363997345785188e-05	-1.4753218534625765
P3_control	739	56794	-2.0569496640796155e-05	-1.4753424229592174
P3_control	740	14163	-2.031845764788848e-05	-1.4753627414168653
P3_control	741	211798	-1.888522907844013e-05	-1.4753816266459436
P3_control	742	21816	-1.8813901936505487e-05	-1.4754004405478802
P3_control	743	54710	-1.8669649491191237e-05	-1.4754191101973715
P3_control	744	546336	-1.7823849361859845e-05	-1.4754369340467333
P3_control	745	110902	-1.6260357329859543e-05	-1.4754531944040632
P3_control	746	19258	-1.599533244666781e-05	-1.4754691897365098
P3_control	747	16881	-1.5930974532594455e-05	-1.4754851207110424
P3_control	748	19416	-1.591180751447936e-05	-1.475501032518557
P3_control	749	20273	-1.3885348325097183e-05	-1.475514917866882
P3_control	750	20516	-1.328541491969732e-05	-1.4755282032818018
P3_control	751	171463	-1.2301630807000832e-05	-1.4755405049126087
P3_control	752	78892	-1.0468412021233131e-05	-1.47555097332463
P3_control	753	20532	-1.018469056464714e-05	-1.4755611580151946
P3_control	754	24057	-9.725359683934396e-06	-1.4755708833748786
P3_control	755	22256	-7.536776390844989e-06	-1.4755784201512694
P3_control	756	68760	-6.279601272760936e-06	-1.4755846997525421
P3_control	757	83674	-6.210399169026843e-06	-1.475590910151711
P3_control	758	18190	-5.542813451052848e-06	-1.4755964529651622
P3_control	759	192678	-4.431045680347443e-06	-1.4756008840108426
P3_control	760	108797	-3.9641671741093086e-06	-1.4756048481780166
P3_control	761	20277	-3.2046482790097143e-06	-1.4756080528262956
P3_control	762	21664	-3.1892311999993063e-06	-1.4756112420574956
P3_control	763	20423	-2.924811459263746e-06	-1.4756141668689549
P3_control	764	27801	-2.6275637808718213e-06	-1.4756167944327356
P3_control	765	11941	-2.184917410089419e-06	-1.4756189793501457
P3_control	766	19041	-2.0717448683640096e-06	-1.475621051095014
P3_control	767	286942	-1.7160431319436536e-06	-1.475622767138146
P3_control	768	353242	-3.2586068267495804e-08	-1.4756227997242144
P3_control	769	19659	-0.0	-1.4756227997242144
P3_control	770	68016	-0.0	-1.4756227997242144
P3_control	771	11602	0.0	-1.4756227997242144
P3_control	772	68764	-0.0	-1.4756227997242144
P3_control	773	105827	-0.0	-1.4756227997242144
P3_control	774	13041	0.0	-1.4756227997242144
P3_control	775	20295	-0.0	-1.4756227997242144
P3_control	776	380785	0.0	-1.4756227997242144
P3_control	777	12683	0.0	-1.4756227997242144
P3_control	778	12494	-0.0	-1.4756227997242144
P3_control	779	213417	0.0	-1.4756227997242144
P3_control	780	15450	0.0	-1.4756227997242144
P3_control	781	18782	-0.0	-1.4756227997242144
P3_control	782	320747	0.0	-1.4756227997242144
P3_control	783	66901	0.0	-1.4756227997242144
P3_control	784	58222	-0.0	-1.4756227997242144
P3_control	785	72310	0.0	-1.4756227997242144
P3_control	786	213469	-0.0	-1.4756227997242144
P3_control	787	18667	0.0	-1.4756227997242144
P3_control	788	212974	-0.0	-1.4756227997242144
P3_control	789	14945	0.0	-1.4756227997242144
P3_control	790	110876	0.0	-1.4756227997242144
P3_control	791	17082	-0.0	-1.4756227997242144
P3_control	792	218763	-0.0	-1.4756227997242144
P3_control	793	12143	0.0	-1.4756227997242144
P3_control	794	230163	-0.0	-1.4756227997242144
P3_control	795	63993	-0.0	-1.4756227997242144
P3_control	796	54519	0.0	-1.4756227997242144
P3_control	797	13516	-0.0	-1.4756227997242144
P3_control	798	319229	-0.0	-1.4756227997242144
P3_control	799	67564	-0.0	-1.4756227997242144
P3_control	800	277468	0.0	-1.4756227997242144
P3_control	801	237010	0.0	-1.4756227997242144
P3_control	802	16181	-0.0	-1.4756227997242144
P3_control	803	20201	0.0	-1.4756227997242144
P3_control	804	76156	-0.0	-1.4756227997242144
P3_control	805	18619	0.0	-1.4756227997242144
P3_control	806	22409	0.0	-1.4756227997242144
P3_control	807	216795	-0.0	-1.4756227997242144
P3_control	808	80286	-0.0	-1.4756227997242144
P3_control	809	13040	0.0	-1.4756227997242144
P3_control	810	78134	-0.0	-1.4756227997242144
P3_control	811	13609	-0.0	-1.4756227997242144
P3_control	812	67573	-0.0	-1.4756227997242144
P3_control	813	104885	-0.0	-1.4756227997242144
P3_control	814	13370	-0.0	-1.4756227997242144
P3_control	815	56461	0.0	-1.4756227997242144
P3_control	816	108052	0.0	-1.4756227997242144
P3_control	817	72925	-0.0	-1.4756227997242144
P3_control	818	170743	0.0	-1.4756227997242144
P3_control	819	233733	-0.0	-1.4756227997242144
P3_control	820	57814	0.0	-1.4756227997242144
P3_control	821	22671	-0.0	-1.4756227997242144
P3_control	822	15111	0.0	-1.4756227997242144
P3_control	823	67375	0.0	-1.4756227997242144
P3_control	824	16431	-0.0	-1.4756227997242144
P3_control	825	225341	-0.0	-1.4756227997242144
P3_control	826	27409	-0.0	-1.4756227997242144
P3_control	827	233246	-0.0	-1.4756227997242144
P3_control	828	16493	0.0	-1.4756227997242144
P3_control	829	11839	-0.0	-1.4756227997242144
P3_control	830	320840	0.0	-1.4756227997242144
P3_control	831	18548	0.0	-1.4756227997242144
P3_control	832	211550	0.0	-1.4756227997242144
P3_control	833	109857	0.0	-1.4756227997242144
P3_control	834	16176	-0.0	-1.4756227997242144
P3_control	835	241568	-0.0	-1.4756227997242144
P3_control	836	98752	0.0	-1.4756227997242144
P3_control	837	20680	-0.0	-1.4756227997242144
P3_control	838	12723	0.0	-1.4756227997242144
P3_control	839	211228	-0.0	-1.4756227997242144
P3_control	840	12390	0.0	-1.4756227997242144
P3_control	841	14313	-0.0	-1.4756227997242144
P3_control	842	12481	0.0	-1.4756227997242144
P3_control	843	11687	0.0	-1.4756227997242144
P3_control	844	20339	-0.0	-1.4756227997242144
P3_control	845	78376	0.0	-1.4756227997242144
P3_control	846	18113	-0.0	-1.4756227997242144
P3_control	847	21743	-0.0	-1.4756227997242144
P3_control	848	12311	0.0	-1.4756227997242144
P3_control	849	319660	0.0	-1.4756227997242144
P3_control	850	20776	0.0	-1.4756227997242144
P3_control	851	94332	-0.0	-1.4756227997242144
P3_control	852	20198	0.0	-1.4756227997242144
P3_control	853	14173	0.0	-1.4756227997242144
P3_control	854	16159	0.0	-1.4756227997242144
P3_control	855	246728	0.0	-1.4756227997242144
P3_control	856	17528	-0.0	-1.4756227997242144
P3_control	857	207728	-0.0	-1.4756227997242144
P3_control	858	73407	-0.0	-1.4756227997242144
P3_control	859	232078	-0.0	-1.4756227997242144
P3_control	860	77794	0.0	-1.4756227997242144
P3_control	861	16950	0.0	-1.4756227997242144
P3_control	862	68777	0.0	-1.4756227997242144
P3_control	863	13654	-0.0	-1.4756227997242144
P3_control	864	14373	0.0	-1.4756227997242144
P3_control	865	72780	0.0	-1.4756227997242144
P3_control	866	18534	-0.0	-1.4756227997242144
P3_control	867	12458	-0.0	-1.4756227997242144
P3_control	868	16426	0.0	-1.4756227997242144
P3_control	869	22268	-0.0	-1.4756227997242144
P3_control	870	13655	-0.0	-1.4756227997242144
P3_control	871	434341	0.0	-1.4756227997242144
P3_control	872	50915	0.0	-1.4756227997242144
P3_control	873	53601	0.0	-1.4756227997242144
P3_control	874	230103	0.0	-1.4756227997242144
P3_control	875	70779	-0.0	-1.4756227997242144
P3_control	876	15163	0.0	-1.4756227997242144
P3_control	877	399548	0.0	-1.4756227997242144
P3_control	878	228550	-0.0	-1.4756227997242144
P3_control	879	244864	-0.0	-1.4756227997242144
P3_control	880	278180	0.0	-1.4756227997242144
P3_control	881	208164	0.0	-1.4756227997242144
P3_control	882	20200	0.0	-1.4756227997242144
P3_control	883	327957	0.0	-1.4756227997242144
P3_control	884	242607	0.0	-1.4756227997242144
P3_control	885	11670	-0.0	-1.4756227997242144
P3_control	886	50528	0.0	-1.4756227997242144
P3_control	887	14049	0.0	-1.4756227997242144
P3_control	888	20389	-0.0	-1.4756227997242144
P3_control	889	54167	-0.0	-1.4756227997242144
P3_control	890	67937	-0.0	-1.4756227997242144
P3_control	891	237831	0.0	-1.4756227997242144
P3_control	892	56221	-0.0	-1.4756227997242144
P3_control	893	63828	0.0	-1.4756227997242144
P3_control	894	109225	0.0	-1.4756227997242144
P3_control	895	69671	0.0	-1.4756227997242144
P3_control	896	23845	0.0	-1.4756227997242144
P3_control	897	64242	0.0	-1.4756227997242144
P3_control	898	20537	-0.0	-1.4756227997242144
P3_control	899	13346	0.0	-1.4756227997242144
P3_control	900	27280	0.0	-1.4756227997242144
P3_control	901	16173	0.0	-1.4756227997242144
P3_control	902	223917	-0.0	-1.4756227997242144
P3_control	903	245827	-0.0	-1.4756227997242144
P3_control	904	19288	-0.0	-1.4756227997242144
P3_control	905	20928	0.0	-1.4756227997242144
P3_control	906	216049	-0.0	-1.4756227997242144
P3_control	907	320129	-0.0	-1.4756227997242144
P3_control	908	217125	0.0	-1.4756227997242144
P3_control	909	74580	0.0	-1.4756227997242144
P3_control	910	216616	0.0	-1.4756227997242144
P3_control	911	67272	-0.0	-1.4756227997242144
P3_control	912	23893	0.0	-1.4756227997242144
P3_control	913	14961	-0.0	-1.4756227997242144
P3_control	914	23967	-0.0	-1.4756227997242144
P3_control	915	17313	-0.0	-1.4756227997242144
P3_control	916	16527	-0.0	-1.4756227997242144
P3_control	917	14758	-0.0	-1.4756227997242144
P3_control	918	56471	-0.0	-1.4756227997242144
P3_control	919	12796	-0.0	-1.4756227997242144
P3_control	920	232333	-0.0	-1.4756227997242144
P3_control	921	13082	0.0	-1.4756227997242144
P3_control	922	243616	-0.0	-1.4756227997242144
P3_control	923	30955	0.0	-1.4756227997242144
P3_control	924	68680	0.0	-1.4756227997242144
P3_control	925	74748	0.0	-1.4756227997242144
P3_control	926	20965	-0.0	-1.4756227997242144
P3_control	927	93874	0.0	-1.4756227997242144
P3_control	928	65115	-0.0	-1.4756227997242144
P3_control	929	68428	-0.0	-1.4756227997242144
P3_control	930	104080	-0.0	-1.4756227997242144
P3_control	931	71091	0.0	-1.4756227997242144
P3_control	932	435965	-0.0	-1.4756227997242144
P3_control	933	16889	-0.0	-1.4756227997242144
P3_control	934	16846	0.0	-1.4756227997242144
P3_control	935	12505	0.0	-1.4756227997242144
P3_control	936	53313	0.0	-1.4756227997242144
P3_control	937	76757	0.0	-1.4756227997242144
P3_control	938	242050	-0.0	-1.4756227997242144
P3_control	939	29818	-0.0	-1.4756227997242144
P3_control	940	68352	0.0	-1.4756227997242144
P3_control	941	66528	-0.0	-1.4756227997242144
P3_control	942	21928	0.0	-1.4756227997242144
P3_control	943	11807	-0.0	-1.4756227997242144
P3_control	944	14017	0.0	-1.4756227997242144
P3_control	945	58243	0.0	-1.4756227997242144
P3_control	946	14419	-0.0	-1.4756227997242144
P3_control	947	12007	0.0	-1.4756227997242144
P3_control	948	21789	-0.0	-1.4756227997242144
P3_control	949	242939	0.0	-1.4756227997242144
P3_control	950	229791	-0.0	-1.4756227997242144
P3_control	951	64103	0.0	-1.4756227997242144
P3_control	952	14080	-0.0	-1.4756227997242144
P3_control	953	20296	-0.0	-1.4756227997242144
P3_control	954	79235	0.0	-1.4756227997242144
P3_control	955	230775	0.0	-1.4756227997242144
P3_control	956	19039	-0.0	-1.4756227997242144
P3_control	957	22229	-0.0	-1.4756227997242144
P3_control	958	18389	0.0	-1.4756227997242144
P3_control	959	13849	0.0	-1.4756227997242144
P3_control	960	11803	0.0	-1.4756227997242144
P3_control	961	226999	-0.0	-1.4756227997242144
P3_control	962	18596	0.0	-1.4756227997242144
P3_control	963	114644	0.0	-1.4756227997242144
P3_control	964	209837	-0.0	-1.4756227997242144
P3_control	965	56745	-0.0	-1.4756227997242144
P3_control	966	13386	0.0	-1.4756227997242144
P3_control	967	15370	0.0	-1.4756227997242144
P3_control	968	67580	0.0	-1.4756227997242144
P3_control	969	17085	0.0	-1.4756227997242144
P3_control	970	217306	-0.0	-1.4756227997242144
P3_control	971	12825	-0.0	-1.4756227997242144
P3_control	972	231134	-0.0	-1.4756227997242144
P3_control	973	103511	0.0	-1.4756227997242144
P3_control	974	17228	-0.0	-1.4756227997242144
P3_control	975	27226	0.0	-1.4756227997242144
P3_control	976	109050	0.0	-1.4756227997242144
P3_control	977	20618	0.0	-1.4756227997242144
P3_control	978	19713	-0.0	-1.4756227997242144
P3_control	979	71607	-0.0	-1.4756227997242144
P3_control	980	14623	0.0	-1.4756227997242144
P3_control	981	19225	-0.0	-1.4756227997242144
P3_control	982	70928	0.0	-1.4756227997242144
P3_control	983	56362	-0.0	-1.4756227997242144
P3_control	984	94180	0.0	-1.4756227997242144
P3_control	985	20317	-0.0	-1.4756227997242144
P3_control	986	214359	-0.0	-1.4756227997242144
P3_control	987	16491	0.0	-1.4756227997242144
P3_control	988	23936	-0.0	-1.4756227997242144
P3_control	989	210719	0.0	-1.4756227997242144
P3_control	990	20202	0.0	-1.4756227997242144
P3_control	991	18654	-0.0	-1.4756227997242144
P3_control	992	233752	0.0	-1.4756227997242144
P3_control	993	210808	0.0	-1.4756227997242144
P3_control	994	193034	-0.0	-1.4756227997242144
P3_control	995	237387	0.0	-1.4756227997242144
P3_control	996	19124	-0.0	-1.4756227997242144
P3_control	997	23985	-0.0	-1.4756227997242144
P3_control	998	69693	0.0	-1.4756227997242144
P3_control	999	12351	-0.0	-1.4756227997242144
P3_control	1000	14938	-0.0	-1.4756227997242144
P3_control	1001	70370	0.0	-1.4756227997242144
P3_control	1002	65221	0.0	-1.4756227997242144
P3_control	1003	66208	-0.0	-1.4756227997242144
P3_control	1004	24110	0.0	-1.4756227997242144
P3_control	1005	70415	-0.0	-1.4756227997242144
P3_control	1006	21817	0.0	-1.4756227997242144
P3_control	1007	93761	-0.0	-1.4756227997242144
P3_control	1008	100038882	-0.0	-1.4756227997242144
P3_control	1009	69903	-0.0	-1.4756227997242144
P3_control	1010	20274	-0.0	-1.4756227997242144
P3_control	1011	12700	-0.0	-1.4756227997242144
P3_control	1012	208890	-0.0	-1.4756227997242144
P3_control	1013	30806	-0.0	-1.4756227997242144
P3_control	1014	171166	-0.0	-1.4756227997242144
P3_control	1015	14205	0.0	-1.4756227997242144
P3_control	1016	12830	-0.0	-1.4756227997242144
P3_control	1017	12978	-0.0	-1.4756227997242144
P3_control	1018	19711	-0.0	-1.4756227997242144
P3_control	1019	68566	0.0	-1.4756227997242144
P3_control	1020	22422	-0.0	-1.4756227997242144
P3_control	1021	12839	-0.0	-1.4756227997242144
P3_control	1022	118454	-0.0	-1.4756227997242144
P3_control	1023	225742	-0.0	-1.4756227997242144
P3_control	1024	11745	0.0	-1.4756227997242144
P3_control	1025	21898	0.0	-1.4756227997242144
P3_control	1026	14432	-0.0	-1.4756227997242144
P3_control	1027	11829	-0.0	-1.4756227997242144
P3_control	1028	212032	-0.0	-1.4756227997242144
P3_control	1029	100040591	-0.0	-1.4756227997242144
P3_control	1030	56644	0.0	-1.4756227997242144
P3_control	1031	11450	-0.0	-1.4756227997242144
P3_control	1032	245020	0.0	-1.4756227997242144
P3_control	1033	56496	0.0	-1.4756227997242144
P3_control	1034	15572	-0.0	-1.4756227997242144
P3_control	1035	231691	-0.0	-1.4756227997242144
P3_control	1036	171469	-0.0	-1.4756227997242144
P3_control	1037	70727	-0.0	-1.4756227997242144
P3_control	1038	239364	-0.0	-1.4756227997242144
P3_control	1039	241452	-0.0	-1.4756227997242144
P3_control	1040	69590	-0.0	-1.4756227997242144
P3_control	1041	23923	-0.0	-1.4756227997242144
P3_control	1042	77318	0.0	-1.4756227997242144
P3_control	1043	64176	0.0	-1.4756227997242144
P3_control	1044	114886	0.0	-1.4756227997242144
P3_control	1045	107766	-0.0	-1.4756227997242144
P3_control	1046	16197	0.0	-1.4756227997242144
P3_control	1047	19220	0.0	-1.4756227997242144
P3_control	1048	272031	-0.0	-1.4756227997242144
P3_control	1049	27056	-0.0	-1.4756227997242144
P3_control	1050	15896	-0.0	-1.4756227997242144
P3_control	1051	26874	0.0	-1.4756227997242144
P3_control	1052	231162	0.0	-1.4756227997242144
P3_control	1053	21922	-0.0	-1.4756227997242144
P3_control	1054	80837	-0.0	-1.4756227997242144
P3_control	1055	17984	-0.0	-1.4756227997242144
P3_control	1056	18121	-0.0	-1.4756227997242144
P3_control	1057	21384	0.0	-1.4756227997242144
P3_control	1058	22351	-0.0	-1.4756227997242144
P3_control	1059	19329	-0.0	-1.4756227997242144
P3_control	1060	17130	0.0	-1.4756227997242144
P3_control	1061	14412	-0.0	-1.4756227997242144
P3_control	1062	54698	-0.0	-1.4756227997242144
P3_control	1063	17380	-0.0	-1.4756227997242144
P3_control	1064	19011	-0.0	-1.4756227997242144
P3_control	1065	114679	0.0	-1.4756227997242144
P3_control	1066	20319	0.0	-1.4756227997242144
P3_control	1067	170952	0.0	-1.4756227997242144
P3_control	1068	22370	-0.0	-1.4756227997242144
P3_control	1069	107527	-0.0	-1.4756227997242144
P3_control	1070	18400	0.0	-1.4756227997242144
P3_control	1071	574402	-0.0	-1.4756227997242144
P3_control	1072	14126	-0.0	-1.4756227997242144
P3_control	1073	69454	-0.0	-1.4756227997242144
P3_control	1074	211739	-0.0	-1.4756227997242144
P3_control	1075	224024	0.0	-1.4756227997242144
P3_control	1076	14840	-0.0	-1.4756227997242144
P3_control	1077	14125	0.0	-1.4756227997242144
P3_control	1078	21924	0.0	-1.4756227997242144
P3_control	1079	56534	0.0	-1.4756227997242144
P3_control	1080	71781	-0.0	-1.4756227997242144
P3_control	1081	71099	0.0	-1.4756227997242144
P3_control	1082	11606	-0.0	-1.4756227997242144
P3_control	1083	218877	0.0	-1.4756227997242144
P3_control	1084	16909	-0.0	-1.4756227997242144
P3_control	1085	271786	0.0	-1.4756227997242144
P3_control	1086	243328	-0.0	-1.4756227997242144
P3_control	1087	21956	0.0	-1.4756227997242144
P3_control	1088	338369	-0.0	-1.4756227997242144
P3_control	1089	106878	-0.0	-1.4756227997242144
P3_control	1090	14264	-0.0	-1.4756227997242144
P3_control	1091	59308	0.0	-1.4756227997242144
P3_control	1092	12654	0.0	-1.4756227997242144
P3_control	1093	12346	-0.0	-1.4756227997242144
P3_control	1094	21786	-0.0	-1.4756227997242144
P3_control	1095	70405	0.0	-1.4756227997242144
P3_control	1096	71690	0.0	-1.4756227997242144
P3_control	1097	11688	0.0	-1.4756227997242144
P3_control	1098	12501	0.0	-1.4756227997242144
P3_control	1099	223881	2.264537869607416e-07	-1.4756225732704273
P3_control	1100	103551	2.682963942388461e-07	-1.4756223049740331
P3_control	1101	12393	3.5134301264955266e-07	-1.4756219536310204
P3_control	1102	320557	3.8109950101748777e-07	-1.4756215725315194
P3_control	1103	23850	2.23463900555706e-06	-1.4756193378925138
P3_control	1104	22412	3.548677688897245e-06	-1.475615789214825
P3_control	1105	268451	3.757450291109862e-06	-1.4756120317645338
P3_control	1106	497097	4.186688320405749e-06	-1.4756078450762133
P3_control	1107	242700	4.338659037444833e-06	-1.475603506417176
P3_control	1108	66109	4.389074470845479e-06	-1.4755991173427052
P3_control	1109	327954	4.410795432384969e-06	-1.4755947065472728
P3_control	1110	70381	5.052255416715493e-06	-1.475589654291856
P3_control	1111	235040	5.935657244285779e-06	-1.4755837186346117
P3_control	1112	107508	8.810921735077206e-06	-1.4755749077128766
P3_control	1113	66771	9.29388527332168e-06	-1.4755656138276032
P3_control	1114	23921	9.771544059245884e-06	-1.475555842283544
P3_control	1115	22376	1.047043360070242e-05	-1.4755453718499432
P3_control	1116	54486	1.0594389492260422e-05	-1.4755347774604508
P3_control	1117	72151	1.0656357449849645e-05	-1.475524121103001
P3_control	1118	208228	1.1044842222287984e-05	-1.4755130762607787
P3_control	1119	21960	1.1509301606748968e-05	-1.475501566959172
P3_control	1120	20650	1.1656533670293332e-05	-1.4754899104255017
P3_control	1121	106389	1.2209537318634842e-05	-1.475477700888183
P3_control	1122	110962	1.3059521672737965e-05	-1.4754646413665102
P3_control	1123	20969	1.4378781209939123e-05	-1.4754502625853003
P3_control	1124	107305	1.4524493865508893e-05	-1.475435738091435
P3_control	1125	76044	1.6404693235187063e-05	-1.4754193333981998
P3_control	1126	16847	1.7686197796370198e-05	-1.4754016472004035
P3_control	1127	55988	2.2863996438418144e-05	-1.475378783203965
P3_control	1128	208158	2.3023465048956222e-05	-1.4753557597389162
P3_control	1129	75141	2.343687886962936e-05	-1.4753323228600466
P3_control	1130	71720	2.3446774148323112e-05	-1.4753088760858983
P3_control	1131	15118	2.582654718269478e-05	-1.4752830495387157
P3_control	1132	75564	2.6549443710080013e-05	-1.4752565000950055
P3_control	1133	109205	2.8008061578475494e-05	-1.475228492033427
P3_control	1134	239319	2.817842961032285e-05	-1.4752003136038168
P3_control	1135	74666	2.9240588680092077e-05	-1.4751710730151366
P3_control	1136	67216	3.264752374882135e-05	-1.4751384254913877
P3_control	1137	52276	3.3534697386510534e-05	-1.4751048907940012
P3_control	1138	100039795	3.4860146113743346e-05	-1.4750700306478874
P3_control	1139	16526	3.688196852934972e-05	-1.4750331486793582
P3_control	1140	208650	3.8307123770391706e-05	-1.4749948415555878
P3_control	1141	14268	3.985340449241848e-05	-1.4749549881510953
P3_control	1142	230582	3.99731460918001e-05	-1.4749150150050034
P3_control	1143	16574	4.3521182731741006e-05	-1.4748714938222718
P3_control	1144	232146	4.479068364198017e-05	-1.4748267031386297
P3_control	1145	77411	4.816879709926449e-05	-1.4747785343415305
P3_control	1146	268709	4.848979262432224e-05	-1.4747300445489062
P3_control	1147	21652	5.05093008286298e-05	-1.4746795352480775
P3_control	1148	384763	5.1171285552321895e-05	-1.474628363962525
P3_control	1149	216760	5.245989936076708e-05	-1.4745759040631643
P3_control	1150	70261	5.389135941376904e-05	-1.4745220127037506
P3_control	1151	17079	5.396104166235072e-05	-1.4744680516620883
P3_control	1152	19087	5.491889034593994e-05	-1.4744131327717422
P3_control	1153	21389	5.6895124000547647e-05	-1.4743562376477417
P3_control	1154	76960	6.138945650944408e-05	-1.4742948481912324
P3_control	1155	18823	6.277229579792627e-05	-1.4742320758954344
P3_control	1156	14261	6.368632481221177e-05	-1.4741683895706221
P3_control	1157	319991	6.53299332586008e-05	-1.4741030596373634
P3_control	1158	109674	6.630908510272389e-05	-1.4740367505522607
P3_control	1159	66930	6.639927227868556e-05	-1.473970351279982
P3_control	1160	17127	6.667038039288631e-05	-1.4739036808995891
P3_control	1161	108927	6.792790847478887e-05	-1.4738357529911144
P3_control	1162	75669	6.797470537706746e-05	-1.4737677782857372
P3_control	1163	71145	6.83598334323433e-05	-1.473699418452305
P3_control	1164	214685	6.837829216183784e-05	-1.4736310401601431
P3_control	1165	13048	6.992208512540363e-05	-1.4735611180750177
P3_control	1166	72016	7.174522274114058e-05	-1.4734893728522764
P3_control	1167	69574	7.342296088617394e-05	-1.4734159498913904
P3_control	1168	108000	7.674409780936778e-05	-1.473339205793581
P3_control	1169	269016	7.719058020086778e-05	-1.4732620152133802
P3_control	1170	170638	7.760854576081234e-05	-1.4731844066676194
P3_control	1171	13844	7.800311788360876e-05	-1.4731064035497359
P3_control	1172	268859	7.980265716965388e-05	-1.4730266008925663
P3_control	1173	27999	8.26811225592483e-05	-1.4729439197700072
P3_control	1174	114713	8.299977715049963e-05	-1.4728609199928566
P3_control	1175	50779	8.309029120200057e-05	-1.4727778297016547
P3_control	1176	328365	8.376409415867175e-05	-1.472694065607496
P3_control	1177	13643	8.765906060393865e-05	-1.472606406546892
P3_control	1178	11684	9.041942506217292e-05	-1.4725159871218299
P3_control	1179	53328	9.101823428313764e-05	-1.4724249688875468
P3_control	1180	668940	9.15185062092232e-05	-1.4723334503813377
P3_control	1181	105171	9.168820019455192e-05	-1.4722417621811432
P3_control	1182	100434	9.17057975077488e-05	-1.4721500563836354
P3_control	1183	72584	9.240068448775308e-05	-1.4720576556991476
P3_control	1184	16513	9.299541111833928e-05	-1.4719646602880292
P3_control	1185	16420	9.351693608480944e-05	-1.4718711433519445
P3_control	1186	72930	9.370019207026952e-05	-1.4717774431598742
P3_control	1187	14184	9.4496923484358e-05	-1.4716829462363898
P3_control	1188	18616	9.678931618745694e-05	-1.4715861569202024
P3_control	1189	27219	9.92312649810197e-05	-1.4714869256552214
P3_control	1190	28040	0.0001008750694581	-1.4713860505857634
P3_control	1191	545192	0.0001017329521649	-1.4712843176335986
P3_control	1192	103710	0.0001064431452664	-1.4711778744883321
P3_control	1193	330301	0.0001107940347144	-1.4710670804536177
P3_control	1194	54672	0.0001112622401149	-1.4709558182135027
P3_control	1195	16399	0.0001131310976575	-1.4708426871158453
P3_control	1196	68010	0.0001138818228097	-1.4707288052930356
P3_control	1197	259302	0.0001147205368424	-1.4706140847561933
P3_control	1198	77116	0.00011716334987	-1.4704969214063233
P3_control	1199	16510	0.0001190586137425	-1.4703778627925808
P3_control	1200	66990	0.0001193933572327	-1.470258469435348
P3_control	1201	28113	0.0001197250631297	-1.4701387443722183
P3_control	1202	319266	0.0001208359389158	-1.4700179084333025
P3_control	1203	243574	0.0001208554520074	-1.4698970529812951
P3_control	1204	56279	0.0001208655900921	-1.469776187391203
P3_control	1205	54126	0.0001214322641403	-1.4696547551270627
P3_control	1206	21426	0.0001214415181894	-1.4695333136088733
P3_control	1207	104871	0.0001220603056225	-1.4694112533032508
P3_control	1208	23969	0.0001260219637029	-1.469285231339548
P3_control	1209	224674	0.0001262581510209	-1.469158973188527
P3_control	1210	14687	0.0001298405819441	-1.469029132606583
P3_control	1211	59009	0.000130916312989	-1.468898216293594
P3_control	1212	13836	0.0001331296006257	-1.4687650866929682
P3_control	1213	16497	0.0001338999846845	-1.4686311867082837
P3_control	1214	226861	0.0001367411760324	-1.4684944455322513
P3_control	1215	103968	0.0001379827399499	-1.4683564627923014
P3_control	1216	71994	0.0001396899753721	-1.4682167728169293
P3_control	1217	234593	0.0001403877243822	-1.4680763850925471
P3_control	1218	66349	0.0001408131074831	-1.467935571985064
P3_control	1219	223272	0.0001415164064332	-1.4677940555786309
P3_control	1220	73094	0.0001438234239254	-1.4676502321547054
P3_control	1221	66972	0.0001446946724656	-1.4675055374822397
P3_control	1222	12350	0.0001449457969194	-1.4673605916853203
P3_control	1223	245026	0.0001480662650989	-1.4672125254202213
P3_control	1224	272636	0.0001527002849435	-1.4670598251352778
P3_control	1225	233406	0.0001532550725629	-1.4669065700627149
P3_control	1226	239554	0.0001587035249435	-1.4667478665377713
P3_control	1227	214106	0.0001601476035892	-1.466587718934182
P3_control	1228	76787	0.0001607783023091	-1.4664269406318728
P3_control	1229	66526	0.0001614910543683	-1.4662654495775045
P3_control	1230	58802	0.0001618962880423	-1.4661035532894622
P3_control	1231	12840	0.0001627108008588	-1.4659408424886033
P3_control	1232	22224	0.0001640896728358	-1.4657767528157675
P3_control	1233	26556	0.0001654658162422	-1.4656112869995253
P3_control	1234	71819	0.0001659653425223	-1.465445321657003
P3_control	1235	23831	0.0001671825657531	-1.4652781390912497
P3_control	1236	279766	0.0001687525472721	-1.4651093865439777
P3_control	1237	20343	0.0001709080129138	-1.464938478531064
P3_control	1238	243362	0.0001711581823787	-1.4647673203486853
P3_control	1239	192187	0.0001734390929425	-1.4645938812557429
P3_control	1240	19126	0.0001742564194018	-1.464419624836341
P3_control	1241	67103	0.0001774440619044	-1.4642421807744366
P3_control	1242	107449	0.0001778670370534	-1.4640643137373832
P3_control	1243	97440	0.0001831639401805	-1.4638811497972026
P3_control	1244	23836	0.0001845181597126	-1.46369663163749
P3_control	1245	106572	0.0001865400210836	-1.4635100916164063
P3_control	1246	12297	0.0001891963245004	-1.463320895291906
P3_control	1247	19263	0.0001903108433895	-1.4631305844485163
P3_control	1248	104271	0.0001946399143649	-1.4629359445341514
P3_control	1249	217410	0.0001978293350428	-1.4627381151991086
P3_control	1250	140721	0.0001982708097211	-1.4625398443893876
P3_control	1251	11352	0.0001999998345565	-1.462339844554831
P3_control	1252	16590	0.0002004696287333	-1.4621393749260978
P3_control	1253	18602	0.0002009992459912	-1.4619383756801065
P3_control	1254	105243	0.0002063214195836	-1.461732054260523
P3_control	1255	106347	0.0002069563788554	-1.4615250978816676
P3_control	1256	74013	0.0002072260591789	-1.4613178718224886
P3_control	1257	94229	0.0002081508582535	-1.4611097209642352
P3_control	1258	21942	0.0002102565058788	-1.4608994644583564
P3_control	1259	29859	0.0002103859921578	-1.4606890784661986
P3_control	1260	74100	0.0002127506303838	-1.4604763278358148
P3_control	1261	54420	0.0002141357218606	-1.4602621921139542
P3_control	1262	26415	0.0002172198332682	-1.460044972280686
P3_control	1263	67425	0.0002192070679168	-1.4598257652127693
P3_control	1264	57340	0.0002194975564111	-1.4596062676563581
P3_control	1265	226098	0.0002233852665302	-1.459382882389828
P3_control	1266	546134	0.0002248640655286	-1.4591580183242994
P3_control	1267	319613	0.000224973310934	-1.4589330450133653
P3_control	1268	140580	0.0002272996173837	-1.4587057453959815
P3_control	1269	18227	0.0002273631119488	-1.4584783822840328
P3_control	1270	70454	0.0002291052038882	-1.4582492770801445
P3_control	1271	71766	0.0002306383742184	-1.4580186387059262
P3_control	1272	76261	0.0002354285282061	-1.4577832101777202
P3_control	1273	80909	0.0002365122274457	-1.4575466979502745
P3_control	1274	12287	0.000237071296741	-1.4573096266535335
P3_control	1275	70951	0.000239447269749	-1.4570701793837846
P3_control	1276	235134	0.0002416264285295	-1.4568285529552552
P3_control	1277	67422	0.000243248424214	-1.456585304531041
P3_control	1278	68728	0.0002432541833064	-1.4563420503477347
P3_control	1279	20912	0.0002466961971193	-1.4560953541506154
P3_control	1280	16403	0.0002477398837496	-1.4558476142668657
P3_control	1281	69129	0.0002487443108947	-1.455598869955971
P3_control	1282	12823	0.0002492300440995	-1.4553496399118715
P3_control	1283	225358	0.0002517990523169	-1.4550978408595545
P3_control	1284	17433	0.0002522338773767	-1.4548456069821778
P3_control	1285	140792	0.0002523997780136	-1.4545932072041643
P3_control	1286	17756	0.0002595034226131	-1.4543337037815511
P3_control	1287	76441	0.0002606616583716	-1.4540730421231796
P3_control	1288	268780	0.0002622761078739	-1.4538107660153057
P3_control	1289	13506	0.0002639119085275	-1.4535468541067782
P3_control	1290	23792	0.0002689763836569	-1.4532778777231212
P3_control	1291	14221	0.0002700319721899	-1.4530078457509312
P3_control	1292	20449	0.0002715580961651	-1.452736287654766
P3_control	1293	246707	0.0002729746060238	-1.4524633130487423
P3_control	1294	330671	0.0002795505500627	-1.4521837624986795
P3_control	1295	235402	0.0002846036943079	-1.4518991588043717
P3_control	1296	18476	0.0002862344598332	-1.4516129243445386
P3_control	1297	216350	0.0002907625478632	-1.4513221617966754
P3_control	1298	208518	0.0002927080428443	-1.451029453753831
P3_control	1299	67238	0.0002965929626924	-1.4507328607911387
P3_control	1300	74901	0.0003056519980505	-1.4504272087930883
P3_control	1301	330890	0.0003096360798678	-1.4501175727132205
P3_control	1302	105439	0.0003099022359336	-1.4498076704772869
P3_control	1303	328381	0.000312443935894	-1.449495226541393
P3_control	1304	20430	0.0003125039591537	-1.4491827225822393
P3_control	1305	19881	0.0003136087162627	-1.4488691138659766
P3_control	1306	70676	0.0003159885390068	-1.44855312532697
P3_control	1307	19338	0.0003161156444281	-1.4482370096825419
P3_control	1308	99010	0.0003267250010293	-1.4479102846815126
P3_control	1309	94091	0.0003272838374181	-1.4475830008440944
P3_control	1310	228482	0.0003277331429676	-1.4472552677011268
P3_control	1311	83921	0.0003296145627174	-1.4469256531384094
P3_control	1312	107587	0.000333117288037	-1.4465925358503724
P3_control	1313	73379	0.0003352434780491	-1.4462572923723234
P3_control	1314	12140	0.0003358514990129	-1.4459214408733105
P3_control	1315	12333	0.0003371377121331	-1.4455843031611775
P3_control	1316	11496	0.0003449589218569	-1.4452393442393205
P3_control	1317	13106	0.0003466836267535	-1.444892660612567
P3_control	1318	77593	0.0003486862951897	-1.4445439743173771
P3_control	1319	211484	0.0003511118690453	-1.4441928624483318
P3_control	1320	245684	0.0003517687519189	-1.4438410936964128
P3_control	1321	217203	0.0003567014450547	-1.443484392251358
P3_control	1322	109620	0.0003572945476323	-1.4431270977037258
P3_control	1323	20778	0.0003605013620702	-1.4427665963416556
P3_control	1324	14760	0.0003606481790413	-1.4424059481626144
P3_control	1325	347722	0.0003624852176952	-1.4420434629449193
P3_control	1326	60363	0.000363652455649	-1.4416798104892703
P3_control	1327	226777	0.0003646855516225	-1.441315124937648
P3_control	1328	192976	0.0003691260206396	-1.4409459989170084
P3_control	1329	75668	0.0003695446020081	-1.4405764543150004
P3_control	1330	12827	0.0003710312654755	-1.440205423049525
P3_control	1331	330286	0.0003730148886934	-1.4398324081608316
P3_control	1332	192192	0.0003735503472355	-1.439458857813596
P3_control	1333	11593	0.0003776960577051	-1.439081161755891
P3_control	1334	19099	0.0003841247998128	-1.438697036956078
P3_control	1335	68642	0.0003847235087375	-1.4383123134473406
P3_control	1336	13869	0.0003853445687383	-1.4379269688786023
P3_control	1337	11480	0.0003854842753883	-1.437541484603214
P3_control	1338	80976	0.0003869961641593	-1.4371544884390546
P3_control	1339	19246	0.0003895710885073	-1.4367649173505472
P3_control	1340	18510	0.0003902050336654	-1.4363747123168817
P3_control	1341	93838	0.0003904899155044	-1.4359842224013772
P3_control	1342	21847	0.0003943233421597	-1.4355898990592175
P3_control	1343	207259	0.0004079556697057	-1.4351819433895119
P3_control	1344	74490	0.0004124239225063	-1.4347695194670056
P3_control	1345	53619	0.0004136720642276	-1.434355847402778
P3_control	1346	72774	0.000422308765432	-1.433933538637346
P3_control	1347	22223	0.0004225148972443	-1.4335110237401016
P3_control	1348	11459	0.0004297841336739	-1.4330812396064276
P3_control	1349	52589	0.0004344098341903	-1.4326468297722372
P3_control	1350	50874	0.0004344113442699	-1.4322124184279674
P3_control	1351	104816	0.0004377694320423	-1.431774648995925
P3_control	1352	228785	0.0004379519886047	-1.4313366970073205
P3_control	1353	107227	0.0004381511981846	-1.430898545809136
P3_control	1354	50500	0.0004384132655029	-1.430460132543633
P3_control	1355	73075	0.0004410315718609	-1.4300191009717722
P3_control	1356	56513	0.0004544734032716	-1.4295646275685006
P3_control	1357	239273	0.0004557257780022	-1.4291089017904983
P3_control	1358	76025	0.0004580013088901	-1.4286509004816081
P3_control	1359	14605	0.0004586200227595	-1.4281922804588487
P3_control	1360	228730	0.0004599998371894	-1.4277322806216592
P3_control	1361	223646	0.0004621087012722	-1.427270171920387
P3_control	1362	29857	0.000462122355343	-1.4268080495650441
P3_control	1363	13175	0.0004645477068479	-1.4263435018581962
P3_control	1364	216850	0.0004655985264698	-1.4258779033317264
P3_control	1365	11733	0.0004682277007219	-1.4254096756310044
P3_control	1366	434130	0.0004694456852889	-1.4249402299457155
P3_control	1367	72948	0.000474143255443	-1.4244660866902725
P3_control	1368	20475	0.0004758951629379	-1.4239901915273345
P3_control	1369	67138	0.0004791043162776	-1.423511087211057
P3_control	1370	106869	0.0004831086921603	-1.4230279785188966
P3_control	1371	240087	0.0004917129934424	-1.4225362655254543
P3_control	1372	353502	0.0004936563059132	-1.422042609219541
P3_control	1373	320100	0.0004965363083629	-1.4215460729111782
P3_control	1374	67800	0.0004975077426919	-1.4210485651684863
P3_control	1375	192232	0.0005003143142596	-1.4205482508542266
P3_control	1376	77056	0.0005008250638769	-1.4200474257903497
P3_control	1377	217946	0.0005038233827014	-1.4195436024076482
P3_control	1378	140577	0.0005136076292912	-1.4190299947783571
P3_control	1379	19153	0.000514864083647	-1.4185151306947101
P3_control	1380	72017	0.0005218348137857	-1.4179932958809245
P3_control	1381	72042	0.0005336933834303	-1.4174596024974941
P3_control	1382	57443	0.0005345386692519	-1.4169250638282422
P3_control	1383	227197	0.000535819246073	-1.4163892445821693
P3_control	1384	13195	0.0005408342080622	-1.4158484103741071
P3_control	1385	214804	0.0005411339042235	-1.4153072764698837
P3_control	1386	12190	0.0005417244286821	-1.4147655520412017
P3_control	1387	319670	0.0005488599957259	-1.4142166920454757
P3_control	1388	217082	0.0005502062520741	-1.4136664857934016
P3_control	1389	14128	0.0005535333762892	-1.4131129524171124
P3_control	1390	11364	0.0005571786014577	-1.4125557738156547
P3_control	1391	240058	0.000557940169467	-1.4119978336461876
P3_control	1392	52245	0.0005606073694172	-1.4114372262767705
P3_control	1393	22228	0.0005716865926186	-1.4108655396841518
P3_control	1394	232946	0.00059261966883	-1.410272920015322
P3_control	1395	234267	0.000604529915009	-1.4096683901003129
P3_control	1396	217262	0.0006105736881162	-1.4090578164121967
P3_control	1397	14544	0.0006138626648519	-1.4084439537473448
P3_control	1398	83429	0.0006156910485524	-1.4078282626987924
P3_control	1399	378431	0.0006157123664832	-1.4072125503323092
P3_control	1400	268527	0.0006223083421245	-1.4065902419901848
P3_control	1401	14732	0.0006240835836521	-1.4059661584065326
P3_control	1402	18230	0.0006293560350539	-1.4053368023714787
P3_control	1403	18441	0.0006388914580279	-1.4046979109134508
P3_control	1404	67703	0.0006418693024224	-1.4040560416110284
P3_control	1405	633640	0.0006419211998494	-1.403414120411179
P3_control	1406	240055	0.0006487603341244	-1.4027653600770547
P3_control	1407	12326	0.0006512561416708	-1.402114103935384
P3_control	1408	66412	0.0006589601928635	-1.4014551437425204
P3_control	1409	68082	0.0006595897607956	-1.400795553981725
P3_control	1410	72748	0.0006641228726286	-1.4001314311090964
P3_control	1411	64929	0.0006678071609299	-1.3994636239481666
P3_control	1412	17060	0.0006721795734759	-1.3987914443746907
P3_control	1413	14802	0.0006871620159258	-1.3981042823587648
P3_control	1414	75750	0.0006894425721121	-1.3974148397866528
P3_control	1415	229228	0.0006899588516069	-1.3967248809350459
P3_control	1416	71532	0.000692751689415	-1.3960321292456308
P3_control	1417	13522	0.0006964088268126	-1.3953357204188181
P3_control	1418	13841	0.0006966614423359	-1.3946390589764823
P3_control	1419	26411	0.0006988241145386	-1.3939402348619436
P3_control	1420	50997	0.0007013723641969	-1.3932388624977468
P3_control	1421	214580	0.0007013953728746	-1.3925374671248723
P3_control	1422	14276	0.0007014022051643	-1.391836064919708
P3_control	1423	84004	0.0007047771460548	-1.391131287773653
P3_control	1424	218461	0.0007076752012184	-1.3904236125724345
P3_control	1425	17389	0.0007114069691639	-1.3897122056032707
P3_control	1426	235028	0.0007152705737236	-1.388996935029547
P3_control	1427	19417	0.0007165762305132	-1.3882803587990338
P3_control	1428	56737	0.0007215503430139	-1.38755880845602
P3_control	1429	67993	0.0007257448567525	-1.3868330635992674
P3_control	1430	17300	0.0007323575188301	-1.3861007060804373
P3_control	1431	53972	0.0007416111807046	-1.3853590948997327
P3_control	1432	67059	0.0007444063174768	-1.384614688582256
P3_control	1433	208715	0.0007451618341089	-1.383869526748147
P3_control	1434	16797	0.0007621842127187	-1.383107342535428
P3_control	1435	244653	0.0007624548881346	-1.3823448876472935
P3_control	1436	20525	0.000762494012994	-1.3815823936342995
P3_control	1437	170790	0.0007655124305513	-1.3808168812037482
P3_control	1438	14763	0.000771431617957	-1.3800454495857912
P3_control	1439	84036	0.0007735541036663	-1.379271895482125
P3_control	1440	73836	0.0007760117569842	-1.3784958837251409
P3_control	1441	67976	0.0007804853402061	-1.3777153983849348
P3_control	1442	73822	0.0007837046128653	-1.3769316937720695
P3_control	1443	71876	0.0007882524163037	-1.3761434413557658
P3_control	1444	17064	0.0007978266058401	-1.3753456147499257
P3_control	1445	72776	0.0007994344544287	-1.374546180295497
P3_control	1446	268747	0.0008008528227054	-1.3737453274727915
P3_control	1447	319953	0.0008011700026778	-1.3729441574701138
P3_control	1448	13497	0.0008044390794631	-1.3721397183906507
P3_control	1449	16591	0.0008204722400324	-1.3713192461506183
P3_control	1450	65963	0.0008261727400566	-1.3704930734105616
P3_control	1451	30935	0.0008303240078384	-1.3696627494027231
P3_control	1452	74717	0.0008397672605989	-1.3688229821421243
P3_control	1453	106042	0.0008516344382971	-1.3679713477038271
P3_control	1454	67512	0.0008740520157685	-1.3670972956880587
P3_control	1455	271005	0.0008754830380036	-1.3662218126500552
P3_control	1456	68099	0.0008755151773517	-1.3653462974727035
P3_control	1457	14062	0.0008778765291841	-1.3644684209435194
P3_control	1458	19739	0.0008791118103852	-1.3635893091331341
P3_control	1459	13008	0.0008807698339644	-1.3627085392991698
P3_control	1460	11554	0.0008841086384335	-1.3618244306607363
P3_control	1461	68802	0.0008907073212563	-1.36093372333948
P3_control	1462	231125	0.0008908329313469	-1.3600428904081332
P3_control	1463	12449	0.0008968200467202	-1.359146070361413
P3_control	1464	213484	0.0009004086160899	-1.3582456617453231
P3_control	1465	380713	0.0009129786412884	-1.3573326831040347
P3_control	1466	77579	0.0009149239301865	-1.3564177591738482
P3_control	1467	17350	0.0009210003626035	-1.3554967588112448
P3_control	1468	382913	0.0009216495467228	-1.354575109264522
P3_control	1469	242702	0.000930904338637	-1.353644204925885
P3_control	1470	65970	0.0009342988722621	-1.352709906053623
P3_control	1471	13824	0.0009419600474196	-1.3517679460062033
P3_control	1472	14369	0.0009473709025766	-1.3508205751036266
P3_control	1473	23999	0.0009512059441044	-1.3498693691595223
P3_control	1474	55987	0.0009515724258564	-1.3489177967336659
P3_control	1475	18205	0.0009528540535892	-1.3479649426800766
P3_control	1476	23928	0.0009577053166366	-1.34700723736344
P3_control	1477	170725	0.0009598098168518	-1.3460474275465883
P3_control	1478	209966	0.0009636009662431	-1.3450838265803453
P3_control	1479	57746	0.0009687585602843	-1.344115068020061
P3_control	1480	15460	0.000972748863173	-1.343142319156888
P3_control	1481	19268	0.0009751488127657	-1.3421671703441225
P3_control	1482	244757	0.0009753868872969	-1.3411917834568257
P3_control	1483	27273	0.0009791863690374	-1.3402125970877883
P3_control	1484	381217	0.0009863075293568	-1.3392262895584315
P3_control	1485	320662	0.0009876484015908	-1.3382386411568408
P3_control	1486	72097	0.0009877340484956	-1.3372509071083452
P3_control	1487	67582	0.0009908347520151	-1.33626007235633
P3_control	1488	245945	0.0009909015479004	-1.3352691708084297
P3_control	1489	230904	0.0009912217349072	-1.3342779490735224
P3_control	1490	13850	0.0009932409001407	-1.3332847081733816
P3_control	1491	56264	0.0009942001938826	-1.332290507979499
P3_control	1492	320139	0.0010002782627307	-1.3312902297167684
P3_control	1493	19419	0.0010078752728953	-1.330282354443873
P3_control	1494	70574	0.001013168852329	-1.3292691855915442
P3_control	1495	14067	0.0010146628903163	-1.328254522701228
P3_control	1496	213208	0.0010156938536056	-1.3272388288476222
P3_control	1497	243755	0.0010160185262878	-1.3262228103213345
P3_control	1498	17926	0.0010266011637221	-1.3251962091576124
P3_control	1499	68070	0.0010369914802298	-1.3241592176773826
P3_control	1500	22401	0.0010531136186148	-1.323106104058768
P3_control	1501	22029	0.0010550834527057	-1.3220510206060623
P3_control	1502	16323	0.0010554990543279	-1.3209955215517344
P3_control	1503	52857	0.0010708211514692	-1.3199247004002652
P3_control	1504	16656	0.0010858453818611	-1.318838855018404
P3_control	1505	74202	0.0010930205593859	-1.317745834459018
P3_control	1506	72050	0.0010937475304239	-1.3166520869285943
P3_control	1507	18453	0.0010954439240394	-1.3155566430045549
P3_control	1508	105675	0.0010964057647127	-1.3144602372398422
P3_control	1509	67198	0.0010979342385094	-1.3133623030013328
P3_control	1510	19130	0.001097977262133	-1.3122643257392
P3_control	1511	74147	0.0010995755316548	-1.3111647502075452
P3_control	1512	75782	0.0011054351892726	-1.3100593150182727
P3_control	1513	76866	0.0011138931475966	-1.308945421870676
P3_control	1514	210573	0.001114302930024	-1.307831118940652
P3_control	1515	83671	0.0011175469566538	-1.3067135719839982
P3_control	1516	26377	0.0011186842725678	-1.3055948877114303
P3_control	1517	243277	0.0011366483455898	-1.3044582393658404
P3_control	1518	20462	0.0011368345279659	-1.3033214048378745
P3_control	1519	329278	0.0011432843853242	-1.3021781204525502
P3_control	1520	64945	0.0011481588922941	-1.301029961560256
P3_control	1521	223774	0.0011624876034169	-1.2998674739568392
P3_control	1522	67739	0.0011731899389391	-1.2986942840179
P3_control	1523	74091	0.0011796220623668	-1.2975146619555333
P3_control	1524	110075	0.0011851408503715	-1.2963295211051618
P3_control	1525	242523	0.001188459810764	-1.2951410612943977
P3_control	1526	12348	0.0011935503971972	-1.2939475108972005
P3_control	1527	13710	0.0011979054653699	-1.2927496054318306
P3_control	1528	54123	0.0011979751251521	-1.2915516303066785
P3_control	1529	12286	0.0011991955914732	-1.2903524347152053
P3_control	1530	384214	0.0012046541674456	-1.2891477805477598
P3_control	1531	226255	0.0012095153002596	-1.2879382652475002
P3_control	1532	54195	0.0012179491935854	-1.286720316053915
P3_control	1533	14026	0.0012265922182842	-1.2854937238356308
P3_control	1534	243983	0.0012382297173894	-1.2842554941182414
P3_control	1535	18526	0.0012410937354109	-1.2830144003828305
P3_control	1536	27419	0.0012468235151009	-1.2817675768677297
P3_control	1537	67211	0.0012638960519374	-1.2805036808157924
P3_control	1538	240354	0.001265702856236	-1.2792379779595564
P3_control	1539	78558	0.0012688395600375	-1.2779691383995189
P3_control	1540	15894	0.0012757235051215	-1.2766934148943974
P3_control	1541	18150	0.0012802633376045	-1.2754131515567928
P3_control	1542	22249	0.0012809427201876	-1.2741322088366052
P3_control	1543	16764	0.001291968141051	-1.2728402406955541
P3_control	1544	193838	0.0013010804168686	-1.2715391602786856
P3_control	1545	78977	0.00131011323073	-1.2702290470479556
P3_control	1546	56523	0.0013114419392914	-1.2689176051086641
P3_control	1547	56017	0.0013221328034045	-1.2675954723052596
P3_control	1548	73825	0.0013326683574907	-1.2662628039477688
P3_control	1549	108098	0.0013334817420001	-1.2649293222057687
P3_control	1550	72778	0.0013358007412206	-1.2635935214645482
P3_control	1551	20393	0.0013358847338132	-1.262257636730735
P3_control	1552	114606	0.0013403794626977	-1.2609172572680374
P3_control	1553	68799	0.0013466262260313	-1.259570631042006
P3_control	1554	14612	0.0013476150793214	-1.2582230159626846
P3_control	1555	71820	0.0013587933135907	-1.2568642226490938
P3_control	1556	239743	0.0013825920340698	-1.255481630615024
P3_control	1557	23959	0.0013906867395601	-1.254090943875464
P3_control	1558	330189	0.0013962610271644	-1.2526946828482994
P3_control	1559	235472	0.0013976084448599	-1.2512970744034395
P3_control	1560	108147	0.0013988788217968	-1.2498981955816426
P3_control	1561	16598	0.0014054401891607	-1.2484927553924818
P3_control	1562	272347	0.0014170178356612	-1.2470757375568207
P3_control	1563	67295	0.0014185581494424	-1.2456571794073783
P3_control	1564	17883	0.0014222177466717	-1.2442349616607067
P3_control	1565	269774	0.0014259032978099	-1.2428090583628968
P3_control	1566	245595	0.0014303291323257	-1.2413787292305711
P3_control	1567	50934	0.001431531137116	-1.239947198093455
P3_control	1568	66999	0.0014337037801553	-1.2385134943132998
P3_control	1569	67819	0.0014406475981361	-1.2370728467151637
P3_control	1570	271711	0.0014538724637651	-1.2356189742513985
P3_control	1571	18595	0.0014556507989004	-1.2341633234524982
P3_control	1572	170835	0.0014560045070018	-1.2327073189454965
P3_control	1573	279561	0.0014565511314985	-1.231250767813998
P3_control	1574	78619	0.0014642753750863	-1.2297864924389117
P3_control	1575	208768	0.0014740146137801	-1.2283124778251315
P3_control	1576	20104	0.0014835009082694	-1.226828976916862
P3_control	1577	83433	0.001483564420855	-1.225345412496007
P3_control	1578	14761	0.0014860106597101	-1.223859401836297
P3_control	1579	319504	0.0014863544971452	-1.2223730473391516
P3_control	1580	81006	0.0014890103496982	-1.2208840369894534
P3_control	1581	229599	0.0014939159125354	-1.219390121076918
P3_control	1582	14050	0.0014982120287514	-1.2178919090481666
P3_control	1583	67480	0.0015014465733397	-1.216390462474827
P3_control	1584	105727	0.0015197124472111	-1.214870750027616
P3_control	1585	13618	0.0015242263565508	-1.2133465236710652
P3_control	1586	70008	0.0015296874062849	-1.2118168362647803
P3_control	1587	244550	0.0015315499122331	-1.2102852863525473
P3_control	1588	14735	0.0015322820498514	-1.208753004302696
P3_control	1589	207792	0.0015371747587254	-1.2072158295439706
P3_control	1590	93840	0.0015377335601046	-1.205678095983866
P3_control	1591	104445	0.0015507328517239	-1.204127363132142
P3_control	1592	231470	0.0015547825133293	-1.2025725806188128
P3_control	1593	18563	0.0015555337811605	-1.2010170468376522
P3_control	1594	11489	0.0015557330061774	-1.1994613138314747
P3_control	1595	320495	0.001575075674397	-1.1978862381570776
P3_control	1596	214137	0.0015775748477038	-1.1963086633093738
P3_control	1597	241226	0.0015803375242733	-1.1947283257851005
P3_control	1598	227327	0.001584145277047	-1.1931441805080534
P3_control	1599	17873	0.0016110279150727	-1.1915331525929806
P3_control	1600	64297	0.0016134908062727	-1.189919661786708
P3_control	1601	627049	0.0016148138190009	-1.1883048479677072
P3_control	1602	71998	0.0016159788427871	-1.18668886912492
P3_control	1603	28146	0.0016288125170654	-1.1850600566078546
P3_control	1604	13681	0.0016358045767713	-1.1834242520310834
P3_control	1605	84035	0.0016729742123511	-1.1817512778187322
P3_control	1606	27762	0.0016768888588297	-1.1800743889599026
P3_control	1607	194309	0.0017030789451309	-1.1783713100147717
P3_control	1608	232976	0.0017066847553398	-1.176664625259432
P3_control	1609	67865	0.0017100897396475	-1.1749545355197843
P3_control	1610	12903	0.0017114274743261	-1.1732431080454582
P3_control	1611	22779	0.0017209455041471	-1.171522162541311
P3_control	1612	74241	0.0017268708149628	-1.1697952917263483
P3_control	1613	22381	0.0017450150975659	-1.1680502766287824
P3_control	1614	11720	0.0017495018401518	-1.1663007747886305
P3_control	1615	60594	0.0017522460459702	-1.1645485287426602
P3_control	1616	319634	0.0017535935996396	-1.1627949351430207
P3_control	1617	22021	0.001767210007744	-1.1610277251352767
P3_control	1618	20536	0.0017898904129738	-1.159237834722303
P3_control	1619	12822	0.001792992371854	-1.1574448423504489
P3_control	1620	11568	0.0017938858715603	-1.1556509564788886
P3_control	1621	16531	0.0018040051352537	-1.153846951343635
P3_control	1622	16162	0.0018143188966381	-1.1520326324469967
P3_control	1623	22116	0.0018247016181904	-1.1502079308288062
P3_control	1624	629499	0.001825993596879	-1.1483819372319273
P3_control	1625	12323	0.0018326433343111	-1.1465492938976163
P3_control	1626	381175	0.0018402282761861	-1.1447090656214303
P3_control	1627	234857	0.0018615408510745	-1.1428475247703558
P3_control	1628	232560	0.0018642378147218	-1.140983286955634
P3_control	1629	211949	0.0018660190006544	-1.1391172679549797
P3_control	1630	12322	0.0018770077062522	-1.1372402602487275
P3_control	1631	269643	0.001878148954659	-1.1353621112940684
P3_control	1632	72349	0.0018793136426892	-1.1334827976513793
P3_control	1633	72607	0.00189071720709	-1.1315920804442892
P3_control	1634	24131	0.0019025714000322	-1.129689509044257
P3_control	1635	237211	0.001909018039246	-1.1277804910050109
P3_control	1636	30794	0.0019127158282241	-1.1258677751767867
P3_control	1637	215798	0.0019347503976422	-1.1239330247791446
P3_control	1638	12166	0.0019402511158534	-1.121992773663291
P3_control	1639	54326	0.0019418437547586	-1.1200509299085324
P3_control	1640	26912	0.001942134087361	-1.1181087958211713
P3_control	1641	320508	0.0019521075435285	-1.1161566882776428
P3_control	1642	12483	0.0019666687601614	-1.1141900195174814
P3_control	1643	15902	0.0019755503542545	-1.112214469163227
P3_control	1644	11601	0.0019906672605024	-1.1102238019027246
P3_control	1645	102124	0.0020005716349869	-1.1082232302677377
P3_control	1646	55963	0.002001920583959	-1.1062213096837787
P3_control	1647	225997	0.0020407882087562	-1.1041805214750224
P3_control	1648	19703	0.0020460415368968	-1.1021344799381256
P3_control	1649	20533	0.0020509197538004	-1.1000835601843253
P3_control	1650	209558	0.002052386630874	-1.0980311735534514
P3_control	1651	625249	0.0020563240511406	-1.0959748495023107
P3_control	1652	116939	0.0020759481473495	-1.0938989013549612
P3_control	1653	21825	0.0020797991468938	-1.0918191022080674
P3_control	1654	12062	0.0020946041254697	-1.0897244980825977
P3_control	1655	17390	0.0021007885187999	-1.087623709563798
P3_control	1656	109594	0.0021106596663501	-1.085513049897448
P3_control	1657	116837	0.002111301809043	-1.0834017480884048
P3_control	1658	232370	0.0021203002129256	-1.0812814478754793
P3_control	1659	54366	0.0021335281345945	-1.0791479197408849
P3_control	1660	23882	0.0021364050957519	-1.077011514645133
P3_control	1661	56316	0.0021592044699098	-1.0748523101752232
P3_control	1662	18415	0.0021726134985633	-1.0726796966766599
P3_control	1663	230514	0.002176979846723	-1.0705027168299368
P3_control	1664	232441	0.0021847945335978	-1.068317922296339
P3_control	1665	14919	0.0021852740176967	-1.0661326482786424
P3_control	1666	108089	0.0021901070706786	-1.0639425412079637
P3_control	1667	12477	0.0022562889668318	-1.061686252241132
P3_control	1668	209584	0.0022679722268562	-1.0594182800142757
P3_control	1669	71609	0.0023215281825683	-1.0570967518317074
P3_control	1670	18951	0.0023532751143228	-1.0547434767173847
P3_control	1671	20288	0.0023615793385494	-1.0523818973788353
P3_control	1672	170721	0.0023624447035487	-1.0500194526752866
P3_control	1673	50784	0.0024108318443019	-1.0476086208309847
P3_control	1674	268297	0.0024150395875683	-1.0451935812434163
P3_control	1675	13139	0.0024173223871758	-1.0427762588562406
P3_control	1676	116847	0.0024337952005334	-1.0403424636557073
P3_control	1677	228576	0.0024371845499481	-1.0379052791057592
P3_control	1678	56508	0.0024682432546807	-1.0354370358510785
P3_control	1679	19342	0.0024683070937424	-1.0329687287573361
P3_control	1680	56213	0.0024700466417699	-1.0304986821155662
P3_control	1681	217558	0.0024723059292016	-1.0280263761863646
P3_control	1682	18212	0.0024890687514443	-1.0255373074349203
P3_control	1683	13603	0.0024897092146202	-1.0230475982203002
P3_control	1684	171285	0.0025147095536905	-1.0205328886666096
P3_control	1685	56720	0.0025284774176582	-1.0180044112489515
P3_control	1686	12038	0.0025553971994789	-1.0154490140494725
P3_control	1687	17219	0.0025556717191831	-1.0128933423302895
P3_control	1688	330812	0.0025651140345546	-1.0103282282957349
P3_control	1689	194388	0.0025748370975101	-1.0077533911982248
P3_control	1690	12519	0.0025822462030782	-1.0051711449951466
P3_control	1691	13074	0.0026004333086831	-1.0025707116864635
P3_control	1692	18816	0.0026146984023401	-0.9999560132841234
P3_control	1693	66083	0.002639802599371	-0.9973162106847524
P3_control	1694	13838	0.0026424603446631	-0.9946737503400893
P3_control	1695	237611	0.002658435116668	-0.9920153152234213
P3_control	1696	22695	0.0026891088725908	-0.9893262063508306
P3_control	1697	171180	0.0026939515637829	-0.9866322547870476
P3_control	1698	14696	0.002722253348128	-0.9839100014389196
P3_control	1699	26922	0.0027314050711289	-0.9811785963677907
P3_control	1700	75345	0.0027835650634203	-0.9783950313043704
P3_control	1701	20540	0.0027839688448914	-0.975611062459479
P3_control	1702	19245	0.0028009552074266	-0.9728101072520524
P3_control	1703	17260	0.0028162066332869	-0.9699939006187656
P3_control	1704	52588	0.0028179493320867	-0.9671759512866789
P3_control	1705	229003	0.0028550564201454	-0.9643208948665335
P3_control	1706	71803	0.0028554817400692	-0.9614654131264643
P3_control	1707	66336	0.0028555620860838	-0.9586098510403804
P3_control	1708	384061	0.002879232265771	-0.9557306187746094
P3_control	1709	74166	0.0029112827320325	-0.952819336042577
P3_control	1710	64705	0.0029188918351044	-0.9499004442074725
P3_control	1711	64817	0.0029204399805855	-0.946980004226887
P3_control	1712	207521	0.0029804404475111	-0.9439995637793759
P3_control	1713	18750	0.0030394982520394	-0.9409600655273365
P3_control	1714	246048	0.0030397016882647	-0.9379203638390717
P3_control	1715	74387	0.0030416898394435	-0.9348786739996282
P3_control	1716	57265	0.0030481029665431	-0.9318305710330851
P3_control	1717	240518	0.0030528374376428	-0.9287777335954422
P3_control	1718	18162	0.0030845278373332	-0.9256932057581091
P3_control	1719	16467	0.003128671951504	-0.9225645338066051
P3_control	1720	16826	0.0031409680876322	-0.9194235657189729
P3_control	1721	231760	0.0032225188590312	-0.9162010468599416
P3_control	1722	110784	0.0032382558386939	-0.9129627910212478
P3_control	1723	74589	0.0032474406636847	-0.9097153503575631
P3_control	1724	11307	0.0032912220537752	-0.9064241283037879
P3_control	1725	78284	0.0033260250804367	-0.9030981032233513
P3_control	1726	17117	0.0033364304424873	-0.8997616727808639
P3_control	1727	19736	0.0033437732255025	-0.8964178995553614
P3_control	1728	170483	0.003388996247708	-0.8930289033076534
P3_control	1729	16400	0.0033937430158625	-0.8896351602917909
P3_control	1730	18985	0.0034230980358523	-0.8862120622559386
P3_control	1731	71699	0.0034277132012694	-0.8827843490546692
P3_control	1732	59288	0.0034661812871268	-0.8793181677675423
P3_control	1733	58198	0.0034735927299698	-0.8758445750375725
P3_control	1734	14119	0.0034762970191174	-0.8723682780184551
P3_control	1735	67369	0.003483233243896	-0.8688850447745591
P3_control	1736	19696	0.0035460992780182	-0.8653389454965409
P3_control	1737	53791	0.0035515739212164	-0.8617873715753245
P3_control	1738	23871	0.0035730222984492	-0.8582143492768752
P3_control	1739	19700	0.0036369928333674	-0.8545773564435079
P3_control	1740	67963	0.0036790338657182	-0.8508983225777896
P3_control	1741	18294	0.0037353143444554	-0.8471630082333342
P3_control	1742	68801	0.0037582705926536	-0.8434047376406807
P3_control	1743	67374	0.0037806916505401	-0.8396240459901406
P3_control	1744	16170	0.0037972082916734	-0.8358268376984672
P3_control	1745	217935	0.0038109152273643	-0.8320159224711029
P3_control	1746	22342	0.0038497735448883	-0.8281661489262147
P3_control	1747	12702	0.0038762777388021	-0.8242898711874126
P3_control	1748	56399	0.0038991136967226	-0.82039075749069
P3_control	1749	231207	0.0038996171045584	-0.8164911403861316
P3_control	1750	17342	0.0039083492089167	-0.8125827911772149
P3_control	1751	269019	0.0039275183628815	-0.8086552728143334
P3_control	1752	242505	0.0039439996038677	-0.8047112732104656
P3_control	1753	242202	0.0040108480298526	-0.800700425180613
P3_control	1754	320560	0.0040451252657645	-0.7966552999148485
P3_control	1755	66279	0.0040813893427119	-0.7925739105721367
P3_control	1756	22234	0.0040873259977419	-0.7884865845743948
P3_control	1757	100048534	0.0041401790267469	-0.7843464055476479
P3_control	1758	229658	0.0041599214336263	-0.7801864841140216
P3_control	1759	76491	0.0041813717841477	-0.7760051123298739
P3_control	1760	110521	0.0042289129066466	-0.7717761994232273
P3_control	1761	229699	0.0042622022940692	-0.7675139971291581
P3_control	1762	56527	0.0044098057216689	-0.7631041914074892
P3_control	1763	227674	0.0044286725609548	-0.7586755188465344
P3_control	1764	109245	0.0044627353722048	-0.7542127834743296
P3_control	1765	74194	0.0044890536519679	-0.7497237298223617
P3_control	1766	72003	0.0044964208429438	-0.7452273089794179
P3_control	1767	242860	0.0044977653665702	-0.7407295436128477
P3_control	1768	104458	0.0045583179016031	-0.7361712257112446
P3_control	1769	209212	0.0045963910363902	-0.7315748346748544
P3_control	1770	66464	0.0046368934156747	-0.7269379412591797
P3_control	1771	15273	0.0046445515445541	-0.7222933897146255
P3_control	1772	72690	0.0046764458109252	-0.7176169439037003
P3_control	1773	76459	0.0047121530742386	-0.7129047908294618
P3_control	1774	240638	0.0047295443561764	-0.7081752464732853
P3_control	1775	12575	0.0047655262198246	-0.7034097202534607
P3_control	1776	53604	0.0048409056982035	-0.6985688145552572
P3_control	1777	246104	0.0048691549168827	-0.6936996596383745
P3_control	1778	338362	0.0048816566969509	-0.6888180029414236
P3_control	1779	50766	0.0049295985898163	-0.6838884043516072
P3_control	1780	68259	0.0049529622979669	-0.6789354420536403
P3_control	1781	71911	0.0049595652060258	-0.6739758768476145
P3_control	1782	58998	0.0049877089846627	-0.6689881678629518
P3_control	1783	20377	0.0050069604007754	-0.6639812074621764
P3_control	1784	231712	0.0050636725668269	-0.6589175348953494
P3_control	1785	77577	0.0052015307319346	-0.6537160041634148
P3_control	1786	58176	0.0053419363462458	-0.648374067817169
P3_control	1787	78749	0.0055339718078796	-0.6428400960092894
P3_control	1788	94185	0.0056385151474254	-0.637201580861864
P3_control	1789	76142	0.0056883158499928	-0.6315132650118711
P3_control	1790	66269	0.0059128993145278	-0.6256003656973433
P3_control	1791	208154	0.0059250533725147	-0.6196753123248286
P3_control	1792	16891	0.0059339585611029	-0.6137413537637257
P3_control	1793	72002	0.0060532231157463	-0.6076881306479794
P3_control	1794	58180	0.006131385900188	-0.6015567447477914
P3_control	1795	18762	0.0062050889014674	-0.595351655846324
P3_control	1796	67848	0.0062311443292416	-0.5891205115170823
P3_control	1797	17880	0.0062639066214366	-0.5828566048956457
P3_control	1798	109294	0.0063224206584114	-0.5765341842372343
P3_control	1799	26903	0.0063312866259408	-0.5702028976112935
P3_control	1800	230784	0.0063365550037079	-0.5638663426075856
P3_control	1801	319655	0.0063957257254738	-0.5574706168821119
P3_control	1802	12818	0.0068733427188254	-0.5505972741632864
P3_control	1803	71835	0.0069425758306552	-0.5436546983326312
P3_control	1804	16456	0.0070261470529226	-0.5366285512797087
P3_control	1805	17436	0.0071469599008943	-0.5294815913788143
P3_control	1806	320438	0.0073074138108652	-0.5221741775679491
P3_control	1807	29862	0.0073076780769308	-0.5148664994910184
P3_control	1808	94088	0.0074684881687708	-0.5073980113222476
P3_control	1809	12826	0.0075083678027961	-0.4998896435194515
P3_control	1810	208795	0.0075770005333998	-0.49231264298605165
P3_control	1811	18585	0.0076571456659735	-0.4846554973200782
P3_control	1812	217154	0.0077393238850513	-0.4769161734350269
P3_control	1813	66548	0.0082290607556586	-0.4686871126793683
P3_control	1814	15212	0.0084342838257265	-0.4602528288536418
P3_control	1815	16008	0.0087061495229874	-0.4515466793306544
P3_control	1816	381157	0.0087745124497419	-0.4427721668809125
P3_control	1817	16842	0.008883923359075	-0.43388824352183747
P3_control	1818	12512	0.0089592246697029	-0.4249290188521346
P3_control	1819	319974	0.0092477449277441	-0.41568127392439047
P3_control	1820	214901	0.0092580976531797	-0.4064231762712108
P3_control	1821	29856	0.0093071302736842	-0.3971160459975266
P3_control	1822	71310	0.0094651657018291	-0.3876508802956975
P3_control	1823	230379	0.0096963486681674	-0.3779545316275301
P3_control	1824	245527	0.0099169748315769	-0.36803755679595324
P3_control	1825	27528	0.0100287927496139	-0.35800876404633936
P3_control	1826	11689	0.0101121460245954	-0.34789661802174393
P3_control	1827	16149	0.0103523451156322	-0.3375442729061117
P3_control	1828	215632	0.0103859126074732	-0.32715836029863854
P3_control	1829	12568	0.0103968768113644	-0.3167614834872741
P3_control	1830	14115	0.0109132424152589	-0.30584824107201525
P3_control	1831	12398	0.0114424855748502	-0.294405755497165
P3_control	1832	64918	0.0114834142470116	-0.2829223412501534
P3_control	1833	15277	0.0115438759816523	-0.2713784652685011
P3_control	1834	238271	0.0117674842365769	-0.2596109810319242
P3_control	1835	100019	0.0129639065626514	-0.2466470744692728
P3_control	1836	53422	0.0144979329203014	-0.2321491415489714
P3_control	1837	23805	0.0166398706555092	-0.2155092708934622
P3_control	1838	68603	0.0167202823792792	-0.198788988514183
P3_control	1839	13011	0.0273528240837445	-0.1714361644304385
P3_Brg1_matKO	1	16601	-0.023050318545831	-0.023050318545831
P3_Brg1_matKO	2	106564	-0.0184971262320425	-0.0415474447778735
P3_Brg1_matKO	3	11932	-0.0183565869205358	-0.0599040316984093
P3_Brg1_matKO	4	100515	-0.0136690591287385	-0.0735730908271478
P3_Brg1_matKO	5	84095	-0.0132883381288194	-0.0868614289559672
P3_Brg1_matKO	6	110784	-0.0123182733344766	-0.0991797022904438
P3_Brg1_matKO	7	93689	-0.0118369074462848	-0.1110166097367286
P3_Brg1_matKO	8	226830	-0.0117529808418292	-0.1227695905785578
P3_Brg1_matKO	9	27060	-0.0117394966187317	-0.1345090871972895
P3_Brg1_matKO	10	269615	-0.0115664494315857	-0.14607553662887518
P3_Brg1_matKO	11	14114	-0.011558543202003	-0.15763407983087818
P3_Brg1_matKO	12	71461	-0.0109838039074888	-0.16861788373836697
P3_Brg1_matKO	13	100502698	-0.0109518953265212	-0.17956977906488816
P3_Brg1_matKO	14	242466	-0.0103789085573238	-0.18994868762221195
P3_Brg1_matKO	15	77609	-0.0102871619477676	-0.20023584956997956
P3_Brg1_matKO	16	19173	-0.0100471005149964	-0.21028295008497597
P3_Brg1_matKO	17	74513	-0.0088269606864861	-0.21910991077146208
P3_Brg1_matKO	18	227656	-0.0086870914152832	-0.22779700218674528
P3_Brg1_matKO	19	93695	-0.0079406966179796	-0.2357376988047249
P3_Brg1_matKO	20	15505	-0.0078023291512662	-0.24354002795599108
P3_Brg1_matKO	21	140742	-0.0076739497434301	-0.25121397769942116
P3_Brg1_matKO	22	105193	-0.0076091355556542	-0.25882311325507534
P3_Brg1_matKO	23	27276	-0.0074776807700456	-0.26630079402512097
P3_Brg1_matKO	24	54561	-0.0073439110904192	-0.2736447051155402
P3_Brg1_matKO	25	381101	-0.0071488240928456	-0.2807935292083858
P3_Brg1_matKO	26	330171	-0.007088705289364	-0.2878822344977498
P3_Brg1_matKO	27	72825	-0.0068135025991048	-0.2946957370968546
P3_Brg1_matKO	28	69215	-0.0067829246663886	-0.30147866176324317
P3_Brg1_matKO	29	11363	-0.006731838628022	-0.3082105003912652
P3_Brg1_matKO	30	68039	-0.0066846089961077	-0.31489510938737286
P3_Brg1_matKO	31	71913	-0.0066145252471861	-0.32150963463455895
P3_Brg1_matKO	32	16450	-0.0065886827987859	-0.32809831743334483
P3_Brg1_matKO	33	16997	-0.0064768980044677	-0.33457521543781255
P3_Brg1_matKO	34	15114	-0.0062469731141767	-0.34082218855198926
P3_Brg1_matKO	35	77630	-0.0061595047174912	-0.3469816932694805
P3_Brg1_matKO	36	15507	-0.0060756772335388	-0.3530573705030193
P3_Brg1_matKO	37	64660	-0.0060476570992525	-0.35910502760227175
P3_Brg1_matKO	38	12023	-0.0060151315120144	-0.36512015911428614
P3_Brg1_matKO	39	20343	-0.006005709916471	-0.3711258690307571
P3_Brg1_matKO	40	13602	-0.0059956924999231	-0.3771215615306802
P3_Brg1_matKO	41	224008	-0.0059584353561819	-0.3830799968868621
P3_Brg1_matKO	42	13685	-0.0059305307034622	-0.38901052759032434
P3_Brg1_matKO	43	20564	-0.0059191402366679	-0.39492966782699224
P3_Brg1_matKO	44	20229	-0.0059140072341295	-0.40084367506112173
P3_Brg1_matKO	45	74186	-0.0058061106001033	-0.406649785661225
P3_Brg1_matKO	46	11815	-0.0057301920772081	-0.4123799777384331
P3_Brg1_matKO	47	54598	-0.0057150813212944	-0.4180950590597275
P3_Brg1_matKO	48	30059	-0.0056916677533608	-0.42378672681308827
P3_Brg1_matKO	49	67669	-0.0056622558937535	-0.4294489827068418
P3_Brg1_matKO	50	101502	-0.005645022948634	-0.4350940056554758
P3_Brg1_matKO	51	76267	-0.0056042447514348	-0.4406982504069106
P3_Brg1_matKO	52	15284	-0.0055947774913532	-0.44629302789826375
P3_Brg1_matKO	53	14580	-0.0054369220575963	-0.4517299499558601
P3_Brg1_matKO	54	18976	-0.005368234311407	-0.45709818426726706
P3_Brg1_matKO	55	75695	-0.0053163191442286	-0.46241450341149565
P3_Brg1_matKO	56	68458	-0.0052559978324045	-0.46767050124390014
P3_Brg1_matKO	57	20371	-0.005244655774394	-0.4729151570182941
P3_Brg1_matKO	58	212547	-0.0052043127073739	-0.47811946972566804
P3_Brg1_matKO	59	170799	-0.005132016473798	-0.48325148619946606
P3_Brg1_matKO	60	66169	-0.0050644297366403	-0.48831591593610635
P3_Brg1_matKO	61	12062	-0.0048909617241964	-0.49320687766030274
P3_Brg1_matKO	62	108811	-0.004874990547795	-0.49808186820809774
P3_Brg1_matKO	63	67728	-0.004798307695172	-0.5028801759032697
P3_Brg1_matKO	64	66522	-0.0047847871297945	-0.5076649630330642
P3_Brg1_matKO	65	12824	-0.0047254589496047	-0.5123904219826689
P3_Brg1_matKO	66	228852	-0.0046619622203701	-0.517052384203039
P3_Brg1_matKO	67	22403	-0.004601967219917	-0.521654351422956
P3_Brg1_matKO	68	74770	-0.0044811860809901	-0.5261355375039461
P3_Brg1_matKO	69	72486	-0.0044698339396035	-0.5306053714435497
P3_Brg1_matKO	70	66614	-0.0044251030991288	-0.5350304745426785
P3_Brg1_matKO	71	17260	-0.004377945489476	-0.5394084200321545
P3_Brg1_matKO	72	102774	-0.0043027340342112	-0.5437111540663657
P3_Brg1_matKO	73	13032	-0.004294781821779	-0.5480059358881447
P3_Brg1_matKO	74	15559	-0.0042883596454956	-0.5522942955336403
P3_Brg1_matKO	75	16570	-0.0042618690332097	-0.55655616456685
P3_Brg1_matKO	76	20500	-0.0042425145148671	-0.5607986790817171
P3_Brg1_matKO	77	66513	-0.0042343757765016	-0.5650330548582188
P3_Brg1_matKO	78	74414	-0.0042343321171009	-0.5692673869753196
P3_Brg1_matKO	79	231147	-0.0042202183372857	-0.5734876053126053
P3_Brg1_matKO	80	66673	-0.0042120295572234	-0.5776996348698288
P3_Brg1_matKO	81	93888	-0.004190043966529	-0.5818896788363578
P3_Brg1_matKO	82	110446	-0.0041671384888327	-0.5860568173251904
P3_Brg1_matKO	83	269855	-0.0041460710302772	-0.5902028883554676
P3_Brg1_matKO	84	83603	-0.0041119163692262	-0.5943148047246939
P3_Brg1_matKO	85	330627	-0.004024762631865	-0.5983395673565589
P3_Brg1_matKO	86	76917	-0.0039409322528487	-0.6022804996094077
P3_Brg1_matKO	87	100705	-0.0039149309039784	-0.6061954305133861
P3_Brg1_matKO	88	20907	-0.0039110690258967	-0.6101064995392828
P3_Brg1_matKO	89	241070	-0.0038780291247759	-0.6139845286640586
P3_Brg1_matKO	90	16323	-0.0037795619126158	-0.6177640905766744
P3_Brg1_matKO	91	58198	-0.0037313805017123	-0.6214954710783867
P3_Brg1_matKO	92	329941	-0.0037160897570447	-0.6252115608354314
P3_Brg1_matKO	93	217198	-0.0037094797863658	-0.6289210406217972
P3_Brg1_matKO	94	14595	-0.0036626689717748	-0.632583709593572
P3_Brg1_matKO	95	100072	-0.003654651962652	-0.636238361556224
P3_Brg1_matKO	96	58223	-0.0036539554912184	-0.6398923170474424
P3_Brg1_matKO	97	231050	-0.0036270782832389	-0.6435193953306814
P3_Brg1_matKO	98	338365	-0.0035895305278773	-0.6471089258585586
P3_Brg1_matKO	99	75568	-0.003579329770298	-0.6506882556288566
P3_Brg1_matKO	100	68611	-0.0035592370426901	-0.6542474926715467
P3_Brg1_matKO	101	170768	-0.0034896087179593	-0.657737101389506
P3_Brg1_matKO	102	20856	-0.0034204461097094	-0.6611575474992154
P3_Brg1_matKO	103	104943	-0.0034021975371855	-0.6645597450364009
P3_Brg1_matKO	104	74464	-0.0033629273142446	-0.6679226723506455
P3_Brg1_matKO	105	15200	-0.0033532529345831	-0.6712759252852286
P3_Brg1_matKO	106	16956	-0.003330808259091	-0.6746067335443197
P3_Brg1_matKO	107	74895	-0.0033134668739489	-0.6779202004182685
P3_Brg1_matKO	108	59083	-0.0033068246763977	-0.6812270250946661
P3_Brg1_matKO	109	17873	-0.0033064507583575	-0.6845334758530236
P3_Brg1_matKO	110	102871	-0.0032569833509524	-0.687790459203976
P3_Brg1_matKO	111	22371	-0.0032385672991089	-0.6910290265030848
P3_Brg1_matKO	112	192216	-0.0032258640157518	-0.6942548905188366
P3_Brg1_matKO	113	320974	-0.0031632894095435	-0.6974181799283801
P3_Brg1_matKO	114	50766	-0.0031313441795753	-0.7005495241079553
P3_Brg1_matKO	115	83965	-0.0031299394732073	-0.7036794635811626
P3_Brg1_matKO	116	13074	-0.0031268564342995	-0.7068063200154622
P3_Brg1_matKO	117	223864	-0.0031126760969638	-0.7099189961124259
P3_Brg1_matKO	118	18187	-0.0030589849294422	-0.7129779810418682
P3_Brg1_matKO	119	12525	-0.0030439076052356	-0.7160218886471038
P3_Brg1_matKO	120	20613	-0.0030362178065721	-0.719058106453676
P3_Brg1_matKO	121	70099	-0.0030192689480025	-0.7220773754016785
P3_Brg1_matKO	122	227094	-0.003008165149862	-0.7250855405515405
P3_Brg1_matKO	123	16870	-0.002995270506574	-0.7280808110581145
P3_Brg1_matKO	124	268465	-0.0029919284253268	-0.7310727394834413
P3_Brg1_matKO	125	66416	-0.0029018724723226	-0.733974611955764
P3_Brg1_matKO	126	58994	-0.0028559754690363	-0.7368305874248002
P3_Brg1_matKO	127	242509	-0.00285360543021	-0.7396841928550102
P3_Brg1_matKO	128	67893	-0.0028337176598711	-0.7425179105148813
P3_Brg1_matKO	129	26939	-0.0028147183556755	-0.7453326288705567
P3_Brg1_matKO	130	170711	-0.0028105853298245	-0.7481432142003812
P3_Brg1_matKO	131	20893	-0.0028101885332198	-0.750953402733601
P3_Brg1_matKO	132	52463	-0.0027845461526926	-0.7537379488862936
P3_Brg1_matKO	133	381798	-0.0027823345575443	-0.7565202834438379
P3_Brg1_matKO	134	229003	-0.0027704401614485	-0.7592907236052864
P3_Brg1_matKO	135	12483	-0.0027678770749736	-0.76205860068026
P3_Brg1_matKO	136	77065	-0.002735719157073	-0.764794319837333
P3_Brg1_matKO	137	103988	-0.0027238415833511	-0.7675181614206842
P3_Brg1_matKO	138	234515	-0.0027162712123024	-0.7702344326329866
P3_Brg1_matKO	139	69487	-0.0027071619832867	-0.7729415946162733
P3_Brg1_matKO	140	98256	-0.0027051720897237	-0.775646766705997
P3_Brg1_matKO	141	225845	-0.0027007603704406	-0.7783475270764376
P3_Brg1_matKO	142	272428	-0.0026982361667825	-0.7810457632432202
P3_Brg1_matKO	143	74182	-0.0026976652384216	-0.7837434284816418
P3_Brg1_matKO	144	14534	-0.0026850937106728	-0.7864285221923146
P3_Brg1_matKO	145	14605	-0.0026763256919329	-0.7891048478842475
P3_Brg1_matKO	146	57344	-0.0026713309404335	-0.791776178824681
P3_Brg1_matKO	147	228775	-0.0026656638308028	-0.7944418426554838
P3_Brg1_matKO	148	74393	-0.00264937890275	-0.7970912215582338
P3_Brg1_matKO	149	22042	-0.002610810980997	-0.7997020325392308
P3_Brg1_matKO	150	16011	-0.0026040433814866	-0.8023060759207173
P3_Brg1_matKO	151	243277	-0.0026005542203895	-0.8049066301411069
P3_Brg1_matKO	152	207911	-0.0025489528516335	-0.8074555829927403
P3_Brg1_matKO	153	14766	-0.0025036983028206	-0.8099592812955609
P3_Brg1_matKO	154	214253	-0.0025015124316625	-0.8124607937272235
P3_Brg1_matKO	155	245684	-0.0024333216636454	-0.8148941153908689
P3_Brg1_matKO	156	24053	-0.0024205399592729	-0.8173146553501418
P3_Brg1_matKO	157	66011	-0.0024111551217138	-0.8197258104718556
P3_Brg1_matKO	158	13631	-0.002401138977715	-0.8221269494495705
P3_Brg1_matKO	159	20897	-0.0023921120051201	-0.8245190614546907
P3_Brg1_matKO	160	231004	-0.0023805411166695	-0.8268996025713602
P3_Brg1_matKO	161	546611	-0.0023780373977139	-0.8292776399690741
P3_Brg1_matKO	162	54353	-0.0023621445979302	-0.8316397845670043
P3_Brg1_matKO	163	18823	-0.0023508435353068	-0.8339906281023111
P3_Brg1_matKO	164	76884	-0.0023417723735573	-0.8363324004758683
P3_Brg1_matKO	165	23959	-0.0022927327016599	-0.8386251331775282
P3_Brg1_matKO	166	30794	-0.0022866359184383	-0.8409117690959664
P3_Brg1_matKO	167	21356	-0.0022808439540511	-0.8431926130500176
P3_Brg1_matKO	168	108699	-0.0022728749267342	-0.8454654879767518
P3_Brg1_matKO	169	27528	-0.0022711044449229	-0.8477365924216747
P3_Brg1_matKO	170	50794	-0.0022692321905644	-0.8500058246122391
P3_Brg1_matKO	171	66591	-0.0022600835117902	-0.8522659081240292
P3_Brg1_matKO	172	240055	-0.0022589135340924	-0.8545248216581216
P3_Brg1_matKO	173	67419	-0.0022494069141471	-0.8567742285722687
P3_Brg1_matKO	174	238257	-0.0022486179351799	-0.8590228465074486
P3_Brg1_matKO	175	14733	-0.0022483375820491	-0.8612711840894978
P3_Brg1_matKO	176	20391	-0.0022479612363906	-0.8635191453258884
P3_Brg1_matKO	177	21987	-0.0021859366373297	-0.865705081963218
P3_Brg1_matKO	178	12294	-0.0021857701613994	-0.8678908521246175
P3_Brg1_matKO	179	13809	-0.0021726511475847	-0.8700635032722022
P3_Brg1_matKO	180	22228	-0.0021725805754017	-0.8722360838476039
P3_Brg1_matKO	181	58226	-0.002171246292932	-0.8744073301405358
P3_Brg1_matKO	182	67755	-0.0021654889103783	-0.8765728190509141
P3_Brg1_matKO	183	353282	-0.0021439261305819	-0.878716745181496
P3_Brg1_matKO	184	22352	-0.0021389069119903	-0.8808556520934863
P3_Brg1_matKO	185	227394	-0.0021263740344068	-0.8829820261278931
P3_Brg1_matKO	186	12142	-0.0021256499758317	-0.8851076761037248
P3_Brg1_matKO	187	333088	-0.0021220534980734	-0.8872297296017981
P3_Brg1_matKO	188	20750	-0.0021215047283373	-0.8893512343301354
P3_Brg1_matKO	189	20350	-0.0021136452427126	-0.891464879572848
P3_Brg1_matKO	190	268567	-0.0021064177001891	-0.8935712972730371
P3_Brg1_matKO	191	231130	-0.0021025354413971	-0.8956738327144341
P3_Brg1_matKO	192	55927	-0.00206863169396	-0.8977424644083941
P3_Brg1_matKO	193	76527	-0.0020657026177079	-0.899808167026102
P3_Brg1_matKO	194	14027	-0.0020282161111527	-0.9018363831372547
P3_Brg1_matKO	195	67168	-0.0020252510889328	-0.9038616342261875
P3_Brg1_matKO	196	18933	-0.0020152127603039	-0.9058768469864914
P3_Brg1_matKO	197	210530	-0.0020131537417116	-0.907890000728203
P3_Brg1_matKO	198	78908	-0.0020101206792755	-0.9099001214074786
P3_Brg1_matKO	199	12298	-0.0019955482286804	-0.911895669636159
P3_Brg1_matKO	200	53418	-0.0019862610377964	-0.9138819306739554
P3_Brg1_matKO	201	13170	-0.0019610107061615	-0.9158429413801169
P3_Brg1_matKO	202	16525	-0.0019488690494534	-0.9177918104295703
P3_Brg1_matKO	203	16776	-0.0019411505301796	-0.9197329609597499
P3_Brg1_matKO	204	231125	-0.0019316986524871	-0.921664659612237
P3_Brg1_matKO	205	67795	-0.0019281254236858	-0.9235927850359228
P3_Brg1_matKO	206	107448	-0.0018853526196764	-0.9254781376555992
P3_Brg1_matKO	207	71648	-0.0018608973975888	-0.9273390350531879
P3_Brg1_matKO	208	21940	-0.0018413806976587	-0.9291804157508466
P3_Brg1_matKO	209	54381	-0.0018264521815281	-0.9310068679323747
P3_Brg1_matKO	210	320696	-0.0018125520595337	-0.9328194199919084
P3_Brg1_matKO	211	56526	-0.0017628311357155	-0.9345822511276239
P3_Brg1_matKO	212	20528	-0.0017611034019023	-0.9363433545295262
P3_Brg1_matKO	213	17060	-0.0017531417714056	-0.9380964963009318
P3_Brg1_matKO	214	217082	-0.0017526421847858	-0.9398491384857176
P3_Brg1_matKO	215	14681	-0.0017467585057704	-0.941595896991488
P3_Brg1_matKO	216	17005	-0.0017387156962749	-0.943334612687763
P3_Brg1_matKO	217	382045	-0.00173308297184	-0.945067695659603
P3_Brg1_matKO	218	12972	-0.00170404215838	-0.9467717378179831
P3_Brg1_matKO	219	13139	-0.0017038635892533	-0.9484756014072364
P3_Brg1_matKO	220	73884	-0.0016997029635607	-0.9501753043707971
P3_Brg1_matKO	221	110417	-0.001696191454898	-0.9518714958256951
P3_Brg1_matKO	222	17897	-0.0016903586445232	-0.9535618544702182
P3_Brg1_matKO	223	116838	-0.0016887423644506	-0.9552505968346688
P3_Brg1_matKO	224	75590	-0.0016850107721588	-0.9569356076068276
P3_Brg1_matKO	225	21802	-0.0016788161506126	-0.9586144237574402
P3_Brg1_matKO	226	207565	-0.0016781364523488	-0.960292560209789
P3_Brg1_matKO	227	11881	-0.001666093744704	-0.961958653954493
P3_Brg1_matKO	228	12818	-0.00165556168298	-0.963614215637473
P3_Brg1_matKO	229	226255	-0.0016550523583182	-0.9652692679957912
P3_Brg1_matKO	230	12971	-0.0016539895398002	-0.9669232575355914
P3_Brg1_matKO	231	26561	-0.0016457168363724	-0.9685689743719638
P3_Brg1_matKO	232	26878	-0.0016409044488229	-0.9702098788207867
P3_Brg1_matKO	233	70129	-0.0016317933184144	-0.9718416721392011
P3_Brg1_matKO	234	74470	-0.0016234243511401	-0.9734650964903412
P3_Brg1_matKO	235	329502	-0.0016008259577507	-0.9750659224480919
P3_Brg1_matKO	236	104346	-0.0015868731038556	-0.9766527955519475
P3_Brg1_matKO	237	53374	-0.0015736845950818	-0.9782264801470293
P3_Brg1_matKO	238	75869	-0.0015690134380984	-0.9797954935851277
P3_Brg1_matKO	239	14184	-0.0015557863891813	-0.981351279974309
P3_Brg1_matKO	240	29817	-0.0015547413461479	-0.9829060213204569
P3_Brg1_matKO	241	268747	-0.0015456448013985	-0.9844516661218554
P3_Brg1_matKO	242	218271	-0.0015417169521914	-0.9859933830740468
P3_Brg1_matKO	243	83433	-0.0015321986630389	-0.9875255817370857
P3_Brg1_matKO	244	15945	-0.0015268617112073	-0.989052443448293
P3_Brg1_matKO	245	103711	-0.0015221055118897	-0.9905745489601827
P3_Brg1_matKO	246	22271	-0.0015211148201088	-0.9920956637802915
P3_Brg1_matKO	247	19057	-0.0015194366975532	-0.9936151004778446
P3_Brg1_matKO	248	72948	-0.0015135061784121	-0.9951286066562567
P3_Brg1_matKO	249	12266	-0.0015010439366895	-0.9966296505929462
P3_Brg1_matKO	250	224938	-0.0014949780659714	-0.9981246286589176
P3_Brg1_matKO	251	22151	-0.0014881472630511	-0.9996127759219687
P3_Brg1_matKO	252	232223	-0.0014863640942831	-1.0010991400162519
P3_Brg1_matKO	253	231503	-0.0014753058564601	-1.002574445872712
P3_Brg1_matKO	254	74387	-0.0014680731172007	-1.0040425189899127
P3_Brg1_matKO	255	53321	-0.0014633376929985	-1.0055058566829111
P3_Brg1_matKO	256	67784	-0.0014597964915526	-1.0069656531744637
P3_Brg1_matKO	257	74039	-0.0014515583535179	-1.0084172115279817
P3_Brg1_matKO	258	245049	-0.0014471389610059	-1.0098643504889875
P3_Brg1_matKO	259	73852	-0.0014229250585746	-1.0112872755475621
P3_Brg1_matKO	260	223435	-0.0014226044759913	-1.0127098800235534
P3_Brg1_matKO	261	218440	-0.0014175496812161	-1.0141274297047695
P3_Brg1_matKO	262	20682	-0.0014165181112612	-1.0155439478160306
P3_Brg1_matKO	263	17916	-0.0014123603521907	-1.0169563081682214
P3_Brg1_matKO	264	234199	-0.0014120073998442	-1.0183683155680656
P3_Brg1_matKO	265	240667	-0.0014109760597163	-1.019779291627782
P3_Brg1_matKO	266	77505	-0.0013920222710744	-1.0211713138988563
P3_Brg1_matKO	267	434130	-0.0013908330005948	-1.022562146899451
P3_Brg1_matKO	268	16373	-0.001377667363886	-1.023939814263337
P3_Brg1_matKO	269	381853	-0.0013741037213422	-1.025313917984679
P3_Brg1_matKO	270	71839	-0.0013636288587548	-1.026677546843434
P3_Brg1_matKO	271	72568	-0.0013572156306887	-1.0280347624741226
P3_Brg1_matKO	272	12477	-0.0013502467525333	-1.0293850092266559
P3_Brg1_matKO	273	20533	-0.001346911786115	-1.0307319210127708
P3_Brg1_matKO	274	107587	-0.0013395433746475	-1.0320714643874183
P3_Brg1_matKO	275	208092	-0.0013372676320866	-1.033408732019505
P3_Brg1_matKO	276	23876	-0.0013363563528622	-1.034745088372367
P3_Brg1_matKO	277	110351	-0.0013315083326968	-1.0360765967050638
P3_Brg1_matKO	278	244757	-0.0013272812643322	-1.037403877969396
P3_Brg1_matKO	279	245638	-0.0013161000488202	-1.0387199780182161
P3_Brg1_matKO	280	71228	-0.0013131307603731	-1.0400331087785892
P3_Brg1_matKO	281	14420	-0.0013044575473985	-1.0413375663259878
P3_Brg1_matKO	282	14229	-0.0013026412855841	-1.042640207611572
P3_Brg1_matKO	283	234854	-0.0013012423626176	-1.0439414499741895
P3_Brg1_matKO	284	21935	-0.001297253186143	-1.0452387031603325
P3_Brg1_matKO	285	14917	-0.0012777905640793	-1.0465164937244118
P3_Brg1_matKO	286	14120	-0.0012664056632322	-1.047782899387644
P3_Brg1_matKO	287	243897	-0.0012663337452601	-1.049049233132904
P3_Brg1_matKO	288	622434	-0.0012662152053678	-1.0503154483382717
P3_Brg1_matKO	289	108897	-0.0012617533057986	-1.0515772016440703
P3_Brg1_matKO	290	384061	-0.001259101089513	-1.0528363027335834
P3_Brg1_matKO	291	235402	-0.0012538552034792	-1.0540901579370625
P3_Brg1_matKO	292	22640	-0.0012527322440701	-1.0553428901811326
P3_Brg1_matKO	293	102124	-0.001249957690712	-1.0565928478718445
P3_Brg1_matKO	294	224171	-0.0012487337764435	-1.057841581648288
P3_Brg1_matKO	295	77034	-0.0012428253409546	-1.0590844069892427
P3_Brg1_matKO	296	54131	-0.0012398458667909	-1.0603242528560335
P3_Brg1_matKO	297	16772	-0.0012395072515378	-1.0615637601075714
P3_Brg1_matKO	298	109254	-0.0012364813399684	-1.0628002414475397
P3_Brg1_matKO	299	236904	-0.0012326018974063	-1.064032843344946
P3_Brg1_matKO	300	16975	-0.0012315917634352	-1.065264435108381
P3_Brg1_matKO	301	194655	-0.0012170450391963	-1.0664814801475775
P3_Brg1_matKO	302	22393	-0.0012115077173154	-1.0676929878648929
P3_Brg1_matKO	303	11459	-0.0012071053964587	-1.0689000932613515
P3_Brg1_matKO	304	20419	-0.0012063873309812	-1.0701064805923326
P3_Brg1_matKO	305	272347	-0.0012018742064472	-1.0713083547987798
P3_Brg1_matKO	306	72748	-0.0011921490298914	-1.0725005038286712
P3_Brg1_matKO	307	75690	-0.0011873357851782	-1.0736878396138494
P3_Brg1_matKO	308	13400	-0.0011754861115158	-1.0748633257253652
P3_Brg1_matKO	309	229595	-0.0011499213864623	-1.0760132471118276
P3_Brg1_matKO	310	19876	-0.0011396096983671	-1.0771528568101947
P3_Brg1_matKO	311	13175	-0.0011373872848866	-1.0782902440950812
P3_Brg1_matKO	312	77113	-0.0011371148103258	-1.079427358905407
P3_Brg1_matKO	313	13643	-0.0011365515488061	-1.0805639104542133
P3_Brg1_matKO	314	19183	-0.0011334428871376	-1.081697353341351
P3_Brg1_matKO	315	109242	-0.0011327573233293	-1.0828301106646803
P3_Brg1_matKO	316	226591	-0.0011211531915809	-1.0839512638562612
P3_Brg1_matKO	317	237711	-0.0011176662937104	-1.0850689301499716
P3_Brg1_matKO	318	69684	-0.0011160207844968	-1.0861849509344685
P3_Brg1_matKO	319	101685	-0.0010984301597866	-1.087283381094255
P3_Brg1_matKO	320	14735	-0.0010939703646064	-1.0883773514588615
P3_Brg1_matKO	321	20216	-0.0010936275366285	-1.08947097899549
P3_Brg1_matKO	322	27660	-0.0010898035275562	-1.0905607825230461
P3_Brg1_matKO	323	233744	-0.0010870797699556	-1.0916478622930017
P3_Brg1_matKO	324	12183	-0.0010703482469012	-1.092718210539903
P3_Brg1_matKO	325	226409	-0.0010662678489255	-1.0937844783888284
P3_Brg1_matKO	326	68067	-0.0010618206638658	-1.0948462990526941
P3_Brg1_matKO	327	52009	-0.0010560624614958	-1.0959023615141898
P3_Brg1_matKO	328	214663	-0.0010498041305886	-1.0969521656447785
P3_Brg1_matKO	329	234740	-0.0010439507207831	-1.0979961163655616
P3_Brg1_matKO	330	118449	-0.0010428543467126	-1.0990389707122743
P3_Brg1_matKO	331	432530	-0.001040307333496	-1.1000792780457702
P3_Brg1_matKO	332	16497	-0.0010383642542098	-1.10111764229998
P3_Brg1_matKO	333	16658	-0.0010369607638698	-1.1021546030638498
P3_Brg1_matKO	334	12162	-0.00103457583681	-1.1031891789006598
P3_Brg1_matKO	335	241525	-0.0010309325378079	-1.1042201114384678
P3_Brg1_matKO	336	19769	-0.0010290775676603	-1.105249189006128
P3_Brg1_matKO	337	216739	-0.001025825782085	-1.106275014788213
P3_Brg1_matKO	338	13867	-0.0010249152307316	-1.1072999300189446
P3_Brg1_matKO	339	245555	-0.0010181148807798	-1.1083180448997243
P3_Brg1_matKO	340	70223	-0.0010135152114755	-1.1093315601111997
P3_Brg1_matKO	341	63954	-0.0010123363657007	-1.1103438964769003
P3_Brg1_matKO	342	240752	-0.0010106094129497	-1.11135450588985
P3_Brg1_matKO	343	16979	-0.0009982876397095	-1.1123527935295594
P3_Brg1_matKO	344	171531	-0.0009961638222526	-1.113348957351812
P3_Brg1_matKO	345	50490	-0.0009930096267595	-1.1143419669785715
P3_Brg1_matKO	346	78797	-0.0009923296469047	-1.1153342966254762
P3_Brg1_matKO	347	22378	-0.0009911880077856	-1.1163254846332618
P3_Brg1_matKO	348	14400	-0.0009899563926401	-1.1173154410259019
P3_Brg1_matKO	349	105727	-0.000989198213008	-1.1183046392389098
P3_Brg1_matKO	350	14919	-0.0009847552047383	-1.1192893944436482
P3_Brg1_matKO	351	100978	-0.00097772785087	-1.1202671222945182
P3_Brg1_matKO	352	100061	-0.000961783014272	-1.1212289053087903
P3_Brg1_matKO	353	240261	-0.00095721549474	-1.1221861208035302
P3_Brg1_matKO	354	15430	-0.0009541501896633	-1.1231402709931935
P3_Brg1_matKO	355	65964	-0.0009474970747413	-1.1240877680679349
P3_Brg1_matKO	356	545192	-0.0009473390800477	-1.1250351071479825
P3_Brg1_matKO	357	12822	-0.0009310591260374	-1.12596616627402
P3_Brg1_matKO	358	19273	-0.0009223178591509	-1.1268884841331708
P3_Brg1_matKO	359	64706	-0.0009197350289167	-1.1278082191620875
P3_Brg1_matKO	360	16007	-0.0009173598198011	-1.1287255789818886
P3_Brg1_matKO	361	53625	-0.0009159177484121	-1.1296414967303008
P3_Brg1_matKO	362	240913	-0.0009129547439691	-1.1305544514742698
P3_Brg1_matKO	363	12373	-0.0009061180291015	-1.1314605695033713
P3_Brg1_matKO	364	101772	-0.0008932982188554	-1.1323538677222267
P3_Brg1_matKO	365	77889	-0.0008834835656614	-1.1332373512878882
P3_Brg1_matKO	366	272465	-0.0008805988620054	-1.1341179501498935
P3_Brg1_matKO	367	14281	-0.0008747961185969	-1.1349927462684903
P3_Brg1_matKO	368	100198	-0.0008682935544495	-1.1358610398229398
P3_Brg1_matKO	369	74147	-0.000864972773123	-1.1367260125960628
P3_Brg1_matKO	370	26949	-0.0008535280596658	-1.1375795406557285
P3_Brg1_matKO	371	78560	-0.0008499658259279	-1.1384295064816565
P3_Brg1_matKO	372	15490	-0.0008441587923134	-1.13927366527397
P3_Brg1_matKO	373	214685	-0.0008437981488522	-1.1401174634228222
P3_Brg1_matKO	374	381379	-0.0008436024308892	-1.1409610658537113
P3_Brg1_matKO	375	29877	-0.0008392948645355	-1.1418003607182468
P3_Brg1_matKO	376	240023	-0.0008331529395881	-1.142633513657835
P3_Brg1_matKO	377	12876	-0.0008318777436507	-1.1434653914014856
P3_Brg1_matKO	378	319582	-0.0008315440508081	-1.1442969354522938
P3_Brg1_matKO	379	67178	-0.0008261884640018	-1.1451231239162956
P3_Brg1_matKO	380	83921	-0.0008127825477326	-1.1459359064640282
P3_Brg1_matKO	381	21334	-0.0008126478445906	-1.1467485543086189
P3_Brg1_matKO	382	244058	-0.0008023229662716	-1.1475508772748906
P3_Brg1_matKO	383	72404	-0.0007959133016847	-1.1483467905765752
P3_Brg1_matKO	384	18769	-0.0007931766618336	-1.1491399672384088
P3_Brg1_matKO	385	244954	-0.0007924404449622	-1.149932407683371
P3_Brg1_matKO	386	16971	-0.0007912402587992	-1.1507236479421703
P3_Brg1_matKO	387	54195	-0.000786135024137	-1.1515097829663072
P3_Brg1_matKO	388	665563	-0.0007714990358137	-1.1522812820021209
P3_Brg1_matKO	389	12845	-0.0007671121870197	-1.1530483941891405
P3_Brg1_matKO	390	18553	-0.0007543113900033	-1.1538027055791438
P3_Brg1_matKO	391	64293	-0.0007508366833127	-1.1545535422624564
P3_Brg1_matKO	392	12227	-0.0007476254955889	-1.1553011677580454
P3_Brg1_matKO	393	70466	-0.0007459418792758	-1.1560471096373213
P3_Brg1_matKO	394	241494	-0.0007384363063632	-1.1567855459436844
P3_Brg1_matKO	395	66421	-0.0007338748923546	-1.157519420836039
P3_Brg1_matKO	396	76179	-0.0007309330078884	-1.1582503538439275
P3_Brg1_matKO	397	66329	-0.0007296185152445	-1.158979972359172
P3_Brg1_matKO	398	170706	-0.0007264235943511	-1.1597063959535232
P3_Brg1_matKO	399	77976	-0.0007248152737762	-1.1604312112272994
P3_Brg1_matKO	400	319266	-0.000712902604727	-1.1611441138320264
P3_Brg1_matKO	401	20540	-0.0006932464836051	-1.1618373603156316
P3_Brg1_matKO	402	242297	-0.0006917498216331	-1.1625291101372646
P3_Brg1_matKO	403	18164	-0.000689987597912	-1.1632190977351766
P3_Brg1_matKO	404	54720	-0.0006883015141977	-1.1639073992493743
P3_Brg1_matKO	405	12482	-0.0006841975555177	-1.1645915968048919
P3_Brg1_matKO	406	12850	-0.0006824935202349	-1.1652740903251269
P3_Brg1_matKO	407	110197	-0.0006818900763743	-1.1659559804015012
P3_Brg1_matKO	408	56737	-0.0006798758756158	-1.166635856277117
P3_Brg1_matKO	409	226791	-0.0006793450101087	-1.1673152012872259
P3_Brg1_matKO	410	23794	-0.0006733121896652	-1.167988513476891
P3_Brg1_matKO	411	665113	-0.000666900257527	-1.168655413734418
P3_Brg1_matKO	412	235041	-0.00066607827474	-1.1693214920091581
P3_Brg1_matKO	413	68567	-0.0006594358799006	-1.1699809278890587
P3_Brg1_matKO	414	50874	-0.0006580305481153	-1.170638958437174
P3_Brg1_matKO	415	104156	-0.0006488607822032	-1.1712878192193772
P3_Brg1_matKO	416	78412	-0.0006444304028787	-1.171932249622256
P3_Brg1_matKO	417	110893	-0.0006422307799303	-1.1725744804021863
P3_Brg1_matKO	418	68631	-0.0006401010191826	-1.1732145814213688
P3_Brg1_matKO	419	228778	-0.0006332607036959	-1.1738478421250647
P3_Brg1_matKO	420	11931	-0.0006325829819189	-1.1744804251069836
P3_Brg1_matKO	421	70061	-0.0006320038339927	-1.1751124289409762
P3_Brg1_matKO	422	320633	-0.0006234316184952	-1.1757358605594714
P3_Brg1_matKO	423	108797	-0.0006225938420704	-1.1763584544015417
P3_Brg1_matKO	424	27371	-0.0006207915802388	-1.1769792459817805
P3_Brg1_matKO	425	19260	-0.0006116181104356	-1.1775908640922161
P3_Brg1_matKO	426	68010	-0.0006112456507541	-1.1782021097429702
P3_Brg1_matKO	427	22350	-0.0006009212422653	-1.1788030309852355
P3_Brg1_matKO	428	18413	-0.0005979223944433	-1.1794009533796788
P3_Brg1_matKO	429	13869	-0.0005954224151031	-1.1799963757947818
P3_Brg1_matKO	430	12903	-0.0005903874562895	-1.1805867632510714
P3_Brg1_matKO	431	213760	-0.0005896659880891	-1.1811764292391604
P3_Brg1_matKO	432	74100	-0.0005825467360529	-1.1817589759752134
P3_Brg1_matKO	433	16399	-0.0005724559748165	-1.18233143195003
P3_Brg1_matKO	434	74694	-0.0005669106824083	-1.1828983426324382
P3_Brg1_matKO	435	19417	-0.0005633685611982	-1.1834617111936363
P3_Brg1_matKO	436	12519	-0.0005596399783414	-1.1840213511719777
P3_Brg1_matKO	437	19395	-0.0005561056703653	-1.184577456842343
P3_Brg1_matKO	438	14536	-0.0005525219060636	-1.1851299787484066
P3_Brg1_matKO	439	72301	-0.0005465346416379	-1.1856765133900447
P3_Brg1_matKO	440	12795	-0.0005386418750582	-1.1862151552651028
P3_Brg1_matKO	441	20616	-0.0005323213772323	-1.1867474766423352
P3_Brg1_matKO	442	110385	-0.0005322358058368	-1.187279712448172
P3_Brg1_matKO	443	56631	-0.000531379179413	-1.187811091627585
P3_Brg1_matKO	444	72774	-0.000527615707528	-1.188338707335113
P3_Brg1_matKO	445	57340	-0.0005259925667548	-1.188864699901868
P3_Brg1_matKO	446	76566	-0.0005245507407025	-1.1893892506425705
P3_Brg1_matKO	447	20656	-0.0005229923534262	-1.1899122429959967
P3_Brg1_matKO	448	74386	-0.0005201738972772	-1.1904324168932738
P3_Brg1_matKO	449	66395	-0.0005197192041762	-1.19095213609745
P3_Brg1_matKO	450	231724	-0.0005141410239184	-1.1914662771213684
P3_Brg1_matKO	451	15932	-0.0005134038834381	-1.1919796810048064
P3_Brg1_matKO	452	50500	-0.0005098941359037	-1.19248957514071
P3_Brg1_matKO	453	50773	-0.0005089051246628	-1.1929984802653728
P3_Brg1_matKO	454	18779	-0.0005043728285064	-1.1935028530938792
P3_Brg1_matKO	455	50934	-0.0005001361700107	-1.19400298926389
P3_Brg1_matKO	456	18712	-0.0005000625080658	-1.1945030517719557
P3_Brg1_matKO	457	26556	-0.0004990677322488	-1.1950021195042044
P3_Brg1_matKO	458	57444	-0.0004982118620776	-1.195500331366282
P3_Brg1_matKO	459	239743	-0.0004964549117075	-1.1959967862779894
P3_Brg1_matKO	460	239188	-0.0004945787735401	-1.1964913650515296
P3_Brg1_matKO	461	11423	-0.0004870524267511	-1.1969784174782807
P3_Brg1_matKO	462	13195	-0.0004818291171625	-1.1974602465954431
P3_Brg1_matKO	463	105675	-0.0004810310426264	-1.1979412776380696
P3_Brg1_matKO	464	387314	-0.0004720303206528	-1.1984133079587225
P3_Brg1_matKO	465	13823	-0.0004714400601461	-1.1988847480188687
P3_Brg1_matKO	466	22780	-0.0004691586462624	-1.199353906665131
P3_Brg1_matKO	467	78100	-0.0004609652352124	-1.1998148719003434
P3_Brg1_matKO	468	320563	-0.0004588091449605	-1.2002736810453039
P3_Brg1_matKO	469	27261	-0.0004563341650214	-1.2007300152103253
P3_Brg1_matKO	470	66902	-0.000451862548257	-1.2011818777585823
P3_Brg1_matKO	471	59030	-0.0004496138625329	-1.2016314916211153
P3_Brg1_matKO	472	381511	-0.0004473898016797	-1.202078881422795
P3_Brg1_matKO	473	233878	-0.0004470134361661	-1.202525894858961
P3_Brg1_matKO	474	70423	-0.0004449972517425	-1.2029708921107034
P3_Brg1_matKO	475	68440	-0.0004411166533328	-1.2034120087640363
P3_Brg1_matKO	476	67758	-0.000429340683356	-1.2038413494473923
P3_Brg1_matKO	477	216292	-0.0004263044252806	-1.2042676538726729
P3_Brg1_matKO	478	18791	-0.0004213094690377	-1.2046889633417106
P3_Brg1_matKO	479	218772	-0.0004184159234661	-1.2051073792651767
P3_Brg1_matKO	480	76547	-0.000418012552339	-1.2055253918175157
P3_Brg1_matKO	481	15368	-0.0004171237585393	-1.205942515576055
P3_Brg1_matKO	482	11927	-0.0004154093220671	-1.2063579248981222
P3_Brg1_matKO	483	58206	-0.00041008381703	-1.2067680087151522
P3_Brg1_matKO	484	83771	-0.000408909743461	-1.2071769184586132
P3_Brg1_matKO	485	321007	-0.0004069715107292	-1.2075838899693423
P3_Brg1_matKO	486	16535	-0.0004023416395756	-1.2079862316089178
P3_Brg1_matKO	487	21816	-0.0003997149500482	-1.208385946558966
P3_Brg1_matKO	488	56358	-0.0003967729178372	-1.208782719476803
P3_Brg1_matKO	489	210356	-0.0003955052084087	-1.2091782246852119
P3_Brg1_matKO	490	18768	-0.0003918644326297	-1.2095700891178416
P3_Brg1_matKO	491	14251	-0.0003915961212133	-1.209961685239055
P3_Brg1_matKO	492	52585	-0.0003852315146884	-1.2103469167537433
P3_Brg1_matKO	493	102502	-0.0003844904875299	-1.2107314072412731
P3_Brg1_matKO	494	75597	-0.0003792475334301	-1.2111106547747033
P3_Brg1_matKO	495	21426	-0.0003772837956337	-1.211487938570337
P3_Brg1_matKO	496	269423	-0.0003746703952051	-1.211862608965542
P3_Brg1_matKO	497	24001	-0.000373759760018	-1.21223636872556
P3_Brg1_matKO	498	17387	-0.0003732591325664	-1.2126096278581264
P3_Brg1_matKO	499	171180	-0.0003722663403023	-1.2129818941984287
P3_Brg1_matKO	500	103967	-0.0003712051796587	-1.2133530993780874
P3_Brg1_matKO	501	18584	-0.0003706656076596	-1.213723764985747
P3_Brg1_matKO	502	232821	-0.0003691930465054	-1.2140929580322524
P3_Brg1_matKO	503	14773	-0.0003675233271824	-1.2144604813594349
P3_Brg1_matKO	504	246048	-0.0003674138934397	-1.2148278952528746
P3_Brg1_matKO	505	320343	-0.000362830440074	-1.2151907256929486
P3_Brg1_matKO	506	19215	-0.0003563390592957	-1.2155470647522444
P3_Brg1_matKO	507	76261	-0.0003555614331149	-1.2159026261853594
P3_Brg1_matKO	508	235134	-0.0003514568321979	-1.2162540830175572
P3_Brg1_matKO	509	11717	-0.0003455259387912	-1.2165996089563484
P3_Brg1_matKO	510	110962	-0.0003448519963902	-1.2169444609527387
P3_Brg1_matKO	511	53324	-0.0003371185773683	-1.217281579530107
P3_Brg1_matKO	512	211712	-0.0003347938810598	-1.217616373411167
P3_Brg1_matKO	513	20515	-0.0003301642279703	-1.2179465376391372
P3_Brg1_matKO	514	654812	-0.0003290368013549	-1.218275574440492
P3_Brg1_matKO	515	232035	-0.0003259904719417	-1.2186015649124338
P3_Brg1_matKO	516	242819	-0.0003192226563785	-1.2189207875688122
P3_Brg1_matKO	517	16404	-0.0003129948901649	-1.2192337824589772
P3_Brg1_matKO	518	233199	-0.0003119570659441	-1.2195457395249212
P3_Brg1_matKO	519	71755	-0.0003052179026022	-1.2198509574275234
P3_Brg1_matKO	520	215456	-0.0003047005673709	-1.2201556579948942
P3_Brg1_matKO	521	19725	-0.00030226728388	-1.2204579252787742
P3_Brg1_matKO	522	219114	-0.0003002934154432	-1.2207582186942174
P3_Brg1_matKO	523	14183	-0.0002999960792757	-1.2210582147734932
P3_Brg1_matKO	524	72472	-0.0002973967977623	-1.2213556115712554
P3_Brg1_matKO	525	140571	-0.0002963834440247	-1.22165199501528
P3_Brg1_matKO	526	71279	-0.0002943114670006	-1.2219463064822806
P3_Brg1_matKO	527	23821	-0.0002920119389286	-1.2222383184212093
P3_Brg1_matKO	528	71720	-0.0002916913741097	-1.2225300097953191
P3_Brg1_matKO	529	73728	-0.0002915195560479	-1.2228215293513671
P3_Brg1_matKO	530	338403	-0.0002874538947584	-1.2231089832461255
P3_Brg1_matKO	531	56533	-0.0002865767138907	-1.2233955599600161
P3_Brg1_matKO	532	107513	-0.0002818471438997	-1.2236774071039158
P3_Brg1_matKO	533	20354	-0.0002811746409327	-1.2239585817448486
P3_Brg1_matKO	534	140488	-0.000279810966684	-1.2242383927115326
P3_Brg1_matKO	535	224674	-0.0002728654859051	-1.2245112581974376
P3_Brg1_matKO	536	72287	-0.0002723138285016	-1.2247835720259392
P3_Brg1_matKO	537	54650	-0.0002700619749798	-1.225053634000919
P3_Brg1_matKO	538	75593	-0.000265679294924	-1.225319313295843
P3_Brg1_matKO	539	51801	-0.0002651075519425	-1.2255844208477855
P3_Brg1_matKO	540	228357	-0.0002629593626896	-1.225847380210475
P3_Brg1_matKO	541	78892	-0.0002610763552605	-1.2261084565657354
P3_Brg1_matKO	542	16511	-0.0002607107673501	-1.2263691673330854
P3_Brg1_matKO	543	28113	-0.0002601278242908	-1.2266292951573763
P3_Brg1_matKO	544	68667	-0.0002515786505551	-1.2268808738079313
P3_Brg1_matKO	545	22401	-0.0002460127363068	-1.2271268865442382
P3_Brg1_matKO	546	668940	-0.0002458698751807	-1.2273727564194188
P3_Brg1_matKO	547	320865	-0.0002447745287368	-1.2276175309481556
P3_Brg1_matKO	548	72902	-0.0002406486671976	-1.2278581796153532
P3_Brg1_matKO	549	76854	-0.0002403227317386	-1.2280985023470918
P3_Brg1_matKO	550	209584	-0.0002376939085569	-1.2283361962556487
P3_Brg1_matKO	551	235534	-0.0002364344752801	-1.2285726307309288
P3_Brg1_matKO	552	269774	-0.0002270372352927	-1.2287996679662214
P3_Brg1_matKO	553	52906	-0.0002269897077147	-1.2290266576739362
P3_Brg1_matKO	554	56078	-0.0002254891046943	-1.2292521467786304
P3_Brg1_matKO	555	14081	-0.0002247093585313	-1.2294768561371616
P3_Brg1_matKO	556	104601	-0.0002245097956424	-1.229701365932804
P3_Brg1_matKO	557	12236	-0.0002228905284519	-1.2299242564612558
P3_Brg1_matKO	558	170745	-0.000218208680426	-1.230142465141682
P3_Brg1_matKO	559	55985	-0.0002179355416349	-1.2303604006833169
P3_Brg1_matKO	560	18974	-0.000215847296116	-1.2305762479794329
P3_Brg1_matKO	561	52033	-0.0002157511448908	-1.2307919991243237
P3_Brg1_matKO	562	17345	-0.0002129425149458	-1.2310049416392694
P3_Brg1_matKO	563	68845	-0.0002119834456986	-1.231216925084968
P3_Brg1_matKO	564	12810	-0.0002064742960177	-1.2314233993809858
P3_Brg1_matKO	565	18984	-0.0002055468509525	-1.2316289462319383
P3_Brg1_matKO	566	77782	-0.000205229132608	-1.2318341753645463
P3_Brg1_matKO	567	17381	-0.0002030935885929	-1.2320372689531391
P3_Brg1_matKO	568	80890	-0.0002013469394909	-1.23223861589263
P3_Brg1_matKO	569	24131	-0.000200468495254	-1.2324390843878839
P3_Brg1_matKO	570	12350	-0.0001998623545907	-1.2326389467424745
P3_Brg1_matKO	571	11554	-0.0001984066429335	-1.232837353385408
P3_Brg1_matKO	572	243780	-0.000198340190706	-1.233035693576114
P3_Brg1_matKO	573	11600	-0.0001956423162463	-1.2332313358923603
P3_Brg1_matKO	574	67163	-0.0001946095934336	-1.2334259454857939
P3_Brg1_matKO	575	75782	-0.0001904100692558	-1.2336163555550497
P3_Brg1_matKO	576	80914	-0.0001852373830036	-1.2338015929380532
P3_Brg1_matKO	577	17883	-0.0001846723008705	-1.2339862652389237
P3_Brg1_matKO	578	110033	-0.0001833048847035	-1.2341695701236273
P3_Brg1_matKO	579	20745	-0.0001832329844936	-1.2343528031081208
P3_Brg1_matKO	580	12307	-0.000182853549985	-1.2345356566581058
P3_Brg1_matKO	581	54672	-0.0001828216932746	-1.2347184783513805
P3_Brg1_matKO	582	225724	-0.0001811389919734	-1.234899617343354
P3_Brg1_matKO	583	11941	-0.0001767598187282	-1.235076377162082
P3_Brg1_matKO	584	70551	-0.0001728432166082	-1.2352492203786902
P3_Brg1_matKO	585	14632	-0.0001717707771599	-1.23542099115585
P3_Brg1_matKO	586	56419	-0.0001711532857479	-1.2355921444415978
P3_Brg1_matKO	587	21847	-0.000165788886979	-1.2357579333285769
P3_Brg1_matKO	588	68728	-0.0001640485849948	-1.2359219819135716
P3_Brg1_matKO	589	13982	-0.0001618347976434	-1.236083816711215
P3_Brg1_matKO	590	56532	-0.0001608888701752	-1.23624470558139
P3_Brg1_matKO	591	216350	-0.0001599040708353	-1.2364046096522254
P3_Brg1_matKO	592	320139	-0.0001595095026487	-1.2365641191548742
P3_Brg1_matKO	593	18784	-0.0001594774692951	-1.2367235966241692
P3_Brg1_matKO	594	104271	-0.0001577373919731	-1.2368813340161422
P3_Brg1_matKO	595	22785	-0.0001563093876517	-1.237037643403794
P3_Brg1_matKO	596	72776	-0.0001561492063759	-1.23719379261017
P3_Brg1_matKO	597	170459	-0.0001546735073116	-1.2373484661174816
P3_Brg1_matKO	598	72607	-0.0001529204570367	-1.2375013865745184
P3_Brg1_matKO	599	105171	-0.0001525755212046	-1.237653962095723
P3_Brg1_matKO	600	107503	-0.0001517904019766	-1.2378057524976995
P3_Brg1_matKO	601	17930	-0.0001488085060923	-1.2379545610037919
P3_Brg1_matKO	602	544963	-0.0001480876569926	-1.2381026486607845
P3_Brg1_matKO	603	13003	-0.0001454709414154	-1.2382481196022
P3_Brg1_matKO	604	74020	-0.0001452413847905	-1.2383933609869904
P3_Brg1_matKO	605	268395	-0.0001424871890443	-1.2385358481760347
P3_Brg1_matKO	606	68479	-0.0001394731455237	-1.2386753213215584
P3_Brg1_matKO	607	78177	-0.0001388239343274	-1.2388141452558858
P3_Brg1_matKO	608	66824	-0.0001379405907103	-1.238952085846596
P3_Brg1_matKO	609	102436	-0.0001377619162152	-1.2390898477628114
P3_Brg1_matKO	610	245269	-0.0001333235181054	-1.2392231712809167
P3_Brg1_matKO	611	83946	-0.0001325188650815	-1.2393556901459983
P3_Brg1_matKO	612	56794	-0.0001292505014577	-1.239484940647456
P3_Brg1_matKO	613	80976	-0.0001270187429075	-1.2396119593903634
P3_Brg1_matKO	614	319991	-0.0001256327808337	-1.239737592171197
P3_Brg1_matKO	615	67196	-0.0001243675727629	-1.23986195974396
P3_Brg1_matKO	616	54725	-0.0001189954623107	-1.2399809552062706
P3_Brg1_matKO	617	22224	-0.0001189091146429	-1.2400998643209136
P3_Brg1_matKO	618	17874	-0.0001186662683663	-1.2402185305892799
P3_Brg1_matKO	619	18602	-0.000115661772094	-1.240334192361374
P3_Brg1_matKO	620	16847	-0.000112929251819	-1.240447121613193
P3_Brg1_matKO	621	12448	-0.0001112588693862	-1.240558380482579
P3_Brg1_matKO	622	237175	-0.0001100814809736	-1.2406684619635526
P3_Brg1_matKO	623	19275	-0.0001057437417086	-1.2407742057052613
P3_Brg1_matKO	624	210044	-0.0001055717685543	-1.2408797774738156
P3_Brg1_matKO	625	270906	-0.0001047782922321	-1.2409845557660477
P3_Brg1_matKO	626	74134	-0.0001037878654427	-1.2410883436314903
P3_Brg1_matKO	627	22637	-0.0001030294539254	-1.2411913730854158
P3_Brg1_matKO	628	237073	-0.0001004851977522	-1.241291858283168
P3_Brg1_matKO	629	245945	-9.985148295976475e-05	-1.2413917097661278
P3_Brg1_matKO	630	21942	-9.956861885086384e-05	-1.2414912783849787
P3_Brg1_matKO	631	192678	-9.727160801974828e-05	-1.2415885499929984
P3_Brg1_matKO	632	78286	-9.51456093128642e-05	-1.2416836956023112
P3_Brg1_matKO	633	105239	-9.406597951632504e-05	-1.2417777615818275
P3_Brg1_matKO	634	225825	-9.403734596673584e-05	-1.2418717989277943
P3_Brg1_matKO	635	17885	-9.393910211606378e-05	-1.2419657380299103
P3_Brg1_matKO	636	72584	-9.330806220384964e-05	-1.2420590460921141
P3_Brg1_matKO	637	217341	-9.328803188787364e-05	-1.242152334124002
P3_Brg1_matKO	638	214106	-9.246179122863472e-05	-1.2422447959152305
P3_Brg1_matKO	639	12931	-9.10073701652482e-05	-1.2423358032853957
P3_Brg1_matKO	640	319504	-9.011838923722564e-05	-1.242425921674633
P3_Brg1_matKO	641	268860	-8.991157469347117e-05	-1.2425158332493265
P3_Brg1_matKO	642	20447	-8.8630044261193e-05	-1.2426044632935878
P3_Brg1_matKO	643	54609	-8.678295253322701e-05	-1.242691246246121
P3_Brg1_matKO	644	64424	-8.476635635748526e-05	-1.2427760126024785
P3_Brg1_matKO	645	224661	-8.416903673549931e-05	-1.242860181639214
P3_Brg1_matKO	646	208228	-8.370454145362554e-05	-1.2429438861806676
P3_Brg1_matKO	647	70951	-8.216952548752286e-05	-1.2430260557061552
P3_Brg1_matKO	648	20191	-8.181329349047225e-05	-1.2431078689996458
P3_Brg1_matKO	649	13131	-8.17136422419089e-05	-1.2431895826418877
P3_Brg1_matKO	650	72042	-8.034996571629107e-05	-1.243269932607604
P3_Brg1_matKO	651	23792	-7.997626280189217e-05	-1.2433499088704059
P3_Brg1_matKO	652	14613	-7.687450398865656e-05	-1.2434267833743946
P3_Brg1_matKO	653	217410	-7.595816217401289e-05	-1.2435027415365687
P3_Brg1_matKO	654	69217	-7.579774529517346e-05	-1.243578539281864
P3_Brg1_matKO	655	23948	-7.2346409539501e-05	-1.2436508856914035
P3_Brg1_matKO	656	23966	-7.115756249123889e-05	-1.2437220432538947
P3_Brg1_matKO	657	28240	-7.016158807171343e-05	-1.2437922048419663
P3_Brg1_matKO	658	236930	-6.85249257680317e-05	-1.2438607297677342
P3_Brg1_matKO	659	108089	-6.825809292236748e-05	-1.2439289878606565
P3_Brg1_matKO	660	57738	-6.41352617201456e-05	-1.2439931231223766
P3_Brg1_matKO	661	53604	-6.390587584173538e-05	-1.2440570289982185
P3_Brg1_matKO	662	330890	-6.331021081505732e-05	-1.2441203392090334
P3_Brg1_matKO	663	268527	-6.035818192695271e-05	-1.2441806973909604
P3_Brg1_matKO	664	13850	-6.003171690613297e-05	-1.2442407291078665
P3_Brg1_matKO	665	19249	-5.971859975328304e-05	-1.2443004477076198
P3_Brg1_matKO	666	54486	-5.6813369206948e-05	-1.2443572610768268
P3_Brg1_matKO	667	14823	-5.6232343577288805e-05	-1.244413493420404
P3_Brg1_matKO	668	13058	-5.518467272313457e-05	-1.2444686780931271
P3_Brg1_matKO	669	171282	-5.483908083755043e-05	-1.2445235171739646
P3_Brg1_matKO	670	13048	-5.4423339827336346e-05	-1.244577940513792
P3_Brg1_matKO	671	22324	-5.09286914269029e-05	-1.244628869205219
P3_Brg1_matKO	672	100039795	-4.6483094434149535e-05	-1.2446753522996532
P3_Brg1_matKO	673	268902	-4.583625149893087e-05	-1.2447211885511522
P3_Brg1_matKO	674	21828	-4.564656260565556e-05	-1.244766835113758
P3_Brg1_matKO	675	381644	-4.502605788577878e-05	-1.2448118611716437
P3_Brg1_matKO	676	68642	-4.3707104194818646e-05	-1.2448555682758384
P3_Brg1_matKO	677	14675	-4.37000148600023e-05	-1.2448992682906985
P3_Brg1_matKO	678	12322	-4.192941676215761e-05	-1.2449411977074607
P3_Brg1_matKO	679	15213	-4.174560079205851e-05	-1.2449829433082527
P3_Brg1_matKO	680	244895	-4.112045671376402e-05	-1.2450240637649663
P3_Brg1_matKO	681	239319	-3.841421786498272e-05	-1.2450624779828312
P3_Brg1_matKO	682	94229	-3.79015969274108e-05	-1.2451003795797586
P3_Brg1_matKO	683	17921	-3.710781902850365e-05	-1.245137487398787
P3_Brg1_matKO	684	22062	-3.673038114541668e-05	-1.2451742177799325
P3_Brg1_matKO	685	99512	-3.641608210977997e-05	-1.2452106338620423
P3_Brg1_matKO	686	407823	-3.545036564295709e-05	-1.2452460842276853
P3_Brg1_matKO	687	241770	-3.5341174347316965e-05	-1.2452814254020326
P3_Brg1_matKO	688	236539	-3.520969747780593e-05	-1.2453166350995104
P3_Brg1_matKO	689	17193	-3.4049921961467774e-05	-1.245350685021472
P3_Brg1_matKO	690	18190	-3.396200821925044e-05	-1.2453846470296912
P3_Brg1_matKO	691	71145	-3.370725282747601e-05	-1.2454183542825188
P3_Brg1_matKO	692	15936	-3.369004208603072e-05	-1.2454520443246049
P3_Brg1_matKO	693	234214	-3.258657824638456e-05	-1.2454846309028513
P3_Brg1_matKO	694	107508	-3.217272067663115e-05	-1.245516803623528
P3_Brg1_matKO	695	80901	-3.203962974850913e-05	-1.2455488432532764
P3_Brg1_matKO	696	238024	-3.154572116723887e-05	-1.2455803889744437
P3_Brg1_matKO	697	320472	-3.1534729285800024e-05	-1.2456119237037295
P3_Brg1_matKO	698	56177	-3.147149932513017e-05	-1.2456433952030546
P3_Brg1_matKO	699	71240	-3.0859128355347554e-05	-1.2456742543314099
P3_Brg1_matKO	700	243574	-3.0616218220080304e-05	-1.2457048705496299
P3_Brg1_matKO	701	211798	-2.956262558827705e-05	-1.245734433175218
P3_Brg1_matKO	702	378431	-2.9067982771341925e-05	-1.2457635011579893
P3_Brg1_matKO	703	56485	-2.6700473766722188e-05	-1.245790201631756
P3_Brg1_matKO	704	20273	-2.6250833370662525e-05	-1.2458164524651265
P3_Brg1_matKO	705	330409	-2.6211282757892425e-05	-1.2458426637478843
P3_Brg1_matKO	706	109620	-2.517125270407977e-05	-1.2458678350005885
P3_Brg1_matKO	707	170638	-2.471167779449601e-05	-1.245892546678383
P3_Brg1_matKO	708	106389	-2.4320369823314097e-05	-1.2459168670482064
P3_Brg1_matKO	709	16881	-2.2709943949190435e-05	-1.2459395769921555
P3_Brg1_matKO	710	19258	-2.258895240367311e-05	-1.2459621659445592
P3_Brg1_matKO	711	52276	-2.1561617008784847e-05	-1.245983727561568
P3_Brg1_matKO	712	22171	-2.0575471459536557e-05	-1.2460043030330274
P3_Brg1_matKO	713	72415	-2.0286310323255183e-05	-1.2460245893433508
P3_Brg1_matKO	714	23921	-1.998143141624603e-05	-1.2460445707747672
P3_Brg1_matKO	715	268709	-1.9262278471294207e-05	-1.2460638330532385
P3_Brg1_matKO	716	22359	-1.906194448380554e-05	-1.2460828949977223
P3_Brg1_matKO	717	56224	-1.896440322880552e-05	-1.2461018594009512
P3_Brg1_matKO	718	20964	-1.845841947177249e-05	-1.246120317820423
P3_Brg1_matKO	719	114713	-1.805791052111165e-05	-1.246138375730944
P3_Brg1_matKO	720	12393	-1.7695606944344206e-05	-1.2461560713378885
P3_Brg1_matKO	721	110902	-1.7600577179726736e-05	-1.2461736719150682
P3_Brg1_matKO	722	19204	-1.7046898034399183e-05	-1.2461907188131027
P3_Brg1_matKO	723	20277	-1.6876343336001708e-05	-1.2462075951564386
P3_Brg1_matKO	724	107351	-1.5397564003070608e-05	-1.2462229927204418
P3_Brg1_matKO	725	12805	-1.4288326596763668e-05	-1.2462372810470386
P3_Brg1_matKO	726	20516	-1.088973793004668e-05	-1.2462481707849686
P3_Brg1_matKO	727	209032	-1.0798915353071297e-05	-1.2462589697003217
P3_Brg1_matKO	728	22256	-1.0690619811521158e-05	-1.2462696603201333
P3_Brg1_matKO	729	384763	-9.279999330812758e-06	-1.246278940319464
P3_Brg1_matKO	730	27801	-8.384244891993606e-06	-1.246287324564356
P3_Brg1_matKO	731	242700	-7.843401182472057e-06	-1.2462951679655385
P3_Brg1_matKO	732	66990	-7.257176763400881e-06	-1.2463024251423018
P3_Brg1_matKO	733	69066	-7.205324486019846e-06	-1.2463096304667878
P3_Brg1_matKO	734	56700	-6.93923811861681e-06	-1.2463165697049063
P3_Brg1_matKO	735	72151	-6.233419853973653e-06	-1.2463228031247604
P3_Brg1_matKO	736	14221	-4.685828136534765e-06	-1.246327488952897
P3_Brg1_matKO	737	14160	-4.028774361935253e-06	-1.246331517727259
P3_Brg1_matKO	738	238799	-4.012565074427492e-06	-1.2463355302923333
P3_Brg1_matKO	739	230721	-3.792213531748752e-06	-1.246339322505865
P3_Brg1_matKO	740	19416	-2.63029283194905e-06	-1.246341952798697
P3_Brg1_matKO	741	104816	-2.056050568932678e-06	-1.2463440088492659
P3_Brg1_matKO	742	223881	-1.6315722483036328e-06	-1.246345640421514
P3_Brg1_matKO	743	77116	-1.2920539351828462e-06	-1.2463469324754493
P3_Brg1_matKO	744	24057	-1.2637531351224642e-06	-1.2463481962285843
P3_Brg1_matKO	745	66771	-4.700179681937156e-07	-1.2463486662465524
P3_Brg1_matKO	746	15450	0.0	-1.2463486662465524
P3_Brg1_matKO	747	213417	0.0	-1.2463486662465524
P3_Brg1_matKO	748	12494	-0.0	-1.2463486662465524
P3_Brg1_matKO	749	12683	0.0	-1.2463486662465524
P3_Brg1_matKO	750	380785	0.0	-1.2463486662465524
P3_Brg1_matKO	751	20295	-0.0	-1.2463486662465524
P3_Brg1_matKO	752	13041	0.0	-1.2463486662465524
P3_Brg1_matKO	753	320129	-0.0	-1.2463486662465524
P3_Brg1_matKO	754	68764	-0.0	-1.2463486662465524
P3_Brg1_matKO	755	11602	0.0	-1.2463486662465524
P3_Brg1_matKO	756	68016	-0.0	-1.2463486662465524
P3_Brg1_matKO	757	19659	-0.0	-1.2463486662465524
P3_Brg1_matKO	758	223917	-0.0	-1.2463486662465524
P3_Brg1_matKO	759	13040	0.0	-1.2463486662465524
P3_Brg1_matKO	760	12390	0.0	-1.2463486662465524
P3_Brg1_matKO	761	211228	-0.0	-1.2463486662465524
P3_Brg1_matKO	762	12723	0.0	-1.2463486662465524
P3_Brg1_matKO	763	20680	-0.0	-1.2463486662465524
P3_Brg1_matKO	764	98752	0.0	-1.2463486662465524
P3_Brg1_matKO	765	241568	-0.0	-1.2463486662465524
P3_Brg1_matKO	766	16176	-0.0	-1.2463486662465524
P3_Brg1_matKO	767	277468	0.0	-1.2463486662465524
P3_Brg1_matKO	768	13655	-0.0	-1.2463486662465524
P3_Brg1_matKO	769	16173	0.0	-1.2463486662465524
P3_Brg1_matKO	770	80286	-0.0	-1.2463486662465524
P3_Brg1_matKO	771	216795	-0.0	-1.2463486662465524
P3_Brg1_matKO	772	22409	0.0	-1.2463486662465524
P3_Brg1_matKO	773	18619	0.0	-1.2463486662465524
P3_Brg1_matKO	774	76156	-0.0	-1.2463486662465524
P3_Brg1_matKO	775	20201	0.0	-1.2463486662465524
P3_Brg1_matKO	776	16181	-0.0	-1.2463486662465524
P3_Brg1_matKO	777	110876	0.0	-1.2463486662465524
P3_Brg1_matKO	778	109857	0.0	-1.2463486662465524
P3_Brg1_matKO	779	435965	-0.0	-1.2463486662465524
P3_Brg1_matKO	780	319229	-0.0	-1.2463486662465524
P3_Brg1_matKO	781	13516	-0.0	-1.2463486662465524
P3_Brg1_matKO	782	54519	0.0	-1.2463486662465524
P3_Brg1_matKO	783	63993	-0.0	-1.2463486662465524
P3_Brg1_matKO	784	93874	0.0	-1.2463486662465524
P3_Brg1_matKO	785	12143	0.0	-1.2463486662465524
P3_Brg1_matKO	786	320747	0.0	-1.2463486662465524
P3_Brg1_matKO	787	18782	-0.0	-1.2463486662465524
P3_Brg1_matKO	788	16431	-0.0	-1.2463486662465524
P3_Brg1_matKO	789	11687	0.0	-1.2463486662465524
P3_Brg1_matKO	790	78134	-0.0	-1.2463486662465524
P3_Brg1_matKO	791	14313	-0.0	-1.2463486662465524
P3_Brg1_matKO	792	18548	0.0	-1.2463486662465524
P3_Brg1_matKO	793	68680	0.0	-1.2463486662465524
P3_Brg1_matKO	794	11839	-0.0	-1.2463486662465524
P3_Brg1_matKO	795	16493	0.0	-1.2463486662465524
P3_Brg1_matKO	796	233246	-0.0	-1.2463486662465524
P3_Brg1_matKO	797	27409	-0.0	-1.2463486662465524
P3_Brg1_matKO	798	225341	-0.0	-1.2463486662465524
P3_Brg1_matKO	799	20339	-0.0	-1.2463486662465524
P3_Brg1_matKO	800	67375	0.0	-1.2463486662465524
P3_Brg1_matKO	801	14945	0.0	-1.2463486662465524
P3_Brg1_matKO	802	22671	-0.0	-1.2463486662465524
P3_Brg1_matKO	803	57814	0.0	-1.2463486662465524
P3_Brg1_matKO	804	233733	-0.0	-1.2463486662465524
P3_Brg1_matKO	805	170743	0.0	-1.2463486662465524
P3_Brg1_matKO	806	58222	-0.0	-1.2463486662465524
P3_Brg1_matKO	807	108052	0.0	-1.2463486662465524
P3_Brg1_matKO	808	21922	-0.0	-1.2463486662465524
P3_Brg1_matKO	809	104885	-0.0	-1.2463486662465524
P3_Brg1_matKO	810	21817	0.0	-1.2463486662465524
P3_Brg1_matKO	811	67564	-0.0	-1.2463486662465524
P3_Brg1_matKO	812	212974	-0.0	-1.2463486662465524
P3_Brg1_matKO	813	18667	0.0	-1.2463486662465524
P3_Brg1_matKO	814	213469	-0.0	-1.2463486662465524
P3_Brg1_matKO	815	72310	0.0	-1.2463486662465524
P3_Brg1_matKO	816	230163	-0.0	-1.2463486662465524
P3_Brg1_matKO	817	66901	0.0	-1.2463486662465524
P3_Brg1_matKO	818	56461	0.0	-1.2463486662465524
P3_Brg1_matKO	819	13370	-0.0	-1.2463486662465524
P3_Brg1_matKO	820	245827	-0.0	-1.2463486662465524
P3_Brg1_matKO	821	67573	-0.0	-1.2463486662465524
P3_Brg1_matKO	822	15111	0.0	-1.2463486662465524
P3_Brg1_matKO	823	94332	-0.0	-1.2463486662465524
P3_Brg1_matKO	824	20776	0.0	-1.2463486662465524
P3_Brg1_matKO	825	319660	0.0	-1.2463486662465524
P3_Brg1_matKO	826	12311	0.0	-1.2463486662465524
P3_Brg1_matKO	827	105827	-0.0	-1.2463486662465524
P3_Brg1_matKO	828	18113	-0.0	-1.2463486662465524
P3_Brg1_matKO	829	78376	0.0	-1.2463486662465524
P3_Brg1_matKO	830	16950	0.0	-1.2463486662465524
P3_Brg1_matKO	831	208890	-0.0	-1.2463486662465524
P3_Brg1_matKO	832	12700	-0.0	-1.2463486662465524
P3_Brg1_matKO	833	20274	-0.0	-1.2463486662465524
P3_Brg1_matKO	834	16426	0.0	-1.2463486662465524
P3_Brg1_matKO	835	12458	-0.0	-1.2463486662465524
P3_Brg1_matKO	836	18534	-0.0	-1.2463486662465524
P3_Brg1_matKO	837	72780	0.0	-1.2463486662465524
P3_Brg1_matKO	838	14373	0.0	-1.2463486662465524
P3_Brg1_matKO	839	20198	0.0	-1.2463486662465524
P3_Brg1_matKO	840	68777	0.0	-1.2463486662465524
P3_Brg1_matKO	841	30806	-0.0	-1.2463486662465524
P3_Brg1_matKO	842	77794	0.0	-1.2463486662465524
P3_Brg1_matKO	843	17528	-0.0	-1.2463486662465524
P3_Brg1_matKO	844	246728	0.0	-1.2463486662465524
P3_Brg1_matKO	845	16159	0.0	-1.2463486662465524
P3_Brg1_matKO	846	14173	0.0	-1.2463486662465524
P3_Brg1_matKO	847	13654	-0.0	-1.2463486662465524
P3_Brg1_matKO	848	74748	0.0	-1.2463486662465524
P3_Brg1_matKO	849	23967	-0.0	-1.2463486662465524
P3_Brg1_matKO	850	30955	0.0	-1.2463486662465524
P3_Brg1_matKO	851	73407	-0.0	-1.2463486662465524
P3_Brg1_matKO	852	11670	-0.0	-1.2463486662465524
P3_Brg1_matKO	853	399548	0.0	-1.2463486662465524
P3_Brg1_matKO	854	242939	0.0	-1.2463486662465524
P3_Brg1_matKO	855	14623	0.0	-1.2463486662465524
P3_Brg1_matKO	856	71607	-0.0	-1.2463486662465524
P3_Brg1_matKO	857	19713	-0.0	-1.2463486662465524
P3_Brg1_matKO	858	14017	0.0	-1.2463486662465524
P3_Brg1_matKO	859	16491	0.0	-1.2463486662465524
P3_Brg1_matKO	860	20202	0.0	-1.2463486662465524
P3_Brg1_matKO	861	210719	0.0	-1.2463486662465524
P3_Brg1_matKO	862	243616	-0.0	-1.2463486662465524
P3_Brg1_matKO	863	70928	0.0	-1.2463486662465524
P3_Brg1_matKO	864	50528	0.0	-1.2463486662465524
P3_Brg1_matKO	865	23985	-0.0	-1.2463486662465524
P3_Brg1_matKO	866	20618	0.0	-1.2463486662465524
P3_Brg1_matKO	867	242607	0.0	-1.2463486662465524
P3_Brg1_matKO	868	237831	0.0	-1.2463486662465524
P3_Brg1_matKO	869	67937	-0.0	-1.2463486662465524
P3_Brg1_matKO	870	54167	-0.0	-1.2463486662465524
P3_Brg1_matKO	871	171166	-0.0	-1.2463486662465524
P3_Brg1_matKO	872	14961	-0.0	-1.2463486662465524
P3_Brg1_matKO	873	232078	-0.0	-1.2463486662465524
P3_Brg1_matKO	874	71091	0.0	-1.2463486662465524
P3_Brg1_matKO	875	104080	-0.0	-1.2463486662465524
P3_Brg1_matKO	876	68428	-0.0	-1.2463486662465524
P3_Brg1_matKO	877	65115	-0.0	-1.2463486662465524
P3_Brg1_matKO	878	56221	-0.0	-1.2463486662465524
P3_Brg1_matKO	879	20965	-0.0	-1.2463486662465524
P3_Brg1_matKO	880	218763	-0.0	-1.2463486662465524
P3_Brg1_matKO	881	17082	-0.0	-1.2463486662465524
P3_Brg1_matKO	882	12481	0.0	-1.2463486662465524
P3_Brg1_matKO	883	16889	-0.0	-1.2463486662465524
P3_Brg1_matKO	884	23893	0.0	-1.2463486662465524
P3_Brg1_matKO	885	67272	-0.0	-1.2463486662465524
P3_Brg1_matKO	886	216616	0.0	-1.2463486662465524
P3_Brg1_matKO	887	74580	0.0	-1.2463486662465524
P3_Brg1_matKO	888	217125	0.0	-1.2463486662465524
P3_Brg1_matKO	889	16527	-0.0	-1.2463486662465524
P3_Brg1_matKO	890	216049	-0.0	-1.2463486662465524
P3_Brg1_matKO	891	20928	0.0	-1.2463486662465524
P3_Brg1_matKO	892	63828	0.0	-1.2463486662465524
P3_Brg1_matKO	893	69903	-0.0	-1.2463486662465524
P3_Brg1_matKO	894	13082	0.0	-1.2463486662465524
P3_Brg1_matKO	895	232333	-0.0	-1.2463486662465524
P3_Brg1_matKO	896	12796	-0.0	-1.2463486662465524
P3_Brg1_matKO	897	56471	-0.0	-1.2463486662465524
P3_Brg1_matKO	898	14758	-0.0	-1.2463486662465524
P3_Brg1_matKO	899	228550	-0.0	-1.2463486662465524
P3_Brg1_matKO	900	17313	-0.0	-1.2463486662465524
P3_Brg1_matKO	901	327957	0.0	-1.2463486662465524
P3_Brg1_matKO	902	50915	0.0	-1.2463486662465524
P3_Brg1_matKO	903	434341	0.0	-1.2463486662465524
P3_Brg1_matKO	904	237010	0.0	-1.2463486662465524
P3_Brg1_matKO	905	22268	-0.0	-1.2463486662465524
P3_Brg1_matKO	906	27280	0.0	-1.2463486662465524
P3_Brg1_matKO	907	13346	0.0	-1.2463486662465524
P3_Brg1_matKO	908	20537	-0.0	-1.2463486662465524
P3_Brg1_matKO	909	64242	0.0	-1.2463486662465524
P3_Brg1_matKO	910	23845	0.0	-1.2463486662465524
P3_Brg1_matKO	911	69671	0.0	-1.2463486662465524
P3_Brg1_matKO	912	109225	0.0	-1.2463486662465524
P3_Brg1_matKO	913	19288	-0.0	-1.2463486662465524
P3_Brg1_matKO	914	12351	-0.0	-1.2463486662465524
P3_Brg1_matKO	915	12505	0.0	-1.2463486662465524
P3_Brg1_matKO	916	58243	0.0	-1.2463486662465524
P3_Brg1_matKO	917	170952	0.0	-1.2463486662465524
P3_Brg1_matKO	918	17228	-0.0	-1.2463486662465524
P3_Brg1_matKO	919	103511	0.0	-1.2463486662465524
P3_Brg1_matKO	920	231134	-0.0	-1.2463486662465524
P3_Brg1_matKO	921	12825	-0.0	-1.2463486662465524
P3_Brg1_matKO	922	54698	-0.0	-1.2463486662465524
P3_Brg1_matKO	923	17085	0.0	-1.2463486662465524
P3_Brg1_matKO	924	14938	-0.0	-1.2463486662465524
P3_Brg1_matKO	925	53313	0.0	-1.2463486662465524
P3_Brg1_matKO	926	69693	0.0	-1.2463486662465524
P3_Brg1_matKO	927	13386	0.0	-1.2463486662465524
P3_Brg1_matKO	928	79235	0.0	-1.2463486662465524
P3_Brg1_matKO	929	20296	-0.0	-1.2463486662465524
P3_Brg1_matKO	930	14080	-0.0	-1.2463486662465524
P3_Brg1_matKO	931	64103	0.0	-1.2463486662465524
P3_Brg1_matKO	932	229791	-0.0	-1.2463486662465524
P3_Brg1_matKO	933	13849	0.0	-1.2463486662465524
P3_Brg1_matKO	934	21789	-0.0	-1.2463486662465524
P3_Brg1_matKO	935	19039	-0.0	-1.2463486662465524
P3_Brg1_matKO	936	56745	-0.0	-1.2463486662465524
P3_Brg1_matKO	937	209837	-0.0	-1.2463486662465524
P3_Brg1_matKO	938	114644	0.0	-1.2463486662465524
P3_Brg1_matKO	939	18596	0.0	-1.2463486662465524
P3_Brg1_matKO	940	226999	-0.0	-1.2463486662465524
P3_Brg1_matKO	941	11803	0.0	-1.2463486662465524
P3_Brg1_matKO	942	12654	0.0	-1.2463486662465524
P3_Brg1_matKO	943	18389	0.0	-1.2463486662465524
P3_Brg1_matKO	944	93761	-0.0	-1.2463486662465524
P3_Brg1_matKO	945	12007	0.0	-1.2463486662465524
P3_Brg1_matKO	946	171469	-0.0	-1.2463486662465524
P3_Brg1_matKO	947	21956	0.0	-1.2463486662465524
P3_Brg1_matKO	948	14125	0.0	-1.2463486662465524
P3_Brg1_matKO	949	21928	0.0	-1.2463486662465524
P3_Brg1_matKO	950	66528	-0.0	-1.2463486662465524
P3_Brg1_matKO	951	68352	0.0	-1.2463486662465524
P3_Brg1_matKO	952	29818	-0.0	-1.2463486662465524
P3_Brg1_matKO	953	242050	-0.0	-1.2463486662465524
P3_Brg1_matKO	954	76757	0.0	-1.2463486662465524
P3_Brg1_matKO	955	70370	0.0	-1.2463486662465524
P3_Brg1_matKO	956	70779	-0.0	-1.2463486662465524
P3_Brg1_matKO	957	15163	0.0	-1.2463486662465524
P3_Brg1_matKO	958	100038882	-0.0	-1.2463486662465524
P3_Brg1_matKO	959	18654	-0.0	-1.2463486662465524
P3_Brg1_matKO	960	65221	0.0	-1.2463486662465524
P3_Brg1_matKO	961	70415	-0.0	-1.2463486662465524
P3_Brg1_matKO	962	24110	0.0	-1.2463486662465524
P3_Brg1_matKO	963	66208	-0.0	-1.2463486662465524
P3_Brg1_matKO	964	217306	-0.0	-1.2463486662465524
P3_Brg1_matKO	965	14049	0.0	-1.2463486662465524
P3_Brg1_matKO	966	208164	0.0	-1.2463486662465524
P3_Brg1_matKO	967	207728	-0.0	-1.2463486662465524
P3_Brg1_matKO	968	23936	-0.0	-1.2463486662465524
P3_Brg1_matKO	969	109050	0.0	-1.2463486662465524
P3_Brg1_matKO	970	214359	-0.0	-1.2463486662465524
P3_Brg1_matKO	971	20317	-0.0	-1.2463486662465524
P3_Brg1_matKO	972	94180	0.0	-1.2463486662465524
P3_Brg1_matKO	973	56362	-0.0	-1.2463486662465524
P3_Brg1_matKO	974	20200	0.0	-1.2463486662465524
P3_Brg1_matKO	975	237387	0.0	-1.2463486662465524
P3_Brg1_matKO	976	14419	-0.0	-1.2463486662465524
P3_Brg1_matKO	977	16846	0.0	-1.2463486662465524
P3_Brg1_matKO	978	231162	0.0	-1.2463486662465524
P3_Brg1_matKO	979	11807	-0.0	-1.2463486662465524
P3_Brg1_matKO	980	12830	-0.0	-1.2463486662465524
P3_Brg1_matKO	981	14205	0.0	-1.2463486662465524
P3_Brg1_matKO	982	278180	0.0	-1.2463486662465524
P3_Brg1_matKO	983	244864	-0.0	-1.2463486662465524
P3_Brg1_matKO	984	19124	-0.0	-1.2463486662465524
P3_Brg1_matKO	985	21924	0.0	-1.2463486662465524
P3_Brg1_matKO	986	193034	-0.0	-1.2463486662465524
P3_Brg1_matKO	987	210808	0.0	-1.2463486662465524
P3_Brg1_matKO	988	233752	0.0	-1.2463486662465524
P3_Brg1_matKO	989	27226	0.0	-1.2463486662465524
P3_Brg1_matKO	990	19225	-0.0	-1.2463486662465524
P3_Brg1_matKO	991	20389	-0.0	-1.2463486662465524
P3_Brg1_matKO	992	320840	0.0	-1.2463486662465524
P3_Brg1_matKO	993	230103	0.0	-1.2463486662465524
P3_Brg1_matKO	994	53601	0.0	-1.2463486662465524
P3_Brg1_matKO	995	271786	0.0	-1.2463486662465524
P3_Brg1_matKO	996	118454	-0.0	-1.2463486662465524
P3_Brg1_matKO	997	12839	-0.0	-1.2463486662465524
P3_Brg1_matKO	998	22422	-0.0	-1.2463486662465524
P3_Brg1_matKO	999	13609	-0.0	-1.2463486662465524
P3_Brg1_matKO	1000	19711	-0.0	-1.2463486662465524
P3_Brg1_matKO	1001	212032	-0.0	-1.2463486662465524
P3_Brg1_matKO	1002	21384	0.0	-1.2463486662465524
P3_Brg1_matKO	1003	18121	-0.0	-1.2463486662465524
P3_Brg1_matKO	1004	72925	-0.0	-1.2463486662465524
P3_Brg1_matKO	1005	80837	-0.0	-1.2463486662465524
P3_Brg1_matKO	1006	225742	-0.0	-1.2463486662465524
P3_Brg1_matKO	1007	16909	-0.0	-1.2463486662465524
P3_Brg1_matKO	1008	218877	0.0	-1.2463486662465524
P3_Brg1_matKO	1009	11606	-0.0	-1.2463486662465524
P3_Brg1_matKO	1010	71099	0.0	-1.2463486662465524
P3_Brg1_matKO	1011	71781	-0.0	-1.2463486662465524
P3_Brg1_matKO	1012	17130	0.0	-1.2463486662465524
P3_Brg1_matKO	1013	70727	-0.0	-1.2463486662465524
P3_Brg1_matKO	1014	272031	-0.0	-1.2463486662465524
P3_Brg1_matKO	1015	114886	0.0	-1.2463486662465524
P3_Brg1_matKO	1016	77318	0.0	-1.2463486662465524
P3_Brg1_matKO	1017	26874	0.0	-1.2463486662465524
P3_Brg1_matKO	1018	15896	-0.0	-1.2463486662465524
P3_Brg1_matKO	1019	27056	-0.0	-1.2463486662465524
P3_Brg1_matKO	1020	239364	-0.0	-1.2463486662465524
P3_Brg1_matKO	1021	19220	0.0	-1.2463486662465524
P3_Brg1_matKO	1022	16197	0.0	-1.2463486662465524
P3_Brg1_matKO	1023	107766	-0.0	-1.2463486662465524
P3_Brg1_matKO	1024	21743	-0.0	-1.2463486662465524
P3_Brg1_matKO	1025	64176	0.0	-1.2463486662465524
P3_Brg1_matKO	1026	15370	0.0	-1.2463486662465524
P3_Brg1_matKO	1027	23923	-0.0	-1.2463486662465524
P3_Brg1_matKO	1028	69590	-0.0	-1.2463486662465524
P3_Brg1_matKO	1029	211550	0.0	-1.2463486662465524
P3_Brg1_matKO	1030	22229	-0.0	-1.2463486662465524
P3_Brg1_matKO	1031	12978	-0.0	-1.2463486662465524
P3_Brg1_matKO	1032	11829	-0.0	-1.2463486662465524
P3_Brg1_matKO	1033	14432	-0.0	-1.2463486662465524
P3_Brg1_matKO	1034	21898	0.0	-1.2463486662465524
P3_Brg1_matKO	1035	11745	0.0	-1.2463486662465524
P3_Brg1_matKO	1036	22351	-0.0	-1.2463486662465524
P3_Brg1_matKO	1037	106878	-0.0	-1.2463486662465524
P3_Brg1_matKO	1038	338369	-0.0	-1.2463486662465524
P3_Brg1_matKO	1039	17984	-0.0	-1.2463486662465524
P3_Brg1_matKO	1040	243328	-0.0	-1.2463486662465524
P3_Brg1_matKO	1041	14840	-0.0	-1.2463486662465524
P3_Brg1_matKO	1042	224024	0.0	-1.2463486662465524
P3_Brg1_matKO	1043	211739	-0.0	-1.2463486662465524
P3_Brg1_matKO	1044	69454	-0.0	-1.2463486662465524
P3_Brg1_matKO	1045	14126	-0.0	-1.2463486662465524
P3_Brg1_matKO	1046	574402	-0.0	-1.2463486662465524
P3_Brg1_matKO	1047	18400	0.0	-1.2463486662465524
P3_Brg1_matKO	1048	56496	0.0	-1.2463486662465524
P3_Brg1_matKO	1049	22370	-0.0	-1.2463486662465524
P3_Brg1_matKO	1050	231691	-0.0	-1.2463486662465524
P3_Brg1_matKO	1051	20319	0.0	-1.2463486662465524
P3_Brg1_matKO	1052	114679	0.0	-1.2463486662465524
P3_Brg1_matKO	1053	19011	-0.0	-1.2463486662465524
P3_Brg1_matKO	1054	17380	-0.0	-1.2463486662465524
P3_Brg1_matKO	1055	56644	0.0	-1.2463486662465524
P3_Brg1_matKO	1056	14412	-0.0	-1.2463486662465524
P3_Brg1_matKO	1057	67580	0.0	-1.2463486662465524
P3_Brg1_matKO	1058	230775	0.0	-1.2463486662465524
P3_Brg1_matKO	1059	56534	0.0	-1.2463486662465524
P3_Brg1_matKO	1060	15572	-0.0	-1.2463486662465524
P3_Brg1_matKO	1061	245020	0.0	-1.2463486662465524
P3_Brg1_matKO	1062	11450	-0.0	-1.2463486662465524
P3_Brg1_matKO	1063	241452	-0.0	-1.2463486662465524
P3_Brg1_matKO	1064	100040591	-0.0	-1.2463486662465524
P3_Brg1_matKO	1065	107527	-0.0	-1.2463486662465524
P3_Brg1_matKO	1066	19329	-0.0	-1.2463486662465524
P3_Brg1_matKO	1067	59308	0.0	-1.2463486662465524
P3_Brg1_matKO	1068	12501	0.0	-1.2463486662465524
P3_Brg1_matKO	1069	11688	0.0	-1.2463486662465524
P3_Brg1_matKO	1070	71690	0.0	-1.2463486662465524
P3_Brg1_matKO	1071	70405	0.0	-1.2463486662465524
P3_Brg1_matKO	1072	21786	-0.0	-1.2463486662465524
P3_Brg1_matKO	1073	14264	-0.0	-1.2463486662465524
P3_Brg1_matKO	1074	68566	0.0	-1.2463486662465524
P3_Brg1_matKO	1075	12346	-0.0	-1.2463486662465524
P3_Brg1_matKO	1076	353242	1.0857274594949744e-08	-1.2463486553892777
P3_Brg1_matKO	1077	380863	2.98196814626199e-07	-1.2463483571924632
P3_Brg1_matKO	1078	103551	2.2912295036138784e-06	-1.2463460659629595
P3_Brg1_matKO	1079	327954	3.1050401645315766e-06	-1.246342960922795
P3_Brg1_matKO	1080	66109	3.301224175812569e-06	-1.2463396596986192
P3_Brg1_matKO	1081	72016	4.013563822231705e-06	-1.246335646134797
P3_Brg1_matKO	1082	230582	5.427376434802314e-06	-1.2463302187583623
P3_Brg1_matKO	1083	20650	5.6339881387100784e-06	-1.2463245847702236
P3_Brg1_matKO	1084	235040	7.249069098871575e-06	-1.2463173357011248
P3_Brg1_matKO	1085	55988	7.430124698557146e-06	-1.2463099055764262
P3_Brg1_matKO	1086	20969	8.077802933222203e-06	-1.246301827773493
P3_Brg1_matKO	1087	22412	9.137183492203698e-06	-1.2462926905900007
P3_Brg1_matKO	1088	74666	9.201982096150684e-06	-1.2462834886079046
P3_Brg1_matKO	1089	83674	9.413082987063796e-06	-1.2462740755249175
P3_Brg1_matKO	1090	12416	9.514095882629606e-06	-1.2462645614290349
P3_Brg1_matKO	1091	171463	1.0543353561714528e-05	-1.246254018075473
P3_Brg1_matKO	1092	58802	1.5412208720207544e-05	-1.246238605866753
P3_Brg1_matKO	1093	54710	1.6870689767779602e-05	-1.246221735176985
P3_Brg1_matKO	1094	268451	1.8314357257348174e-05	-1.2462034208197277
P3_Brg1_matKO	1095	27762	1.835178666449245e-05	-1.2461850690330631
P3_Brg1_matKO	1096	75141	1.9169427106676444e-05	-1.2461658996059564
P3_Brg1_matKO	1097	16438	2.0319812521107528e-05	-1.2461455797934353
P3_Brg1_matKO	1098	23831	2.1128601937284957e-05	-1.246124451191498
P3_Brg1_matKO	1099	497097	2.1297508123585183e-05	-1.2461031536833744
P3_Brg1_matKO	1100	19087	2.1826189118919625e-05	-1.2460813274942555
P3_Brg1_matKO	1101	16768	2.414597159430477e-05	-1.246057181522661
P3_Brg1_matKO	1102	20423	2.422795804282109e-05	-1.2460329535646182
P3_Brg1_matKO	1103	14805	2.7764747662047295e-05	-1.246005188816956
P3_Brg1_matKO	1104	13363	2.9410364979938824e-05	-1.2459757784519763
P3_Brg1_matKO	1105	54366	3.117517394288464e-05	-1.2459446032780335
P3_Brg1_matKO	1106	227632	3.161800531900815e-05	-1.2459129852727144
P3_Brg1_matKO	1107	226098	3.209615377346459e-05	-1.245880889118941
P3_Brg1_matKO	1108	19041	3.234004123439463e-05	-1.2458485490777067
P3_Brg1_matKO	1109	75564	3.309568166955906e-05	-1.245815453396037
P3_Brg1_matKO	1110	70676	3.3124589612977884e-05	-1.245782328806424
P3_Brg1_matKO	1111	22113	3.529513071413249e-05	-1.24574703367571
P3_Brg1_matKO	1112	21960	3.598184357552008e-05	-1.2457110518321344
P3_Brg1_matKO	1113	76044	3.602026078699092e-05	-1.2456750315713474
P3_Brg1_matKO	1114	15186	3.744027337140399e-05	-1.245637591297976
P3_Brg1_matKO	1115	320557	3.753869118738587e-05	-1.2456000526067887
P3_Brg1_matKO	1116	269016	3.75947375716268e-05	-1.245562457869217
P3_Brg1_matKO	1117	14802	3.797813968102005e-05	-1.245524479729536
P3_Brg1_matKO	1118	18227	3.839978150965464e-05	-1.2454860799480263
P3_Brg1_matKO	1119	107305	3.854364849568557e-05	-1.2454475362995305
P3_Brg1_matKO	1120	268481	4.02379820867054e-05	-1.2454072983174438
P3_Brg1_matKO	1121	67512	4.138853365224658e-05	-1.2453659097837915
P3_Brg1_matKO	1122	71766	4.1865942178732216e-05	-1.2453240438416127
P3_Brg1_matKO	1123	380924	4.240996612389828e-05	-1.2452816338754888
P3_Brg1_matKO	1124	22276	4.27544253674442e-05	-1.2452388794501215
P3_Brg1_matKO	1125	64945	4.316156691793794e-05	-1.2451957178832036
P3_Brg1_matKO	1126	216760	4.356309397307633e-05	-1.2451521547892306
P3_Brg1_matKO	1127	66930	4.380751819245559e-05	-1.245108347271038
P3_Brg1_matKO	1128	68099	4.42030245061896e-05	-1.2450641442465318
P3_Brg1_matKO	1129	13836	4.431752106807996e-05	-1.2450198267254637
P3_Brg1_matKO	1130	12823	4.4444666751146926e-05	-1.2449753820587126
P3_Brg1_matKO	1131	546336	4.5488628231008585e-05	-1.2449298934304815
P3_Brg1_matKO	1132	70310	4.798140597606544e-05	-1.2448819120245054
P3_Brg1_matKO	1133	102545	4.8250101187086807e-05	-1.2448336619233182
P3_Brg1_matKO	1134	68760	4.9277432339403416e-05	-1.2447843844909787
P3_Brg1_matKO	1135	29859	5.1658844981066026e-05	-1.2447327256459977
P3_Brg1_matKO	1136	268780	5.253152830013186e-05	-1.2446801941176975
P3_Brg1_matKO	1137	76960	5.431981090210104e-05	-1.2446258743067953
P3_Brg1_matKO	1138	20778	5.467432362774263e-05	-1.2445711999831675
P3_Brg1_matKO	1139	329324	5.47565629883305e-05	-1.2445164434201792
P3_Brg1_matKO	1140	22376	5.646434737072673e-05	-1.2444599790728084
P3_Brg1_matKO	1141	73327	5.703159536562602e-05	-1.2444029474774427
P3_Brg1_matKO	1142	16574	5.7333333191804735e-05	-1.2443456141442508
P3_Brg1_matKO	1143	71994	5.785688367351785e-05	-1.2442877572605773
P3_Brg1_matKO	1144	15118	5.7888092552205393e-05	-1.2442298691680251
P3_Brg1_matKO	1145	286942	5.791952404597666e-05	-1.2441719496439791
P3_Brg1_matKO	1146	108000	5.894470360022833e-05	-1.244113004940379
P3_Brg1_matKO	1147	50765	5.910297292036487e-05	-1.2440539019674586
P3_Brg1_matKO	1148	329650	5.982629192315584e-05	-1.2439940756755354
P3_Brg1_matKO	1149	319901	6.01262442082116e-05	-1.2439339494313273
P3_Brg1_matKO	1150	106572	6.267536387343936e-05	-1.2438712740674538
P3_Brg1_matKO	1151	11496	6.29175826160776e-05	-1.2438083564848377
P3_Brg1_matKO	1152	16526	6.356908085059468e-05	-1.243744787403987
P3_Brg1_matKO	1153	101565	6.37441155982548e-05	-1.243681043288389
P3_Brg1_matKO	1154	77411	6.379139432549518e-05	-1.2436172518940634
P3_Brg1_matKO	1155	208158	6.503165441653632e-05	-1.2435522202396467
P3_Brg1_matKO	1156	232146	6.549516721156675e-05	-1.243486725072435
P3_Brg1_matKO	1157	103710	6.978480787185236e-05	-1.2434169402645632
P3_Brg1_matKO	1158	226861	7.012437018527249e-05	-1.243346815894378
P3_Brg1_matKO	1159	320664	7.191896809831494e-05	-1.2432748969262797
P3_Brg1_matKO	1160	67426	7.375236806041282e-05	-1.2432011445582192
P3_Brg1_matKO	1161	16513	7.93750707113e-05	-1.2431217694875079
P3_Brg1_matKO	1162	23836	7.98900969627225e-05	-1.2430418793905451
P3_Brg1_matKO	1163	330355	8.189434045724113e-05	-1.2429599850500879
P3_Brg1_matKO	1164	14268	8.248940397442984e-05	-1.2428774956461135
P3_Brg1_matKO	1165	268859	8.264019973046622e-05	-1.242794855446383
P3_Brg1_matKO	1166	17079	8.444201371769602e-05	-1.2427104134326654
P3_Brg1_matKO	1167	27999	8.637736857466577e-05	-1.2426240360640908
P3_Brg1_matKO	1168	66446	8.725655699996746e-05	-1.2425367795070907
P3_Brg1_matKO	1169	234267	8.910191790180666e-05	-1.2424476775891888
P3_Brg1_matKO	1170	208518	8.954276643932389e-05	-1.2423581348227495
P3_Brg1_matKO	1171	71803	9.09063172961891e-05	-1.2422672285054532
P3_Brg1_matKO	1172	11684	9.135275544718482e-05	-1.242175875750006
P3_Brg1_matKO	1173	14687	9.232263554219392e-05	-1.2420835531144638
P3_Brg1_matKO	1174	16510	9.888544829463076e-05	-1.2419846676661692
P3_Brg1_matKO	1175	211484	9.921720504951748e-05	-1.2418854504611196
P3_Brg1_matKO	1176	237353	0.0001001004806467	-1.241785349980473
P3_Brg1_matKO	1177	54420	0.0001002668218871	-1.241685083158586
P3_Brg1_matKO	1178	21652	0.0001008045512172	-1.2415842786073688
P3_Brg1_matKO	1179	11601	0.0001015813214912	-1.2414826972858775
P3_Brg1_matKO	1180	216856	0.0001023728917486	-1.2413803243941288
P3_Brg1_matKO	1181	236900	0.0001024176969219	-1.2412779066972068
P3_Brg1_matKO	1182	101497	0.0001039049280019	-1.241174001769205
P3_Brg1_matKO	1183	75906	0.0001044025969978	-1.2410695991722072
P3_Brg1_matKO	1184	243362	0.0001046396119894	-1.2409649595602177
P3_Brg1_matKO	1185	67216	0.0001076319644568	-1.2408573275957608
P3_Brg1_matKO	1186	19734	0.0001087436347851	-1.2407485839609758
P3_Brg1_matKO	1187	272636	0.0001087560499192	-1.2406398279110566
P3_Brg1_matKO	1188	228730	0.0001108885433217	-1.240528939367735
P3_Brg1_matKO	1189	16420	0.0001124709328238	-1.2404164684349113
P3_Brg1_matKO	1190	108899	0.000114027945884	-1.2403024404890273
P3_Brg1_matKO	1191	70381	0.0001145594794047	-1.2401878810096225
P3_Brg1_matKO	1192	320051	0.0001152455656307	-1.2400726354439917
P3_Brg1_matKO	1193	53328	0.0001162406785562	-1.2399563947654355
P3_Brg1_matKO	1194	94040	0.0001175115712776	-1.2398388831941578
P3_Brg1_matKO	1195	72017	0.0001177980323696	-1.2397210851617881
P3_Brg1_matKO	1196	241230	0.0001192045653346	-1.2396018805964535
P3_Brg1_matKO	1197	328381	0.0001247891377339	-1.2394770914587196
P3_Brg1_matKO	1198	59009	0.0001251302242725	-1.2393519612344472
P3_Brg1_matKO	1199	100434	0.0001252375024868	-1.2392267237319605
P3_Brg1_matKO	1200	192187	0.0001260915739064	-1.2391006321580542
P3_Brg1_matKO	1201	14261	0.0001261895539859	-1.2389744426040683
P3_Brg1_matKO	1202	72930	0.0001264946724468	-1.2388479479316215
P3_Brg1_matKO	1203	108927	0.0001289048886532	-1.2387190430429682
P3_Brg1_matKO	1204	103968	0.0001302766867568	-1.2385887663562114
P3_Brg1_matKO	1205	234593	0.000131606741866	-1.2384571596143454
P3_Brg1_matKO	1206	22029	0.0001329810245278	-1.2383241785898176
P3_Brg1_matKO	1207	66972	0.0001347563228146	-1.238189422267003
P3_Brg1_matKO	1208	245026	0.0001363565737784	-1.2380530656932245
P3_Brg1_matKO	1209	20449	0.0001364184937865	-1.237916647199438
P3_Brg1_matKO	1210	12840	0.0001365167782404	-1.2377801304211977
P3_Brg1_matKO	1211	228576	0.0001370478810916	-1.2376430825401061
P3_Brg1_matKO	1212	19126	0.0001376660017902	-1.237505416538316
P3_Brg1_matKO	1213	60363	0.0001390303882865	-1.2373663861500295
P3_Brg1_matKO	1214	18205	0.0001414992010461	-1.2372248869489835
P3_Brg1_matKO	1215	12550	0.0001417608667298	-1.2370831260822537
P3_Brg1_matKO	1216	28040	0.0001423437270766	-1.236940782355177
P3_Brg1_matKO	1217	23969	0.0001434487851243	-1.2367973335700526
P3_Brg1_matKO	1218	228785	0.0001436596262163	-1.2366536739438363
P3_Brg1_matKO	1219	109674	0.0001445644417869	-1.2365091095020493
P3_Brg1_matKO	1220	217203	0.0001445711665629	-1.2363645383354864
P3_Brg1_matKO	1221	20532	0.0001460885385841	-1.2362184497969024
P3_Brg1_matKO	1222	75669	0.0001461384277769	-1.2360723113691254
P3_Brg1_matKO	1223	17868	0.0001479187586787	-1.2359243926104468
P3_Brg1_matKO	1224	193838	0.0001500213560828	-1.235774371254364
P3_Brg1_matKO	1225	13710	0.0001503675902567	-1.2356240036641073
P3_Brg1_matKO	1226	14732	0.0001518319087429	-1.2354721717553645
P3_Brg1_matKO	1227	66953	0.0001524520881839	-1.2353197196671806
P3_Brg1_matKO	1228	77593	0.000154056243539	-1.2351656634236416
P3_Brg1_matKO	1229	546134	0.000155411117865	-1.2350102523057767
P3_Brg1_matKO	1230	408022	0.000156086340958	-1.2348541659648187
P3_Brg1_matKO	1231	22771	0.0001561023172147	-1.234698063647604
P3_Brg1_matKO	1232	12630	0.0001567346359214	-1.2345413290116825
P3_Brg1_matKO	1233	67800	0.0001570884463125	-1.23438424056537
P3_Brg1_matKO	1234	70261	0.0001581171839878	-1.2342261233813823
P3_Brg1_matKO	1235	74199	0.0001603133022386	-1.2340658100791437
P3_Brg1_matKO	1236	21389	0.0001635973590369	-1.233902212720107
P3_Brg1_matKO	1237	12297	0.0001664962684101	-1.2337357164516969
P3_Brg1_matKO	1238	12140	0.0001679660778844	-1.2335677503738125
P3_Brg1_matKO	1239	140580	0.0001692890323086	-1.2333984613415039
P3_Brg1_matKO	1240	20509	0.0001703595537647	-1.2332281017877391
P3_Brg1_matKO	1241	20474	0.0001714770635541	-1.233056624724185
P3_Brg1_matKO	1242	73683	0.0001716045260255	-1.2328850201981594
P3_Brg1_matKO	1243	13506	0.0001730312540372	-1.2327119889441223
P3_Brg1_matKO	1244	67103	0.0001743083698071	-1.2325376805743151
P3_Brg1_matKO	1245	69129	0.0001755081806351	-1.23236217239368
P3_Brg1_matKO	1246	106347	0.0001767898248817	-1.2321853825687983
P3_Brg1_matKO	1247	66526	0.0001775805142392	-1.232007802054559
P3_Brg1_matKO	1248	22417	0.0001786553359854	-1.2318291467185736
P3_Brg1_matKO	1249	210573	0.0001788685718518	-1.2316502781467218
P3_Brg1_matKO	1250	319520	0.0001801823076981	-1.2314700958390237
P3_Brg1_matKO	1251	218820	0.0001806209992203	-1.2312894748398033
P3_Brg1_matKO	1252	11746	0.0001811321269921	-1.2311083427128113
P3_Brg1_matKO	1253	13106	0.0001824494368751	-1.2309258932759362
P3_Brg1_matKO	1254	225358	0.0001834301253044	-1.2307424631506318
P3_Brg1_matKO	1255	104871	0.0001837728637387	-1.2305586902868932
P3_Brg1_matKO	1256	69574	0.0001856800259552	-1.230373010260938
P3_Brg1_matKO	1257	74761	0.0001862871128822	-1.2301867231480559
P3_Brg1_matKO	1258	231470	0.0001875793427821	-1.2299991438052738
P3_Brg1_matKO	1259	216867	0.000187835727803	-1.2298113080774709
P3_Brg1_matKO	1260	105243	0.0001884607521959	-1.229622847325275
P3_Brg1_matKO	1261	68082	0.0001904253588569	-1.229432421966418
P3_Brg1_matKO	1262	19263	0.0001908922340516	-1.2292415297323664
P3_Brg1_matKO	1263	12333	0.0001923599860541	-1.2290491697463124
P3_Brg1_matKO	1264	14560	0.0001930039289571	-1.2288561658173554
P3_Brg1_matKO	1265	239554	0.0001934886963629	-1.2286626771209925
P3_Brg1_matKO	1266	26415	0.000194726933026	-1.2284679501879665
P3_Brg1_matKO	1267	140792	0.0001966644794126	-1.2282712857085538
P3_Brg1_matKO	1268	21823	0.000197808191765	-1.2280734775167887
P3_Brg1_matKO	1269	66349	0.0001981527521243	-1.2278753247646645
P3_Brg1_matKO	1270	433938	0.000198181951946	-1.2276771428127184
P3_Brg1_matKO	1271	170737	0.0001990696825626	-1.2274780731301558
P3_Brg1_matKO	1272	80909	0.0002030917612881	-1.2272749813688677
P3_Brg1_matKO	1273	246707	0.0002073728293801	-1.2270676085394876
P3_Brg1_matKO	1274	59126	0.0002073834878241	-1.2268602250516636
P3_Brg1_matKO	1275	71819	0.0002119591343931	-1.2266482659172704
P3_Brg1_matKO	1276	54126	0.0002121367738411	-1.2264361291434294
P3_Brg1_matKO	1277	12029	0.0002137569795435	-1.2262223721638859
P3_Brg1_matKO	1278	328365	0.0002140893889717	-1.2260082827749141
P3_Brg1_matKO	1279	330671	0.0002155533754232	-1.225792729399491
P3_Brg1_matKO	1280	76217	0.0002164169698089	-1.2255763124296821
P3_Brg1_matKO	1281	22223	0.0002170012510851	-1.225359311178597
P3_Brg1_matKO	1282	14544	0.0002177287754449	-1.2251415824031522
P3_Brg1_matKO	1283	68846	0.0002186679403797	-1.2249229144627725
P3_Brg1_matKO	1284	17127	0.0002190717564653	-1.224703842706307
P3_Brg1_matKO	1285	19338	0.0002194834362016	-1.2244843592701053
P3_Brg1_matKO	1286	56513	0.0002218330871602	-1.2242625261829452
P3_Brg1_matKO	1287	21664	0.0002251546956449	-1.2240373714873003
P3_Brg1_matKO	1288	228482	0.0002288916953367	-1.2238084797919635
P3_Brg1_matKO	1289	109272	0.0002293875123291	-1.2235790922796344
P3_Brg1_matKO	1290	71998	0.000231485547848	-1.2233476067317863
P3_Brg1_matKO	1291	107227	0.0002354645880257	-1.2231121421437607
P3_Brg1_matKO	1292	233406	0.0002357442083687	-1.222876397935392
P3_Brg1_matKO	1293	17756	0.0002369213607384	-1.2226394765746535
P3_Brg1_matKO	1294	20475	0.0002395324537189	-1.2223999441209346
P3_Brg1_matKO	1295	56047	0.00024041397274	-1.2221595301481945
P3_Brg1_matKO	1296	72585	0.0002410387158956	-1.221918491432299
P3_Brg1_matKO	1297	72097	0.0002426075853993	-1.2216758838468995
P3_Brg1_matKO	1298	207495	0.0002532576903165	-1.221422626156583
P3_Brg1_matKO	1299	56523	0.0002542484588009	-1.2211683776977822
P3_Brg1_matKO	1300	16591	0.0002589402673311	-1.220909437430451
P3_Brg1_matKO	1301	73075	0.0002598704207308	-1.2206495670097202
P3_Brg1_matKO	1302	75345	0.0002615831231019	-1.2203879838866183
P3_Brg1_matKO	1303	320100	0.0002618850061082	-1.22012609888051
P3_Brg1_matKO	1304	67138	0.0002646537798557	-1.2198614451006544
P3_Brg1_matKO	1305	319613	0.0002654939874458	-1.2195959511132086
P3_Brg1_matKO	1306	74901	0.0002697694414642	-1.2193261816717444
P3_Brg1_matKO	1307	50779	0.0002706647091619	-1.2190555169625825
P3_Brg1_matKO	1308	17389	0.0002711706187858	-1.2187843463437966
P3_Brg1_matKO	1309	18150	0.0002728229524639	-1.2185115233913326
P3_Brg1_matKO	1310	97440	0.0002792362139044	-1.2182322871774283
P3_Brg1_matKO	1311	16590	0.0002804920346935	-1.2179517951427348
P3_Brg1_matKO	1312	81904	0.0002817986880735	-1.2176699964546613
P3_Brg1_matKO	1313	18750	0.0002821899177844	-1.2173878065368768
P3_Brg1_matKO	1314	330301	0.0002852484453302	-1.2171025580915467
P3_Brg1_matKO	1315	74013	0.0002867072714377	-1.216815850820109
P3_Brg1_matKO	1316	11480	0.000289814023992	-1.216526036796117
P3_Brg1_matKO	1317	76441	0.0002906520197347	-1.2162353847763823
P3_Brg1_matKO	1318	72008	0.0002915839528344	-1.215943800823548
P3_Brg1_matKO	1319	244723	0.0002930417168996	-1.2156507591066483
P3_Brg1_matKO	1320	16403	0.0002947762801495	-1.2153559828264988
P3_Brg1_matKO	1321	64929	0.0002963746464185	-1.2150596081800804
P3_Brg1_matKO	1322	208650	0.0002989793430024	-1.214760628837078
P3_Brg1_matKO	1323	271005	0.0003003299022035	-1.2144602989348745
P3_Brg1_matKO	1324	72050	0.0003009794752819	-1.2141593194595925
P3_Brg1_matKO	1325	347722	0.0003046865102866	-1.2138546329493058
P3_Brg1_matKO	1326	64340	0.0003104904019518	-1.213544142547354
P3_Brg1_matKO	1327	73094	0.0003112070199244	-1.2132329355274296
P3_Brg1_matKO	1328	216527	0.0003138017205553	-1.2129191338068743
P3_Brg1_matKO	1329	73379	0.0003163470060375	-1.2126027868008369
P3_Brg1_matKO	1330	18616	0.0003183897977533	-1.2122843970030837
P3_Brg1_matKO	1331	52245	0.0003220584367942	-1.2119623385662894
P3_Brg1_matKO	1332	225913	0.0003223446553512	-1.2116399939109381
P3_Brg1_matKO	1333	223774	0.000322890417976	-1.2113171034929622
P3_Brg1_matKO	1334	99010	0.0003232106951525	-1.2109938927978097
P3_Brg1_matKO	1335	214804	0.0003296387811621	-1.2106642540166477
P3_Brg1_matKO	1336	15902	0.0003360838401158	-1.2103281701765318
P3_Brg1_matKO	1337	19246	0.0003387517039872	-1.2099894184725446
P3_Brg1_matKO	1338	13841	0.0003390807221824	-1.2096503377503622
P3_Brg1_matKO	1339	14163	0.0003404864012193	-1.209309851349143
P3_Brg1_matKO	1340	21825	0.0003406639556797	-1.2089691873934632
P3_Brg1_matKO	1341	241226	0.0003427896297453	-1.208626397763718
P3_Brg1_matKO	1342	240087	0.0003430221462458	-1.2082833756174722
P3_Brg1_matKO	1343	20430	0.0003450883485791	-1.207938287268893
P3_Brg1_matKO	1344	106869	0.0003472334412118	-1.2075910538276813
P3_Brg1_matKO	1345	209558	0.000348357223144	-1.2072426966045373
P3_Brg1_matKO	1346	67603	0.0003498878443921	-1.2068928087601452
P3_Brg1_matKO	1347	217262	0.0003501771239548	-1.2065426316361902
P3_Brg1_matKO	1348	192976	0.0003570610029801	-1.20618557063321
P3_Brg1_matKO	1349	67993	0.0003638730955877	-1.2058216975376224
P3_Brg1_matKO	1350	76223	0.0003697994042716	-1.2054518981333509
P3_Brg1_matKO	1351	67703	0.0003712239759333	-1.2050806741574176
P3_Brg1_matKO	1352	223272	0.0003713642954183	-1.2047093098619992
P3_Brg1_matKO	1353	52589	0.0003715810636791	-1.2043377287983201
P3_Brg1_matKO	1354	57443	0.0003766129188913	-1.2039611158794288
P3_Brg1_matKO	1355	18526	0.0003776133380357	-1.203583502541393
P3_Brg1_matKO	1356	226777	0.0003865885387121	-1.2031969140026808
P3_Brg1_matKO	1357	74490	0.0003898870627362	-1.2028070269399447
P3_Brg1_matKO	1358	100048534	0.0003944257222794	-1.2024126012176652
P3_Brg1_matKO	1359	93735	0.0004016966270414	-1.2020109045906238
P3_Brg1_matKO	1360	19419	0.000404314891179	-1.2016065896994448
P3_Brg1_matKO	1361	243755	0.0004052860783692	-1.2012013036210756
P3_Brg1_matKO	1362	77015	0.0004056352366818	-1.2007956683843939
P3_Brg1_matKO	1363	19099	0.0004105011130625	-1.2003851672713315
P3_Brg1_matKO	1364	236285	0.0004149257630223	-1.199970241508309
P3_Brg1_matKO	1365	13844	0.0004209024920612	-1.199549339016248
P3_Brg1_matKO	1366	73825	0.0004247809175906	-1.1991245580986574
P3_Brg1_matKO	1367	17537	0.0004284387671937	-1.1986961193314636
P3_Brg1_matKO	1368	240058	0.000431784674327	-1.1982643346571367
P3_Brg1_matKO	1369	26377	0.0004326798918878	-1.1978316547652488
P3_Brg1_matKO	1370	13603	0.0004383712648304	-1.1973932835004184
P3_Brg1_matKO	1371	229228	0.0004469838911119	-1.1969462996093065
P3_Brg1_matKO	1372	74717	0.0004494413403876	-1.196496858268919
P3_Brg1_matKO	1373	633640	0.0004500186173183	-1.1960468396516009
P3_Brg1_matKO	1374	107449	0.0004500583511748	-1.195596781300426
P3_Brg1_matKO	1375	109594	0.0004533244263559	-1.1951434568740702
P3_Brg1_matKO	1376	214580	0.0004534514603122	-1.194690005413758
P3_Brg1_matKO	1377	27219	0.0004562651634021	-1.1942337402503558
P3_Brg1_matKO	1378	116837	0.0004566009760939	-1.193777139274262
P3_Brg1_matKO	1379	245595	0.0004661540906392	-1.1933109851836228
P3_Brg1_matKO	1380	140721	0.0004666125685047	-1.192844372615118
P3_Brg1_matKO	1381	12827	0.0004671965854085	-1.1923771760297097
P3_Brg1_matKO	1382	208715	0.0004678273391773	-1.1919093486905323
P3_Brg1_matKO	1383	83671	0.0004682973179699	-1.1914410513725624
P3_Brg1_matKO	1384	71876	0.0004696304763001	-1.1909714208962623
P3_Brg1_matKO	1385	330286	0.0004801015857731	-1.1904913193104891
P3_Brg1_matKO	1386	330189	0.0004842893370283	-1.1900070299734609
P3_Brg1_matKO	1387	106042	0.0004853839219764	-1.1895216460514844
P3_Brg1_matKO	1388	384214	0.0004920516845946	-1.1890295943668898
P3_Brg1_matKO	1389	227059	0.0004980538062324	-1.1885315405606574
P3_Brg1_matKO	1390	14128	0.0004982307272603	-1.188033309833397
P3_Brg1_matKO	1391	73822	0.0004994307885016	-1.1875338790448955
P3_Brg1_matKO	1392	13824	0.0005000482648632	-1.1870338307800323
P3_Brg1_matKO	1393	22779	0.0005030910019311	-1.1865307397781013
P3_Brg1_matKO	1394	70454	0.0005128038123079	-1.1860179359657934
P3_Brg1_matKO	1395	209966	0.0005210905223119	-1.1854968454434816
P3_Brg1_matKO	1396	16371	0.0005233263360908	-1.1849735191073907
P3_Brg1_matKO	1397	11513	0.0005242820196848	-1.1844492370877058
P3_Brg1_matKO	1398	108098	0.0005280527755361	-1.1839211843121697
P3_Brg1_matKO	1399	18951	0.0005329187130758	-1.183388265599094
P3_Brg1_matKO	1400	382913	0.0005341513030992	-1.1828541142959947
P3_Brg1_matKO	1401	18441	0.0005394414751593	-1.1823146728208354
P3_Brg1_matKO	1402	233875	0.0005422954174464	-1.181772377403389
P3_Brg1_matKO	1403	16402	0.0005440528528038	-1.1812283245505852
P3_Brg1_matKO	1404	74589	0.000544615124037	-1.1806837094265483
P3_Brg1_matKO	1405	72002	0.0005465863323421	-1.1801371230942062
P3_Brg1_matKO	1406	641376	0.0005472891854002	-1.179589833908806
P3_Brg1_matKO	1407	231207	0.0005505469451602	-1.179039286963646
P3_Brg1_matKO	1408	218341	0.0005602883399402	-1.1784789986237056
P3_Brg1_matKO	1409	217946	0.0005622032515734	-1.1779167953721323
P3_Brg1_matKO	1410	16162	0.0005661237387394	-1.177350671633393
P3_Brg1_matKO	1411	170790	0.0005734510258655	-1.1767772206075275
P3_Brg1_matKO	1412	227197	0.0005760410060013	-1.1762011796015261
P3_Brg1_matKO	1413	216850	0.0005869550171714	-1.1756142245843548
P3_Brg1_matKO	1414	319953	0.0005922639236175	-1.1750219606607373
P3_Brg1_matKO	1415	14545	0.0005941336008425	-1.1744278270598947
P3_Brg1_matKO	1416	18415	0.0005965966634284	-1.1738312303964662
P3_Brg1_matKO	1417	192232	0.0006011427546966	-1.1732300876417696
P3_Brg1_matKO	1418	77056	0.0006025046982305	-1.172627582943539
P3_Brg1_matKO	1419	20912	0.0006046270888107	-1.1720229558547284
P3_Brg1_matKO	1420	230904	0.0006046772711315	-1.171418278583597
P3_Brg1_matKO	1421	23999	0.000605158554349	-1.170813120029248
P3_Brg1_matKO	1422	11364	0.0006072217661716	-1.1702058982630763
P3_Brg1_matKO	1423	215632	0.0006083911511832	-1.1695975071118931
P3_Brg1_matKO	1424	84004	0.0006098324761591	-1.168987674635734
P3_Brg1_matKO	1425	12190	0.0006119902576258	-1.1683756843781081
P3_Brg1_matKO	1426	226841	0.000612818268578	-1.16776286610953
P3_Brg1_matKO	1427	218461	0.0006189798643002	-1.16714388624523
P3_Brg1_matKO	1428	109019	0.0006211785793257	-1.1665227076659042
P3_Brg1_matKO	1429	17433	0.0006256938630733	-1.1658970138028308
P3_Brg1_matKO	1430	75668	0.0006270545707652	-1.1652699592320657
P3_Brg1_matKO	1431	75209	0.0006397296586361	-1.1646302295734297
P3_Brg1_matKO	1432	67211	0.0006440084249991	-1.1639862211484306
P3_Brg1_matKO	1433	14276	0.0006458122899671	-1.1633404088584636
P3_Brg1_matKO	1434	237211	0.0006501322859964	-1.1626902765724672
P3_Brg1_matKO	1435	12449	0.000651772666472	-1.162038503905995
P3_Brg1_matKO	1436	30935	0.0006611255155143	-1.1613773783904808
P3_Brg1_matKO	1437	67059	0.0006618981027455	-1.1607154802877353
P3_Brg1_matKO	1438	18476	0.0006662045822169	-1.1600492757055183
P3_Brg1_matKO	1439	320662	0.0006698330973104	-1.1593794426082078
P3_Brg1_matKO	1440	208213	0.000670680774487	-1.1587087618337208
P3_Brg1_matKO	1441	319670	0.0006711421277882	-1.1580376197059326
P3_Brg1_matKO	1442	67971	0.0006711809881411	-1.1573664387177915
P3_Brg1_matKO	1443	11352	0.0006723306914796	-1.156694108026312
P3_Brg1_matKO	1444	18510	0.0006761094479416	-1.1560179985783705
P3_Brg1_matKO	1445	104445	0.0006825385203279	-1.1553354600580426
P3_Brg1_matKO	1446	58208	0.000685290956518	-1.1546501691015245
P3_Brg1_matKO	1447	22116	0.0006869824982627	-1.1539631866032618
P3_Brg1_matKO	1448	83429	0.000690971941971	-1.1532722146612908
P3_Brg1_matKO	1449	242505	0.000691468531526	-1.1525807461297648
P3_Brg1_matKO	1450	73747	0.0006918675141882	-1.1518888786155765
P3_Brg1_matKO	1451	20525	0.0006992545048473	-1.1511896241107293
P3_Brg1_matKO	1452	109660	0.0007094382782197	-1.1504801858325095
P3_Brg1_matKO	1453	232441	0.0007121037012904	-1.149768082131219
P3_Brg1_matKO	1454	53619	0.000714903763255	-1.149053178367964
P3_Brg1_matKO	1455	223646	0.000720419654212	-1.148332758713752
P3_Brg1_matKO	1456	259302	0.0007275950073402	-1.1476051637064117
P3_Brg1_matKO	1457	70546	0.0007291021184872	-1.1468760615879245
P3_Brg1_matKO	1458	71699	0.0007322911351945	-1.14614377045273
P3_Brg1_matKO	1459	20462	0.0007403890304727	-1.1454033814222573
P3_Brg1_matKO	1460	634731	0.0007450062112452	-1.144658375211012
P3_Brg1_matKO	1461	68802	0.0007455817426872	-1.1439127934683249
P3_Brg1_matKO	1462	232946	0.0007493445081594	-1.1431634489601654
P3_Brg1_matKO	1463	207259	0.0007498126052758	-1.1424136363548896
P3_Brg1_matKO	1464	54634	0.0007527088765191	-1.1416609274783704
P3_Brg1_matKO	1465	140577	0.0007542096242107	-1.1409067178541596
P3_Brg1_matKO	1466	72685	0.0007557374903994	-1.1401509803637602
P3_Brg1_matKO	1467	12842	0.0007573516831007	-1.1393936286806594
P3_Brg1_matKO	1468	19739	0.0007688336139886	-1.1386247950666708
P3_Brg1_matKO	1469	279561	0.0007797324913685	-1.1378450625753023
P3_Brg1_matKO	1470	70008	0.0007799636091608	-1.1370650989661415
P3_Brg1_matKO	1471	12326	0.0007838763011804	-1.136281222664961
P3_Brg1_matKO	1472	12166	0.0007859333613662	-1.1354952893035948
P3_Brg1_matKO	1473	239273	0.0007880298914294	-1.1347072594121654
P3_Brg1_matKO	1474	235472	0.0007907190437627	-1.1339165403684028
P3_Brg1_matKO	1475	13008	0.0008029498194561	-1.1331135905489467
P3_Brg1_matKO	1476	105439	0.0008037701620622	-1.1323098203868844
P3_Brg1_matKO	1477	70350	0.0008060789732747	-1.1315037414136098
P3_Brg1_matKO	1478	73836	0.0008066777132468	-1.130697063700363
P3_Brg1_matKO	1479	229699	0.0008071557928314	-1.1298899079075317
P3_Brg1_matKO	1480	384569	0.0008078213328345	-1.1290820865746973
P3_Brg1_matKO	1481	23928	0.0008129395741426	-1.1282691470005548
P3_Brg1_matKO	1482	11733	0.000813545098713	-1.1274556019018418
P3_Brg1_matKO	1483	109205	0.0008161641225467	-1.1266394377792952
P3_Brg1_matKO	1484	15442	0.0008240687139919	-1.1258153690653032
P3_Brg1_matKO	1485	338370	0.0008264410549979	-1.1249889280103054
P3_Brg1_matKO	1486	380713	0.0008269299480381	-1.1241619980622672
P3_Brg1_matKO	1487	53972	0.0008317375972676	-1.1233302604649997
P3_Brg1_matKO	1488	94091	0.0008365693913956	-1.122493691073604
P3_Brg1_matKO	1489	57746	0.0008517165199489	-1.1216419745536552
P3_Brg1_matKO	1490	17390	0.0008546486052202	-1.120787325948435
P3_Brg1_matKO	1491	16598	0.0008630945235033	-1.1199242314249318
P3_Brg1_matKO	1492	56508	0.0008640872003412	-1.1190601442245907
P3_Brg1_matKO	1493	55987	0.0008664343666606	-1.11819370985793
P3_Brg1_matKO	1494	67582	0.0008692994452802	-1.1173244104126498
P3_Brg1_matKO	1495	64817	0.0008701887814187	-1.1164542216312312
P3_Brg1_matKO	1496	170721	0.0008737822126838	-1.1155804394185473
P3_Brg1_matKO	1497	225997	0.0008779943425949	-1.1147024450759524
P3_Brg1_matKO	1498	67238	0.0008794687451804	-1.113822976330772
P3_Brg1_matKO	1499	84036	0.0009108027347421	-1.11291217359603
P3_Brg1_matKO	1500	17064	0.0009225485819815	-1.1119896250140484
P3_Brg1_matKO	1501	67295	0.0009366789179152	-1.1110529460961331
P3_Brg1_matKO	1502	72349	0.0009393551218749	-1.1101135909742583
P3_Brg1_matKO	1503	17153	0.000940352557584	-1.1091732384166744
P3_Brg1_matKO	1504	75641	0.0009429968817783	-1.1082302415348961
P3_Brg1_matKO	1505	14026	0.0009450464916338	-1.1072851950432623
P3_Brg1_matKO	1506	12287	0.0009472467501691	-1.1063379482930933
P3_Brg1_matKO	1507	81006	0.0009539474746993	-1.105384000818394
P3_Brg1_matKO	1508	16797	0.000954884230238	-1.104429116588156
P3_Brg1_matKO	1509	232976	0.0009588604864496	-1.1034702561017062
P3_Brg1_matKO	1510	17196	0.0009643344041574	-1.1025059216975488
P3_Brg1_matKO	1511	19881	0.0009666059949844	-1.1015393157025644
P3_Brg1_matKO	1512	57890	0.000970523013861	-1.1005687926887033
P3_Brg1_matKO	1513	67963	0.0009769722620706	-1.0995918204266328
P3_Brg1_matKO	1514	76025	0.000979240849865	-1.0986125795767678
P3_Brg1_matKO	1515	71820	0.0009885726882794	-1.0976240068884884
P3_Brg1_matKO	1516	18230	0.0009888757927613	-1.0966351310957272
P3_Brg1_matKO	1517	213435	0.0009890241268957	-1.0956461069688315
P3_Brg1_matKO	1518	110310	0.0009896989179175	-1.094656408050914
P3_Brg1_matKO	1519	666048	0.00099845183808	-1.0936579562128341
P3_Brg1_matKO	1520	74091	0.0010146634773022	-1.0926432927355318
P3_Brg1_matKO	1521	11593	0.0010230194287936	-1.0916202733067382
P3_Brg1_matKO	1522	66412	0.0010239062494296	-1.0905963670573087
P3_Brg1_matKO	1523	14369	0.0010245382157032	-1.0895718288416054
P3_Brg1_matKO	1524	13681	0.0010286184032186	-1.0885432104383868
P3_Brg1_matKO	1525	30954	0.0010362738624354	-1.0875069365759513
P3_Brg1_matKO	1526	108153	0.0010391279462171	-1.0864678086297341
P3_Brg1_matKO	1527	110075	0.00104211314271	-1.085425695487024
P3_Brg1_matKO	1528	75769	0.0010469126752288	-1.0843787828117952
P3_Brg1_matKO	1529	65970	0.0010551215493556	-1.0833236612624397
P3_Brg1_matKO	1530	74202	0.0010603859088306	-1.0822632753536092
P3_Brg1_matKO	1531	108159	0.0010613753473805	-1.0812019000062287
P3_Brg1_matKO	1532	20692	0.0010622916124611	-1.0801396083937675
P3_Brg1_matKO	1533	72003	0.0010625629890694	-1.079077045404698
P3_Brg1_matKO	1534	78558	0.0010685007866592	-1.078008544618039
P3_Brg1_matKO	1535	208154	0.0010848323127484	-1.0769237123052906
P3_Brg1_matKO	1536	381217	0.0010950513088765	-1.075828660996414
P3_Brg1_matKO	1537	219228	0.0010960444100727	-1.0747326165863413
P3_Brg1_matKO	1538	66999	0.0010964580148002	-1.073636158571541
P3_Brg1_matKO	1539	329278	0.0010981460902031	-1.072538012481338
P3_Brg1_matKO	1540	20104	0.0010982222844925	-1.0714397901968455
P3_Brg1_matKO	1541	19268	0.0011074221449408	-1.0703323680519048
P3_Brg1_matKO	1542	237611	0.0011077879072887	-1.069224580144616
P3_Brg1_matKO	1543	13618	0.001111456076867	-1.068113124067749
P3_Brg1_matKO	1544	18453	0.0011140712629677	-1.0669990528047812
P3_Brg1_matKO	1545	78749	0.0011158279082788	-1.0658832248965024
P3_Brg1_matKO	1546	16764	0.0011169076835603	-1.0647663172129422
P3_Brg1_matKO	1547	26411	0.0011200723184272	-1.063646244894515
P3_Brg1_matKO	1548	14012	0.00112361234666	-1.062522632547855
P3_Brg1_matKO	1549	22063	0.001136864248018	-1.0613857682998369
P3_Brg1_matKO	1550	320495	0.0011379545313741	-1.0602478137684628
P3_Brg1_matKO	1551	67739	0.0011508927914006	-1.0590969209770622
P3_Brg1_matKO	1552	320204	0.0011663847591825	-1.0579305362178797
P3_Brg1_matKO	1553	232370	0.0011671012924049	-1.0567634349254749
P3_Brg1_matKO	1554	21339	0.0011679276822911	-1.0555955072431837
P3_Brg1_matKO	1555	17300	0.0011682214103742	-1.0544272858328096
P3_Brg1_matKO	1556	93838	0.0011687046021334	-1.0532585812306763
P3_Brg1_matKO	1557	18142	0.0011705954889084	-1.052087985741768
P3_Brg1_matKO	1558	70574	0.0011723271483221	-1.0509156585934458
P3_Brg1_matKO	1559	235281	0.0011775305811367	-1.049738128012309
P3_Brg1_matKO	1560	243983	0.0011784237931123	-1.0485597042191968
P3_Brg1_matKO	1561	72778	0.0011800104369083	-1.0473796937822883
P3_Brg1_matKO	1562	13497	0.0011854627584516	-1.0461942310238368
P3_Brg1_matKO	1563	77579	0.0011878380106585	-1.0450063930131783
P3_Brg1_matKO	1564	16656	0.0011972413016088	-1.0438091517115695
P3_Brg1_matKO	1565	56316	0.0012012039864738	-1.0426079477250958
P3_Brg1_matKO	1566	22381	0.001208591997769	-1.041399355727327
P3_Brg1_matKO	1567	67480	0.0012088667424062	-1.0401904889849207
P3_Brg1_matKO	1568	19153	0.0012090622213919	-1.038981426763529
P3_Brg1_matKO	1569	14760	0.0012197200003222	-1.0377617067632068
P3_Brg1_matKO	1570	192192	0.0012246562779036	-1.036537050485303
P3_Brg1_matKO	1571	22249	0.0012345567707572	-1.0353024937145459
P3_Brg1_matKO	1572	629499	0.0012415835186983	-1.0340609101958476
P3_Brg1_matKO	1573	242702	0.0012455067410486	-1.032815403454799
P3_Brg1_matKO	1574	271711	0.0012461522520534	-1.0315692512027455
P3_Brg1_matKO	1575	67819	0.0012464159715395	-1.030322835231206
P3_Brg1_matKO	1576	244653	0.0012502355692683	-1.0290725996619376
P3_Brg1_matKO	1577	269643	0.0012506506607339	-1.0278219490012037
P3_Brg1_matKO	1578	77577	0.0012562942188028	-1.026565654782401
P3_Brg1_matKO	1579	18212	0.0012675823515262	-1.0252980724308747
P3_Brg1_matKO	1580	16891	0.0012730946758944	-1.0240249777549804
P3_Brg1_matKO	1581	73668	0.0012770047689135	-1.022747972986067
P3_Brg1_matKO	1582	381175	0.0012791372235393	-1.0214688357625277
P3_Brg1_matKO	1583	19130	0.0012832053247818	-1.020185630437746
P3_Brg1_matKO	1584	20536	0.0012853516310778	-1.0189002788066681
P3_Brg1_matKO	1585	55963	0.0012939812080035	-1.0176062975986646
P3_Brg1_matKO	1586	224697	0.0013347109241919	-1.0162715866744727
P3_Brg1_matKO	1587	23882	0.00133574315898	-1.0149358435154927
P3_Brg1_matKO	1588	84035	0.0013479257144189	-1.0135879178010738
P3_Brg1_matKO	1589	353502	0.0013487388567344	-1.0122391789443395
P3_Brg1_matKO	1590	17926	0.001351145102077	-1.0108880338422626
P3_Brg1_matKO	1591	76866	0.0013666874232156	-1.009521346419047
P3_Brg1_matKO	1592	19696	0.0013734950173217	-1.0081478514017252
P3_Brg1_matKO	1593	60594	0.001374146182883	-1.0067737052188424
P3_Brg1_matKO	1594	114606	0.0013798165516964	-1.0053938886671459
P3_Brg1_matKO	1595	16400	0.0013848869158404	-1.0040090017513055
P3_Brg1_matKO	1596	71609	0.0013895499848141	-1.0026194517664915
P3_Brg1_matKO	1597	56434	0.0013916715481209	-1.0012277802183707
P3_Brg1_matKO	1598	170725	0.0013989250051223	-0.9998288552132484
P3_Brg1_matKO	1599	27273	0.0014009235619549	-0.9984279316512935
P3_Brg1_matKO	1600	12323	0.0014073494362344	-0.9970205822150591
P3_Brg1_matKO	1601	242585	0.0014201754495993	-0.9956004067654598
P3_Brg1_matKO	1602	64297	0.0014215276008346	-0.9941788791646252
P3_Brg1_matKO	1603	109245	0.0014391953837661	-0.9927396837808591
P3_Brg1_matKO	1604	56720	0.0014487650284373	-0.9912909187524218
P3_Brg1_matKO	1605	232560	0.0014591398090683	-0.9898317789433535
P3_Brg1_matKO	1606	12038	0.0014634955944008	-0.9883682833489527
P3_Brg1_matKO	1607	14067	0.0014774567064437	-0.9868908266425089
P3_Brg1_matKO	1608	11489	0.0014798360057964	-0.9854109906367126
P3_Brg1_matKO	1609	11720	0.0014799910748665	-0.983930999561846
P3_Brg1_matKO	1610	18595	0.0014849223841664	-0.9824460771776796
P3_Brg1_matKO	1611	67422	0.0014909934289385	-0.9809550837487411
P3_Brg1_matKO	1612	116847	0.0014942305059504	-0.9794608532427906
P3_Brg1_matKO	1613	56279	0.0015062494547682	-0.9779546037880225
P3_Brg1_matKO	1614	279766	0.0015076654416358	-0.9764469383463866
P3_Brg1_matKO	1615	18563	0.001509030928629	-0.9749379074177577
P3_Brg1_matKO	1616	78284	0.0015092391949499	-0.9734286682228077
P3_Brg1_matKO	1617	240185	0.0015297111184195	-0.9718989571043882
P3_Brg1_matKO	1618	65963	0.0015302430869024	-0.9703687140174858
P3_Brg1_matKO	1619	213208	0.0015344427000465	-0.9688342713174393
P3_Brg1_matKO	1620	14763	0.0015390544051824	-0.9672952169122568
P3_Brg1_matKO	1621	13522	0.0015436094595253	-0.9657516074527316
P3_Brg1_matKO	1622	14696	0.001546021651187	-0.9642055858015446
P3_Brg1_matKO	1623	194309	0.0015516562647355	-0.9626539295368091
P3_Brg1_matKO	1624	234857	0.0015523907924372	-0.9611015387443719
P3_Brg1_matKO	1625	29857	0.00156531836443	-0.9595362203799419
P3_Brg1_matKO	1626	16531	0.0015756696282131	-0.9579605507517288
P3_Brg1_matKO	1627	66083	0.0015931233197693	-0.9563674274319595
P3_Brg1_matKO	1628	93835	0.0015977538389179	-0.9547696735930415
P3_Brg1_matKO	1629	224093	0.0015983540281115	-0.9531713195649301
P3_Brg1_matKO	1630	18816	0.0016072220592647	-0.9515640975056654
P3_Brg1_matKO	1631	28146	0.0016149312864673	-0.9499491662191981
P3_Brg1_matKO	1632	67198	0.0016304001650374	-0.9483187660541608
P3_Brg1_matKO	1633	50997	0.0016425414949873	-0.9466762245591734
P3_Brg1_matKO	1634	12831	0.0016500826351214	-0.945026141924052
P3_Brg1_matKO	1635	17350	0.0016760691669592	-0.9433500727570928
P3_Brg1_matKO	1636	68070	0.0016880744954559	-0.9416619982616369
P3_Brg1_matKO	1637	78977	0.0016934647191996	-0.9399685335424373
P3_Brg1_matKO	1638	208768	0.0017042233835456	-0.9382643101588917
P3_Brg1_matKO	1639	14612	0.0017044583492731	-0.9365598518096185
P3_Brg1_matKO	1640	67848	0.0017508898263238	-0.9348089619832948
P3_Brg1_matKO	1641	244550	0.0017669507134315	-0.9330420112698633
P3_Brg1_matKO	1642	19342	0.0017690469507414	-0.9312729643191219
P3_Brg1_matKO	1643	52857	0.0017854335679131	-0.9294875307512088
P3_Brg1_matKO	1644	16826	0.0017885590864103	-0.9276989716647985
P3_Brg1_matKO	1645	14050	0.0017903339336609	-0.9259086377311376
P3_Brg1_matKO	1646	13838	0.0018122660140134	-0.9240963717171242
P3_Brg1_matKO	1647	227327	0.0018134885171912	-0.922282883199933
P3_Brg1_matKO	1648	76459	0.0018434680133306	-0.9204394151866024
P3_Brg1_matKO	1649	625249	0.00185889870137	-0.9185805164852324
P3_Brg1_matKO	1650	17117	0.0018626238735976	-0.9167178926116348
P3_Brg1_matKO	1651	116939	0.0018667607064571	-0.9148511319051778
P3_Brg1_matKO	1652	242523	0.0018698817683736	-0.9129812501368042
P3_Brg1_matKO	1653	68393	0.001878471452325	-0.9111027786844792
P3_Brg1_matKO	1654	74194	0.0018829532395614	-0.9092198254449178
P3_Brg1_matKO	1655	69219	0.0018829823944496	-0.9073368430504681
P3_Brg1_matKO	1656	211949	0.0018974382211033	-0.9054394048293648
P3_Brg1_matKO	1657	67425	0.0019017301851112	-0.9035376746442536
P3_Brg1_matKO	1658	319634	0.0019024774716888	-0.9016351971725648
P3_Brg1_matKO	1659	17427	0.0019094418402226	-0.8997257553323422
P3_Brg1_matKO	1660	330908	0.0019095223043264	-0.8978162330280158
P3_Brg1_matKO	1661	67976	0.0019120550306621	-0.8959041779973538
P3_Brg1_matKO	1662	71532	0.0019155183808933	-0.8939886596164605
P3_Brg1_matKO	1663	238328	0.0019255249499936	-0.8920631346664668
P3_Brg1_matKO	1664	16467	0.0019400573831993	-0.8901230772832676
P3_Brg1_matKO	1665	170835	0.0019421383249843	-0.8881809389582832
P3_Brg1_matKO	1666	15460	0.0019599941055363	-0.8862209448527469
P3_Brg1_matKO	1667	78619	0.0019604227850226	-0.8842605220677243
P3_Brg1_matKO	1668	19703	0.0019617648405817	-0.8822987572271426
P3_Brg1_matKO	1669	56017	0.0019618890920349	-0.8803368681351077
P3_Brg1_matKO	1670	66336	0.0019685761278575	-0.8783682920072502
P3_Brg1_matKO	1671	67865	0.0019801061186656	-0.8763881858885846
P3_Brg1_matKO	1672	14761	0.001983032239096	-0.8744051536494886
P3_Brg1_matKO	1673	12286	0.0020039581312155	-0.8724011955182731
P3_Brg1_matKO	1674	194388	0.002010941324262	-0.8703902541940111
P3_Brg1_matKO	1675	27419	0.0020122733912541	-0.868377980802757
P3_Brg1_matKO	1676	20512	0.0020153844794456	-0.8663625963233114
P3_Brg1_matKO	1677	320508	0.0020194298063628	-0.8643431665169485
P3_Brg1_matKO	1678	16170	0.0020219989405523	-0.8623211675763962
P3_Brg1_matKO	1679	56213	0.0020537990431743	-0.8602673685332219
P3_Brg1_matKO	1680	74241	0.0020543753015309	-0.8582129932316911
P3_Brg1_matKO	1681	215798	0.002094253550872	-0.8561187396808191
P3_Brg1_matKO	1682	15939	0.0021139191295304	-0.8540048205512887
P3_Brg1_matKO	1683	64705	0.0021611795010293	-0.8518436410502593
P3_Brg1_matKO	1684	270192	0.0021651195029784	-0.849678521547281
P3_Brg1_matKO	1685	11568	0.00217121592857	-0.847507305618711
P3_Brg1_matKO	1686	19700	0.0021864717831274	-0.8453208338355837
P3_Brg1_matKO	1687	230514	0.0022003544051713	-0.8431204794304124
P3_Brg1_matKO	1688	214137	0.0022563006929091	-0.8408641787375033
P3_Brg1_matKO	1689	216560	0.0022583247396739	-0.8386058539978294
P3_Brg1_matKO	1690	66464	0.0022652234213367	-0.8363406305764927
P3_Brg1_matKO	1691	279028	0.0022682469458949	-0.8340723836305978
P3_Brg1_matKO	1692	338362	0.0022700842466854	-0.8318022993839124
P3_Brg1_matKO	1693	235028	0.0022810591648703	-0.829521240219042
P3_Brg1_matKO	1694	269019	0.002309043201584	-0.8272121970174581
P3_Brg1_matKO	1695	57265	0.0023176062296647	-0.8248945907877934
P3_Brg1_matKO	1696	54123	0.0023316722505628	-0.8225629185372305
P3_Brg1_matKO	1697	22021	0.0023353420629486	-0.8202275764742819
P3_Brg1_matKO	1698	20393	0.0023952725887344	-0.8178323038855475
P3_Brg1_matKO	1699	240638	0.0024147699813603	-0.8154175339041873
P3_Brg1_matKO	1700	104458	0.0024235457949566	-0.8129939881092306
P3_Brg1_matKO	1701	23871	0.0024254220509008	-0.8105685660583298
P3_Brg1_matKO	1702	94214	0.0024291461917791	-0.8081394198665507
P3_Brg1_matKO	1703	26912	0.0024503252601562	-0.8056890946063945
P3_Brg1_matKO	1704	17219	0.0024561622010969	-0.8032329324052976
P3_Brg1_matKO	1705	70717	0.0024617982144333	-0.8007711341908643
P3_Brg1_matKO	1706	627049	0.0024718738190134	-0.798299260371851
P3_Brg1_matKO	1707	17342	0.0024768694104471	-0.7958223909614038
P3_Brg1_matKO	1708	16453	0.0025292164805945	-0.7932931744808094
P3_Brg1_matKO	1709	75750	0.0025439469662539	-0.7907492275145555
P3_Brg1_matKO	1710	242202	0.0025450195656944	-0.788204207948861
P3_Brg1_matKO	1711	213484	0.0025508106089046	-0.7856533973399564
P3_Brg1_matKO	1712	68799	0.0025668124099062	-0.7830865849300502
P3_Brg1_matKO	1713	109294	0.0025851847779268	-0.7805014001521234
P3_Brg1_matKO	1714	12986	0.0025903083348963	-0.7779110918172272
P3_Brg1_matKO	1715	76787	0.0026441492941921	-0.7752669425230351
P3_Brg1_matKO	1716	52588	0.0026749632159217	-0.7725919793071133
P3_Brg1_matKO	1717	12348	0.0026780348527909	-0.7699139444543224
P3_Brg1_matKO	1718	59288	0.0026816473120585	-0.7672322971422638
P3_Brg1_matKO	1719	12702	0.0027492909037709	-0.764483006238493
P3_Brg1_matKO	1720	227674	0.002787954089844	-0.761695052148649
P3_Brg1_matKO	1721	171285	0.0028392861945672	-0.7588557659540818
P3_Brg1_matKO	1722	207181	0.0028495668019398	-0.756006199152142
P3_Brg1_matKO	1723	23850	0.0028514012237921	-0.7531547979283498
P3_Brg1_matKO	1724	74166	0.0029016331992672	-0.7502531647290827
P3_Brg1_matKO	1725	12902	0.0029024391316542	-0.7473507255974284
P3_Brg1_matKO	1726	268297	0.0029096178536931	-0.7444411077437353
P3_Brg1_matKO	1727	11307	0.002916661339378	-0.7415244464043573
P3_Brg1_matKO	1728	12643	0.0029167567131779	-0.7386076896911794
P3_Brg1_matKO	1729	53791	0.0029714913773939	-0.7356361983137855
P3_Brg1_matKO	1730	22031	0.0029774253158411	-0.7326587729979444
P3_Brg1_matKO	1731	71911	0.0029845194033714	-0.7296742535945729
P3_Brg1_matKO	1732	68801	0.0029852944597302	-0.7266889591348428
P3_Brg1_matKO	1733	240354	0.002997857145244	-0.7236911019895987
P3_Brg1_matKO	1734	50784	0.0030077690598288	-0.7206833329297699
P3_Brg1_matKO	1735	207792	0.0030388254771947	-0.7176445074525752
P3_Brg1_matKO	1736	15273	0.0030496209795892	-0.7145948864729861
P3_Brg1_matKO	1737	56527	0.0030528600936442	-0.7115420263793418
P3_Brg1_matKO	1738	14062	0.0030619105279748	-0.708480115851367
P3_Brg1_matKO	1739	68259	0.0030692665146043	-0.7054108493367628
P3_Brg1_matKO	1740	18162	0.0030973070917085	-0.7023135422450543
P3_Brg1_matKO	1741	54326	0.0031153614601817	-0.6991981807848726
P3_Brg1_matKO	1742	20288	0.0031448764488014	-0.6960533043360713
P3_Brg1_matKO	1743	18039	0.003145980555317	-0.6929073237807543
P3_Brg1_matKO	1744	231238	0.0031807240673728	-0.6897265997133815
P3_Brg1_matKO	1745	19245	0.0031979502214684	-0.6865286494919131
P3_Brg1_matKO	1746	217558	0.0032633927253015	-0.6832652567666115
P3_Brg1_matKO	1747	56811	0.0033144306159215	-0.67995082615069
P3_Brg1_matKO	1748	56264	0.0033145572753516	-0.6766362688753385
P3_Brg1_matKO	1749	231760	0.0033155718836151	-0.6733206969917234
P3_Brg1_matKO	1750	18294	0.0033280968413924	-0.669992600150331
P3_Brg1_matKO	1751	22342	0.0033574170502867	-0.6666351831000443
P3_Brg1_matKO	1752	110521	0.0033657648942785	-0.6632694182057658
P3_Brg1_matKO	1753	26922	0.0034202576909958	-0.6598491605147699
P3_Brg1_matKO	1754	15904	0.0034622913097978	-0.6563868692049721
P3_Brg1_matKO	1755	70726	0.0034716396313341	-0.652915229573638
P3_Brg1_matKO	1756	58998	0.0035037222486878	-0.6494115073249502
P3_Brg1_matKO	1757	108147	0.0035306318412419	-0.6458808754837083
P3_Brg1_matKO	1758	170483	0.0035949388497633	-0.6422859366339451
P3_Brg1_matKO	1759	66269	0.0037205121853833	-0.6385654244485618
P3_Brg1_matKO	1760	231712	0.0037813536416217	-0.6347840708069401
P3_Brg1_matKO	1761	56399	0.0038046921167597	-0.6309793786901804
P3_Brg1_matKO	1762	67369	0.0038743179625865	-0.6271050607275939
P3_Brg1_matKO	1763	320560	0.0039182556269789	-0.623186805100615
P3_Brg1_matKO	1764	330812	0.0039325697637451	-0.6192542353368699
P3_Brg1_matKO	1765	225998	0.0039710307396793	-0.6152832045971905
P3_Brg1_matKO	1766	29856	0.0040071879441052	-0.6112760166530854
P3_Brg1_matKO	1767	209212	0.0040400819568434	-0.607235934696242
P3_Brg1_matKO	1768	22234	0.0040702760672542	-0.6031656586289879
P3_Brg1_matKO	1769	240518	0.0040722112650167	-0.5990934473639712
P3_Brg1_matKO	1770	94088	0.0040792045162501	-0.5950142428477211
P3_Brg1_matKO	1771	22695	0.0042486283703995	-0.5907656144773216
P3_Brg1_matKO	1772	29862	0.0042649188432436	-0.5865006956340779
P3_Brg1_matKO	1773	242860	0.0042756811362768	-0.5822250144978011
P3_Brg1_matKO	1774	246104	0.0043100262580149	-0.5779149882397862
P3_Brg1_matKO	1775	18585	0.0043547810409859	-0.5735602071988003
P3_Brg1_matKO	1776	16842	0.0043690103892034	-0.5691911968095968
P3_Brg1_matKO	1777	93840	0.0043852332610189	-0.5648059635485779
P3_Brg1_matKO	1778	245527	0.0044187106111156	-0.5603872529374623
P3_Brg1_matKO	1779	58180	0.0044561206537621	-0.5559311322837002
P3_Brg1_matKO	1780	217935	0.0045678600754074	-0.5513632722082927
P3_Brg1_matKO	1781	67374	0.0045745100529346	-0.5467887621553581
P3_Brg1_matKO	1782	229599	0.0045854127529262	-0.5422033494024319
P3_Brg1_matKO	1783	58176	0.0045961167634302	-0.5376072326390017
P3_Brg1_matKO	1784	214901	0.0046443483279333	-0.5329628843110684
P3_Brg1_matKO	1785	208795	0.0046471490929603	-0.5283157352181082
P3_Brg1_matKO	1786	71835	0.0046781972041964	-0.5236375380139118
P3_Brg1_matKO	1787	17436	0.0047224306846606	-0.5189151073292512
P3_Brg1_matKO	1788	18985	0.0047997288842215	-0.5141153784450296
P3_Brg1_matKO	1789	207521	0.004840414198751	-0.5092749642462786
P3_Brg1_matKO	1790	17880	0.0049270271915916	-0.5043479370546871
P3_Brg1_matKO	1791	225266	0.0049677630127797	-0.4993801740419074
P3_Brg1_matKO	1792	16854	0.0050061753852507	-0.49437399865665665
P3_Brg1_matKO	1793	66279	0.0053225867269504	-0.48905141192970625
P3_Brg1_matKO	1794	16456	0.005326014223052	-0.48372539770665424
P3_Brg1_matKO	1795	94185	0.0053524419783594	-0.47837295572829486
P3_Brg1_matKO	1796	76142	0.005374297007334	-0.47299865872096086
P3_Brg1_matKO	1797	18762	0.0053943166334826	-0.46760434208747825
P3_Brg1_matKO	1798	229658	0.0055179288149875	-0.4620864132724907
P3_Brg1_matKO	1799	17189	0.0055331500666107	-0.45655326320588
P3_Brg1_matKO	1800	16147	0.0056044263971133	-0.45094883680876674
P3_Brg1_matKO	1801	230379	0.0056563743299857	-0.445292462478781
P3_Brg1_matKO	1802	319655	0.0056872158325404	-0.4396052466462406
P3_Brg1_matKO	1803	320438	0.0058739432429111	-0.43373130340332955
P3_Brg1_matKO	1804	20377	0.0059246431907013	-0.42780666021262825
P3_Brg1_matKO	1805	72690	0.0060673459617823	-0.42173931425084593
P3_Brg1_matKO	1806	230784	0.0062246854011148	-0.4155146288497311
P3_Brg1_matKO	1807	12834	0.0062569264677292	-0.40925770238200193
P3_Brg1_matKO	1808	76491	0.0064705066564317	-0.40278719572557026
P3_Brg1_matKO	1809	15894	0.0065229763622452	-0.39626421936332507
P3_Brg1_matKO	1810	83453	0.0069335400095414	-0.3893306793537837
P3_Brg1_matKO	1811	68603	0.0070565144979637	-0.38227416485582
P3_Brg1_matKO	1812	217154	0.0072143681521766	-0.3750597967036434
P3_Brg1_matKO	1813	66548	0.0073740345166845	-0.3676857621869589
P3_Brg1_matKO	1814	19736	0.0073884933812105	-0.3602972688057484
P3_Brg1_matKO	1815	319974	0.007435561952403	-0.3528617068533454
P3_Brg1_matKO	1816	381157	0.0075799861480485	-0.3452817207052969
P3_Brg1_matKO	1817	14119	0.00761784301592	-0.3376638776893769
P3_Brg1_matKO	1818	14115	0.0076344355708556	-0.3300294421185213
P3_Brg1_matKO	1819	64918	0.0077612043201557	-0.3222682377983656
P3_Brg1_matKO	1820	71310	0.0081370089835534	-0.3141312288148122
P3_Brg1_matKO	1821	15212	0.0081801381853086	-0.3059510906295036
P3_Brg1_matKO	1822	12826	0.0082491073622285	-0.2977019832672751
P3_Brg1_matKO	1823	16149	0.0085332684608546	-0.2891687148064205
P3_Brg1_matKO	1824	12512	0.0091440371708476	-0.28002467763557287
P3_Brg1_matKO	1825	15277	0.0097671051796842	-0.27025757245588866
P3_Brg1_matKO	1826	53422	0.0099180724472106	-0.26033950000867806
P3_Brg1_matKO	1827	16008	0.0105391735019052	-0.24980032650677286
P3_Brg1_matKO	1828	12568	0.0105638235088353	-0.23923650299793756
P3_Brg1_matKO	1829	26903	0.0107862534117029	-0.22845024958623467
P3_Brg1_matKO	1830	11689	0.0109252859095715	-0.21752496367666316
P3_Brg1_matKO	1831	12398	0.0110989992913537	-0.20642596438530947
P3_Brg1_matKO	1832	100019	0.0120481046122672	-0.19437785977304228
P3_Brg1_matKO	1833	72244	0.0122413843025515	-0.18213647547049078
P3_Brg1_matKO	1834	23805	0.013960814579947	-0.16817566089054378
P3_Brg1_matKO	1835	12575	0.0148724553979574	-0.1533032054925864
P3_Brg1_matKO	1836	238271	0.0169303874181735	-0.13637281807441287
P3_Brg1_matKO	1837	98170	0.0208998333635035	-0.11547298471090937
P3_Brg1_matKO	1838	235587	0.0233980493860074	-0.09207493532490198
P3_Brg1_matKO	1839	13011	0.0297497850265708	-0.062325150298331175
P1_A485_ctrlorder	1	16601	-0.017290242005618	-0.017290242005618
P1_A485_ctrlorder	2	74513	-0.0027891074947943	-0.020079349500412298
P1_A485_ctrlorder	3	84095	-0.0032162273373832	-0.023295576837795498
P1_A485_ctrlorder	4	226830	-0.0138832739829025	-0.037178850820697995
P1_A485_ctrlorder	5	93695	-0.0055770229320016	-0.0427558737526996
P1_A485_ctrlorder	6	66614	-0.0035865297186926	-0.04634240347139219
P1_A485_ctrlorder	7	20200	0.004777748282399	-0.041564655188993195
P1_A485_ctrlorder	8	100515	-0.0193580325688179	-0.060922687757811095
P1_A485_ctrlorder	9	108699	-0.0049912007320201	-0.0659138884898312
P1_A485_ctrlorder	10	19173	-0.0032061391464446	-0.0691200276362758
P1_A485_ctrlorder	11	27060	-0.0092606401259414	-0.0783806677622172
P1_A485_ctrlorder	12	108811	-0.0122691516783846	-0.0906498194406018
P1_A485_ctrlorder	13	227656	-0.0062496376076756	-0.0968994570482774
P1_A485_ctrlorder	14	54353	-0.005082797722497	-0.10198225477077441
P1_A485_ctrlorder	15	54561	-0.0024484956061146	-0.10443075037688901
P1_A485_ctrlorder	16	64660	-0.0036116212940274	-0.1080423716709164
P1_A485_ctrlorder	17	11815	-8.794396362748408e-05	-0.1081303156345439
P1_A485_ctrlorder	18	93689	-0.0087331250198459	-0.11686344065438979
P1_A485_ctrlorder	19	27276	-0.0002495176947144	-0.1171129583491042
P1_A485_ctrlorder	20	11932	-0.0132826334591711	-0.13039559180827529
P1_A485_ctrlorder	21	22371	-0.0043409092247459	-0.13473650103302118
P1_A485_ctrlorder	22	381101	-0.0052646757249731	-0.14000117675799428
P1_A485_ctrlorder	23	15505	-0.0017595548959121	-0.14176073165390637
P1_A485_ctrlorder	24	20512	-0.0114882470571115	-0.15324897871101786
P1_A485_ctrlorder	25	16997	-0.0039987322884526	-0.15724771099947046
P1_A485_ctrlorder	26	70099	-0.0101705221385569	-0.16741823313802737
P1_A485_ctrlorder	27	20229	-0.0057509849714513	-0.17316921810947866
P1_A485_ctrlorder	28	330171	-0.0079341126005689	-0.18110333071004756
P1_A485_ctrlorder	29	242466	-0.0079401208187369	-0.18904345152878446
P1_A485_ctrlorder	30	106564	-0.0052364365703971	-0.19427988809918156
P1_A485_ctrlorder	31	72825	-0.0044642382992206	-0.19874412639840217
P1_A485_ctrlorder	32	67669	-0.0029847140366493	-0.20172884043505146
P1_A485_ctrlorder	33	217082	-0.01049545122728	-0.21222429166233145
P1_A485_ctrlorder	34	58243	0.0022147468655384	-0.21000954479679304
P1_A485_ctrlorder	35	83965	-0.0060878947737406	-0.21609743957053365
P1_A485_ctrlorder	36	224008	-0.0084795956833803	-0.22457703525391395
P1_A485_ctrlorder	37	216616	-0.0137658764376263	-0.23834291169154026
P1_A485_ctrlorder	38	100061	-0.0005672547298121	-0.23891016642135235
P1_A485_ctrlorder	39	16956	-0.0019469800764421	-0.24085714649779444
P1_A485_ctrlorder	40	68611	0.0011968733342071	-0.23966027316358735
P1_A485_ctrlorder	41	16570	-0.0061914241121321	-0.24585169727571946
P1_A485_ctrlorder	42	242509	-0.0028049368871376	-0.24865663416285705
P1_A485_ctrlorder	43	101502	-0.0039522925915853	-0.25260892675444235
P1_A485_ctrlorder	44	217198	-0.0064788630866142	-0.25908778984105657
P1_A485_ctrlorder	45	74186	-0.0058985040318199	-0.2649862938728765
P1_A485_ctrlorder	46	107587	-0.0012367972237021	-0.2662230910965786
P1_A485_ctrlorder	47	54598	-0.0079968868079668	-0.2742199779045454
P1_A485_ctrlorder	48	20500	-0.0031078682195734	-0.27732784612411876
P1_A485_ctrlorder	49	76917	-0.006578227071804	-0.28390607319592276
P1_A485_ctrlorder	50	629499	-0.0044458748789084	-0.28835194807483117
P1_A485_ctrlorder	51	100502698	-0.0107834374825587	-0.2991353855573899
P1_A485_ctrlorder	52	110446	-0.0110465625993654	-0.31018194815675526
P1_A485_ctrlorder	53	20907	-0.0037526962875326	-0.31393464444428787
P1_A485_ctrlorder	54	14114	-0.0044734998250573	-0.31840814426934516
P1_A485_ctrlorder	55	212547	-0.0046064417263888	-0.32301458599573396
P1_A485_ctrlorder	56	102871	-0.0009646957840178	-0.32397928177975177
P1_A485_ctrlorder	57	16149	0.0208164638951493	-0.3031628178846025
P1_A485_ctrlorder	58	241070	-0.0044121715310377	-0.30757498941564015
P1_A485_ctrlorder	59	140742	-0.0039779463777608	-0.31155293579340093
P1_A485_ctrlorder	60	11363	0.0041966888862592	-0.30735624690714175
P1_A485_ctrlorder	61	66416	-0.0013860817529682	-0.30874232866011
P1_A485_ctrlorder	62	50915	-0.0017190857713035	-0.31046141443141345
P1_A485_ctrlorder	63	268567	-0.0017182664017912	-0.31217968083320463
P1_A485_ctrlorder	64	66169	-0.0012352604620413	-0.31341494129524594
P1_A485_ctrlorder	65	234854	-2.871129651793052e-05	-0.3134436525917639
P1_A485_ctrlorder	66	170768	-0.0020437252926148	-0.3154873778843787
P1_A485_ctrlorder	67	208795	-0.0028139674181325	-0.3183013453025112
P1_A485_ctrlorder	68	22116	0.0017896673732859	-0.3165116779292253
P1_A485_ctrlorder	69	12294	-0.0049761541308504	-0.3214878320600757
P1_A485_ctrlorder	70	108159	-0.0015515873248843	-0.32303941938496
P1_A485_ctrlorder	71	231050	-0.0010115898042046	-0.32405100918916463
P1_A485_ctrlorder	72	75769	0.0019296615020962	-0.3221213476870684
P1_A485_ctrlorder	73	19876	0.0007001357308274	-0.321421211956241
P1_A485_ctrlorder	74	59083	-0.0011847381754761	-0.3226059501317171
P1_A485_ctrlorder	75	18553	-0.0024509001556447	-0.3250568502873618
P1_A485_ctrlorder	76	74414	0.0060482185557269	-0.3190086317316349
P1_A485_ctrlorder	77	320974	-2.2523172438963263e-05	-0.31903115490407385
P1_A485_ctrlorder	78	242585	-0.0008162470071008	-0.31984740191117467
P1_A485_ctrlorder	79	16450	-0.0050846989357031	-0.3249321008468778
P1_A485_ctrlorder	80	12023	-0.0056921893998284	-0.3306242902467062
P1_A485_ctrlorder	81	74393	0.000382714586729	-0.3302415756599772
P1_A485_ctrlorder	82	75695	0.0050201853362918	-0.3252213903236854
P1_A485_ctrlorder	83	30059	-0.0008925801500605	-0.3261139704737459
P1_A485_ctrlorder	84	93840	-0.0067024327714143	-0.3328164032451602
P1_A485_ctrlorder	85	67728	-0.001438867190702	-0.33425527043586223
P1_A485_ctrlorder	86	74020	-0.0025995534120615	-0.3368548238479237
P1_A485_ctrlorder	87	11881	-0.0046991664166887	-0.3415539902646124
P1_A485_ctrlorder	88	74464	-0.0004510419942681	-0.3420050322588805
P1_A485_ctrlorder	89	21356	-0.0021523138850286	-0.34415734614390914
P1_A485_ctrlorder	90	54381	-0.001885082333817	-0.34604242847772615
P1_A485_ctrlorder	91	237711	-0.0041206195991746	-0.35016304807690074
P1_A485_ctrlorder	92	72486	-0.0060936452352376	-0.35625669331213833
P1_A485_ctrlorder	93	18976	-0.0050059349433775	-0.3612626282555158
P1_A485_ctrlorder	94	22695	-0.0033969116011437	-0.3646595398566595
P1_A485_ctrlorder	95	20692	-0.0062705080134355	-0.370930047870095
P1_A485_ctrlorder	96	53619	-0.0034445074246357	-0.3743745552947307
P1_A485_ctrlorder	97	66522	-0.0036530759796249	-0.37802763127435557
P1_A485_ctrlorder	98	329941	-0.001734528961808	-0.37976216023616355
P1_A485_ctrlorder	99	69215	-0.0052722768057789	-0.38503443704194246
P1_A485_ctrlorder	100	13631	-0.003624942556804	-0.38865937959874647
P1_A485_ctrlorder	101	107227	-0.0112319667117752	-0.39989134631052164
P1_A485_ctrlorder	102	21339	0.0004005838676726	-0.39949076244284903
P1_A485_ctrlorder	103	100072	-0.0017809153659396	-0.40127167780878864
P1_A485_ctrlorder	104	13032	-0.0063371166586271	-0.4076087944674157
P1_A485_ctrlorder	105	71913	-0.0010165217259452	-0.4086253161933609
P1_A485_ctrlorder	106	116838	-0.0031649126042038	-0.4117902287975647
P1_A485_ctrlorder	107	67893	0.001884197111702	-0.4099060316858627
P1_A485_ctrlorder	108	75568	-0.0004934426538206	-0.4103994743396833
P1_A485_ctrlorder	109	109294	-0.0027806420469706	-0.4131801163866539
P1_A485_ctrlorder	110	242202	-0.007038276048467	-0.42021839243512094
P1_A485_ctrlorder	111	50794	-6.045895960429482e-05	-0.4202788513947252
P1_A485_ctrlorder	112	74182	-0.0006489337961812	-0.4209277851909064
P1_A485_ctrlorder	113	14534	0.0012953198929038	-0.4196324652980026
P1_A485_ctrlorder	114	170737	-0.0006844657406774	-0.42031693103867995
P1_A485_ctrlorder	115	59126	-0.0026779564730605	-0.42299488751174047
P1_A485_ctrlorder	116	76884	-0.0035109364965449	-0.42650582400828535
P1_A485_ctrlorder	117	21334	-0.0028232550787602	-0.42932907908704554
P1_A485_ctrlorder	118	70350	-0.0029946821530759	-0.43232376124012145
P1_A485_ctrlorder	119	19713	-0.0031074656496418	-0.43543122688976327
P1_A485_ctrlorder	120	16525	-0.0024117554545617	-0.43784298234432495
P1_A485_ctrlorder	121	227394	-0.0023936203085109	-0.4402366026528359
P1_A485_ctrlorder	122	268465	0.001693315179905	-0.43854328747293086
P1_A485_ctrlorder	123	18187	0.0047957613656144	-0.4337475261073165
P1_A485_ctrlorder	124	227094	-0.0049056516095052	-0.43865317771682166
P1_A485_ctrlorder	125	15368	-0.0005731625892548	-0.4392263403060765
P1_A485_ctrlorder	126	109660	-0.0021166766757139	-0.4413430169817904
P1_A485_ctrlorder	127	67755	-2.625575272017609e-05	-0.4413692727345106
P1_A485_ctrlorder	128	12902	-0.0041310845024499	-0.4455003572369605
P1_A485_ctrlorder	129	55927	-0.0020430544554634	-0.4475434116924239
P1_A485_ctrlorder	130	546611	-0.0029409643459153	-0.4504843760383392
P1_A485_ctrlorder	131	93888	-0.0019551170370203	-0.45243949307535947
P1_A485_ctrlorder	132	20750	0.0001254237713933	-0.45231406930396617
P1_A485_ctrlorder	133	26939	-0.003071905182716	-0.45538597448668217
P1_A485_ctrlorder	134	73884	-0.0065274714732483	-0.46191344595993045
P1_A485_ctrlorder	135	21935	-0.0019725350295112	-0.46388598098944167
P1_A485_ctrlorder	136	17873	-0.0048601838001927	-0.4687461647896344
P1_A485_ctrlorder	137	22151	0.0001873170437681	-0.46855884774586626
P1_A485_ctrlorder	138	21802	-0.0017599873874908	-0.47031883513335704
P1_A485_ctrlorder	139	236900	0.0001194812008175	-0.47019935393253953
P1_A485_ctrlorder	140	74895	-0.0026256889631821	-0.47282504289572164
P1_A485_ctrlorder	141	77065	-0.0015470209842293	-0.47437206387995096
P1_A485_ctrlorder	142	67138	-0.0023533162765574	-0.47672538015650834
P1_A485_ctrlorder	143	108897	-0.0001390980465578	-0.47686447820306616
P1_A485_ctrlorder	144	110417	-0.0010483728612953	-0.47791285106436143
P1_A485_ctrlorder	145	71648	-0.0015193694083037	-0.47943222047266515
P1_A485_ctrlorder	146	15442	-0.0016831664155427	-0.4811153868882079
P1_A485_ctrlorder	147	76267	-0.0023097147034832	-0.48342510159169105
P1_A485_ctrlorder	148	243277	0.0009272952248664	-0.48249780636682466
P1_A485_ctrlorder	149	225845	-0.0093546871973781	-0.49185249356420274
P1_A485_ctrlorder	150	15507	-0.00834605962125	-0.5001985531854527
P1_A485_ctrlorder	151	58223	-0.00197362381492	-0.5021721770003726
P1_A485_ctrlorder	152	22422	-0.0038802225735291	-0.5060523995739017
P1_A485_ctrlorder	153	76527	-0.0028399932077702	-0.5088923927816719
P1_A485_ctrlorder	154	245555	-0.0020752199107743	-0.5109676126924462
P1_A485_ctrlorder	155	14420	-0.002568344741284	-0.5135359574337302
P1_A485_ctrlorder	156	74039	8.72201006551463e-05	-0.5134487373330751
P1_A485_ctrlorder	157	27056	-0.0005260026102616	-0.5139747399433366
P1_A485_ctrlorder	158	213435	-0.0032544395742484	-0.5172291795175851
P1_A485_ctrlorder	159	29817	-0.0028994350001312	-0.5201286145177163
P1_A485_ctrlorder	160	16011	-0.0019706039874705	-0.5220992185051868
P1_A485_ctrlorder	161	93835	-0.0023958545436936	-0.5244950730488804
P1_A485_ctrlorder	162	19220	-0.0008587448718731	-0.5253538179207535
P1_A485_ctrlorder	163	78797	1.3375753269708277e-05	-0.5253404421674838
P1_A485_ctrlorder	164	52463	-0.0026085284614252	-0.527948970628909
P1_A485_ctrlorder	165	170799	-0.0003746007667753	-0.5283235713956843
P1_A485_ctrlorder	166	12162	-0.0004140998837032	-0.5287376712793875
P1_A485_ctrlorder	167	18595	-0.0084014721298185	-0.537139143409206
P1_A485_ctrlorder	168	103711	-0.0097544882369594	-0.5468936316461653
P1_A485_ctrlorder	169	69487	-0.0041269024039853	-0.5510205340501506
P1_A485_ctrlorder	170	55985	-0.0009685780038697	-0.5519891120540203
P1_A485_ctrlorder	171	20893	-0.0005507283509445	-0.5525398404049648
P1_A485_ctrlorder	172	12142	-0.0010302143525828	-0.5535700547575476
P1_A485_ctrlorder	173	234740	0.0008083470771959	-0.5527617076803517
P1_A485_ctrlorder	174	16776	-0.0012093295888631	-0.5539710372692148
P1_A485_ctrlorder	175	218772	-0.0014958054859838	-0.5554668427551986
P1_A485_ctrlorder	176	93761	0.0030704349100075	-0.5523964078451912
P1_A485_ctrlorder	177	20856	-0.0014277028921687	-0.5538241107373598
P1_A485_ctrlorder	178	12227	-0.0003693767526339	-0.5541934874899938
P1_A485_ctrlorder	179	64293	-0.0007524745285983	-0.554945962018592
P1_A485_ctrlorder	180	11717	-0.0028667193304619	-0.5578126813490539
P1_A485_ctrlorder	181	21987	-0.001154139005715	-0.558966820354769
P1_A485_ctrlorder	182	104943	-0.0024263532183332	-0.5613931735731021
P1_A485_ctrlorder	183	24001	-0.0027162078996639	-0.564109381472766
P1_A485_ctrlorder	184	67795	-0.0015248262213705	-0.5656342076941365
P1_A485_ctrlorder	185	18933	-0.0018181603158131	-0.5674523680099496
P1_A485_ctrlorder	186	224938	-0.0012082361817294	-0.568660604191679
P1_A485_ctrlorder	187	76866	0.0008754625799355	-0.5677851416117434
P1_A485_ctrlorder	188	20528	-0.0028186305596774	-0.5706037721714208
P1_A485_ctrlorder	189	223864	-0.001822797309289	-0.5724265694807098
P1_A485_ctrlorder	190	52009	-0.0011266506694655	-0.5735532201501753
P1_A485_ctrlorder	191	226591	-0.0011367498699645	-0.5746899700201398
P1_A485_ctrlorder	192	53321	-0.000863887451079	-0.5755538574712188
P1_A485_ctrlorder	193	20613	-0.0013523269213944	-0.5769061843926132
P1_A485_ctrlorder	194	66673	-0.001995456698647	-0.5789016410912602
P1_A485_ctrlorder	195	223435	-0.0008084290457829	-0.5797100701370431
P1_A485_ctrlorder	196	12972	-0.002837841447222	-0.5825479115842651
P1_A485_ctrlorder	197	207565	-0.0019078194298864	-0.5844557310141515
P1_A485_ctrlorder	198	26411	0.0010076901686209	-0.5834480408455306
P1_A485_ctrlorder	199	18791	-0.0014766644497176	-0.5849247052952482
P1_A485_ctrlorder	200	207495	-0.0026031832944516	-0.5875278885896998
P1_A485_ctrlorder	201	53418	-0.0017864079594226	-0.5893142965491225
P1_A485_ctrlorder	202	434130	1.4647531607040932e-05	-0.5892996490175154
P1_A485_ctrlorder	203	20515	0.0003834518745267	-0.5889161971429887
P1_A485_ctrlorder	204	105675	0.0009634086746256	-0.5879527884683631
P1_A485_ctrlorder	205	11513	-0.0049591690705351	-0.5929119575388981
P1_A485_ctrlorder	206	30954	7.458929840395498e-06	-0.5929044986090577
P1_A485_ctrlorder	207	12183	-0.0006684428964396	-0.5935729415054973
P1_A485_ctrlorder	208	194655	-0.0031229299337817	-0.596695871439279
P1_A485_ctrlorder	209	58226	-0.000333605176475	-0.597029476615754
P1_A485_ctrlorder	210	14595	-0.0020626911242084	-0.5990921677399624
P1_A485_ctrlorder	211	116939	-0.0040436466262643	-0.6031358143662268
P1_A485_ctrlorder	212	17897	-0.0014474039476794	-0.6045832183139062
P1_A485_ctrlorder	213	65964	-0.0011470663872003	-0.6057302847011065
P1_A485_ctrlorder	214	58994	-0.0021285062797231	-0.6078587909808295
P1_A485_ctrlorder	215	16373	0.0016891765027497	-0.6061696144780798
P1_A485_ctrlorder	216	245049	-0.0022405407894648	-0.6084101552675446
P1_A485_ctrlorder	217	14229	0.0020966808180634	-0.6063134744494812
P1_A485_ctrlorder	218	239743	-0.0002084621530729	-0.6065219366025542
P1_A485_ctrlorder	219	22393	-0.0015618521049738	-0.608083788707528
P1_A485_ctrlorder	220	20475	0.000761429298081	-0.607322359409447
P1_A485_ctrlorder	221	20216	-0.0008245888256952	-0.6081469482351423
P1_A485_ctrlorder	222	66395	0.0022274999726501	-0.6059194482624921
P1_A485_ctrlorder	223	109254	-0.0015237473415129	-0.6074431956040051
P1_A485_ctrlorder	224	218763	0.002005469040761	-0.605437726563244
P1_A485_ctrlorder	225	21823	0.000257007233694	-0.60518071932955
P1_A485_ctrlorder	226	338370	-0.0042307935276419	-0.6094115128571919
P1_A485_ctrlorder	227	12971	-0.0014094121734829	-0.6108209250306748
P1_A485_ctrlorder	228	22042	-0.0015196572833711	-0.6123405823140459
P1_A485_ctrlorder	229	58198	-0.0052530312413397	-0.6175936135553856
P1_A485_ctrlorder	230	71839	-0.0015778421643085	-0.619171455719694
P1_A485_ctrlorder	231	245684	-0.002146397579263	-0.6213178532989571
P1_A485_ctrlorder	232	192216	0.0024973142317056	-0.6188205390672514
P1_A485_ctrlorder	233	13643	-0.0014248022134633	-0.6202453412807147
P1_A485_ctrlorder	234	381157	0.0057113542033617	-0.6145339870773531
P1_A485_ctrlorder	235	18164	-0.0036437443452674	-0.6181777314226204
P1_A485_ctrlorder	236	241525	-0.0019654060662017	-0.6201431374888221
P1_A485_ctrlorder	237	231130	-0.0006424845976811	-0.6207856220865032
P1_A485_ctrlorder	238	207521	-0.0019644122975047	-0.6227500343840079
P1_A485_ctrlorder	239	272465	-0.0014276972326697	-0.6241777316166776
P1_A485_ctrlorder	240	68631	-0.0021390045079883	-0.6263167361246659
P1_A485_ctrlorder	241	56737	-0.0003317710262927	-0.6266485071509585
P1_A485_ctrlorder	242	387314	-2.380074366868686e-05	-0.6266723078946272
P1_A485_ctrlorder	243	231238	0.0004368494316197	-0.6262354584630075
P1_A485_ctrlorder	244	70466	3.339069900494508e-05	-0.6262020677640026
P1_A485_ctrlorder	245	14917	3.124237599229176e-05	-0.6261708253880103
P1_A485_ctrlorder	246	13685	-0.0046923480121469	-0.6308631734001572
P1_A485_ctrlorder	247	13809	-0.0016992022081464	-0.6325623756083036
P1_A485_ctrlorder	248	228775	-0.0019191684475902	-0.6344815440558939
P1_A485_ctrlorder	249	59030	0.0008351607602236	-0.6336463832956702
P1_A485_ctrlorder	250	20393	-0.0019548832152293	-0.6356012665108995
P1_A485_ctrlorder	251	353282	-0.0024940076766858	-0.6380952741875854
P1_A485_ctrlorder	252	210356	-0.0008181089909505	-0.6389133831785359
P1_A485_ctrlorder	253	319582	-0.0005167113560065	-0.6394300945345424
P1_A485_ctrlorder	254	73683	-0.0011728448336042	-0.6406029393681466
P1_A485_ctrlorder	255	13082	0.0008224091824386	-0.639780530185708
P1_A485_ctrlorder	256	98256	-0.0026858861166343	-0.6424664163023424
P1_A485_ctrlorder	257	20354	-0.0004946359007972	-0.6429610522031396
P1_A485_ctrlorder	258	100978	-0.002026844841617	-0.6449878970447566
P1_A485_ctrlorder	259	78908	-3.424993012904786e-06	-0.6449913220377694
P1_A485_ctrlorder	260	232223	-0.0003904717234148	-0.6453817937611842
P1_A485_ctrlorder	261	231503	-0.0005827608000196	-0.6459645545612038
P1_A485_ctrlorder	262	110075	-0.0013605840179773	-0.6473251385791812
P1_A485_ctrlorder	263	58206	-0.0027914009230888	-0.65011653950227
P1_A485_ctrlorder	264	23876	-0.000325871182722	-0.650442410684992
P1_A485_ctrlorder	265	22228	-0.0023846718020818	-0.6528270824870738
P1_A485_ctrlorder	266	12373	-0.0008725035730285	-0.6536995860601023
P1_A485_ctrlorder	267	70717	0.0026527528444188	-0.6510468332156835
P1_A485_ctrlorder	268	233744	0.0001626146656244	-0.6508842185500591
P1_A485_ctrlorder	269	104156	-0.0010703585502595	-0.6519545771003186
P1_A485_ctrlorder	270	28113	0.000531774309165	-0.6514228027911536
P1_A485_ctrlorder	271	83771	0.0004082394748466	-0.651014563316307
P1_A485_ctrlorder	272	72568	0.000930830931547	-0.65008373238476
P1_A485_ctrlorder	273	320696	0.0008076323319099	-0.6492761000528501
P1_A485_ctrlorder	274	19273	0.0005156190590433	-0.6487604809938068
P1_A485_ctrlorder	275	432530	-0.00125908589357	-0.6500195668873768
P1_A485_ctrlorder	276	239188	-0.0009492226598048	-0.6509687895471816
P1_A485_ctrlorder	277	19204	-0.0004104903455448	-0.6513792798927264
P1_A485_ctrlorder	278	22378	0.0013415545275653	-0.650037725365161
P1_A485_ctrlorder	279	77056	0.0012809266225834	-0.6487567987425776
P1_A485_ctrlorder	280	72404	-0.0015943773506006	-0.6503511760931783
P1_A485_ctrlorder	281	66421	-0.0003636200372815	-0.6507147961304598
P1_A485_ctrlorder	282	14758	-0.0001175690821487	-0.6508323652126085
P1_A485_ctrlorder	283	216560	-0.0018920525848467	-0.6527244177974552
P1_A485_ctrlorder	284	16891	-0.0036742001787249	-0.65639861797618
P1_A485_ctrlorder	285	240752	-0.0012363942821544	-0.6576350122583344
P1_A485_ctrlorder	286	77034	-0.0002678992786608	-0.6579029115369952
P1_A485_ctrlorder	287	68845	0.0019049573747623	-0.6559979541622329
P1_A485_ctrlorder	288	71091	0.0001379954139222	-0.6558599587483107
P1_A485_ctrlorder	289	140577	-0.0006347235043221	-0.6564946822526329
P1_A485_ctrlorder	290	13370	-2.061819017338213e-05	-0.6565153004428063
P1_A485_ctrlorder	291	67758	-0.0009406344994231	-0.6574559349422293
P1_A485_ctrlorder	292	56496	0.0009300678353327	-0.6565258671068966
P1_A485_ctrlorder	293	69219	-0.0002759152795185	-0.6568017823864152
P1_A485_ctrlorder	294	68039	-0.0023182803478753	-0.6591200627342905
P1_A485_ctrlorder	295	16971	-0.0012457523318765	-0.660365815066167
P1_A485_ctrlorder	296	240055	0.0002605537569025	-0.6601052613092645
P1_A485_ctrlorder	297	12448	-0.0005464364566151	-0.6606516977658796
P1_A485_ctrlorder	298	232035	-0.0015863278982264	-0.6622380256641061
P1_A485_ctrlorder	299	102502	-0.0005164119245133	-0.6627544375886194
P1_A485_ctrlorder	300	74387	-0.0062789499128752	-0.6690333875014947
P1_A485_ctrlorder	301	27762	-0.0016640575365586	-0.6706974450380533
P1_A485_ctrlorder	302	19183	-3.70085836702988e-06	-0.6707011458964203
P1_A485_ctrlorder	303	76223	-8.742395660210145e-05	-0.6707885698530224
P1_A485_ctrlorder	304	226791	-0.0008754374451333	-0.6716640072981557
P1_A485_ctrlorder	305	665113	-0.0002174635098617	-0.6718814708080174
P1_A485_ctrlorder	306	14120	-0.0017083057925007	-0.6735897766005181
P1_A485_ctrlorder	307	235472	-0.0058063839553111	-0.6793961605558292
P1_A485_ctrlorder	308	320343	-0.0003599897710962	-0.6797561503269254
P1_A485_ctrlorder	309	211712	-0.0005012865711239	-0.6802574368980493
P1_A485_ctrlorder	310	320560	0.0048492337148663	-0.675408203183183
P1_A485_ctrlorder	311	14545	0.0020799111607533	-0.6733282920224296
P1_A485_ctrlorder	312	14766	-0.0029003326672932	-0.6762286246897228
P1_A485_ctrlorder	313	77889	0.0027297035477838	-0.673498921141939
P1_A485_ctrlorder	314	56526	-0.0020170934982084	-0.6755160146401474
P1_A485_ctrlorder	315	382045	-0.0018438479881747	-0.6773598626283222
P1_A485_ctrlorder	316	17883	0.0036958741501956	-0.6736639884781266
P1_A485_ctrlorder	317	67178	-0.0003933583234549	-0.6740573468015815
P1_A485_ctrlorder	318	245638	-0.0001592185576309	-0.6742165653592124
P1_A485_ctrlorder	319	16870	-0.0025954727479422	-0.6768120381071546
P1_A485_ctrlorder	320	69684	0.0006156546000669	-0.6761963835070878
P1_A485_ctrlorder	321	170706	-0.0038976337219305	-0.6800940172290183
P1_A485_ctrlorder	322	242297	-0.0014994061250555	-0.6815934233540738
P1_A485_ctrlorder	323	13869	-0.0003320544391263	-0.6819254777932001
P1_A485_ctrlorder	324	320139	-0.0013707306348275	-0.6832962084280276
P1_A485_ctrlorder	325	240023	-0.0007311063223414	-0.684027314750369
P1_A485_ctrlorder	326	243755	-0.0029466972688854	-0.6869740120192545
P1_A485_ctrlorder	327	16772	-9.650138566743164e-05	-0.6870705134049219
P1_A485_ctrlorder	328	238257	-0.000994019656319	-0.6880645330612408
P1_A485_ctrlorder	329	72902	-0.0003030806821226	-0.6883676137433634
P1_A485_ctrlorder	330	19225	-0.0006619836010726	-0.689029597344436
P1_A485_ctrlorder	331	12482	-0.0003020583802293	-0.6893316557246654
P1_A485_ctrlorder	332	78177	-0.001359909464312	-0.6906915651889773
P1_A485_ctrlorder	333	75597	-0.0008972732245235	-0.6915888384135008
P1_A485_ctrlorder	334	67512	-0.0019436360789934	-0.6935324744924942
P1_A485_ctrlorder	335	75869	-0.0031838078971852	-0.6967162823896794
P1_A485_ctrlorder	336	19057	-0.0001051040551769	-0.6968213864448564
P1_A485_ctrlorder	337	244895	0.0006706939686743	-0.6961506924761821
P1_A485_ctrlorder	338	107448	-0.0032041123395988	-0.6993548048157809
P1_A485_ctrlorder	339	27660	-0.0008934848773612	-0.7002482896931421
P1_A485_ctrlorder	340	223774	0.0008843417680654	-0.6993639479250767
P1_A485_ctrlorder	341	71228	-0.0045216465674264	-0.7038855944925031
P1_A485_ctrlorder	342	19260	-0.000305171174894	-0.7041907656673971
P1_A485_ctrlorder	343	214663	0.0002306948989033	-0.7039600707684939
P1_A485_ctrlorder	344	110033	-2.393019642333727e-05	-0.7039840009649172
P1_A485_ctrlorder	345	68067	-0.0030381531166932	-0.7070221540816104
P1_A485_ctrlorder	346	15490	-0.0007995759102323	-0.7078217299918427
P1_A485_ctrlorder	347	75593	-0.0004982361336136	-0.7083199661254562
P1_A485_ctrlorder	348	54131	0.0008967616325199	-0.7074232044929363
P1_A485_ctrlorder	349	101497	-0.000780554839456	-0.7082037593323923
P1_A485_ctrlorder	350	381511	-0.0004999880887816	-0.7087037474211739
P1_A485_ctrlorder	351	52585	-0.0009846169698381	-0.709688364391012
P1_A485_ctrlorder	352	63954	-0.0018329682486299	-0.7115213326396419
P1_A485_ctrlorder	353	320664	0.0005059807940367	-0.7110153518456052
P1_A485_ctrlorder	354	15932	0.0012982809197038	-0.7097170709259013
P1_A485_ctrlorder	355	108153	0.0022523021877643	-0.707464768738137
P1_A485_ctrlorder	356	22031	0.0020502446352677	-0.7054145241028693
P1_A485_ctrlorder	357	244954	0.0014296096043423	-0.703984914498527
P1_A485_ctrlorder	358	56358	-0.0002758838471167	-0.7042607983456437
P1_A485_ctrlorder	359	70546	-0.0004795993429808	-0.7047403976886245
P1_A485_ctrlorder	360	12307	-0.0005570850174901	-0.7052974827061146
P1_A485_ctrlorder	361	14681	-0.0031561068418532	-0.7084535895479678
P1_A485_ctrlorder	362	22029	-0.0002442375625817	-0.7086978271105495
P1_A485_ctrlorder	363	240185	-0.0011040077826779	-0.7098018348932275
P1_A485_ctrlorder	364	245269	-0.0021886142024837	-0.7119904490957112
P1_A485_ctrlorder	365	106042	0.0003254730621501	-0.711664976033561
P1_A485_ctrlorder	366	13867	-0.0016312404271477	-0.7132962164607087
P1_A485_ctrlorder	367	13175	-0.0010474531103467	-0.7143436695710554
P1_A485_ctrlorder	368	20616	0.0003917750593845	-0.713951894511671
P1_A485_ctrlorder	369	83946	-0.0003795506599936	-0.7143314451716646
P1_A485_ctrlorder	370	11745	0.0012063524644459	-0.7131250927072187
P1_A485_ctrlorder	371	14012	-0.0010008150610498	-0.7141259077682685
P1_A485_ctrlorder	372	244058	-0.0012090728509193	-0.7153349806191878
P1_A485_ctrlorder	373	218271	-0.0013192815372202	-0.7166542621564079
P1_A485_ctrlorder	374	23821	1.9786510296717507e-05	-0.7166344756461112
P1_A485_ctrlorder	375	53324	0.0005174310769097	-0.7161170445692014
P1_A485_ctrlorder	376	171531	-0.0012525462006339	-0.7173695907698353
P1_A485_ctrlorder	377	229658	-0.0028299816207428	-0.7201995723905781
P1_A485_ctrlorder	378	622434	-0.0008239422086199	-0.721023514599198
P1_A485_ctrlorder	379	76566	-0.0006126673269655	-0.7216361819261635
P1_A485_ctrlorder	380	232821	9.258174170816372e-05	-0.7215436001844554
P1_A485_ctrlorder	381	13823	0.0003352524220668	-0.7212083477623886
P1_A485_ctrlorder	382	103967	-0.0002431481112167	-0.7214514958736054
P1_A485_ctrlorder	383	110385	-0.0005778056568853	-0.7220293015304906
P1_A485_ctrlorder	384	54650	-0.0003200286071769	-0.7223493301376676
P1_A485_ctrlorder	385	16438	-0.0004253486964982	-0.7227746788341658
P1_A485_ctrlorder	386	110197	4.913562549837815e-05	-0.7227255432086674
P1_A485_ctrlorder	387	213760	-0.0005704303281799	-0.7232959735368474
P1_A485_ctrlorder	388	208213	-0.000334074344337	-0.7236300478811843
P1_A485_ctrlorder	389	14027	0.000770962976779	-0.7228590849044053
P1_A485_ctrlorder	390	14281	-0.0002722440657434	-0.7231313289701488
P1_A485_ctrlorder	391	214580	0.0007141971128013	-0.7224171318573475
P1_A485_ctrlorder	392	240913	-0.0004842057859974	-0.7229013376433449
P1_A485_ctrlorder	393	68440	-0.0003833124439406	-0.7232846500872855
P1_A485_ctrlorder	394	78100	-0.0001626437269718	-0.7234472938142573
P1_A485_ctrlorder	395	66902	-0.000673382243636	-0.7241206760578933
P1_A485_ctrlorder	396	66591	-0.000970740707499	-0.7250914167653923
P1_A485_ctrlorder	397	271786	-0.0005492388530044	-0.7256406556183967
P1_A485_ctrlorder	398	23985	-0.0053815474484402	-0.731022203066837
P1_A485_ctrlorder	399	26874	0.002437280313064	-0.728584922753773
P1_A485_ctrlorder	400	22640	-0.0003292993281412	-0.7289142220819141
P1_A485_ctrlorder	401	13195	-0.0016367283120137	-0.7305509503939278
P1_A485_ctrlorder	402	214106	-0.0006385011510647	-0.7311894515449925
P1_A485_ctrlorder	403	19099	-0.0008442969946397	-0.7320337485396322
P1_A485_ctrlorder	404	227059	-0.0001648493125821	-0.7321985978522143
P1_A485_ctrlorder	405	69217	0.0002382279069014	-0.7319603699453129
P1_A485_ctrlorder	406	102545	-0.0013848574529158	-0.7333452273982287
P1_A485_ctrlorder	407	77505	0.0014140396380742	-0.7319311877601545
P1_A485_ctrlorder	408	216527	-0.0002321827395705	-0.732163370499725
P1_A485_ctrlorder	409	14251	-0.0014550905178134	-0.7336184610175385
P1_A485_ctrlorder	410	11601	-0.0026612937054245	-0.7362797547229629
P1_A485_ctrlorder	411	110310	-0.0023810837828922	-0.7386608385058551
P1_A485_ctrlorder	412	235041	-0.0017143424935875	-0.7403751809994426
P1_A485_ctrlorder	413	13170	-0.0007013042427451	-0.7410764852421876
P1_A485_ctrlorder	414	18712	-0.0002099011511647	-0.7412863863933523
P1_A485_ctrlorder	415	231724	-0.0013074906480156	-0.7425938770413679
P1_A485_ctrlorder	416	240058	-0.0008142847027061	-0.743408161744074
P1_A485_ctrlorder	417	76547	0.0001335204170438	-0.7432746413270301
P1_A485_ctrlorder	418	99512	-0.0002231176078894	-0.7434977589349195
P1_A485_ctrlorder	419	329502	-0.0008819365205064	-0.7443796954554259
P1_A485_ctrlorder	420	241494	-0.000296549061734	-0.74467624451716
P1_A485_ctrlorder	421	12795	-0.0004517219670652	-0.7451279664842252
P1_A485_ctrlorder	422	665563	-0.0022393489686325	-0.7473673154528577
P1_A485_ctrlorder	423	67295	-0.0003870382406641	-0.7477543536935218
P1_A485_ctrlorder	424	22376	-0.0001234903541214	-0.7478778440476432
P1_A485_ctrlorder	425	216292	-0.0013128002407949	-0.7491906442884382
P1_A485_ctrlorder	426	107513	-0.0006714696172931	-0.7498621139057313
P1_A485_ctrlorder	427	245945	-0.0013042272713388	-0.7511663411770702
P1_A485_ctrlorder	428	56316	0.0004112925028473	-0.7507550486742228
P1_A485_ctrlorder	429	12477	-0.0018740775279117	-0.7526291262021345
P1_A485_ctrlorder	430	19734	0.0006364515601176	-0.7519926746420169
P1_A485_ctrlorder	431	320865	-0.0014046236615207	-0.7533972983035376
P1_A485_ctrlorder	432	74694	-0.0006900236489831	-0.7540873219525207
P1_A485_ctrlorder	433	240261	-0.0013358790713923	-0.755423201023913
P1_A485_ctrlorder	434	229595	0.0003682383383175	-0.7550549626855956
P1_A485_ctrlorder	435	21652	-0.0004079966913006	-0.7554629593768962
P1_A485_ctrlorder	436	74386	-0.0003479303087539	-0.7558108896856501
P1_A485_ctrlorder	437	16007	0.0003794543441706	-0.7554314353414795
P1_A485_ctrlorder	438	22359	-0.0011301718799537	-0.7565616072214332
P1_A485_ctrlorder	439	18413	-0.0003736112262134	-0.7569352184476466
P1_A485_ctrlorder	440	321007	-0.000616568351892	-0.7575517867995386
P1_A485_ctrlorder	441	13400	-0.0004566559376211	-0.7580084427371597
P1_A485_ctrlorder	442	15213	0.0001120111686741	-0.7578964315684856
P1_A485_ctrlorder	443	52906	-0.0005511585433466	-0.7584475901118323
P1_A485_ctrlorder	444	235402	-0.0005515702232364	-0.7589991603350686
P1_A485_ctrlorder	445	17060	0.0028856289992906	-0.7561135313357781
P1_A485_ctrlorder	446	21940	-0.0005064515797501	-0.7566199829155281
P1_A485_ctrlorder	447	230721	0.0005237785788692	-0.7560962043366589
P1_A485_ctrlorder	448	225825	-0.0004168280545959	-0.7565130323912548
P1_A485_ctrlorder	449	66824	-0.0004667041558643	-0.756979736547119
P1_A485_ctrlorder	450	73852	-0.0009134697786332	-0.7578932063257522
P1_A485_ctrlorder	451	13363	-0.0009889512909083	-0.7588821576166604
P1_A485_ctrlorder	452	233878	2.622839258898925e-05	-0.7588559292240714
P1_A485_ctrlorder	453	22171	-0.0001922600625203	-0.7590481892865917
P1_A485_ctrlorder	454	18779	-0.0006708702041773	-0.759719059490769
P1_A485_ctrlorder	455	245020	-5.262004657023123e-05	-0.7597716795373393
P1_A485_ctrlorder	456	11364	0.0005476214093842	-0.759224058127955
P1_A485_ctrlorder	457	16658	0.0010175010989162	-0.7582065570290388
P1_A485_ctrlorder	458	219114	-0.0003508747468028	-0.7585574317758417
P1_A485_ctrlorder	459	74134	0.0001445538206909	-0.7584128779551508
P1_A485_ctrlorder	460	67163	-0.0001191680212169	-0.7585320459763677
P1_A485_ctrlorder	461	23850	-0.000788626738856	-0.7593206727152237
P1_A485_ctrlorder	462	381644	0.0001719931019671	-0.7591486796132566
P1_A485_ctrlorder	463	29857	0.0012604473997045	-0.7578882322135521
P1_A485_ctrlorder	464	12298	0.0014151082486467	-0.7564731239649054
P1_A485_ctrlorder	465	268902	-0.0001595149194468	-0.7566326388843522
P1_A485_ctrlorder	466	544963	-0.0003612258788835	-0.7569938647632357
P1_A485_ctrlorder	467	13841	-0.0014667799714691	-0.7584606447347048
P1_A485_ctrlorder	468	76217	-0.0007044493627026	-0.7591650940974074
P1_A485_ctrlorder	469	22401	0.0025058748304944	-0.756659219266913
P1_A485_ctrlorder	470	78286	-6.201568229024357e-05	-0.7567212349492033
P1_A485_ctrlorder	471	76787	-0.00153027119364	-0.7582515061428433
P1_A485_ctrlorder	472	18768	-6.214853379052357e-05	-0.7583136546766338
P1_A485_ctrlorder	473	12575	0.0143245602642468	-0.743989094412387
P1_A485_ctrlorder	474	17381	-0.0002424872534373	-0.7442315816658244
P1_A485_ctrlorder	475	56533	-8.311721062587908e-05	-0.7443146988764503
P1_A485_ctrlorder	476	108797	-0.0015319114841952	-0.7458466103606455
P1_A485_ctrlorder	477	72472	-9.938739826677189e-05	-0.7459459977589122
P1_A485_ctrlorder	478	15186	0.0006383813299897	-0.7453076164289225
P1_A485_ctrlorder	479	57344	0.0022182310072818	-0.7430893854216407
P1_A485_ctrlorder	480	66972	-0.0006945113557264	-0.7437838967773671
P1_A485_ctrlorder	481	74470	-0.0001319119520554	-0.7439158087294225
P1_A485_ctrlorder	482	22352	0.0080492603167612	-0.7358665484126613
P1_A485_ctrlorder	483	64945	0.0008736800289216	-0.7349928683837397
P1_A485_ctrlorder	484	338403	0.0001565209252967	-0.734836347458443
P1_A485_ctrlorder	485	77782	-7.760778690356008e-05	-0.7349139552453465
P1_A485_ctrlorder	486	108899	-0.0008686124878947	-0.7357825677332412
P1_A485_ctrlorder	487	236930	0.0001620347051429	-0.7356205330280984
P1_A485_ctrlorder	488	14823	-0.0003683175394663	-0.7359888505675647
P1_A485_ctrlorder	489	14623	0.000216238014941	-0.7357726125526237
P1_A485_ctrlorder	490	20509	-0.0001068118345797	-0.7358794243872034
P1_A485_ctrlorder	491	64340	0.0007702284141166	-0.7351091959730869
P1_A485_ctrlorder	492	13139	-0.0036750979734437	-0.7387842939465306
P1_A485_ctrlorder	493	11496	-0.0005709327847648	-0.7393552267312954
P1_A485_ctrlorder	494	11600	-9.833331734024892e-05	-0.7394535600486356
P1_A485_ctrlorder	495	75906	-0.0001916648145544	-0.73964522486319
P1_A485_ctrlorder	496	20430	-2.5501997749894104e-05	-0.7396707268609398
P1_A485_ctrlorder	497	320472	0.0004144323450799	-0.73925629451586
P1_A485_ctrlorder	498	67168	-0.0014602565299652	-0.7407165510458251
P1_A485_ctrlorder	499	71279	-4.7998104217622606e-05	-0.7407645491500428
P1_A485_ctrlorder	500	18584	-0.0001563762426697	-0.7409209253927125
P1_A485_ctrlorder	501	228852	-0.0035223916201927	-0.7444433170129052
P1_A485_ctrlorder	502	72748	0.000494230373014	-0.7439490866398912
P1_A485_ctrlorder	503	18750	3.034463510638481e-05	-0.7439187420047848
P1_A485_ctrlorder	504	11688	1.010293344418282e-05	-0.7439086390713406
P1_A485_ctrlorder	505	170459	0.0001279177003394	-0.7437807213710013
P1_A485_ctrlorder	506	244757	-0.0001282370754686	-0.7439089584464699
P1_A485_ctrlorder	507	19725	0.0001020240497977	-0.7438069343966721
P1_A485_ctrlorder	508	634731	-0.0002630322535503	-0.7440699666502224
P1_A485_ctrlorder	509	241230	1.6092768720764033e-05	-0.7440538738815017
P1_A485_ctrlorder	510	216739	-0.0001207607085518	-0.7441746345900535
P1_A485_ctrlorder	511	70551	-0.0001391205147726	-0.7443137551048261
P1_A485_ctrlorder	512	19338	0.000177269429618	-0.7441364856752081
P1_A485_ctrlorder	513	18984	0.0001009054048692	-0.7440355802703389
P1_A485_ctrlorder	514	68667	0.0006781406249534	-0.7433574396453855
P1_A485_ctrlorder	515	71240	-0.0001438322855252	-0.7435012719309106
P1_A485_ctrlorder	516	12876	-4.2845453810947975e-05	-0.7435441173847216
P1_A485_ctrlorder	517	102436	0.0009085896560387	-0.7426355277286829
P1_A485_ctrlorder	518	69574	0.0002760571842111	-0.7423594705444718
P1_A485_ctrlorder	519	21942	-0.0008446259236992	-0.743204096468171
P1_A485_ctrlorder	520	269423	9.0753042820277e-05	-0.7431133434253507
P1_A485_ctrlorder	521	19087	-0.0002306469294481	-0.7433439903547988
P1_A485_ctrlorder	522	54725	-0.0001136117509303	-0.7434576021057291
P1_A485_ctrlorder	523	226409	-0.000357566120935	-0.743815168226664
P1_A485_ctrlorder	524	56177	-0.0001460141561337	-0.7439611823827977
P1_A485_ctrlorder	525	12287	-0.0003683609468344	-0.7443295433296321
P1_A485_ctrlorder	526	218440	-0.0026111246448849	-0.746940667974517
P1_A485_ctrlorder	527	11459	0.0004941149461445	-0.7464465530283725
P1_A485_ctrlorder	528	66526	-0.0002979680382182	-0.7467445210665907
P1_A485_ctrlorder	529	11746	4.422040951137417e-06	-0.7467400990256395
P1_A485_ctrlorder	530	68479	-0.000445493124683	-0.7471855921503225
P1_A485_ctrlorder	531	77577	-0.0017912125529341	-0.7489768047032567
P1_A485_ctrlorder	532	18974	-0.0002821953202387	-0.7492590000234953
P1_A485_ctrlorder	533	14081	-3.225190754955502e-05	-0.7492912519310448
P1_A485_ctrlorder	534	330409	6.371624505127754e-05	-0.7492275356859935
P1_A485_ctrlorder	535	16535	-0.0003328869582769	-0.7495604226442705
P1_A485_ctrlorder	536	11927	-0.0003515862685467	-0.7499120089128172
P1_A485_ctrlorder	537	67198	-0.0008150612370493	-0.7507270701498665
P1_A485_ctrlorder	538	105439	0.0010444718042289	-0.7496825983456376
P1_A485_ctrlorder	539	20656	-0.0004405960037455	-0.750123194349383
P1_A485_ctrlorder	540	12842	-0.0005526862698424	-0.7506758806192254
P1_A485_ctrlorder	541	50934	0.0008961925859256	-0.7497796880332999
P1_A485_ctrlorder	542	17345	0.000260381933266	-0.7495193061000338
P1_A485_ctrlorder	543	72585	-0.0004079604608106	-0.7499272665608444
P1_A485_ctrlorder	544	66446	0.00163874542912	-0.7482885211317244
P1_A485_ctrlorder	545	210044	0.0002828220353195	-0.7480056990964049
P1_A485_ctrlorder	546	209032	-0.0004504502696907	-0.7484561493660956
P1_A485_ctrlorder	547	14313	-0.003231735938951	-0.7516878853050466
P1_A485_ctrlorder	548	319520	0.0002448614424643	-0.7514430238625823
P1_A485_ctrlorder	549	319266	0.0013722433531697	-0.7500707805094127
P1_A485_ctrlorder	550	22249	-0.0009943385632768	-0.7510651190726895
P1_A485_ctrlorder	551	68642	0.0003532024909798	-0.7507119165817097
P1_A485_ctrlorder	552	12550	0.0003704316175485	-0.7503414849641612
P1_A485_ctrlorder	553	14419	-0.0021323614659849	-0.7524738464301461
P1_A485_ctrlorder	554	57340	-0.0002415424952428	-0.7527153889253889
P1_A485_ctrlorder	555	12494	-0.0010414047596633	-0.7537567936850522
P1_A485_ctrlorder	556	12931	-0.0001960520764988	-0.753952845761551
P1_A485_ctrlorder	557	105239	0.0001144384567369	-0.7538384073048141
P1_A485_ctrlorder	558	14675	-6.197939847269943e-05	-0.7539003867032869
P1_A485_ctrlorder	559	76261	0.0004014799444242	-0.7534989067588627
P1_A485_ctrlorder	560	17930	0.0002822435406459	-0.7532166632182168
P1_A485_ctrlorder	561	13131	-0.0001330829807621	-0.7533497461989789
P1_A485_ctrlorder	562	211228	-0.0002998493499291	-0.753649595548908
P1_A485_ctrlorder	563	14183	0.0001600354391843	-0.7534895601097237
P1_A485_ctrlorder	564	67603	0.0004025061739403	-0.7530870539357833
P1_A485_ctrlorder	565	12850	-0.0019692022388464	-0.7550562561746298
P1_A485_ctrlorder	566	104885	-0.0001215698730075	-0.7551778260476373
P1_A485_ctrlorder	567	233875	0.0006372250865126	-0.7545406009611246
P1_A485_ctrlorder	568	70381	-0.0001186121429626	-0.7546592131040872
P1_A485_ctrlorder	569	16847	-0.000162888367687	-0.7548221014717742
P1_A485_ctrlorder	570	12810	-0.001454345133172	-0.7562764466049462
P1_A485_ctrlorder	571	64424	-5.239622287616172e-05	-0.7563288428278223
P1_A485_ctrlorder	572	106572	-5.736747680396085e-05	-0.7563862103046263
P1_A485_ctrlorder	573	20516	-0.0003703175403896	-0.7567565278450159
P1_A485_ctrlorder	574	57738	-3.563649758940984e-05	-0.7567921643426053
P1_A485_ctrlorder	575	78619	0.0005000911470716	-0.7562920731955337
P1_A485_ctrlorder	576	20447	-3.832519807291139e-05	-0.7563303983936066
P1_A485_ctrlorder	577	75590	-0.0016558482225242	-0.7579862466161308
P1_A485_ctrlorder	578	268395	-8.968543659099379e-05	-0.7580759320527218
P1_A485_ctrlorder	579	234214	-3.079428181181523e-05	-0.7581067263345337
P1_A485_ctrlorder	580	67422	0.0058727987343095	-0.7522339276002242
P1_A485_ctrlorder	581	22381	0.0011609402637481	-0.7510729873364761
P1_A485_ctrlorder	582	22771	0.000547949144079	-0.7505250381923971
P1_A485_ctrlorder	583	118449	0.0014203086710016	-0.7491047295213955
P1_A485_ctrlorder	584	236539	0.0001478393787095	-0.748956890142686
P1_A485_ctrlorder	585	70951	-0.0004344896358385	-0.7493913797785244
P1_A485_ctrlorder	586	54486	-4.230294182050684e-05	-0.7494336827203449
P1_A485_ctrlorder	587	228730	-0.0005347354300187	-0.7499684181503636
P1_A485_ctrlorder	588	232560	-0.0017512797724047	-0.7517196979227684
P1_A485_ctrlorder	589	52033	0.0001239184226271	-0.7515957795001413
P1_A485_ctrlorder	590	12805	-7.804394835164279e-05	-0.751673823448493
P1_A485_ctrlorder	591	328365	-0.0003152834626151	-0.7519891069111081
P1_A485_ctrlorder	592	270906	-7.875700323992724e-05	-0.752067863914348
P1_A485_ctrlorder	593	17921	-3.9440978575207935e-05	-0.7521073048929232
P1_A485_ctrlorder	594	211798	-9.814475723727672e-06	-0.7521171193686469
P1_A485_ctrlorder	595	16574	0.0001102239111935	-0.7520068954574534
P1_A485_ctrlorder	596	110962	-0.0010611505721502	-0.7530680460296035
P1_A485_ctrlorder	597	20745	-0.0001668835660761	-0.7532349295956796
P1_A485_ctrlorder	598	77113	-7.395785255374048e-05	-0.7533088874482333
P1_A485_ctrlorder	599	71819	-1.288520013323042e-05	-0.7533217726483665
P1_A485_ctrlorder	600	13982	-7.275833819233253e-05	-0.7533945309865588
P1_A485_ctrlorder	601	19249	-0.000143133470706	-0.7535376644572649
P1_A485_ctrlorder	602	77593	0.0002703678400516	-0.7532672966172133
P1_A485_ctrlorder	603	243780	-0.0001139544071716	-0.7533812510243848
P1_A485_ctrlorder	604	330286	-0.0004850129209922	-0.753866263945377
P1_A485_ctrlorder	605	80914	0.0001139824964718	-0.7537522814489053
P1_A485_ctrlorder	606	319901	6.774563212708551e-05	-0.7536845358167782
P1_A485_ctrlorder	607	56279	0.0006185613133952	-0.753065974503383
P1_A485_ctrlorder	608	26556	-0.0010381141880452	-0.7541040886914282
P1_A485_ctrlorder	609	140571	-0.0003179767641635	-0.7544220654555917
P1_A485_ctrlorder	610	18150	0.0019469571398328	-0.7524751083157588
P1_A485_ctrlorder	611	53328	-0.0003728016798361	-0.7528479099955949
P1_A485_ctrlorder	612	70310	8.976358107262598e-05	-0.7527581464145223
P1_A485_ctrlorder	613	26949	-0.0029563310964826	-0.755714477511005
P1_A485_ctrlorder	614	20191	-2.2148806763547053e-05	-0.7557366263177685
P1_A485_ctrlorder	615	14961	-0.0017072600232151	-0.7574438863409836
P1_A485_ctrlorder	616	13844	0.0002382267608757	-0.7572056595801079
P1_A485_ctrlorder	617	21828	1.2856107852777702e-05	-0.7571928034722551
P1_A485_ctrlorder	618	407823	-5.137463144468652e-05	-0.7572441781036998
P1_A485_ctrlorder	619	66953	-0.0003786909806936	-0.7576228690843935
P1_A485_ctrlorder	620	12630	0.0001802948425179	-0.7574425742418756
P1_A485_ctrlorder	621	22062	-6.007354678661232e-05	-0.7575026477886622
P1_A485_ctrlorder	622	14261	-0.0001350771587891	-0.7576377249474513
P1_A485_ctrlorder	623	77411	-0.0001312778425059	-0.7577690027899572
P1_A485_ctrlorder	624	12297	3.987392423808946e-05	-0.7577291288657191
P1_A485_ctrlorder	625	14687	-9.721478987277812e-06	-0.7577388503447063
P1_A485_ctrlorder	626	14613	-0.0002943093521407	-0.758033159696847
P1_A485_ctrlorder	627	384214	-0.0003561291066283	-0.7583892888034753
P1_A485_ctrlorder	628	23921	-1.078151636186407e-05	-0.7584000703198372
P1_A485_ctrlorder	629	14160	0.0003339665855014	-0.7580661037343358
P1_A485_ctrlorder	630	23948	-0.0001290429994378	-0.7581951467337736
P1_A485_ctrlorder	631	218820	0.0001285505359483	-0.7580665961978253
P1_A485_ctrlorder	632	22234	0.0023651893528137	-0.7557014068450116
P1_A485_ctrlorder	633	20273	-9.215091580818582e-06	-0.7557106219365924
P1_A485_ctrlorder	634	11941	8.911735269401606e-06	-0.755701710201323
P1_A485_ctrlorder	635	380863	-1.239396265760442e-05	-0.7557141041639807
P1_A485_ctrlorder	636	546336	1.3379683521797254e-05	-0.7557007244804589
P1_A485_ctrlorder	637	171282	0.0001046878296562	-0.7555960366508027
P1_A485_ctrlorder	638	56700	-4.101538089386447e-05	-0.7556370520316965
P1_A485_ctrlorder	639	268481	-0.0001518674957724	-0.755788919527469
P1_A485_ctrlorder	640	237073	-5.457481763043287e-05	-0.7558434943450993
P1_A485_ctrlorder	641	171463	7.125196315622447e-06	-0.7558363691487837
P1_A485_ctrlorder	642	242700	-0.0002131307647819	-0.7560494999135656
P1_A485_ctrlorder	643	69066	-3.9179356965948864e-05	-0.7560886792705316
P1_A485_ctrlorder	644	238024	-0.0001983450572259	-0.7562870243277575
P1_A485_ctrlorder	645	101565	8.068437276460073e-06	-0.7562789558904811
P1_A485_ctrlorder	646	12393	-2.4780125845217304e-05	-0.7563037360163263
P1_A485_ctrlorder	647	70223	-1.2937193786360934e-05	-0.7563166732101126
P1_A485_ctrlorder	648	19258	-1.2941647073715656e-05	-0.7563296148571863
P1_A485_ctrlorder	649	320557	0.0005995805168654	-0.7557300343403209
P1_A485_ctrlorder	650	24057	-9.031147522898904e-06	-0.7557390654878439
P1_A485_ctrlorder	651	232333	-0.0003033586229337	-0.7560424241107776
P1_A485_ctrlorder	652	238799	2.6926224861502703e-06	-0.7560397314882914
P1_A485_ctrlorder	653	78892	-0.0008822485125138	-0.7569219800008052
P1_A485_ctrlorder	654	12236	-0.0002032761580491	-0.7571252561588543
P1_A485_ctrlorder	655	22113	1.9174895157631884e-05	-0.7571060812636966
P1_A485_ctrlorder	656	13048	-8.959879290716413e-05	-0.7571956800566038
P1_A485_ctrlorder	657	27801	-1.4227948106685329e-05	-0.7572099080047104
P1_A485_ctrlorder	658	71720	4.6425556018763336e-05	-0.7571634824486917
P1_A485_ctrlorder	659	228357	0.0001089892780761	-0.7570544931706156
P1_A485_ctrlorder	660	242607	1.3057821528711028e-06	-0.7570531873884627
P1_A485_ctrlorder	661	67971	0.0009231659704552	-0.7561300214180076
P1_A485_ctrlorder	662	338365	-0.0028974750702332	-0.7590274964882407
P1_A485_ctrlorder	663	107351	1.40323345597753e-05	-0.759013464153681
P1_A485_ctrlorder	664	103551	1.1699116203056504e-06	-0.7590122942420606
P1_A485_ctrlorder	665	21789	-0.0002191852885358	-0.7592314795305964
P1_A485_ctrlorder	666	353242	1.3080030184460634e-07	-0.7592313487302946
P1_A485_ctrlorder	667	237831	0.0	-0.7592313487302946
P1_A485_ctrlorder	668	64103	0.0	-0.7592313487302946
P1_A485_ctrlorder	669	170952	0.0	-0.7592313487302946
P1_A485_ctrlorder	670	216795	-0.0	-0.7592313487302946
P1_A485_ctrlorder	671	193034	-0.0	-0.7592313487302946
P1_A485_ctrlorder	672	73728	0.0	-0.7592313487302946
P1_A485_ctrlorder	673	211550	0.0	-0.7592313487302946
P1_A485_ctrlorder	674	14400	0.0	-0.7592313487302946
P1_A485_ctrlorder	675	217306	-0.0	-0.7592313487302946
P1_A485_ctrlorder	676	272031	-0.0	-0.7592313487302946
P1_A485_ctrlorder	677	70727	-0.0	-0.7592313487302946
P1_A485_ctrlorder	678	214359	-0.0	-0.7592313487302946
P1_A485_ctrlorder	679	19215	0.0	-0.7592313487302946
P1_A485_ctrlorder	680	12831	-0.0	-0.7592313487302946
P1_A485_ctrlorder	681	109050	0.0	-0.7592313487302946
P1_A485_ctrlorder	682	23936	-0.0	-0.7592313487302946
P1_A485_ctrlorder	683	17926	-0.0	-0.7592313487302946
P1_A485_ctrlorder	684	110902	-0.0	-0.7592313487302946
P1_A485_ctrlorder	685	22229	-0.0	-0.7592313487302946
P1_A485_ctrlorder	686	16768	0.0	-0.7592313487302946
P1_A485_ctrlorder	687	11423	0.0	-0.7592313487302946
P1_A485_ctrlorder	688	233733	-0.0	-0.7592313487302946
P1_A485_ctrlorder	689	17537	-0.0	-0.7592313487302946
P1_A485_ctrlorder	690	399548	0.0	-0.7592313487302946
P1_A485_ctrlorder	691	77630	0.0	-0.7592313487302946
P1_A485_ctrlorder	692	11687	0.0	-0.7592313487302946
P1_A485_ctrlorder	693	19153	-0.0	-0.7592313487302946
P1_A485_ctrlorder	694	12350	-0.0	-0.7592313487302946
P1_A485_ctrlorder	695	74770	0.0	-0.7592313487302946
P1_A485_ctrlorder	696	70061	0.0	-0.7592313487302946
P1_A485_ctrlorder	697	16426	0.0	-0.7592313487302946
P1_A485_ctrlorder	698	227632	-0.0	-0.7592313487302946
P1_A485_ctrlorder	699	20964	-0.0	-0.7592313487302946
P1_A485_ctrlorder	700	20680	-0.0	-0.7592313487302946
P1_A485_ctrlorder	701	242702	-0.0	-0.7592313487302946
P1_A485_ctrlorder	702	71690	0.0	-0.7592313487302946
P1_A485_ctrlorder	703	14432	-0.0	-0.7592313487302946
P1_A485_ctrlorder	704	118454	-0.0	-0.7592313487302946
P1_A485_ctrlorder	705	66208	-0.0	-0.7592313487302946
P1_A485_ctrlorder	706	18510	-0.0	-0.7592313487302946
P1_A485_ctrlorder	707	84004	0.0	-0.7592313487302946
P1_A485_ctrlorder	708	54634	0.0	-0.7592313487302946
P1_A485_ctrlorder	709	114679	0.0	-0.7592313487302946
P1_A485_ctrlorder	710	232370	0.0	-0.7592313487302946
P1_A485_ctrlorder	711	16846	0.0	-0.7592313487302946
P1_A485_ctrlorder	712	12062	0.0	-0.7592313487302946
P1_A485_ctrlorder	713	20317	-0.0	-0.7592313487302946
P1_A485_ctrlorder	714	17228	-0.0	-0.7592313487302946
P1_A485_ctrlorder	715	18389	0.0	-0.7592313487302946
P1_A485_ctrlorder	716	208092	-0.0	-0.7592313487302946
P1_A485_ctrlorder	717	14412	-0.0	-0.7592313487302946
P1_A485_ctrlorder	718	218877	0.0	-0.7592313487302946
P1_A485_ctrlorder	719	27419	0.0	-0.7592313487302946
P1_A485_ctrlorder	720	16909	-0.0	-0.7592313487302946
P1_A485_ctrlorder	721	57814	0.0	-0.7592313487302946
P1_A485_ctrlorder	722	20965	-0.0	-0.7592313487302946
P1_A485_ctrlorder	723	56221	-0.0	-0.7592313487302946
P1_A485_ctrlorder	724	19700	-0.0	-0.7592313487302946
P1_A485_ctrlorder	725	19288	-0.0	-0.7592313487302946
P1_A485_ctrlorder	726	217125	0.0	-0.7592313487302946
P1_A485_ctrlorder	727	74580	0.0	-0.7592313487302946
P1_A485_ctrlorder	728	171469	-0.0	-0.7592313487302946
P1_A485_ctrlorder	729	79235	0.0	-0.7592313487302946
P1_A485_ctrlorder	730	270192	-0.0	-0.7592313487302946
P1_A485_ctrlorder	731	242523	0.0	-0.7592313487302946
P1_A485_ctrlorder	732	13003	0.0	-0.7592313487302946
P1_A485_ctrlorder	733	12825	-0.0	-0.7592313487302946
P1_A485_ctrlorder	734	12840	0.0	-0.7592313487302946
P1_A485_ctrlorder	735	231134	-0.0	-0.7592313487302946
P1_A485_ctrlorder	736	17005	-0.0	-0.7592313487302946
P1_A485_ctrlorder	737	27280	0.0	-0.7592313487302946
P1_A485_ctrlorder	738	58176	-0.0	-0.7592313487302946
P1_A485_ctrlorder	739	208158	0.0	-0.7592313487302946
P1_A485_ctrlorder	740	12143	0.0	-0.7592313487302946
P1_A485_ctrlorder	741	14115	-0.0	-0.7592313487302946
P1_A485_ctrlorder	742	210530	0.0	-0.7592313487302946
P1_A485_ctrlorder	743	14080	-0.0	-0.7592313487302946
P1_A485_ctrlorder	744	17885	-0.0	-0.7592313487302946
P1_A485_ctrlorder	745	13074	0.0	-0.7592313487302946
P1_A485_ctrlorder	746	65221	0.0	-0.7592313487302946
P1_A485_ctrlorder	747	14938	-0.0	-0.7592313487302946
P1_A485_ctrlorder	748	100038882	-0.0	-0.7592313487302946
P1_A485_ctrlorder	749	15163	0.0	-0.7592313487302946
P1_A485_ctrlorder	750	13849	0.0	-0.7592313487302946
P1_A485_ctrlorder	751	279028	-0.0	-0.7592313487302946
P1_A485_ctrlorder	752	268709	-0.0	-0.7592313487302946
P1_A485_ctrlorder	753	15896	-0.0	-0.7592313487302946
P1_A485_ctrlorder	754	18142	-0.0	-0.7592313487302946
P1_A485_ctrlorder	755	12029	0.0	-0.7592313487302946
P1_A485_ctrlorder	756	56534	0.0	-0.7592313487302946
P1_A485_ctrlorder	757	229791	-0.0	-0.7592313487302946
P1_A485_ctrlorder	758	14840	-0.0	-0.7592313487302946
P1_A485_ctrlorder	759	170725	-0.0	-0.7592313487302946
P1_A485_ctrlorder	760	15114	0.0	-0.7592313487302946
P1_A485_ctrlorder	761	333088	0.0	-0.7592313487302946
P1_A485_ctrlorder	762	20202	0.0	-0.7592313487302946
P1_A485_ctrlorder	763	22403	0.0	-0.7592313487302946
P1_A485_ctrlorder	764	52857	-0.0	-0.7592313487302946
P1_A485_ctrlorder	765	16399	0.0	-0.7592313487302946
P1_A485_ctrlorder	766	20618	0.0	-0.7592313487302946
P1_A485_ctrlorder	767	103511	0.0	-0.7592313487302946
P1_A485_ctrlorder	768	207728	-0.0	-0.7592313487302946
P1_A485_ctrlorder	769	104601	-0.0	-0.7592313487302946
P1_A485_ctrlorder	770	106878	-0.0	-0.7592313487302946
P1_A485_ctrlorder	771	19329	-0.0	-0.7592313487302946
P1_A485_ctrlorder	772	56362	-0.0	-0.7592313487302946
P1_A485_ctrlorder	773	104080	-0.0	-0.7592313487302946
P1_A485_ctrlorder	774	246728	0.0	-0.7592313487302946
P1_A485_ctrlorder	775	17528	-0.0	-0.7592313487302946
P1_A485_ctrlorder	776	241568	-0.0	-0.7592313487302946
P1_A485_ctrlorder	777	69671	0.0	-0.7592313487302946
P1_A485_ctrlorder	778	14632	-0.0	-0.7592313487302946
P1_A485_ctrlorder	779	11689	-0.0	-0.7592313487302946
P1_A485_ctrlorder	780	27219	0.0	-0.7592313487302946
P1_A485_ctrlorder	781	171180	-0.0	-0.7592313487302946
P1_A485_ctrlorder	782	23845	0.0	-0.7592313487302946
P1_A485_ctrlorder	783	244864	-0.0	-0.7592313487302946
P1_A485_ctrlorder	784	278180	0.0	-0.7592313487302946
P1_A485_ctrlorder	785	22268	-0.0	-0.7592313487302946
P1_A485_ctrlorder	786	69903	-0.0	-0.7592313487302946
P1_A485_ctrlorder	787	384569	-0.0	-0.7592313487302946
P1_A485_ctrlorder	788	207911	0.0	-0.7592313487302946
P1_A485_ctrlorder	789	71461	-0.0	-0.7592313487302946
P1_A485_ctrlorder	790	63828	0.0	-0.7592313487302946
P1_A485_ctrlorder	791	17130	0.0	-0.7592313487302946
P1_A485_ctrlorder	792	109225	0.0	-0.7592313487302946
P1_A485_ctrlorder	793	11807	-0.0	-0.7592313487302946
P1_A485_ctrlorder	794	16491	0.0	-0.7592313487302946
P1_A485_ctrlorder	795	16197	0.0	-0.7592313487302946
P1_A485_ctrlorder	796	228785	-0.0	-0.7592313487302946
P1_A485_ctrlorder	797	56644	0.0	-0.7592313487302946
P1_A485_ctrlorder	798	27226	0.0	-0.7592313487302946
P1_A485_ctrlorder	799	381798	-0.0	-0.7592313487302946
P1_A485_ctrlorder	800	320840	0.0	-0.7592313487302946
P1_A485_ctrlorder	801	14049	0.0	-0.7592313487302946
P1_A485_ctrlorder	802	53601	0.0	-0.7592313487302946
P1_A485_ctrlorder	803	23831	-0.0	-0.7592313487302946
P1_A485_ctrlorder	804	12007	0.0	-0.7592313487302946
P1_A485_ctrlorder	805	212032	-0.0	-0.7592313487302946
P1_A485_ctrlorder	806	242050	-0.0	-0.7592313487302946
P1_A485_ctrlorder	807	545192	0.0	-0.7592313487302946
P1_A485_ctrlorder	808	11829	-0.0	-0.7592313487302946
P1_A485_ctrlorder	809	19711	-0.0	-0.7592313487302946
P1_A485_ctrlorder	810	76757	0.0	-0.7592313487302946
P1_A485_ctrlorder	811	70370	0.0	-0.7592313487302946
P1_A485_ctrlorder	812	24053	-0.0	-0.7592313487302946
P1_A485_ctrlorder	813	20389	-0.0	-0.7592313487302946
P1_A485_ctrlorder	814	319229	-0.0	-0.7592313487302946
P1_A485_ctrlorder	815	56745	-0.0	-0.7592313487302946
P1_A485_ctrlorder	816	230775	0.0	-0.7592313487302946
P1_A485_ctrlorder	817	64176	0.0	-0.7592313487302946
P1_A485_ctrlorder	818	170835	-0.0	-0.7592313487302946
P1_A485_ctrlorder	819	56532	-0.0	-0.7592313487302946
P1_A485_ctrlorder	820	13609	-0.0	-0.7592313487302946
P1_A485_ctrlorder	821	12839	-0.0	-0.7592313487302946
P1_A485_ctrlorder	822	238328	-0.0	-0.7592313487302946
P1_A485_ctrlorder	823	237010	0.0	-0.7592313487302946
P1_A485_ctrlorder	824	16176	-0.0	-0.7592313487302946
P1_A485_ctrlorder	825	228576	-0.0	-0.7592313487302946
P1_A485_ctrlorder	826	16453	0.0	-0.7592313487302946
P1_A485_ctrlorder	827	243897	0.0	-0.7592313487302946
P1_A485_ctrlorder	828	14580	0.0	-0.7592313487302946
P1_A485_ctrlorder	829	109857	0.0	-0.7592313487302946
P1_A485_ctrlorder	830	67564	-0.0	-0.7592313487302946
P1_A485_ctrlorder	831	330627	0.0	-0.7592313487302946
P1_A485_ctrlorder	832	50766	0.0	-0.7592313487302946
P1_A485_ctrlorder	833	20897	0.0	-0.7592313487302946
P1_A485_ctrlorder	834	11450	-0.0	-0.7592313487302946
P1_A485_ctrlorder	835	16402	0.0	-0.7592313487302946
P1_A485_ctrlorder	836	23966	0.0	-0.7592313487302946
P1_A485_ctrlorder	837	56485	0.0	-0.7592313487302946
P1_A485_ctrlorder	838	237611	-0.0	-0.7592313487302946
P1_A485_ctrlorder	839	105193	-0.0	-0.7592313487302946
P1_A485_ctrlorder	840	319655	-0.0	-0.7592313487302946
P1_A485_ctrlorder	841	16511	0.0	-0.7592313487302946
P1_A485_ctrlorder	842	75641	-0.0	-0.7592313487302946
P1_A485_ctrlorder	843	71099	0.0	-0.7592313487302946
P1_A485_ctrlorder	844	50779	-0.0	-0.7592313487302946
P1_A485_ctrlorder	845	320100	0.0	-0.7592313487302946
P1_A485_ctrlorder	846	53313	0.0	-0.7592313487302946
P1_A485_ctrlorder	847	97440	0.0	-0.7592313487302946
P1_A485_ctrlorder	848	50528	0.0	-0.7592313487302946
P1_A485_ctrlorder	849	18654	-0.0	-0.7592313487302946
P1_A485_ctrlorder	850	194309	0.0	-0.7592313487302946
P1_A485_ctrlorder	851	13041	0.0	-0.7592313487302946
P1_A485_ctrlorder	852	77318	0.0	-0.7592313487302946
P1_A485_ctrlorder	853	66548	0.0	-0.7592313487302946
P1_A485_ctrlorder	854	67580	0.0	-0.7592313487302946
P1_A485_ctrlorder	855	72002	-0.0	-0.7592313487302946
P1_A485_ctrlorder	856	269615	-0.0	-0.7592313487302946
P1_A485_ctrlorder	857	20319	0.0	-0.7592313487302946
P1_A485_ctrlorder	858	231691	-0.0	-0.7592313487302946
P1_A485_ctrlorder	859	14560	-0.0	-0.7592313487302946
P1_A485_ctrlorder	860	54672	-0.0	-0.7592313487302946
P1_A485_ctrlorder	861	24110	0.0	-0.7592313487302946
P1_A485_ctrlorder	862	70415	-0.0	-0.7592313487302946
P1_A485_ctrlorder	863	19419	-0.0	-0.7592313487302946
P1_A485_ctrlorder	864	21817	0.0	-0.7592313487302946
P1_A485_ctrlorder	865	19011	-0.0	-0.7592313487302946
P1_A485_ctrlorder	866	29818	-0.0	-0.7592313487302946
P1_A485_ctrlorder	867	68352	0.0	-0.7592313487302946
P1_A485_ctrlorder	868	230103	0.0	-0.7592313487302946
P1_A485_ctrlorder	869	15370	0.0	-0.7592313487302946
P1_A485_ctrlorder	870	14017	0.0	-0.7592313487302946
P1_A485_ctrlorder	871	241452	-0.0	-0.7592313487302946
P1_A485_ctrlorder	872	17433	-0.0	-0.7592313487302946
P1_A485_ctrlorder	873	72774	-0.0	-0.7592313487302946
P1_A485_ctrlorder	874	66528	-0.0	-0.7592313487302946
P1_A485_ctrlorder	875	100039795	0.0	-0.7592313487302946
P1_A485_ctrlorder	876	21928	0.0	-0.7592313487302946
P1_A485_ctrlorder	877	243328	-0.0	-0.7592313487302946
P1_A485_ctrlorder	878	286942	-0.0	-0.7592313487302946
P1_A485_ctrlorder	879	225742	-0.0	-0.7592313487302946
P1_A485_ctrlorder	880	21898	0.0	-0.7592313487302946
P1_A485_ctrlorder	881	380785	0.0	-0.7592313487302946
P1_A485_ctrlorder	882	103988	-0.0	-0.7592313487302946
P1_A485_ctrlorder	883	217341	0.0	-0.7592313487302946
P1_A485_ctrlorder	884	233752	0.0	-0.7592313487302946
P1_A485_ctrlorder	885	21743	-0.0	-0.7592313487302946
P1_A485_ctrlorder	886	107766	-0.0	-0.7592313487302946
P1_A485_ctrlorder	887	22780	0.0	-0.7592313487302946
P1_A485_ctrlorder	888	14126	-0.0	-0.7592313487302946
P1_A485_ctrlorder	889	229003	-0.0	-0.7592313487302946
P1_A485_ctrlorder	890	12845	0.0	-0.7592313487302946
P1_A485_ctrlorder	891	77609	0.0	-0.7592313487302946
P1_A485_ctrlorder	892	12390	0.0	-0.7592313487302946
P1_A485_ctrlorder	893	67425	-0.0	-0.7592313487302946
P1_A485_ctrlorder	894	242939	0.0	-0.7592313487302946
P1_A485_ctrlorder	895	22351	-0.0	-0.7592313487302946
P1_A485_ctrlorder	896	114886	0.0	-0.7592313487302946
P1_A485_ctrlorder	897	68764	-0.0	-0.7592313487302946
P1_A485_ctrlorder	898	12266	0.0	-0.7592313487302946
P1_A485_ctrlorder	899	320129	-0.0	-0.7592313487302946
P1_A485_ctrlorder	900	19124	-0.0	-0.7592313487302946
P1_A485_ctrlorder	901	64817	0.0	-0.7592313487302946
P1_A485_ctrlorder	902	210808	0.0	-0.7592313487302946
P1_A485_ctrlorder	903	22637	0.0	-0.7592313487302946
P1_A485_ctrlorder	904	18400	0.0	-0.7592313487302946
P1_A485_ctrlorder	905	574402	-0.0	-0.7592313487302946
P1_A485_ctrlorder	906	20391	0.0	-0.7592313487302946
P1_A485_ctrlorder	907	53604	0.0	-0.7592313487302946
P1_A485_ctrlorder	908	12505	0.0	-0.7592313487302946
P1_A485_ctrlorder	909	232078	-0.0	-0.7592313487302946
P1_A485_ctrlorder	910	18784	-0.0	-0.7592313487302946
P1_A485_ctrlorder	911	71781	-0.0	-0.7592313487302946
P1_A485_ctrlorder	912	54195	-0.0	-0.7592313487302946
P1_A485_ctrlorder	913	68566	0.0	-0.7592313487302946
P1_A485_ctrlorder	914	20295	-0.0	-0.7592313487302946
P1_A485_ctrlorder	915	22671	-0.0	-0.7592313487302946
P1_A485_ctrlorder	916	213417	0.0	-0.7592313487302946
P1_A485_ctrlorder	917	233246	-0.0	-0.7592313487302946
P1_A485_ctrlorder	918	50773	-0.0	-0.7592313487302946
P1_A485_ctrlorder	919	434341	0.0	-0.7592313487302946
P1_A485_ctrlorder	920	74748	0.0	-0.7592313487302946
P1_A485_ctrlorder	921	12654	0.0	-0.7592313487302946
P1_A485_ctrlorder	922	71609	-0.0	-0.7592313487302946
P1_A485_ctrlorder	923	244550	0.0	-0.7592313487302946
P1_A485_ctrlorder	924	66901	0.0	-0.7592313487302946
P1_A485_ctrlorder	925	230163	-0.0	-0.7592313487302946
P1_A485_ctrlorder	926	21956	0.0	-0.7592313487302946
P1_A485_ctrlorder	927	100198	0.0	-0.7592313487302946
P1_A485_ctrlorder	928	14264	-0.0	-0.7592313487302946
P1_A485_ctrlorder	929	72244	-0.0	-0.7592313487302946
P1_A485_ctrlorder	930	12501	0.0	-0.7592313487302946
P1_A485_ctrlorder	931	20564	0.0	-0.7592313487302946
P1_A485_ctrlorder	932	76441	-0.0	-0.7592313487302946
P1_A485_ctrlorder	933	338369	-0.0	-0.7592313487302946
P1_A485_ctrlorder	934	107527	-0.0	-0.7592313487302946
P1_A485_ctrlorder	935	16323	0.0	-0.7592313487302946
P1_A485_ctrlorder	936	17085	0.0	-0.7592313487302946
P1_A485_ctrlorder	937	59308	0.0	-0.7592313487302946
P1_A485_ctrlorder	938	22324	0.0	-0.7592313487302946
P1_A485_ctrlorder	939	21384	0.0	-0.7592313487302946
P1_A485_ctrlorder	940	20201	0.0	-0.7592313487302946
P1_A485_ctrlorder	941	76156	-0.0	-0.7592313487302946
P1_A485_ctrlorder	942	259302	0.0	-0.7592313487302946
P1_A485_ctrlorder	943	15559	-0.0	-0.7592313487302946
P1_A485_ctrlorder	944	114644	0.0	-0.7592313487302946
P1_A485_ctrlorder	945	16979	-0.0	-0.7592313487302946
P1_A485_ctrlorder	946	15284	0.0	-0.7592313487302946
P1_A485_ctrlorder	947	14945	0.0	-0.7592313487302946
P1_A485_ctrlorder	948	21389	0.0	-0.7592313487302946
P1_A485_ctrlorder	949	70405	0.0	-0.7592313487302946
P1_A485_ctrlorder	950	19416	0.0	-0.7592313487302946
P1_A485_ctrlorder	951	18951	-0.0	-0.7592313487302946
P1_A485_ctrlorder	952	170790	-0.0	-0.7592313487302946
P1_A485_ctrlorder	953	210719	0.0	-0.7592313487302946
P1_A485_ctrlorder	954	20371	0.0	-0.7592313487302946
P1_A485_ctrlorder	955	269019	-0.0	-0.7592313487302946
P1_A485_ctrlorder	956	277468	0.0	-0.7592313487302946
P1_A485_ctrlorder	957	110876	0.0	-0.7592313487302946
P1_A485_ctrlorder	958	16181	-0.0	-0.7592313487302946
P1_A485_ctrlorder	959	16493	0.0	-0.7592313487302946
P1_A485_ctrlorder	960	21816	0.0	-0.7592313487302946
P1_A485_ctrlorder	961	11839	-0.0	-0.7592313487302946
P1_A485_ctrlorder	962	231162	0.0	-0.7592313487302946
P1_A485_ctrlorder	963	80286	-0.0	-0.7592313487302946
P1_A485_ctrlorder	964	19881	0.0	-0.7592313487302946
P1_A485_ctrlorder	965	15111	0.0	-0.7592313487302946
P1_A485_ctrlorder	966	72349	0.0	-0.7592313487302946
P1_A485_ctrlorder	967	18667	0.0	-0.7592313487302946
P1_A485_ctrlorder	968	233199	0.0	-0.7592313487302946
P1_A485_ctrlorder	969	12481	0.0	-0.7592313487302946
P1_A485_ctrlorder	970	23959	-0.0	-0.7592313487302946
P1_A485_ctrlorder	971	241770	-0.0	-0.7592313487302946
P1_A485_ctrlorder	972	226999	-0.0	-0.7592313487302946
P1_A485_ctrlorder	973	15450	0.0	-0.7592313487302946
P1_A485_ctrlorder	974	68016	-0.0	-0.7592313487302946
P1_A485_ctrlorder	975	11602	0.0	-0.7592313487302946
P1_A485_ctrlorder	976	12822	0.0	-0.7592313487302946
P1_A485_ctrlorder	977	68846	-0.0	-0.7592313487302946
P1_A485_ctrlorder	978	72925	-0.0	-0.7592313487302946
P1_A485_ctrlorder	979	27273	-0.0	-0.7592313487302946
P1_A485_ctrlorder	980	225724	0.0	-0.7592313487302946
P1_A485_ctrlorder	981	12346	-0.0	-0.7592313487302946
P1_A485_ctrlorder	982	17868	-0.0	-0.7592313487302946
P1_A485_ctrlorder	983	12351	-0.0	-0.7592313487302946
P1_A485_ctrlorder	984	435965	-0.0	-0.7592313487302946
P1_A485_ctrlorder	985	18619	0.0	-0.7592313487302946
P1_A485_ctrlorder	986	14733	0.0	-0.7592313487302946
P1_A485_ctrlorder	987	211739	-0.0	-0.7592313487302946
P1_A485_ctrlorder	988	12834	-0.0	-0.7592313487302946
P1_A485_ctrlorder	989	78558	-0.0	-0.7592313487302946
P1_A485_ctrlorder	990	224024	0.0	-0.7592313487302946
P1_A485_ctrlorder	991	93735	0.0	-0.7592313487302946
P1_A485_ctrlorder	992	71803	0.0	-0.7592313487302946
P1_A485_ctrlorder	993	107503	0.0	-0.7592313487302946
P1_A485_ctrlorder	994	22409	0.0	-0.7592313487302946
P1_A485_ctrlorder	995	81904	-0.0	-0.7592313487302946
P1_A485_ctrlorder	996	70726	-0.0	-0.7592313487302946
P1_A485_ctrlorder	997	170638	-0.0	-0.7592313487302946
P1_A485_ctrlorder	998	12723	0.0	-0.7592313487302946
P1_A485_ctrlorder	999	320747	0.0	-0.7592313487302946
P1_A485_ctrlorder	1000	94214	0.0	-0.7592313487302946
P1_A485_ctrlorder	1001	20274	-0.0	-0.7592313487302946
P1_A485_ctrlorder	1002	13346	0.0	-0.7592313487302946
P1_A485_ctrlorder	1003	215632	0.0	-0.7592313487302946
P1_A485_ctrlorder	1004	212974	-0.0	-0.7592313487302946
P1_A485_ctrlorder	1005	18782	-0.0	-0.7592313487302946
P1_A485_ctrlorder	1006	230904	0.0	-0.7592313487302946
P1_A485_ctrlorder	1007	69454	-0.0	-0.7592313487302946
P1_A485_ctrlorder	1008	15460	-0.0	-0.7592313487302946
P1_A485_ctrlorder	1009	94332	-0.0	-0.7592313487302946
P1_A485_ctrlorder	1010	18113	-0.0	-0.7592313487302946
P1_A485_ctrlorder	1011	18816	0.0	-0.7592313487302946
P1_A485_ctrlorder	1012	30955	0.0	-0.7592313487302946
P1_A485_ctrlorder	1013	320563	0.0	-0.7592313487302946
P1_A485_ctrlorder	1014	20277	-0.0	-0.7592313487302946
P1_A485_ctrlorder	1015	243616	-0.0	-0.7592313487302946
P1_A485_ctrlorder	1016	24131	0.0	-0.7592313487302946
P1_A485_ctrlorder	1017	101772	0.0	-0.7592313487302946
P1_A485_ctrlorder	1018	225341	-0.0	-0.7592313487302946
P1_A485_ctrlorder	1019	27409	-0.0	-0.7592313487302946
P1_A485_ctrlorder	1020	80837	-0.0	-0.7592313487302946
P1_A485_ctrlorder	1021	27371	0.0	-0.7592313487302946
P1_A485_ctrlorder	1022	67573	-0.0	-0.7592313487302946
P1_A485_ctrlorder	1023	244723	0.0	-0.7592313487302946
P1_A485_ctrlorder	1024	68680	0.0	-0.7592313487302946
P1_A485_ctrlorder	1025	77794	0.0	-0.7592313487302946
P1_A485_ctrlorder	1026	110351	0.0	-0.7592313487302946
P1_A485_ctrlorder	1027	98752	0.0	-0.7592313487302946
P1_A485_ctrlorder	1028	78560	-0.0	-0.7592313487302946
P1_A485_ctrlorder	1029	209837	-0.0	-0.7592313487302946
P1_A485_ctrlorder	1030	20533	0.0	-0.7592313487302946
P1_A485_ctrlorder	1031	50997	-0.0	-0.7592313487302946
P1_A485_ctrlorder	1032	56471	-0.0	-0.7592313487302946
P1_A485_ctrlorder	1033	21924	0.0	-0.7592313487302946
P1_A485_ctrlorder	1034	17313	-0.0	-0.7592313487302946
P1_A485_ctrlorder	1035	228550	-0.0	-0.7592313487302946
P1_A485_ctrlorder	1036	17260	0.0	-0.7592313487302946
P1_A485_ctrlorder	1037	14125	0.0	-0.7592313487302946
P1_A485_ctrlorder	1038	21922	-0.0	-0.7592313487302946
P1_A485_ctrlorder	1039	231004	-0.0	-0.7592313487302946
P1_A485_ctrlorder	1040	170483	0.0	-0.7592313487302946
P1_A485_ctrlorder	1041	654812	-0.0	-0.7592313487302946
P1_A485_ctrlorder	1042	641376	-0.0	-0.7592313487302946
P1_A485_ctrlorder	1043	58208	-0.0	-0.7592313487302946
P1_A485_ctrlorder	1044	279766	0.0	-0.7592313487302946
P1_A485_ctrlorder	1045	12700	-0.0	-0.7592313487302946
P1_A485_ctrlorder	1046	269855	0.0	-0.7592313487302946
P1_A485_ctrlorder	1047	30806	-0.0	-0.7592313487302946
P1_A485_ctrlorder	1048	27261	-0.0	-0.7592313487302946
P1_A485_ctrlorder	1049	268747	0.0	-0.7592313487302946
P1_A485_ctrlorder	1050	105827	-0.0	-0.7592313487302946
P1_A485_ctrlorder	1051	12643	-0.0	-0.7592313487302946
P1_A485_ctrlorder	1052	319660	0.0	-0.7592313487302946
P1_A485_ctrlorder	1053	20776	0.0	-0.7592313487302946
P1_A485_ctrlorder	1054	98170	-0.0	-0.7592313487302946
P1_A485_ctrlorder	1055	56264	-0.0	-0.7592313487302946
P1_A485_ctrlorder	1056	14173	0.0	-0.7592313487302946
P1_A485_ctrlorder	1057	13386	0.0	-0.7592313487302946
P1_A485_ctrlorder	1058	93874	0.0	-0.7592313487302946
P1_A485_ctrlorder	1059	65115	-0.0	-0.7592313487302946
P1_A485_ctrlorder	1060	16173	0.0	-0.7592313487302946
P1_A485_ctrlorder	1061	56461	0.0	-0.7592313487302946
P1_A485_ctrlorder	1062	215456	-0.0	-0.7592313487302946
P1_A485_ctrlorder	1063	13655	-0.0	-0.7592313487302946
P1_A485_ctrlorder	1064	208890	-0.0	-0.7592313487302946
P1_A485_ctrlorder	1065	210573	0.0	-0.7592313487302946
P1_A485_ctrlorder	1066	224697	-0.0	-0.7592313487302946
P1_A485_ctrlorder	1067	12824	0.0	-0.7592313487302946
P1_A485_ctrlorder	1068	21960	-0.0	-0.7592313487302946
P1_A485_ctrlorder	1069	170743	0.0	-0.7592313487302946
P1_A485_ctrlorder	1070	11803	0.0	-0.7592313487302946
P1_A485_ctrlorder	1071	17916	0.0	-0.7592313487302946
P1_A485_ctrlorder	1072	64297	-0.0	-0.7592313487302946
P1_A485_ctrlorder	1073	16170	-0.0	-0.7592313487302946
P1_A485_ctrlorder	1074	16950	0.0	-0.7592313487302946
P1_A485_ctrlorder	1075	16527	-0.0	-0.7592313487302946
P1_A485_ctrlorder	1076	20537	-0.0	-0.7592313487302946
P1_A485_ctrlorder	1077	68428	-0.0	-0.7592313487302946
P1_A485_ctrlorder	1078	72690	0.0	-0.7592313487302946
P1_A485_ctrlorder	1079	18534	-0.0	-0.7592313487302946
P1_A485_ctrlorder	1080	72780	0.0	-0.7592313487302946
P1_A485_ctrlorder	1081	12458	-0.0	-0.7592313487302946
P1_A485_ctrlorder	1082	14373	0.0	-0.7592313487302946
P1_A485_ctrlorder	1083	223917	-0.0	-0.7592313487302946
P1_A485_ctrlorder	1084	245827	-0.0	-0.7592313487302946
P1_A485_ctrlorder	1085	19039	-0.0	-0.7592313487302946
P1_A485_ctrlorder	1086	75209	-0.0	-0.7592313487302946
P1_A485_ctrlorder	1087	110784	0.0	-0.7592313487302946
P1_A485_ctrlorder	1088	14128	-0.0	-0.7592313487302946
P1_A485_ctrlorder	1089	231147	0.0	-0.7592313487302946
P1_A485_ctrlorder	1090	80901	0.0	-0.7592313487302946
P1_A485_ctrlorder	1091	64242	0.0	-0.7592313487302946
P1_A485_ctrlorder	1092	69590	-0.0	-0.7592313487302946
P1_A485_ctrlorder	1093	272428	0.0	-0.7592313487302946
P1_A485_ctrlorder	1094	56631	-0.0	-0.7592313487302946
P1_A485_ctrlorder	1095	16147	0.0	-0.7592313487302946
P1_A485_ctrlorder	1096	15430	0.0	-0.7592313487302946
P1_A485_ctrlorder	1097	69693	0.0	-0.7592313487302946
P1_A485_ctrlorder	1098	214253	-0.0	-0.7592313487302946
P1_A485_ctrlorder	1099	20339	-0.0	-0.7592313487302946
P1_A485_ctrlorder	1100	20198	0.0	-0.7592313487302946
P1_A485_ctrlorder	1101	110893	0.0	-0.7592313487302946
P1_A485_ctrlorder	1102	23893	0.0	-0.7592313487302946
P1_A485_ctrlorder	1103	21786	-0.0	-0.7592313487302946
P1_A485_ctrlorder	1104	236285	0.0	-0.7592313487302946
P1_A485_ctrlorder	1105	668940	0.0	-0.7592313487302946
P1_A485_ctrlorder	1106	63993	-0.0	-0.7592313487302946
P1_A485_ctrlorder	1107	11670	-0.0	-0.7592313487302946
P1_A485_ctrlorder	1108	23967	-0.0	-0.7592313487302946
P1_A485_ctrlorder	1109	207181	-0.0	-0.7592313487302946
P1_A485_ctrlorder	1110	80976	0.0	-0.7592313487302946
P1_A485_ctrlorder	1111	66513	-0.0	-0.7592313487302946
P1_A485_ctrlorder	1112	108052	0.0	-0.7592313487302946
P1_A485_ctrlorder	1113	58222	-0.0	-0.7592313487302946
P1_A485_ctrlorder	1114	65963	-0.0	-0.7592313487302946
P1_A485_ctrlorder	1115	381853	0.0	-0.7592313487302946
P1_A485_ctrlorder	1116	208164	0.0	-0.7592313487302946
P1_A485_ctrlorder	1117	18596	0.0	-0.7592313487302946
P1_A485_ctrlorder	1118	330890	0.0	-0.7592313487302946
P1_A485_ctrlorder	1119	14205	0.0	-0.7592313487302946
P1_A485_ctrlorder	1120	68458	-0.0	-0.7592313487302946
P1_A485_ctrlorder	1121	11568	0.0	-0.7592313487302946
P1_A485_ctrlorder	1122	26561	0.0	-0.7592313487302946
P1_A485_ctrlorder	1123	18121	-0.0	-0.7592313487302946
P1_A485_ctrlorder	1124	20928	0.0	-0.7592313487302946
P1_A485_ctrlorder	1125	170721	0.0	-0.7592313487302946
P1_A485_ctrlorder	1126	76854	0.0	-0.7592313487302946
P1_A485_ctrlorder	1127	13654	-0.0	-0.7592313487302946
P1_A485_ctrlorder	1128	12796	-0.0	-0.7592313487302946
P1_A485_ctrlorder	1129	17082	-0.0	-0.7592313487302946
P1_A485_ctrlorder	1130	54167	-0.0	-0.7592313487302946
P1_A485_ctrlorder	1131	223646	-0.0	-0.7592313487302946
P1_A485_ctrlorder	1132	30794	-0.0	-0.7592313487302946
P1_A485_ctrlorder	1133	16371	0.0	-0.7592313487302946
P1_A485_ctrlorder	1134	23794	0.0	-0.7592313487302946
P1_A485_ctrlorder	1135	17984	-0.0	-0.7592313487302946
P1_A485_ctrlorder	1136	72310	0.0	-0.7592313487302946
P1_A485_ctrlorder	1137	213469	-0.0	-0.7592313487302946
P1_A485_ctrlorder	1138	18548	0.0	-0.7592313487302946
P1_A485_ctrlorder	1139	13516	-0.0	-0.7592313487302946
P1_A485_ctrlorder	1140	171166	-0.0	-0.7592313487302946
P1_A485_ctrlorder	1141	67272	-0.0	-0.7592313487302946
P1_A485_ctrlorder	1142	67937	-0.0	-0.7592313487302946
P1_A485_ctrlorder	1143	235281	-0.0	-0.7592313487302946
P1_A485_ctrlorder	1144	13602	0.0	-0.7592313487302946
P1_A485_ctrlorder	1145	12322	-0.0	-0.7592313487302946
P1_A485_ctrlorder	1146	216856	0.0	-0.7592313487302946
P1_A485_ctrlorder	1147	497097	-0.0	-0.7592313487302946
P1_A485_ctrlorder	1148	240667	0.0	-0.7592313487302946
P1_A485_ctrlorder	1149	15572	-0.0	-0.7592313487302946
P1_A485_ctrlorder	1150	74490	-0.0	-0.7592313487302946
P1_A485_ctrlorder	1151	22412	1.3525754865833831e-06	-0.759229996154808
P1_A485_ctrlorder	1152	22256	-3.229939233102943e-05	-0.7592622955471391
P1_A485_ctrlorder	1153	20423	1.011680933291673e-05	-0.7592521787378061
P1_A485_ctrlorder	1154	73327	0.0001712991927435	-0.7590808795450626
P1_A485_ctrlorder	1155	76044	3.875187161291594e-05	-0.7590421276734497
P1_A485_ctrlorder	1156	223881	-1.8061321054520376e-06	-0.7590439338055551
P1_A485_ctrlorder	1157	66109	-4.907713844041926e-08	-0.7590439828826936
P1_A485_ctrlorder	1158	268451	1.8805705273581327e-05	-0.75902517717742
P1_A485_ctrlorder	1159	16881	1.2077264300039094e-05	-0.7590130999131199
P1_A485_ctrlorder	1160	75564	-4.934278747108114e-05	-0.759062442700591
P1_A485_ctrlorder	1161	17193	-1.9467547769302e-05	-0.7590819102483602
P1_A485_ctrlorder	1162	235040	9.332268714701184e-07	-0.7590809770214888
P1_A485_ctrlorder	1163	327954	7.90272661981659e-06	-0.759073074294869
P1_A485_ctrlorder	1164	109674	2.618975911832897e-05	-0.7590468845357508
P1_A485_ctrlorder	1165	83674	1.5827647542954898e-05	-0.7590310568882078
P1_A485_ctrlorder	1166	20969	2.622507232942221e-05	-0.7590048318158784
P1_A485_ctrlorder	1167	68567	0.0003484470217466	-0.7586563847941318
P1_A485_ctrlorder	1168	28240	-0.0001066274036951	-0.7587630121978268
P1_A485_ctrlorder	1169	54710	-7.644837121618667e-06	-0.7587706570349484
P1_A485_ctrlorder	1170	56224	2.5754240027745124e-05	-0.7587449027949207
P1_A485_ctrlorder	1171	75141	1.5749375423354152e-05	-0.7587291534194973
P1_A485_ctrlorder	1172	14268	-0.0002469099261967	-0.758976063345694
P1_A485_ctrlorder	1173	19268	0.0012296404102405	-0.7577464229354535
P1_A485_ctrlorder	1174	56811	0.0004527431458433	-0.7572936797896102
P1_A485_ctrlorder	1175	15118	0.0001983644601615	-0.7570953153294486
P1_A485_ctrlorder	1176	108000	1.677743177048426e-05	-0.7570785378976781
P1_A485_ctrlorder	1177	22276	7.896974800776597e-05	-0.7569995681496703
P1_A485_ctrlorder	1178	20650	8.05557378244977e-07	-0.756998762592292
P1_A485_ctrlorder	1179	70779	-0.0009226590525563	-0.7579214216448483
P1_A485_ctrlorder	1180	19041	0.000143560529816	-0.7577778611150323
P1_A485_ctrlorder	1181	27999	0.0001124834120564	-0.7576653777029759
P1_A485_ctrlorder	1182	66771	-1.0342170408374852e-05	-0.7576757198733843
P1_A485_ctrlorder	1183	106389	2.4751124178412315e-05	-0.7576509687492059
P1_A485_ctrlorder	1184	72151	5.422335542912302e-06	-0.757645546413663
P1_A485_ctrlorder	1185	107305	4.835462233206375e-05	-0.7575971917913309
P1_A485_ctrlorder	1186	17380	-0.0005885413756095	-0.7581857331669404
P1_A485_ctrlorder	1187	73836	-0.0001398999808817	-0.7583256331478221
P1_A485_ctrlorder	1188	71145	0.0002745117332041	-0.758051121414618
P1_A485_ctrlorder	1189	103710	-4.593993076176791e-05	-0.7580970613453797
P1_A485_ctrlorder	1190	67993	-0.0001578757286716	-0.7582549370740513
P1_A485_ctrlorder	1191	71766	-0.0017422981869478	-0.7599972352609992
P1_A485_ctrlorder	1192	67196	3.4765310409293975e-05	-0.7599624699505899
P1_A485_ctrlorder	1193	380924	-2.8884527301104287e-05	-0.759991354477891
P1_A485_ctrlorder	1194	55988	2.0158212084350647e-05	-0.7599711962658067
P1_A485_ctrlorder	1195	109620	-0.0003726606666943	-0.760343856932501
P1_A485_ctrlorder	1196	72776	-0.0008556458838584	-0.7611995028163594
P1_A485_ctrlorder	1197	230582	-7.004910823381711e-05	-0.7612695519245932
P1_A485_ctrlorder	1198	107508	4.6069031186567335e-05	-0.7612234828934067
P1_A485_ctrlorder	1199	19263	-1.8097311728976724e-05	-0.7612415802051357
P1_A485_ctrlorder	1200	20419	0.0004054506265411	-0.7608361295785946
P1_A485_ctrlorder	1201	77579	-0.0017898367854694	-0.762625966364064
P1_A485_ctrlorder	1202	13836	7.513880410004973e-05	-0.762550827559964
P1_A485_ctrlorder	1203	232146	0.0001557523861583	-0.7623950751738057
P1_A485_ctrlorder	1204	104871	-9.678317105358584e-05	-0.7624918583448592
P1_A485_ctrlorder	1205	240638	0.0015379219030429	-0.7609539364418163
P1_A485_ctrlorder	1206	109242	-0.0019715893820878	-0.762925525823904
P1_A485_ctrlorder	1207	18190	6.509076754706225e-05	-0.762860435056357
P1_A485_ctrlorder	1208	28040	-5.94157909372518e-05	-0.7629198508472943
P1_A485_ctrlorder	1209	74100	-0.0015494925440848	-0.7644693433913791
P1_A485_ctrlorder	1210	84036	0.0001795831099607	-0.7642897602814184
P1_A485_ctrlorder	1211	208228	-0.0003030028018908	-0.7645927630833091
P1_A485_ctrlorder	1212	216760	1.479805463211132e-05	-0.764577965028677
P1_A485_ctrlorder	1213	76960	6.747283748289702e-05	-0.7645104921911942
P1_A485_ctrlorder	1214	22271	0.0104176279968066	-0.7540928641943876
P1_A485_ctrlorder	1215	67103	-0.0001823388463398	-0.7542752030407274
P1_A485_ctrlorder	1216	68760	2.129749514925508e-05	-0.7542539055455781
P1_A485_ctrlorder	1217	16526	8.942077963319312e-05	-0.754164484765945
P1_A485_ctrlorder	1218	29859	3.986195573311669e-05	-0.7541246228102119
P1_A485_ctrlorder	1219	17874	0.0001021160546905	-0.7540225067555214
P1_A485_ctrlorder	1220	94040	0.0007341044519128	-0.7532884023036086
P1_A485_ctrlorder	1221	219228	-0.0007646316949736	-0.7540530339985823
P1_A485_ctrlorder	1222	269016	4.305172072749327e-05	-0.7540099822778548
P1_A485_ctrlorder	1223	103968	-1.3590124369724644e-06	-0.7540113412902917
P1_A485_ctrlorder	1224	66930	2.0309387177130405e-05	-0.7539910319031146
P1_A485_ctrlorder	1225	14805	4.740510918131429e-05	-0.7539436267939332
P1_A485_ctrlorder	1226	170745	0.0001307145124527	-0.7538129122814805
P1_A485_ctrlorder	1227	320051	0.0002291047623835	-0.753583807519097
P1_A485_ctrlorder	1228	22785	-0.0004812331450681	-0.7540650406641651
P1_A485_ctrlorder	1229	16513	-0.0001099010440825	-0.7541749417082476
P1_A485_ctrlorder	1230	72301	-0.0006041953100585	-0.7547791370183061
P1_A485_ctrlorder	1231	72685	0.0019582697870826	-0.7528208672312235
P1_A485_ctrlorder	1232	20350	-0.0047239504260615	-0.7575448176572851
P1_A485_ctrlorder	1233	59009	3.0036800516897464e-06	-0.7575418139772334
P1_A485_ctrlorder	1234	242819	-0.0002060890403497	-0.7577479030175831
P1_A485_ctrlorder	1235	218341	-0.0003899767288825	-0.7581378797464656
P1_A485_ctrlorder	1236	74199	9.335463913824332e-05	-0.7580445251073273
P1_A485_ctrlorder	1237	268859	0.000161665760271	-0.7578828593470563
P1_A485_ctrlorder	1238	140792	-0.0001437540176965	-0.7580266133647529
P1_A485_ctrlorder	1239	192187	-0.0026961748680069	-0.7607227882327597
P1_A485_ctrlorder	1240	51801	0.0001774766837478	-0.760545311549012
P1_A485_ctrlorder	1241	60363	-7.901666718788633e-06	-0.7605532132157308
P1_A485_ctrlorder	1242	52276	0.001793385415523	-0.7587598278002078
P1_A485_ctrlorder	1243	77116	-0.0001203819712419	-0.7588802097714497
P1_A485_ctrlorder	1244	100705	-0.0047605145936792	-0.7636407243651289
P1_A485_ctrlorder	1245	19126	-3.93443630340309e-05	-0.7636800687281629
P1_A485_ctrlorder	1246	12311	0.0001885999619077	-0.7634914687662552
P1_A485_ctrlorder	1247	17387	5.629969722182726e-06	-0.763485838796533
P1_A485_ctrlorder	1248	234593	8.217075912737997e-05	-0.7634036680374056
P1_A485_ctrlorder	1249	11684	-0.000163108639864	-0.7635667766772696
P1_A485_ctrlorder	1250	239319	-0.0001398437852043	-0.7637066204624738
P1_A485_ctrlorder	1251	18476	1.1731021687308984e-05	-0.7636948894407866
P1_A485_ctrlorder	1252	16510	6.262979342212171e-06	-0.7636886264614443
P1_A485_ctrlorder	1253	21664	-0.0004082787165167	-0.764096905177961
P1_A485_ctrlorder	1254	13106	0.0006219725392548	-0.7634749326387062
P1_A485_ctrlorder	1255	12416	0.0003451719486939	-0.7631297606900124
P1_A485_ctrlorder	1256	23792	-0.0002615197982146	-0.763391280488227
P1_A485_ctrlorder	1257	67216	5.906123345394972e-05	-0.7633322192547731
P1_A485_ctrlorder	1258	13058	-0.0012410701602148	-0.7645732894149879
P1_A485_ctrlorder	1259	17064	0.0004382145111849	-0.7641350749038031
P1_A485_ctrlorder	1260	15936	0.0016049576379005	-0.7625301172659026
P1_A485_ctrlorder	1261	58802	-9.364087103070476e-05	-0.7626237581369333
P1_A485_ctrlorder	1262	70261	3.226356988660448e-05	-0.7625914945670467
P1_A485_ctrlorder	1263	11931	0.001053271470138	-0.7615382230969087
P1_A485_ctrlorder	1264	329324	-7.007061373155252e-06	-0.7615452301582818
P1_A485_ctrlorder	1265	13506	0.0001308304071642	-0.7614143997511176
P1_A485_ctrlorder	1266	209584	-0.001551461987996	-0.7629658617391136
P1_A485_ctrlorder	1267	320633	-0.0003788320118916	-0.7633446937510052
P1_A485_ctrlorder	1268	56513	0.0007126963353965	-0.7626319974156087
P1_A485_ctrlorder	1269	71994	0.0001613612108264	-0.7624706362047823
P1_A485_ctrlorder	1270	94229	-7.369666575755598e-05	-0.7625443328705398
P1_A485_ctrlorder	1271	12823	0.0001111740546018	-0.762433158815938
P1_A485_ctrlorder	1272	330908	-1.3018681547918769e-05	-0.7624461774974859
P1_A485_ctrlorder	1273	546134	0.0001357951416749	-0.762310382355811
P1_A485_ctrlorder	1274	245026	0.0001970121819037	-0.7621133701739072
P1_A485_ctrlorder	1275	107449	0.0005891959039609	-0.7615241742699463
P1_A485_ctrlorder	1276	72930	0.0001543017357882	-0.7613698725341581
P1_A485_ctrlorder	1277	114713	5.353223967956055e-06	-0.7613645193101901
P1_A485_ctrlorder	1278	66990	-3.9718506836953607e-05	-0.761404237817027
P1_A485_ctrlorder	1279	17079	4.356398040667654e-05	-0.7613606738366203
P1_A485_ctrlorder	1280	268527	-0.0001625179439683	-0.7615231917805886
P1_A485_ctrlorder	1281	74901	0.0001255419783036	-0.761397649802285
P1_A485_ctrlorder	1282	54720	-0.0004574290010947	-0.7618550788033797
P1_A485_ctrlorder	1283	192976	0.0002094552846243	-0.7616456235187553
P1_A485_ctrlorder	1284	224674	-0.0004890719525959	-0.7621346954713513
P1_A485_ctrlorder	1285	56419	0.0002592651019559	-0.7618754303693953
P1_A485_ctrlorder	1286	12683	0.0032728368697113	-0.7586025934996841
P1_A485_ctrlorder	1287	73094	-0.0001664118610874	-0.7587690053607714
P1_A485_ctrlorder	1288	16420	0.0001695932206518	-0.7585994121401196
P1_A485_ctrlorder	1289	384061	-0.0006146703618058	-0.7592140825019255
P1_A485_ctrlorder	1290	75669	0.0002417332698495	-0.7589723492320759
P1_A485_ctrlorder	1291	72016	-1.7473123986886998e-05	-0.7589898223560628
P1_A485_ctrlorder	1292	217410	-3.5508294739022535e-05	-0.7590253306508018
P1_A485_ctrlorder	1293	243362	0.000198281928129	-0.7588270487226728
P1_A485_ctrlorder	1294	14773	-0.001124893905522	-0.7599519426281948
P1_A485_ctrlorder	1295	11554	-0.0007752664927905	-0.7607272091209852
P1_A485_ctrlorder	1296	72584	7.519224899546255e-05	-0.7606520168719898
P1_A485_ctrlorder	1297	18227	-0.0001814111982814	-0.7608334280702712
P1_A485_ctrlorder	1298	21847	-0.0006394594712972	-0.7614728875415684
P1_A485_ctrlorder	1299	384763	3.082743519895986e-05	-0.7614420601063694
P1_A485_ctrlorder	1300	140721	0.0003741040391665	-0.7610679560672029
P1_A485_ctrlorder	1301	67426	9.465036671202033e-05	-0.7609733057004909
P1_A485_ctrlorder	1302	330671	6.048962390209505e-05	-0.7609128160765888
P1_A485_ctrlorder	1303	54420	0.0002351998444376	-0.7606776162321511
P1_A485_ctrlorder	1304	234199	0.0014072543822356	-0.7592703618499156
P1_A485_ctrlorder	1305	108927	4.712985037460995e-05	-0.759223231999541
P1_A485_ctrlorder	1306	68777	-0.0001536913272232	-0.7593769233267642
P1_A485_ctrlorder	1307	77976	0.0015598267068457	-0.7578170966199185
P1_A485_ctrlorder	1308	16854	0.0090819468123251	-0.7487351498075934
P1_A485_ctrlorder	1309	18039	0.0005160827772065	-0.7482190670303869
P1_A485_ctrlorder	1310	72415	-0.0002196306167679	-0.7484386976471548
P1_A485_ctrlorder	1311	217203	-0.0007942791787206	-0.7492329768258753
P1_A485_ctrlorder	1312	330301	0.0006253003557573	-0.748607676470118
P1_A485_ctrlorder	1313	243574	9.336151353774204e-05	-0.7485143149565803
P1_A485_ctrlorder	1314	72287	0.0034701083497934	-0.7450442066067868
P1_A485_ctrlorder	1315	237175	0.0018939275882984	-0.7431502790184884
P1_A485_ctrlorder	1316	19769	0.0008638609930659	-0.7422864180254225
P1_A485_ctrlorder	1317	192678	-3.9793736602201553e-05	-0.7423262117620247
P1_A485_ctrlorder	1318	108089	0.0002698629460821	-0.7420563488159426
P1_A485_ctrlorder	1319	14732	0.0001554325169276	-0.741900916299015
P1_A485_ctrlorder	1320	70008	0.0004213170617107	-0.7414795992373043
P1_A485_ctrlorder	1321	666048	0.0007794238395553	-0.740700175397749
P1_A485_ctrlorder	1322	226861	0.0002001347163692	-0.7405000406813799
P1_A485_ctrlorder	1323	18162	-0.0019012069120205	-0.7424012475934003
P1_A485_ctrlorder	1324	106347	0.0001358333919976	-0.7422654142014027
P1_A485_ctrlorder	1325	246707	0.0002067128070323	-0.7420587013943704
P1_A485_ctrlorder	1326	214804	0.0003705026930376	-0.7416881987013327
P1_A485_ctrlorder	1327	16403	-8.86719618817558e-05	-0.7417768706632145
P1_A485_ctrlorder	1328	105243	0.0001050419102723	-0.7416718287529422
P1_A485_ctrlorder	1329	433938	0.0001483069615341	-0.7415235217914081
P1_A485_ctrlorder	1330	223272	0.0002582837933681	-0.74126523799804
P1_A485_ctrlorder	1331	108147	0.0027789251842213	-0.7384863128138187
P1_A485_ctrlorder	1332	140580	0.0001699241331168	-0.7383163886807019
P1_A485_ctrlorder	1333	22350	0.0011479301165232	-0.7371684585641787
P1_A485_ctrlorder	1334	17196	-0.001043953030285	-0.7382124115944637
P1_A485_ctrlorder	1335	329650	0.0001663243979525	-0.7380460871965112
P1_A485_ctrlorder	1336	100048534	-0.0034980700109355	-0.7415441572074467
P1_A485_ctrlorder	1337	231125	0.0011118811566575	-0.7404322760507892
P1_A485_ctrlorder	1338	71820	0.0008790461085091	-0.7395532299422801
P1_A485_ctrlorder	1339	23836	0.0002632509096033	-0.7392899790326768
P1_A485_ctrlorder	1340	319991	0.0001857954438229	-0.7391041835888539
P1_A485_ctrlorder	1341	23969	0.0001004271559922	-0.7390037564328616
P1_A485_ctrlorder	1342	224093	0.0017063509207898	-0.7372974055120719
P1_A485_ctrlorder	1343	70129	0.0011361387803189	-0.736161266731753
P1_A485_ctrlorder	1344	17127	0.0004081202030607	-0.7357531465286923
P1_A485_ctrlorder	1345	83603	-0.0040137366506384	-0.7397668831793307
P1_A485_ctrlorder	1346	14763	-0.0004241365305744	-0.7401910197099051
P1_A485_ctrlorder	1347	74013	0.0002657155227287	-0.7399253041871764
P1_A485_ctrlorder	1348	239364	0.0002272532852145	-0.739698050901962
P1_A485_ctrlorder	1349	13618	-2.7652297086459422e-05	-0.7397257031990484
P1_A485_ctrlorder	1350	68010	-0.0002116471220274	-0.7399373503210758
P1_A485_ctrlorder	1351	74717	0.0005096739196415	-0.7394276764014343
P1_A485_ctrlorder	1352	319670	0.0007838920567917	-0.7386437843446425
P1_A485_ctrlorder	1353	16497	0.0008149990182724	-0.7378287853263701
P1_A485_ctrlorder	1354	104271	-0.000260735663687	-0.7380895209900571
P1_A485_ctrlorder	1355	67800	-4.992140937772303e-05	-0.7381394423994349
P1_A485_ctrlorder	1356	54126	0.0001530121936617	-0.7379864302057731
P1_A485_ctrlorder	1357	26415	7.976435445841741e-05	-0.7379066658513147
P1_A485_ctrlorder	1358	14760	0.0008051898390264	-0.7371014760122883
P1_A485_ctrlorder	1359	235134	0.0002640602406594	-0.7368374157716289
P1_A485_ctrlorder	1360	228482	-2.884440276609332e-05	-0.7368662601743949
P1_A485_ctrlorder	1361	72017	-0.0025065357392401	-0.739372795913635
P1_A485_ctrlorder	1362	102774	0.0009317883161242	-0.7384410075975109
P1_A485_ctrlorder	1363	20296	0.0002115667423467	-0.7382294408551642
P1_A485_ctrlorder	1364	20532	0.0002021302399313	-0.7380273106152329
P1_A485_ctrlorder	1365	18212	0.0051681518492509	-0.732859158765982
P1_A485_ctrlorder	1366	226777	0.0002296385010948	-0.7326295202648871
P1_A485_ctrlorder	1367	330355	0.00017990860781	-0.7324496116570771
P1_A485_ctrlorder	1368	20449	-0.0002854424657453	-0.7327350541228224
P1_A485_ctrlorder	1369	70423	-0.0003141333794953	-0.7330491875023176
P1_A485_ctrlorder	1370	50765	0.001168591155945	-0.7318805963463726
P1_A485_ctrlorder	1371	327957	0.0007058673991184	-0.7311747289472542
P1_A485_ctrlorder	1372	77015	-0.0001756864584055	-0.7313504154056597
P1_A485_ctrlorder	1373	66011	0.0012914922665128	-0.7300589231391469
P1_A485_ctrlorder	1374	347722	-1.6223929148571567e-06	-0.7300605455320618
P1_A485_ctrlorder	1375	73075	0.0002655055000505	-0.7297950400320113
P1_A485_ctrlorder	1376	57444	0.0013093439581443	-0.728485696073867
P1_A485_ctrlorder	1377	19246	8.641763791534216e-05	-0.7283992784359516
P1_A485_ctrlorder	1378	18441	-0.0017568850697135	-0.7301561635056651
P1_A485_ctrlorder	1379	66349	0.0004944528391551	-0.7296617106665101
P1_A485_ctrlorder	1380	72778	0.001087829739963	-0.7285738809265471
P1_A485_ctrlorder	1381	12038	-0.0011946565559989	-0.729768537482546
P1_A485_ctrlorder	1382	74761	0.0005245759522212	-0.7292439615303248
P1_A485_ctrlorder	1383	67703	0.0009128983453256	-0.7283310631849992
P1_A485_ctrlorder	1384	378431	-8.524471920604437e-05	-0.7284163079042052
P1_A485_ctrlorder	1385	50500	0.0001846075038262	-0.728231700400379
P1_A485_ctrlorder	1386	67375	9.00992765459811e-05	-0.728141601123833
P1_A485_ctrlorder	1387	381379	-0.001154965212899	-0.729296566336732
P1_A485_ctrlorder	1388	99010	0.000504795551027	-0.728791770785705
P1_A485_ctrlorder	1389	272636	0.0006552145171161	-0.7281365562685889
P1_A485_ctrlorder	1390	237387	0.0004109941782497	-0.7277255620903391
P1_A485_ctrlorder	1391	235534	0.0002551934571901	-0.7274703686331491
P1_A485_ctrlorder	1392	56078	0.0023257269556222	-0.7251446416775269
P1_A485_ctrlorder	1393	225358	0.0002196709871216	-0.7249249706904053
P1_A485_ctrlorder	1394	12333	0.0005995231453316	-0.7243254475450737
P1_A485_ctrlorder	1395	207259	-0.0001387425519161	-0.7244641900969898
P1_A485_ctrlorder	1396	20912	0.0004364963919172	-0.7240276937050726
P1_A485_ctrlorder	1397	216867	0.0002766872437972	-0.7237510064612754
P1_A485_ctrlorder	1398	80909	0.0005222445167896	-0.7232287619444858
P1_A485_ctrlorder	1399	76459	-0.001848070575979	-0.7250768325204648
P1_A485_ctrlorder	1400	67976	0.0021667987868957	-0.7229100337335691
P1_A485_ctrlorder	1401	226098	0.0002237261187987	-0.7226863076147704
P1_A485_ctrlorder	1402	18563	0.0046551684254782	-0.7180311391892922
P1_A485_ctrlorder	1403	13497	-0.0008489421002622	-0.7188800812895544
P1_A485_ctrlorder	1404	109205	-0.0008942589963808	-0.7197743402859352
P1_A485_ctrlorder	1405	15945	-0.0025272849451685	-0.7223016252311037
P1_A485_ctrlorder	1406	71755	-0.0005020040086621	-0.7228036292397658
P1_A485_ctrlorder	1407	208518	0.0003343988148396	-0.7224692304249262
P1_A485_ctrlorder	1408	22224	-0.0001641875361756	-0.7226334179611018
P1_A485_ctrlorder	1409	74666	-0.0004568895016665	-0.7230903074627683
P1_A485_ctrlorder	1410	68070	-0.00047319273234	-0.7235635001951083
P1_A485_ctrlorder	1411	16590	0.0002909864308756	-0.7232725137642327
P1_A485_ctrlorder	1412	319613	0.0003705824684987	-0.722901931295734
P1_A485_ctrlorder	1413	78412	-0.0003260714880126	-0.7232280027837465
P1_A485_ctrlorder	1414	101685	-0.0002538519836483	-0.7234818547673948
P1_A485_ctrlorder	1415	11480	0.0001639783317323	-0.7233178764356625
P1_A485_ctrlorder	1416	12190	-0.0001454272144012	-0.7234633036500637
P1_A485_ctrlorder	1417	50874	0.0011024820592884	-0.7223608215907753
P1_A485_ctrlorder	1418	11352	-0.0002784610556462	-0.7226392826464215
P1_A485_ctrlorder	1419	14163	0.0001485534752484	-0.7224907291711731
P1_A485_ctrlorder	1420	75345	-0.0017327360686431	-0.7242234652398162
P1_A485_ctrlorder	1421	105171	-0.0004288156900828	-0.724652280929899
P1_A485_ctrlorder	1422	70676	0.0003790285158751	-0.7242732524140238
P1_A485_ctrlorder	1423	75690	-0.0010119406792145	-0.7252851930932384
P1_A485_ctrlorder	1424	216350	0.002058166438658	-0.7232270266545804
P1_A485_ctrlorder	1425	100434	0.0002336250484843	-0.722993401606096
P1_A485_ctrlorder	1426	14276	-0.0001040561525272	-0.7230974577586232
P1_A485_ctrlorder	1427	80890	0.0005982447913611	-0.7224992129672622
P1_A485_ctrlorder	1428	12903	-0.0024303656357522	-0.7249295786030143
P1_A485_ctrlorder	1429	73407	-0.0007041616181556	-0.7256337402211699
P1_A485_ctrlorder	1430	12140	0.0003178756146786	-0.7253158646064913
P1_A485_ctrlorder	1431	382913	0.0005238561833218	-0.7247920084231695
P1_A485_ctrlorder	1432	68801	-0.0003264878071338	-0.7251184962303033
P1_A485_ctrlorder	1433	224171	0.0008773542887024	-0.7242411419416009
P1_A485_ctrlorder	1434	72008	0.0004306152094548	-0.7238105267321462
P1_A485_ctrlorder	1435	106869	-5.074771225393193e-05	-0.7238612744444001
P1_A485_ctrlorder	1436	328381	0.0006015813951165	-0.7232596930492836
P1_A485_ctrlorder	1437	70454	0.0003880537392186	-0.722871639310065
P1_A485_ctrlorder	1438	14536	-0.001125497051008	-0.723997136361073
P1_A485_ctrlorder	1439	20778	0.0002409960069394	-0.7237561403541336
P1_A485_ctrlorder	1440	227197	0.000691788583496	-0.7230643517706377
P1_A485_ctrlorder	1441	20682	0.001627426678517	-0.7214369250921207
P1_A485_ctrlorder	1442	26377	-0.0002784072819073	-0.721715332374028
P1_A485_ctrlorder	1443	211484	0.0002943089432235	-0.7214210234308045
P1_A485_ctrlorder	1444	217262	-0.0002088414284414	-0.7216298648592459
P1_A485_ctrlorder	1445	57443	0.0002961479358934	-0.7213337169233525
P1_A485_ctrlorder	1446	17756	0.0001284683211945	-0.721205248602158
P1_A485_ctrlorder	1447	29877	0.00135548734529	-0.719849761256868
P1_A485_ctrlorder	1448	72097	0.0005347324593891	-0.7193150287974789
P1_A485_ctrlorder	1449	245595	-0.0008651958905888	-0.7201802246880676
P1_A485_ctrlorder	1450	408022	0.0001495165498656	-0.720030708138202
P1_A485_ctrlorder	1451	16591	-0.0002941686685953	-0.7203248768067974
P1_A485_ctrlorder	1452	94091	0.0020229135517046	-0.7183019632550928
P1_A485_ctrlorder	1453	16656	0.0012591848243212	-0.7170427784307716
P1_A485_ctrlorder	1454	12827	-4.206937581109138e-05	-0.7170848478065827
P1_A485_ctrlorder	1455	15200	-0.0061183638147789	-0.7232032116213616
P1_A485_ctrlorder	1456	52245	0.0007562516175182	-0.7224469600038433
P1_A485_ctrlorder	1457	192232	0.000637682184471	-0.7218092778193723
P1_A485_ctrlorder	1458	75668	0.0006758184043189	-0.7211334594150535
P1_A485_ctrlorder	1459	330812	-0.0051672923803089	-0.7263007517953624
P1_A485_ctrlorder	1460	53972	0.0009063910264198	-0.7253943607689426
P1_A485_ctrlorder	1461	84035	3.5012445897051625e-05	-0.7253593483230455
P1_A485_ctrlorder	1462	15904	0.0032762601591416	-0.7220830881639039
P1_A485_ctrlorder	1463	268780	0.0006356624959055	-0.7214474256679984
P1_A485_ctrlorder	1464	14067	0.0009357563952084	-0.72051166927279
P1_A485_ctrlorder	1465	76179	0.0010251979341042	-0.7194864713386858
P1_A485_ctrlorder	1466	22779	-0.0002920482751183	-0.7197785196138041
P1_A485_ctrlorder	1467	69129	0.0001505837388642	-0.7196279358749399
P1_A485_ctrlorder	1468	108098	0.0019027227888629	-0.717725213086077
P1_A485_ctrlorder	1469	214685	-0.0034015576451952	-0.7211267707312722
P1_A485_ctrlorder	1470	71998	0.0024319423685721	-0.7186948283627
P1_A485_ctrlorder	1471	14221	0.0003507304973793	-0.7183440978653207
P1_A485_ctrlorder	1472	56047	0.0007332048987205	-0.7176108929666002
P1_A485_ctrlorder	1473	217946	0.0002666050407274	-0.7173442879258728
P1_A485_ctrlorder	1474	233406	-7.866396025561297e-06	-0.7173521543218984
P1_A485_ctrlorder	1475	16975	0.0011306088888765	-0.7162215454330219
P1_A485_ctrlorder	1476	208650	-3.037806673889585e-05	-0.7162519234997607
P1_A485_ctrlorder	1477	104346	0.0020438156961504	-0.7142081078036103
P1_A485_ctrlorder	1478	246048	0.0017183013558985	-0.7124898064477119
P1_A485_ctrlorder	1479	18602	0.0002264981205568	-0.7122633083271551
P1_A485_ctrlorder	1480	16159	9.331734648940066e-05	-0.7121699909806657
P1_A485_ctrlorder	1481	17389	-0.0001928480888384	-0.712362839069504
P1_A485_ctrlorder	1482	208715	0.000833634383076	-0.711529204686428
P1_A485_ctrlorder	1483	13008	0.0004264067595239	-0.7111027979269041
P1_A485_ctrlorder	1484	66412	0.0011264715237636	-0.7099763264031406
P1_A485_ctrlorder	1485	229228	0.0006076734937771	-0.7093686529093635
P1_A485_ctrlorder	1486	104445	0.000984359804023	-0.7083842931053405
P1_A485_ctrlorder	1487	52589	0.0005296395483327	-0.7078546535570077
P1_A485_ctrlorder	1488	100040591	-0.0008150700886487	-0.7086697236456564
P1_A485_ctrlorder	1489	12519	-0.0041159810880539	-0.7127857047337103
P1_A485_ctrlorder	1490	21825	0.0032245519030704	-0.7095611528306399
P1_A485_ctrlorder	1491	50490	-0.0041282688005667	-0.7136894216312066
P1_A485_ctrlorder	1492	73747	0.0005670787337505	-0.7131223428974561
P1_A485_ctrlorder	1493	234267	0.0001563875780373	-0.7129659553194189
P1_A485_ctrlorder	1494	12525	0.0053802049048697	-0.7075857504145492
P1_A485_ctrlorder	1495	22417	0.0019842194803228	-0.7056015309342264
P1_A485_ctrlorder	1496	68802	0.0008060034427461	-0.7047955274914803
P1_A485_ctrlorder	1497	54519	0.0005132179679978	-0.7042823095234826
P1_A485_ctrlorder	1498	57265	0.0001525185003145	-0.7041297910231681
P1_A485_ctrlorder	1499	19417	0.0003691221668585	-0.7037606688563096
P1_A485_ctrlorder	1500	19395	0.0012011895776132	-0.7025594792786964
P1_A485_ctrlorder	1501	13710	0.0003025964380699	-0.7022568828406266
P1_A485_ctrlorder	1502	109272	0.001335676532723	-0.7009212063079036
P1_A485_ctrlorder	1503	13850	-0.0002527739509386	-0.7011739802588421
P1_A485_ctrlorder	1504	18526	-0.0003281591934725	-0.7015021394523147
P1_A485_ctrlorder	1505	14761	0.0018191210021142	-0.6996830184502004
P1_A485_ctrlorder	1506	633640	0.0011918391809722	-0.6984911792692282
P1_A485_ctrlorder	1507	22223	0.0003110047724552	-0.698180174496773
P1_A485_ctrlorder	1508	73379	0.0001698033617042	-0.6980103711350688
P1_A485_ctrlorder	1509	72042	-0.0018204734372091	-0.699830844572278
P1_A485_ctrlorder	1510	67865	0.0005995200505226	-0.6992313245217554
P1_A485_ctrlorder	1511	109019	0.0010851280185729	-0.6981461965031825
P1_A485_ctrlorder	1512	14062	0.0021030162358815	-0.696043180267301
P1_A485_ctrlorder	1513	20536	0.0001498165488135	-0.6958933637184875
P1_A485_ctrlorder	1514	320662	0.0005594982931575	-0.69533386542533
P1_A485_ctrlorder	1515	11733	0.0011058982842977	-0.6942279671410323
P1_A485_ctrlorder	1516	54326	-0.0039417285897458	-0.6981696957307781
P1_A485_ctrlorder	1517	74091	0.0003463911708722	-0.6978233045599059
P1_A485_ctrlorder	1518	83429	0.0004767070879282	-0.6973465974719777
P1_A485_ctrlorder	1519	65970	0.0003510138109402	-0.6969955836610375
P1_A485_ctrlorder	1520	16764	0.0002272224815375	-0.6967683611795
P1_A485_ctrlorder	1521	53374	-2.143490118769722e-05	-0.6967897960806877
P1_A485_ctrlorder	1522	12326	0.0020594598700444	-0.6947303362106433
P1_A485_ctrlorder	1523	78977	0.0003224220172608	-0.6944079141933824
P1_A485_ctrlorder	1524	55987	0.0006024400068367	-0.6938054741865457
P1_A485_ctrlorder	1525	18453	0.0003119893999238	-0.6934934847866219
P1_A485_ctrlorder	1526	14544	0.0002771060716696	-0.6932163787149522
P1_A485_ctrlorder	1527	73822	0.0001652987625719	-0.6930510799523804
P1_A485_ctrlorder	1528	16400	-0.0015026989585164	-0.6945537789108968
P1_A485_ctrlorder	1529	239554	-0.0006503629024148	-0.6952041418133116
P1_A485_ctrlorder	1530	64929	7.717690287978765e-05	-0.6951269649104318
P1_A485_ctrlorder	1531	269774	-0.0005034320045196	-0.6956303969149514
P1_A485_ctrlorder	1532	67784	0.0003245398584235	-0.6953058570565279
P1_A485_ctrlorder	1533	11593	0.0006826250949894	-0.6946232319615385
P1_A485_ctrlorder	1534	26878	0.0007913154194352	-0.6938319165421033
P1_A485_ctrlorder	1535	74589	0.0012926168182316	-0.6925392997238717
P1_A485_ctrlorder	1536	71876	0.0008727381070871	-0.6916665616167846
P1_A485_ctrlorder	1537	12483	0.0019245534922619	-0.6897420081245227
P1_A485_ctrlorder	1538	214137	-0.0007551004235807	-0.6904971085481034
P1_A485_ctrlorder	1539	22342	-0.0019575437922663	-0.6924546523403697
P1_A485_ctrlorder	1540	239273	0.0003558840698733	-0.6920987682704964
P1_A485_ctrlorder	1541	19659	-0.0012054207179797	-0.6933041889884761
P1_A485_ctrlorder	1542	18205	0.0001722158835425	-0.6931319731049336
P1_A485_ctrlorder	1543	243983	0.0010112054149754	-0.6921207676899582
P1_A485_ctrlorder	1544	14605	-0.0051511355494574	-0.6972719032394157
P1_A485_ctrlorder	1545	228778	-0.000272559374633	-0.6975444626140487
P1_A485_ctrlorder	1546	19739	0.0004943236488129	-0.6970501389652358
P1_A485_ctrlorder	1547	209558	0.0027491323708817	-0.6943010065943541
P1_A485_ctrlorder	1548	242505	0.0022989681623938	-0.6920020384319603
P1_A485_ctrlorder	1549	22063	0.0040302504914381	-0.6879717879405222
P1_A485_ctrlorder	1550	57746	0.0008487782007549	-0.6871230097397673
P1_A485_ctrlorder	1551	17350	0.0011676533586652	-0.685955356381102
P1_A485_ctrlorder	1552	22370	0.0049708206588934	-0.6809845357222086
P1_A485_ctrlorder	1553	17300	0.0004102344890908	-0.6805743012331178
P1_A485_ctrlorder	1554	227327	0.0008071880557066	-0.6797671131774112
P1_A485_ctrlorder	1555	74147	-0.0009683168321799	-0.6807354300095911
P1_A485_ctrlorder	1556	68099	-3.214664776571785e-05	-0.6807675766573569
P1_A485_ctrlorder	1557	279561	0.0004521198584733	-0.6803154567988836
P1_A485_ctrlorder	1558	380713	0.0002558304044163	-0.6800596263944673
P1_A485_ctrlorder	1559	54609	-0.0011716630670612	-0.6812312894615284
P1_A485_ctrlorder	1560	78134	-0.0015139172775977	-0.6827452067391262
P1_A485_ctrlorder	1561	235028	0.0006780729814289	-0.6820671337576973
P1_A485_ctrlorder	1562	13824	2.568644513070761e-05	-0.6820414473125667
P1_A485_ctrlorder	1563	240087	-0.0001032319597425	-0.6821446792723092
P1_A485_ctrlorder	1564	237353	0.0009253665529114	-0.6812193127193977
P1_A485_ctrlorder	1565	67819	0.0005253242115871	-0.6806939885078106
P1_A485_ctrlorder	1566	23999	0.000735993665098	-0.6799579948427126
P1_A485_ctrlorder	1567	627049	0.0019871793865962	-0.6779708154561164
P1_A485_ctrlorder	1568	64706	-0.0021168834650116	-0.680087698921128
P1_A485_ctrlorder	1569	231470	0.0004680495423144	-0.6796196493788136
P1_A485_ctrlorder	1570	83921	0.0007813304289802	-0.6788383189498334
P1_A485_ctrlorder	1571	20525	0.0009325583075339	-0.6779057606422995
P1_A485_ctrlorder	1572	271005	0.0001746561923805	-0.6777311044499189
P1_A485_ctrlorder	1573	16404	0.003117420616999	-0.6746136838329199
P1_A485_ctrlorder	1574	70928	0.0017044351973405	-0.6729092486355793
P1_A485_ctrlorder	1575	16431	-0.0035593503896488	-0.6764685990252282
P1_A485_ctrlorder	1576	18616	-0.0019564614772349	-0.6784250605024631
P1_A485_ctrlorder	1577	218461	0.0002618735783553	-0.6781631869241078
P1_A485_ctrlorder	1578	17427	0.0044407387216122	-0.6737224482024956
P1_A485_ctrlorder	1579	140488	-0.001149801576552	-0.6748722497790476
P1_A485_ctrlorder	1580	216850	0.0006424679587003	-0.6742297818203473
P1_A485_ctrlorder	1581	94180	0.0029095553852427	-0.6713202264351046
P1_A485_ctrlorder	1582	67582	0.0014008004841973	-0.6699194259509073
P1_A485_ctrlorder	1583	320508	0.0023722108658528	-0.6675472150850544
P1_A485_ctrlorder	1584	83671	0.0010433269739913	-0.6665038881110631
P1_A485_ctrlorder	1585	14802	0.0005563592847117	-0.6659475288263514
P1_A485_ctrlorder	1586	28146	0.0008887240042571	-0.6650588048220943
P1_A485_ctrlorder	1587	23928	0.0002654745884604	-0.664793330233634
P1_A485_ctrlorder	1588	234857	0.0005423880180824	-0.6642509422155516
P1_A485_ctrlorder	1589	23882	-0.0009532892928568	-0.6652042315084084
P1_A485_ctrlorder	1590	19130	-0.0005192754351576	-0.665723506943566
P1_A485_ctrlorder	1591	19275	-4.286081435463692e-05	-0.6657663677579206
P1_A485_ctrlorder	1592	381217	-0.0009599708050127	-0.6667263385629334
P1_A485_ctrlorder	1593	225997	0.000295795321936	-0.6664305432409974
P1_A485_ctrlorder	1594	15902	-0.0006177631230305	-0.6670483063640279
P1_A485_ctrlorder	1595	57890	0.001388589056755	-0.6656597173072729
P1_A485_ctrlorder	1596	213484	-0.0012530950372717	-0.6669128123445446
P1_A485_ctrlorder	1597	208768	-0.0001835305222836	-0.6670963428668282
P1_A485_ctrlorder	1598	56794	0.0010914806169834	-0.6660048622498448
P1_A485_ctrlorder	1599	30935	0.0021903234610212	-0.6638145387888236
P1_A485_ctrlorder	1600	319504	0.0021333490627125	-0.6616811897261111
P1_A485_ctrlorder	1601	216049	0.0007307014274455	-0.6609504882986657
P1_A485_ctrlorder	1602	74166	0.0037064984656887	-0.6572439898329769
P1_A485_ctrlorder	1603	67059	0.0006167943463987	-0.6566271954865782
P1_A485_ctrlorder	1604	14369	0.0011505102822895	-0.6554766852042887
P1_A485_ctrlorder	1605	12348	0.0020957629637169	-0.6533809222405718
P1_A485_ctrlorder	1606	209966	0.0005430028476826	-0.6528379193928892
P1_A485_ctrlorder	1607	11489	0.0012720147246308	-0.6515659046682584
P1_A485_ctrlorder	1608	320495	0.0009922409757894	-0.6505736636924689
P1_A485_ctrlorder	1609	16467	0.0012709040263517	-0.6493027596661173
P1_A485_ctrlorder	1610	211949	0.001819796387519	-0.6474829632785983
P1_A485_ctrlorder	1611	268297	-0.0006865510649855	-0.6481695143435838
P1_A485_ctrlorder	1612	54123	0.0018892479055054	-0.6462802664380785
P1_A485_ctrlorder	1613	16598	0.0011513372919826	-0.6451289291460959
P1_A485_ctrlorder	1614	226255	-0.0028405834959403	-0.6479695126420362
P1_A485_ctrlorder	1615	67480	-0.0006982860180451	-0.6486677986600813
P1_A485_ctrlorder	1616	104816	0.000196752102219	-0.6484710465578623
P1_A485_ctrlorder	1617	93838	0.000521493205956	-0.6479495533519063
P1_A485_ctrlorder	1618	12286	0.0039571480490076	-0.6439924053028987
P1_A485_ctrlorder	1619	102124	0.0009063821978597	-0.643086023105039
P1_A485_ctrlorder	1620	74202	0.0011618359940438	-0.6419241871109952
P1_A485_ctrlorder	1621	12702	0.0024965481763344	-0.6394276389346608
P1_A485_ctrlorder	1622	329278	0.0023618218323014	-0.6370658171023594
P1_A485_ctrlorder	1623	17153	-0.0056890220775706	-0.64275483917993
P1_A485_ctrlorder	1624	237211	0.0006020191052869	-0.6421528200746431
P1_A485_ctrlorder	1625	67211	0.0011328312571409	-0.6410199888175022
P1_A485_ctrlorder	1626	236904	-0.0006754429319885	-0.6416954317494907
P1_A485_ctrlorder	1627	12978	0.0072052806181681	-0.6344901511313227
P1_A485_ctrlorder	1628	271711	0.0006316391285544	-0.6338585120027683
P1_A485_ctrlorder	1629	381175	0.000256346979305	-0.6336021650234633
P1_A485_ctrlorder	1630	330189	-0.003773253388863	-0.6373754184123264
P1_A485_ctrlorder	1631	18230	0.0011420424463813	-0.6362333759659451
P1_A485_ctrlorder	1632	232946	0.0034519259948324	-0.6327814499711127
P1_A485_ctrlorder	1633	625249	0.0004237670654893	-0.6323576829056234
P1_A485_ctrlorder	1634	18769	0.0003604517136587	-0.6319972311919647
P1_A485_ctrlorder	1635	215798	0.000485606894758	-0.6315116242972068
P1_A485_ctrlorder	1636	19245	0.0038659180422207	-0.6276457062549861
P1_A485_ctrlorder	1637	73825	0.0013124843113376	-0.6263332219436485
P1_A485_ctrlorder	1638	232976	-0.0005125141785118	-0.6268457361221603
P1_A485_ctrlorder	1639	116837	-0.0006534883474992	-0.6274992244696596
P1_A485_ctrlorder	1640	20104	0.0008758459914265	-0.626623378478233
P1_A485_ctrlorder	1641	18823	-0.000903586002909	-0.627526964481142
P1_A485_ctrlorder	1642	13522	0.0008064611382451	-0.6267205033428969
P1_A485_ctrlorder	1643	170711	0.0025370291540708	-0.624183474188826
P1_A485_ctrlorder	1644	18985	0.003876363208004	-0.620307110980822
P1_A485_ctrlorder	1645	14026	0.0005209419930939	-0.6197861689877281
P1_A485_ctrlorder	1646	319634	0.0002797658619379	-0.6195064031257902
P1_A485_ctrlorder	1647	20462	0.0019543478871899	-0.6175520552386002
P1_A485_ctrlorder	1648	66279	0.0016282651608586	-0.6159237900777417
P1_A485_ctrlorder	1649	50784	0.0010971838951379	-0.6148266061826038
P1_A485_ctrlorder	1650	11720	0.0015424258443769	-0.6132841803382268
P1_A485_ctrlorder	1651	72607	0.0005316420595849	-0.612752538278642
P1_A485_ctrlorder	1652	26912	0.0012978970912069	-0.6114546411874351
P1_A485_ctrlorder	1653	20377	0.0056409900333975	-0.6058136511540376
P1_A485_ctrlorder	1654	53625	0.0023452069498277	-0.60346844420421
P1_A485_ctrlorder	1655	225913	0.0004044004451503	-0.6030640437590596
P1_A485_ctrlorder	1656	15939	0.0026266447615512	-0.6004373989975085
P1_A485_ctrlorder	1657	72050	0.0023303810239398	-0.5981070179735687
P1_A485_ctrlorder	1658	12449	0.0005605898018505	-0.5975464281717182
P1_A485_ctrlorder	1659	66999	0.0011191523294644	-0.5964272758422539
P1_A485_ctrlorder	1660	67238	0.0016637714400419	-0.5947635044022119
P1_A485_ctrlorder	1661	16531	0.0015573240907415	-0.5932061803114704
P1_A485_ctrlorder	1662	272347	-0.0004470622704563	-0.5936532425819268
P1_A485_ctrlorder	1663	78376	0.0002682934998643	-0.5933849490820624
P1_A485_ctrlorder	1664	207792	0.0040269964427012	-0.5893579526393612
P1_A485_ctrlorder	1665	83433	0.0009017138447077	-0.5884562387946535
P1_A485_ctrlorder	1666	240354	0.0034591499210245	-0.584997088873629
P1_A485_ctrlorder	1667	22021	0.0020313843142214	-0.5829657045594075
P1_A485_ctrlorder	1668	66083	0.0007281710347784	-0.5822375335246291
P1_A485_ctrlorder	1669	75750	0.0013453418623907	-0.5808921916622385
P1_A485_ctrlorder	1670	55963	0.000802105865554	-0.5800900857966845
P1_A485_ctrlorder	1671	19342	0.0016853558311025	-0.578404729965582
P1_A485_ctrlorder	1672	70574	0.0012724031632119	-0.5771323268023701
P1_A485_ctrlorder	1673	193838	0.0017429980241298	-0.5753893287782403
P1_A485_ctrlorder	1674	245527	-0.0022680257881509	-0.5776573545663912
P1_A485_ctrlorder	1675	18415	5.177755892648294e-05	-0.5776055770074647
P1_A485_ctrlorder	1676	114606	0.0013167138023278	-0.576288863205137
P1_A485_ctrlorder	1677	14184	0.0041707040392055	-0.5721181591659315
P1_A485_ctrlorder	1678	68728	0.0003010905975966	-0.5718170685683348
P1_A485_ctrlorder	1679	67419	0.0005568400383229	-0.5712602285300119
P1_A485_ctrlorder	1680	56523	0.0009829791063736	-0.5702772494236383
P1_A485_ctrlorder	1681	241226	0.0005884028471364	-0.569688846576502
P1_A485_ctrlorder	1682	71607	0.0044863624776078	-0.5652024840988942
P1_A485_ctrlorder	1683	20343	-0.0014729547474116	-0.5666754388463058
P1_A485_ctrlorder	1684	230514	-0.0005744854162335	-0.5672499242625393
P1_A485_ctrlorder	1685	268860	-4.630408129177229e-05	-0.5672962283438311
P1_A485_ctrlorder	1686	319953	0.0008696863419441	-0.566426542001887
P1_A485_ctrlorder	1687	56213	0.0025734154620258	-0.5638531265398612
P1_A485_ctrlorder	1688	12166	0.0014985667250419	-0.5623545598148193
P1_A485_ctrlorder	1689	56527	0.0008374517598196	-0.5615171080549997
P1_A485_ctrlorder	1690	217558	0.0027684367411456	-0.5587486713138541
P1_A485_ctrlorder	1691	23871	5.3238832235961306e-05	-0.5586954324816181
P1_A485_ctrlorder	1692	71699	0.0019250259124104	-0.5567704065692077
P1_A485_ctrlorder	1693	72948	-0.0032911697453927	-0.5600615763146004
P1_A485_ctrlorder	1694	68799	0.0020344457857576	-0.5580271305288428
P1_A485_ctrlorder	1695	105727	0.002209006495766	-0.5558181240330767
P1_A485_ctrlorder	1696	19703	0.0028491746356991	-0.5529689493973776
P1_A485_ctrlorder	1697	194388	0.0028666559046672	-0.5501022934927104
P1_A485_ctrlorder	1698	56017	0.0039937183283043	-0.5461085751644061
P1_A485_ctrlorder	1699	74241	0.0031144011387109	-0.5429941740256953
P1_A485_ctrlorder	1700	213208	0.0058857155207361	-0.5371084585049591
P1_A485_ctrlorder	1701	17189	0.0017187427990854	-0.5353897157058738
P1_A485_ctrlorder	1702	229599	-0.0009604897612228	-0.5363502054670966
P1_A485_ctrlorder	1703	12830	0.0033461658023999	-0.5330040396646967
P1_A485_ctrlorder	1704	224661	0.0014072780592562	-0.5315967616054404
P1_A485_ctrlorder	1705	20474	0.0059993721889398	-0.5255973894165007
P1_A485_ctrlorder	1706	20288	0.0067293066854641	-0.5188680827310366
P1_A485_ctrlorder	1707	11606	0.0008384058785128	-0.5180296768525238
P1_A485_ctrlorder	1708	66329	-0.000976180501986	-0.5190058573545098
P1_A485_ctrlorder	1709	13681	0.0044407557175564	-0.5145651016369533
P1_A485_ctrlorder	1710	54366	-0.0008172326741524	-0.5153823343111057
P1_A485_ctrlorder	1711	14735	0.0095809005622804	-0.5058014337488252
P1_A485_ctrlorder	1712	75782	0.0015070328428588	-0.5042944009059664
P1_A485_ctrlorder	1713	64705	0.0017920595253265	-0.50250234138064
P1_A485_ctrlorder	1714	244653	0.0010250578011132	-0.5014772835795268
P1_A485_ctrlorder	1715	60594	0.0003037907358855	-0.5011734928436413
P1_A485_ctrlorder	1716	234515	0.000160651022657	-0.5010128418209843
P1_A485_ctrlorder	1717	17219	-0.0009229460676614	-0.5019357878886457
P1_A485_ctrlorder	1718	109594	-8.522137433669615e-05	-0.5020210092629823
P1_A485_ctrlorder	1719	226841	0.0011862579483473	-0.5008347513146351
P1_A485_ctrlorder	1720	56720	0.0020123646594429	-0.4988223866551922
P1_A485_ctrlorder	1721	68393	-0.0003697879797602	-0.4991921746349524
P1_A485_ctrlorder	1722	21426	0.0065266457623272	-0.4926655288726252
P1_A485_ctrlorder	1723	71532	0.0018634086886888	-0.49080212018393643
P1_A485_ctrlorder	1724	20540	0.0004754496313819	-0.4903266705525545
P1_A485_ctrlorder	1725	19696	0.0011705635721372	-0.48915610698041734
P1_A485_ctrlorder	1726	353502	0.0009910360910608	-0.4881650708893565
P1_A485_ctrlorder	1727	52588	0.0031562959665206	-0.4850087749228359
P1_A485_ctrlorder	1728	14050	0.0037751427937429	-0.481233632129093
P1_A485_ctrlorder	1729	209212	0.0022876793097637	-0.4789459528193293
P1_A485_ctrlorder	1730	14612	0.0028496510604716	-0.4760963017588577
P1_A485_ctrlorder	1731	74194	-0.0014555386263079	-0.47755184038516557
P1_A485_ctrlorder	1732	12986	0.0024449771714514	-0.47510686321371415
P1_A485_ctrlorder	1733	54698	-0.005221571300901	-0.48032843451461515
P1_A485_ctrlorder	1734	109245	0.0006043152764188	-0.47972411923819636
P1_A485_ctrlorder	1735	81006	0.0026067431775748	-0.47711737606062155
P1_A485_ctrlorder	1736	13838	0.0014199182871295	-0.47569745777349204
P1_A485_ctrlorder	1737	232441	0.0016945673960057	-0.47400289037748633
P1_A485_ctrlorder	1738	56508	0.001831149215514	-0.4721717411619723
P1_A485_ctrlorder	1739	227674	0.0030236549867938	-0.4691480861751785
P1_A485_ctrlorder	1740	94088	0.0040441846297469	-0.4651039015454316
P1_A485_ctrlorder	1741	16826	0.0011551691181857	-0.4639487324272459
P1_A485_ctrlorder	1742	14696	0.0018810945856684	-0.4620676378415775
P1_A485_ctrlorder	1743	12323	0.0008626517118403	-0.4612049861297372
P1_A485_ctrlorder	1744	67963	0.001080601141212	-0.4601243849885252
P1_A485_ctrlorder	1745	17390	0.0005957702531233	-0.4595286147354019
P1_A485_ctrlorder	1746	26922	0.0037402192416855	-0.4557883954937164
P1_A485_ctrlorder	1747	320204	0.0021142532084177	-0.45367414228529873
P1_A485_ctrlorder	1748	240518	-0.0002358900381532	-0.45391003232345195
P1_A485_ctrlorder	1749	225266	0.007249835595719	-0.44666019672773294
P1_A485_ctrlorder	1750	16162	0.0004727502118997	-0.44618744651583325
P1_A485_ctrlorder	1751	71911	0.0029481928785389	-0.44323925363729433
P1_A485_ctrlorder	1752	13603	0.0017801111249898	-0.4414591425123045
P1_A485_ctrlorder	1753	78284	0.0020117924810902	-0.4394473500312143
P1_A485_ctrlorder	1754	68082	0.0023778995957242	-0.4370694504354901
P1_A485_ctrlorder	1755	171285	0.0075023436610833	-0.4295671067744068
P1_A485_ctrlorder	1756	11307	0.0006280848133229	-0.4289390219610839
P1_A485_ctrlorder	1757	338362	0.0004523705994459	-0.428486651361638
P1_A485_ctrlorder	1758	12818	0.0011826852433949	-0.4273039661182431
P1_A485_ctrlorder	1759	217154	0.0055157991996521	-0.421788166918591
P1_A485_ctrlorder	1760	231760	0.0015499914107972	-0.4202381755077938
P1_A485_ctrlorder	1761	192192	0.0005829621214651	-0.4196552133863287
P1_A485_ctrlorder	1762	83453	0.0104775133735576	-0.4091777000127711
P1_A485_ctrlorder	1763	230784	0.0028714258140655	-0.4063062741987056
P1_A485_ctrlorder	1764	72003	0.0017848934252034	-0.4045213807735022
P1_A485_ctrlorder	1765	56434	0.0047926914215726	-0.39972868935192957
P1_A485_ctrlorder	1766	59288	0.0026346548748132	-0.3970940344771164
P1_A485_ctrlorder	1767	94185	-0.0007332528052015	-0.39782728728231787
P1_A485_ctrlorder	1768	116847	0.0030519959449898	-0.3947752913373281
P1_A485_ctrlorder	1769	67369	0.0048260755491614	-0.38994921578816666
P1_A485_ctrlorder	1770	15894	0.014912322330461	-0.37503689345770563
P1_A485_ctrlorder	1771	68259	-0.0008153920110048	-0.3758522854687104
P1_A485_ctrlorder	1772	14919	-0.0010943464589506	-0.37694663192766104
P1_A485_ctrlorder	1773	16797	0.0013191410236275	-0.3756274909040335
P1_A485_ctrlorder	1774	67739	0.0022327342637862	-0.37339475664024735
P1_A485_ctrlorder	1775	76142	0.0047650963565937	-0.3686296602836536
P1_A485_ctrlorder	1776	56399	0.0029315575041079	-0.36569810277954573
P1_A485_ctrlorder	1777	231207	0.0062735729722338	-0.35942452980731193
P1_A485_ctrlorder	1778	66464	0.0036877448744129	-0.355736784932899
P1_A485_ctrlorder	1779	15273	0.0030070303540725	-0.3527297545788265
P1_A485_ctrlorder	1780	58180	0.0019349505936569	-0.3507948039851696
P1_A485_ctrlorder	1781	14119	-0.007071719678134	-0.3578665236633036
P1_A485_ctrlorder	1782	208154	0.0066061939887947	-0.35126032967450893
P1_A485_ctrlorder	1783	217935	0.0040273885023886	-0.34723294117212034
P1_A485_ctrlorder	1784	76491	0.0041135231138012	-0.34311941805831914
P1_A485_ctrlorder	1785	246104	0.0057750483455176	-0.3373443697128015
P1_A485_ctrlorder	1786	231712	0.0075691274022488	-0.3297752423105527
P1_A485_ctrlorder	1787	110521	0.0047822698348658	-0.3249929724756869
P1_A485_ctrlorder	1788	269643	0.0037109045973122	-0.3212820678783747
P1_A485_ctrlorder	1789	53791	0.0067909931027774	-0.3144910747755973
P1_A485_ctrlorder	1790	78749	0.0050644977827695	-0.3094265769928278
P1_A485_ctrlorder	1791	225998	0.0016880962473575	-0.3077384807454703
P1_A485_ctrlorder	1792	230379	-0.0029534318252851	-0.3106919125707554
P1_A485_ctrlorder	1793	23923	0.0066903489415041	-0.3040015636292513
P1_A485_ctrlorder	1794	18762	0.0033495109042815	-0.3006520527249698
P1_A485_ctrlorder	1795	73668	-0.0008037625198408	-0.30145581524481063
P1_A485_ctrlorder	1796	18585	0.0005605108335415	-0.3008953044112691
P1_A485_ctrlorder	1797	16456	0.0067191889077844	-0.2941761155034847
P1_A485_ctrlorder	1798	12512	0.0054266530953847	-0.2887494624081
P1_A485_ctrlorder	1799	242860	0.0045355094501721	-0.2842139529579279
P1_A485_ctrlorder	1800	17342	0.0069837949867866	-0.2772301579711413
P1_A485_ctrlorder	1801	104458	0.003211915479852	-0.2740182424912893
P1_A485_ctrlorder	1802	76025	0.0043382567715912	-0.2696799857196981
P1_A485_ctrlorder	1803	71835	0.006947230396181	-0.2627327553235171
P1_A485_ctrlorder	1804	58998	0.0012726891086691	-0.26146006621484796
P1_A485_ctrlorder	1805	100019	0.0041099317796701	-0.25735013443517785
P1_A485_ctrlorder	1806	27528	-0.0017839555705296	-0.2591340900057075
P1_A485_ctrlorder	1807	17880	0.0072445262233599	-0.25188956378234756
P1_A485_ctrlorder	1808	17117	0.0050272889643166	-0.24686227481803097
P1_A485_ctrlorder	1809	66269	0.0041852278631784	-0.24267704695485257
P1_A485_ctrlorder	1810	16889	0.0025788930884044	-0.24009815386644817
P1_A485_ctrlorder	1811	15212	0.0070985951833415	-0.23299955868310668
P1_A485_ctrlorder	1812	19736	0.0032466027921888	-0.22975295589091788
P1_A485_ctrlorder	1813	16008	0.0070152194615881	-0.22273773642932979
P1_A485_ctrlorder	1814	29856	0.001125602811253	-0.22161213361807677
P1_A485_ctrlorder	1815	66336	-0.0034069370798854	-0.22501907069796218
P1_A485_ctrlorder	1816	71310	0.0052403033817505	-0.21977876731621168
P1_A485_ctrlorder	1817	12398	0.0059088764344521	-0.2138698908817596
P1_A485_ctrlorder	1818	18294	0.0062907117950161	-0.20757917908674348
P1_A485_ctrlorder	1819	13040	0.0085697292280517	-0.1990094498586918
P1_A485_ctrlorder	1820	15277	0.0009366291745078	-0.198072820684184
P1_A485_ctrlorder	1821	64918	0.009015170921801	-0.18905764976238298
P1_A485_ctrlorder	1822	319974	0.001494984753421	-0.187562665008962
P1_A485_ctrlorder	1823	229699	0.0035643495087148	-0.1839983155002472
P1_A485_ctrlorder	1824	29862	0.0080344614100713	-0.1759638540901759
P1_A485_ctrlorder	1825	17436	0.0016593221356825	-0.17430453195449339
P1_A485_ctrlorder	1826	320438	0.0029010536749828	-0.17140347827951058
P1_A485_ctrlorder	1827	67848	0.0041324820857161	-0.16727099619379449
P1_A485_ctrlorder	1828	12568	0.0131868425935299	-0.1540841536002646
P1_A485_ctrlorder	1829	12826	-0.0032099127744552	-0.1572940663747198
P1_A485_ctrlorder	1830	214901	0.0031311139288054	-0.15416295244591438
P1_A485_ctrlorder	1831	67374	0.0040911001755453	-0.1500718522703691
P1_A485_ctrlorder	1832	16842	-0.0001027936371027	-0.1501746459074718
P1_A485_ctrlorder	1833	23805	0.0026910488081146	-0.14748359709935718
P1_A485_ctrlorder	1834	238271	0.0135140902227533	-0.1339695068766039
P1_A485_ctrlorder	1835	26903	0.0175445681046944	-0.11642493877190949
P1_A485_ctrlorder	1836	53422	0.0033198120747669	-0.11310512669714258
P1_A485_ctrlorder	1837	235587	0.0203730179221174	-0.09273210877502518
P1_A485_ctrlorder	1838	68603	0.0080624431383931	-0.08466966563663207
P1_A485_ctrlorder	1839	13011	0.0281184817684518	-0.05655118386818027
P1_A485+Dux_ctrlorder	1	16601	-0.028304614924422	-0.028304614924422
P1_A485+Dux_ctrlorder	2	74513	-0.0078853389577352	-0.0361899538821572
P1_A485+Dux_ctrlorder	3	84095	-0.0120247846020428	-0.0482147384842
P1_A485+Dux_ctrlorder	4	226830	-0.0130082934373441	-0.0612230319215441
P1_A485+Dux_ctrlorder	5	93695	-0.0117413804930492	-0.0729644124145933
P1_A485+Dux_ctrlorder	6	66614	-0.0108848584567814	-0.0838492708713747
P1_A485+Dux_ctrlorder	7	20200	-0.0018611354418071	-0.0857104063131818
P1_A485+Dux_ctrlorder	8	100515	-0.0177379049044435	-0.10344831121762531
P1_A485+Dux_ctrlorder	9	108699	-0.0100477732386638	-0.11349608445628911
P1_A485+Dux_ctrlorder	10	19173	-0.0102363319128447	-0.12373241636913382
P1_A485+Dux_ctrlorder	11	27060	-0.0160636593450169	-0.13979607571415073
P1_A485+Dux_ctrlorder	12	108811	-0.0122670298962202	-0.15206310561037092
P1_A485+Dux_ctrlorder	13	227656	-0.0119941448556933	-0.16405725046606423
P1_A485+Dux_ctrlorder	14	54353	-0.0085924544776194	-0.17264970494368362
P1_A485+Dux_ctrlorder	15	54561	-0.0072763699825163	-0.1799260749261999
P1_A485+Dux_ctrlorder	16	64660	-0.004052696182304	-0.1839787711085039
P1_A485+Dux_ctrlorder	17	11815	-0.0061492277207013	-0.19012799882920522
P1_A485+Dux_ctrlorder	18	93689	-0.0075642533255732	-0.19769225215477843
P1_A485+Dux_ctrlorder	19	27276	-0.0064426296274984	-0.20413488178227682
P1_A485+Dux_ctrlorder	20	11932	-0.0168632624996379	-0.22099814428191472
P1_A485+Dux_ctrlorder	21	22371	-0.0165708467545539	-0.2375689910364686
P1_A485+Dux_ctrlorder	22	381101	-0.0090646971652454	-0.24663368820171402
P1_A485+Dux_ctrlorder	23	15505	-0.0088991674075035	-0.2555328556092175
P1_A485+Dux_ctrlorder	24	20512	-0.0035951327802149	-0.2591279883894324
P1_A485+Dux_ctrlorder	25	16997	-0.0057899304599321	-0.2649179188493645
P1_A485+Dux_ctrlorder	26	70099	-0.011387741805292	-0.2763056606546565
P1_A485+Dux_ctrlorder	27	20229	-0.0104896081908249	-0.2867952688454814
P1_A485+Dux_ctrlorder	28	330171	-0.0066601525791149	-0.2934554214245963
P1_A485+Dux_ctrlorder	29	242466	-0.0003692089637306	-0.2938246303883269
P1_A485+Dux_ctrlorder	30	106564	-0.0081765714207331	-0.30200120180906
P1_A485+Dux_ctrlorder	31	72825	-0.0069701935549377	-0.3089713953639977
P1_A485+Dux_ctrlorder	32	67669	-0.003845511715246	-0.3128169070792437
P1_A485+Dux_ctrlorder	33	217082	-0.0051362116723802	-0.3179531187516239
P1_A485+Dux_ctrlorder	34	58243	-0.0095949592550815	-0.32754807800670543
P1_A485+Dux_ctrlorder	35	83965	-0.0068875595678574	-0.33443563757456285
P1_A485+Dux_ctrlorder	36	224008	-0.0078307030529964	-0.34226634062755923
P1_A485+Dux_ctrlorder	37	216616	-0.0033320844045446	-0.3455984250321038
P1_A485+Dux_ctrlorder	38	100061	-7.746398264780078e-05	-0.3456758890147516
P1_A485+Dux_ctrlorder	39	16956	-0.0054296028046335	-0.3511054918193851
P1_A485+Dux_ctrlorder	40	68611	-0.0062974280694218	-0.3574029198888069
P1_A485+Dux_ctrlorder	41	16570	-0.0069256748141873	-0.3643285947029942
P1_A485+Dux_ctrlorder	42	242509	-0.0051544140416578	-0.369483008744652
P1_A485+Dux_ctrlorder	43	101502	-0.0058850764712263	-0.37536808521587833
P1_A485+Dux_ctrlorder	44	217198	-0.0036925429819153	-0.3790606281977936
P1_A485+Dux_ctrlorder	45	74186	-0.0090376340536062	-0.3880982622513998
P1_A485+Dux_ctrlorder	46	107587	-0.0026233000482114	-0.3907215622996112
P1_A485+Dux_ctrlorder	47	54598	-0.0076827190600184	-0.3984042813596296
P1_A485+Dux_ctrlorder	48	20500	-0.0067308017789936	-0.4051350831386232
P1_A485+Dux_ctrlorder	49	76917	-0.0081660724861463	-0.4133011556247695
P1_A485+Dux_ctrlorder	50	629499	-0.0052472036556902	-0.4185483592804597
P1_A485+Dux_ctrlorder	51	100502698	-0.0102984917651468	-0.4288468510456065
P1_A485+Dux_ctrlorder	52	110446	-0.0066904659600144	-0.43553731700562087
P1_A485+Dux_ctrlorder	53	20907	-0.0070670222449114	-0.4426043392505323
P1_A485+Dux_ctrlorder	54	14114	-0.0090255556202717	-0.45162989487080396
P1_A485+Dux_ctrlorder	55	212547	-0.0080667615604679	-0.4596966564312719
P1_A485+Dux_ctrlorder	56	102871	-0.0072620011573208	-0.4669586575885927
P1_A485+Dux_ctrlorder	57	16149	0.0182008061331822	-0.4487578514554105
P1_A485+Dux_ctrlorder	58	241070	-0.0056559442882459	-0.45441379574365637
P1_A485+Dux_ctrlorder	59	140742	-0.0080628032593289	-0.46247659900298527
P1_A485+Dux_ctrlorder	60	11363	-0.0024955303311569	-0.46497212933414217
P1_A485+Dux_ctrlorder	61	66416	-0.0058747557071635	-0.4708468850413057
P1_A485+Dux_ctrlorder	62	50915	-0.0083891365941571	-0.47923602163546275
P1_A485+Dux_ctrlorder	63	268567	-0.0079048449208829	-0.48714086655634564
P1_A485+Dux_ctrlorder	64	66169	-0.0057925858978664	-0.49293345245421205
P1_A485+Dux_ctrlorder	65	234854	-0.0039503131199674	-0.49688376557417946
P1_A485+Dux_ctrlorder	66	170768	-0.004597911028964	-0.5014816766031435
P1_A485+Dux_ctrlorder	67	208795	-0.0056433284269082	-0.5071250050300516
P1_A485+Dux_ctrlorder	68	22116	-0.0027218494624322	-0.5098468544924838
P1_A485+Dux_ctrlorder	69	12294	-0.0057417171509086	-0.5155885716433924
P1_A485+Dux_ctrlorder	70	108159	-0.0042345514286266	-0.519823123072019
P1_A485+Dux_ctrlorder	71	231050	-0.003330237274109	-0.523153360346128
P1_A485+Dux_ctrlorder	72	75769	-0.0038388045399394	-0.5269921648860674
P1_A485+Dux_ctrlorder	73	19876	-0.0032158559558887	-0.5302080208419561
P1_A485+Dux_ctrlorder	74	59083	-0.0049887727211246	-0.5351967935630807
P1_A485+Dux_ctrlorder	75	18553	-0.0037023996323603	-0.538899193195441
P1_A485+Dux_ctrlorder	76	74414	-0.0005381984264403	-0.5394373916218813
P1_A485+Dux_ctrlorder	77	320974	-0.0048188861663609	-0.5442562777882423
P1_A485+Dux_ctrlorder	78	242585	-0.0007719771215146	-0.5450282549097568
P1_A485+Dux_ctrlorder	79	16450	-0.0069479593417552	-0.551976214251512
P1_A485+Dux_ctrlorder	80	12023	-0.0055257485593503	-0.5575019628108623
P1_A485+Dux_ctrlorder	81	74393	-0.000343440111364	-0.5578454029222263
P1_A485+Dux_ctrlorder	82	75695	-0.0025740276204942	-0.5604194305427205
P1_A485+Dux_ctrlorder	83	30059	-0.0038872994706095	-0.56430673001333
P1_A485+Dux_ctrlorder	84	93840	0.0027741090233451	-0.5615326209899849
P1_A485+Dux_ctrlorder	85	67728	-0.0048493188362963	-0.5663819398262812
P1_A485+Dux_ctrlorder	86	74020	-0.0062254443753251	-0.5726073842016063
P1_A485+Dux_ctrlorder	87	11881	-0.0030883421876201	-0.5756957263892264
P1_A485+Dux_ctrlorder	88	74464	-0.0035024417966079	-0.5791981681858343
P1_A485+Dux_ctrlorder	89	21356	-0.0013624340277585	-0.5805606022135927
P1_A485+Dux_ctrlorder	90	54381	-0.0050825053693082	-0.585643107582901
P1_A485+Dux_ctrlorder	91	237711	-0.0045503118823652	-0.5901934194652662
P1_A485+Dux_ctrlorder	92	72486	-0.0050762118372456	-0.5952696313025118
P1_A485+Dux_ctrlorder	93	18976	-0.0066177828182083	-0.6018874141207201
P1_A485+Dux_ctrlorder	94	22695	-0.0048570692141427	-0.6067444833348629
P1_A485+Dux_ctrlorder	95	20692	-0.0023505506068705	-0.6090950339417334
P1_A485+Dux_ctrlorder	96	53619	-0.0030874309953342	-0.6121824649370675
P1_A485+Dux_ctrlorder	97	66522	-0.0018799130122194	-0.6140623779492869
P1_A485+Dux_ctrlorder	98	329941	-0.0026831282632842	-0.6167455062125711
P1_A485+Dux_ctrlorder	99	69215	-0.0120770042592522	-0.6288225104718232
P1_A485+Dux_ctrlorder	100	13631	-0.0041098253556009	-0.6329323358274241
P1_A485+Dux_ctrlorder	101	107227	-0.0060511532664072	-0.6389834890938313
P1_A485+Dux_ctrlorder	102	21339	-0.0030999787254627	-0.642083467819294
P1_A485+Dux_ctrlorder	103	100072	-0.003450371130965	-0.6455338389502591
P1_A485+Dux_ctrlorder	104	13032	-0.006939522927884	-0.6524733618781431
P1_A485+Dux_ctrlorder	105	71913	-0.0072027008636423	-0.6596760627417854
P1_A485+Dux_ctrlorder	106	116838	-0.0072015493861706	-0.6668776121279559
P1_A485+Dux_ctrlorder	107	67893	-0.002036228721978	-0.6689138408499339
P1_A485+Dux_ctrlorder	108	75568	-0.003619973286755	-0.6725338141366889
P1_A485+Dux_ctrlorder	109	109294	-0.0064382161255944	-0.6789720302622833
P1_A485+Dux_ctrlorder	110	242202	0.0062983922875391	-0.6726736379747441
P1_A485+Dux_ctrlorder	111	50794	-0.0006024213858999	-0.673276059360644
P1_A485+Dux_ctrlorder	112	74182	-0.0040295373926822	-0.6773055967533262
P1_A485+Dux_ctrlorder	113	14534	-0.0014413778785313	-0.6787469746318575
P1_A485+Dux_ctrlorder	114	170737	-0.0035950151583269	-0.6823419897901845
P1_A485+Dux_ctrlorder	115	59126	0.0007351906824971	-0.6816067991076874
P1_A485+Dux_ctrlorder	116	76884	-0.0040982858272979	-0.6857050849349853
P1_A485+Dux_ctrlorder	117	21334	-0.0030125629869482	-0.6887176479219335
P1_A485+Dux_ctrlorder	118	70350	-0.001623417473441	-0.6903410653953744
P1_A485+Dux_ctrlorder	119	19713	-0.001552338816966	-0.6918934042123405
P1_A485+Dux_ctrlorder	120	16525	-0.0037730012815079	-0.6956664054938484
P1_A485+Dux_ctrlorder	121	227394	-0.0037826625545192	-0.6994490680483676
P1_A485+Dux_ctrlorder	122	268465	-0.0048494928481958	-0.7042985608965634
P1_A485+Dux_ctrlorder	123	18187	-0.00112296024721	-0.7054215211437734
P1_A485+Dux_ctrlorder	124	227094	-0.0060451530624678	-0.7114666742062412
P1_A485+Dux_ctrlorder	125	15368	-0.0013034208933754	-0.7127700950996166
P1_A485+Dux_ctrlorder	126	109660	-0.0011470080816304	-0.713917103181247
P1_A485+Dux_ctrlorder	127	67755	-0.0026488504443989	-0.7165659536256459
P1_A485+Dux_ctrlorder	128	12902	-0.0028070292401044	-0.7193729828657504
P1_A485+Dux_ctrlorder	129	55927	-0.003337631086352	-0.7227106139521023
P1_A485+Dux_ctrlorder	130	546611	-0.0004453155253488	-0.7231559294774511
P1_A485+Dux_ctrlorder	131	93888	-0.0055735174651037	-0.7287294469425548
P1_A485+Dux_ctrlorder	132	20750	-0.0017867691195623	-0.7305162160621171
P1_A485+Dux_ctrlorder	133	26939	-0.0031003572434004	-0.7336165733055175
P1_A485+Dux_ctrlorder	134	73884	0.0006576079611896	-0.7329589653443279
P1_A485+Dux_ctrlorder	135	21935	-0.0021818959722641	-0.7351408613165921
P1_A485+Dux_ctrlorder	136	17873	-0.0040453259502263	-0.7391861872668184
P1_A485+Dux_ctrlorder	137	22151	-0.0009634072983858	-0.7401495945652042
P1_A485+Dux_ctrlorder	138	21802	-0.000946082841085	-0.7410956774062892
P1_A485+Dux_ctrlorder	139	236900	-0.0007252769587279	-0.7418209543650172
P1_A485+Dux_ctrlorder	140	74895	-0.0034675173948888	-0.745288471759906
P1_A485+Dux_ctrlorder	141	77065	-0.0017369644001841	-0.7470254361600901
P1_A485+Dux_ctrlorder	142	67138	-0.0013403745772604	-0.7483658107373505
P1_A485+Dux_ctrlorder	143	108897	-0.0019248398904973	-0.7502906506278478
P1_A485+Dux_ctrlorder	144	110417	-0.0009550449961326	-0.7512456956239805
P1_A485+Dux_ctrlorder	145	71648	-0.0030833425015296	-0.7543290381255101
P1_A485+Dux_ctrlorder	146	15442	-0.0026033357082648	-0.7569323738337749
P1_A485+Dux_ctrlorder	147	76267	-0.0075804125146445	-0.7645127863484193
P1_A485+Dux_ctrlorder	148	243277	-0.0030713741183265	-0.7675841604667458
P1_A485+Dux_ctrlorder	149	225845	-0.0116049872308997	-0.7791891476976456
P1_A485+Dux_ctrlorder	150	15507	-0.0126144179561021	-0.7918035656537477
P1_A485+Dux_ctrlorder	151	58223	-0.0034679892824867	-0.7952715549362344
P1_A485+Dux_ctrlorder	152	22422	-0.0058950057291836	-0.8011665606654179
P1_A485+Dux_ctrlorder	153	76527	-0.002554267258722	-0.8037208279241399
P1_A485+Dux_ctrlorder	154	245555	-0.002524483239789	-0.806245311163929
P1_A485+Dux_ctrlorder	155	14420	-0.0030165604352159	-0.8092618715991449
P1_A485+Dux_ctrlorder	156	74039	-0.0022837411209865	-0.8115456127201314
P1_A485+Dux_ctrlorder	157	27056	-0.0013774182410089	-0.8129230309611403
P1_A485+Dux_ctrlorder	158	213435	-0.0025003799678787	-0.8154234109290189
P1_A485+Dux_ctrlorder	159	29817	-0.0035267436305243	-0.8189501545595432
P1_A485+Dux_ctrlorder	160	16011	-0.0010754457565565	-0.8200256003160997
P1_A485+Dux_ctrlorder	161	93835	-0.0056215458458514	-0.8256471461619511
P1_A485+Dux_ctrlorder	162	19220	-0.0022614331850526	-0.8279085793470037
P1_A485+Dux_ctrlorder	163	78797	-0.0021822563543813	-0.830090835701385
P1_A485+Dux_ctrlorder	164	52463	-0.0033397770797997	-0.8334306127811847
P1_A485+Dux_ctrlorder	165	170799	-0.0007499805371891	-0.8341805933183738
P1_A485+Dux_ctrlorder	166	12162	-0.001255960776632	-0.8354365540950058
P1_A485+Dux_ctrlorder	167	18595	-0.0051243383420688	-0.8405608924370747
P1_A485+Dux_ctrlorder	168	103711	-0.0032748354976521	-0.8438357279347267
P1_A485+Dux_ctrlorder	169	69487	-0.0045903621580072	-0.848426090092734
P1_A485+Dux_ctrlorder	170	55985	-0.0020149617460716	-0.8504410518388056
P1_A485+Dux_ctrlorder	171	20893	-0.0011526570320943	-0.8515937088708999
P1_A485+Dux_ctrlorder	172	12142	-0.0024158280011899	-0.8540095368720898
P1_A485+Dux_ctrlorder	173	234740	-7.237430061990214e-05	-0.8540819111727097
P1_A485+Dux_ctrlorder	174	16776	-0.0009646306830946	-0.8550465418558043
P1_A485+Dux_ctrlorder	175	218772	-0.0008660955686158	-0.8559126374244201
P1_A485+Dux_ctrlorder	176	93761	-0.0011668083181638	-0.857079445742584
P1_A485+Dux_ctrlorder	177	20856	-0.0011365338490342	-0.8582159795916182
P1_A485+Dux_ctrlorder	178	12227	-0.0004650404626321	-0.8586810200542503
P1_A485+Dux_ctrlorder	179	64293	-0.0016261588514275	-0.8603071789056778
P1_A485+Dux_ctrlorder	180	11717	-0.0028978789515356	-0.8632050578572134
P1_A485+Dux_ctrlorder	181	21987	-0.0017072308088897	-0.864912288666103
P1_A485+Dux_ctrlorder	182	104943	-0.002949830355033	-0.8678621190211361
P1_A485+Dux_ctrlorder	183	24001	-0.0030115870806228	-0.8708737061017588
P1_A485+Dux_ctrlorder	184	67795	-0.0026032056742434	-0.8734769117760023
P1_A485+Dux_ctrlorder	185	18933	-0.003113139750271	-0.8765900515262733
P1_A485+Dux_ctrlorder	186	224938	-0.0023416111310335	-0.8789316626573068
P1_A485+Dux_ctrlorder	187	76866	-0.0023754210845784	-0.8813070837418853
P1_A485+Dux_ctrlorder	188	20528	-0.0022458286681752	-0.8835529124100605
P1_A485+Dux_ctrlorder	189	223864	-0.0016968842068315	-0.885249796616892
P1_A485+Dux_ctrlorder	190	52009	-0.001737819918885	-0.886987616535777
P1_A485+Dux_ctrlorder	191	226591	-0.0021681601154088	-0.8891557766511857
P1_A485+Dux_ctrlorder	192	53321	-0.0015109748788483	-0.890666751530034
P1_A485+Dux_ctrlorder	193	20613	-0.0037032574203954	-0.8943700089504294
P1_A485+Dux_ctrlorder	194	66673	-0.0033289347504922	-0.8976989437009216
P1_A485+Dux_ctrlorder	195	223435	-0.001802507033195	-0.8995014507341166
P1_A485+Dux_ctrlorder	196	12972	-0.0041252863108393	-0.9036267370449559
P1_A485+Dux_ctrlorder	197	207565	-0.0019810293827998	-0.9056077664277556
P1_A485+Dux_ctrlorder	198	26411	-0.0035965015498959	-0.9092042679776515
P1_A485+Dux_ctrlorder	199	18791	-0.0022284027708779	-0.9114326707485294
P1_A485+Dux_ctrlorder	200	207495	-0.0027540948409202	-0.9141867655894496
P1_A485+Dux_ctrlorder	201	53418	-0.0020336277386768	-0.9162203933281263
P1_A485+Dux_ctrlorder	202	434130	0.0035355754222837	-0.9126848179058427
P1_A485+Dux_ctrlorder	203	20515	-0.0010539576663284	-0.9137387755721711
P1_A485+Dux_ctrlorder	204	105675	-0.0006643033632069	-0.914403078935378
P1_A485+Dux_ctrlorder	205	11513	-0.0014736271442284	-0.9158767060796064
P1_A485+Dux_ctrlorder	206	30954	-0.0004776788107997	-0.9163543848904061
P1_A485+Dux_ctrlorder	207	12183	-0.0013164729840427	-0.9176708578744488
P1_A485+Dux_ctrlorder	208	194655	-0.0029487616786549	-0.9206196195531037
P1_A485+Dux_ctrlorder	209	58226	-0.0012376041368848	-0.9218572236899885
P1_A485+Dux_ctrlorder	210	14595	-0.0033552113800655	-0.9252124350700539
P1_A485+Dux_ctrlorder	211	116939	-0.0026950469991283	-0.9279074820691822
P1_A485+Dux_ctrlorder	212	17897	-0.0025746550773405	-0.9304821371465226
P1_A485+Dux_ctrlorder	213	65964	-0.0020077331326616	-0.9324898702791842
P1_A485+Dux_ctrlorder	214	58994	-0.0015680483776114	-0.9340579186567955
P1_A485+Dux_ctrlorder	215	16373	0.0007382761087289	-0.9333196425480667
P1_A485+Dux_ctrlorder	216	245049	-0.0025853773581589	-0.9359050199062255
P1_A485+Dux_ctrlorder	217	14229	-0.0011333825011807	-0.9370384024074062
P1_A485+Dux_ctrlorder	218	239743	-0.0037437997666364	-0.9407822021740426
P1_A485+Dux_ctrlorder	219	22393	-0.0011238980967392	-0.9419061002707818
P1_A485+Dux_ctrlorder	220	20475	-0.0020421593275104	-0.9439482595982922
P1_A485+Dux_ctrlorder	221	20216	-4.736423800905209e-05	-0.9439956238363013
P1_A485+Dux_ctrlorder	222	66395	-0.0012534999815726	-0.945249123817874
P1_A485+Dux_ctrlorder	223	109254	-0.0021563327129732	-0.9474054565308472
P1_A485+Dux_ctrlorder	224	218763	-0.0004087587761591	-0.9478142153070063
P1_A485+Dux_ctrlorder	225	21823	-0.0008706326527013	-0.9486848479597075
P1_A485+Dux_ctrlorder	226	338370	-0.0020344864600452	-0.9507193344197528
P1_A485+Dux_ctrlorder	227	12971	-0.0016910649302302	-0.952410399349983
P1_A485+Dux_ctrlorder	228	22042	-0.0022827949369049	-0.9546931942868878
P1_A485+Dux_ctrlorder	229	58198	-0.0045600959709839	-0.9592532902578718
P1_A485+Dux_ctrlorder	230	71839	-0.0024732083066985	-0.9617264985645703
P1_A485+Dux_ctrlorder	231	245684	-0.0057907990843554	-0.9675172976489257
P1_A485+Dux_ctrlorder	232	192216	-0.0027964865208675	-0.9703137841697932
P1_A485+Dux_ctrlorder	233	13643	0.0006518877872649	-0.9696618963825283
P1_A485+Dux_ctrlorder	234	381157	-0.0024025722121337	-0.972064468594662
P1_A485+Dux_ctrlorder	235	18164	-0.0032330562369692	-0.9752975248316312
P1_A485+Dux_ctrlorder	236	241525	-0.0026861418064977	-0.977983666638129
P1_A485+Dux_ctrlorder	237	231130	-0.0034269379369017	-0.9814106045750307
P1_A485+Dux_ctrlorder	238	207521	-0.0021658443744478	-0.9835764489494785
P1_A485+Dux_ctrlorder	239	272465	-0.0017210333177352	-0.9852974822672137
P1_A485+Dux_ctrlorder	240	68631	-0.0021162550376613	-0.987413737304875
P1_A485+Dux_ctrlorder	241	56737	-0.0005857790028028	-0.9879995163076778
P1_A485+Dux_ctrlorder	242	387314	-0.0008919678858884	-0.9888914841935662
P1_A485+Dux_ctrlorder	243	231238	-0.0002916033192267	-0.9891830875127929
P1_A485+Dux_ctrlorder	244	70466	-0.0014108761962055	-0.9905939637089984
P1_A485+Dux_ctrlorder	245	14917	-0.0018109670523359	-0.9924049307613343
P1_A485+Dux_ctrlorder	246	13685	-0.0054495354985568	-0.997854466259891
P1_A485+Dux_ctrlorder	247	13809	-0.0027625952129171	-1.000617061472808
P1_A485+Dux_ctrlorder	248	228775	-0.0027884741498022	-1.0034055356226101
P1_A485+Dux_ctrlorder	249	59030	-0.0011716719659708	-1.004577207588581
P1_A485+Dux_ctrlorder	250	20393	0.000860211497961	-1.00371699609062
P1_A485+Dux_ctrlorder	251	353282	-0.0030891369448297	-1.0068061330354496
P1_A485+Dux_ctrlorder	252	210356	-0.0012906462681608	-1.0080967793036104
P1_A485+Dux_ctrlorder	253	319582	-0.0013343007373541	-1.0094310800409645
P1_A485+Dux_ctrlorder	254	73683	-0.0012543183526482	-1.0106853983936126
P1_A485+Dux_ctrlorder	255	13082	0.000112133153146	-1.0105732652404666
P1_A485+Dux_ctrlorder	256	98256	3.0484984526452573e-05	-1.0105427802559401
P1_A485+Dux_ctrlorder	257	20354	-0.0016635741529873	-1.0122063544089275
P1_A485+Dux_ctrlorder	258	100978	-0.0017911917278074	-1.013997546136735
P1_A485+Dux_ctrlorder	259	78908	-0.0008879802826103	-1.0148855264193453
P1_A485+Dux_ctrlorder	260	232223	-0.0003849211088345	-1.0152704475281797
P1_A485+Dux_ctrlorder	261	231503	-0.0015923606607782	-1.016862808188958
P1_A485+Dux_ctrlorder	262	110075	-0.0027434166871796	-1.0196062248761375
P1_A485+Dux_ctrlorder	263	58206	-0.0017977009581154	-1.0214039258342529
P1_A485+Dux_ctrlorder	264	23876	-0.0009637863200479	-1.022367712154301
P1_A485+Dux_ctrlorder	265	22228	-0.0026399950127962	-1.025007707167097
P1_A485+Dux_ctrlorder	266	12373	-0.0014316090642697	-1.0264393162313667
P1_A485+Dux_ctrlorder	267	70717	-0.0039563332027858	-1.0303956494341526
P1_A485+Dux_ctrlorder	268	233744	-0.001531716341593	-1.0319273657757457
P1_A485+Dux_ctrlorder	269	104156	-0.0015357872718517	-1.0334631530475975
P1_A485+Dux_ctrlorder	270	28113	-0.0014387635141497	-1.0349019165617472
P1_A485+Dux_ctrlorder	271	83771	-0.0017317975995313	-1.0366337141612785
P1_A485+Dux_ctrlorder	272	72568	-0.0004652157352713	-1.0370989298965498
P1_A485+Dux_ctrlorder	273	320696	-0.0001309236486114	-1.0372298535451612
P1_A485+Dux_ctrlorder	274	19273	-0.0007829746567545	-1.0380128282019156
P1_A485+Dux_ctrlorder	275	432530	-0.0013632643466843	-1.0393760925486
P1_A485+Dux_ctrlorder	276	239188	-0.001206446264586	-1.040582538813186
P1_A485+Dux_ctrlorder	277	19204	-0.0003847271273549	-1.040967265940541
P1_A485+Dux_ctrlorder	278	22378	-0.0008476297288957	-1.0418148956694366
P1_A485+Dux_ctrlorder	279	77056	-0.0018597029955441	-1.0436745986649807
P1_A485+Dux_ctrlorder	280	72404	-0.0018460623036413	-1.045520660968622
P1_A485+Dux_ctrlorder	281	66421	-0.0005703635813879	-1.04609102455001
P1_A485+Dux_ctrlorder	282	14758	-0.0002596245155629	-1.0463506490655727
P1_A485+Dux_ctrlorder	283	216560	-0.0012329501838658	-1.0475835992494384
P1_A485+Dux_ctrlorder	284	16891	-0.0005659037235635	-1.048149502973002
P1_A485+Dux_ctrlorder	285	240752	-0.001211898688986	-1.0493614016619879
P1_A485+Dux_ctrlorder	286	77034	-0.001401074391379	-1.050762476053367
P1_A485+Dux_ctrlorder	287	68845	-0.0013392619676876	-1.0521017380210544
P1_A485+Dux_ctrlorder	288	71091	-0.0003418984798467	-1.0524436365009011
P1_A485+Dux_ctrlorder	289	140577	-0.0003119604784545	-1.0527555969793556
P1_A485+Dux_ctrlorder	290	13370	0.0006892569886849	-1.0520663399906707
P1_A485+Dux_ctrlorder	291	67758	-0.0011955139144475	-1.0532618539051182
P1_A485+Dux_ctrlorder	292	56496	0.0002100424042115	-1.0530518115009067
P1_A485+Dux_ctrlorder	293	69219	-0.0009842805165086	-1.0540360920174152
P1_A485+Dux_ctrlorder	294	68039	-0.0033506246623677	-1.057386716679783
P1_A485+Dux_ctrlorder	295	16971	-0.002199608933226	-1.059586325613009
P1_A485+Dux_ctrlorder	296	240055	-0.0027859519867824	-1.0623722775997912
P1_A485+Dux_ctrlorder	297	12448	-0.0002886232341522	-1.0626609008339434
P1_A485+Dux_ctrlorder	298	232035	-7.897011099063976e-05	-1.062739870944934
P1_A485+Dux_ctrlorder	299	102502	-0.0010671481188206	-1.0638070190637547
P1_A485+Dux_ctrlorder	300	74387	-0.0033293534240215	-1.0671363724877763
P1_A485+Dux_ctrlorder	301	27762	-0.0016011331103143	-1.0687375055980906
P1_A485+Dux_ctrlorder	302	19183	-0.0012812754003582	-1.0700187809984487
P1_A485+Dux_ctrlorder	303	76223	-0.0008261267515729	-1.0708449077500217
P1_A485+Dux_ctrlorder	304	226791	-0.0010364448218295	-1.0718813525718511
P1_A485+Dux_ctrlorder	305	665113	-0.0011031457109796	-1.0729844982828307
P1_A485+Dux_ctrlorder	306	14120	-0.0025762614026054	-1.0755607596854362
P1_A485+Dux_ctrlorder	307	235472	0.0020589957508192	-1.073501763934617
P1_A485+Dux_ctrlorder	308	320343	-0.0009850273463117	-1.0744867912809286
P1_A485+Dux_ctrlorder	309	211712	-0.0008239545281348	-1.0753107458090634
P1_A485+Dux_ctrlorder	310	320560	0.0011625700875234	-1.07414817572154
P1_A485+Dux_ctrlorder	311	14545	0.000148712690859	-1.073999463030681
P1_A485+Dux_ctrlorder	312	14766	-0.0031248790775231	-1.0771243421082042
P1_A485+Dux_ctrlorder	313	77889	0.001727018451821	-1.0753973236563832
P1_A485+Dux_ctrlorder	314	56526	-0.0018356698109951	-1.0772329934673783
P1_A485+Dux_ctrlorder	315	382045	-0.0022048522131421	-1.0794378456805205
P1_A485+Dux_ctrlorder	316	17883	0.0014555215745239	-1.0779823241059965
P1_A485+Dux_ctrlorder	317	67178	-0.0013041862250719	-1.0792865103310685
P1_A485+Dux_ctrlorder	318	245638	-0.0003206885976696	-1.0796071989287381
P1_A485+Dux_ctrlorder	319	16870	-0.0005108775757854	-1.0801180765045235
P1_A485+Dux_ctrlorder	320	69684	0.0031233896219125	-1.076994686882611
P1_A485+Dux_ctrlorder	321	170706	-0.0026471831876983	-1.0796418700703094
P1_A485+Dux_ctrlorder	322	242297	-0.0004954816412525	-1.080137351711562
P1_A485+Dux_ctrlorder	323	13869	-0.0003994895152146	-1.0805368412267766
P1_A485+Dux_ctrlorder	324	320139	0.0006928416010389	-1.0798439996257376
P1_A485+Dux_ctrlorder	325	240023	-0.0012480161437093	-1.081092015769447
P1_A485+Dux_ctrlorder	326	243755	-0.0005632179997013	-1.0816552337691483
P1_A485+Dux_ctrlorder	327	16772	-0.0013867591490222	-1.0830419929181705
P1_A485+Dux_ctrlorder	328	238257	-0.0005735208892672	-1.0836155138074377
P1_A485+Dux_ctrlorder	329	72902	-0.0008453860374987	-1.0844608998449363
P1_A485+Dux_ctrlorder	330	19225	-0.0001906205287265	-1.0846515203736629
P1_A485+Dux_ctrlorder	331	12482	-0.0007609007460678	-1.0854124211197307
P1_A485+Dux_ctrlorder	332	78177	-0.0004337873162459	-1.0858462084359766
P1_A485+Dux_ctrlorder	333	75597	-0.0008543556548865	-1.0867005640908631
P1_A485+Dux_ctrlorder	334	67512	0.0004346350693025	-1.0862659290215606
P1_A485+Dux_ctrlorder	335	75869	-0.0005027673403578	-1.0867686963619183
P1_A485+Dux_ctrlorder	336	19057	-0.0009374040118607	-1.087706100373779
P1_A485+Dux_ctrlorder	337	244895	-0.0002964273653841	-1.088002527739163
P1_A485+Dux_ctrlorder	338	107448	-0.0027338073487454	-1.0907363350879085
P1_A485+Dux_ctrlorder	339	27660	-0.0005158214163098	-1.0912521565042184
P1_A485+Dux_ctrlorder	340	223774	2.7771493365056676e-05	-1.0912243850108534
P1_A485+Dux_ctrlorder	341	71228	-0.0019710382154529	-1.0931954232263064
P1_A485+Dux_ctrlorder	342	19260	-0.0008906421982278	-1.0940860654245341
P1_A485+Dux_ctrlorder	343	214663	-4.6632022689440215e-05	-1.0941326974472236
P1_A485+Dux_ctrlorder	344	110033	-0.0009904279121811	-1.0951231253594047
P1_A485+Dux_ctrlorder	345	68067	-0.0011265821787572	-1.0962497075381619
P1_A485+Dux_ctrlorder	346	15490	-0.0008544074855733	-1.097104115023735
P1_A485+Dux_ctrlorder	347	75593	4.969927553057974e-05	-1.0970544157482045
P1_A485+Dux_ctrlorder	348	54131	-0.0003809877279792	-1.0974354034761837
P1_A485+Dux_ctrlorder	349	101497	-0.0009857396480931	-1.0984211431242767
P1_A485+Dux_ctrlorder	350	381511	-0.000648809708846	-1.0990699528331227
P1_A485+Dux_ctrlorder	351	52585	-0.0009146364962294	-1.099984589329352
P1_A485+Dux_ctrlorder	352	63954	-0.0024569438733866	-1.1024415332027386
P1_A485+Dux_ctrlorder	353	320664	-0.0004034639967805	-1.1028449971995191
P1_A485+Dux_ctrlorder	354	15932	-0.0005024810833842	-1.1033474782829034
P1_A485+Dux_ctrlorder	355	108153	0.0018500440231783	-1.101497434259725
P1_A485+Dux_ctrlorder	356	22031	0.0053014537455949	-1.0961959805141301
P1_A485+Dux_ctrlorder	357	244954	0.0019036630006204	-1.0942923175135097
P1_A485+Dux_ctrlorder	358	56358	-0.0006723646023248	-1.0949646821158345
P1_A485+Dux_ctrlorder	359	70546	0.0004588789940569	-1.0945058031217776
P1_A485+Dux_ctrlorder	360	12307	-0.0008931770135469	-1.0953989801353246
P1_A485+Dux_ctrlorder	361	14681	-0.0053615852413454	-1.1007605653766699
P1_A485+Dux_ctrlorder	362	22029	-0.0001750012445882	-1.1009355666212581
P1_A485+Dux_ctrlorder	363	240185	0.0009082674054848	-1.1000272992157734
P1_A485+Dux_ctrlorder	364	245269	0.0006044920712315	-1.0994228071445418
P1_A485+Dux_ctrlorder	365	106042	0.0001379575418599	-1.099284849602682
P1_A485+Dux_ctrlorder	366	13867	-0.0019338488348037	-1.1012186984374857
P1_A485+Dux_ctrlorder	367	13175	6.649648628783832e-05	-1.101152201951198
P1_A485+Dux_ctrlorder	368	20616	-0.0003965711106975	-1.1015487730618954
P1_A485+Dux_ctrlorder	369	83946	-0.0009500188420441	-1.1024987919039395
P1_A485+Dux_ctrlorder	370	11745	0.0008636974612683	-1.1016350944426712
P1_A485+Dux_ctrlorder	371	14012	-0.0014247104084956	-1.1030598048511668
P1_A485+Dux_ctrlorder	372	244058	-0.0008631756715977	-1.1039229805227646
P1_A485+Dux_ctrlorder	373	218271	-0.0002466809869547	-1.1041696615097194
P1_A485+Dux_ctrlorder	374	23821	0.0007227101630867	-1.1034469513466327
P1_A485+Dux_ctrlorder	375	53324	-0.0005848964797949	-1.1040318478264277
P1_A485+Dux_ctrlorder	376	171531	-0.0005295857058389	-1.1045614335322667
P1_A485+Dux_ctrlorder	377	229658	0.0003024041896426	-1.104259029342624
P1_A485+Dux_ctrlorder	378	622434	-0.0014542947405047	-1.1057133240831287
P1_A485+Dux_ctrlorder	379	76566	-0.0004160607648206	-1.1061293848479494
P1_A485+Dux_ctrlorder	380	232821	0.0002651956233219	-1.1058641892246275
P1_A485+Dux_ctrlorder	381	13823	-0.0006125484325539	-1.1064767376571814
P1_A485+Dux_ctrlorder	382	103967	-0.0009059472508754	-1.1073826849080568
P1_A485+Dux_ctrlorder	383	110385	-0.0006603845603914	-1.1080430694684482
P1_A485+Dux_ctrlorder	384	54650	-0.0005606269652857	-1.108603696433734
P1_A485+Dux_ctrlorder	385	16438	-0.0006239510598982	-1.1092276474936322
P1_A485+Dux_ctrlorder	386	110197	-0.0004729404766501	-1.1097005879702824
P1_A485+Dux_ctrlorder	387	213760	-0.0006860079549833	-1.1103865959252657
P1_A485+Dux_ctrlorder	388	208213	0.0001861053930002	-1.1102004905322655
P1_A485+Dux_ctrlorder	389	14027	0.0003434478731308	-1.1098570426591348
P1_A485+Dux_ctrlorder	390	14281	-0.0003854195257649	-1.1102424621848996
P1_A485+Dux_ctrlorder	391	214580	-4.5900995705107474e-05	-1.1102883631806046
P1_A485+Dux_ctrlorder	392	240913	-0.0012237917969295	-1.1115121549775342
P1_A485+Dux_ctrlorder	393	68440	-0.0013228784546953	-1.1128350334322294
P1_A485+Dux_ctrlorder	394	78100	-0.0006580383915071	-1.1134930718237366
P1_A485+Dux_ctrlorder	395	66902	-0.0006988100630566	-1.114191881886793
P1_A485+Dux_ctrlorder	396	66591	-0.0027929567026126	-1.1169848385894057
P1_A485+Dux_ctrlorder	397	271786	-0.0009028196593366	-1.1178876582487423
P1_A485+Dux_ctrlorder	398	23985	-0.0022923841182085	-1.1201800423669508
P1_A485+Dux_ctrlorder	399	26874	-0.0027094073383849	-1.1228894497053357
P1_A485+Dux_ctrlorder	400	22640	-0.0006743580027342	-1.1235638077080699
P1_A485+Dux_ctrlorder	401	13195	-0.0010584373322971	-1.124622245040367
P1_A485+Dux_ctrlorder	402	214106	-0.0003570848610088	-1.1249793299013757
P1_A485+Dux_ctrlorder	403	19099	-0.0002200920203784	-1.125199421921754
P1_A485+Dux_ctrlorder	404	227059	-0.0004713073489649	-1.1256707292707189
P1_A485+Dux_ctrlorder	405	69217	0.0001256988904599	-1.125545030380259
P1_A485+Dux_ctrlorder	406	102545	-0.000591506270055	-1.126136536650314
P1_A485+Dux_ctrlorder	407	77505	0.0009543804020924	-1.1251821562482216
P1_A485+Dux_ctrlorder	408	216527	-0.0002920429175319	-1.1254741991657535
P1_A485+Dux_ctrlorder	409	14251	0.0002440575410961	-1.1252301416246575
P1_A485+Dux_ctrlorder	410	11601	-0.003246038530883	-1.1284761801555405
P1_A485+Dux_ctrlorder	411	110310	-0.0010556324858365	-1.129531812641377
P1_A485+Dux_ctrlorder	412	235041	-0.000989803774269	-1.130521616415646
P1_A485+Dux_ctrlorder	413	13170	-0.0018243997176368	-1.1323460161332828
P1_A485+Dux_ctrlorder	414	18712	-0.000683427266558	-1.1330294433998407
P1_A485+Dux_ctrlorder	415	231724	-0.0008424229659221	-1.1338718663657628
P1_A485+Dux_ctrlorder	416	240058	-0.0004929119142267	-1.1343647782799895
P1_A485+Dux_ctrlorder	417	76547	-5.743853683520739e-05	-1.1344222168168248
P1_A485+Dux_ctrlorder	418	99512	-0.0004629074341776	-1.1348851242510023
P1_A485+Dux_ctrlorder	419	329502	-0.0034412893011107	-1.138326413552113
P1_A485+Dux_ctrlorder	420	241494	-0.000547309013283	-1.138873722565396
P1_A485+Dux_ctrlorder	421	12795	-0.0009188842630961	-1.139792606828492
P1_A485+Dux_ctrlorder	422	665563	-0.0008027815949383	-1.1405953884234303
P1_A485+Dux_ctrlorder	423	67295	0.0007396872776526	-1.1398557011457777
P1_A485+Dux_ctrlorder	424	22376	-0.0004056019336046	-1.1402613030793822
P1_A485+Dux_ctrlorder	425	216292	-0.0007261874663785	-1.1409874905457607
P1_A485+Dux_ctrlorder	426	107513	-0.0008199457451133	-1.141807436290874
P1_A485+Dux_ctrlorder	427	245945	0.0003817596993994	-1.1414256765914745
P1_A485+Dux_ctrlorder	428	56316	0.0037407496980734	-1.137684926893401
P1_A485+Dux_ctrlorder	429	12477	-0.0003586152053763	-1.1380435420987773
P1_A485+Dux_ctrlorder	430	19734	-0.0004851929078455	-1.1385287350066229
P1_A485+Dux_ctrlorder	431	320865	-0.0035337110076042	-1.142062446014227
P1_A485+Dux_ctrlorder	432	74694	-0.001090213966913	-1.14315265998114
P1_A485+Dux_ctrlorder	433	240261	-0.0017186494970612	-1.144871309478201
P1_A485+Dux_ctrlorder	434	229595	-0.0001292376560965	-1.1450005471342974
P1_A485+Dux_ctrlorder	435	21652	-0.0004296793149665	-1.145430226449264
P1_A485+Dux_ctrlorder	436	74386	-0.0005247957941068	-1.1459550222433708
P1_A485+Dux_ctrlorder	437	16007	-0.0029704782930031	-1.1489255005363739
P1_A485+Dux_ctrlorder	438	22359	-0.000708707380077	-1.1496342079164508
P1_A485+Dux_ctrlorder	439	18413	-0.0002425665629167	-1.1498767744793674
P1_A485+Dux_ctrlorder	440	321007	-0.0009748757902619	-1.1508516502696293
P1_A485+Dux_ctrlorder	441	13400	-0.0005420433327101	-1.1513936936023395
P1_A485+Dux_ctrlorder	442	15213	0.0001767220926431	-1.1512169715096963
P1_A485+Dux_ctrlorder	443	52906	-0.0020122391049751	-1.1532292106146713
P1_A485+Dux_ctrlorder	444	235402	-0.0008203307627685	-1.1540495413774399
P1_A485+Dux_ctrlorder	445	17060	0.001300478633542	-1.1527490627438979
P1_A485+Dux_ctrlorder	446	21940	0.0008786795555591	-1.1518703831883388
P1_A485+Dux_ctrlorder	447	230721	-0.0003847620347006	-1.1522551452230394
P1_A485+Dux_ctrlorder	448	225825	-0.0006289726635204	-1.1528841178865599
P1_A485+Dux_ctrlorder	449	66824	-0.0003979591815395	-1.1532820770680994
P1_A485+Dux_ctrlorder	450	73852	-0.0015186199859009	-1.1548006970540003
P1_A485+Dux_ctrlorder	451	13363	-0.0006799322496843	-1.1554806293036846
P1_A485+Dux_ctrlorder	452	233878	-0.0003015372704232	-1.1557821665741077
P1_A485+Dux_ctrlorder	453	22171	-0.0004571714514328	-1.1562393380255405
P1_A485+Dux_ctrlorder	454	18779	-0.0009354493483462	-1.1571747873738867
P1_A485+Dux_ctrlorder	455	245020	-0.0003326524578739	-1.1575074398317606
P1_A485+Dux_ctrlorder	456	11364	0.0001876062189068	-1.1573198336128538
P1_A485+Dux_ctrlorder	457	16658	-0.0003636601788171	-1.157683493791671
P1_A485+Dux_ctrlorder	458	219114	-0.0003868948702074	-1.1580703886618784
P1_A485+Dux_ctrlorder	459	74134	-0.0003828672587516	-1.15845325592063
P1_A485+Dux_ctrlorder	460	67163	-0.000248112307966	-1.158701368228596
P1_A485+Dux_ctrlorder	461	23850	0.0010820235119953	-1.1576193447166008
P1_A485+Dux_ctrlorder	462	381644	-0.0004491356867096	-1.1580684804033103
P1_A485+Dux_ctrlorder	463	29857	-0.0027418886969251	-1.1608103691002354
P1_A485+Dux_ctrlorder	464	12298	-0.0010450000645242	-1.1618553691647595
P1_A485+Dux_ctrlorder	465	268902	-0.0003924286961458	-1.1622477978609054
P1_A485+Dux_ctrlorder	466	544963	-0.0004176139807353	-1.1626654118416406
P1_A485+Dux_ctrlorder	467	13841	-0.0009756406013799	-1.1636410524430205
P1_A485+Dux_ctrlorder	468	76217	-0.0001715279187057	-1.1638125803617263
P1_A485+Dux_ctrlorder	469	22401	-0.0010758352332858	-1.164888415595012
P1_A485+Dux_ctrlorder	470	78286	-0.0002083394043393	-1.1650967549993514
P1_A485+Dux_ctrlorder	471	76787	6.906449133347719e-05	-1.165027690508018
P1_A485+Dux_ctrlorder	472	18768	-0.0002746031130719	-1.1653022936210897
P1_A485+Dux_ctrlorder	473	12575	0.0106917362742638	-1.154610557346826
P1_A485+Dux_ctrlorder	474	17381	-0.0003302979174192	-1.154940855264245
P1_A485+Dux_ctrlorder	475	56533	-0.0002752807427944	-1.1552161360070394
P1_A485+Dux_ctrlorder	476	108797	-0.0015370517937045	-1.156753187800744
P1_A485+Dux_ctrlorder	477	72472	-0.0001335907018868	-1.1568867785026309
P1_A485+Dux_ctrlorder	478	15186	-0.0002038216475453	-1.1570906001501762
P1_A485+Dux_ctrlorder	479	57344	-0.0010714616277018	-1.158162061777878
P1_A485+Dux_ctrlorder	480	66972	-0.0002643454105263	-1.1584264071884043
P1_A485+Dux_ctrlorder	481	74470	0.0001010995007435	-1.1583253076876607
P1_A485+Dux_ctrlorder	482	22352	0.0044023403359392	-1.1539229673517215
P1_A485+Dux_ctrlorder	483	64945	0.0008379448840095	-1.153085022467712
P1_A485+Dux_ctrlorder	484	338403	-0.0003092674475377	-1.1533942899152498
P1_A485+Dux_ctrlorder	485	77782	-0.0002953595339173	-1.153689649449167
P1_A485+Dux_ctrlorder	486	108899	-0.0004349887075269	-1.154124638156694
P1_A485+Dux_ctrlorder	487	236930	-0.0003060144791011	-1.1544306526357953
P1_A485+Dux_ctrlorder	488	14823	-0.0004724162511654	-1.1549030688869606
P1_A485+Dux_ctrlorder	489	14623	-0.0005030074400128	-1.1554060763269733
P1_A485+Dux_ctrlorder	490	20509	-0.0001936707887897	-1.155599747115763
P1_A485+Dux_ctrlorder	491	64340	0.0007242266336586	-1.1548755204821044
P1_A485+Dux_ctrlorder	492	13139	-0.0015935113455114	-1.1564690318276158
P1_A485+Dux_ctrlorder	493	11496	-0.0010649082380438	-1.1575339400656597
P1_A485+Dux_ctrlorder	494	11600	-0.0003355798661296	-1.1578695199317892
P1_A485+Dux_ctrlorder	495	75906	-0.0004585696632964	-1.1583280895950856
P1_A485+Dux_ctrlorder	496	20430	-0.0003760044567965	-1.158704094051882
P1_A485+Dux_ctrlorder	497	320472	0.0005098340293703	-1.1581942600225117
P1_A485+Dux_ctrlorder	498	67168	-0.0023578775402942	-1.1605521375628058
P1_A485+Dux_ctrlorder	499	71279	-0.0001421300761822	-1.160694267638988
P1_A485+Dux_ctrlorder	500	18584	-0.0002354777037607	-1.1609297453427487
P1_A485+Dux_ctrlorder	501	228852	-0.0006471487465251	-1.161576894089274
P1_A485+Dux_ctrlorder	502	72748	0.0009020818996983	-1.1606748121895756
P1_A485+Dux_ctrlorder	503	18750	-0.0013272907612269	-1.1620021029508025
P1_A485+Dux_ctrlorder	504	11688	-0.001242011003173	-1.1632441139539755
P1_A485+Dux_ctrlorder	505	170459	-6.767691439217222e-05	-1.1633117908683677
P1_A485+Dux_ctrlorder	506	244757	-0.0002465286993946	-1.1635583195677623
P1_A485+Dux_ctrlorder	507	19725	-0.0001488184816211	-1.1637071380493835
P1_A485+Dux_ctrlorder	508	634731	-5.534232742837692e-05	-1.1637624803768118
P1_A485+Dux_ctrlorder	509	241230	-0.0003992655206528	-1.1641617458974647
P1_A485+Dux_ctrlorder	510	216739	0.000336277100617	-1.1638254687968477
P1_A485+Dux_ctrlorder	511	70551	-0.0003069714452913	-1.164132440242139
P1_A485+Dux_ctrlorder	512	19338	0.0001696768912141	-1.1639627633509249
P1_A485+Dux_ctrlorder	513	18984	-0.0001993273589565	-1.1641620907098813
P1_A485+Dux_ctrlorder	514	68667	-0.0005463133361646	-1.1647084040460458
P1_A485+Dux_ctrlorder	515	71240	2.6920725521782958e-05	-1.1646814833205241
P1_A485+Dux_ctrlorder	516	12876	-0.0006647534657245	-1.1653462367862486
P1_A485+Dux_ctrlorder	517	102436	0.0004113783240747	-1.164934858462174
P1_A485+Dux_ctrlorder	518	69574	-0.001745843893677	-1.166680702355851
P1_A485+Dux_ctrlorder	519	21942	-0.0006355178401374	-1.1673162201959884
P1_A485+Dux_ctrlorder	520	269423	-0.0003908404909242	-1.1677070606869127
P1_A485+Dux_ctrlorder	521	19087	-0.0002882269714548	-1.1679952876583675
P1_A485+Dux_ctrlorder	522	54725	-0.0003217074455092	-1.1683169951038768
P1_A485+Dux_ctrlorder	523	226409	-0.0006138066638233	-1.1689308017677
P1_A485+Dux_ctrlorder	524	56177	-0.0002024602711809	-1.169133262038881
P1_A485+Dux_ctrlorder	525	12287	0.0005185755821886	-1.1686146864566924
P1_A485+Dux_ctrlorder	526	218440	-0.0010917516987395	-1.1697064381554318
P1_A485+Dux_ctrlorder	527	11459	-0.0010019312151251	-1.170708369370557
P1_A485+Dux_ctrlorder	528	66526	-0.0003332380849661	-1.171041607455523
P1_A485+Dux_ctrlorder	529	11746	-0.0003456456601036	-1.1713872531156266
P1_A485+Dux_ctrlorder	530	68479	-0.0002292432937872	-1.1716164964094138
P1_A485+Dux_ctrlorder	531	77577	0.0003586611613486	-1.1712578352480651
P1_A485+Dux_ctrlorder	532	18974	-0.0003311544851606	-1.1715889897332257
P1_A485+Dux_ctrlorder	533	14081	-0.0001032123759378	-1.1716922021091634
P1_A485+Dux_ctrlorder	534	330409	-0.0001885144013803	-1.1718807165105436
P1_A485+Dux_ctrlorder	535	16535	-0.0007593701792643	-1.172640086689808
P1_A485+Dux_ctrlorder	536	11927	-0.000403886140068	-1.1730439728298758
P1_A485+Dux_ctrlorder	537	67198	0.0003492358956133	-1.1726947369342626
P1_A485+Dux_ctrlorder	538	105439	0.0003565700090233	-1.1723381669252393
P1_A485+Dux_ctrlorder	539	20656	-0.0003646840120419	-1.1727028509372812
P1_A485+Dux_ctrlorder	540	12842	4.6275550193798304e-05	-1.1726565753870875
P1_A485+Dux_ctrlorder	541	50934	-0.0007210130936095	-1.173377588480697
P1_A485+Dux_ctrlorder	542	17345	-0.0001415784209435	-1.1735191669016405
P1_A485+Dux_ctrlorder	543	72585	0.0001254733806369	-1.1733936935210036
P1_A485+Dux_ctrlorder	544	66446	0.0005230684687383	-1.1728706250522654
P1_A485+Dux_ctrlorder	545	210044	-0.0010948227740014	-1.1739654478262667
P1_A485+Dux_ctrlorder	546	209032	-0.0002144017103355	-1.1741798495366023
P1_A485+Dux_ctrlorder	547	14313	-0.0004030786119743	-1.1745829281485765
P1_A485+Dux_ctrlorder	548	319520	0.0001573869939438	-1.1744255411546327
P1_A485+Dux_ctrlorder	549	319266	-0.0009724510492248	-1.1753979922038575
P1_A485+Dux_ctrlorder	550	22249	-0.000820993939302	-1.1762189861431596
P1_A485+Dux_ctrlorder	551	68642	-7.317257914795547e-05	-1.1762921587223074
P1_A485+Dux_ctrlorder	552	12550	0.0003243207669308	-1.1759678379553766
P1_A485+Dux_ctrlorder	553	14419	-0.0018027122595187	-1.1777705502148954
P1_A485+Dux_ctrlorder	554	57340	-0.0003392920791813	-1.1781098422940768
P1_A485+Dux_ctrlorder	555	12494	-0.0006153466773654	-1.178725188971442
P1_A485+Dux_ctrlorder	556	12931	-0.0001738348060864	-1.1788990237775285
P1_A485+Dux_ctrlorder	557	105239	-5.890183122467576e-05	-1.1789579256087532
P1_A485+Dux_ctrlorder	558	14675	-0.0001116463003298	-1.1790695719090831
P1_A485+Dux_ctrlorder	559	76261	-0.0009565400696742	-1.1800261119787574
P1_A485+Dux_ctrlorder	560	17930	-5.134036891717807e-05	-1.1800774523476745
P1_A485+Dux_ctrlorder	561	13131	-0.0001324799048961	-1.1802099322525705
P1_A485+Dux_ctrlorder	562	211228	0.0003502869079888	-1.1798596453445818
P1_A485+Dux_ctrlorder	563	14183	-8.719663371365685e-05	-1.1799468419782955
P1_A485+Dux_ctrlorder	564	67603	0.0004292601937604	-1.1795175817845351
P1_A485+Dux_ctrlorder	565	12850	-0.001509567746685	-1.1810271495312201
P1_A485+Dux_ctrlorder	566	104885	-0.0001118962015651	-1.1811390457327853
P1_A485+Dux_ctrlorder	567	233875	0.0008015891267728	-1.1803374566060125
P1_A485+Dux_ctrlorder	568	70381	6.576702611825321e-05	-1.1802716895798944
P1_A485+Dux_ctrlorder	569	16847	-0.0002317658397348	-1.1805034554196292
P1_A485+Dux_ctrlorder	570	12810	-0.0008443621225956	-1.1813478175422247
P1_A485+Dux_ctrlorder	571	64424	-0.0001743091040854	-1.18152212664631
P1_A485+Dux_ctrlorder	572	106572	-7.691037595257896e-05	-1.1815990370222627
P1_A485+Dux_ctrlorder	573	20516	-0.000408048556716	-1.1820070855789786
P1_A485+Dux_ctrlorder	574	57738	-0.000128350777836	-1.1821354363568146
P1_A485+Dux_ctrlorder	575	78619	0.0011604161495479	-1.1809750202072666
P1_A485+Dux_ctrlorder	576	20447	-0.0002418593246133	-1.18121687953188
P1_A485+Dux_ctrlorder	577	75590	-0.0024103929580907	-1.1836272724899708
P1_A485+Dux_ctrlorder	578	268395	-0.0003488295412881	-1.183976102031259
P1_A485+Dux_ctrlorder	579	234214	-7.947310499937609e-05	-1.1840555751362583
P1_A485+Dux_ctrlorder	580	67422	0.0005581076917714	-1.183497467444487
P1_A485+Dux_ctrlorder	581	22381	0.0016084882261393	-1.1818889792183476
P1_A485+Dux_ctrlorder	582	22771	0.0001012194957102	-1.1817877597226374
P1_A485+Dux_ctrlorder	583	118449	-0.0010888276346468	-1.1828765873572842
P1_A485+Dux_ctrlorder	584	236539	0.000199509477531	-1.1826770778797533
P1_A485+Dux_ctrlorder	585	70951	0.0001405765836902	-1.1825365012960631
P1_A485+Dux_ctrlorder	586	54486	-4.226687117093406e-05	-1.1825787681672342
P1_A485+Dux_ctrlorder	587	228730	-0.0011463527621177	-1.1837251209293518
P1_A485+Dux_ctrlorder	588	232560	-0.000626280546225	-1.1843514014755767
P1_A485+Dux_ctrlorder	589	52033	-3.775354411580335e-05	-1.1843891550196926
P1_A485+Dux_ctrlorder	590	12805	-0.0001495601035037	-1.1845387151231963
P1_A485+Dux_ctrlorder	591	328365	-0.000118159933139	-1.1846568750563353
P1_A485+Dux_ctrlorder	592	270906	-8.913392341055744e-05	-1.184746008979746
P1_A485+Dux_ctrlorder	593	17921	-9.327123635550862e-05	-1.1848392802161014
P1_A485+Dux_ctrlorder	594	211798	-7.244492089628216e-05	-1.1849117251369976
P1_A485+Dux_ctrlorder	595	16574	4.806440162618488e-06	-1.184906918696835
P1_A485+Dux_ctrlorder	596	110962	-0.0004841867062356	-1.1853911054030706
P1_A485+Dux_ctrlorder	597	20745	-0.0001795743346265	-1.185570679737697
P1_A485+Dux_ctrlorder	598	77113	0.0003051179891826	-1.1852655617485144
P1_A485+Dux_ctrlorder	599	71819	-1.503123118628072e-05	-1.1852805929797006
P1_A485+Dux_ctrlorder	600	13982	-0.0001144336155864	-1.185395026595287
P1_A485+Dux_ctrlorder	601	19249	-0.0001188173260319	-1.1855138439213189
P1_A485+Dux_ctrlorder	602	77593	0.0004160833077482	-1.1850977606135706
P1_A485+Dux_ctrlorder	603	243780	-2.38580889176038e-06	-1.1851001464224624
P1_A485+Dux_ctrlorder	604	330286	-0.0001520593963691	-1.1852522058188315
P1_A485+Dux_ctrlorder	605	80914	-3.758281799741009e-05	-1.185289788636829
P1_A485+Dux_ctrlorder	606	319901	4.321050638205136e-05	-1.1852465781304469
P1_A485+Dux_ctrlorder	607	56279	0.0015491523331544	-1.1836974257972925
P1_A485+Dux_ctrlorder	608	26556	-0.0001053678544047	-1.1838027936516973
P1_A485+Dux_ctrlorder	609	140571	-0.0001607847038858	-1.183963578355583
P1_A485+Dux_ctrlorder	610	18150	0.0026401993647391	-1.181323378990844
P1_A485+Dux_ctrlorder	611	53328	-0.0002088496429105	-1.1815322286337544
P1_A485+Dux_ctrlorder	612	70310	5.015822056809455e-05	-1.1814820704131863
P1_A485+Dux_ctrlorder	613	26949	-0.0005607781492914	-1.1820428485624777
P1_A485+Dux_ctrlorder	614	20191	-0.0001518279398291	-1.1821946765023068
P1_A485+Dux_ctrlorder	615	14961	-0.0018658967063479	-1.1840605732086547
P1_A485+Dux_ctrlorder	616	13844	6.513943035029709e-05	-1.1839954337783043
P1_A485+Dux_ctrlorder	617	21828	-5.985217280065316e-05	-1.1840552859511049
P1_A485+Dux_ctrlorder	618	407823	-6.503817171753603e-05	-1.1841203241228224
P1_A485+Dux_ctrlorder	619	66953	0.0001238639245032	-1.1839964601983193
P1_A485+Dux_ctrlorder	620	12630	0.0008808565187225	-1.1831156036795967
P1_A485+Dux_ctrlorder	621	22062	-4.534522926284908e-05	-1.1831609489088595
P1_A485+Dux_ctrlorder	622	14261	-2.475370700378144e-05	-1.1831857026158632
P1_A485+Dux_ctrlorder	623	77411	-0.0002799810502557	-1.1834656836661188
P1_A485+Dux_ctrlorder	624	12297	-0.0001218394744645	-1.1835875231405832
P1_A485+Dux_ctrlorder	625	14687	2.0100225011451177e-05	-1.1835674229155717
P1_A485+Dux_ctrlorder	626	14613	-0.0003795290317678	-1.1839469519473396
P1_A485+Dux_ctrlorder	627	384214	-0.0003421661808904	-1.18428911812823
P1_A485+Dux_ctrlorder	628	23921	-1.575863035506917e-05	-1.184304876758585
P1_A485+Dux_ctrlorder	629	14160	8.116481534403678e-05	-1.184223711943241
P1_A485+Dux_ctrlorder	630	23948	-0.000150955297931	-1.1843746672411721
P1_A485+Dux_ctrlorder	631	218820	7.325821323455692e-05	-1.1843014090279376
P1_A485+Dux_ctrlorder	632	22234	0.0011361360820521	-1.1831652729458855
P1_A485+Dux_ctrlorder	633	20273	-2.2486506524557603e-05	-1.18318775945241
P1_A485+Dux_ctrlorder	634	11941	-0.0002417972637278	-1.183429556716138
P1_A485+Dux_ctrlorder	635	380863	-2.7507079178881248e-05	-1.1834570637953168
P1_A485+Dux_ctrlorder	636	546336	-2.2701326072725104e-05	-1.1834797651213895
P1_A485+Dux_ctrlorder	637	171282	-0.0001163438469046	-1.183596108968294
P1_A485+Dux_ctrlorder	638	56700	-3.658922343046023e-05	-1.1836326981917245
P1_A485+Dux_ctrlorder	639	268481	-0.0005419143628691	-1.1841746125545936
P1_A485+Dux_ctrlorder	640	237073	-9.261251281801296e-05	-1.1842672250674116
P1_A485+Dux_ctrlorder	641	171463	-1.778215953420471e-05	-1.1842850072269457
P1_A485+Dux_ctrlorder	642	242700	-0.0001124327840355	-1.1843974400109814
P1_A485+Dux_ctrlorder	643	69066	-4.585041027524534e-05	-1.1844432904212565
P1_A485+Dux_ctrlorder	644	238024	-0.0001511198408188	-1.1845944102620753
P1_A485+Dux_ctrlorder	645	101565	-0.0001005884410332	-1.1846949987031086
P1_A485+Dux_ctrlorder	646	12393	-2.1258682786066427e-05	-1.1847162573858947
P1_A485+Dux_ctrlorder	647	70223	5.439153076846318e-05	-1.1846618658551262
P1_A485+Dux_ctrlorder	648	19258	-1.32023226837214e-05	-1.18467506817781
P1_A485+Dux_ctrlorder	649	320557	-4.351219460584781e-05	-1.1847185803724158
P1_A485+Dux_ctrlorder	650	24057	-1.2627114238126e-05	-1.184731207486654
P1_A485+Dux_ctrlorder	651	232333	0.0004191249579438	-1.1843120825287103
P1_A485+Dux_ctrlorder	652	238799	-2.1405913350342165e-05	-1.1843334884420607
P1_A485+Dux_ctrlorder	653	78892	-0.0007603929938829	-1.1850938814359435
P1_A485+Dux_ctrlorder	654	12236	-0.0006155636638477	-1.1857094450997911
P1_A485+Dux_ctrlorder	655	22113	2.6495094084376072e-05	-1.1856829500057067
P1_A485+Dux_ctrlorder	656	13048	-0.0001217816849013	-1.185804731690608
P1_A485+Dux_ctrlorder	657	27801	-1.2681316856861312e-05	-1.1858174130074648
P1_A485+Dux_ctrlorder	658	71720	-0.0002122497505852	-1.18602966275805
P1_A485+Dux_ctrlorder	659	228357	-6.690138055541112e-05	-1.1860965641386054
P1_A485+Dux_ctrlorder	660	242607	-5.530423762826571e-06	-1.1861020945623681
P1_A485+Dux_ctrlorder	661	67971	-0.0001893935598767	-1.1862914881222448
P1_A485+Dux_ctrlorder	662	338365	-0.0002232297497997	-1.1865147178720445
P1_A485+Dux_ctrlorder	663	107351	1.7392587077848746e-05	-1.1864973252849667
P1_A485+Dux_ctrlorder	664	103551	3.143655926738292e-06	-1.18649418162904
P1_A485+Dux_ctrlorder	665	21789	-0.0001992260564497	-1.1866934076854896
P1_A485+Dux_ctrlorder	666	353242	-7.419580081416137e-09	-1.1866934151050696
P1_A485+Dux_ctrlorder	667	237831	0.0	-1.1866934151050696
P1_A485+Dux_ctrlorder	668	64103	0.0	-1.1866934151050696
P1_A485+Dux_ctrlorder	669	170952	0.0	-1.1866934151050696
P1_A485+Dux_ctrlorder	670	216795	-0.0	-1.1866934151050696
P1_A485+Dux_ctrlorder	671	193034	-0.0	-1.1866934151050696
P1_A485+Dux_ctrlorder	672	73728	0.0	-1.1866934151050696
P1_A485+Dux_ctrlorder	673	211550	0.0	-1.1866934151050696
P1_A485+Dux_ctrlorder	674	14400	0.0	-1.1866934151050696
P1_A485+Dux_ctrlorder	675	217306	-0.0	-1.1866934151050696
P1_A485+Dux_ctrlorder	676	272031	-0.0	-1.1866934151050696
P1_A485+Dux_ctrlorder	677	70727	-0.0	-1.1866934151050696
P1_A485+Dux_ctrlorder	678	214359	-0.0	-1.1866934151050696
P1_A485+Dux_ctrlorder	679	19215	0.0	-1.1866934151050696
P1_A485+Dux_ctrlorder	680	12831	-0.0	-1.1866934151050696
P1_A485+Dux_ctrlorder	681	109050	0.0	-1.1866934151050696
P1_A485+Dux_ctrlorder	682	23936	-0.0	-1.1866934151050696
P1_A485+Dux_ctrlorder	683	17926	-0.0	-1.1866934151050696
P1_A485+Dux_ctrlorder	684	110902	-0.0	-1.1866934151050696
P1_A485+Dux_ctrlorder	685	22229	-0.0	-1.1866934151050696
P1_A485+Dux_ctrlorder	686	16768	0.0	-1.1866934151050696
P1_A485+Dux_ctrlorder	687	11423	0.0	-1.1866934151050696
P1_A485+Dux_ctrlorder	688	233733	-0.0	-1.1866934151050696
P1_A485+Dux_ctrlorder	689	17537	-0.0	-1.1866934151050696
P1_A485+Dux_ctrlorder	690	399548	0.0	-1.1866934151050696
P1_A485+Dux_ctrlorder	691	77630	0.0	-1.1866934151050696
P1_A485+Dux_ctrlorder	692	11687	0.0	-1.1866934151050696
P1_A485+Dux_ctrlorder	693	19153	-0.0	-1.1866934151050696
P1_A485+Dux_ctrlorder	694	12350	-0.0	-1.1866934151050696
P1_A485+Dux_ctrlorder	695	74770	0.0	-1.1866934151050696
P1_A485+Dux_ctrlorder	696	70061	0.0	-1.1866934151050696
P1_A485+Dux_ctrlorder	697	16426	0.0	-1.1866934151050696
P1_A485+Dux_ctrlorder	698	227632	-0.0	-1.1866934151050696
P1_A485+Dux_ctrlorder	699	20964	-0.0	-1.1866934151050696
P1_A485+Dux_ctrlorder	700	20680	-0.0	-1.1866934151050696
P1_A485+Dux_ctrlorder	701	242702	-0.0	-1.1866934151050696
P1_A485+Dux_ctrlorder	702	71690	0.0	-1.1866934151050696
P1_A485+Dux_ctrlorder	703	14432	-0.0	-1.1866934151050696
P1_A485+Dux_ctrlorder	704	118454	-0.0	-1.1866934151050696
P1_A485+Dux_ctrlorder	705	66208	-0.0	-1.1866934151050696
P1_A485+Dux_ctrlorder	706	18510	-0.0	-1.1866934151050696
P1_A485+Dux_ctrlorder	707	84004	0.0	-1.1866934151050696
P1_A485+Dux_ctrlorder	708	54634	0.0	-1.1866934151050696
P1_A485+Dux_ctrlorder	709	114679	0.0	-1.1866934151050696
P1_A485+Dux_ctrlorder	710	232370	0.0	-1.1866934151050696
P1_A485+Dux_ctrlorder	711	16846	0.0	-1.1866934151050696
P1_A485+Dux_ctrlorder	712	12062	0.0	-1.1866934151050696
P1_A485+Dux_ctrlorder	713	20317	-0.0	-1.1866934151050696
P1_A485+Dux_ctrlorder	714	17228	-0.0	-1.1866934151050696
P1_A485+Dux_ctrlorder	715	18389	0.0	-1.1866934151050696
P1_A485+Dux_ctrlorder	716	208092	-0.0	-1.1866934151050696
P1_A485+Dux_ctrlorder	717	14412	-0.0	-1.1866934151050696
P1_A485+Dux_ctrlorder	718	218877	0.0	-1.1866934151050696
P1_A485+Dux_ctrlorder	719	27419	0.0	-1.1866934151050696
P1_A485+Dux_ctrlorder	720	16909	-0.0	-1.1866934151050696
P1_A485+Dux_ctrlorder	721	57814	0.0	-1.1866934151050696
P1_A485+Dux_ctrlorder	722	20965	-0.0	-1.1866934151050696
P1_A485+Dux_ctrlorder	723	56221	-0.0	-1.1866934151050696
P1_A485+Dux_ctrlorder	724	19700	-0.0	-1.1866934151050696
P1_A485+Dux_ctrlorder	725	19288	-0.0	-1.1866934151050696
P1_A485+Dux_ctrlorder	726	217125	0.0	-1.1866934151050696
P1_A485+Dux_ctrlorder	727	74580	0.0	-1.1866934151050696
P1_A485+Dux_ctrlorder	728	171469	-0.0	-1.1866934151050696
P1_A485+Dux_ctrlorder	729	79235	0.0	-1.1866934151050696
P1_A485+Dux_ctrlorder	730	270192	-0.0	-1.1866934151050696
P1_A485+Dux_ctrlorder	731	242523	0.0	-1.1866934151050696
P1_A485+Dux_ctrlorder	732	13003	0.0	-1.1866934151050696
P1_A485+Dux_ctrlorder	733	12825	-0.0	-1.1866934151050696
P1_A485+Dux_ctrlorder	734	12840	0.0	-1.1866934151050696
P1_A485+Dux_ctrlorder	735	231134	-0.0	-1.1866934151050696
P1_A485+Dux_ctrlorder	736	17005	-0.0	-1.1866934151050696
P1_A485+Dux_ctrlorder	737	27280	0.0	-1.1866934151050696
P1_A485+Dux_ctrlorder	738	58176	-0.0	-1.1866934151050696
P1_A485+Dux_ctrlorder	739	208158	0.0	-1.1866934151050696
P1_A485+Dux_ctrlorder	740	12143	0.0	-1.1866934151050696
P1_A485+Dux_ctrlorder	741	14115	-0.0	-1.1866934151050696
P1_A485+Dux_ctrlorder	742	210530	0.0	-1.1866934151050696
P1_A485+Dux_ctrlorder	743	14080	-0.0	-1.1866934151050696
P1_A485+Dux_ctrlorder	744	17885	-0.0	-1.1866934151050696
P1_A485+Dux_ctrlorder	745	13074	0.0	-1.1866934151050696
P1_A485+Dux_ctrlorder	746	65221	0.0	-1.1866934151050696
P1_A485+Dux_ctrlorder	747	14938	-0.0	-1.1866934151050696
P1_A485+Dux_ctrlorder	748	100038882	-0.0	-1.1866934151050696
P1_A485+Dux_ctrlorder	749	15163	0.0	-1.1866934151050696
P1_A485+Dux_ctrlorder	750	13849	0.0	-1.1866934151050696
P1_A485+Dux_ctrlorder	751	279028	-0.0	-1.1866934151050696
P1_A485+Dux_ctrlorder	752	268709	-0.0	-1.1866934151050696
P1_A485+Dux_ctrlorder	753	15896	-0.0	-1.1866934151050696
P1_A485+Dux_ctrlorder	754	18142	-0.0	-1.1866934151050696
P1_A485+Dux_ctrlorder	755	12029	0.0	-1.1866934151050696
P1_A485+Dux_ctrlorder	756	56534	0.0	-1.1866934151050696
P1_A485+Dux_ctrlorder	757	229791	-0.0	-1.1866934151050696
P1_A485+Dux_ctrlorder	758	14840	-0.0	-1.1866934151050696
P1_A485+Dux_ctrlorder	759	170725	-0.0	-1.1866934151050696
P1_A485+Dux_ctrlorder	760	15114	0.0	-1.1866934151050696
P1_A485+Dux_ctrlorder	761	333088	0.0	-1.1866934151050696
P1_A485+Dux_ctrlorder	762	20202	0.0	-1.1866934151050696
P1_A485+Dux_ctrlorder	763	22403	0.0	-1.1866934151050696
P1_A485+Dux_ctrlorder	764	52857	-0.0	-1.1866934151050696
P1_A485+Dux_ctrlorder	765	16399	0.0	-1.1866934151050696
P1_A485+Dux_ctrlorder	766	20618	0.0	-1.1866934151050696
P1_A485+Dux_ctrlorder	767	103511	0.0	-1.1866934151050696
P1_A485+Dux_ctrlorder	768	207728	-0.0	-1.1866934151050696
P1_A485+Dux_ctrlorder	769	104601	-0.0	-1.1866934151050696
P1_A485+Dux_ctrlorder	770	106878	-0.0	-1.1866934151050696
P1_A485+Dux_ctrlorder	771	19329	-0.0	-1.1866934151050696
P1_A485+Dux_ctrlorder	772	56362	-0.0	-1.1866934151050696
P1_A485+Dux_ctrlorder	773	104080	-0.0	-1.1866934151050696
P1_A485+Dux_ctrlorder	774	246728	0.0	-1.1866934151050696
P1_A485+Dux_ctrlorder	775	17528	-0.0	-1.1866934151050696
P1_A485+Dux_ctrlorder	776	241568	-0.0	-1.1866934151050696
P1_A485+Dux_ctrlorder	777	69671	0.0	-1.1866934151050696
P1_A485+Dux_ctrlorder	778	14632	-0.0	-1.1866934151050696
P1_A485+Dux_ctrlorder	779	11689	-0.0	-1.1866934151050696
P1_A485+Dux_ctrlorder	780	27219	0.0	-1.1866934151050696
P1_A485+Dux_ctrlorder	781	171180	-0.0	-1.1866934151050696
P1_A485+Dux_ctrlorder	782	23845	0.0	-1.1866934151050696
P1_A485+Dux_ctrlorder	783	244864	-0.0	-1.1866934151050696
P1_A485+Dux_ctrlorder	784	278180	0.0	-1.1866934151050696
P1_A485+Dux_ctrlorder	785	22268	-0.0	-1.1866934151050696
P1_A485+Dux_ctrlorder	786	69903	-0.0	-1.1866934151050696
P1_A485+Dux_ctrlorder	787	384569	-0.0	-1.1866934151050696
P1_A485+Dux_ctrlorder	788	207911	0.0	-1.1866934151050696
P1_A485+Dux_ctrlorder	789	71461	-0.0	-1.1866934151050696
P1_A485+Dux_ctrlorder	790	63828	0.0	-1.1866934151050696
P1_A485+Dux_ctrlorder	791	17130	0.0	-1.1866934151050696
P1_A485+Dux_ctrlorder	792	109225	0.0	-1.1866934151050696
P1_A485+Dux_ctrlorder	793	11807	-0.0	-1.1866934151050696
P1_A485+Dux_ctrlorder	794	16491	0.0	-1.1866934151050696
P1_A485+Dux_ctrlorder	795	16197	0.0	-1.1866934151050696
P1_A485+Dux_ctrlorder	796	228785	-0.0	-1.1866934151050696
P1_A485+Dux_ctrlorder	797	56644	0.0	-1.1866934151050696
P1_A485+Dux_ctrlorder	798	27226	0.0	-1.1866934151050696
P1_A485+Dux_ctrlorder	799	381798	-0.0	-1.1866934151050696
P1_A485+Dux_ctrlorder	800	320840	0.0	-1.1866934151050696
P1_A485+Dux_ctrlorder	801	14049	0.0	-1.1866934151050696
P1_A485+Dux_ctrlorder	802	53601	0.0	-1.1866934151050696
P1_A485+Dux_ctrlorder	803	23831	-0.0	-1.1866934151050696
P1_A485+Dux_ctrlorder	804	12007	0.0	-1.1866934151050696
P1_A485+Dux_ctrlorder	805	212032	-0.0	-1.1866934151050696
P1_A485+Dux_ctrlorder	806	242050	-0.0	-1.1866934151050696
P1_A485+Dux_ctrlorder	807	545192	0.0	-1.1866934151050696
P1_A485+Dux_ctrlorder	808	11829	-0.0	-1.1866934151050696
P1_A485+Dux_ctrlorder	809	19711	-0.0	-1.1866934151050696
P1_A485+Dux_ctrlorder	810	76757	0.0	-1.1866934151050696
P1_A485+Dux_ctrlorder	811	70370	0.0	-1.1866934151050696
P1_A485+Dux_ctrlorder	812	24053	-0.0	-1.1866934151050696
P1_A485+Dux_ctrlorder	813	20389	-0.0	-1.1866934151050696
P1_A485+Dux_ctrlorder	814	319229	-0.0	-1.1866934151050696
P1_A485+Dux_ctrlorder	815	56745	-0.0	-1.1866934151050696
P1_A485+Dux_ctrlorder	816	230775	0.0	-1.1866934151050696
P1_A485+Dux_ctrlorder	817	64176	0.0	-1.1866934151050696
P1_A485+Dux_ctrlorder	818	170835	-0.0	-1.1866934151050696
P1_A485+Dux_ctrlorder	819	56532	-0.0	-1.1866934151050696
P1_A485+Dux_ctrlorder	820	13609	-0.0	-1.1866934151050696
P1_A485+Dux_ctrlorder	821	12839	-0.0	-1.1866934151050696
P1_A485+Dux_ctrlorder	822	238328	-0.0	-1.1866934151050696
P1_A485+Dux_ctrlorder	823	237010	0.0	-1.1866934151050696
P1_A485+Dux_ctrlorder	824	16176	-0.0	-1.1866934151050696
P1_A485+Dux_ctrlorder	825	228576	-0.0	-1.1866934151050696
P1_A485+Dux_ctrlorder	826	16453	0.0	-1.1866934151050696
P1_A485+Dux_ctrlorder	827	243897	0.0	-1.1866934151050696
P1_A485+Dux_ctrlorder	828	14580	0.0	-1.1866934151050696
P1_A485+Dux_ctrlorder	829	109857	0.0	-1.1866934151050696
P1_A485+Dux_ctrlorder	830	67564	-0.0	-1.1866934151050696
P1_A485+Dux_ctrlorder	831	330627	0.0	-1.1866934151050696
P1_A485+Dux_ctrlorder	832	50766	0.0	-1.1866934151050696
P1_A485+Dux_ctrlorder	833	20897	0.0	-1.1866934151050696
P1_A485+Dux_ctrlorder	834	11450	-0.0	-1.1866934151050696
P1_A485+Dux_ctrlorder	835	16402	0.0	-1.1866934151050696
P1_A485+Dux_ctrlorder	836	23966	0.0	-1.1866934151050696
P1_A485+Dux_ctrlorder	837	56485	0.0	-1.1866934151050696
P1_A485+Dux_ctrlorder	838	237611	-0.0	-1.1866934151050696
P1_A485+Dux_ctrlorder	839	105193	-0.0	-1.1866934151050696
P1_A485+Dux_ctrlorder	840	319655	-0.0	-1.1866934151050696
P1_A485+Dux_ctrlorder	841	16511	0.0	-1.1866934151050696
P1_A485+Dux_ctrlorder	842	75641	-0.0	-1.1866934151050696
P1_A485+Dux_ctrlorder	843	71099	0.0	-1.1866934151050696
P1_A485+Dux_ctrlorder	844	50779	-0.0	-1.1866934151050696
P1_A485+Dux_ctrlorder	845	320100	0.0	-1.1866934151050696
P1_A485+Dux_ctrlorder	846	53313	0.0	-1.1866934151050696
P1_A485+Dux_ctrlorder	847	97440	0.0	-1.1866934151050696
P1_A485+Dux_ctrlorder	848	50528	0.0	-1.1866934151050696
P1_A485+Dux_ctrlorder	849	18654	-0.0	-1.1866934151050696
P1_A485+Dux_ctrlorder	850	194309	0.0	-1.1866934151050696
P1_A485+Dux_ctrlorder	851	13041	0.0	-1.1866934151050696
P1_A485+Dux_ctrlorder	852	77318	0.0	-1.1866934151050696
P1_A485+Dux_ctrlorder	853	66548	0.0	-1.1866934151050696
P1_A485+Dux_ctrlorder	854	67580	0.0	-1.1866934151050696
P1_A485+Dux_ctrlorder	855	72002	-0.0	-1.1866934151050696
P1_A485+Dux_ctrlorder	856	269615	-0.0	-1.1866934151050696
P1_A485+Dux_ctrlorder	857	20319	0.0	-1.1866934151050696
P1_A485+Dux_ctrlorder	858	231691	-0.0	-1.1866934151050696
P1_A485+Dux_ctrlorder	859	14560	-0.0	-1.1866934151050696
P1_A485+Dux_ctrlorder	860	54672	-0.0	-1.1866934151050696
P1_A485+Dux_ctrlorder	861	24110	0.0	-1.1866934151050696
P1_A485+Dux_ctrlorder	862	70415	-0.0	-1.1866934151050696
P1_A485+Dux_ctrlorder	863	19419	-0.0	-1.1866934151050696
P1_A485+Dux_ctrlorder	864	21817	0.0	-1.1866934151050696
P1_A485+Dux_ctrlorder	865	19011	-0.0	-1.1866934151050696
P1_A485+Dux_ctrlorder	866	29818	-0.0	-1.1866934151050696
P1_A485+Dux_ctrlorder	867	68352	0.0	-1.1866934151050696
P1_A485+Dux_ctrlorder	868	230103	0.0	-1.1866934151050696
P1_A485+Dux_ctrlorder	869	15370	0.0	-1.1866934151050696
P1_A485+Dux_ctrlorder	870	14017	0.0	-1.1866934151050696
P1_A485+Dux_ctrlorder	871	241452	-0.0	-1.1866934151050696
P1_A485+Dux_ctrlorder	872	17433	-0.0	-1.1866934151050696
P1_A485+Dux_ctrlorder	873	72774	-0.0	-1.1866934151050696
P1_A485+Dux_ctrlorder	874	66528	-0.0	-1.1866934151050696
P1_A485+Dux_ctrlorder	875	100039795	0.0	-1.1866934151050696
P1_A485+Dux_ctrlorder	876	21928	0.0	-1.1866934151050696
P1_A485+Dux_ctrlorder	877	243328	-0.0	-1.1866934151050696
P1_A485+Dux_ctrlorder	878	286942	-0.0	-1.1866934151050696
P1_A485+Dux_ctrlorder	879	225742	-0.0	-1.1866934151050696
P1_A485+Dux_ctrlorder	880	21898	0.0	-1.1866934151050696
P1_A485+Dux_ctrlorder	881	380785	0.0	-1.1866934151050696
P1_A485+Dux_ctrlorder	882	103988	-0.0	-1.1866934151050696
P1_A485+Dux_ctrlorder	883	217341	0.0	-1.1866934151050696
P1_A485+Dux_ctrlorder	884	233752	0.0	-1.1866934151050696
P1_A485+Dux_ctrlorder	885	21743	-0.0	-1.1866934151050696
P1_A485+Dux_ctrlorder	886	107766	-0.0	-1.1866934151050696
P1_A485+Dux_ctrlorder	887	22780	0.0	-1.1866934151050696
P1_A485+Dux_ctrlorder	888	14126	-0.0	-1.1866934151050696
P1_A485+Dux_ctrlorder	889	229003	-0.0	-1.1866934151050696
P1_A485+Dux_ctrlorder	890	12845	0.0	-1.1866934151050696
P1_A485+Dux_ctrlorder	891	77609	0.0	-1.1866934151050696
P1_A485+Dux_ctrlorder	892	12390	0.0	-1.1866934151050696
P1_A485+Dux_ctrlorder	893	67425	-0.0	-1.1866934151050696
P1_A485+Dux_ctrlorder	894	242939	0.0	-1.1866934151050696
P1_A485+Dux_ctrlorder	895	22351	-0.0	-1.1866934151050696
P1_A485+Dux_ctrlorder	896	114886	0.0	-1.1866934151050696
P1_A485+Dux_ctrlorder	897	68764	-0.0	-1.1866934151050696
P1_A485+Dux_ctrlorder	898	12266	0.0	-1.1866934151050696
P1_A485+Dux_ctrlorder	899	320129	-0.0	-1.1866934151050696
P1_A485+Dux_ctrlorder	900	19124	-0.0	-1.1866934151050696
P1_A485+Dux_ctrlorder	901	64817	0.0	-1.1866934151050696
P1_A485+Dux_ctrlorder	902	210808	0.0	-1.1866934151050696
P1_A485+Dux_ctrlorder	903	22637	0.0	-1.1866934151050696
P1_A485+Dux_ctrlorder	904	18400	0.0	-1.1866934151050696
P1_A485+Dux_ctrlorder	905	574402	-0.0	-1.1866934151050696
P1_A485+Dux_ctrlorder	906	20391	0.0	-1.1866934151050696
P1_A485+Dux_ctrlorder	907	53604	0.0	-1.1866934151050696
P1_A485+Dux_ctrlorder	908	12505	0.0	-1.1866934151050696
P1_A485+Dux_ctrlorder	909	232078	-0.0	-1.1866934151050696
P1_A485+Dux_ctrlorder	910	18784	-0.0	-1.1866934151050696
P1_A485+Dux_ctrlorder	911	71781	-0.0	-1.1866934151050696
P1_A485+Dux_ctrlorder	912	54195	-0.0	-1.1866934151050696
P1_A485+Dux_ctrlorder	913	68566	0.0	-1.1866934151050696
P1_A485+Dux_ctrlorder	914	20295	-0.0	-1.1866934151050696
P1_A485+Dux_ctrlorder	915	22671	-0.0	-1.1866934151050696
P1_A485+Dux_ctrlorder	916	213417	0.0	-1.1866934151050696
P1_A485+Dux_ctrlorder	917	233246	-0.0	-1.1866934151050696
P1_A485+Dux_ctrlorder	918	50773	-0.0	-1.1866934151050696
P1_A485+Dux_ctrlorder	919	434341	0.0	-1.1866934151050696
P1_A485+Dux_ctrlorder	920	74748	0.0	-1.1866934151050696
P1_A485+Dux_ctrlorder	921	12654	0.0	-1.1866934151050696
P1_A485+Dux_ctrlorder	922	71609	-0.0	-1.1866934151050696
P1_A485+Dux_ctrlorder	923	244550	0.0	-1.1866934151050696
P1_A485+Dux_ctrlorder	924	66901	0.0	-1.1866934151050696
P1_A485+Dux_ctrlorder	925	230163	-0.0	-1.1866934151050696
P1_A485+Dux_ctrlorder	926	21956	0.0	-1.1866934151050696
P1_A485+Dux_ctrlorder	927	100198	0.0	-1.1866934151050696
P1_A485+Dux_ctrlorder	928	14264	-0.0	-1.1866934151050696
P1_A485+Dux_ctrlorder	929	72244	-0.0	-1.1866934151050696
P1_A485+Dux_ctrlorder	930	12501	0.0	-1.1866934151050696
P1_A485+Dux_ctrlorder	931	20564	0.0	-1.1866934151050696
P1_A485+Dux_ctrlorder	932	76441	-0.0	-1.1866934151050696
P1_A485+Dux_ctrlorder	933	338369	-0.0	-1.1866934151050696
P1_A485+Dux_ctrlorder	934	107527	-0.0	-1.1866934151050696
P1_A485+Dux_ctrlorder	935	16323	0.0	-1.1866934151050696
P1_A485+Dux_ctrlorder	936	17085	0.0	-1.1866934151050696
P1_A485+Dux_ctrlorder	937	59308	0.0	-1.1866934151050696
P1_A485+Dux_ctrlorder	938	22324	0.0	-1.1866934151050696
P1_A485+Dux_ctrlorder	939	21384	0.0	-1.1866934151050696
P1_A485+Dux_ctrlorder	940	20201	0.0	-1.1866934151050696
P1_A485+Dux_ctrlorder	941	76156	-0.0	-1.1866934151050696
P1_A485+Dux_ctrlorder	942	259302	0.0	-1.1866934151050696
P1_A485+Dux_ctrlorder	943	15559	-0.0	-1.1866934151050696
P1_A485+Dux_ctrlorder	944	114644	0.0	-1.1866934151050696
P1_A485+Dux_ctrlorder	945	16979	-0.0	-1.1866934151050696
P1_A485+Dux_ctrlorder	946	15284	0.0	-1.1866934151050696
P1_A485+Dux_ctrlorder	947	14945	0.0	-1.1866934151050696
P1_A485+Dux_ctrlorder	948	21389	0.0	-1.1866934151050696
P1_A485+Dux_ctrlorder	949	70405	0.0	-1.1866934151050696
P1_A485+Dux_ctrlorder	950	19416	0.0	-1.1866934151050696
P1_A485+Dux_ctrlorder	951	18951	-0.0	-1.1866934151050696
P1_A485+Dux_ctrlorder	952	170790	-0.0	-1.1866934151050696
P1_A485+Dux_ctrlorder	953	210719	0.0	-1.1866934151050696
P1_A485+Dux_ctrlorder	954	20371	0.0	-1.1866934151050696
P1_A485+Dux_ctrlorder	955	269019	-0.0	-1.1866934151050696
P1_A485+Dux_ctrlorder	956	277468	0.0	-1.1866934151050696
P1_A485+Dux_ctrlorder	957	110876	0.0	-1.1866934151050696
P1_A485+Dux_ctrlorder	958	16181	-0.0	-1.1866934151050696
P1_A485+Dux_ctrlorder	959	16493	0.0	-1.1866934151050696
P1_A485+Dux_ctrlorder	960	21816	0.0	-1.1866934151050696
P1_A485+Dux_ctrlorder	961	11839	-0.0	-1.1866934151050696
P1_A485+Dux_ctrlorder	962	231162	0.0	-1.1866934151050696
P1_A485+Dux_ctrlorder	963	80286	-0.0	-1.1866934151050696
P1_A485+Dux_ctrlorder	964	19881	0.0	-1.1866934151050696
P1_A485+Dux_ctrlorder	965	15111	0.0	-1.1866934151050696
P1_A485+Dux_ctrlorder	966	72349	0.0	-1.1866934151050696
P1_A485+Dux_ctrlorder	967	18667	0.0	-1.1866934151050696
P1_A485+Dux_ctrlorder	968	233199	0.0	-1.1866934151050696
P1_A485+Dux_ctrlorder	969	12481	0.0	-1.1866934151050696
P1_A485+Dux_ctrlorder	970	23959	-0.0	-1.1866934151050696
P1_A485+Dux_ctrlorder	971	241770	-0.0	-1.1866934151050696
P1_A485+Dux_ctrlorder	972	226999	-0.0	-1.1866934151050696
P1_A485+Dux_ctrlorder	973	15450	0.0	-1.1866934151050696
P1_A485+Dux_ctrlorder	974	68016	-0.0	-1.1866934151050696
P1_A485+Dux_ctrlorder	975	11602	0.0	-1.1866934151050696
P1_A485+Dux_ctrlorder	976	12822	0.0	-1.1866934151050696
P1_A485+Dux_ctrlorder	977	68846	-0.0	-1.1866934151050696
P1_A485+Dux_ctrlorder	978	72925	-0.0	-1.1866934151050696
P1_A485+Dux_ctrlorder	979	27273	-0.0	-1.1866934151050696
P1_A485+Dux_ctrlorder	980	225724	0.0	-1.1866934151050696
P1_A485+Dux_ctrlorder	981	12346	-0.0	-1.1866934151050696
P1_A485+Dux_ctrlorder	982	17868	-0.0	-1.1866934151050696
P1_A485+Dux_ctrlorder	983	12351	-0.0	-1.1866934151050696
P1_A485+Dux_ctrlorder	984	435965	-0.0	-1.1866934151050696
P1_A485+Dux_ctrlorder	985	18619	0.0	-1.1866934151050696
P1_A485+Dux_ctrlorder	986	14733	0.0	-1.1866934151050696
P1_A485+Dux_ctrlorder	987	211739	-0.0	-1.1866934151050696
P1_A485+Dux_ctrlorder	988	12834	-0.0	-1.1866934151050696
P1_A485+Dux_ctrlorder	989	78558	-0.0	-1.1866934151050696
P1_A485+Dux_ctrlorder	990	224024	0.0	-1.1866934151050696
P1_A485+Dux_ctrlorder	991	93735	0.0	-1.1866934151050696
P1_A485+Dux_ctrlorder	992	71803	0.0	-1.1866934151050696
P1_A485+Dux_ctrlorder	993	107503	0.0	-1.1866934151050696
P1_A485+Dux_ctrlorder	994	22409	0.0	-1.1866934151050696
P1_A485+Dux_ctrlorder	995	81904	-0.0	-1.1866934151050696
P1_A485+Dux_ctrlorder	996	70726	-0.0	-1.1866934151050696
P1_A485+Dux_ctrlorder	997	170638	-0.0	-1.1866934151050696
P1_A485+Dux_ctrlorder	998	12723	0.0	-1.1866934151050696
P1_A485+Dux_ctrlorder	999	320747	0.0	-1.1866934151050696
P1_A485+Dux_ctrlorder	1000	94214	0.0	-1.1866934151050696
P1_A485+Dux_ctrlorder	1001	20274	-0.0	-1.1866934151050696
P1_A485+Dux_ctrlorder	1002	13346	0.0	-1.1866934151050696
P1_A485+Dux_ctrlorder	1003	215632	0.0	-1.1866934151050696
P1_A485+Dux_ctrlorder	1004	212974	-0.0	-1.1866934151050696
P1_A485+Dux_ctrlorder	1005	18782	-0.0	-1.1866934151050696
P1_A485+Dux_ctrlorder	1006	230904	0.0	-1.1866934151050696
P1_A485+Dux_ctrlorder	1007	69454	-0.0	-1.1866934151050696
P1_A485+Dux_ctrlorder	1008	15460	-0.0	-1.1866934151050696
P1_A485+Dux_ctrlorder	1009	94332	-0.0	-1.1866934151050696
P1_A485+Dux_ctrlorder	1010	18113	-0.0	-1.1866934151050696
P1_A485+Dux_ctrlorder	1011	18816	0.0	-1.1866934151050696
P1_A485+Dux_ctrlorder	1012	30955	0.0	-1.1866934151050696
P1_A485+Dux_ctrlorder	1013	320563	0.0	-1.1866934151050696
P1_A485+Dux_ctrlorder	1014	20277	-0.0	-1.1866934151050696
P1_A485+Dux_ctrlorder	1015	243616	-0.0	-1.1866934151050696
P1_A485+Dux_ctrlorder	1016	24131	0.0	-1.1866934151050696
P1_A485+Dux_ctrlorder	1017	101772	0.0	-1.1866934151050696
P1_A485+Dux_ctrlorder	1018	225341	-0.0	-1.1866934151050696
P1_A485+Dux_ctrlorder	1019	27409	-0.0	-1.1866934151050696
P1_A485+Dux_ctrlorder	1020	80837	-0.0	-1.1866934151050696
P1_A485+Dux_ctrlorder	1021	27371	0.0	-1.1866934151050696
P1_A485+Dux_ctrlorder	1022	67573	-0.0	-1.1866934151050696
P1_A485+Dux_ctrlorder	1023	244723	0.0	-1.1866934151050696
P1_A485+Dux_ctrlorder	1024	68680	0.0	-1.1866934151050696
P1_A485+Dux_ctrlorder	1025	77794	0.0	-1.1866934151050696
P1_A485+Dux_ctrlorder	1026	110351	0.0	-1.1866934151050696
P1_A485+Dux_ctrlorder	1027	98752	0.0	-1.1866934151050696
P1_A485+Dux_ctrlorder	1028	78560	-0.0	-1.1866934151050696
P1_A485+Dux_ctrlorder	1029	209837	-0.0	-1.1866934151050696
P1_A485+Dux_ctrlorder	1030	20533	0.0	-1.1866934151050696
P1_A485+Dux_ctrlorder	1031	50997	-0.0	-1.1866934151050696
P1_A485+Dux_ctrlorder	1032	56471	-0.0	-1.1866934151050696
P1_A485+Dux_ctrlorder	1033	21924	0.0	-1.1866934151050696
P1_A485+Dux_ctrlorder	1034	17313	-0.0	-1.1866934151050696
P1_A485+Dux_ctrlorder	1035	228550	-0.0	-1.1866934151050696
P1_A485+Dux_ctrlorder	1036	17260	0.0	-1.1866934151050696
P1_A485+Dux_ctrlorder	1037	14125	0.0	-1.1866934151050696
P1_A485+Dux_ctrlorder	1038	21922	-0.0	-1.1866934151050696
P1_A485+Dux_ctrlorder	1039	231004	-0.0	-1.1866934151050696
P1_A485+Dux_ctrlorder	1040	170483	0.0	-1.1866934151050696
P1_A485+Dux_ctrlorder	1041	654812	-0.0	-1.1866934151050696
P1_A485+Dux_ctrlorder	1042	641376	-0.0	-1.1866934151050696
P1_A485+Dux_ctrlorder	1043	58208	-0.0	-1.1866934151050696
P1_A485+Dux_ctrlorder	1044	279766	0.0	-1.1866934151050696
P1_A485+Dux_ctrlorder	1045	12700	-0.0	-1.1866934151050696
P1_A485+Dux_ctrlorder	1046	269855	0.0	-1.1866934151050696
P1_A485+Dux_ctrlorder	1047	30806	-0.0	-1.1866934151050696
P1_A485+Dux_ctrlorder	1048	27261	-0.0	-1.1866934151050696
P1_A485+Dux_ctrlorder	1049	268747	0.0	-1.1866934151050696
P1_A485+Dux_ctrlorder	1050	105827	-0.0	-1.1866934151050696
P1_A485+Dux_ctrlorder	1051	12643	-0.0	-1.1866934151050696
P1_A485+Dux_ctrlorder	1052	319660	0.0	-1.1866934151050696
P1_A485+Dux_ctrlorder	1053	20776	0.0	-1.1866934151050696
P1_A485+Dux_ctrlorder	1054	98170	-0.0	-1.1866934151050696
P1_A485+Dux_ctrlorder	1055	56264	-0.0	-1.1866934151050696
P1_A485+Dux_ctrlorder	1056	14173	0.0	-1.1866934151050696
P1_A485+Dux_ctrlorder	1057	13386	0.0	-1.1866934151050696
P1_A485+Dux_ctrlorder	1058	93874	0.0	-1.1866934151050696
P1_A485+Dux_ctrlorder	1059	65115	-0.0	-1.1866934151050696
P1_A485+Dux_ctrlorder	1060	16173	0.0	-1.1866934151050696
P1_A485+Dux_ctrlorder	1061	56461	0.0	-1.1866934151050696
P1_A485+Dux_ctrlorder	1062	215456	-0.0	-1.1866934151050696
P1_A485+Dux_ctrlorder	1063	13655	-0.0	-1.1866934151050696
P1_A485+Dux_ctrlorder	1064	208890	-0.0	-1.1866934151050696
P1_A485+Dux_ctrlorder	1065	210573	0.0	-1.1866934151050696
P1_A485+Dux_ctrlorder	1066	224697	-0.0	-1.1866934151050696
P1_A485+Dux_ctrlorder	1067	12824	0.0	-1.1866934151050696
P1_A485+Dux_ctrlorder	1068	21960	-0.0	-1.1866934151050696
P1_A485+Dux_ctrlorder	1069	170743	0.0	-1.1866934151050696
P1_A485+Dux_ctrlorder	1070	11803	0.0	-1.1866934151050696
P1_A485+Dux_ctrlorder	1071	17916	0.0	-1.1866934151050696
P1_A485+Dux_ctrlorder	1072	64297	-0.0	-1.1866934151050696
P1_A485+Dux_ctrlorder	1073	16170	-0.0	-1.1866934151050696
P1_A485+Dux_ctrlorder	1074	16950	0.0	-1.1866934151050696
P1_A485+Dux_ctrlorder	1075	16527	-0.0	-1.1866934151050696
P1_A485+Dux_ctrlorder	1076	20537	-0.0	-1.1866934151050696
P1_A485+Dux_ctrlorder	1077	68428	-0.0	-1.1866934151050696
P1_A485+Dux_ctrlorder	1078	72690	0.0	-1.1866934151050696
P1_A485+Dux_ctrlorder	1079	18534	-0.0	-1.1866934151050696
P1_A485+Dux_ctrlorder	1080	72780	0.0	-1.1866934151050696
P1_A485+Dux_ctrlorder	1081	12458	-0.0	-1.1866934151050696
P1_A485+Dux_ctrlorder	1082	14373	0.0	-1.1866934151050696
P1_A485+Dux_ctrlorder	1083	223917	-0.0	-1.1866934151050696
P1_A485+Dux_ctrlorder	1084	245827	-0.0	-1.1866934151050696
P1_A485+Dux_ctrlorder	1085	19039	-0.0	-1.1866934151050696
P1_A485+Dux_ctrlorder	1086	75209	-0.0	-1.1866934151050696
P1_A485+Dux_ctrlorder	1087	110784	0.0	-1.1866934151050696
P1_A485+Dux_ctrlorder	1088	14128	-0.0	-1.1866934151050696
P1_A485+Dux_ctrlorder	1089	231147	0.0	-1.1866934151050696
P1_A485+Dux_ctrlorder	1090	80901	0.0	-1.1866934151050696
P1_A485+Dux_ctrlorder	1091	64242	0.0	-1.1866934151050696
P1_A485+Dux_ctrlorder	1092	69590	-0.0	-1.1866934151050696
P1_A485+Dux_ctrlorder	1093	272428	0.0	-1.1866934151050696
P1_A485+Dux_ctrlorder	1094	56631	-0.0	-1.1866934151050696
P1_A485+Dux_ctrlorder	1095	16147	0.0	-1.1866934151050696
P1_A485+Dux_ctrlorder	1096	15430	0.0	-1.1866934151050696
P1_A485+Dux_ctrlorder	1097	69693	0.0	-1.1866934151050696
P1_A485+Dux_ctrlorder	1098	214253	-0.0	-1.1866934151050696
P1_A485+Dux_ctrlorder	1099	20339	-0.0	-1.1866934151050696
P1_A485+Dux_ctrlorder	1100	20198	0.0	-1.1866934151050696
P1_A485+Dux_ctrlorder	1101	110893	0.0	-1.1866934151050696
P1_A485+Dux_ctrlorder	1102	23893	0.0	-1.1866934151050696
P1_A485+Dux_ctrlorder	1103	21786	-0.0	-1.1866934151050696
P1_A485+Dux_ctrlorder	1104	236285	0.0	-1.1866934151050696
P1_A485+Dux_ctrlorder	1105	668940	0.0	-1.1866934151050696
P1_A485+Dux_ctrlorder	1106	63993	-0.0	-1.1866934151050696
P1_A485+Dux_ctrlorder	1107	11670	-0.0	-1.1866934151050696
P1_A485+Dux_ctrlorder	1108	23967	-0.0	-1.1866934151050696
P1_A485+Dux_ctrlorder	1109	207181	-0.0	-1.1866934151050696
P1_A485+Dux_ctrlorder	1110	80976	0.0	-1.1866934151050696
P1_A485+Dux_ctrlorder	1111	66513	-0.0	-1.1866934151050696
P1_A485+Dux_ctrlorder	1112	108052	0.0	-1.1866934151050696
P1_A485+Dux_ctrlorder	1113	58222	-0.0	-1.1866934151050696
P1_A485+Dux_ctrlorder	1114	65963	-0.0	-1.1866934151050696
P1_A485+Dux_ctrlorder	1115	381853	0.0	-1.1866934151050696
P1_A485+Dux_ctrlorder	1116	208164	0.0	-1.1866934151050696
P1_A485+Dux_ctrlorder	1117	18596	0.0	-1.1866934151050696
P1_A485+Dux_ctrlorder	1118	330890	0.0	-1.1866934151050696
P1_A485+Dux_ctrlorder	1119	14205	0.0	-1.1866934151050696
P1_A485+Dux_ctrlorder	1120	68458	-0.0	-1.1866934151050696
P1_A485+Dux_ctrlorder	1121	11568	0.0	-1.1866934151050696
P1_A485+Dux_ctrlorder	1122	26561	0.0	-1.1866934151050696
P1_A485+Dux_ctrlorder	1123	18121	-0.0	-1.1866934151050696
P1_A485+Dux_ctrlorder	1124	20928	0.0	-1.1866934151050696
P1_A485+Dux_ctrlorder	1125	170721	0.0	-1.1866934151050696
P1_A485+Dux_ctrlorder	1126	76854	0.0	-1.1866934151050696
P1_A485+Dux_ctrlorder	1127	13654	-0.0	-1.1866934151050696
P1_A485+Dux_ctrlorder	1128	12796	-0.0	-1.1866934151050696
P1_A485+Dux_ctrlorder	1129	17082	-0.0	-1.1866934151050696
P1_A485+Dux_ctrlorder	1130	54167	-0.0	-1.1866934151050696
P1_A485+Dux_ctrlorder	1131	223646	-0.0	-1.1866934151050696
P1_A485+Dux_ctrlorder	1132	30794	-0.0	-1.1866934151050696
P1_A485+Dux_ctrlorder	1133	16371	0.0	-1.1866934151050696
P1_A485+Dux_ctrlorder	1134	23794	0.0	-1.1866934151050696
P1_A485+Dux_ctrlorder	1135	17984	-0.0	-1.1866934151050696
P1_A485+Dux_ctrlorder	1136	72310	0.0	-1.1866934151050696
P1_A485+Dux_ctrlorder	1137	213469	-0.0	-1.1866934151050696
P1_A485+Dux_ctrlorder	1138	18548	0.0	-1.1866934151050696
P1_A485+Dux_ctrlorder	1139	13516	-0.0	-1.1866934151050696
P1_A485+Dux_ctrlorder	1140	171166	-0.0	-1.1866934151050696
P1_A485+Dux_ctrlorder	1141	67272	-0.0	-1.1866934151050696
P1_A485+Dux_ctrlorder	1142	67937	-0.0	-1.1866934151050696
P1_A485+Dux_ctrlorder	1143	235281	-0.0	-1.1866934151050696
P1_A485+Dux_ctrlorder	1144	13602	0.0	-1.1866934151050696
P1_A485+Dux_ctrlorder	1145	12322	-0.0	-1.1866934151050696
P1_A485+Dux_ctrlorder	1146	216856	0.0	-1.1866934151050696
P1_A485+Dux_ctrlorder	1147	497097	-0.0	-1.1866934151050696
P1_A485+Dux_ctrlorder	1148	240667	0.0	-1.1866934151050696
P1_A485+Dux_ctrlorder	1149	15572	-0.0	-1.1866934151050696
P1_A485+Dux_ctrlorder	1150	74490	-0.0	-1.1866934151050696
P1_A485+Dux_ctrlorder	1151	22412	5.4405327069613575e-06	-1.1866879745723626
P1_A485+Dux_ctrlorder	1152	22256	-1.579997705289518e-05	-1.1867037745494156
P1_A485+Dux_ctrlorder	1153	20423	-8.554664289111696e-06	-1.1867123292137047
P1_A485+Dux_ctrlorder	1154	73327	8.022988257450967e-05	-1.1866320993311301
P1_A485+Dux_ctrlorder	1155	76044	1.775734212871279e-05	-1.1866143419890014
P1_A485+Dux_ctrlorder	1156	223881	2.043669269374097e-06	-1.186612298319732
P1_A485+Dux_ctrlorder	1157	66109	3.79879579781118e-06	-1.1866084995239343
P1_A485+Dux_ctrlorder	1158	268451	1.1546599030781326e-05	-1.1865969529249036
P1_A485+Dux_ctrlorder	1159	16881	1.184820403611248e-05	-1.1865851047208675
P1_A485+Dux_ctrlorder	1160	75564	-0.0001383540052777	-1.1867234587261453
P1_A485+Dux_ctrlorder	1161	17193	-1.848445449458752e-06	-1.1867253071715946
P1_A485+Dux_ctrlorder	1162	235040	5.424738982460323e-06	-1.1867198824326122
P1_A485+Dux_ctrlorder	1163	327954	9.380478149640124e-06	-1.1867105019544626
P1_A485+Dux_ctrlorder	1164	109674	0.000242617809613	-1.1864678841448495
P1_A485+Dux_ctrlorder	1165	83674	8.234154849044626e-06	-1.1864596499900004
P1_A485+Dux_ctrlorder	1166	20969	4.462899387025342e-05	-1.1864150209961302
P1_A485+Dux_ctrlorder	1167	68567	3.382001522711832e-05	-1.186381200980903
P1_A485+Dux_ctrlorder	1168	28240	-6.03665663231926e-05	-1.1864415675472262
P1_A485+Dux_ctrlorder	1169	54710	-5.993890869971043e-07	-1.1864421669363132
P1_A485+Dux_ctrlorder	1170	56224	2.9082688605877066e-05	-1.1864130842477074
P1_A485+Dux_ctrlorder	1171	75141	2.872510491182734e-05	-1.1863843591427956
P1_A485+Dux_ctrlorder	1172	14268	1.4173095525771609e-05	-1.1863701860472697
P1_A485+Dux_ctrlorder	1173	19268	0.0010285684648812	-1.1853416175823885
P1_A485+Dux_ctrlorder	1174	56811	0.0014653876947427	-1.1838762298876457
P1_A485+Dux_ctrlorder	1175	15118	4.806256809219644e-05	-1.1838281673195536
P1_A485+Dux_ctrlorder	1176	108000	1.060897161454833e-05	-1.1838175583479391
P1_A485+Dux_ctrlorder	1177	22276	9.349720964542876e-05	-1.1837240611382938
P1_A485+Dux_ctrlorder	1178	20650	4.534343715199297e-06	-1.1837195267945786
P1_A485+Dux_ctrlorder	1179	70779	0.0006812285303054	-1.183038298264273
P1_A485+Dux_ctrlorder	1180	19041	-2.47264955572283e-05	-1.1830630247598304
P1_A485+Dux_ctrlorder	1181	27999	-1.0234496284271115e-05	-1.1830732592561146
P1_A485+Dux_ctrlorder	1182	66771	9.658183105540246e-06	-1.1830636010730091
P1_A485+Dux_ctrlorder	1183	106389	1.5505271735452138e-05	-1.1830480958012737
P1_A485+Dux_ctrlorder	1184	72151	1.1734116250181802e-05	-1.1830363616850235
P1_A485+Dux_ctrlorder	1185	107305	3.053669038409092e-05	-1.1830058249946394
P1_A485+Dux_ctrlorder	1186	17380	-0.0003425873177065	-1.1833484123123459
P1_A485+Dux_ctrlorder	1187	73836	2.32520121373612e-05	-1.1833251603002086
P1_A485+Dux_ctrlorder	1188	71145	0.000191758602139	-1.1831334016980697
P1_A485+Dux_ctrlorder	1189	103710	2.406481700099148e-05	-1.1831093368810688
P1_A485+Dux_ctrlorder	1190	67993	5.232467003778297e-05	-1.183057012211031
P1_A485+Dux_ctrlorder	1191	71766	0.000126367073721	-1.18293064513731
P1_A485+Dux_ctrlorder	1192	67196	0.0001036803873054	-1.1828269647500047
P1_A485+Dux_ctrlorder	1193	380924	3.757930638904825e-05	-1.1827893854436156
P1_A485+Dux_ctrlorder	1194	55988	3.2764819230115034e-05	-1.1827566206243854
P1_A485+Dux_ctrlorder	1195	109620	-0.0003572016326568	-1.183113822257042
P1_A485+Dux_ctrlorder	1196	72776	-0.0003281811146636	-1.1834420033717057
P1_A485+Dux_ctrlorder	1197	230582	5.0606347409675e-05	-1.183391397024296
P1_A485+Dux_ctrlorder	1198	107508	-4.971267365685714e-07	-1.1833918941510326
P1_A485+Dux_ctrlorder	1199	19263	0.0001397204064712	-1.1832521737445614
P1_A485+Dux_ctrlorder	1200	20419	-0.0003606756776472	-1.1836128494222087
P1_A485+Dux_ctrlorder	1201	77579	-0.0019363803137163	-1.185549229735925
P1_A485+Dux_ctrlorder	1202	13836	-2.8938697080343043e-05	-1.1855781684330053
P1_A485+Dux_ctrlorder	1203	232146	0.0001641181031405	-1.185414050329865
P1_A485+Dux_ctrlorder	1204	104871	7.79735910610534e-05	-1.185336076738804
P1_A485+Dux_ctrlorder	1205	240638	0.0023803703466176	-1.1829557063921863
P1_A485+Dux_ctrlorder	1206	109242	-0.0008990630819731	-1.1838547694741595
P1_A485+Dux_ctrlorder	1207	18190	4.776810052961393e-06	-1.1838499926641064
P1_A485+Dux_ctrlorder	1208	28040	9.751143077003456e-05	-1.1837524812333364
P1_A485+Dux_ctrlorder	1209	74100	0.0001647899044763	-1.18358769132886
P1_A485+Dux_ctrlorder	1210	84036	0.0003846975768903	-1.18320299375197
P1_A485+Dux_ctrlorder	1211	208228	0.0001522043255268	-1.183050789426443
P1_A485+Dux_ctrlorder	1212	216760	6.268423560852512e-05	-1.1829881051908344
P1_A485+Dux_ctrlorder	1213	76960	6.126434592706367e-05	-1.1829268408449074
P1_A485+Dux_ctrlorder	1214	22271	0.0116190699182465	-1.1713077709266608
P1_A485+Dux_ctrlorder	1215	67103	-9.502624338782208e-05	-1.1714027971700487
P1_A485+Dux_ctrlorder	1216	68760	4.988254625934992e-05	-1.1713529146237893
P1_A485+Dux_ctrlorder	1217	16526	-8.526304029033036e-06	-1.1713614409278184
P1_A485+Dux_ctrlorder	1218	29859	9.728883826113423e-05	-1.1712641520895573
P1_A485+Dux_ctrlorder	1219	17874	-8.810752082333711e-05	-1.1713522596103807
P1_A485+Dux_ctrlorder	1220	94040	0.0033137118712054	-1.1680385477391753
P1_A485+Dux_ctrlorder	1221	219228	0.0008081629321619	-1.1672303848070134
P1_A485+Dux_ctrlorder	1222	269016	4.888299317638707e-05	-1.167181501813837
P1_A485+Dux_ctrlorder	1223	103968	2.5280381932911182e-05	-1.167156221431904
P1_A485+Dux_ctrlorder	1224	66930	7.593019084174657e-05	-1.1670802912410623
P1_A485+Dux_ctrlorder	1225	14805	0.0001298651924698	-1.1669504260485926
P1_A485+Dux_ctrlorder	1226	170745	0.000186947198477	-1.1667634788501156
P1_A485+Dux_ctrlorder	1227	320051	7.428083562412485e-05	-1.1666891980144913
P1_A485+Dux_ctrlorder	1228	22785	4.776989761644214e-05	-1.1666414281168749
P1_A485+Dux_ctrlorder	1229	16513	-3.498218871115319e-05	-1.166676410305586
P1_A485+Dux_ctrlorder	1230	72301	-0.0008635098802226	-1.1675399201858085
P1_A485+Dux_ctrlorder	1231	72685	-0.0001929397213193	-1.167732859907128
P1_A485+Dux_ctrlorder	1232	20350	-0.0037077672435169	-1.1714406271506448
P1_A485+Dux_ctrlorder	1233	59009	7.765619813623649e-05	-1.1713629709525086
P1_A485+Dux_ctrlorder	1234	242819	7.760749396752677e-05	-1.1712853634585412
P1_A485+Dux_ctrlorder	1235	218341	0.0003627836656707	-1.1709225797928704
P1_A485+Dux_ctrlorder	1236	74199	-1.8899069448285735e-05	-1.1709414788623187
P1_A485+Dux_ctrlorder	1237	268859	0.00014937761338	-1.1707921012489386
P1_A485+Dux_ctrlorder	1238	140792	9.61831562805773e-05	-1.170695918092658
P1_A485+Dux_ctrlorder	1239	192187	0.0011935506627178	-1.16950236742994
P1_A485+Dux_ctrlorder	1240	51801	-0.0001106764880691	-1.1696130439180092
P1_A485+Dux_ctrlorder	1241	60363	0.0001837262295348	-1.1694293176884745
P1_A485+Dux_ctrlorder	1242	52276	0.0003254502109411	-1.1691038674775334
P1_A485+Dux_ctrlorder	1243	77116	-2.045918289045354e-06	-1.1691059133958224
P1_A485+Dux_ctrlorder	1244	100705	-0.0015290585231932	-1.1706349719190157
P1_A485+Dux_ctrlorder	1245	19126	0.0001133603046018	-1.170521611614414
P1_A485+Dux_ctrlorder	1246	12311	0.0001244130380259	-1.1703971985763881
P1_A485+Dux_ctrlorder	1247	17387	0.0001673797038299	-1.1702298188725582
P1_A485+Dux_ctrlorder	1248	234593	0.0001381173020274	-1.1700917015705308
P1_A485+Dux_ctrlorder	1249	11684	0.00013395324218	-1.1699577483283508
P1_A485+Dux_ctrlorder	1250	239319	1.1532913074182444e-05	-1.1699462154152767
P1_A485+Dux_ctrlorder	1251	18476	0.0008489525496229	-1.1690972628656537
P1_A485+Dux_ctrlorder	1252	16510	6.762507758882953e-05	-1.169029637788065
P1_A485+Dux_ctrlorder	1253	21664	-0.0001683994274473	-1.1691980372155122
P1_A485+Dux_ctrlorder	1254	13106	-0.0001646138042992	-1.1693626510198114
P1_A485+Dux_ctrlorder	1255	12416	0.0001019216254472	-1.1692607293943642
P1_A485+Dux_ctrlorder	1256	23792	9.78145291269416e-05	-1.1691629148652372
P1_A485+Dux_ctrlorder	1257	67216	0.00026395576549	-1.1688989590997472
P1_A485+Dux_ctrlorder	1258	13058	-0.0006867523567812	-1.1695857114565285
P1_A485+Dux_ctrlorder	1259	17064	0.0002825206021897	-1.1693031908543388
P1_A485+Dux_ctrlorder	1260	15936	0.0017635214807525	-1.1675396693735862
P1_A485+Dux_ctrlorder	1261	58802	3.984153964810299e-06	-1.1675356852196215
P1_A485+Dux_ctrlorder	1262	70261	0.0001452481466421	-1.1673904370729793
P1_A485+Dux_ctrlorder	1263	11931	0.0016899992353883	-1.165700437837591
P1_A485+Dux_ctrlorder	1264	329324	8.782170737738156e-05	-1.1656126161302136
P1_A485+Dux_ctrlorder	1265	13506	0.0002296583410907	-1.1653829577891228
P1_A485+Dux_ctrlorder	1266	209584	0.0003325086696872	-1.1650504491194356
P1_A485+Dux_ctrlorder	1267	320633	0.0002316389149191	-1.1648188102045165
P1_A485+Dux_ctrlorder	1268	56513	0.0002053751344133	-1.1646134350701032
P1_A485+Dux_ctrlorder	1269	71994	0.0001485181760586	-1.1644649168940446
P1_A485+Dux_ctrlorder	1270	94229	0.0001386115594983	-1.1643263053345463
P1_A485+Dux_ctrlorder	1271	12823	0.0003076711786351	-1.1640186341559111
P1_A485+Dux_ctrlorder	1272	330908	0.0003554373842761	-1.163663196771635
P1_A485+Dux_ctrlorder	1273	546134	8.310463040536586e-05	-1.1635800921412298
P1_A485+Dux_ctrlorder	1274	245026	0.0001885556481697	-1.16339153649306
P1_A485+Dux_ctrlorder	1275	107449	0.0002882416111755	-1.1631032948818845
P1_A485+Dux_ctrlorder	1276	72930	0.0001206487783887	-1.1629826461034958
P1_A485+Dux_ctrlorder	1277	114713	8.266446747760515e-05	-1.1628999816360182
P1_A485+Dux_ctrlorder	1278	66990	4.901727666025632e-05	-1.1628509643593579
P1_A485+Dux_ctrlorder	1279	17079	0.0001761233308382	-1.1626748410285197
P1_A485+Dux_ctrlorder	1280	268527	0.0009787819313506	-1.161696059097169
P1_A485+Dux_ctrlorder	1281	74901	0.0003058146124751	-1.161390244484694
P1_A485+Dux_ctrlorder	1282	54720	-0.0009717309653878	-1.1623619754500818
P1_A485+Dux_ctrlorder	1283	192976	0.0003650837026203	-1.1619968917474615
P1_A485+Dux_ctrlorder	1284	224674	-0.0001521932597568	-1.1621490850072183
P1_A485+Dux_ctrlorder	1285	56419	0.0002520585567	-1.1618970264505182
P1_A485+Dux_ctrlorder	1286	12683	0.0020824834232075	-1.1598145430273106
P1_A485+Dux_ctrlorder	1287	73094	1.5464739224201864e-05	-1.1597990782880865
P1_A485+Dux_ctrlorder	1288	16420	0.0003846080203145	-1.159414470267772
P1_A485+Dux_ctrlorder	1289	384061	0.0045427579281452	-1.1548717123396268
P1_A485+Dux_ctrlorder	1290	75669	0.0002531061493381	-1.1546186061902888
P1_A485+Dux_ctrlorder	1291	72016	0.0001024807188987	-1.15451612547139
P1_A485+Dux_ctrlorder	1292	217410	0.0001568313120051	-1.154359294159385
P1_A485+Dux_ctrlorder	1293	243362	0.000182437330903	-1.154176856828482
P1_A485+Dux_ctrlorder	1294	14773	0.0010895805535198	-1.1530872762749622
P1_A485+Dux_ctrlorder	1295	11554	0.0004049063466146	-1.1526823699283477
P1_A485+Dux_ctrlorder	1296	72584	-3.3621988999251766e-05	-1.1527159919173469
P1_A485+Dux_ctrlorder	1297	18227	0.0001608275177745	-1.1525551643995724
P1_A485+Dux_ctrlorder	1298	21847	-0.000400078739794	-1.1529552431393664
P1_A485+Dux_ctrlorder	1299	384763	0.0001753362940776	-1.1527799068452889
P1_A485+Dux_ctrlorder	1300	140721	7.901111152591159e-05	-1.152700895733763
P1_A485+Dux_ctrlorder	1301	67426	-6.756430761346883e-05	-1.1527684600413766
P1_A485+Dux_ctrlorder	1302	330671	0.000145310096983	-1.1526231499443935
P1_A485+Dux_ctrlorder	1303	54420	0.0002419681147701	-1.1523811818296235
P1_A485+Dux_ctrlorder	1304	234199	-0.0004453781917854	-1.152826560021409
P1_A485+Dux_ctrlorder	1305	108927	0.0001349041214148	-1.1526916558999942
P1_A485+Dux_ctrlorder	1306	68777	-1.2851254597258524e-05	-1.1527045071545914
P1_A485+Dux_ctrlorder	1307	77976	-0.0002703365487969	-1.1529748437033882
P1_A485+Dux_ctrlorder	1308	16854	0.0090643805330039	-1.1439104631703843
P1_A485+Dux_ctrlorder	1309	18039	0.0007664633801476	-1.1431439997902366
P1_A485+Dux_ctrlorder	1310	72415	0.0001229777670294	-1.1430210220232073
P1_A485+Dux_ctrlorder	1311	217203	-0.0001786104984637	-1.1431996325216711
P1_A485+Dux_ctrlorder	1312	330301	0.0008722877734933	-1.1423273447481779
P1_A485+Dux_ctrlorder	1313	243574	0.000129063275019	-1.1421982814731588
P1_A485+Dux_ctrlorder	1314	72287	0.0019495191356146	-1.1402487623375441
P1_A485+Dux_ctrlorder	1315	237175	0.0002446676450476	-1.1400040946924965
P1_A485+Dux_ctrlorder	1316	19769	-0.0023411851189172	-1.1423452798114138
P1_A485+Dux_ctrlorder	1317	192678	9.4229102493573e-05	-1.14225105070892
P1_A485+Dux_ctrlorder	1318	108089	0.0019349984342889	-1.1403160522746312
P1_A485+Dux_ctrlorder	1319	14732	0.0001126072889516	-1.1402034449856795
P1_A485+Dux_ctrlorder	1320	70008	0.0013161406996015	-1.138887304286078
P1_A485+Dux_ctrlorder	1321	666048	0.0018714534109611	-1.137015850875117
P1_A485+Dux_ctrlorder	1322	226861	0.0002436688309258	-1.1367721820441912
P1_A485+Dux_ctrlorder	1323	18162	-0.0009197736621972	-1.1376919557063885
P1_A485+Dux_ctrlorder	1324	106347	0.0001923475184652	-1.1374996081879232
P1_A485+Dux_ctrlorder	1325	246707	0.0003087163327811	-1.137190891855142
P1_A485+Dux_ctrlorder	1326	214804	0.0006124231961084	-1.1365784686590337
P1_A485+Dux_ctrlorder	1327	16403	0.0001766536708035	-1.1364018149882302
P1_A485+Dux_ctrlorder	1328	105243	0.0002581129312226	-1.1361437020570075
P1_A485+Dux_ctrlorder	1329	433938	0.0002902460088597	-1.135853456048148
P1_A485+Dux_ctrlorder	1330	223272	0.0002185742121483	-1.1356348818359996
P1_A485+Dux_ctrlorder	1331	108147	0.0052714849441844	-1.1303633968918152
P1_A485+Dux_ctrlorder	1332	140580	0.0002306278895242	-1.130132769002291
P1_A485+Dux_ctrlorder	1333	22350	0.0016112048713936	-1.1285215641308974
P1_A485+Dux_ctrlorder	1334	17196	-0.0003045566180754	-1.128826120748973
P1_A485+Dux_ctrlorder	1335	329650	0.0001383425306902	-1.1286877782182827
P1_A485+Dux_ctrlorder	1336	100048534	8.080105569235912e-05	-1.1286069771625904
P1_A485+Dux_ctrlorder	1337	231125	0.0014764165093803	-1.12713056065321
P1_A485+Dux_ctrlorder	1338	71820	0.0002673989958538	-1.1268631616573563
P1_A485+Dux_ctrlorder	1339	23836	0.0001708915473062	-1.1266922701100501
P1_A485+Dux_ctrlorder	1340	319991	0.000232743833924	-1.126459526276126
P1_A485+Dux_ctrlorder	1341	23969	0.0001840635996468	-1.1262754626764793
P1_A485+Dux_ctrlorder	1342	224093	0.0016457140433522	-1.1246297486331271
P1_A485+Dux_ctrlorder	1343	70129	0.0016107626181347	-1.1230189860149924
P1_A485+Dux_ctrlorder	1344	17127	0.0003685652816787	-1.1226504207333137
P1_A485+Dux_ctrlorder	1345	83603	-0.0024713674286019	-1.1251217881619155
P1_A485+Dux_ctrlorder	1346	14763	0.0009862888215598	-1.1241354993403558
P1_A485+Dux_ctrlorder	1347	74013	0.0003977443645056	-1.1237377549758503
P1_A485+Dux_ctrlorder	1348	239364	0.0003994374466261	-1.1233383175292242
P1_A485+Dux_ctrlorder	1349	13618	6.742230956486649e-05	-1.1232708952196593
P1_A485+Dux_ctrlorder	1350	68010	-0.0004738128546864	-1.1237447080743457
P1_A485+Dux_ctrlorder	1351	74717	0.0004901538285491	-1.1232545542457966
P1_A485+Dux_ctrlorder	1352	319670	0.0007515657580934	-1.1225029884877031
P1_A485+Dux_ctrlorder	1353	16497	-0.0008684349544914	-1.1233714234421945
P1_A485+Dux_ctrlorder	1354	104271	-3.4156061890395444e-06	-1.1233748390483835
P1_A485+Dux_ctrlorder	1355	67800	0.0002515400478297	-1.1231232990005537
P1_A485+Dux_ctrlorder	1356	54126	0.0002203856528348	-1.1229029133477189
P1_A485+Dux_ctrlorder	1357	26415	0.0004559340342946	-1.1224469793134242
P1_A485+Dux_ctrlorder	1358	14760	0.0013750825507935	-1.1210718967626307
P1_A485+Dux_ctrlorder	1359	235134	0.0003153229806782	-1.1207565737819525
P1_A485+Dux_ctrlorder	1360	228482	0.0001565655076934	-1.120600008274259
P1_A485+Dux_ctrlorder	1361	72017	-0.0015952648529483	-1.1221952731272073
P1_A485+Dux_ctrlorder	1362	102774	-0.0006560966426722	-1.1228513697698796
P1_A485+Dux_ctrlorder	1363	20296	0.0003016838414357	-1.1225496859284438
P1_A485+Dux_ctrlorder	1364	20532	8.427365113727035e-05	-1.1224654122773066
P1_A485+Dux_ctrlorder	1365	18212	0.0033571334358483	-1.1191082788414584
P1_A485+Dux_ctrlorder	1366	226777	0.0003141630029645	-1.1187941158384938
P1_A485+Dux_ctrlorder	1367	330355	0.0002640807507119	-1.1185300350877818
P1_A485+Dux_ctrlorder	1368	20449	0.0004737815368984	-1.1180562535508833
P1_A485+Dux_ctrlorder	1369	70423	-9.574113024522822e-05	-1.1181519946811285
P1_A485+Dux_ctrlorder	1370	50765	2.384547406911877e-05	-1.1181281492070594
P1_A485+Dux_ctrlorder	1371	327957	5.664007199690874e-06	-1.1181224851998597
P1_A485+Dux_ctrlorder	1372	77015	0.0004780952229091	-1.1176443899769506
P1_A485+Dux_ctrlorder	1373	66011	0.0003669042038252	-1.1172774857731254
P1_A485+Dux_ctrlorder	1374	347722	0.0001954419814273	-1.117082043791698
P1_A485+Dux_ctrlorder	1375	73075	0.0003134433882402	-1.1167686004034578
P1_A485+Dux_ctrlorder	1376	57444	0.0010153298785635	-1.1157532705248943
P1_A485+Dux_ctrlorder	1377	19246	0.0002658973869693	-1.115487373137925
P1_A485+Dux_ctrlorder	1378	18441	-0.0008410864267652	-1.11632845956469
P1_A485+Dux_ctrlorder	1379	66349	0.0003472890878576	-1.1159811704768325
P1_A485+Dux_ctrlorder	1380	72778	-0.0002635309530925	-1.116244701429925
P1_A485+Dux_ctrlorder	1381	12038	0.0010448843922806	-1.1151998170376445
P1_A485+Dux_ctrlorder	1382	74761	-0.0005302891210715	-1.115730106158716
P1_A485+Dux_ctrlorder	1383	67703	0.000429856746425	-1.115300249412291
P1_A485+Dux_ctrlorder	1384	378431	0.0002365487782988	-1.1150637006339923
P1_A485+Dux_ctrlorder	1385	50500	-0.0002792362805389	-1.1153429369145311
P1_A485+Dux_ctrlorder	1386	67375	-0.0006743592756627	-1.1160172961901937
P1_A485+Dux_ctrlorder	1387	381379	-1.2605970070392914e-05	-1.1160299021602642
P1_A485+Dux_ctrlorder	1388	99010	0.0003227035107065	-1.1157071986495577
P1_A485+Dux_ctrlorder	1389	272636	0.0010870691312197	-1.114620129518338
P1_A485+Dux_ctrlorder	1390	237387	0.0001406851703515	-1.1144794443479864
P1_A485+Dux_ctrlorder	1391	235534	0.0008908294411325	-1.113588614906854
P1_A485+Dux_ctrlorder	1392	56078	0.0009855774899077	-1.1126030374169462
P1_A485+Dux_ctrlorder	1393	225358	0.0003788878530922	-1.112224149563854
P1_A485+Dux_ctrlorder	1394	12333	0.0002519807954283	-1.1119721687684259
P1_A485+Dux_ctrlorder	1395	207259	0.0007838981466667	-1.111188270621759
P1_A485+Dux_ctrlorder	1396	20912	0.0004669648745852	-1.1107213057471739
P1_A485+Dux_ctrlorder	1397	216867	2.7560111652304763e-05	-1.1106937456355215
P1_A485+Dux_ctrlorder	1398	80909	0.0006199973918289	-1.1100737482436926
P1_A485+Dux_ctrlorder	1399	76459	0.0023494915991398	-1.1077242566445529
P1_A485+Dux_ctrlorder	1400	67976	0.0012590699546519	-1.106465186689901
P1_A485+Dux_ctrlorder	1401	226098	0.0002617110993692	-1.1062034755905317
P1_A485+Dux_ctrlorder	1402	18563	-2.497892867607819e-05	-1.1062284545192078
P1_A485+Dux_ctrlorder	1403	13497	0.0004136506083009	-1.1058148039109068
P1_A485+Dux_ctrlorder	1404	109205	2.638373055669692e-05	-1.10578842018035
P1_A485+Dux_ctrlorder	1405	15945	-0.0013459578612095	-1.1071343780415595
P1_A485+Dux_ctrlorder	1406	71755	-0.0002433751877071	-1.1073777532292666
P1_A485+Dux_ctrlorder	1407	208518	0.0004447952471005	-1.106932957982166
P1_A485+Dux_ctrlorder	1408	22224	0.0001343532616409	-1.1067986047205252
P1_A485+Dux_ctrlorder	1409	74666	0.0002325916996068	-1.1065660130209183
P1_A485+Dux_ctrlorder	1410	68070	-9.279074204549968e-05	-1.1066588037629639
P1_A485+Dux_ctrlorder	1411	16590	0.0002920883514286	-1.1063667154115353
P1_A485+Dux_ctrlorder	1412	319613	0.0004770937425302	-1.105889621669005
P1_A485+Dux_ctrlorder	1413	78412	-4.6817599569593866e-05	-1.1059364392685747
P1_A485+Dux_ctrlorder	1414	101685	-0.0007710561586704	-1.1067074954272451
P1_A485+Dux_ctrlorder	1415	11480	0.0003671345173546	-1.1063403609098905
P1_A485+Dux_ctrlorder	1416	12190	0.0006623259864751	-1.1056780349234154
P1_A485+Dux_ctrlorder	1417	50874	-0.0007598287664441	-1.1064378636898595
P1_A485+Dux_ctrlorder	1418	11352	-9.711102681693698e-05	-1.1065349747166764
P1_A485+Dux_ctrlorder	1419	14163	0.0004403929369062	-1.1060945817797703
P1_A485+Dux_ctrlorder	1420	75345	-0.0008279621383508	-1.1069225439181212
P1_A485+Dux_ctrlorder	1421	105171	-0.000262320948421	-1.107184864866542
P1_A485+Dux_ctrlorder	1422	70676	0.0004794482693509	-1.1067054165971912
P1_A485+Dux_ctrlorder	1423	75690	-0.0013920594042043	-1.1080974760013955
P1_A485+Dux_ctrlorder	1424	216350	0.0015742703110292	-1.1065232056903662
P1_A485+Dux_ctrlorder	1425	100434	0.0001970713691263	-1.1063261343212398
P1_A485+Dux_ctrlorder	1426	14276	0.0002747460399898	-1.10605138828125
P1_A485+Dux_ctrlorder	1427	80890	-0.0002131064637232	-1.1062644947449731
P1_A485+Dux_ctrlorder	1428	12903	-0.0030847260337676	-1.1093492207787408
P1_A485+Dux_ctrlorder	1429	73407	-0.0005965530629725	-1.1099457738417133
P1_A485+Dux_ctrlorder	1430	12140	0.0002892770774063	-1.109656496764307
P1_A485+Dux_ctrlorder	1431	382913	0.0008874068008227	-1.1087690899634843
P1_A485+Dux_ctrlorder	1432	68801	0.0002255904602	-1.1085434995032843
P1_A485+Dux_ctrlorder	1433	224171	-0.0013657754902912	-1.1099092749935755
P1_A485+Dux_ctrlorder	1434	72008	0.0006601723074004	-1.109249102686175
P1_A485+Dux_ctrlorder	1435	106869	0.0003408896630048	-1.1089082130231702
P1_A485+Dux_ctrlorder	1436	328381	0.0010507328113781	-1.1078574802117922
P1_A485+Dux_ctrlorder	1437	70454	0.0005960540918044	-1.1072614261199878
P1_A485+Dux_ctrlorder	1438	14536	0.0005490414784074	-1.1067123846415803
P1_A485+Dux_ctrlorder	1439	20778	0.0001411812981273	-1.106571203343453
P1_A485+Dux_ctrlorder	1440	227197	0.0003379436509402	-1.1062332596925126
P1_A485+Dux_ctrlorder	1441	20682	0.0007477170359761	-1.1054855426565364
P1_A485+Dux_ctrlorder	1442	26377	0.0005362870378638	-1.1049492556186726
P1_A485+Dux_ctrlorder	1443	211484	0.0004864922905031	-1.1044627633281696
P1_A485+Dux_ctrlorder	1444	217262	0.0005187625153121	-1.1039440008128576
P1_A485+Dux_ctrlorder	1445	57443	0.0005341630556978	-1.1034098377571597
P1_A485+Dux_ctrlorder	1446	17756	0.0005991653258607	-1.102810672431299
P1_A485+Dux_ctrlorder	1447	29877	0.0011328137642329	-1.1016778586670661
P1_A485+Dux_ctrlorder	1448	72097	0.0003704259808161	-1.10130743268625
P1_A485+Dux_ctrlorder	1449	245595	0.00012494761786	-1.10118248506839
P1_A485+Dux_ctrlorder	1450	408022	0.0007181048920247	-1.1004643801763654
P1_A485+Dux_ctrlorder	1451	16591	0.0008874017775375	-1.0995769783988278
P1_A485+Dux_ctrlorder	1452	94091	0.0010443556136143	-1.0985326227852135
P1_A485+Dux_ctrlorder	1453	16656	0.0001512921532493	-1.098381330631964
P1_A485+Dux_ctrlorder	1454	12827	0.0002749977286871	-1.098106332903277
P1_A485+Dux_ctrlorder	1455	15200	-0.0039127789747832	-1.1020191118780602
P1_A485+Dux_ctrlorder	1456	52245	0.0005512689916771	-1.101467842886383
P1_A485+Dux_ctrlorder	1457	192232	0.0007401420670786	-1.1007277008193046
P1_A485+Dux_ctrlorder	1458	75668	0.0008949215965666	-1.099832779222738
P1_A485+Dux_ctrlorder	1459	330812	-0.0002928077347707	-1.1001255869575088
P1_A485+Dux_ctrlorder	1460	53972	0.0009495641725916	-1.0991760227849172
P1_A485+Dux_ctrlorder	1461	84035	0.0004157258161171	-1.0987602969688002
P1_A485+Dux_ctrlorder	1462	15904	0.0024510328845694	-1.0963092640842307
P1_A485+Dux_ctrlorder	1463	268780	0.0004630580679454	-1.0958462060162852
P1_A485+Dux_ctrlorder	1464	14067	0.0015254268413862	-1.094320779174899
P1_A485+Dux_ctrlorder	1465	76179	0.0007550801865593	-1.0935656989883398
P1_A485+Dux_ctrlorder	1466	22779	0.0023277910005879	-1.0912379079877519
P1_A485+Dux_ctrlorder	1467	69129	0.0005017083749114	-1.0907361996128404
P1_A485+Dux_ctrlorder	1468	108098	0.0006684959419498	-1.0900677036708906
P1_A485+Dux_ctrlorder	1469	214685	-0.0018816784521856	-1.0919493821230761
P1_A485+Dux_ctrlorder	1470	71998	0.0018976362923304	-1.0900517458307457
P1_A485+Dux_ctrlorder	1471	14221	0.0007262537382454	-1.0893254920925004
P1_A485+Dux_ctrlorder	1472	56047	0.0007129821175107	-1.0886125099749897
P1_A485+Dux_ctrlorder	1473	217946	0.0005610252047322	-1.0880514847702576
P1_A485+Dux_ctrlorder	1474	233406	0.0005374914402879	-1.0875139933299698
P1_A485+Dux_ctrlorder	1475	16975	0.0006367338223878	-1.086877259507582
P1_A485+Dux_ctrlorder	1476	208650	-2.8550544597370004e-05	-1.0869058100521793
P1_A485+Dux_ctrlorder	1477	104346	0.001407759155683	-1.0854980508964964
P1_A485+Dux_ctrlorder	1478	246048	0.0007941269175056	-1.0847039239789908
P1_A485+Dux_ctrlorder	1479	18602	9.577446684323964e-05	-1.0846081495121476
P1_A485+Dux_ctrlorder	1480	16159	0.0005836176442866	-1.084024531867861
P1_A485+Dux_ctrlorder	1481	17389	0.0007374161606541	-1.0832871157072068
P1_A485+Dux_ctrlorder	1482	208715	0.0007020305566664	-1.0825850851505403
P1_A485+Dux_ctrlorder	1483	13008	0.0003728488053502	-1.08221223634519
P1_A485+Dux_ctrlorder	1484	66412	0.001729658174778	-1.080482578170412
P1_A485+Dux_ctrlorder	1485	229228	0.0007107761211103	-1.0797718020493017
P1_A485+Dux_ctrlorder	1486	104445	0.0015780442472044	-1.0781937578020973
P1_A485+Dux_ctrlorder	1487	52589	0.0006456335757136	-1.0775481242263836
P1_A485+Dux_ctrlorder	1488	100040591	-0.0001241741668987	-1.0776722983932823
P1_A485+Dux_ctrlorder	1489	12519	-0.0004065654728854	-1.0780788638661676
P1_A485+Dux_ctrlorder	1490	21825	-0.0017847888348026	-1.0798636527009702
P1_A485+Dux_ctrlorder	1491	50490	0.0004743521305208	-1.0793893005704494
P1_A485+Dux_ctrlorder	1492	73747	0.0006676779631182	-1.078721622607331
P1_A485+Dux_ctrlorder	1493	234267	0.0006065647586353	-1.0781150578486958
P1_A485+Dux_ctrlorder	1494	12525	0.0019825479228106	-1.0761325099258852
P1_A485+Dux_ctrlorder	1495	22417	0.0006090575011094	-1.0755234524247759
P1_A485+Dux_ctrlorder	1496	68802	0.0008925589658557	-1.0746308934589202
P1_A485+Dux_ctrlorder	1497	54519	-0.002111151729749	-1.0767420451886691
P1_A485+Dux_ctrlorder	1498	57265	0.002543877013313	-1.074198168175356
P1_A485+Dux_ctrlorder	1499	19417	-0.0003208810682104	-1.0745190492435666
P1_A485+Dux_ctrlorder	1500	19395	-0.0010059145639457	-1.0755249638075122
P1_A485+Dux_ctrlorder	1501	13710	-0.0010537128346732	-1.0765786766421854
P1_A485+Dux_ctrlorder	1502	109272	0.0009999478741747	-1.0755787287680108
P1_A485+Dux_ctrlorder	1503	13850	0.0020513914468585	-1.0735273373211522
P1_A485+Dux_ctrlorder	1504	18526	0.0005171444955193	-1.073010192825633
P1_A485+Dux_ctrlorder	1505	14761	0.0019485096418751	-1.0710616831837578
P1_A485+Dux_ctrlorder	1506	633640	0.0011240967136537	-1.0699375864701042
P1_A485+Dux_ctrlorder	1507	22223	0.0004806061062043	-1.0694569803638998
P1_A485+Dux_ctrlorder	1508	73379	0.0003113224630213	-1.0691456579008785
P1_A485+Dux_ctrlorder	1509	72042	-2.430610709047265e-05	-1.0691699640079688
P1_A485+Dux_ctrlorder	1510	67865	-0.0001903483469695	-1.0693603123549382
P1_A485+Dux_ctrlorder	1511	109019	0.0013003680198611	-1.0680599443350771
P1_A485+Dux_ctrlorder	1512	14062	0.0018375317827383	-1.0662224125523387
P1_A485+Dux_ctrlorder	1513	20536	0.0003736352933806	-1.0658487772589582
P1_A485+Dux_ctrlorder	1514	320662	0.0007545114890141	-1.065094265769944
P1_A485+Dux_ctrlorder	1515	11733	0.000588377183567	-1.064505888586377
P1_A485+Dux_ctrlorder	1516	54326	0.0006883239436654	-1.0638175646427115
P1_A485+Dux_ctrlorder	1517	74091	0.0007155448697428	-1.0631020197729686
P1_A485+Dux_ctrlorder	1518	83429	0.0008567806318735	-1.062245239141095
P1_A485+Dux_ctrlorder	1519	65970	0.0002083571099177	-1.0620368820311774
P1_A485+Dux_ctrlorder	1520	16764	0.0006091656286702	-1.0614277164025072
P1_A485+Dux_ctrlorder	1521	53374	-0.000305587562319	-1.0617333039648262
P1_A485+Dux_ctrlorder	1522	12326	0.0020631704077368	-1.0596701335570895
P1_A485+Dux_ctrlorder	1523	78977	0.0033307344208548	-1.0563393991362346
P1_A485+Dux_ctrlorder	1524	55987	0.0005645365219017	-1.0557748626143328
P1_A485+Dux_ctrlorder	1525	18453	0.0009888057912916	-1.0547860568230412
P1_A485+Dux_ctrlorder	1526	14544	0.0005677780055065	-1.0542182788175347
P1_A485+Dux_ctrlorder	1527	73822	0.0008176603085829	-1.0534006185089517
P1_A485+Dux_ctrlorder	1528	16400	-0.0008503721875931	-1.054250990696545
P1_A485+Dux_ctrlorder	1529	239554	-0.0006376607588839	-1.0548886514554288
P1_A485+Dux_ctrlorder	1530	64929	0.0005194435754553	-1.0543692078799736
P1_A485+Dux_ctrlorder	1531	269774	-0.0008762287948052	-1.0552454366747788
P1_A485+Dux_ctrlorder	1532	67784	-0.000701811511711	-1.0559472481864898
P1_A485+Dux_ctrlorder	1533	11593	0.0004188638243346	-1.0555283843621552
P1_A485+Dux_ctrlorder	1534	26878	0.0042330602326259	-1.0512953241295293
P1_A485+Dux_ctrlorder	1535	74589	0.0034568103629788	-1.0478385137665505
P1_A485+Dux_ctrlorder	1536	71876	0.000741849426504	-1.0470966643400466
P1_A485+Dux_ctrlorder	1537	12483	-0.0009305900467697	-1.0480272543868163
P1_A485+Dux_ctrlorder	1538	214137	0.0006725098739078	-1.0473547445129086
P1_A485+Dux_ctrlorder	1539	22342	-0.0027632584706863	-1.0501180029835948
P1_A485+Dux_ctrlorder	1540	239273	0.001224644177298	-1.0488933588062967
P1_A485+Dux_ctrlorder	1541	19659	-0.0013724832101037	-1.0502658420164004
P1_A485+Dux_ctrlorder	1542	18205	0.0007350273060852	-1.0495308147103153
P1_A485+Dux_ctrlorder	1543	243983	0.0010686774242	-1.0484621372861154
P1_A485+Dux_ctrlorder	1544	14605	-0.0045732299649772	-1.0530353672510926
P1_A485+Dux_ctrlorder	1545	228778	0.0004434087986888	-1.0525919584524037
P1_A485+Dux_ctrlorder	1546	19739	0.0012508533217746	-1.0513411051306292
P1_A485+Dux_ctrlorder	1547	209558	0.0008678399154699	-1.0504732652151594
P1_A485+Dux_ctrlorder	1548	242505	0.000904367206664	-1.0495688980084954
P1_A485+Dux_ctrlorder	1549	22063	0.0007236586056452	-1.0488452394028502
P1_A485+Dux_ctrlorder	1550	57746	0.0011504395424925	-1.0476947998603576
P1_A485+Dux_ctrlorder	1551	17350	-0.0001342878754443	-1.0478290877358019
P1_A485+Dux_ctrlorder	1552	22370	-0.0009630420611676	-1.0487921297969696
P1_A485+Dux_ctrlorder	1553	17300	0.0015070152902399	-1.0472851145067297
P1_A485+Dux_ctrlorder	1554	227327	0.0011700888710609	-1.0461150256356688
P1_A485+Dux_ctrlorder	1555	74147	-0.0011930282200915	-1.0473080538557604
P1_A485+Dux_ctrlorder	1556	68099	0.0006394034741111	-1.0466686503816494
P1_A485+Dux_ctrlorder	1557	279561	0.0003358270435872	-1.0463328233380622
P1_A485+Dux_ctrlorder	1558	380713	0.0011916890043547	-1.0451411343337076
P1_A485+Dux_ctrlorder	1559	54609	0.0017584102822107	-1.0433827240514968
P1_A485+Dux_ctrlorder	1560	78134	0.0034134259957263	-1.0399692980557704
P1_A485+Dux_ctrlorder	1561	235028	0.0026582122906632	-1.0373110857651073
P1_A485+Dux_ctrlorder	1562	13824	0.0005692327144223	-1.0367418530506851
P1_A485+Dux_ctrlorder	1563	240087	0.0003083550954979	-1.0364334979551872
P1_A485+Dux_ctrlorder	1564	237353	0.0011622031474338	-1.0352712948077534
P1_A485+Dux_ctrlorder	1565	67819	-0.0003401750415046	-1.035611469849258
P1_A485+Dux_ctrlorder	1566	23999	0.001092464673265	-1.034519005175993
P1_A485+Dux_ctrlorder	1567	627049	0.0023624505835299	-1.0321565545924631
P1_A485+Dux_ctrlorder	1568	64706	0.0005994710893067	-1.0315570835031564
P1_A485+Dux_ctrlorder	1569	231470	0.0017233577090531	-1.0298337257941033
P1_A485+Dux_ctrlorder	1570	83921	0.0003871195410873	-1.0294466062530159
P1_A485+Dux_ctrlorder	1571	20525	0.0009726081785225	-1.0284739980744935
P1_A485+Dux_ctrlorder	1572	271005	0.0008618872640549	-1.0276121108104386
P1_A485+Dux_ctrlorder	1573	16404	0.0003118893686391	-1.0273002214417994
P1_A485+Dux_ctrlorder	1574	70928	0.0020796182289647	-1.0252206032128348
P1_A485+Dux_ctrlorder	1575	16431	0.0011072549373693	-1.0241133482754654
P1_A485+Dux_ctrlorder	1576	18616	-0.0012612667255727	-1.025374615001038
P1_A485+Dux_ctrlorder	1577	218461	0.0007699584554521	-1.024604656545586
P1_A485+Dux_ctrlorder	1578	17427	0.0041836885139951	-1.0204209680315908
P1_A485+Dux_ctrlorder	1579	140488	8.268994445171868e-05	-1.020338278087139
P1_A485+Dux_ctrlorder	1580	216850	0.0007965809041356	-1.0195416971830034
P1_A485+Dux_ctrlorder	1581	94180	0.0008362488486059	-1.0187054483343974
P1_A485+Dux_ctrlorder	1582	67582	0.0022851671786066	-1.0164202811557908
P1_A485+Dux_ctrlorder	1583	320508	0.0026366370244942	-1.0137836441312966
P1_A485+Dux_ctrlorder	1584	83671	0.0012455827922703	-1.0125380613390262
P1_A485+Dux_ctrlorder	1585	14802	0.0014066545736515	-1.0111314067653747
P1_A485+Dux_ctrlorder	1586	28146	0.0013248977886717	-1.009806508976703
P1_A485+Dux_ctrlorder	1587	23928	0.0006910484890941	-1.009115460487609
P1_A485+Dux_ctrlorder	1588	234857	0.0016245459046364	-1.0074909145829725
P1_A485+Dux_ctrlorder	1589	23882	0.0005865138178364	-1.006904400765136
P1_A485+Dux_ctrlorder	1590	19130	0.0020433015915364	-1.0048610991735996
P1_A485+Dux_ctrlorder	1591	19275	-0.0005633165762749	-1.0054244157498744
P1_A485+Dux_ctrlorder	1592	381217	0.0007731697581887	-1.0046512459916856
P1_A485+Dux_ctrlorder	1593	225997	0.0010526964300206	-1.003598549561665
P1_A485+Dux_ctrlorder	1594	15902	0.000395879627907	-1.003202669933758
P1_A485+Dux_ctrlorder	1595	57890	0.0024476302491678	-1.0007550396845901
P1_A485+Dux_ctrlorder	1596	213484	-0.000295048185244	-1.001050087869834
P1_A485+Dux_ctrlorder	1597	208768	0.0006694649610872	-1.0003806229087469
P1_A485+Dux_ctrlorder	1598	56794	0.0011908910070615	-0.9991897319016854
P1_A485+Dux_ctrlorder	1599	30935	0.0037070984854267	-0.9954826334162586
P1_A485+Dux_ctrlorder	1600	319504	0.0042428966645908	-0.9912397367516679
P1_A485+Dux_ctrlorder	1601	216049	0.0014238224381338	-0.9898159143135341
P1_A485+Dux_ctrlorder	1602	74166	0.0018144801701577	-0.9880014341433764
P1_A485+Dux_ctrlorder	1603	67059	0.000841156545238	-0.9871602775981384
P1_A485+Dux_ctrlorder	1604	14369	0.0019150716197078	-0.9852452059784306
P1_A485+Dux_ctrlorder	1605	12348	0.0021915247134961	-0.9830536812649344
P1_A485+Dux_ctrlorder	1606	209966	0.0009232013430776	-0.9821304799218569
P1_A485+Dux_ctrlorder	1607	11489	0.0021011391995297	-0.9800293407223272
P1_A485+Dux_ctrlorder	1608	320495	0.0015267250000724	-0.9785026157222547
P1_A485+Dux_ctrlorder	1609	16467	0.0026440441032026	-0.9758585716190521
P1_A485+Dux_ctrlorder	1610	211949	0.0027560477494336	-0.9731025238696185
P1_A485+Dux_ctrlorder	1611	268297	0.0023369112270008	-0.9707656126426177
P1_A485+Dux_ctrlorder	1612	54123	0.0023760248551698	-0.968389587787448
P1_A485+Dux_ctrlorder	1613	16598	0.00135727390098	-0.967032313886468
P1_A485+Dux_ctrlorder	1614	226255	0.0058796491766752	-0.9611526647097929
P1_A485+Dux_ctrlorder	1615	67480	0.001399227985179	-0.9597534367246139
P1_A485+Dux_ctrlorder	1616	104816	-9.13718750355557e-05	-0.9598448085996495
P1_A485+Dux_ctrlorder	1617	93838	8.213405755071403e-05	-0.9597626745420987
P1_A485+Dux_ctrlorder	1618	12286	-0.0002769014965949	-0.9600395760386936
P1_A485+Dux_ctrlorder	1619	102124	0.0037723748916637	-0.9562672011470299
P1_A485+Dux_ctrlorder	1620	74202	0.0009989479030071	-0.9552682532440228
P1_A485+Dux_ctrlorder	1621	12702	0.0029358274018282	-0.9523324258421946
P1_A485+Dux_ctrlorder	1622	329278	0.0021028934874167	-0.9502295323547779
P1_A485+Dux_ctrlorder	1623	17153	-0.0024912772241498	-0.9527208095789277
P1_A485+Dux_ctrlorder	1624	237211	0.0019201677454227	-0.950800641833505
P1_A485+Dux_ctrlorder	1625	67211	0.0016494726980614	-0.9491511691354436
P1_A485+Dux_ctrlorder	1626	236904	0.0013332347136088	-0.9478179344218348
P1_A485+Dux_ctrlorder	1627	12978	-0.0025614949983064	-0.9503794294201412
P1_A485+Dux_ctrlorder	1628	271711	0.0015159370467639	-0.9488634923733773
P1_A485+Dux_ctrlorder	1629	381175	0.0013509112999726	-0.9475125810734047
P1_A485+Dux_ctrlorder	1630	330189	-0.0002965683155691	-0.9478091493889739
P1_A485+Dux_ctrlorder	1631	18230	0.0015447762307202	-0.9462643731582536
P1_A485+Dux_ctrlorder	1632	232946	-0.0010850656682061	-0.9473494388264597
P1_A485+Dux_ctrlorder	1633	625249	0.0022203753612435	-0.9451290634652162
P1_A485+Dux_ctrlorder	1634	18769	0.0020837345082808	-0.9430453289569354
P1_A485+Dux_ctrlorder	1635	215798	0.0021493764777444	-0.940895952479191
P1_A485+Dux_ctrlorder	1636	19245	-0.0004251421672134	-0.9413210946464045
P1_A485+Dux_ctrlorder	1637	73825	0.0016483403686527	-0.9396727542777518
P1_A485+Dux_ctrlorder	1638	232976	0.0013728783803222	-0.9382998758974296
P1_A485+Dux_ctrlorder	1639	116837	0.0005593546911974	-0.9377405212062322
P1_A485+Dux_ctrlorder	1640	20104	0.0018089615225703	-0.9359315596836619
P1_A485+Dux_ctrlorder	1641	18823	0.0032140834796851	-0.9327174762039768
P1_A485+Dux_ctrlorder	1642	13522	0.0028812227210137	-0.9298362534829632
P1_A485+Dux_ctrlorder	1643	170711	-0.001691387297114	-0.9315276407800772
P1_A485+Dux_ctrlorder	1644	18985	0.0083137690165953	-0.9232138717634819
P1_A485+Dux_ctrlorder	1645	14026	0.0008877444902839	-0.922326127273198
P1_A485+Dux_ctrlorder	1646	319634	0.002267989783574	-0.920058137489624
P1_A485+Dux_ctrlorder	1647	20462	0.0021715086981173	-0.9178866287915066
P1_A485+Dux_ctrlorder	1648	66279	0.0021908907308939	-0.9156957380606128
P1_A485+Dux_ctrlorder	1649	50784	0.002311020501666	-0.9133847175589468
P1_A485+Dux_ctrlorder	1650	11720	0.0020919150704778	-0.911292802488469
P1_A485+Dux_ctrlorder	1651	72607	0.0014783833758551	-0.9098144191126138
P1_A485+Dux_ctrlorder	1652	26912	0.0012990507047141	-0.9085153684078997
P1_A485+Dux_ctrlorder	1653	20377	0.0047577241307672	-0.9037576442771325
P1_A485+Dux_ctrlorder	1654	53625	0.0006293323912727	-0.9031283118858597
P1_A485+Dux_ctrlorder	1655	225913	0.0010582639598473	-0.9020700479260124
P1_A485+Dux_ctrlorder	1656	15939	0.0022958094870098	-0.8997742384390026
P1_A485+Dux_ctrlorder	1657	72050	0.002115684913477	-0.8976585535255256
P1_A485+Dux_ctrlorder	1658	12449	0.0017906992069141	-0.8958678543186115
P1_A485+Dux_ctrlorder	1659	66999	0.0013483867365799	-0.8945194675820316
P1_A485+Dux_ctrlorder	1660	67238	0.0014124560963544	-0.8931070114856772
P1_A485+Dux_ctrlorder	1661	16531	0.0022304996130888	-0.8908765118725883
P1_A485+Dux_ctrlorder	1662	272347	0.0001526604491259	-0.8907238514234624
P1_A485+Dux_ctrlorder	1663	78376	0.0008630048836954	-0.889860846539767
P1_A485+Dux_ctrlorder	1664	207792	0.0033798332858855	-0.8864810132538815
P1_A485+Dux_ctrlorder	1665	83433	0.0007702937630229	-0.8857107194908587
P1_A485+Dux_ctrlorder	1666	240354	0.0008576894764051	-0.8848530300144536
P1_A485+Dux_ctrlorder	1667	22021	0.0011794584309701	-0.8836735715834835
P1_A485+Dux_ctrlorder	1668	66083	0.0016158524521407	-0.8820577191313428
P1_A485+Dux_ctrlorder	1669	75750	0.0038123284150242	-0.8782453907163186
P1_A485+Dux_ctrlorder	1670	55963	0.0021116851236101	-0.8761337055927084
P1_A485+Dux_ctrlorder	1671	19342	0.0025591481090356	-0.8735745574836729
P1_A485+Dux_ctrlorder	1672	70574	0.0028437661310961	-0.8707307913525768
P1_A485+Dux_ctrlorder	1673	193838	0.0019990522355052	-0.8687317391170716
P1_A485+Dux_ctrlorder	1674	245527	0.0026369182804809	-0.8660948208365907
P1_A485+Dux_ctrlorder	1675	18415	0.0016724432691552	-0.8644223775674356
P1_A485+Dux_ctrlorder	1676	114606	0.0018451431936727	-0.8625772343737629
P1_A485+Dux_ctrlorder	1677	14184	0.004654866969176	-0.8579223674045868
P1_A485+Dux_ctrlorder	1678	68728	0.0009044474520725	-0.8570179199525143
P1_A485+Dux_ctrlorder	1679	67419	-0.0026594196167163	-0.8596773395692306
P1_A485+Dux_ctrlorder	1680	56523	0.0013243584743302	-0.8583529810949004
P1_A485+Dux_ctrlorder	1681	241226	0.0018938763465607	-0.8564591047483398
P1_A485+Dux_ctrlorder	1682	71607	0.0044117353180621	-0.8520473694302777
P1_A485+Dux_ctrlorder	1683	20343	0.0019084654163825	-0.8501389040138952
P1_A485+Dux_ctrlorder	1684	230514	0.0015596110349665	-0.8485792929789288
P1_A485+Dux_ctrlorder	1685	268860	-0.0014068268537951	-0.8499861198327239
P1_A485+Dux_ctrlorder	1686	319953	0.0013729414025949	-0.848613178430129
P1_A485+Dux_ctrlorder	1687	56213	0.0028020991964409	-0.845811079233688
P1_A485+Dux_ctrlorder	1688	12166	0.0011925187617461	-0.844618560471942
P1_A485+Dux_ctrlorder	1689	56527	0.0003892518068968	-0.8442293086650452
P1_A485+Dux_ctrlorder	1690	217558	0.0031613826103857	-0.8410679260546595
P1_A485+Dux_ctrlorder	1691	23871	0.0012806169632693	-0.8397873090913902
P1_A485+Dux_ctrlorder	1692	71699	0.0018915976356596	-0.8378957114557306
P1_A485+Dux_ctrlorder	1693	72948	-0.0023016818731496	-0.8401973933288802
P1_A485+Dux_ctrlorder	1694	68799	0.0038882212602745	-0.8363091720686057
P1_A485+Dux_ctrlorder	1695	105727	0.0026670300895773	-0.8336421419790284
P1_A485+Dux_ctrlorder	1696	19703	0.0039054783732719	-0.8297366636057565
P1_A485+Dux_ctrlorder	1697	194388	0.0028957089152813	-0.8268409546904751
P1_A485+Dux_ctrlorder	1698	56017	0.0050411902896232	-0.8217997644008519
P1_A485+Dux_ctrlorder	1699	74241	0.0013569487991228	-0.820442815601729
P1_A485+Dux_ctrlorder	1700	213208	0.0022334601910117	-0.8182093554107174
P1_A485+Dux_ctrlorder	1701	17189	0.0029730552016854	-0.8152363002090319
P1_A485+Dux_ctrlorder	1702	229599	0.002554866861961	-0.8126814333470709
P1_A485+Dux_ctrlorder	1703	12830	0.0072407392691485	-0.8054406940779224
P1_A485+Dux_ctrlorder	1704	224661	0.0023875577970568	-0.8030531362808656
P1_A485+Dux_ctrlorder	1705	20474	0.0037914232136758	-0.7992617130671898
P1_A485+Dux_ctrlorder	1706	20288	0.0048010685159099	-0.79446064455128
P1_A485+Dux_ctrlorder	1707	11606	0.0013493715686268	-0.7931112729826532
P1_A485+Dux_ctrlorder	1708	66329	0.0011951992111452	-0.791916073771508
P1_A485+Dux_ctrlorder	1709	13681	0.0032664059551051	-0.7886496678164029
P1_A485+Dux_ctrlorder	1710	54366	0.0005187641577585	-0.7881309036586444
P1_A485+Dux_ctrlorder	1711	14735	0.0142565281679125	-0.7738743754907319
P1_A485+Dux_ctrlorder	1712	75782	0.0030933841055012	-0.7707809913852307
P1_A485+Dux_ctrlorder	1713	64705	0.0024095053349932	-0.7683714860502375
P1_A485+Dux_ctrlorder	1714	244653	0.0025141841996997	-0.7658573018505378
P1_A485+Dux_ctrlorder	1715	60594	0.0055148483859093	-0.7603424534646285
P1_A485+Dux_ctrlorder	1716	234515	0.0031503656750582	-0.7571920877895703
P1_A485+Dux_ctrlorder	1717	17219	0.0012505547114055	-0.7559415330781648
P1_A485+Dux_ctrlorder	1718	109594	0.0010342229392545	-0.7549073101389103
P1_A485+Dux_ctrlorder	1719	226841	-0.0011926630494418	-0.7560999731883521
P1_A485+Dux_ctrlorder	1720	56720	0.0033028867987939	-0.7527970863895582
P1_A485+Dux_ctrlorder	1721	68393	0.0027749997077611	-0.7500220866817972
P1_A485+Dux_ctrlorder	1722	21426	0.0043570438544454	-0.7456650428273518
P1_A485+Dux_ctrlorder	1723	71532	0.0035694705861466	-0.7420955722412051
P1_A485+Dux_ctrlorder	1724	20540	0.0067133721232164	-0.7353822001179887
P1_A485+Dux_ctrlorder	1725	19696	0.0023607076044971	-0.7330214925134916
P1_A485+Dux_ctrlorder	1726	353502	0.0021228056392056	-0.7308986868742859
P1_A485+Dux_ctrlorder	1727	52588	0.0026432074659733	-0.7282554794083126
P1_A485+Dux_ctrlorder	1728	14050	0.0052862666008984	-0.7229692128074142
P1_A485+Dux_ctrlorder	1729	209212	0.0012931740953487	-0.7216760387120655
P1_A485+Dux_ctrlorder	1730	14612	0.0026470767766184	-0.7190289619354472
P1_A485+Dux_ctrlorder	1731	74194	-0.001389176663924	-0.7204181385993712
P1_A485+Dux_ctrlorder	1732	12986	0.0019526653494259	-0.7184654732499453
P1_A485+Dux_ctrlorder	1733	54698	0.0018868840020785	-0.7165785892478668
P1_A485+Dux_ctrlorder	1734	109245	-0.0002969254276401	-0.7168755146755069
P1_A485+Dux_ctrlorder	1735	81006	0.0036793509417793	-0.7131961637337276
P1_A485+Dux_ctrlorder	1736	13838	0.0026742946604562	-0.7105218690732714
P1_A485+Dux_ctrlorder	1737	232441	0.0020627952786765	-0.7084590737945949
P1_A485+Dux_ctrlorder	1738	56508	0.0031521443429486	-0.7053069294516463
P1_A485+Dux_ctrlorder	1739	227674	0.0043096746636786	-0.7009972547879677
P1_A485+Dux_ctrlorder	1740	94088	0.0022660802849894	-0.6987311745029783
P1_A485+Dux_ctrlorder	1741	16826	0.0028216457641875	-0.6959095287387908
P1_A485+Dux_ctrlorder	1742	14696	0.0029926289740227	-0.692916899764768
P1_A485+Dux_ctrlorder	1743	12323	0.0017522694564132	-0.6911646303083548
P1_A485+Dux_ctrlorder	1744	67963	0.0037913328630216	-0.6873732974453333
P1_A485+Dux_ctrlorder	1745	17390	0.0019337601581961	-0.6854395372871371
P1_A485+Dux_ctrlorder	1746	26922	0.0053547006733455	-0.6800848366137916
P1_A485+Dux_ctrlorder	1747	320204	0.0031777159766892	-0.6769071206371023
P1_A485+Dux_ctrlorder	1748	240518	0.0027040302603716	-0.6742030903767308
P1_A485+Dux_ctrlorder	1749	225266	0.004378420148002	-0.6698246702287287
P1_A485+Dux_ctrlorder	1750	16162	0.0028063141039169	-0.6670183561248119
P1_A485+Dux_ctrlorder	1751	71911	0.0049670078242601	-0.6620513483005518
P1_A485+Dux_ctrlorder	1752	13603	0.0035781091006599	-0.6584732391998919
P1_A485+Dux_ctrlorder	1753	78284	0.0026309076472217	-0.6558423315526701
P1_A485+Dux_ctrlorder	1754	68082	0.0043735763600526	-0.6514687551926175
P1_A485+Dux_ctrlorder	1755	171285	0.0070733492779004	-0.6443954059147171
P1_A485+Dux_ctrlorder	1756	11307	-1.7360474155425765e-05	-0.6444127663888726
P1_A485+Dux_ctrlorder	1757	338362	0.0020088592032675	-0.642403907185605
P1_A485+Dux_ctrlorder	1758	12818	0.0121486213027027	-0.6302552858829024
P1_A485+Dux_ctrlorder	1759	217154	0.0073120575920228	-0.6229432282908796
P1_A485+Dux_ctrlorder	1760	231760	0.0026671799917907	-0.6202760482990889
P1_A485+Dux_ctrlorder	1761	192192	0.0020833275483528	-0.6181927207507361
P1_A485+Dux_ctrlorder	1762	83453	0.00539339164297	-0.612799329107766
P1_A485+Dux_ctrlorder	1763	230784	0.0049763988529436	-0.6078229302548224
P1_A485+Dux_ctrlorder	1764	72003	0.0041938950199743	-0.6036290352348481
P1_A485+Dux_ctrlorder	1765	56434	0.0036001074241044	-0.6000289278107437
P1_A485+Dux_ctrlorder	1766	59288	0.0049276056066739	-0.5951013222040697
P1_A485+Dux_ctrlorder	1767	94185	0.0066505616982942	-0.5884507605057755
P1_A485+Dux_ctrlorder	1768	116847	0.0036987239303799	-0.5847520365753955
P1_A485+Dux_ctrlorder	1769	67369	0.0025634721273374	-0.5821885644480581
P1_A485+Dux_ctrlorder	1770	15894	0.0161722477319894	-0.5660163167160687
P1_A485+Dux_ctrlorder	1771	68259	0.003212151280731	-0.5628041654353376
P1_A485+Dux_ctrlorder	1772	14919	0.0007824057900268	-0.5620217596453109
P1_A485+Dux_ctrlorder	1773	16797	0.0029093793538686	-0.5591123802914423
P1_A485+Dux_ctrlorder	1774	67739	0.0054364678071856	-0.5536759124842566
P1_A485+Dux_ctrlorder	1775	76142	0.0051509268115909	-0.5485249856726657
P1_A485+Dux_ctrlorder	1776	56399	0.0052459800524858	-0.5432790056201799
P1_A485+Dux_ctrlorder	1777	231207	0.0076329118630311	-0.5356460937571489
P1_A485+Dux_ctrlorder	1778	66464	0.0032619954558983	-0.5323840983012506
P1_A485+Dux_ctrlorder	1779	15273	0.003874959194614	-0.5285091391066365
P1_A485+Dux_ctrlorder	1780	58180	0.0044082151820185	-0.524100923924618
P1_A485+Dux_ctrlorder	1781	14119	-0.0009362815542021	-0.5250372054788202
P1_A485+Dux_ctrlorder	1782	208154	0.005898567330803	-0.5191386381480172
P1_A485+Dux_ctrlorder	1783	217935	0.0034919726536647	-0.5156466654943525
P1_A485+Dux_ctrlorder	1784	76491	0.0048880872645179	-0.5107585782298345
P1_A485+Dux_ctrlorder	1785	246104	0.0082884153674013	-0.5024701628624332
P1_A485+Dux_ctrlorder	1786	231712	0.0054076187742035	-0.4970625440882297
P1_A485+Dux_ctrlorder	1787	110521	0.0055364697313905	-0.4915260743568392
P1_A485+Dux_ctrlorder	1788	269643	0.0067655807461219	-0.4847604936107173
P1_A485+Dux_ctrlorder	1789	53791	0.0037495272282688	-0.4810109663824485
P1_A485+Dux_ctrlorder	1790	78749	0.0035039475019892	-0.4775070188804593
P1_A485+Dux_ctrlorder	1791	225998	0.0032567479787933	-0.47425027090166605
P1_A485+Dux_ctrlorder	1792	230379	0.0029471114644441	-0.47130315943722195
P1_A485+Dux_ctrlorder	1793	23923	0.005517832235674	-0.46578532720154797
P1_A485+Dux_ctrlorder	1794	18762	0.0067268262947869	-0.4590585009067611
P1_A485+Dux_ctrlorder	1795	73668	0.0046826665858874	-0.4543758343208737
P1_A485+Dux_ctrlorder	1796	18585	0.0041601234047306	-0.4502157109161431
P1_A485+Dux_ctrlorder	1797	16456	0.008112714040941	-0.4421029968752021
P1_A485+Dux_ctrlorder	1798	12512	0.0065636750228213	-0.4355393218523808
P1_A485+Dux_ctrlorder	1799	242860	0.0058912057480047	-0.4296481161043761
P1_A485+Dux_ctrlorder	1800	17342	0.0067726718615383	-0.4228754442428378
P1_A485+Dux_ctrlorder	1801	104458	0.0045725012650754	-0.4183029429777624
P1_A485+Dux_ctrlorder	1802	76025	0.0050779999733803	-0.41322494300438206
P1_A485+Dux_ctrlorder	1803	71835	0.0089830940827526	-0.40424184892162945
P1_A485+Dux_ctrlorder	1804	58998	0.0028296706998928	-0.40141217822173664
P1_A485+Dux_ctrlorder	1805	100019	0.0052781063757227	-0.39613407184601396
P1_A485+Dux_ctrlorder	1806	27528	0.0021531742386276	-0.39398089760738636
P1_A485+Dux_ctrlorder	1807	17880	0.0071968373746346	-0.38678406023275175
P1_A485+Dux_ctrlorder	1808	17117	0.0061954958843562	-0.38058856434839555
P1_A485+Dux_ctrlorder	1809	66269	0.0080599537101756	-0.37252861063821996
P1_A485+Dux_ctrlorder	1810	16889	0.0030193855646611	-0.3695092250735589
P1_A485+Dux_ctrlorder	1811	15212	0.0107236557012461	-0.35878556937231276
P1_A485+Dux_ctrlorder	1812	19736	0.0061532529311576	-0.35263231644115517
P1_A485+Dux_ctrlorder	1813	16008	0.0120482940268823	-0.3405840224142729
P1_A485+Dux_ctrlorder	1814	29856	0.0098496144372076	-0.33073440797706527
P1_A485+Dux_ctrlorder	1815	66336	0.0035662974482076	-0.3271681105288577
P1_A485+Dux_ctrlorder	1816	71310	0.0073716732547905	-0.3197964372740672
P1_A485+Dux_ctrlorder	1817	12398	0.008155180116942	-0.3116412571571252
P1_A485+Dux_ctrlorder	1818	18294	0.00746271599398	-0.3041785411631452
P1_A485+Dux_ctrlorder	1819	13040	0.0051302999498059	-0.2990482412133393
P1_A485+Dux_ctrlorder	1820	15277	0.0006119903935693	-0.29843625081977
P1_A485+Dux_ctrlorder	1821	64918	0.0125119787129983	-0.2859242721067717
P1_A485+Dux_ctrlorder	1822	319974	0.0062084176517937	-0.279715854454978
P1_A485+Dux_ctrlorder	1823	229699	0.0022737813351983	-0.2774420731197797
P1_A485+Dux_ctrlorder	1824	29862	0.0087881069260594	-0.2686539661937203
P1_A485+Dux_ctrlorder	1825	17436	0.0058952297956798	-0.2627587363980405
P1_A485+Dux_ctrlorder	1826	320438	0.0067491330019444	-0.2560096033960961
P1_A485+Dux_ctrlorder	1827	67848	0.0053854742060742	-0.25062412919002186
P1_A485+Dux_ctrlorder	1828	12568	0.0097472579222786	-0.24087687126774326
P1_A485+Dux_ctrlorder	1829	12826	0.0045163253925575	-0.23636054587518576
P1_A485+Dux_ctrlorder	1830	214901	0.0062647047424753	-0.23009584113271045
P1_A485+Dux_ctrlorder	1831	67374	0.0078954746021442	-0.22220036653056624
P1_A485+Dux_ctrlorder	1832	16842	0.0074655386472088	-0.21473482788335743
P1_A485+Dux_ctrlorder	1833	23805	0.0095366344092302	-0.20519819347412724
P1_A485+Dux_ctrlorder	1834	238271	0.0145941874194442	-0.19060400605468303
P1_A485+Dux_ctrlorder	1835	26903	0.0075850421981765	-0.18301896385650654
P1_A485+Dux_ctrlorder	1836	53422	0.0114588135035759	-0.17156015035293065
P1_A485+Dux_ctrlorder	1837	235587	0.0396234646305708	-0.13193668572235984
P1_A485+Dux_ctrlorder	1838	68603	0.0186925593959895	-0.11324412632637033
P1_A485+Dux_ctrlorder	1839	13011	0.0495639073435484	-0.06368021898282193
