0	event_type	dPSI_control	SRR30827713	SRR30827730	SRR30827783	SRR30827776	SRR30827778	SRR30827772	SRR30827782	SRR30827770	SRR30827719	SRR30827779	SRR30827775	SRR30827763	SRR30827781	SRR30827771	SRR30827741	SRR30827780	SRR30827752	SRR30827784	SRR30827785	SRR30827786	SRR30827773	SRR30827714	SRR30827774
ENSMUSG00000046679;A5:6:86415829-86420709:86415776-86420709:+	A5	0.8953808100252679	0.0	0.0205175455703436	0.0	0.9780786564178372	0.0	1.0	0.8830389819131501	0.9999999998833634	0.0522956793065249	1.0	0.6973678163763817	0.1724361229931788	0.9999993351439492	1.0	0.0156257158042832	1.0	0.0496796164242435	0.0763289707684026	0.0591498649802017	0.0121901245089414	0.6345069493738228	0.024327798731128	0.0577389644737056
ENSMUSG00000046679;A5:6:86416240-86420709:86415776-86420709:+	A5	0.8590778064872142	0.0170915602429908	0.0145628375612397	0.0358453192515337	0.9259496745472916	0.2581287753306355	1.0	0.974492008260086	0.999999999899819	0.0537476231241236	1.0	0.599936445554051	0.352066569690975	0.9999995496981234	1.0	0.0446878804948977	1.0	0.0506161987845999	0.0986582669584501	0.0715978827164059	0.0272880521746986	0.8449439784539285	0.1053454805873152	0.0872278274272732
ENSMUSG00000007656;AF:9:74945000:74945243-74959515:74959259:74959285-74959515:+	AF	0.8112413651898455	0.263146519594658	0.0932615937703534	0.1532349635199126	0.3364453414659983	0.3232453470569789	1.0	1.0	0.6408943737692242	0.1013135291685253	0.7183861654987567	0.2837354737210496	0.1605541705449562	1.0	0.8809294397313749	0.0658781467609214	1.0	0.0611119046540713	0.040149774165335	0.1405982578486218	0.1145651911197048	1.0	0.0822750434413723	0.0577030852260921
ENSMUSG00000001289;AF:15:102234624:102234695-102236957:102234818:102234970-102236957:+	AF	0.7245357792710676	0.0	0.0	0.0	0.1615029382853523	0.0	0.9275835854428184	0.9129816624342166	0.9409007989499868	0.0	0.7636422933367174	0.3596045847041589	0.3788951678211514	0.9450956713652168	0.4493230595717054	0.0	0.977600834974683	0.0	0.0	0.1257392537996281	0.1678250867933049	0.8058007116886415	0.0	0.0287178366124788
ENSMUSG00000019818;AF:10:41395497:41395696-41397914:41395888:41395946-41397914:+	AF	0.6652734769213537	1.0	1.0	1.0	1.0	0.6028505960612515	0.1616064241542028	1.0	0.0774802204248023	1.0	0.0521496311004366	1.0	0.1991505600671276	1.0	1.0	0.0202847774748626	1.0	0.0754543395064824	0.0434328977203954	0.0889500495679358	0.0728325286593597	0.0944892220650102	0.0332986506594711	0.0301225851205986
ENSMUSG00000053453;RI:14:8515107:8515197-8516225:8516352:+	RI	0.6386966952459682	0.0098743633143429	0.0200373410151155	0.0586101685865937	0.48476205878802	0.4655447548432924	0.9007261979591564	0.8082184560055874	0.9496282253843552	0.0261087352579001	0.7718850845471876	0.5629835298653252	0.1360940387673529	0.8695888245803558	0.6945307745500965	0.1145909316256319	0.9709026612983912	0.0431618425902252	0.0300913400043442	0.296463293717557	0.2253783417092429	0.8252205396552148	0.0770049240182628	0.2078725712534964
ENSMUSG00000022940;AL:16:94159622:94160033-94166214:94165306:94165646-94166214:-	AL	0.6343630447890789	0.0563998423842736	0.0286625080397826	0.0281762379269097	0.2789208249106166	0.2570262617999144	0.5209342656359057	0.5245983150620326	0.3746941807401063	0.019335465858491	0.534012126841324	0.139541384190438	0.061629966280667	0.9006207945998927	0.2856743871500469	0.0188606484536158	0.737660604398839	0.0124034915880901	0.0099218828877022	0.0308430352317314	0.020003203952998	0.4621788663293884	0.0113504698479289	0.0469634562803763
ENSMUSG00000034391;AF:18:84953283:84953305-84975445:84970241:84970383-84975445:+	AF	0.6338827140351684	0.0	0.0	1.0	0.4105489204599549	0.7977844008131301	0.9742422706762948	0.941780415430267	0.909893448631192	1.443578604636478e-06	0.9187201904308424	0.636298823472131	0.4168050739256088	0.9846276362646617	0.9412604779421844	0.0	0.960307456402526	0.0	0.0	0.7630695007125566	0.0297193995783275	0.9000931828999322	0.0	0.0603108681711301
ENSMUSG00000070837;A5:7:6998833-6999267:6998547-6999267:+	A5	0.6252587451581231	0.5158262341470504	0.2871567085862512	0.2225074015496326	0.9494717092243746	0.9999999996330492	0.8410634336383533	1.0	1.0	0.1669709706909903	0.7332891477709659	0.8491560820745363	0.3892991851820459	0.9183141497864494	1.0	0.2472350539929402	1.0	0.1998807106002117	0.2291720639209809	0.2556915171364287	0.1917122437101323	0.7990011531030691	0.1628371637827083	0.3138653708963159
ENSMUSG00000022433;AF:15:79323059-79325421:79326018:79323059-79339691:79339767:-	AF	0.6109728376974466	0.5338927772470929	0.1837937345868162	0.1400424171679142	0.865065000137562	1.0	0.9502251356171107	0.8983663268415589	0.9393406101947946	0.1234752211692112	0.7538357288063054	0.5285788647373414	0.5695852045475749	0.9704705658780618	1.0	0.2172967472795736	0.9405563387949996	0.2925080185393265	0.1944545704708822	0.3655569195652857	0.1260271319451335	0.9508038148788432	0.1371744089211569	0.0581683534731453
ENSMUSG00000054469;A5:17:73415172-73468818:73415151-73468818:+	A5	0.6063732391638192	0.2957638920408085	0.2279675856030994	0.3609020998246808	0.2867402666081091	1.0	1.0	0.9761037792929392	0.7965403004178745	0.3383282324416709	0.8391979100204109	0.4434339190453009	0.4495216090696403	0.99381573093	1.0	0.2162746899183463	0.9725113010299108	0.4422891641297857	0.1800601923218087	0.2382212221626483	0.3731237223894536	0.967445408867999	0.2472213777503828	0.2952692109962414
ENSMUSG00000040167;AL:7:130990381:130994309-130995484:130994376:130994448-130995484:-	AL	0.5953589588980909	0.2162551476183008	0.2506148390903302	0.8175576321985006	0.75691615245216	0.4115903188701396	0.94233743001249	1.0	0.6964077559297319	0.2609949142941581	0.6669707042544888	0.724721171237347	0.3049186055493034	1.0	1.0	0.4713452479269814	1.0	0.390412363064376	0.4450050761967949	0.4562036002890742	0.3543197773850402	1.0	0.6543347134537819	0.1700928854387075
ENSMUSG00000038845;AF:11:95557836:95557868-95558863:95557890:95557965-95558863:+	AF	0.5799654283710957	0.4424004037523331	0.143385355271997	0.4698383364884762	0.4937972856577507	0.9235007055458128	0.5016011042647053	1.0	0.136757362310106	1.0	0.219949054967979	0.5503356409376947	0.1507997982643028	0.998453763653164	0.5272784537602649	0.6218620039303394	0.7233611030822348	0.2745089470256701	0.1581768581181572	0.3263672316659915	0.0874425549788688	0.1132659818990351	0.0586441185914588	0.0572926233098323
ENSMUSG00000022940;AL:16:94159622:94160033-94166214:94165494:94165646-94166214:-	AL	0.5794836758040032	0.6828546383677123	0.7602341849597386	0.530355817194358	0.8591999653243723	0.7879682070363436	0.9336064182222628	1.0	0.8043930958642815	0.3130306194912068	1.0	0.5424291752716826	0.447669923988874	1.0	0.821075437404861	0.2790313076825413	0.984105859428031	0.2447524499224657	0.226260979517361	0.4912399622699706	0.3132662668063005	0.929725861154453	0.4107261387281079	0.4139950031468731
ENSMUSG00000022433;AF:15:79323059-79325421:79326018:79323059-79326128:79326203:-	AF	0.5787361542932864	0.6955702330515008	1.0	1.0	1.0	0.6561257007152128	1.0	1.0	0.74038821292406	0.235539187274917	0.7921735100148539	1.0	1.0	1.0	1.0	0.0877547799064917	0.9822822688706686	0.570735516060997	0.0659007309608964	0.355449824867106	0.0888027180052685	0.99989069020456	0.0309411578905983	0.0152586188400023
ENSMUSG00000029465;AF:5:122529941:122530060-122534880:122533877:122533949-122534880:+	AF	0.5711735474167021	0.0598707725062268	0.2341012154792794	0.1268728455747329	0.0	0.3040752882180038	0.8304485371411815	0.4897981903307007	0.3773651181799144	0.164922149919578	0.7589292570755722	0.4648477015529312	0.0849586224272651	0.8632862201865534	0.502045535396656	0.1749035390148089	0.8695434348436059	0.1961250100616732	0.1308979442016639	0.3088524619090051	0.0909644317612517	0.4525820738779051	0.1854203166224526	0.2120873966721019
ENSMUSG00000029836;AF:6:51447340:51447411-51448796:51447675:51447714-51448796:+	AF	0.5539197408100631	0.0078829289904488	0.0133273760125416	0.022929378707897	0.1098833949994394	0.0191065520305007	0.99718880484452	0.2569617656439208	0.9362040907775316	0.0073089045507661	0.1409227874242645	0.0603811936757781	0.1142276222835897	0.959382786981663	0.1273218242282925	0.0088513019875195	0.9968208802856516	0.0229040048428341	0.0	0.0	0.0146235436392518	0.05317744121132	0.0019335782927351	0.0095580911724061
ENSMUSG00000007656;A5:9:74945005-74945189:74945001-74945189:+	A5	0.550034186353345	0.0842490037908116	0.1842722885959676	0.2119331197003971	0.4042485204100925	0.320450574371163	0.6899528054616889	0.6403332578499155	0.2881491997394644	0.1852725232947974	0.4080630649418746	0.0820479353189577	0.1729432002030302	0.7895076353332712	0.2600238498219948	0.1055917133063865	0.7855311382593507	0.1321938948317141	0.1714326062552807	0.0483067354345607	0.0616651032291973	0.4285120528511764	0.1656775801735295	0.1403833121042441
ENSMUSG00000022948;RI:16:93382067:93382190-93383125:93383205:-	RI	0.5318969717938623	0.6756123156089692	0.378435078747979	0.6986232900420514	0.8681293311790724	0.8524320970684063	0.8944005229648184	0.7369479794696008	0.8314834893479656	0.3981960243675361	0.7906117610733959	0.7974898713769688	0.3691297097849084	0.9087793320290962	0.8147267862933268	0.2343051163988458	0.8926240610259862	0.2261427359211774	0.2507305586072169	0.342694820757671	0.2152044277553839	0.5989903570870881	0.1400005977157833	0.2743462881246666
ENSMUSG00000020288;AF:11:23446881-23447502:23447538:23446881-23447775:23448030:-	AF	0.5116285617711611	0.8069082571295385	0.8225231805942204	0.8274826096679653	0.6866820041789501	0.815682741700529	0.6608011962565157	0.9180411869816972	0.687959591254887	0.6113545838613014	0.8043127697494149	0.5301806902141281	0.6864872868043493	0.922311744332288	0.876995444442197	0.0055283245730302	0.9619267650795572	0.074785690516853	0.1730954436949074	0.5534143000158069	0.1732761232580703	0.8220367967959756	0.0714688037499763	0.1469005089800859
ENSMUSG00000064127;SE:X:12553440-12555568:12555699-12559824:-	SE	0.5095412210273217	0.5269666587445769	0.4661816291565259	0.4303405731647232	0.5521956369618327	0.5594451142615614	0.7258301221389799	0.8787615401055353	0.7589034852693647	0.4905313287195011	0.960316330687541	0.5567311829269409	0.4472716531861762	0.9682918812852028	0.7412807582977368	0.4309001077305992	0.966464176805663	0.5377125213564474	0.4271770491405371	0.4655456576911799	0.4341012613978018	0.8705002665917443	0.5674062818199413	0.3887504724994972
ENSMUSG00000041353;AL:X:149181791:149181912-149203338:149191916:149192596-149203338:-	AL	0.5081999689457715	0.0	0.0	0.0	0.0	0.0	0.4206409451696254	0.4345800285866427	0.5023965162372312	0.0	0.5308913792087294	0.0	0.0	0.5303458454171096	0.5179619450442015	0.0	0.5369826225706039	0.0	0.0	0.0	0.0	0.4197601811333015	0.0	0.0
ENSMUSG00000024667;AF:19:10532528-10533077:10533120:10532528-10533479:10533602:-	AF	0.5074270798346985	0.5157762657331753	0.2928747807759462	0.1474407162367391	0.659528975877567	0.8449254096431896	0.7775282448221658	0.5025410362337182	0.6104770239304865	0.2399828399828399	0.9314193029678314	0.4283904618617844	0.394376214621645	0.909318666368018	0.710423979934906	0.2409185048594651	0.9653535802776384	0.4940562358225553	0.4324985493351317	0.3923623181969239	0.2101482032478906	0.8754951932487104	0.3284694233111286	0.2820375304419522
ENSMUSG00000071533;SE:16:55842492-55844587:55844749-55849966:-	SE	0.5058889679434457	8.486098508575808e-08	0.0	0.0250488596281961	0.4841764823934421	0.5899423381546112	0.2932921305187521	0.6883654740836693	0.3865989319794666	0.0469574132279343	0.5406715001436186	0.4594101699548913	0.1490986117488693	0.4948649693200915	0.2051943390904453	0.0336802465615967	0.6139655285595692	0.011813386287874	0.0622714267509474	0.0299119464421319	0.0838119815584966	0.9581467895643188	0.0549524816073572	0.0514890605836682
ENSMUSG00000021018;AF:16:20536580:20536744-20537574:20536922:20537419-20537574:+	AF	0.502041732761731	0.0	0.6788928732574984	0.7535218495804573	0.8546915216602328	0.7637142248144632	0.0	0.7412724102720838	0.4295578259985014	0.4271588706584129	0.7930536210186748	0.0	0.6695487487136821	0.8385080317427478	0.4967431382758291	0.0	0.7589842330139701	0.3512084151332325	0.0	0.4361464705723998	0.0	0.6261951128186501	0.7376643789183875	0.0179561457144711
ENSMUSG00000031601;AF:8:40963267-40964581:40964795:40963267-40968745:40968888:-	AF	0.4951764472242873	0.0610509911473654	0.0766535723163356	0.0346124663742504	0.3912134855066188	0.2890841353760304	0.4472233387182797	0.4940551520349632	0.3453781774322326	0.077334575306213	0.6001630475596301	0.4614523051447168	0.1141476512566262	0.6133938224635787	0.3895459484216117	0.1260711439709181	0.6962782727368342	0.1429414808626992	0.0993184400311612	0.0869507346686034	0.0926532938226578	0.4924569007030723	0.1396963734469315	0.1294328261499698
ENSMUSG00000022292;AF:15:37947095-37953843:37955382:37947095-37961088:37961135:-	AF	0.4889741824655115	0.4456035699787328	0.4546275924726287	0.206801634340147	0.7633087502350115	0.9999998101469648	0.9397440436109966	1.0	0.9927975848404528	0.4925658482062598	0.6872050196193823	0.8041798523095864	0.5645330895744988	1.0	1.0	0.3823021543523069	1.0	0.3254814119913412	0.3065716340174129	0.4950028334038359	0.310394338578888	0.7287526283660042	0.1899869825884481	0.3613780282001135
ENSMUSG00000070837;A5:7:6998711-6999267:6998547-6999267:+	A5	0.4860282660452778	0.236082588947001	0.2066500202744521	0.1656755759572141	0.8812357023601567	0.0	0.3831618568720431	1.0	1.0	0.2616204308237593	0.3173541346856146	0.1535884987392269	0.3348321616752152	0.6791465644022686	1.0	0.1630592678223204	1.0	0.2041245001027792	0.1984016150951375	0.197463163005637	0.2323450128738652	0.582847307628913	0.19677818047747	0.2877472973520547
ENSMUSG00000058704;SE:17:74509360-74527483:74527535-74532427:-	SE	0.4820770973218334	0.1326338643479066	0.10182418122932	0.0161585920621532	0.3466865668482028	0.3822425424475126	0.4447242012052456	0.6452249765441893	0.341884169157316	0.048502936986299	0.5596856677838394	0.1548781242024882	0.1318501968354377	0.5221661243790683	0.1723706271524379	0.0026468584913295	0.6546362424314478	7.421568116656008e-08	0.0419450624863952	0.0	0.1642766636222133	0.2911584901665944	0.1835344950124166	0.15727776139356
ENSMUSG00000056536;A5:1:105585575-105586612:105585575-105586641:-	A5	0.4798238989500233	0.5097188769073934	0.3109878622745274	0.5259629246705858	0.5986783453316259	0.9547549111097702	1.0	0.961866501140056	0.8583058354601154	0.3505502061970891	1.0	1.0	0.6015199486693216	1.0	0.9422515267857512	0.4340882134390468	1.0	0.397946877568125	0.3603745547022053	0.486507155147797	0.5592224625492895	0.964119609097086	0.4187293503799595	0.3953213389735552
ENSMUSG00000012405;A5:14:4198851-4199236:4198737-4199236:+	A5	0.4792228944309697	0.0	0.0799473574144327	0.0593062055360852	0.4092205395484666	0.4305397247249254	0.8457879238956951	0.7967597847051533	0.7690273084956737	0.0678231695906169	0.8712329536180384	0.3902656076333115	0.4397003028663173	0.7926170842643739	0.7056375084991279	0.1057309392002493	0.8338406641602454	0.2455539626979667	0.0826489394075161	0.3592171940890889	0.1992850305334955	0.8662068115786503	0.2294939178691497	0.3793563815350307
ENSMUSG00000012405;A5:14:4198873-4199236:4198737-4199236:+	A5	0.4777046150018543	0.0686457739173726	0.0849381664181629	0.0100454285901481	0.0771062456736168	0.4205522504841044	0.5788349963485836	0.5766740148801323	0.5649031307278485	0.0177766648785311	0.6985496523205806	0.2724276498995382	0.1288178487187759	0.6987254306923759	0.5324900933385919	0.0439575682343168	0.6610026608418805	0.1236668346430314	0.0963659578261291	0.235564245514836	0.1715456090152526	0.7442681110976055	0.1160252077733655	0.1882055954786879
ENSMUSG00000046679;AF:6:86415356:86415469-86420709:86415674:86415776-86420709:+	AF	0.4757217250789115	0.1847384393170806	0.4030684808779887	0.6296226953132876	0.9963602038560836	0.7865157027986663	1.0	0.982317908084166	0.9999999999828476	0.5170789409727496	1.0	0.9060559738917262	0.8303953892432909	0.9999995348714928	1.0	0.2379578047095724	1.0	0.3975750419304671	0.7056130059819109	0.308437534817151	0.4054552876999724	0.8075498139778771	0.5863131834309602	0.5351423308795985
ENSMUSG00000066551;AF:5:148987561-148988089:148988426:148987561-148989710:148989850:-	AF	0.4723915145635103	0.0100826890526091	0.0	0.0	0.0725346266152333	0.0699828663715054	0.5414313625399303	0.4813173425564486	0.4755676109456326	0.0017548486859582	0.5351137989935829	0.0507041647440499	0.0077357758902096	0.5288576516338627	0.2696484040274207	0.0	0.3719126931691063	0.0047813642481547	0.0	0.0042521902394897	0.0022617628764899	0.4740199506366112	0.0064837703883844	0.01338569909277
ENSMUSG00000073079;AL:12:55138118-55138492:55138686:55138118-55142600:55142674:+	AL	0.4693300934611909	1.0	0.0	0.0	0.0	0.0	0.4750051931760658	0.6543357183259086	0.3084800038093651	0.0	0.5318549444195352	0.0829518022596427	0.625617694266821	0.857466500954764	0.809439704533259	0.0	0.6403798246046086	0.0	0.0	0.1810989201932318	0.0	0.6448107000282056	0.0	0.0
ENSMUSG00000026683;A3:1:169356380-169358891:169353018-169358891:-	A3	0.4665048396114795	0.1034398875190526	0.112311253895826	0.1636063593775228	0.2574480978231803	0.358773680614346	0.2754932226353462	0.6564448524209131	0.2894453352039282	0.0655545441842761	0.183653640791146	0.3888764272219801	0.052701472410276	0.6747616795269124	0.3360192245182747	0.043739966695032	0.5043857347153994	0.0449604332467673	0.0319680233458412	0.0445942305964365	0.0204585540257623	0.2305505420801668	0.0108039230148006	0.0354722919759781
ENSMUSG00000041353;AL:X:149181791:149181912-149203338:149191574:149192596-149203338:-	AL	0.4650019440423905	0.0	0.0	0.0	0.0	0.0	0.2787291339563054	0.3990680241606494	0.3205845780597773	0.0	0.3309044232241324	0.0	0.0	0.5823737941539131	0.3007716844090763	0.0	0.547661534630867	0.0	0.0	0.0	0.0	0.3397780815005182	0.0	0.0
ENSMUSG00000005204;AF:11:69571676-69572489:69572672:69571676-69572815:69572910:-	AF	0.4595427981066418	0.9998791145551106	0.0	3.419218066365908e-09	0.999998820434332	0.0	0.582437659451897	0.4648979414857291	1.0	0.8635344650702969	0.6267350590266226	1.0	0.0	0.994402151800877	0.3755938678552186	0.1048519699032916	0.2394414034697251	0.0	0.1356032251745079	0.0981169499379762	0.1917366998840291	0.4298899168028363	0.3205464960779226	0.1974517135343809
ENSMUSG00000053453;AF:14:8507911:8507969-8515107:8508486:8508578-8515107:+	AF	0.4553973146227951	0.0	0.0	0.0190367571150698	0.0	0.0	0.7097663092381777	0.5660965640607067	0.3544215819837878	0.0397275141335919	0.4234694445991867	0.1902986050730983	0.0482833842256736	0.5012159341709352	0.1131221493657494	0.0	0.4143492279196788	0.0084186355657606	0.0200980211703786	0.0196034548835278	0.0156550731501256	0.3916091979510832	0.0165321813845081	0.0
ENSMUSG00000037443;A3:4:133881707-133882988:133881701-133882988:-	A3	0.4550021456801404	0.8091507081483951	0.999996399761189	1.0	0.9999999858418008	0.9999999988534046	1.0	0.6822981686122467	0.9288204412487818	0.9965074972275596	0.8614477473100588	0.264541586855622	0.0	0.999789145996865	0.9184295760999104	0.7405404182596304	0.8990368233784641	0.9920945427216608	0.9999991694305792	0.9937996058978492	0.3083376870274428	0.9999999999695935	0.7274921832761808	0.3204260096517811
ENSMUSG00000027620;SE:2:156019305-156020800:156020872-156021097:-	SE	0.4515643253754893	0.0283589592245911	0.0245302624744613	0.0090258739089949	0.1464529309801139	0.1224004436969824	0.3842441670769536	0.5285457646682918	0.4381753028603689	0.0058746339501726	0.523542780354386	0.0963266349743884	0.0344780591314339	0.4557092819613927	0.4658196236620751	0.0075337702761957	0.5029669999340044	0.0106719172725233	0.0229898155739307	0.0505454222965609	0.0496281828377925	0.3484333150040986	0.0322805827099595	0.0698558611503304
ENSMUSG00000068417;AF:14:51193449:51193685-51196972:51193701:51193915-51196972:+	AF	0.4493740226393773	0.2568271733917929	0.1239863149185687	0.2870279293812144	0.4908291261050691	0.2453307892709059	0.551416926701904	0.6649761835800405	0.5466175836594033	0.0772383609908398	0.616841054392225	0.2495584780446201	0.3244247446607836	0.7198829162835374	0.472236250280379	0.1238273641336135	0.757164947783789	0.0802448050246732	0.1585018810826778	0.2576939931815986	0.1602690796716437	0.5751210567727668	0.1949841962016001	0.2189811939680568
ENSMUSG00000066463;AF:9:78220357-78220609:78220729:78220357-78221979:78222078:-	AF	0.4491988072662206	0.936790784289872	0.9161166154433388	0.9606242280582784	0.9263065554695924	0.9450734237902484	0.896733039780614	0.7931057958516771	0.8937869912879516	0.9028861626191096	0.5977121936850374	0.201714548398206	0.6984762540318096	0.9049620395712942	0.9387907641477762	0.0577414692280886	0.8596878104871947	0.0878383669989301	0.6683067489405705	0.6127474974833002	0.0280067815597104	0.7181164996969347	0.0	0.0194420774555006
ENSMUSG00000027122;AF:2:106799903-106800656:106800736:106799903-106804617:106804769:-	AF	0.4432962878208078	0.0	0.0102118419583075	0.0090089906331708	0.0	0.0	0.354788786203068	0.3160379128894316	0.1883136118827862	0.0	0.4220313630794939	0.0	0.0	0.4991749213707118	0.0956358400464073	0.0051564048895949	0.5444538954204196	0.0	0.0	0.0	0.0	0.3599825691886199	0.0053691241787154	0.0085129414768256
ENSMUSG00000096917;A3:8:57959835-57963030:57959835-57963122:+	A3	0.426403508222253	0.3479916451359925	0.3121499255325229	0.363569086557848	0.3289363793767685	0.344904986607963	0.6632529375321827	0.7322885414810618	0.6317023956163448	0.3132555778481881	0.7657406527382126	0.4076278428919463	0.3203630289413269	0.7456947203769176	0.4674735575818682	0.2585500586335857	0.6524938938906678	0.2459538815193684	0.2854093113535174	0.2904123366225543	0.2903023218155634	0.6339155443621617	0.2798690649995414	0.289526088218403
ENSMUSG00000097113;AF:1:136611110:136611211-136616482:136611367:136611441-136616482:+	AF	0.4252923467387161	0.9999972246194546	0.1880344889164256	0.2298053380066746	0.6117303279119616	0.7023056344220636	0.0	1.0	0.9663695634725136	0.0	0.2894504466701422	0.5780299880716014	0.0	0.0	0.8964209055059154	0.3503039359536962	1.0	0.0	0.1240317819351135	0.0	0.2781360884357318	0.565669015939235	1.0	0.310144971279546
ENSMUSG00000037722;A5:14:45622205-45626508:45622205-45626521:-	A5	0.4181528466501535	0.5708274336499973	0.2640356416923231	0.0	0.7571815480069678	0.4653031890749945	0.8998886406117657	0.6794562556602673	0.7016033938534981	0.3183789263413261	0.587205185467618	0.0	0.2363246825170738	0.705032597873912	0.8248787441667925	0.1005280389221142	0.7926857665178424	0.2607318149616464	0.0	0.2571077936354007	0.3012577130103715	0.7809491948115144	0.2127678748935202	0.2970782297561796
ENSMUSG00000063714;A3:2:72817976-72818694:72817976-72818716:+	A3	0.4168326663579352	0.2390366155014109	0.1334560548529215	0.0	0.6956074998143197	0.4224316739873109	0.768116380788554	0.7846627923583113	0.732700481622953	0.0	0.7350778949603816	0.340353174675101	0.5489256432251494	0.7426784519737196	0.7553383261305898	0.0	0.759295518829164	0.0	0.0065737412644083	0.3846381523084015	0.2136961538500078	0.8544659557161288	0.361584824736	0.2071240433062767
ENSMUSG00000020737;AF:11:115394000-115404853:115404974:115394000-115405046:115405197:-	AF	0.4167590077605752	0.6298697334653626	0.6724829352654286	0.4775279766359497	0.5216247904362215	0.4493421490420313	0.7440411306516032	0.6445625978775829	0.5622820378063355	0.5444886473485497	0.4515548056579543	0.3290254815440301	0.4009088515085499	0.6866227636041726	0.4882403114056176	0.401787587668156	0.6504666224358078	0.0	0.6021574921906253	0.3338302939353407	0.0	0.6397308278881491	0.0	0.0314316130893262
ENSMUSG00000043872;A3:4:126943699-126944357:126943405-126944357:-	A3	0.4131604235910884	1.0	0.3786779498679851	0.7009856921355317	0.8585427653520743	0.8162930933594496	0.7687960470801211	0.9515656310301944	1.0	0.6154980020749764	0.8007097677729402	0.7891100771271514	0.544412283068495	1.0	0.8782866137423947	0.6090036173035946	1.0	0.5818708146184888	0.6059633443828877	0.5122472653432903	0.5335295188303831	0.8371367612418705	0.6960404709755681	0.5094446371966125
ENSMUSG00000037465;AF:15:38298096-38299303:38299326:38298096-38300803:38300950:-	AF	0.4128762505338033	0.0162105189363154	0.951397611268888	3.8685839037826567e-10	0.0	1.1602896458040501e-10	0.000377308868698	0.6003279886887186	0.5618664893610259	0.0	0.1813549183628368	0.0	0.0066199582832835	0.6399899288376613	0.0388142745431548	2.5500236569160848e-06	0.2504546762646265	0.0	1.614267971998001e-07	0.0	0.0140025517353463	0.7075423908995304	0.0	0.0
ENSMUSG00000019837;A5:10:40133289-40133562:40133289-40133575:-	A5	0.4112687558757576	0.0	0.0	0.0187149260217186	0.0	0.7559486157548547	0.6194303511327673	0.578410628768231	0.7191620340454498	0.0	0.4698300875878915	0.0747655780398369	0.5075467665717422	0.7394804735032371	0.7021699795400677	0.0	0.7308216379725913	0.0	0.6052336007771125	0.0	0.3659210377571784	0.6887448543602673	0.0	0.0
ENSMUSG00000022200;SE:15:12343237-12343359:12343407-12349454:+	SE	0.4109107006640737	0.3398548076246427	0.2483692962857442	0.2119732908368769	0.5765191429574991	0.389645960191581	0.606457077465106	0.6311142316120933	0.4109322164276811	0.1933666105583084	0.4306227390309339	0.382994904179101	0.2281924261673999	0.6801702020019513	0.534348897482156	0.1679053318589493	0.6813122778392868	0.181111991813412	0.1518412275965019	0.2293689989524012	0.1949111857897263	0.5023075942915393	0.1843007698800291	0.127104036918443
ENSMUSG00000000441;RI:6:115597170:115597288-115598777:115598823:-	RI	0.4086277019581202	0.6026167281308697	0.4117827609062157	0.5282019556108797	0.4304936030360714	0.3531496028969402	0.7006548209965576	0.7693959991473847	0.6456251047810648	0.5603631522285153	0.5254984843105609	0.3284857638016237	0.4254242377047733	0.825054878794368	0.7374573221769517	0.2943639964359866	0.7745815966224908	0.3847117661799533	0.3113629903773235	0.4146594987900148	0.3788809622238924	0.615978440232594	0.2389085626881964	0.0410554523236431
ENSMUSG00000014633;SE:8:117620898-117623079:117623253-117637867:-	SE	0.4068235318002541	0.0	0.2933067964027716	0.1236160291108442	0.1969775202076933	0.0	0.4958286697598281	0.4886334881663349	0.4879058473415047	0.0405720080749731	0.6033997447980494	1.0131385780202957e-07	0.2368954478898714	0.6233007260496936	0.520519069647669	0.0281731045755088	0.6898859533980644	0.0834186729568934	0.1126947865988136	0.2317307296095538	0.145183309319012	0.2375882510649706	0.0231885671386589	0.1641162983926882
ENSMUSG00000006398;A5:4:118292073-118292670:118292073-118292974:-	A5	0.4065378218220815	0.0	0.0	0.0	0.0	0.0	0.162244322913351	0.4933229031071148	0.0	0.0	0.2479760607047951	0.0	0.0	0.3967348998952821	0.1519101407478812	0.0	0.6119652518735088	0.0	0.0	0.0	0.0562404135003296	0.1695437212963175	0.0	0.0676074147920453
ENSMUSG00000030042;AF:6:82629148-82629366:82629499:82629148-82629605:82629910:-	AF	0.4054744478083055	0.0255181897544982	0.0441261534467182	0.0190138230078643	0.150063643863938	0.1204512550100281	0.5015319433973445	0.4238650200904633	0.4520787408398373	0.0427843221288337	0.4813868809231545	0.1718174342550164	0.1380855659223263	0.5169163877743002	0.4605495738785817	0.0317740805187793	0.5153969277531724	0.0380948033992456	0.026128692876194	0.1022500902383832	0.0328793415253088	0.4200790324152876	0.0243912138045635	0.0424524276218497
ENSMUSG00000027109;SE:2:72801858-72809242:72809373-72809831:-	SE	0.4049501864125541	0.296294040057846	0.2903003405011437	0.0	0.495761619096902	0.708921687026801	0.3248470305048851	0.4439310142263684	0.3087784622461475	0.0574262282106126	0.2839072267203451	0.5886916170426476	0.1013639764895944	0.6548739900911313	0.4680627494560448	0.2833287272528091	0.5452952549060468	0.223606601102878	0.0285145239639221	0.0617739227269738	0.0288062143408087	0.4903538732758561	0.0556627108456165	0.1162626267362983
ENSMUSG00000021270;A3:12:110662214-110662686:110662114-110662686:-	A3	0.3982622697336381	0.6457654898231748	0.4435676272931937	0.6527703617918056	0.6572701119518919	0.6792266001119948	0.745283293660919	0.6487851978500495	0.5567413749787262	0.4210045323333423	0.2684761569330474	0.4310416497688377	0.4670123326217946	0.7361268403171009	0.7285981987981794	0.0385676131324379	0.7390171117333734	0.1523651024198399	0.0352206424191548	0.2262025213735353	0.1047290139412687	0.4274940235457294	0.078022733118107	0.0014123599624202
ENSMUSG00000066551;AF:5:148987561-148988089:148988426:148987561-148989710:148989826:-	AF	0.3921385126071262	0.0679212725724197	0.0	0.0	0.3034212356277662	0.4469118270388006	0.4252776174294947	0.4258830196333464	0.3404038608415495	0.0623866609281835	0.3526088755308404	0.2024582256055299	0.0218988656920118	0.4910739373175329	0.3693335509533407	0.0	0.3735856696363861	0.1135141477150511	0.0	0.0167904848935118	0.0123923232815089	0.3916353878050482	0.0330561178480918	0.0235157778225687
ENSMUSG00000053110;SE:9:7938539-7950493:7950540-7952954:-	SE	0.3917659106611341	0.0506456248892914	0.1067196313789502	0.0841791635305632	0.2585951743503845	0.298666917379898	0.1910749519009666	0.5575406269493003	0.3016076896601888	0.1281417364114126	0.4904767609229544	0.2229838201726689	0.0681181795963654	0.5377078072200886	0.2387470192171504	0.0894214875598213	0.6013051323482187	0.1526198192736676	0.1934206566053371	0.1913893994223542	0.2005591406388052	0.5274447118999399	0.1191264022859228	0.1598999651385004
ENSMUSG00000021376;AL:13:47178655:47178848-47180728:47178927:47178953-47180728:-	AL	0.3902283803852394	0.1059257357354046	0.0	0.0	0.1157136415634733	0.1255495234819236	0.515558885542892	0.7451966404584562	0.5674775656342687	0.1764934070053624	0.4849079161503571	0.0077591865543963	0.2861174009098605	0.8183756608108746	0.4823661487382212	0.0	0.6671050342825139	0.075310995152015	0.3866647620828884	0.264797488107046	0.2660859441867311	0.6688267787946245	0.1582489175647942	0.337670896957607
ENSMUSG00000021376;AF:13:47195055-47196580:47196600:47195055-47198037:47198213:-	AF	0.3882234386120542	1.0	0.0	0.0	0.4833928204361557	1.0	0.9711027630707018	0.9322421929119952	0.9720437691260266	0.3217691299657977	0.8290075069048962	0.0488629668848438	0.8571254792362734	0.9699826222331503	0.9567085946015728	0.0	0.9679069073449856	0.2034809249244612	0.445104805347977	0.6513280167082093	0.3334247164837757	1.0	0.2106928684072525	0.304367262518552
ENSMUSG00000066456;SE:9:82992482-82992841:82992927-82993046:-	SE	0.3868965735801329	0.0992153487769676	0.0507294120063427	0.2662485279377273	0.3526430152467804	0.3893954527244689	0.5839387003681957	0.614548243913891	0.6592408500454477	0.0421446138096135	0.5878479279877215	0.237885151363362	0.2575032152777027	0.6013787995328034	0.5596395128517155	0.1134529545253201	0.5633329491261688	0.117203104373256	0.0710961100793533	0.2769002795271613	0.1244743752741243	0.5532915250346125	0.0768784918668703	0.1606437561610647
ENSMUSG00000024576;AL:18:61713522-61715107:61715187:61713522-61720497:61720602:+	AL	0.3857231619183744	0.1024520708346253	0.0	0.0	0.0347294813299628	0.0	0.419965889148449	0.2604295637406907	0.1557472384714462	0.0	0.4064981119420306	0.3290301364764399	0.0	0.4136926104066463	0.346404929847642	0.0	0.999999998266212	0.0258387308814863	0.0	0.043934492787514	0.0154165335560162	0.2140543476537101	0.0	0.4783766103385516
ENSMUSG00000005370;AF:17:88282490:88282833-88287619:88287131:88287225-88287619:+	AF	0.3833113834313146	0.4299950509749579	0.59431561503924	0.319106066016338	0.5858285304811995	0.4512522332514206	0.8388508846888885	0.8353303577876482	0.7734203574290505	0.3686986562896246	0.932331980301611	0.9283048275902864	0.455510619762337	0.9010960897338524	0.8155689945261425	0.4126076641945756	0.941250811519322	0.3923544179530313	0.4715554907843035	0.4923998131405889	0.5337726782827376	0.8412431924619529	0.5303480931483677	0.5950805944315117
ENSMUSG00000000827;SE:2:181150060-181152297:181152323-181153367:+	SE	0.3821509684004991	0.0290117476528317	0.1069003016030369	0.0	0.5093009949012427	0.2227829784033253	0.5722813995802609	0.60918402622423	0.6108807946586922	0.0287839347426218	0.6527910657995403	0.4187654106714358	0.174746094258413	0.6050717962720497	0.61469201301686	0.2116692866827128	0.6398112917504054	0.1617782527898955	0.0509643179313601	0.177472658296624	0.2983146371307702	0.6029218372658901	0.2002775463669818	0.3277209167584217
ENSMUSG00000027680;SE:3:34118468-34122310:34122401-34123066:+	SE	0.3819016078956396	0.0238205813194781	0.0463528607999468	0.0294148755847854	0.555341634097597	0.3928154151173735	0.5993112849917472	0.3562356090264076	0.5545885644583403	0.0479105343031123	0.5812357154633976	0.4519325431088993	0.076948468878686	0.5599085576674168	0.4358405463125245	0.0681449041273825	0.5290399478636456	0.0853430059167137	0.0900201371580986	0.1089764522300753	0.0815617187601852	0.5181924509416276	0.1180405818404179	0.2313267585693628
ENSMUSG00000022812;SE:16:38028452-38037475:38037513-38040334:+	SE	0.3805234824194076	0.0399264766825555	0.1366927695809399	0.0	0.0	0.0706368240207671	0.5209461695817974	0.5891196320840557	0.5698261539277434	0.073203912373394	0.5396627958460248	0.2477837722599136	0.176401622311492	0.5855839574668398	0.4894508491951982	0.1287393828675652	0.5875957081764872	0.183413681418882	0.0	0.1737880811761658	0.1765214988663421	0.5759718230789983	0.2762072681490333	0.253156961541777
ENSMUSG00000026018;A3:1:60067405-60082229:60067395-60082229:-	A3	0.3802100861161377	0.0	0.0842917326481221	0.1223951000650535	0.1586248868106499	0.1503046404923606	0.22775279723936	0.4389684480149028	0.1991500942100361	0.1014967587673579	0.2794797832489777	0.2178005500602734	0.1575755197360172	0.3638471079261329	0.1561251886256295	0.0483882856424788	0.7151045061672927	0.0588602240585184	0.13736179608159	0.0	0.0692128678740087	0.2413396133373943	0.1158245864620057	0.0497711132827291
ENSMUSG00000022774;A3:16:31775247-31775653:31775247-31775757:+	A3	0.3788412504337017	0.0	0.0	0.0	0.2609665159616066	0.0	0.3846086459855422	0.4054386024770548	0.3096486037840921	0.0	0.3361910438450728	0.0	0.0	0.3552971585513049	0.1143494513570598	0.0	0.4457686390467981	0.012693518040101	0.0083649958231123	0.0176055941605896	0.0	0.1894872513804987	0.0	0.009724848024834
ENSMUSG00000028691;AF:4:116542796:116542857-116544604:116543084:116543333-116544604:+	AF	0.3783534109644595	0.7219384281976251	0.6249857011264501	0.8305676118548235	0.8763429651045866	0.9108100907002666	0.8313157130164933	0.6855265480179875	0.7320260970681307	0.5571659336743295	0.6920077296829997	0.6775385618863465	0.4484330119728123	0.9212620239544878	0.8768280825724893	0.3621237380654039	0.8024787599173454	0.3900677002754095	0.3424581450667516	0.44122540501393	0.3452964652223489	0.59205205582352	0.2684867579476003	0.3529065355058911
ENSMUSG00000028868;A5:4:132858039-132903752:132858034-132903752:+	A5	0.3771135970646452	0.4691814611770702	0.2669234239188964	0.8770571236236178	0.4352264414863012	1.0	0.6933324730235966	0.7900663135429533	0.6077926720766391	0.4773026319271618	0.4486318646232439	0.5784040309194097	0.377496192496669	0.8070035240095398	0.7113573454826786	0.4694549268210463	1.0	0.3680593782923637	0.2725009966793129	0.483881454830715	0.4551969113240475	0.8222750197548805	0.2935444972943561	0.2206727552657246
ENSMUSG00000079477;SE:6:87990680-87991568:87991702-87992614:-	SE	0.3767945467241607	0.1879358143722383	0.1373569763028035	0.1516505252025494	0.6137286868090779	0.6940292351435705	0.5783803076701589	0.2260871414468968	0.6370768311048535	0.0920531228558611	0.2307007041405742	0.3292447728911319	0.08771702265334	0.8053745601433075	0.6578899614360033	0.0981849829207663	0.5140390224902571	0.0659491260258822	0.0107118159706736	0.1092235809185246	0.0429336474335226	0.129574098754463	0.015423991684023	0.0291489903190058
ENSMUSG00000024805;AF:19:36356468:36356559-36389356:36387148:36387309-36389356:+	AF	0.3750385500374464	0.8509981384537854	0.3165662577987833	0.3592380227712802	0.889669852212784	0.898980696638589	0.810928763038888	0.7152822973092539	0.7360278126568356	0.6188807816449805	0.83670625984191	0.7684877854006749	0.6919797509574371	0.8744001585994022	0.7665375626445643	0.2461377286799546	0.8800051023137346	0.5095528899533635	0.0	0.4369468481494633	0.2585760580085309	0.8674504027353651	0.0	0.4187369607990833
ENSMUSG00000020961;AF:12:91710652-91737365:91737944:91710652-91745773:91745911:-	AF	0.3744855006278167	0.7123296076728467	0.2476104294348004	0.849542983042486	0.639411995551237	0.585785907574836	0.6823254097549121	0.7108831339900761	0.6120588811224533	0.4203728364576762	0.6602474122455216	0.6305658312926588	0.5934149283330497	0.6175145504721685	0.5804798644441004	0.259700110686008	1.0	0.3793467080412478	0.3752750761429755	0.3412341835423153	0.3283714800612888	0.540517845068607	0.3032773619763267	0.2276825022598457
ENSMUSG00000030042;A5:6:82629148-82629366:82629148-82629460:-	A5	0.3729619475673112	0.0390313304983638	0.0677135775432738	0.0288866210939652	0.3296898284360551	0.1918342421753277	0.574001571111735	0.5717931437846195	0.5151483591045607	0.0748193983615891	0.6082884279332305	0.5198328017169946	0.2951994062657305	0.5284413452846816	0.5611264704751242	0.0879059241287203	0.4847296413251012	0.104825168742251	0.0528263852136011	0.2232252293238964	0.0656086229975765	0.4776797704667829	0.0904757909798017	0.1173715094711841
ENSMUSG00000016559;RI:11:115914451:115914604-115914708:115914845:-	RI	0.3714653703859675	0.0124933323853113	0.0022489033866199	0.0007725060664144	0.0039127824505384	0.0	0.4426811510007477	0.3870254147459169	0.2257805167635473	0.000205488129276	0.4133416960115483	0.0031188892732474	0.0721358416005497	0.5254107179289219	0.2143053074946046	0.038289595681696	0.5032539854512554	0.0509968297673446	0.0184710481310735	0.0604697215814417	0.0693895014806132	0.2478485127826244	0.1060006928254515	0.1411752679311678
ENSMUSG00000027469;SE:2:152690217-152690297:152690431-152696841:+	SE	0.3697538723510983	0.1380537176349738	0.0410596705004083	0.0	0.6990368620434181	0.6241725714729847	0.7354261267640109	0.3870877861895771	0.6095583493897283	0.0839191046940401	0.4261739669421048	0.5214711946754746	0.2520977295162882	0.5914955917742847	0.6600533416797634	0.0	0.6313814851370043	0.1068165825651284	0.045506486040602	0.1409145529280712	0.0322924251268455	0.5443438111132791	0.0167310451491939	0.1318186330673724
ENSMUSG00000075610;MX:11:94669574-94669743:94669885-94670082:94669574-94669887:94669941-94670082:-	MX	0.3697072677260545	2.273545167518592e-05	0.0438650514824846	0.0	0.2424817073069123	0.3199234932649656	0.578240490144841	0.7109479877177417	0.5211561402236883	0.0499162743636729	0.4497069612707086	0.1552193046177325	0.4708942584187527	0.8126162701935526	0.4050941842278253	0.0	0.8609055017247611	0.0176425509510568	0.0	0.4400635498397466	0.388877691436559	0.5726246672766595	0.044487505362139	0.0555121503074873
ENSMUSG00000029247;A5:5:77099515-77099616:77099248-77099616:+	A5	0.3693184504742868	0.5697865086451822	0.5400225361517434	0.7293390743805767	0.7603217995782239	0.8128749219019047	0.8613165201673775	0.8660805122175584	0.8016675438353508	0.0930233474155124	0.8420377233599456	0.6701384214326802	0.585544096497168	0.997857191230216	0.7326426012675669	0.3726893249096782	0.8820494992305686	0.464487592949763	0.1559838730799823	0.5916175561257898	0.5788760648198399	0.966815298524466	0.4489516336658218	0.3547134066983435
ENSMUSG00000034024;A3:10:116887212-116888921:116887181-116888921:-	A3	0.3691864193808542	0.5940935101050615	0.247671309262803	0.6479614057091504	0.6293243621509026	0.579689867792796	0.4761727671595144	0.532124511334374	0.2375995437498008	0.4449678833579253	0.1322827212059109	0.4205242144643129	0.0867823690935956	0.466559435585731	0.4093379339119576	0.0	0.5093112074442769	0.0424954153431427	0.1375380288806188	0.0592280807821368	0.0175217481711434	0.1696145777025334	0.0	0.0
ENSMUSG00000025545;AF:14:122419116:122419193-122548656:122495453:122495665-122548656:+	AF	0.3668510751155447	0.7962643738569236	0.4971201937744413	0.5047164306724499	0.4832932023771187	0.6846386790133022	0.7070566893322279	0.936856081865888	0.74935263653484	0.574488504299529	0.8178690626766206	0.2965552514244549	0.4589664821044656	0.793758550494342	0.3433097882179374	0.437937749231513	0.9193818796521034	0.4180704581033674	0.4733896499139061	0.4845931658010873	0.593238395137159	0.7124402907102783	0.4190022056589554	0.463663231184063
ENSMUSG00000020952;A3:12:51489366-51491578:51489366-51491767:+	A3	0.3646428932635435	0.0	0.0	0.1280249671260031	0.574852458394216	0.5324043384437455	0.3389481556972845	0.4294131390709433	0.3735241713261457	0.0	0.4917135012962489	0.4370302405671049	0.1089309084303347	0.4536834999597454	0.0892845539789072	0.0705531825493711	0.4071096474234792	0.0	0.0267259955783169	0.1547722820479149	0.0216397188434008	0.292905187268782	0.0573989941236264	0.0380053053745924
ENSMUSG00000038028;SE:6:127069705-127078812:127078849-127086399:-	SE	0.3630525117101287	1.0	1.0	0.8388263709923495	0.7526967870390573	0.5821343589176028	0.711609637258939	0.7628595784490231	0.5438260131426815	0.7624095289258632	0.5117340496014405	0.5521855295500694	0.5257205707890856	1.0	0.6410277239159696	0.686958899116012	0.9999999176807308	0.7943378552828347	0.9151796109555238	0.540698927432818	0.400976881470716	0.6916055785268764	0.5243768841929302	0.3549871191980599
ENSMUSG00000031154;A5:X:7738438-7739793:7738420-7739793:+	A5	0.3624571675155761	0.4495615437411807	0.5741792583170683	0.0	0.5593274953830605	0.7384451258619407	0.868893035799776	0.8312054217761862	0.8557647110068343	0.4963838742761659	0.953247951609537	0.8399780449771606	0.6296171246698711	0.9343725815221128	0.8836185663753505	0.3567495474853618	0.9382827419182456	0.4768343817301019	0.4614011714642698	0.6195532909678912	0.3752074778942971	0.9143710406144808	0.3345058963908819	0.582902133231718
ENSMUSG00000047996;A5:X:77564427-77627310:77564427-77627375:-	A5	0.3624353786006313	0.6174490441465529	0.842902289151613	0.6727409818884952	0.8440973314190774	0.4222500618182676	0.7240053016903113	0.8921870830360693	0.7429484981803733	0.2222992757669724	0.5884653076595003	0.4356706845636357	0.7783510000817933	0.9172384677189632	0.3478457354482475	0.3230405136304423	0.8818150031787918	0.1309851303357955	0.5361870219618656	0.4146130648078597	0.405171057389488	0.7391629731889849	0.4381003281957131	0.2318292249116588
ENSMUSG00000029465;AF:5:122530029:122530060-122534880:122533877:122533949-122534880:+	AF	0.3619247071106934	0.1511172212366159	0.0	0.0	0.0	0.510646070762022	0.412295351153463	0.3915577933923715	0.1850938713249964	0.0669839982594806	0.4139241819219001	0.1353974380877376	0.1246947323687021	0.5409197484572223	0.0949007724818529	0.0225122815264022	0.4794909746113011	0.0701737585044305	0.0189565652534467	0.0	0.1236882444978235	0.0805323489411307	0.1118276367409008	0.129810893073496
ENSMUSG00000074781;SE:10:95377313-95377500:95377640-95378134:+	SE	0.3614943175958207	0.1451740930641666	0.1463962729514935	0.1456804278184913	0.1820378148257218	0.2572964231524257	1.0	1.0	0.4426162957699006	0.2163997904857634	0.5039304106518665	0.7937526843027778	0.281080154493496	0.2663935129487446	0.2705073118235194	0.3652411658207433	0.7833231275826971	0.2899359308420956	0.2964800135941545	0.2555267498282428	0.3535815682966828	0.9830217161337156	0.299500692690953	0.2174813081816035
ENSMUSG00000024667;AF:19:10532528-10533063:10533115:10532528-10533479:10533602:-	AF	0.3605285834842314	0.5637397721684667	0.4479439012868604	0.2147819844723625	0.6373432240110907	0.8922772504953794	0.7360768190542664	0.5944272193163928	0.6915617376144741	0.3182182348179044	0.9688870537647886	0.7139094046145168	0.5287181173136034	0.9319528093261816	0.6530100180754266	0.5152134926114578	0.9781810442783184	0.6026374048623756	0.5561169314136398	0.5558743216038498	0.4751456760220366	0.904460330208177	0.5266440249458959	0.4715956778092659
ENSMUSG00000020079;A5:10:62277025-62279158:62277025-62279174:-	A5	0.3580414052623661	0.817103794434948	0.7031310720035531	0.805719218014438	0.3421380185635427	2.029955344442077e-09	0.0207194425985885	0.8688692790825789	0.4327593808069945	0.4679455946354395	0.0	0.4985467708162901	9.9212123600417e-05	0.2079606877791956	0.8665710226559077	0.0930290445680698	0.379709432448866	0.2549996362307191	0.5941736401975032	0.0040310737141944	5.465617879198527e-07	0.484094390280686	2.467267746007792e-07	0.0202429458615933
ENSMUSG00000056162;RI:18:84654172:84654334-84655940:84656089:-	RI	0.3563508249472226	0.7147145547559127	0.7254864141222735	0.7218724059039097	0.857235080374113	0.8679597854324017	0.8363328357829117	0.8026814104096529	0.8775566296398093	0.6267093521603275	0.8165800694187839	0.7022477463087884	0.6805644965843166	0.9179071510560562	0.8701512973735983	0.3715033582689069	0.9388346116244208	0.5157555572885264	0.3552580419521169	0.5600293252203552	0.3974261086777066	0.4894733530485118	0.3149433354847066	0.4125800122376448
ENSMUSG00000022299;A3:15:38961637-38963268:38961592-38963268:-	A3	0.3554692328612997	0.6345198229930746	0.5960634574207311	0.5607607061724476	0.9271170279417128	1.0	1.0	1.0	0.8496961907227021	0.6317041122620392	0.590917245946131	0.6976845167880786	1.0	1.0	0.4682617626830187	0.4915924820056477	1.0	0.8202211076311284	0.6686019843519011	0.5007071900427641	0.4201005515692878	0.9703470507389772	0.3165678981919207	0.2482325728888806
ENSMUSG00000022533;A5:16:30151204-30152542:30151204-30152577:-	A5	0.3505023606881656	0.0	0.0	0.0	0.1786568180180801	0.1887533581092949	0.1698450430481374	0.3703526152158252	0.3533410740011365	0.0663729634512071	0.3854695922535124	0.1252035867827912	0.0987201692351509	0.4032903569894011	0.0260526423928397	0.037805140029665	0.4248214318803019	0.0317645396254599	0.0	0.0218258842841671	0.0258656600048582	0.4304141559382133	0.0	0.0355128400622021
ENSMUSG00000041920;SE:11:109349431-109350625:109350768-109354136:-	SE	0.3494144265358583	0.36976057536264	0.2365218080544249	0.1689936764521127	0.4808137710290925	0.4536027949209798	0.489713857699573	0.5936929569957947	0.3295555840221679	0.1251851513110051	0.4067937219218211	0.6810427288618643	0.2381933088542923	0.6123565455935137	0.3025654294410518	0.1357780066588263	0.6792493349224665	0.1526595155263779	0.0836791520990677	0.2436325666717682	0.2118587467834417	0.5309814773811615	0.2567177584340069	0.2007502309806606
ENSMUSG00000097113;AL:1:136609300-136610240:136610465:136609300-136616482:136616491:+	AL	0.3492531826306427	0.3814286382361819	0.0	0.3254188061479394	1.0	0.5024060259904221	0.4077974521490576	0.7935958959072638	0.2954588129260003	0.4800820738002103	0.3840780858703195	0.0577037592426065	0.068255209520126	0.5001999175023978	1.0	0.0970740093098024	0.5065138385971416	0.1345580273983918	0.2999315112275927	0.4337124693854556	0.1294253371299383	0.7641566230295439	0.2042735496645698	0.1559819913190316
ENSMUSG00000028676;AL:4:135590887-135591040:135593126:135590887-135594437:135597219:+	AL	0.3453396848755083	0.2052931754934181	0.1726074151551017	0.1742179415524406	0.3360664833465593	0.302395758421817	0.5570639182743288	0.6016149844266324	0.5439778078110075	0.179627539738395	0.679347375100676	0.4269367738618496	0.3066530609874209	0.6486105836181796	0.4230906159753175	0.1688146809861238	0.6189620916064685	0.2346009895446195	0.1803731762772512	0.3059532431575184	0.2629457895655515	0.6199967737031272	0.2143210289290677	0.2916242015394327
ENSMUSG00000078974;A5:11:16456472-16458079:16456472-16458104:-	A5	0.3450718242938524	0.3999677264776027	0.1973288589584158	0.4273021318085954	0.6534808948493475	0.6105048200206544	0.8028011667550229	0.560601402527585	0.6560533624290662	0.1820362430741391	0.6281742539697116	0.541435970102516	0.3954271409719309	0.6314352862426105	0.8493969066563636	0.1843506570180693	0.6561297964027409	0.1614767039748759	0.1571727566494217	0.3111201751421101	0.219289376926109	0.6078531381198493	0.2011813969513056	0.1702167489270882
ENSMUSG00000033952;SE:1:139404640-139405084:139408878-139410076:+	SE	0.3445106123230806	0.0564575613861421	0.0510775045978621	0.0550088903019702	0.3168420748051483	0.1889201411682475	0.3821128388316873	0.259372640775468	0.4184269614131329	0.0599684318941787	0.5324796953492597	0.1489905936433553	0.0447228085433198	0.5119710399285251	0.177142839135309	0.0575279134897266	0.2494952363659501	0.0282407288891547	0.0341347891642108	0.0525532009924674	0.032820425400419	0.4148827111428606	0.0356962773020258	0.045179728190674
ENSMUSG00000040446;RI:18:24640162:24640288-24641051:24641148:-	RI	0.3441159460473512	0.0793342438687801	0.0919464072532328	0.2858351966163283	0.1680435178313894	0.1985020813155857	0.4588326756131091	0.4991354844818894	0.5323330839626198	0.0742391184798483	0.5851295189495476	0.191772299799033	0.2178715021097446	0.5709969642389647	0.4022344604330747	0.0827676127496389	0.5564803623450446	0.0539564354191798	0.1020003291365726	0.3276618180426639	0.1500779506005602	0.4231353439060832	0.0758787469945984	0.1396672750730729
ENSMUSG00000021270;AF:12:110662114-110662686:110662829:110662114-110669057:110669162:-	AF	0.3425791899694653	1.0	0.5319130930344165	1.0	1.0	0.881058771330628	1.0	1.0	0.920596929008167	0.6479853263269396	0.4842668207854516	0.4526161483569552	0.8040119528436646	1.0	1.0	0.4195022308229855	1.0	0.5120966824687674	0.4392390965182197	0.5653656014127667	0.4349107858345402	0.6120673983481916	0.434085437707395	0.3096617208166188
ENSMUSG00000000568;AF:5:100115246-100124393:100124410:100115246-100126251:100126776:-	AF	0.341297897266102	0.0571343640946497	0.2807920920285375	0.4044131881222967	0.6493824315530333	0.4156196994445719	0.5787932648603177	0.5544157074282778	0.7355612110872273	0.1897062256503749	0.619284049521557	0.6681778071455755	0.3103812383007075	0.5742959697761958	0.7597841617241526	0.029185859361177	0.5098171593226474	0.2082061669871918	0.2254277095272507	0.1610628979720101	0.1077791824773028	0.4466149268607276	0.0377378131740587	0.3133979782342493
ENSMUSG00000031226;AL:X:104126411-104126622:104128792:104126411-104159920:104160696:+	AL	0.3394189229248013	0.2659460453295568	0.1573268036003489	0.2510727931355558	0.7166791859461602	0.8156017364064856	0.5929292007556205	0.6013762094868188	0.6316433016480886	0.1507562170677522	0.6006287885130136	0.7381661085369237	0.4035425408515177	0.6518207676296798	0.7113897497585285	0.1548897923123657	0.8067583971002202	0.1901262919639355	0.10040830112762	0.3871678514282716	0.2461067504132057	0.6786508858824334	0.2132178238682344	0.2660913283375318
ENSMUSG00000031134;A3:X:56437058-56438212:56437042-56438212:-	A3	0.3373254139765589	0.4276322537048204	0.5584818875339824	1.0	0.7253881296343231	0.8526432812431807	0.6393092606930856	0.6283829095537883	0.6593457057691781	0.8137642726930009	0.6162891654354085	0.7881522865314581	0.3189637626378008	0.8166011079543393	0.7097058400834804	0.6210315886901387	0.8385477986215979	0.5710427530821375	0.0	0.3881368545546155	0.2437775982825592	0.7951008246104667	0.4503696476768588	0.5996411101839225
ENSMUSG00000037805;SE:17:28548021-28548348:28548496-28549499:+	SE	0.3368302997152459	0.8785633163596895	0.5587136678333422	0.2425265738509701	1.0	0.398541221090858	0.8358052451019579	0.8108196901147382	0.8411122344771549	0.4875723140688219	0.9062606799108625	0.4204716853818271	0.726933228903427	0.8682964314016872	0.841730797509926	0.6874508726832392	0.9152719582072648	0.6749532053462804	0.6917390275920886	0.5473377971309004	0.3772025346323022	1.0	0.499035456677806	0.5018540001069391
ENSMUSG00000003779;AF:18:34757666:34757905-34758511:34758060:34758113-34758511:+	AF	0.336207770295884	0.4568964155027981	0.4739921490638018	0.0	1.0	1.0	0.1665360460993604	0.2389114573136756	0.227572870552804	0.1810630849140791	0.97777185651418	0.9999999830992666	0.0	0.3162751281820909	0.5699143740469472	5.54762367308392e-10	0.6272949153671865	0.1449434369233461	9.750278251679878e-09	0.1269517546156182	0.3641250842849726	0.5404111235570014	0.4463741393825782	0.3243454372930062
ENSMUSG00000020737;AF:11:115394000-115404853:115404974:115394000-115405046:115405213:-	AF	0.3356390414503405	0.273262713001199	0.3405217999265444	0.1831880687274859	0.4621553138541097	0.3765820359752322	0.5862328672335342	0.5068910482893645	0.5493129181846128	0.1713185397026678	0.3653229585217762	0.3502810613182338	0.3244379004617969	0.5050749879051766	0.4462424884285177	0.0413916991235705	0.4939713523367551	0.0	0.0666142172792461	0.1974571332641239	0.0	0.4310507128553579	0.0	0.0068091475257896
ENSMUSG00000038546;AF:13:43557165-43560088:43561504:43557165-43565887:43565960:-	AF	0.3337116058226147	0.1284663413838852	0.2285949513735192	0.2478172869168163	0.6367934759033532	0.4674732013980322	0.4383151180270588	0.4177111188225929	0.8602967088453144	0.1652852941103222	0.4238177334045439	0.2892190528826811	0.1595160070582304	0.3748592056014014	0.6531693393344011	0.1296626978455449	0.9888147511458972	0.1805520963055209	0.0985511391981979	0.1603838182317603	0.2206504682215512	0.2501708673113738	0.0705826739180195	0.3298060921724344
ENSMUSG00000019710;A5:3:87827012-87829124:87826958-87829124:+	A5	0.329742684122658	0.9999999998752428	0.7830191640317203	0.3267265806646548	1.0	1.0	1.0	0.7952657535985425	0.5339983512332453	0.7963840198311233	0.7293956230273625	1.0	0.4250117919721419	0.9999998144791516	1.0	0.6032844178909827	0.7473746468188788	0.663422868046382	0.5740863321678049	0.5351394343400582	0.4275126527669721	0.8624230131065429	0.6285701768011693	0.5654012223541309
ENSMUSG00000034391;AF:18:84952907:84953305-84975445:84970241:84970383-84975445:+	AF	0.3296172557663563	0.6049304443500332	0.3260197819209662	1.0	0.749908215209974	0.9083292513721788	0.949786329402716	0.9087400877665718	0.9039193475305846	0.8002000687258981	0.929302787552788	0.7865643221444184	0.6769194627644929	0.974702271987724	0.926684320729154	0.459279152128174	0.9399630481357	0.4003814566281579	0.3876313993814292	0.6422473636361502	0.5702821401175092	0.8749154680313284	0.5390928037188301	0.5447902058592062
ENSMUSG00000074397;A3:9:44346949-44347156:44346878-44347156:-	A3	0.3259567810478307	0.0	0.0	0.0	0.0	0.0	0.0	0.3817251938033037	0.0	0.0042778875893924	0.4268787917961245	0.0	0.0	0.2246601990018831	0.0	0.0072907787599484	0.312196275398715	0.0065918670630467	0.0570247627590741	0.0	0.0319278039471297	0.3368177275827609	0.0219819007210816	0.0097055318615735
ENSMUSG00000040749;AF:X:162858665-162859011:162859117:162858665-162859183:162859489:-	AF	0.324171198479142	0.6144644885062098	0.5510854162449242	0.591405464129079	0.861485754268862	0.0	0.6958697985069134	0.8896188024474404	0.8859322431490889	0.5333280259706945	0.8717386718576525	0.8170497868212683	0.7985674192602522	0.9474826060939248	1.0	0.4087758218844994	0.7993497758939712	0.6227789739048689	0.5360221886688609	0.4787237931298039	0.4785155596320649	0.9181645669250476	0.4046714383558669	0.4556982903542995
ENSMUSG00000010592;AF:17:50596266-50599849:50599920:50596266-50600435:50600664:-	AF	0.323539122499398	0.551548616811843	0.3094615083771962	0.7768755521561512	0.44760718641765	0.5276763607767502	0.3026790843941822	0.3887850278840392	0.31516079917391	0.4180833369335119	0.2563913242327698	1.1970005642020984e-10	0.1256289310456462	0.6025065383238017	0.6397861949380379	0.0058531642048468	0.2211672173529146	2.7221110665610125e-08	0.018946283818406	0.0280535065883072	0.0199117482989334	0.3234893874717002	0.0099827399868578	0.0010994318630468
ENSMUSG00000024576;AL:18:61713558-61715107:61715189:61713558-61720497:61721375:+	AL	0.3234385381557826	0.1355826168636945	0.0	0.0557199508385621	0.0465249194341288	0.0	0.4818595709045445	0.4132712821790628	0.6348612698472064	1.3609887999556538e-07	0.4334781747649724	0.0885864311091478	0.2920853309125982	0.4139140884437315	0.401267418843618	0.0247450282275695	0.5150075400839312	0.042050073088802	0.0	0.1005953192489481	0.0620427958863246	0.3898594910710286	0.0213847126560551	0.0271934868006966
ENSMUSG00000022292;SE:15:37947095-37953843:37953998-37961088:-	SE	0.3207645704093421	0.6534913400527531	0.6334182406194749	0.4880201934631904	0.681595926245031	0.999999715627096	0.9404027803862344	1.0	0.9904216726474848	0.606646216280355	0.7601000257475773	0.7896058172690632	0.6378348284459707	1.0	1.0	0.6363880967259506	1.0	0.5783927685323604	0.5981703097364816	0.6600180115506054	0.5817068039046255	0.8380497264023518	0.6123207926978016	0.5974821002090069
ENSMUSG00000066456;RI:9:82992001:82992482-82993046:82993159:-	RI	0.319997671244243	0.1357680503037165	0.0716060402903638	0.167451673458028	0.5504335469733393	0.5030036644762446	0.5995690171195976	0.6692952666463685	0.6905274421209703	0.1221695460568282	0.6000148951502197	0.3257887575594888	0.3869561880830301	0.5121196061476667	0.5975200686804677	0.1086105449877158	0.6105916401399198	0.1538360450563204	0.0665666147641249	0.281475062482497	0.1870867358763364	0.6281815044252964	0.1317853180650478	0.2565127366653391
ENSMUSG00000066030;A3:4:143917359-143920012:143917359-143920545:+	A3	0.3180445036298213	0.4482335558428537	0.3234669987358444	0.3495393881530836	0.5989138980162556	0.4495600289567044	0.6586389446709138	0.6427158614698966	0.640845445394515	0.3876646937129462	0.4728416092431073	0.4623267793483095	0.304909826614087	0.6930023762659797	0.6840870498913901	0.3544503377721815	0.8110138481684088	0.3270964043440874	0.3344277611250278	0.3982298894486274	0.3355724038011279	0.6163305552227084	0.3436443374019158	0.3086835607642652
ENSMUSG00000066030;A5:4:143921939-143922379:143920855-143922379:+	A5	0.3173477145556932	0.4482335558428537	0.3234669987358444	0.3495393881530836	0.5989138980162556	0.4495600289567044	0.6586389446709138	0.6427158614698966	0.640845445394515	0.3876646937129462	0.4728416092431073	0.4623267793483095	0.304909826614087	0.6930023762659797	0.6840870498913901	0.3570220572729957	0.8110138481684088	0.3270964043440874	0.3353804292371007	0.4010170457451394	0.3355724038011279	0.6163305552227084	0.3444073617994607	0.3086835607642652
ENSMUSG00000121818;AF:5:115241587-115245952:115246021:115241587-115248252:115248327:-	AF	0.31715524924648	0.5688209942442062	0.5683697870197026	0.6754382118326164	0.5592632258040934	0.5266463988623397	0.5838573914941875	0.7968248149229958	0.75335763448277	0.4371399040085144	0.6839466533381504	0.1893225677654052	0.6212506495234318	0.7746755790311085	0.7083615423820354	0.4928335641885332	0.6988954015057348	0.4622928277965334	0.4891832222890626	0.289484839293528	0.3550201928239606	0.3709820265694191	0.3227622622304218	0.4199657701711492
ENSMUSG00000038965;SE:16:16978040-16989627:16989725-16994276:-	SE	0.3167048610284932	0.0	0.0	0.0	0.8771888916918852	0.8282834312555237	0.7429103379119811	0.7227179670764563	0.8195366802374494	0.2482747440819338	0.7483133057133775	0.8646520705638677	0.4580738711787512	0.6423862661511103	0.8132523650072904	0.1723743180625257	0.5327207215543275	0.0	0.0	0.4260869961132366	0.2231200853537488	0.6985142757196771	0.1621072887206763	0.2720378637355615
ENSMUSG00000045519;AF:9:20265545-20266770:20266942:20265545-20296313:20296473:-	AF	0.3136394274497415	0.0777758131738948	2.101861584690871e-05	0.0	0.6778853672355493	0.4441857556111749	0.6149366803386355	0.4212462994436067	0.4009978373653956	0.0596903611187667	0.5053413968541298	0.3092639936490927	0.1135678625447368	0.5141317020779516	0.5455036502596504	0.0119303306199107	0.1468176921085822	0.0155142391293528	0.0	0.1049559506102562	0.0441774307024668	0.3628233134954766	0.0385890649708476	0.0702781368278445
ENSMUSG00000021687;A5:13:94389578-94421728:94389578-94422074:-	A5	0.3133888321801276	0.2633556010472931	0.1441731140569177	0.2372763711871827	0.2221193784971071	0.2693606352386081	0.3806760098511585	0.4401649782629991	0.4348421869782078	0.1906237848282423	0.5027758784547968	0.2569014737204833	0.2506480261320545	0.5671878315476206	0.3401019169027907	0.2111234896518722	0.5720851215147793	0.1967932535203969	0.1514014416714854	0.2292499656442841	0.1930231980086571	0.4545004037882681	0.1602996372850134	0.15573729127469
ENSMUSG00000040952;AF:7:24583796:24584092-24584561:24584139:24584294-24584561:+	AF	0.3127918755868906	0.5102604240785542	0.3163881725368284	0.0	0.5345070982622182	0.1433304742807465	0.5867608122427189	0.6192328150707179	0.4539025936315016	0.0	0.7600134760799581	0.7642542124247929	0.2031268554092721	0.6557791506250734	0.6232582141206918	0.4213127606217716	0.7426379404421369	0.6726803782818597	0.5930374997594936	0.4749965905162434	0.5426896423629005	0.7569238981066483	0.4823957067174276	0.3056827915819079
ENSMUSG00000043510;A5:5:110982665-110983841:110982665-110983846:-	A5	0.3123899027590402	0.3602836336630015	0.2861198676947219	0.6235820950759609	0.4332230282120735	0.4554521404504269	0.4570127933443215	0.462579880190276	0.3727739743602903	0.1443969265573281	0.2627810412720666	0.2910315982146266	0.1198342520371809	0.5068004348295121	0.3717735195251255	0.0417213570758748	0.2951661785833387	0.0722022459812214	0.0744042759237288	0.0746225621334459	0.0556080183113307	0.2957498141714571	0.0717968891151059	0.0277030913570752
ENSMUSG00000011960;SE:15:98444475-98444626:98444789-98446547:-	SE	0.3107673924978597	0.4589646157291555	0.8156641070181752	1.0	1.0	0.940698476241292	0.95831732328241	0.948478088432352	0.7307809382822029	0.666180248397021	0.6444987762369351	0.6847879352167202	0.7334804338449766	0.9815978895081368	0.9022523618743892	0.5203071413216898	1.0	0.3444510491074327	0.5226285294886515	0.320068129939453	0.7023659172679917	0.8734497777113903	1.0	0.575590703133564
ENSMUSG00000031683;SE:8:79539709-79546616:79546714-79547677:-	SE	0.3107278671895489	0.4107124512766439	0.4386265978661964	0.5026965091836383	0.3907165925552722	0.5020377379869061	1.0	0.7219161706585943	0.955714083216262	0.6330801606389255	0.9196971690385838	0.6144483543779756	0.5782631519963194	0.8035547416028673	0.5590646860249525	0.5192601198933074	0.8835380498264888	0.6638305867705698	0.3014737378754313	0.5174547820831427	0.5932143030577723	0.8775973816923417	0.6413105237672729	0.3968624252311039
ENSMUSG00000097727;RI:17:46090185:46090317-46091846:46091899:+	RI	0.309233312059922	0.9430948092632584	0.8889642486888915	0.9216358214656574	1.0	0.9952282106747744	1.0	1.0	1.0	0.8963177970541484	1.0	1.0	0.9105271217353972	1.0	0.9959590217696698	0.6427079762884499	1.0	0.6757870739330285	0.4357005081107942	0.7175928801833893	0.5595684536003136	0.96001575194117	0.3019249341323782	0.575378296241212
ENSMUSG00000113902;AF:12:101935896-101941919:101942513:101935896-101943043:101943323:-	AF	0.304206208255786	0.0	0.125129405193542	0.0	0.0221418892811893	0.075462007005055	0.4466409147575791	0.6731671392748232	0.578667220219012	0.2745990147193675	0.7013875900705716	0.1243514009343465	0.4283320517934812	0.4523598568180524	0.4109886641556235	0.1384732016839293	0.6804412320106107	0.1887467389067814	0.1228778269390931	0.3451979450874585	0.1947941348896985	0.7060005696236963	0.4119359787523996	0.3222068533802757
ENSMUSG00000071533;SE:16:55842492-55844587:55845000-55849966:-	SE	0.3021757375153602	0.0121315351947938	0.0086888300054205	0.0	0.0	0.0759640925575083	0.0906652663191837	0.4731415420811781	0.277857664893193	0.0	0.3408556370155338	0.1705145724026767	0.0947561958998484	0.2965775558877455	0.089373027416952	0.1263153110845162	0.3266403405573069	0.0	0.0288856246734912	0.0332067106409984	0.0416748658942891	0.901805109224216	0.0709499711224287	0.0588743530451876
ENSMUSG00000021963;AF:14:58035883:58036054-58038951:58036089:58036221-58038951:+	AF	0.2967837642048814	0.9397377902897612	0.9711854649125826	0.0	0.8401270151828096	0.0	0.9864157257513192	0.9494974056321892	0.974496677462834	0.0	0.9743217078112456	0.7980863516577802	0.8723603251977093	0.966676804939418	0.9234239205898792	0.0	1.0	0.8528147903733138	0.8165076250780343	0.9230378079671328	0.0	0.9397936180868622	0.9287162196153352	0.9079627283984854
ENSMUSG00000071533;SE:16:55842492-55844587:55844801-55849966:-	SE	0.2956188488594874	0.2440932831768411	0.3180742571621788	0.1739001105005833	0.4851402002365241	0.7118807170018076	0.7299848193137504	0.7566615578399516	0.5504727141039949	0.2688412794915393	0.7714396116945557	0.7158316976459274	0.4365099325024095	0.7115097975511702	0.4920566330211025	0.5511422676222159	0.7774358129301564	0.450050872229392	0.385497723393041	0.3642433372120297	0.5741292931890125	0.9820841403679548	0.460920516359075	0.4596888216744321
ENSMUSG00000018363;SE:11:106759494-106759823:106759934-106762328:-	SE	0.2888634662901898	0.0264802435215645	0.0619916839760157	0.034266320487183	0.1249752553748066	0.0158875323439335	0.3084165805488575	0.1853429360502132	0.3133547583131107	0.0144424785787456	0.4498584731050165	0.1136081074302584	0.1060559519552197	0.3709101579536051	0.1940799290443774	0.0377556075095652	0.4488464233263601	0.0311690949770222	0.086339041365689	0.0640327167130555	0.0218259485280198	0.2245469141942412	0.0506180952332063	0.1075895080781405
ENSMUSG00000078919;AF:2:168069422-168072113:168072248:168069422-168072309:168072511:-	AF	0.2863583330672616	0.3114052043116562	0.0359114352685692	0.1207139866844927	0.9168055835574852	0.5194687734637349	0.44610092073809	0.4993688806103578	0.3736148055917143	0.0	0.337847073711688	0.3642849145865499	0.0	0.4169095718058833	0.3157530578553568	0.0	0.4285486764913412	0.3116020276398015	0.1944900101111749	0.0508935988244628	0.2939400948958233	0.3148284885930527	0.0	0.1924071766299376
ENSMUSG00000031601;AF:8:40963267-40964581:40964763:40963267-40968745:40968888:-	AF	0.2854952957953388	0.0317206720893496	0.0435684079969048	0.0463342396142321	0.101992506455523	0.1143265866759091	0.2586139645424352	0.2356586322051662	0.2788841204393904	0.0383481227430272	0.318269903180372	0.1328203286207227	0.0769095919418016	0.3334448155052027	0.1696553899743786	0.0408155333604687	0.528759833548595	0.0454539404506794	0.0405958666803537	0.0778573307226979	0.0448484714691274	0.3779652907727973	0.0414351786590085	0.0745366071243539
ENSMUSG00000004980;SE:6:51444275-51444371:51444406-51446651:-	SE	0.2841432468700581	0.20290235083941	0.0343942028108608	0.0915597157726668	0.7492212451626659	0.429117030825108	0.4835502131975153	0.6272114899379789	0.8838330000528096	0.079709811125156	0.5976842703414658	0.7717851842558594	0.397729297985237	0.4634579295326346	0.6180996411641588	0.0936854902262808	0.5516825779031105	0.0947059005855822	0.0644510906042488	0.2499334687901797	0.1393410001103148	0.711229374773812	0.205939296273552	0.316459513349226
ENSMUSG00000018363;SE:11:106762436-106766727:106766765-106811007:-	SE	0.2831013288012449	0.0264802435215645	0.0619916839760157	0.034266320487183	0.1249752553748066	0.0158875323439335	0.3084165805488575	0.1853429360502132	0.3133547583131107	0.0144424785787456	0.4498584732070586	0.1136081074302584	0.1060559519552197	0.3871573698763522	0.1940799290443774	0.0453650018956623	0.4488464233263601	0.0311690949770222	0.1085222015159726	0.0640327167130555	0.049981108833811	0.2615748308425272	0.0641887434646946	0.1187301097529181
ENSMUSG00000058291;A3:5:138614827-138615317:138614821-138615317:-	A3	0.2789401300135332	0.7679616228647294	0.5815258668990848	0.7595765083678581	0.8601536984500949	0.9413886149905788	0.7267594120770393	0.8302486021705643	0.7041202120729475	0.690558559344343	0.4592395425728759	0.7613098335955029	0.5841211382726021	0.7925538162222707	0.772035461213239	0.3905918628629509	0.8873917342264298	0.5738541139955032	0.3763807909802957	0.430906574138036	0.5521587136827881	0.7216973222812735	0.4654074274604385	0.2864867490445815
ENSMUSG00000118332;SE:5:143534889-143537164:143537296-143548512:+	SE	0.2768473980553164	0.5092321770076202	0.1593610453753673	0.7157326879653791	0.9999999999286632	0.6564757459383174	0.6726656761946915	0.1417683866878782	0.5380082958056659	0.0505260956796794	0.0001037133332078	1.0000923399445196e-05	3.2561641246751406e-05	0.9972110671433598	0.14683659817246	0.0590156367106706	0.1703534469075926	0.0846288561183197	0.1407790766748611	0.0009622612926759	0.060920763319202	0.2097428211812784	0.0	0.1401314355976483
ENSMUSG00000037885;SE:2:129643924-129652408:129653157-129669694:+	SE	0.2762174955688433	0.1260232678630305	0.1417119303563162	0.0908000227128274	0.3270446977814615	0.2335024443103597	0.6442563524326678	0.6035627242998945	0.5572473965445081	0.0825318129040125	0.6099654570359436	0.3059370292287331	0.3067653640902048	0.5974051411424587	0.4414475106174544	0.1839312283021987	0.606884328068922	0.2333270992678197	0.1710156626707166	0.3003373956009513	0.3066348896697071	0.6653060965793494	0.3135894219089153	0.3992100189109825
ENSMUSG00000000827;SE:2:181143846-181144669:181144728-181149959:+	SE	0.276063265210764	0.2803348745676254	0.3596185472005134	0.2272592122346634	0.5858282912496691	0.3639004060477737	0.6577569374520043	0.6827147812095651	0.6709804573952474	0.3403867799709636	0.7502636039538211	0.5137545634299231	0.4369969673609989	0.720572983813118	0.6902887855868373	0.4290532495868505	0.7524261878513094	0.3696199799727246	0.3809315163088683	0.3871720583778166	0.4577404931456922	0.7007640226207413	0.4639621851527475	0.51981497710025
ENSMUSG00000063787;A3:14:20753265-20753344:20753265-20753358:+	A3	0.2747906154692704	0.0	0.3127264898068237	0.3604834109274383	0.9415591497670166	0.92145869018472	0.9592705828321036	6.819980628854218e-08	0.5639879070276906	0.3219956216846891	0.5052083619374149	0.8196055187474021	0.0	0.3789393003675666	0.7534410480710299	0.3924485672569376	0.3061345674704475	0.0398276773489768	0.0129665385897198	0.0	0.0843373173045986	0.0	0.090083282290549	0.0067825187935548
ENSMUSG00000063714;A3:2:72817976-72818712:72817976-72818716:+	A3	0.2709148485090019	0.1105333100977498	0.0	0.0	0.4299690905963482	0.0	0.4202739046141915	0.4828356116946721	0.3359000847048168	0.0504486353354136	0.3582523091893659	0.0881308745342537	0.211812885313112	0.3755345371745984	0.5327557572745785	0.1539722204811011	0.3648256937737835	0.1494274876559305	0.1410166408833231	0.0362293307542873	0.0851793858604483	0.6022871532252846	0.1532679034302673	0.1645671558685646
ENSMUSG00000031154;RI:X:7733754:7733818-7733906:7734062:+	RI	0.2699424283203827	0.1872594032561292	0.2209258974977521	0.0	0.5593274953830605	0.6340314724793961	0.6877868335988069	0.6928510429411759	0.7561137557877268	0.1666487336406462	0.7408873026428359	0.6242941595533553	0.5749141668898462	0.7268537847786747	0.7427128669798855	0.2286667302098841	0.7368577599157896	0.2338285722080787	0.2849714608355395	0.5072986630073839	0.279867535096658	0.5574847450418191	0.2755969294532156	0.4555998120030567
ENSMUSG00000042396;SE:9:48405481-48405583:48405687-48406455:-	SE	0.2610537307907016	0.1276488994654981	0.152931403604364	0.1044728005709691	0.3637685669836654	0.4749827027713335	0.5201662013072588	0.2915768119432631	0.5194114943731288	0.0970338385067832	0.6897402080718538	0.3466177103686854	0.284722275325777	0.4442453142855339	0.6006886465358677	0.0747113318457722	0.3342314198281593	0.1415747717539123	0.1113901036957488	0.1568621570947371	0.1085889060181935	0.618313197203075	0.1053510839141097	0.1654054925272959
ENSMUSG00000003779;RI:18:34761438:34761475-34761558:34761632:+	RI	0.261026808120566	0.4568964155027981	0.6905122420509145	0.0	1.0	1.0	0.7536099424501239	0.5242027209195181	0.4338426886423829	0.4732745411940157	0.9903162949729912	0.9999999945364422	0.1855270223340269	0.5125126217387056	0.7909072214799612	0.3555434098152475	0.8761807178986214	0.315198708737673	0.4976111800966275	0.4940554669343409	0.4374765384946874	0.7238661347116159	0.6080838719947572	0.7420460952845171
ENSMUSG00000041359;MX:12:105183960-105184482:105184551-105188792:105183960-105184918:105185088-105188792:-	MX	0.2600352009842239	0.1367068746800792	0.2459892765283516	0.2456132577777302	0.7015875721265307	0.6775939793861362	0.6920695458471471	0.7479697581936869	0.6196138036985283	0.2532176182164557	0.7375434097699594	0.7716057589572768	0.3164458580634287	0.5035185392367632	0.7011418981015053	0.3524333521376932	0.3170453930370021	0.279795929231296	0.2938990707399594	0.3280811401204838	0.2520995883160165	0.6436598185490621	0.2694307702974415	0.3693097098005866
ENSMUSG00000063550;AF:7:101845095-101858946:101859074:101845095-101859225:101859383:-	AF	0.2595695068718015	0.1593439777828674	0.1357452055513288	0.1023394731855993	0.6880211728084358	0.671350625078054	0.5647945710593064	0.2764592582114372	0.5046435810968604	0.0855850188568607	0.2731106594735703	0.4501162773901864	0.0953982905070758	0.4074505483576049	0.5882513812599092	0.0279820511197025	0.3730684089657425	0.0408271929446885	0.0252420389492422	0.085503802821705	0.0351844511856128	0.1688011480432843	0.0247106320363488	0.0757243030067553
ENSMUSG00000066030;SE:4:143917359-143920012:143920075-143920545:+	SE	0.2589690263306573	0.6546965127030955	0.4980104148264055	0.4390163783645286	0.6755857239728207	0.5689061863932872	0.7678455635740409	0.7339319887262219	0.6694408575384664	0.4535217760998958	0.4154143977538965	0.4783415987026113	0.4541649832450032	0.6919787415438541	0.710657097026059	0.4352524184357986	0.8387788126682525	0.4832112988072589	0.3855628626283547	0.4567471201783601	0.4320468564508018	0.6171706302389668	0.4311042680866674	0.3012688754954306
ENSMUSG00000031154;A3:X:7740192-7740469:7740192-7740472:+	A3	0.2584382874505743	0.1872594032561292	0.2209258974977521	0.0	0.5593274953830605	0.6340314724793961	0.6877868335988069	0.6468344794619417	0.7561137557877268	0.1666487336406462	0.7408873026428359	0.6242941595533552	0.5749141668898462	0.7268537847786747	0.7427128669798855	0.2286667302098841	0.7368577599157896	0.2338285722080787	0.2849714608355395	0.5072986630073838	0.279867535096658	0.5632360729520114	0.2755969294532156	0.4555998120030567
ENSMUSG00000026974;AF:2:24839804:24840059-24841485:24840222:24840486-24841485:+	AF	0.2565982309316525	0.735243710253468	0.4083811809695775	0.8147727513329952	0.9998873409509914	0.8758216426565582	0.6580244821962444	0.6680783024758569	0.6370637115180514	0.541879113280745	0.6573513600460544	0.7449329483299554	0.4214650510715001	0.6764090945180432	0.7274204130908328	0.3814934883460958	0.7382943526254803	0.4731929586477305	0.3044010157118769	0.4994753497767407	0.5115914059868386	0.4718089147905991	0.3316434686924199	0.2812083791037449
ENSMUSG00000050608;A5:4:138833214-138858099:138833214-138858233:-	A5	0.2551068628536509	0.3236991393180828	0.3656127063390348	0.1635597757025517	0.5804017012224871	0.1436450108209706	0.5473745017738247	0.4351152667347754	0.3783222891278961	0.1421218586216628	0.4701178830839398	0.1195627955859169	0.3447155069031291	0.4671553920891756	0.4985253273517493	0.2424389682722288	0.4582283108875319	0.2397168763817638	0.1895937612188855	0.1409871589226694	0.1143049835549526	0.339555786016766	0.2989376966897525	0.2101817520000682
ENSMUSG00000031812;A5:8:122320389-122322725:122320284-122322725:+	A5	0.2545627697344292	0.0	0.0	0.159038122664416	0.4998968983681451	0.1830895592399617	0.638832695452043	0.5325578030312847	0.5527877157988832	0.0	0.5173337278982022	0.2958671527736349	0.4709111731678584	0.6446758849601025	0.62388082253469	0.0	0.5502733195832522	0.03780188179831	0.0	0.3184785279509877	0.1555011681409989	0.4047375788151612	0.0257296457066633	0.2816987872752799
ENSMUSG00000063334;RI:10:111813017:111813142-111813220:111813303:+	RI	0.2458479180993527	0.3158122983007776	0.22758725332528	0.1602002223930591	0.5021916065532558	0.5002771800826732	0.5791403094439832	0.6611870716525153	0.592146428300211	0.3198420703567579	0.5427996231505491	0.5422224144374895	0.3882852888401458	0.6265441905091463	0.4976518816917819	0.27887526333678	0.6155410657658602	0.3164113852762694	0.300471390214748	0.4263588845532473	0.3443580110966728	0.5361534050136164	0.2273543624652206	0.3036780941905939
ENSMUSG00000022706;A3:16:18694186-18695221:18694157-18695221:-	A3	0.2454366368336622	0.3171123284570463	0.3268160497570858	0.3753874843918657	0.3113767431257156	0.3033499562903947	0.6201705541016854	0.6382219836874183	0.5932051492023978	0.3340575378989588	0.6487751670872097	0.5198910537263979	0.393076233908859	0.6528371299450219	0.5606198317883814	0.2905388760296267	0.6726441927620955	0.3309919215950462	0.3529460021257011	0.4334311856032431	0.3929578848940043	0.6199816663613396	0.3903851538704926	0.4112666217409905
ENSMUSG00000000568;SE:5:100109192-100109957:100110063-100110374:-	SE	0.2406832861262546	0.397333076092878	0.3973999956623753	0.5663738427205913	0.6655376416580999	0.4762172312899713	0.6827013807623843	0.5373040570788771	0.710384063697039	0.2712567080072809	0.5010341675946735	0.6401318751082724	0.3761113766290833	0.5520012885425882	0.7856082643196005	0.1442620416714201	0.4986931910379961	0.3168630106892127	0.389667331750445	0.1648686373945327	0.2237659846393511	0.4394228507923214	0.2274470892446067	0.3615535610861491
ENSMUSG00000029068;SE:4:155902444-155902996:155903121-155904786:+	SE	0.2393701132469438	0.7800433177675175	0.2957022752972849	0.6957452293612473	0.5973618355247777	0.5500643064926558	0.6219214398845634	0.4703898364661969	0.6535276049639613	0.4715895999659983	0.5258274691801271	0.3304269944211243	0.3237897983419351	0.5938451579887383	0.5826489501409783	0.0006746940917702	0.5662734702114263	0.0	0.2982039839158531	0.2004688826462821	0.4117996599842379	0.5907029681996561	0.1086745473472147	0.2627971398862581
ENSMUSG00000053453;RI:14:8515107:8515224-8516225:8516352:+	RI	0.2391119166678894	0.0015584746327871	0.0025708225329067	0.0030517899462994	0.0787303905166523	0.1145242772501869	0.3165781137119717	0.2098639003932788	0.2428195085335023	0.0019742904946989	0.2320720166583575	0.0398233152265021	0.009437701849641	0.3387132304310196	0.2051974447268038	0.004284244450684	0.2364705850858698	0.0017819013833211	0.001823235413221	0.0232932849902249	0.0110868168975985	0.1973865919848904	0.003935697822669	0.0168542621595035
ENSMUSG00000118504;A3:3:89966107-89967669:89966107-89968945:+	A3	0.2386963758112913	1.0	1.0	1.0	1.0	1.0	1.0	0.9962257020434098	0.9715007092967164	0.9903757411895586	1.0	1.0	0.7170062309280612	1.0	1.0	0.3614651187396361	0.9581601025616912	0.7561743140828302	0.5973962949992778	0.8684197096797468	0.8604269732237131	0.5224792060923595	0.287888093559888	0.5537473875284146
ENSMUSG00000027201;SE:2:124940438-124940717:124940767-124942239:-	SE	0.237907595129481	0.496507186240754	0.5793895781409629	0.6566556334968507	0.7709907540031964	0.0065375498691023	0.2131854229951605	0.6671887967911464	0.6094754439322243	0.5161650525233408	0.4882673090326695	0.7594884521839071	0.3561843981700139	0.6169572177054805	0.4819332872052609	0.316625380245696	0.7573846952587248	0.6357218415677448	0.3155460466287009	0.4578459843421651	0.4295886235679657	0.7828075291512774	0.2976237683452045	0.3345486321899524
ENSMUSG00000020561;SE:12:33479907-33483504:33483645-33486935:+	SE	0.2374034132713827	0.7205504799352376	0.4750820837777359	0.8344658513219132	0.5078230366220562	0.6174476889460871	0.6324469784757057	0.7605564843072904	0.6159525710279655	0.7331075021656641	0.5184066496639798	0.6611729657401095	0.6226954602661875	0.8667007734613236	0.8789045787447899	0.5663042523217322	0.9611716680945818	0.4042593301380741	0.5257814800159775	0.5829989848697249	0.6521133677924785	0.8268901191207726	0.4252031728397336	0.2994141095132535
ENSMUSG00000021018;AF:16:20536415:20536744-20537574:20536856:20536916-20537574:+	AF	0.2370017947639359	0.6607555765754441	0.3800455243834354	0.51763454410068	0.6837936347216514	0.5724210942996262	0.7557924952819084	0.8824854719413756	0.6361567728309667	0.5756722475750271	0.8239899596882954	0.6952868732381723	0.6634809761541095	0.8118302562778387	0.7172878092630284	0.7967025355127826	0.888608979973949	0.657870661030777	0.7528473931498509	0.4781751350398601	0.5778142954120238	0.8208089636260112	0.8327091962216896	0.7394370822197217
ENSMUSG00000029177;SE:5:30824457-30827036:30827172-30829808:+	SE	0.2349543559910534	0.0707620163686284	0.0	0.0	0.174629747783696	0.2764390985364111	0.5156971227885707	0.4164089155550362	0.4864496619444773	0.0654100767276707	0.498535248242223	0.4631132949183838	0.2155075290502354	0.4419865306758019	0.4055710824783994	0.2020259265101996	0.4141022193679232	0.0537290197380663	0.104287492737739	0.1679134236677137	0.1554538686618122	0.5131307036603097	0.1993635508244795	0.292340668497009
ENSMUSG00000032328;SE:9:79684613-79687823:79687930-79700256:-	SE	0.2330077120158984	0.6933892644601121	0.9999999989903764	0.9999965996593342	0.8232162949847993	0.8911620191861539	0.9999999988422812	1.0	0.9464937088977816	0.8123468948364493	1.0	0.9996237258702668	0.7625721947134271	0.999999803874686	1.0	0.8797972548419201	1.0	0.8860632808453088	0.7953908612098186	0.7207141772729212	0.85932019437639	0.9979102484271724	0.8992028216484765	0.7253623894483543
ENSMUSG00000074698;SE:2:152096241-152099298:152099399-152099861:+	SE	0.2312260180088147	0.370184319550764	0.2385628354536778	0.6444921052796332	0.3303739753892982	0.366854719390281	0.3709580526093923	0.706952003647698	0.600887938815271	0.3474474796628543	0.3242698267205535	0.2760930731853704	0.2922228902891262	0.3476155534598151	0.9399828556494384	0.2433428131240021	0.5532537408299111	0.2297937494753865	0.2190697009988682	0.2780524670234984	0.2794303098885772	0.313008595329534	0.26175152024295	0.157481385421517
ENSMUSG00000049439;SE:1:60391329-60392068:60392234-60393673:+	SE	0.2307638564666776	0.2366235242123871	0.0	0.0	0.0	0.0	0.4285115442475333	0.1014282775996888	0.4770998367147856	0.0	0.370415777880883	0.0244013771736997	0.0520509007976657	0.5137599129751831	0.4311374820275005	0.0	0.1774812051840801	0.029412512199331	0.0261878017488132	0.1324868726967442	0.0068569489738767	0.7603852462193089	0.0	0.048635025304838
ENSMUSG00000018648;AF:11:83941746-83957811:83957906:83941746-83959307:83959405:-	AF	0.2285065715450161	0.0	0.0	0.0504930177648934	0.0	0.0	0.0	0.0	0.0	0.027982238624554	0.0084997438502378	0.0713589632126479	0.0246686854008944	0.0	0.0	0.0257048044197622	0.9999950782055528	0.0291088333917188	0.0331707531709782	0.0047999515317886	0.0047759145502097	0.0	0.0182649133857223	0.0602239843928332
ENSMUSG00000034333;AL:15:88639136-88654741:88655079:88639136-88663612:88668719:+	AL	0.2280169121095707	0.2707175993606611	0.0528517944136746	0.0463203538665041	0.2855268911237429	0.1329909176058636	0.2794558778536326	0.2320445073262981	0.283612584094468	0.2134180891662382	0.3059752470497937	0.0	0.0	0.2649358613992947	0.2659250704191755	0.2810488108078675	0.3913938036183784	0.1195085799215715	0.0	0.0	0.2822817709554819	0.2129223641305386	0.0	0.0
ENSMUSG00000090254;A3:6:89118067-89121530:89118067-89121544:+	A3	0.2237170629483896	0.6200719661724619	0.4990328165349685	0.6997742213110174	0.6791918573505777	0.7992684100382027	0.6492226816798028	0.8046542760569896	0.627030060648592	0.5862795451199126	0.3646187033116287	0.5854639077617877	0.5492076804629223	0.593708295688332	0.5764409386354536	0.319693820995707	0.6672086778282125	0.5080177397564364	0.4564937628296226	0.4764862274373541	0.3804214041562498	0.5737067685703341	0.3056267893067477	0.1292063890350784
ENSMUSG00000038812;RI:19:6887952:6888041-6888120:6888396:+	RI	0.2220918140488962	0.3273853178829486	0.1804266587548635	0.3658740340410671	0.4276871044229442	0.5982291408053537	0.2588596579911613	0.1776280481178368	0.1108151568964918	0.0950197715052137	0.1241009706147412	0.0259954103767887	0.0200673306526052	0.4105275604905263	0.1051708939708939	0.0	0.2489221792409239	0.0077162478942867	0.0153451852112091	0.0276942933877302	0.0081910595530486	0.0968462466627715	0.0117451828349023	0.0168588186750593
ENSMUSG00000111270;A5:9:120621270-120622949:120621159-120622949:+	A5	0.2217865687108901	0.7931553251788857	0.7333887746998186	0.8828797408767486	0.6061918173144574	0.7918041901923131	0.8614376588812374	0.8674572444807215	0.7715109788959964	0.6636656172674573	0.6290098269084042	0.623216477377638	0.6892391844853307	0.8709781946007873	0.8758331228655268	0.5345997920754888	0.9342632741926784	0.6438035126150946	0.5068334192882928	0.6321078507900748	0.6010465991598067	0.7864103746297416	0.4945922719130622	0.4921686309038183
ENSMUSG00000037722;A3:14:45618473-45619013:45618455-45619013:-	A3	0.2183296541825921	0.3600067294417379	0.3306796844243311	0.432386925798929	0.3730676359899499	0.3839268477291601	0.488386535299381	0.5024524055248963	0.5767082677066809	0.3059182964761739	0.519696889775445	0.4207343762797583	0.3621267343787747	0.5583434724861005	0.4523588473616901	0.3328531359194098	0.5552595926921631	0.3300596099732753	0.3105907763207405	0.3075526499640015	0.2518692630553521	0.3662816956813922	0.249439510943101	0.340885096350108
ENSMUSG00000024750;AF:19:21250051:21250106-21253790:21250610:21250706-21253790:+	AF	0.2178446820249265	0.0148260318542936	0.0110594548000444	0.0124886511334937	0.0536243478288948	0.0085009379062775	0.4137100812091447	0.2464438637365405	0.4137996499912926	0.0301801695359346	0.397786994060165	0.0438680317692786	0.0578401377760992	0.2515689590789538	0.3509334692837114	0.0384075249572625	0.2564620045479499	0.0490039124438386	0.0422218921542468	0.0494306425006621	0.0421426712613435	0.2825551109900776	0.0564245881543017	0.1314696417857986
ENSMUSG00000004359;SE:10:88511932-88512735:88512827-88513362:-	SE	0.2174803779370908	0.0	0.0	0.0	0.0703555355301708	0.0	0.2969414556789352	0.2427217844520538	0.3040707086363303	0.0	0.2939966745180283	0.3342110182232645	0.119677715413612	0.2914806246385193	0.1691149482045202	0.0171326165594235	0.3059023369178447	0.011930903282234	0.0	0.0712572280284442	0.0641174631212754	0.2756387869340251	0.0	0.0091275022147514
ENSMUSG00000032883;SE:1:78635820-78659310:78659727-78665954:+	SE	0.216917948212866	0.0335004218899849	0.086401444693728	0.1991519398962392	0.0386602397484234	0.0	0.0835864175638417	0.1575229998794396	0.196659779528501	0.0766175023334823	0.1572869029441122	0.0005078487633288	0.012391421588997	0.301232761267647	0.0237671606874595	0.0081419076874779	0.3293755764611967	0.0205722217561311	0.0424987992501123	0.0196497563379961	0.0117672143547932	0.0728172756472694	0.0569483331151617	0.0339380554191449
ENSMUSG00000055067;AL:1:179205100:179205364-179232848:179222789:179223396-179232848:-	AL	0.214953458679387	0.4668794564527569	0.1206339413993491	0.0	0.231266215597497	0.0	0.2663589343389343	0.3600131970954501	0.1829303747413938	0.0953458535167403	0.3253747777433404	0.0	0.2069135300027798	0.4856347824639139	0.1449784205326117	0.0305308966953445	0.413540684735814	0.1019034817082294	0.0	0.2212072207529039	0.2035005607733717	0.2620826642379503	0.0873155179488002	0.0931282957919149
ENSMUSG00000030057;A5:6:87822539-87822656:87822539-87822659:-	A5	0.2142135964763953	0.6026546597678595	0.2442727581338443	0.3891203503679016	0.1741510398696369	0.0188833323383308	0.8166991366703752	0.4038872610117843	0.4058561969357671	8.117263416138809e-11	0.0461648972719718	0.5458425546195961	0.3504312056640464	0.5478778014905378	0.4769661475497304	0.1249412119005023	0.4146851262961177	0.0400048820269288	0.0710267513861346	0.0414315870829586	0.0709485016229233	0.0731581856935497	0.0695448764550519	0.092949405794902
ENSMUSG00000020687;SE:11:104411662-104412207:104412414-104413549:-	SE	0.2086299582132033	0.8461804396345587	0.7485240172016362	0.7050035565689341	0.8061088440499831	0.9463927090885984	0.9429913937347956	0.9464746499541664	0.963439490608069	0.7884462092842112	0.952066313214216	0.8961392773525609	0.8328509824725427	0.9470220415240888	0.9426703144022436	0.6761817217295112	0.9472714250954154	0.8532448020305048	0.6712365622415218	0.8439385051458055	0.7112914980302303	0.9594920369338908	0.6240222113125663	0.570233611286495
ENSMUSG00000028639;A3:4:119136408-119138767:119136396-119138767:-	A3	0.2028875213041625	0.7161328943430111	0.6377804442590586	0.7019723305860984	0.6056349721966802	0.6354492910907319	0.7086845778420976	0.5731493632784526	0.5764757877730059	0.6672819160179578	0.4441143067117364	0.4055216395705049	0.4977590563709643	0.6210742452800387	0.6398003685759791	0.4088874227462731	0.5918664758009984	0.4596664205129654	0.4570351646775359	0.5267338251623017	0.2948851879907842	0.3966333039053277	0.2211140725026555	0.0992762363305255
ENSMUSG00000019179;SE:5:135812327-135813038:135813121-135814783:+	SE	0.2001992259291779	1.0	1.0	0.9148590984154744	0.9232273136628788	0.5648234403611809	0.9673771077032056	0.9564667808441422	0.9049353493022744	1.0	0.9219936399548642	0.7980788086682898	0.8226513541609455	0.9751905798664284	0.946046636528891	0.812592841123147	0.9849835851988832	0.7831791685220418	0.8532565839418919	0.7706374346726889	0.6429185757203082	0.9600868741726096	0.823951577545905	0.8016303175936643
ENSMUSG00000026605;A5:1:189411338-189412418:189411338-189412469:-	A5	0.2000839597471765	0.8543215218929295	0.6949675996250604	0.8278026006165579	1.0	1.0	1.0	0.8873714204045791	0.9645851839800296	0.6168990278833459	0.7761530532411383	1.0	0.7432796177610821	0.8283025836371272	1.0	0.5564679535032526	0.9530416000583896	0.5623763099280681	0.5266473441381758	0.6748784510249239	0.7177297785161938	0.7861807239190556	0.5877485969507821	0.5086449710503279
ENSMUSG00000028560;A3:4:98812480-98814673:98812480-98814692:+	A3	0.1972697812787305	0.7163073089825662	0.6096489490059864	0.951698613422814	0.704132739955648	0.8371227752672653	0.7467834246478511	0.7461171896059585	0.830012181243889	0.7003051620929545	0.7821938009547691	0.4853004655426715	0.6813963804648208	0.8357231066947605	0.7724601848303876	0.4755286412229981	0.8508773878893253	0.5572536882191856	0.6648125644095764	0.6231426707784898	0.6111265815940305	0.7863914869343719	0.5505015039265944	0.5101667271925501
ENSMUSG00000029390;SE:5:124681227-124681550:124681570-124684959:+	SE	0.1958030683352279	0.2526746746746747	0.2775862737261936	0.30326519087028	0.0903199521868194	0.3211562027085389	0.5320102969120688	0.1080592931166053	0.1010166364591302	0.0192922642191736	0.2049158764779071	0.1462499061434261	0.0681522457307994	0.4836770914415019	0.5095361544638805	0.0	0.1816692217214294	0.0	0.0	0.1269569636857324	0.0	0.1946871750782722	0.0	0.0
ENSMUSG00000063334;SE:10:111815052-111815792:111815962-111818706:+	SE	0.1949413158459618	0.4421624458490819	0.510256947793873	0.6290428861677009	0.8031758519091629	0.8504738552953169	0.6528834747989557	0.7146056687311716	0.653455328394442	0.4518957084035703	0.5932599959943476	0.6990896527150657	0.4860200670536546	0.6685876968085943	0.6187664741280702	0.4511444842327775	0.6878808538886071	0.459822975525435	0.3850741777800431	0.5483878195113562	0.471711779883449	0.5913613348826363	0.3253784816004114	0.3784492855904138
ENSMUSG00000040760;SE:14:26682995-26684763:26684834-26685604:-	SE	0.1927887523776081	0.8579758929267138	0.7694599421521011	0.686925657115786	0.9644416811263686	0.9662559715580222	0.8968021699414024	0.9805048165526814	0.9792783523101104	0.665370209113673	0.9451999331275166	1.0	0.805345336886573	1.0	0.9767081296411536	0.875527306857708	0.9772715831061792	0.7654499429807341	0.726810180067167	0.8069600941027756	0.8379667244659621	0.8991981778150941	0.6996335311785925	0.6815491678206338
ENSMUSG00000078919;AF:2:168069422-168072113:168072150:168069422-168072309:168072511:-	AF	0.1925601162189125	0.5281018331620669	0.1426529995086148	0.4598576023858756	0.2451578111703259	0.6280336269603928	0.2459566616942765	0.3284408359462171	0.2732034315914451	0.0836603712688244	0.251601017341655	0.3785971154360059	0.1423275907747775	0.3054117783662842	0.2707667531379642	0.2548715001882418	0.3654776428451508	0.0797817750186819	0.0	0.0	0.2215144597124853	0.1288808653461414	0.2573271172166047	0.1168487591363943
ENSMUSG00000016619;SE:15:84807851-84808970:84809097-84811569:+	SE	0.1922371049373301	0.023918999365358	0.0	0.0069331520042787	0.0251138391909526	0.0333328605800515	2.313874558241426e-09	0.283229363435399	0.0466335356774952	0.0	0.4368938847618032	0.0	0.0	0.0574216719356679	4.1243515049265407e-10	0.0	0.0940001427908189	0.0	0.0034475346767342	0.0163796329248141	0.007460887293892	0.0973501786852272	0.0	0.0787561229556624
ENSMUSG00000034349;A5:3:68913557-68914522:68913546-68914522:+	A5	0.1908355003954942	0.8200199624872323	0.2808027952042093	0.6074293624097826	0.9798207202583296	0.9523810297541994	0.6659036821577313	0.7807457592910563	0.7472861561337002	0.5896367192050482	0.6183823310947346	0.8194542926853781	0.8186923365420676	0.8000583897076627	0.8264212703151894	0.4372810398983597	0.7287679831337776	0.4913233990168987	0.5067938061828082	0.5721427146395327	0.568610489397365	0.6684546195371472	0.2598303608817034	0.2051669210662894
ENSMUSG00000041841;AF:15:5146183:5146408-5146769:5146431:5146548-5146769:+	AF	0.1877090265370191	0.4740062522945475	0.6319727261777373	0.315657121394848	0.5749534621292426	0.8681175345887101	0.9477110224305229	0.7966249083542057	0.8236449198069802	0.5267815801359531	0.8689377366571623	0.5314352087805433	0.7089427573476121	0.8679735391572746	0.7137537188152009	0.4290575981929979	0.884584945121393	0.739157868717028	0.6602307041913275	0.5010636841208825	0.6920899159959903	0.9278310514938196	0.1593410877899798	0.7651886656774741
ENSMUSG00000026986;AF:2:23938846-23939011:23939091:23938846-23939332:23939406:-	AF	0.1874660661371668	0.5853272276283152	0.8567327998626263	0.2315674303491072	0.5967569318517436	0.7782005388011517	0.9999999896444488	0.2777128561145459	0.819377841987794	0.6802587249593796	0.3844520486510284	0.3534146225348424	0.3922167124572807	0.9999999710451202	0.3807099263660151	0.5955479632183277	0.9999999699540336	0.3246612307150818	0.1889529538138575	0.360183782625897	0.368510243042938	0.2621133413176484	0.7429825717982502	0.7913898430899452
ENSMUSG00000064194;AF:7:42763653:42763706-42836594:42827012:42827127-42836594:+	AF	0.1865996370484335	0.0003144516699647	0.0	0.0	0.0	0.0	0.2774204868819567	0.1754778645358529	0.2829533899490956	0.2458123585589405	0.298753835370047	0.2355576208178438	0.0	0.1792741661146223	0.2940060287989239	0.0	0.2151226544329627	0.0	0.0	0.122229972259751	0.0	0.0	0.0	0.0
ENSMUSG00000029110;A5:5:34493885-34499866:34493828-34499866:+	A5	0.1844371460334527	0.2390345211421686	0.2928560470855764	0.2404879668049792	0.5461065635213337	0.3165470042435175	0.5126370575300432	0.6077235288036825	0.6362649420435101	0.5315226979795082	0.748764443380941	0.3393241634174939	0.4520815208218379	0.5962519676903796	0.6719921894521005	0.594627989455375	0.6554844514217896	0.5034275730082327	0.4739753406652027	0.4766130045097675	0.4071533456303538	0.5926913385501186	0.5201243862561786	0.5346279362010223
ENSMUSG00000047139;AF:10:43455165:43455318-43458600:43455931:43456149-43458600:+	AF	0.1843028084358399	0.8610545011488796	1.0	1.0	0.982317464726486	1.0	1.0	0.938738697967008	0.9557137400683192	1.0	1.0	1.0	0.870007250870396	0.971866876181912	0.9730935554458116	1.0	0.9893903921129534	0.8302365607395735	1.0	0.843002110339922	0.6836210248286544	0.9837874255908547	0.9078753928280846	0.7661543464795415
ENSMUSG00000021377;SE:13:47242091-47251631:47251819-47252819:-	SE	0.182095730077778	1.0	0.9245843509415655	0.9551459498925864	0.8565830580816025	0.9758534110953188	0.8928829510506487	0.8888723240835947	0.9582389239352644	0.866169349428204	0.7832962842379595	0.7999067173678819	0.7948780063652815	0.9029715479898396	0.9332340860057504	0.5953871168923734	0.938767687465786	0.6392758304973483	0.6387541795629423	0.6972405814274676	0.7900013932176911	0.8603049674407952	0.5021900835771049	0.5034049424556276
ENSMUSG00000027715;SE:3:36623238-36624225:36624314-36624885:-	SE	0.1820456895666004	0.419329875773851	0.429622080113158	0.4651332104322438	0.3270447748817008	0.228070369682713	0.730920167186865	0.7443498198970168	0.6830328156368711	0.4774927272300515	0.7227496247217764	0.1817990497472374	0.6223123131956831	0.7946068061674999	0.6236119468701842	0.4877677279520784	0.8146024433156838	0.5343436768052225	0.4533362334757255	0.5375914830868471	0.5534675590169036	0.7464419690425876	0.4881544197607581	0.6347545805361415
ENSMUSG00000014769;AF:17:15714785-15718415:15718560:15714785-15719495:15720013:-	AF	0.1796531518889162	0.5802453450164294	0.6766976429627032	0.7555085034874534	0.4093235675076985	0.5151544643720467	0.8341332608471361	0.87647382181974	0.829275829446972	0.6243011263188801	0.9067149709241356	0.5794981773032075	0.6717919222486202	0.8951943603423113	0.6199514344877624	0.9569664637782777	0.954168505956638	0.7074716790558675	0.8802545429850878	0.6765308114993586	0.8335684138441004	0.8845926246575803	0.8429653565676621	0.7320479038950802
ENSMUSG00000018648;AF:11:83941746-83959096:83959183:83941746-83959307:83959405:-	AF	0.1792570468648866	0.9452629755738268	0.6993596753270738	0.8447305136086377	0.9698520956160804	0.9135756265412492	0.7836041982947859	0.8393585254058202	0.995578268207626	0.7038621360367794	0.5679260726309217	0.8255239493427596	0.6308054121228469	0.8277755148871453	0.97564405056602	0.7350799033435019	0.9999999378179902	0.7877795035887027	0.6013257565768307	0.6423907151917478	0.6527810276825395	0.6654220003419788	0.7114446930250055	0.5920547082851964
ENSMUSG00000029451;A5:4:143578649-143579325:143578224-143579325:+	A5	0.1773313095443843	0.5873863523468247	0.5700579175249115	0.6666852025058972	0.5664310684203914	0.619763931998747	0.5681789948479805	0.5984234744198363	0.524698547439733	0.5535230049368624	0.526046643541244	0.4847463146904723	0.4817685290014954	0.7455192485507717	0.647649849513602	0.4847257682834559	0.7577546371124598	0.4741611546974195	0.5268524585150219	0.4881927471953206	0.4620027050782927	0.4642368738816067	0.4796234966385938	0.486454784171666
ENSMUSG00000070034;A3:1:85523448-85523683:85522154-85523683:-	A3	0.1772163583968771	0.3936748552027162	0.1446802389850328	0.2616039241874259	0.5701628702386238	0.7411591935208941	0.6310692367129147	0.5650853306250246	0.5537662724894267	0.1688037670146066	0.485622393632969	0.452938963395742	0.4462883768972639	0.5012135877946349	0.6393268403396395	0.0533830112033946	0.4943179411034875	0.1514314882210019	0.0455089411165995	0.4034025848066842	0.2204872652825284	0.6803453505396005	0.2051567885628584	0.2671955925821311
ENSMUSG00000074397;AL:9:44345070:44345320-44346720:44345497:44346606-44346720:-	AL	0.1769593419290751	0.0275122300345586	0.0162229398724973	0.0771811751977969	0.0179485048362725	0.006803459204798	0.1404564869450267	0.280377972852191	0.202947669948089	0.0396725018315959	0.2751244458271759	0.0807878891299578	0.0539078745615324	0.3321142724310546	0.047913713501967	0.0603243552281457	0.342281627249916	0.0425573007865964	0.1055220890939609	0.14578759178932	0.1187556224386668	0.3742843537385382	0.2931565483455667	0.2036098618545177
ENSMUSG00000024091;SE:17:65889748-65894039:65894161-65899286:-	SE	0.1766011700718827	0.2452285404627301	0.3462208413124151	0.1696782048039889	0.4898630839922562	0.3875379631211259	0.6261950673972841	0.5881872364418962	0.6037762601742751	0.2871075642959215	0.6045440306370837	0.3978528013357633	0.3959477568588102	0.5609521138870878	0.5350545328270714	0.3461238646525506	0.5594839298881249	0.3504662182063299	0.2713839944049546	0.3651962718039936	0.3225588433317761	0.4230056329405299	0.3720031218623351	0.5230597585720818
ENSMUSG00000039770;AF:17:73143448:73143786-73153274:73144531:73144814-73153274:+	AF	0.1749600168036912	0.7478189082539376	0.73740701734683	0.7922253433034193	0.6614937094434139	0.871482024013005	0.674087249014986	0.950302487893101	0.8858188033025928	0.7829855587066626	0.7797884294174218	0.7521363010656217	0.7809800840470789	0.9218713095483158	0.8512969701206955	0.8563015978157261	0.9226127536593928	0.8470131233841329	0.8166568098799791	0.7930342793402068	0.7859495858717229	0.8857826480775997	0.834926629541079	0.5147709640444577
ENSMUSG00000026353;AF:1:128171701:128171857-128179940:128171899:128172289-128179940:+	AF	0.1742746969996566	0.5641803032550534	0.5539580050437334	0.58151096778528	0.5604411380768166	0.4171604912957001	0.7036549740709709	0.6916884261062202	0.7314795451713001	0.5070664307679346	0.7488516649031689	0.4526721083834479	0.5670021937351699	0.7467849596919471	0.6179741781411592	0.5009382980824856	0.645273094478927	0.49352434318338	0.5447984823494584	0.5103288070028513	0.4828370592732087	0.6996102714520444	0.4071200493758966	0.5753312971704065
ENSMUSG00000030432;A3:7:4796625-4797049:4796625-4797063:+	A3	0.1738303367047874	0.6478735244281152	0.5755829265948635	0.6950725519235516	0.410248314236949	0.7477304634352723	0.5518502236682644	0.687417192516269	0.5657517402839415	0.2800232583704098	0.648844413721467	0.4042232827920877	0.5773999208374034	0.7098280475852479	0.5548027783471841	0.460254719993408	0.6975850440263552	0.5890355156823879	0.6406066127688202	0.4867921987566488	0.4654664743974883	0.528829850988187	0.5034855945900626	0.5186947570386484
ENSMUSG00000021243;AF:12:85017671:85017739-85017989:85017755:85017817-85017989:+	AF	0.1719003419019189	0.8514799911368246	0.7175098502005838	0.754212732061067	0.7749863472464837	0.8634229050661131	0.9095436224709944	0.930179382218758	0.7907079941596923	0.729217935031458	0.933481155930322	0.7559627744167364	0.8242097612674394	0.9601252412732324	0.7727106341816461	0.8116211994307484	0.9635157001186176	0.890957456294598	0.7512740777093027	0.7804413410071035	0.7816396793148336	0.8863058529359233	0.6874792083875843	0.7134093303438775
ENSMUSG00000030774;AF:7:97437748:97438181-97503643:97492142:97492348-97503643:+	AF	0.1701661778799412	0.0980347803790445	0.020276044445999	0.0520681410160201	0.0532696183166205	0.0704104341951477	0.3511092058544832	0.1911825745390052	0.3242185866534668	0.0214932334066905	0.2046858708671187	0.0748998324117429	0.072490077849114	0.2941676590995636	0.2726794530019476	0.0161669318196018	0.287702587578392	0.0559285971930655	0.0394572614703778	0.1033469609550666	0.0471053779211266	0.2156784299480151	0.0604661872421355	0.0741315638390076
ENSMUSG00000070034;RI:1:85506778:85506920-85507365:85507466:-	RI	0.1675175595548427	0.1260517501920364	0.0	0.0587813936269509	0.1805255785316913	0.0738636772586702	0.3907766399273104	0.3267182094789019	0.3116795097345478	0.0	0.186306740210024	0.1605254682269351	0.064027452723779	0.2311389979248586	0.4345485872489151	0.0	0.149567857592464	0.0084537776104822	0.0	0.0559167025245805	0.0454751515173634	0.2785710966388507	0.0336451328178317	0.0582422602211546
ENSMUSG00000006398;SE:4:118292073-118292670:118292898-118292974:-	SE	0.1674370263243519	0.7172223264938531	0.7203739093948012	0.5942621413026536	0.5570063292349466	0.6582811589298136	0.8436419404777405	0.9117772309894396	0.694112648186102	0.7255718657430605	0.9119768783029684	0.4485753560119981	0.7234512440903355	0.9246523821288196	0.6950871455095499	0.701073478457146	0.9898548164123812	0.674857442977191	0.7629292065955333	0.7246286989784222	0.7955190019970309	0.796612199599872	0.8570028348479279	0.8249142574704121
ENSMUSG00000033107;AF:18:21077682:21077814-21107356:21094529:21094857-21107356:+	AF	0.1659517557670932	0.7061720105198366	0.8098573344253738	1.0	0.734343218832231	0.8379402578506611	0.6768228647042144	0.7081184022370157	0.6981803705915299	0.510521967340591	0.645675019522924	0.7109736794500724	0.5468642192555493	0.6640504438463593	0.6464097928175251	0.4029882768318761	0.7057955090374297	0.139441784246714	0.5880069199125056	0.5418224227357825	0.5598702018498525	0.5878528904607873	0.2238858070711921	0.4112755077341717
ENSMUSG00000024789;AF:19:29229228:29229518-29239583:29229841:29229919-29239583:+	AF	0.164722666452149	1.0	0.8959366533638111	0.998249985086078	0.9738017839632488	0.9999999997524036	0.9999999999295738	1.0	0.8850864498669652	0.9999949341644504	0.7300980699559477	0.844188892152509	0.8669127002315454	0.9999967963075826	1.0	0.8475857154756677	1.0	0.7507364299313863	0.8259834532505591	0.822631285803992	0.8449312237479787	0.9493714899903204	0.7032439981254184	0.5367289906714177
ENSMUSG00000000568;SE:5:100109192-100109993:100110063-100110374:-	SE	0.164255430932277	0.0	0.0	1.2509271550557745e-06	0.0	0.2192913082045035	0.1877067246287443	0.3285329081954279	0.0	1.0157026925246403e-09	0.0333007444995823	0.0733179768858615	0.0	0.2292500036099508	7.999053908874609e-08	0.0145084300108	0.21868114814835	0.0	0.0	0.0407149722882502	0.1120281084359528	0.0	0.0	0.0
ENSMUSG00000051256;A5:6:113419765-113424219:113419758-113424219:+	A5	0.1602247777515936	0.2691483658087741	0.1688601713731828	0.0529078672777667	0.3783005922405729	0.4688500212825942	0.2040602963941912	0.1510677266477944	0.2597033986721069	0.0952221786336125	0.3908372010567095	0.2866009165515523	0.0993077684350582	0.2757592372744828	0.2463076490807156	0.1690546674738951	0.1357723979914117	0.1341882036409233	0.0992956007331733	0.0490515728047863	0.0564839679833077	0.0708936390794876	0.0936212393660676	0.1076941427408717
ENSMUSG00000049517;AF:13:91071077:91071318-91071706:91071336:91071525-91071706:+	AF	0.1599818739826561	0.1551510325396443	0.147369784007059	0.3644478511237999	0.2507038579022317	0.3392133966337313	0.3334044364871079	0.3251471688343747	0.3643015406127095	0.1588263887013583	0.4002676586389775	0.3015831342382314	0.2511972219100973	0.4046583359696299	0.2752441057394617	0.1956597824099394	0.420045868889827	0.2619142463858763	0.1332281894638503	0.3107904505093111	0.1853260196208733	0.3807190271835126	0.1069011303575585	0.162877844361903
ENSMUSG00000004642;AL:5:33792296:33792519-33799245:33797399:33798272-33799245:-	AL	0.1570850289616633	0.0874429287123743	0.179500784798522	0.1292885800510278	0.557783808201743	0.5546852042399149	0.3195217442058853	0.2107949040249299	0.3406446373312132	0.1687908140811636	0.2835869930536738	0.5103925424510807	0.1230955953933014	0.2213570788386349	0.3443308365563555	0.1008705568847417	0.2811991023708209	0.0895378171127545	0.0519718928902444	0.0954375950797813	0.0339509083412268	0.1345658336436093	0.0351353553773249	0.1161138636270965
ENSMUSG00000017404;AF:11:97917536:97917588-97918649:97917750:97917816-97918649:+	AF	0.1520066353123926	0.285764019528872	0.0	1.0809895694082831e-10	0.0	0.0	0.0544410803869855	0.1637660993146563	0.170055555435446	0.1097538207941666	0.1847350724589043	0.0726776339295635	0.0710477533476867	0.2467075863944873	0.1275593140214112	0.0	0.2136802221100308	0.0262193694183905	0.0	0.0377454818189375	0.0	0.161891615768413	0.0	0.0920692038618837
ENSMUSG00000014226;A5:1:160034279-160035949:160034279-160035958:-	A5	0.1503887616975417	1.0	0.734462903017841	1.0	0.7375096256558618	1.0	0.8081935117155428	0.9999385291455154	1.0	0.9998141143347524	0.9999999550773648	1.0	0.9869542661296478	1.0	0.999999999876959	1.0	1.0	0.9297482498301556	0.7172987626844006	0.9392090706076732	0.8052157180742645	1.0	0.942243179170671	0.6670043826211274
ENSMUSG00000006818;A5:17:13227320-13229407:13227273-13229407:+	A5	0.1494513707974478	0.7185526282408708	0.6340069088288899	0.6986535855249515	0.7272729195560939	0.7968896987133653	0.8389424905861769	0.8238842678551543	0.8282328302196971	0.6160862029313933	0.7245264300252703	0.8241244241183782	0.7054024347689836	0.8100502874922585	0.8205597857845235	0.543529692817913	0.7796891765716457	0.5916393286489103	0.6598163790187079	0.6758425258747909	0.6219264587317065	0.7419617638085629	0.5229062356215286	0.5371732593790561
ENSMUSG00000112286;AL:10:82607302-82613086:82613615:82607302-82631455:82631640:+	AL	0.1394147206548743	0.0062918252145982	0.0196827762130717	0.0125783630324679	0.0286369286843284	0.0290424803104681	0.1543312378619834	0.0383292898210566	0.1498451771100256	0.0123584408969217	0.1286630188470679	0.0992511399153114	0.0549574336478083	0.1198766558375886	0.12185386683076	0.0	0.3639752152668162	0.0061608319599906	0.0088229175283667	0.0193033068234868	0.0047524170592685	0.0441554556650239	0.0163357955907303	0.0141721396224684
ENSMUSG00000086474;AF:11:79673382-79673596:79673713:79673382-79751410:79751542:-	AF	0.1377367938344345	0.4752862054166896	0.4797312930941399	0.4629658289794589	0.4235103078154544	0.6318785214803249	0.4393073746379364	0.5170893825432918	0.5134838302914903	0.4058643082168729	0.5886614899110884	0.2795620025031496	0.4583297420328995	0.5965833409287518	0.4733248356342441	0.4375445783383067	0.5275705555303334	0.4469108480611092	0.3957293377008061	0.4105967611574345	0.4652254703208872	0.4083803360224114	0.380690828851381	0.3448056200645065
ENSMUSG00000064194;SE:7:42836977-42838467:42838574-42838726:+	SE	0.1280839876572444	0.0	0.1244199873367548	0.0	0.1993880724636143	0.1972792563308316	0.2615425472493957	0.2070560123039543	0.244288899373288	0.0310696151040454	0.1911279589385868	0.166524655687927	0.1548630007663516	0.2127160637789393	0.2704381494089871	0.1063113480463371	0.2211496571456158	0.0463519497307871	0.0812624437505945	0.0860028406913926	0.0476277522457253	0.1754882796027416	0.0329078577205104	0.031220147834649
ENSMUSG00000022034;A3:14:66069243-66070113:66069015-66070113:-	A3	0.1278335387605879	0.768919831766196	0.7010729684700763	0.6677110863428931	0.679726231162164	0.7928389904809103	0.9496393689835576	0.9849407935778248	0.973986894202673	0.7350358674428641	0.9834550028479954	0.9365550692409964	0.8080005827188814	0.9406841949529408	0.913001289403882	0.7625737621342167	0.9755633711051078	0.8829241654399543	0.7790431549796986	0.8704311294599076	0.8738176697750569	0.9899455964771988	0.8251085526908455	0.8210598254876708
ENSMUSG00000023940;A5:17:53995148-53996208:53995148-53996239:-	A5	0.1252526497671594	0.3926942212205168	0.5141486091566607	0.5236837721916078	0.5413188537315653	0.5292844655331231	0.0	0.278914325470448	0.3141659450102684	0.2846950342066548	0.2702119568676669	0.5252103467615145	0.2549740974890859	0.3286715811446838	0.1539074193343553	0.2085920910882532	0.1682448886018547	0.2850437839609301	0.21838825781036	0.0920009807258405	0.0589269346131903	0.1614648519914463	0.1518057943338181	0.1391301401878988
ENSMUSG00000066463;SE:9:78219591-78219752:78219818-78220187:-	SE	0.1072194211423897	0.3731219115979003	0.3417423668195726	0.4699051466102793	0.2757518088641142	0.2885448048025421	0.2241140366687389	0.1144640283260798	0.229299832006264	0.2613739076216609	0.0551724986234875	0.0086700534117626	0.0708235240225752	0.2630758977448383	0.3205372470261518	0.0025821956202648	0.1252820815070542	0.0034126086262061	0.0701550665793871	0.0557826663961755	0.0010664665265043	0.0707472586604724	0.0	0.0014441646866458
ENSMUSG00000028676;A3:4:135590513-135590834:135590513-135590837:+	A3	-0.1038123365165186	0.9186023668797612	0.8585334663839086	0.9021448892139448	0.9037358683147504	0.9250796724210568	0.8520720041040041	0.8167181811124684	0.8556427989620489	0.9397332946725946	0.817632482266547	0.9033380012108776	0.9224608324445348	0.8128129982492938	0.8898149691615268	0.8866307416787516	0.7955958816020318	0.9134973490693262	0.9438075649453812	0.9109540438426652	0.9220827943315602	0.7906651463803249	0.909638340351634	0.9025112186776556
ENSMUSG00000039770;AF:17:73144308:73144703-73153274:73147926:73148124-73153274:+	AF	-0.105530473887701	0.5247543129242123	0.552907608982548	0.60849223789608	0.274581807291043	0.3130365645236728	0.4294375506778017	0.7663641968606342	0.6301130076729127	0.6403480863293255	0.828592617926534	0.5269352073947537	0.7884356223465251	0.6321622324813304	0.4644229321203369	0.6989491598108309	0.6999986095468513	0.7005135741727302	0.9452925158841488	0.7931342961551389	0.9101661913574156	0.911388444273284	0.9428935027134804	0.8575034425070746
ENSMUSG00000050608;AF:4:138833214-138838528:138838554:138833214-138858233:138858424:-	AF	-0.1153709753204826	0.9112147628138556	0.9186154625023124	0.8698277743901567	0.9078774342608616	0.6380663548148949	0.8958737527675004	0.8141253390595369	0.8072316476483695	0.8818516410167675	0.7682520945543954	0.8041124103730614	0.8629636304955591	0.7823696591749995	0.8433410553993311	0.8553122144976326	0.596194458855403	0.8793513503621727	0.8599826325179797	0.8347411847678763	0.8554609572357825	0.7744162925633535	0.7967189507272803	0.8692596804270477
ENSMUSG00000033020;A5:15:79030383-79035536:79030338-79035536:+	A5	-0.118938222938167	0.6569629896948554	0.7370236606291971	0.745645920915384	0.6350588037926903	0.7864451434866053	0.7037732139650851	0.8339402152373827	0.7887274427249387	0.813919401261578	0.8284492686320177	0.8758136149549497	0.8776216860929171	0.7294882249531826	0.7533172515757529	0.9540398311572104	0.8361700089250148	0.9668025083150044	0.9155426390248786	0.9234263611217308	0.9716703920293333	0.9102817721241504	0.9251978127855386	0.9310821702562844
ENSMUSG00000062170;SE:X:67807615-67812562:67812699-67815651:+	SE	-0.119293656557934	0.4881712058853116	0.2559813834323521	0.3392995805876541	0.3398930615484844	0.6642518810398129	0.2127910182191815	0.1590717401841977	0.1954514027094133	0.3690497302032609	0.100094646477878	0.3599821242080762	0.2769777333916665	0.0677627921510222	0.2677733670155179	0.294014513906713	0.1012124025900955	0.2909318831649403	0.1487742375195116	0.1711964283360211	0.2127049965970597	0.2184008320121638	0.2381266132564883	0.2444370493101824
ENSMUSG00000061477;AF:12:28681773-28682280:28682389:28681773-28683767:28683907:-	AF	-0.1198855599273032	0.0	0.0	0.4154397169241391	0.0768112777998885	0.0	0.0617193370109282	0.0	0.0400249262626931	0.0	0.0	0.1163233046403847	0.0632651995058907	0.0222384697921095	0.0271260654985662	0.1342215068132342	0.0	0.0920719955549338	0.7244710854887457	0.027448687004258	0.188439267476471	0.0445495795624038	0.3345629677157974	0.2226275555147031
ENSMUSG00000022774;AL:16:31775247-31775757:31777290:31775247-31780469:31780599:+	AL	-0.1207023060384016	1.0	1.0	1.0	1.0	1.0	0.9971404681527968	0.8291787556846637	0.6607290416418953	1.0	0.79244006058591	0.905444118334308	0.9482654760356518	0.982744372185666	0.9995760568393338	1.0	0.8550396054291369	1.0	1.0	1.0	1.0	0.647661157077925	1.0	0.9939465420033312
ENSMUSG00000022024;SE:14:79857239-79859544:79859651-79862281:+	SE	-0.1232072496398686	0.2356067837585986	0.1318424727172377	0.1205355616897312	0.3889909734060809	0.3096416069202048	0.26776756970126	0.1872436294279797	0.2441677952483308	0.2093906765127214	0.1154731482662643	0.5318529056421855	0.2761510809067757	0.1429198546261444	0.2343994113598789	0.1651213836826761	0.0624337431648235	0.1639487677691314	0.0114019081073739	0.2422399588140757	0.2243834256619632	0.13011380302486	0.147516115199955	0.2581249086618716
ENSMUSG00000064326;SE:12:112611518-112613272:112613466-112614259:+	SE	-0.125189237415444	0.931706907121492	0.9559500595232724	0.959006562235346	0.9056231871421966	0.9707259632594232	0.87490984651491	0.8216699882148913	0.9286546750444546	0.925240843059384	0.8224640095694477	0.9336658731594712	0.9221490179070652	0.7932666044357721	0.91984899351864	0.9024249378651654	0.7747476277491844	0.939153854156174	0.9491663622759782	0.9254382827666168	0.9418077262485404	0.8907624110947989	0.9470664199357872	0.9235101527088496
ENSMUSG00000040771;A5:17:48717400-48717856:48717265-48717856:+	A5	-0.1272629487203884	0.2130586449399187	0.5306975914341183	0.2688782868268646	0.3834391314112737	0.4612505290193416	0.3318443659446804	0.2960209221971224	0.40075067215112	0.299311567574463	0.2739213599847617	0.3988776787584862	0.3811078872684283	0.3654227454859728	0.2982160493072451	0.4519689909932824	0.4355490353993243	0.3872383322419874	0.5260939396909898	0.5396886530554872	0.4622816906727609	0.3536275432892472	0.5177194218281334	0.4968876269520585
ENSMUSG00000024146;A5:17:87333103-87335127:87333081-87335127:+	A5	-0.1282187699013297	0.9930884534579484	0.982171906748498	0.9823166981829318	0.9768721718467612	0.9847581597707088	0.821766822468346	0.9387171615382812	0.8777368371956664	0.9889667824320636	0.8885047782364227	0.9960502281878144	0.9948215426184625	0.7939720824650279	0.9840356940688514	0.9922155212083232	0.8005208378946789	0.9822514317881624	0.9887808745669489	0.9771771759107416	0.9814188518472572	0.8756190576631435	0.9891193787048967	0.9811723693632683
ENSMUSG00000121465;AF:14:24343304:24343375-24346065:24343387:24343655-24346065:+	AF	-0.1283043160524643	0.2217336337107061	0.4096208173269787	0.2460537177292479	0.3732348783492121	0.0809511797184811	0.1635363875633723	0.0040642166572157	0.4139179733688607	0.1904491243293554	0.5650109736561681	0.3725908031829719	0.2425564517252427	0.0255901967450797	0.2827180008500853	0.2885058305916612	0.1815478819424415	0.1831216005119229	0.3560234755944301	0.269311350483686	0.2067845323473826	0.2443925841152409	0.2877213075355086	0.570778198654451
ENSMUSG00000038187;A5:7:112927666-112929062:112927666-112929151:-	A5	-0.1302961560978714	0.6626712807045382	0.7750069526440577	0.5418526741676366	0.7360617335374343	0.6418012853896383	0.7528375764707549	0.804491175082731	0.7234603716403256	0.8854601859198413	0.8595178922509801	0.6781818600530843	0.7433294867603715	0.6469370144047619	0.620321454951403	0.9370280333688285	0.644536466225012	0.7701643549716785	0.9114228348424744	0.9348261142627812	0.7985115713318185	0.8204187946882995	0.9268757530056388	1.0
ENSMUSG00000041857;SE:19:11645780-11666031:11666212-11668306:-	SE	-0.1305921528341183	0.4209266815901887	0.561887645660618	0.4083771505328291	0.5319766459375422	0.4634135435234625	0.4901565950760332	0.4782761785468966	0.5605828069134128	0.5313003433843546	0.6460837424893602	0.5260429712648556	0.5920193408630723	0.468545094043209	0.5453001658776869	0.5800237187961739	0.4589524743398569	0.5360753584877952	0.6646067122306453	0.5311079584315288	0.6705682219187751	0.577687114990635	0.6387679614442539	0.7805305795424196
ENSMUSG00000024712;AF:19:17371407:17371756-17372562:17371932:17371983-17372562:+	AF	-0.1314099310228365	0.6690434917287679	0.8545633865056724	0.605337919094622	0.6092811572089962	0.7199860750337455	0.4788679530520592	0.4883646822859499	0.4219217564022135	0.6999277965726663	0.4053019434922456	0.8071001069112635	0.5086701142436301	0.3722699452862332	0.6267416786464669	0.7983376871223895	0.4272251383376719	0.7167352557916051	0.6973742380754949	0.5769810202393154	0.5525915864485521	0.3491631391245825	0.6362191194777415	0.5805587125619495
ENSMUSG00000022370;SE:15:55406780-55411538:55411631-55418716:-	SE	-0.1343410860268656	0.473558511813868	0.2734340548273448	0.2517151971460729	0.3239983373833909	0.2288187501745865	0.3008200881058676	0.335745103146804	0.2689033584556334	0.4335523400184303	0.3003591641462938	0.3847602787071086	0.3236028310258636	0.3258447268391264	0.2542861585491197	0.4735541887426683	0.3514113559304242	0.4462444264120146	0.4096244246383879	0.4561186502477027	0.5076809711710437	0.3836790900260816	0.5642570492114338	0.563322241725501
ENSMUSG00000010607;AF:9:22068142:22068209-22069028:22068242:22068323-22069028:+	AF	-0.1358917514686694	1.0	0.8732939670035322	1.0	0.9137035216694775	0.8558653511186347	0.7368002729362012	0.8469818175481421	0.87078817915203	0.9706131284987434	0.7136059143452075	0.867181696083849	0.963305834587737	0.8500346693897308	0.8623881947586399	0.8931916495889961	0.810666021784187	0.8982854348103975	0.9787101121841892	0.9511634069174176	0.9443902205420116	0.8246687593544576	0.9269868160118038	0.9059959668947783
ENSMUSG00000121889;AF:5:94487608:94487670-94529205:94525176:94525307-94529205:+	AF	-0.13701147446162	0.1376579189558524	0.5144046011912721	0.3460017410008766	0.0476792784865816	0.0368335333538423	0.0036060201877004	0.0116517546977169	0.0032040371814218	0.5625634521011755	0.0065665296912163	0.093440048710923	0.0648670243007619	0.001984981302052	0.0031802813500248	0.8077358043956623	0.0046586451354137	0.6100148464341932	0.7238532608862899	0.0902009557844608	0.2698441146055025	0.009036937511881	0.4913907062600193	0.1479957139821536
ENSMUSG00000022533;SE:16:30134719-30140624:30140713-30141690:-	SE	-0.1373614869402314	0.2990575492455025	0.5431852581263394	0.4025759711735862	0.4019251426571208	0.2404171526826779	0.4541018894955582	0.2400177311601959	0.1956258135316276	0.3360874021983299	0.2555067952948555	0.3496603724580598	0.308207039320805	0.2977340239278445	0.3531747550977292	0.4777473798747885	0.2645377203266628	0.5177747950417354	0.383956272848435	0.3304275094476082	0.4817663018278705	0.2325062346498578	0.3456471361982056	0.4868413678742009
ENSMUSG00000029610;A5:5:143843573-143846399:143843573-143846519:-	A5	-0.1376338565724999	0.2382079404522348	0.529548535756365	1.0	0.6001510640698033	0.4704347071583514	0.4877919233658024	0.6948650522267072	0.5613028535494434	0.8505356157056658	0.6629712993288518	0.6723722382498621	0.7350236187199107	0.6199483570772923	0.4650409108412878	0.6084036251356449	0.6751209701590808	0.4778900289751674	0.9377057020638796	0.8361635986574797	0.8354794139849692	0.737759706855853	0.8238205686108894	0.7967744737195728
ENSMUSG00000073702;RI:1:39407010:39407087-39407230:39407336:+	RI	-0.1384559990210187	0.2018707089361575	0.0743065721880069	0.0	0.3394053130553779	0.4804862946067254	0.1163310022036842	0.1308981600821118	0.1236762754208823	0.1644663141008169	0.1028374984739417	0.299135721538755	0.1943126770426205	0.0784907594163288	0.1343446738769887	0.2459692400237496	0.1021913331216666	0.205664342628555	0.202305139001202	0.1622613017526337	0.2294159185854312	0.1216850130304562	0.2421994558748512	0.3822518497974385
ENSMUSG00000057113;SE:11:33106104-33106664:33106747-33106991:-	SE	-0.140295309400326	0.4932858720748894	0.5400885388666375	0.4830675640356095	0.7102299111742043	0.772533491587295	0.6838357658870158	0.6365982533048192	0.7579548370570419	0.6358229413402904	0.7459115134096017	0.860552607592433	0.7684561383589906	0.5348685231457044	0.6938156214538352	0.8371181695825978	0.671267189408161	0.7926916121241251	0.7041345867038372	0.7388190911257063	0.875865836405204	0.7538652322602354	0.8764411796275797	0.7666856509796901
ENSMUSG00000047044;A3:19:18691023-18694583:18691023-18694586:+	A3	-0.1440373483435248	0.0	0.5729761212685733	0.1866783034375502	0.170561801515848	0.2510263525135494	0.3209585093682662	0.2255425511041433	0.2817139936994232	0.2028454045541712	0.4245386253235531	0.3592369173112091	0.2687162667370392	0.2606084880825099	0.3011273197376667	0.6741018347104951	0.2051162297727795	0.5359649028509864	0.3492114229902662	0.5224174459942648	0.4410883914527683	0.4103046097640886	0.5026603335702011	0.4597331834730129
ENSMUSG00000029614;A3:5:121345258-121346454:121345258-121346473:+	A3	-0.152726542580159	0.5418492706497018	0.4197861013676896	1.0	0.6569312452733429	0.7944746563529291	0.6246864070145162	0.57462170386857	0.7721455141542148	0.4219549095862634	0.8461319893230527	0.8640214040910904	0.596542426438425	0.5413162339226695	0.5556438394199221	1.0	0.5914174751603161	0.6247408260908409	1.0	0.8289860546895347	0.7388650914672845	0.7836456915945262	0.8019720784926291	1.0
ENSMUSG00000113738;AL:13:35265280-35265521:35265537:35265280-35267084:35267243:+	AL	-0.1567969931964514	0.5802370439045853	1.0	0.471860445366019	0.5501609494427429	0.8193215025392232	0.7382437874581781	0.5862442777005009	0.6978167971247652	0.442744724807911	0.677968429700235	0.6564197585305156	0.7997005864424233	0.5404786642133085	0.7277838436385047	0.0	0.5535333158290157	0.6395019064049408	0.210549019638997	0.6381717778443219	0.7495241356204276	0.6478317811185454	0.6379714575972246	0.7980161603216928
ENSMUSG00000113738;AF:13:35236710:35236786-35263215:35262472:35262610-35263215:+	AF	-0.1567969931964514	0.5802370439045853	1.0	0.471860445366019	0.5501609494427429	0.8193215025392232	0.7382437874581781	0.5862442777005009	0.6978167971247652	0.442744724807911	0.677968429700235	0.6564197585305156	0.7997005864424233	0.5404786642133085	0.7277838436385047	0.0	0.5535333158290157	0.6395019064049408	0.210549019638997	0.6381717778443219	0.7495241356204276	0.6478317811185454	0.6379714575972246	0.7980161603216928
ENSMUSG00000000399;A3:6:126821992-126826027:126821924-126826027:-	A3	-0.1570283919545222	7.029896160871049e-10	0.0	0.0	0.4193086780932998	0.138424753591437	0.1386745072866559	0.0	0.1364180747824103	0.2066697108654652	0.2826805314082553	0.2061022854056292	0.2253077420014539	5.251205551278175e-11	3.2734144296370965e-08	0.4342894816100235	0.2615805732588951	0.0653689573970417	0.4005715400914464	0.2512314284718571	0.3306903056521347	0.1995551464346025	0.3031970648459146	0.3651451964123057
ENSMUSG00000073705;A5:4:149216129-149216716:149216129-149216735:-	A5	-0.15849868692633	0.7974666040109453	0.8576073258616567	0.8122834269327279	0.5538161229980444	0.7634365999234843	0.6675830001158753	0.6715307467267847	0.5954619854013182	0.8492945787782668	0.6742920011780545	0.6977931994513706	0.8221956899141009	0.6946808385611605	0.6391768167841747	0.9020483272366712	0.6872163810568388	0.8740189357074243	0.8784168878811601	0.8407811465124136	0.8804445083709601	0.7378163201382867	0.8778360060791491	0.8182933704306842
ENSMUSG00000039770;AF:17:73143448:73143786-73153274:73147926:73148124-73153274:+	AF	-0.1594311326220481	0.183315460969507	0.2752971517414106	0.2220311049828385	0.1256655637357408	0.1106462849039863	0.2044708029792306	0.547945585811368	0.3312010123627697	0.3311847434077798	0.6726481755088213	0.2990513661202186	0.5540182532872785	0.3321733576727822	0.192756576240271	0.5199746695986622	0.4426660935531967	0.467547941933943	0.8634377436772647	0.5523872606397995	0.7864522553175459	0.7619525466891984	0.8637851146147141	0.7402999737897367
ENSMUSG00000109734;AF:7:104558006:104558103-104559477:104559058:104559381-104559477:+	AF	-0.1601902206473879	0.6224180518843221	0.6105002445597445	0.5546433425587504	0.523084866724902	0.4872715102575605	0.4629421343951279	0.470703643153402	0.5370505294437092	0.5298660417240081	0.6423815448767529	0.4536646102595179	0.571226886959889	0.406502922807205	0.5602541333042291	0.6299252884035829	0.4883432884632011	0.6788573609837509	0.675317396571197	0.6086056593026902	0.7348757684210132	0.6160431754790384	0.6756452283408595	0.7339839672065204
ENSMUSG00000031879;A3:8:105367725-105367943:105367720-105367943:-	A3	-0.162657602248215	0.4697483957955742	0.5800557536008468	0.4067671996614495	0.4872548301161808	0.5536321583829835	0.4854036611065475	0.8550839128116807	0.680128319468993	0.672284121239555	0.6302325519636925	0.8377442104277347	0.7692548125132112	0.605143968711259	0.5320756775213792	0.9159549639634006	0.6027385986893152	0.9096374868389944	0.8181175660795168	0.8607787309762435	0.9504566423906444	0.904225260576625	1.0	0.763339255288709
ENSMUSG00000074354;A5:9:51754002-51786910:51754002-51787003:-	A5	-0.168997781648519	0.2741102733158264	0.3431481048122363	0.2862387672738001	0.2221861561022227	0.1380383107508109	0.0657114319308684	0.1440941434831733	0.0929402975567987	0.2968750775843149	0.1544048252180355	0.1704349147587969	0.2540594126683282	0.0962493756117296	0.1105766287126537	0.3424992063682506	0.1293574979764915	0.2962682751635884	0.3848988503551681	0.2839251704519382	0.2871488409573756	0.137938302950045	0.3326536593667372	0.3749635448058639
ENSMUSG00000040952;SE:7:24584977-24585532:24585612-24587707:+	SE	-0.1723898678605031	0.5216994199916922	0.4141816984376715	0.7186243596572709	0.6246641600096033	0.6228347630641763	0.4767335589880549	0.3931461245467816	0.5298377405089835	0.7092206199418805	0.3681718263683391	0.6786934172657942	0.5430937964264582	0.4319650055820722	0.591401957883291	0.3840553903024133	0.3125400391407568	0.5818133127995917	0.6484807977855882	0.5226998658582032	0.5507705729758828	0.3027801955925406	0.61752167216788	0.5788182318194179
ENSMUSG00000001289;SE:15:102234970-102235253:102235284-102236957:+	SE	-0.174010110963167	0.6046782556381332	0.556181417605104	0.6268436264676069	0.5260753626033113	0.580038706110036	0.5111993180281774	0.5140010575427328	0.5678173176366998	0.6362809650948527	0.5360579057175657	0.6560670620334538	0.6697853401901713	0.4311335936245889	0.5622931905364725	0.6847002631777422	0.5340082152326018	0.6469236460067246	0.6648075237889305	0.6444342623922386	0.755973547013919	0.5262312636407043	0.6895210897216247	0.6410480663738282
ENSMUSG00000004359;AF:10:88516436-88518837:88518885:88516436-88520828:88520877:-	AF	-0.1748289372383658	0.9675625192059288	1.0	1.0	0.7138739754210407	0.6000080981474251	0.5657949272755128	0.529299492403003	0.5385099826375094	1.0	0.4893992674255158	0.6279824303582509	0.6392635929034155	0.5498967154575616	0.5779564869064345	1.0	0.5123882946100998	0.9135224221311408	1.0	0.6956357669180394	0.7399149229421627	0.4823841492497041	1.0	0.7054852360860255
ENSMUSG00000029397;SE:5:92105509-92105737:92105856-92110489:-	SE	-0.1753942939415916	0.1965557421409607	0.3207783920017448	0.1532899487570744	0.1521102947415051	0.1207035828216831	0.1276972356696483	0.1758876559786222	0.2083909825248747	0.2612172567173589	0.3741276264707862	0.1754344720029006	0.3187338422652703	0.1847039633063083	0.1477263023079724	0.4168288888699984	0.2204249811451681	0.3965549817697339	0.3604916305537022	0.3562878423563999	0.3961338379311035	0.1953819369491971	0.4788798885684505	0.5855658801144779
ENSMUSG00000114319;AF:13:38966827-38977579:38977636:38966827-39009559:39009731:-	AF	-0.1753984631181352	0.0	0.3403679323191473	0.2236301126807521	0.0181709547330158	0.1847385915752926	0.0180962667471571	0.0	0.0248466248628664	0.5104974655877976	0.0048782772850497	0.1097649378001445	0.0983110544825014	0.0093287339301294	0.0	0.4886127055161008	0.0	0.3739227566329448	0.5573730193271756	0.1496328459091448	0.3204563843302687	0.02175810688102	0.2334007214613518	0.147400578965805
ENSMUSG00000008859;AF:13:18071687-18118324:18118534:18071687-18118602:18118824:-	AF	-0.1772850835892437	0.5255665920537212	0.4740357038896338	0.450773632153999	0.3625697932448534	0.3106732913086275	0.2688599698085175	0.2530692914528817	0.3437562040036793	0.4924525767291906	0.3948379509075921	0.402514045468369	0.390412842763455	0.2774329291415387	0.2409383239957346	0.5259292795190403	0.3278558073311003	0.517604695481204	0.5209101128391934	0.45041330028798	0.483247889175388	0.3272473408985806	0.4748814048734494	0.6382622809632648
ENSMUSG00000017715;A3:11:117896717-117905400:117896717-117905473:+	A3	-0.1786242269281343	0.0822645820134651	0.1413432775931853	0.1002250844066525	0.156082918903038	0.101392248675568	0.0679854777241416	0.174113352976217	0.0640776111281906	0.1831096814137852	0.03998212596637	0.0703052977690369	0.1231580142633705	0.0367146890989592	0.0421138642095572	0.2372914837576821	0.0474252102827737	0.1863120440432385	0.2918558720748699	0.2254976272205925	0.27475469484478	0.1964245135572551	0.3304597974706769	0.3893219497081142
ENSMUSG00000030335;A5:6:125169396-125169479:125169171-125169479:+	A5	-0.1812900638900462	0.5913157946980931	0.7747944937557165	0.8245719729408563	0.8432150950924739	1.0	0.221030836110993	0.1492501178501326	0.2161044116025596	0.8682878980644284	0.1093564153653022	0.6555022884744107	0.3628683223310533	0.1638714337451615	0.3242020710697415	0.6107727585157808	0.1947916095344609	0.7187174089690518	0.4233424310955693	0.3381423952521883	0.4150880697463852	0.1562932003288477	0.3233097118760289	0.2263310447256153
ENSMUSG00000039163;A5:9:117944497-117979085:117944497-117979136:-	A5	-0.1815703485291927	0.5145977044394195	0.568572901206585	0.4300512929726819	0.6322571496100213	0.5333339401497016	0.697352736925953	0.598764905285509	0.6954747119606797	0.4699543007387003	0.5663210289962555	0.712071627696183	0.5989077568484564	0.4276555938359249	0.5042045358022594	0.7023837748130267	0.4670824062475732	0.7564329034362234	0.6640606614338913	0.6427478502781993	0.6955074800680819	0.7552299411487522	0.700203226784197	0.8489422412872958
ENSMUSG00000027079;SE:2:84554561-84555873:84556500-84557507:-	SE	-0.1824247849312456	0.4970412624961469	0.3813096681147751	0.5791727697690292	0.6138365017217794	0.30429441074849	0.322907840054606	0.3327868536207115	0.4202282329955091	0.3807301786988435	0.6133540281547913	0.3520484108454863	0.4282829692037216	0.3411255748905049	0.2889163697005542	0.4279613849715978	0.2890355770217527	0.4485038829115089	0.4874335818103594	0.5051429590028595	0.5668192550379787	0.4461812217766693	0.5238606241874236	0.8057559901681833
ENSMUSG00000062170;SE:X:67805837-67807538:67807615-67815651:+	SE	-0.1836275730857887	0.9999990932218128	0.9380550283609834	1.0	0.6157499782658018	0.3876952377713348	0.6408062097736615	0.6862052700435001	0.6860105694890148	1.0	0.6876099139860283	0.7390909223878775	0.8621726175274637	0.6385100388597867	0.612933895610168	0.9345065352831934	0.6363671859335724	0.9559675805069864	0.9400884564155362	0.770784842951534	0.8936352909564587	0.6300359363945324	0.9242270581485408	0.8566099497305857
ENSMUSG00000020687;A3:11:104417010-104417689:104416992-104417689:-	A3	-0.184988049331244	0.1538195603654413	0.2514759827983637	0.2949964434310658	0.193891155950017	0.0536072909114017	0.2351717700782231	0.0535253500538445	0.1417278418046048	0.2115537907157888	0.1530159808305503	0.103860722647439	0.1671490175274572	0.0605706357566676	0.1404689063391194	0.3331322233123451	0.0527285749045845	0.1617757228001682	0.3311351579145667	0.1590818854962067	0.3014658658049399	0.0405079633080898	0.3834028904698912	0.4320959700420195
ENSMUSG00000044155;SE:6:18849665-18850910:18851000-18851635:+	SE	-0.1875564463201585	0.2817649031491618	0.1136544307571365	0.2564022477045517	0.3929397898228104	0.2587017880859963	0.0830375783862781	0.1328917517330448	0.1547253328441573	0.1735844790443231	0.090471157414403	0.2961927948907942	0.248695884532685	0.0368442214524929	0.1840068219150754	0.1262730382785814	0.032349254148835	0.2547246411320671	0.1551188106997337	0.3335471333147638	0.1637132221787489	0.0819841322144087	0.1294714571351856	0.2968259300032124
ENSMUSG00000050608;AF:4:138833214-138838528:138838554:138833214-138858099:138858305:-	AF	-0.1881437312209112	0.955441974928238	0.9514210941134608	0.9715684803749612	0.8769184469461574	0.913118562586762	0.8767629882971546	0.8504395245068789	0.8731161855137868	0.9782863204885496	0.7888718919339366	0.9679776527003552	0.9229041698076136	0.8039389575723517	0.8441187970993886	0.9486435434438224	0.6357837206508163	0.9585341217971745	0.9633074078156324	0.9685293661777244	0.9786598380217232	0.8697434918159527	0.9018785672301056	0.961515645540567
ENSMUSG00000029322;AF:5:100710628-100710707:100711289:100710628-100720011:100720111:-	AF	-0.1882117124515769	1.0	1.0	1.0	0.8641290168115978	0.9999999885988752	0.5241754618945687	0.5999941756877322	0.7558390079580922	1.0	0.8072641082716874	0.7760880569526866	1.0	0.8398948662342725	1.0	1.0	1.0	1.0	1.0	1.0	1.0	1.0	1.0	1.0
ENSMUSG00000028693;SE:4:116462960-116467600:116468574-116469169:-	SE	-0.1895776854612536	0.2766770007265732	0.3449816410716175	0.28406898437452	0.2427265519407434	0.1713916723110767	0.1489047084496349	0.2083598491698974	0.2244530944570039	0.3099296330245457	0.2220532224025683	0.2584756952504335	0.2965125636663511	0.1762585058249314	0.1750548092958174	0.3424344889629468	0.1545607548976172	0.3237473370102512	0.3725800790716417	0.3572016595075273	0.3633319401635691	0.171680890695072	0.3642573531080069	0.5024969108025814
ENSMUSG00000087491;SE:X:34239583-34240502:34240534-34241045:-	SE	-0.1924950314573252	0.4470498732037193	0.3716027249910362	0.4587020493680282	0.7100759971212944	0.5604675699108943	0.5484250709381528	0.5263037931871154	0.7161590773805712	0.7110739421704247	0.5013964118919487	0.6100055156654749	0.6872033201082485	0.6327342178336621	0.4581708555886882	0.8926537155448495	0.4987090037210184	0.8125301532812336	0.8988798285553748	0.6557402367942274	0.7345852988350916	0.8024542996711007	0.929921765664074	0.8515946967254784
ENSMUSG00000019804;SE:10:42378488-42401950:42402045-42409145:+	SE	-0.195689291515053	0.6052249351782788	0.7457230939990452	0.8120954653569927	0.6323582745293087	0.757762106921032	0.5631028409158988	0.7051746866285088	0.7340999334596635	0.999703132902348	0.8145549886621315	0.737342067409184	0.9868959762510692	0.7797417325909729	0.7700035050360093	1.0	0.8324117504631376	1.0	0.9570297924084588	0.9999998548035072	1.0	0.848557182261829	0.9698945018583992	0.9277444933503864
ENSMUSG00000024856;A5:19:4147917-4148005:4147907-4148005:+	A5	-0.196733681515528	0.4988827427887045	0.7710012128073428	0.5479724090587901	0.6613534481557715	0.5894257282794151	0.514824583273488	0.6220371632064362	0.7319442487476359	0.7472919769127545	0.7424843340957255	0.8433047985867478	0.7717111073556773	0.477958675086744	0.5382348828960909	0.8789811892903393	0.653895186679635	0.86729278745714	0.8339301242805864	0.779702186363499	0.8767490117423865	0.6978534687644918	0.9222513502828318	0.8551477796690904
ENSMUSG00000021771;AF:14:21875306:21875416-21881919:21881337:21881735-21881919:+	AF	-0.1970967804739297	0.5044187038974807	0.5161877841410567	0.4145831535770938	0.4469553492621784	0.4632264929565293	0.446047401592855	0.4476625601696989	0.4429500886191374	0.5330391014022061	0.5353154487050793	0.4663896357858714	0.5160115859479927	0.2479363178610339	0.4261849949825866	0.5973252071394418	0.2721162607971489	0.615358021583038	0.5790158853643846	0.5671735115106177	0.6026648626551727	0.4513845787074526	0.598883644102399	0.6055677493148967
ENSMUSG00000024750;SE:19:21254453-21255019:21255122-21256989:+	SE	-0.1977212189389076	0.98528741751536	0.9891045700224304	0.987645950542704	0.948073927056324	0.99222967084327	0.6984336665213813	0.7867595338515545	0.6889799894641863	0.9702874052319896	0.6442214684325809	0.9596675477828278	0.9439553677618048	0.752857193864518	0.7381608980428915	0.961835688497548	0.7561507524463627	0.9517110341381656	0.958317445758046	0.9519962469549964	0.95855083299218	0.7500351180119634	0.9448959813361048	0.8763713766416658
ENSMUSG00000030189;SE:6:131347377-131352937:131353143-131356321:-	SE	-0.1983116797534655	0.4226688253681246	0.5439852787367394	0.3780047460576246	0.5965137515753153	0.4874645332341039	0.7186814751463554	0.6974187855685648	0.4580415172921488	0.6059584727068202	0.6780353623567432	0.715072425565398	0.7304000576733936	0.3367155061327733	0.4100413206990766	0.7503122719796188	0.409376934406284	0.7382085240245225	0.7145752296276926	0.708526509335446	0.672453828795635	0.643889166062687	0.7392687121840351	0.803412911673753
ENSMUSG00000028676;AL:4:135590887-135591040:135593126:135590887-135594437:135595693:+	AL	-0.1983573432166372	0.9656545599633284	0.9003722991660339	0.9910666461908888	1.0	0.9525392700359996	0.6905833293181963	0.702714882868169	0.8760322861101794	0.893805144697199	0.6922073486150022	0.9637259766394948	0.9145871621713064	0.7059959965942975	0.9197791361766192	0.7543095869407734	0.7042485467916835	0.9036741422597308	0.8698552647882006	0.9415696882128822	0.9425647442981872	0.6802562917709581	0.8512182176568884	0.799874553053325
ENSMUSG00000066000;A5:4:147725462-147726792:147725462-147726821:-	A5	-0.1984135929049812	0.4553480987108457	0.5162284977253013	0.3312160635287348	0.5597782798328808	0.4737403758900388	0.5731706916972058	0.456105222300353	0.3987342004860728	0.4016075580604979	0.6396748780980088	0.5377872640170063	0.6567048410507925	0.4757958067658353	0.4765747886671851	0.548240370081349	0.4373959308364879	0.5968180658047646	0.6576335880355704	0.7438667566075842	0.6613689543904345	0.4897302580184779	0.7275212969177552	0.7406856575717988
ENSMUSG00000025283;SE:X:153997130-153998117:153998226-153998597:-	SE	-0.1986712664532861	0.2164032563557603	0.1196170805418766	0.3461380702109391	0.6898694708124717	0.7032207621882014	0.1652976608559182	0.0658805545420031	0.3930115861314194	0.1371880252942728	0.0703302250277223	0.7077578476887001	0.3562234775033021	0.0279886367494095	0.3191570587304612	0.1059219612678922	0.0375620356194158	0.1520766294009937	0.1101197512903781	0.2095582269946601	0.1959124245474055	0.1368695419625129	0.1296251168546094	0.2347523887063273
ENSMUSG00000023852;A5:17:15951301-15952116:15951279-15952116:+	A5	-0.1990848146547607	0.5209670968160611	0.5314648578623363	0.0600130796325284	0.197725431425606	0.0	0.4497716322910463	0.3930225859041947	0.3411084626784278	0.330909206638062	0.549156075215255	0.3501803365267281	0.511592466496137	0.4079989803204654	0.181037110828811	0.3604234501992616	0.2399400414216151	0.5963807942317214	0.6001180709293745	0.603837130391033	0.5327049641072691	0.4299096624128295	0.6417063755563328	0.7383223804861337
ENSMUSG00000000028;SE:16:18626173-18627482:18627619-18629139:-	SE	-0.2007177980401696	0.2104432966174402	0.4001136435453651	0.3685081025017874	0.1980438776439161	0.5753332657984684	0.2241949174721944	0.17919282080082	0.2832166619258067	0.555435540122835	0.331920296201874	0.2196115131650975	0.4182984823875541	0.2101350602077194	0.3774937162412863	0.3199633433333732	0.1882400072004277	0.3944931602240411	0.3215569502118917	0.3232631378793223	0.4036394811927885	0.3366993727939213	0.4454539180490143	0.5671582751118547
ENSMUSG00000078919;AF:2:168069422-168072113:168072282:168069422-168072309:168072511:-	AF	-0.2023182028207609	2.474110187095157e-07	0.3723809232049196	0.0	0.0	0.0	0.0827486453847097	0.1590114814330004	0.1332910717844645	0.2083968215248243	0.4669811488182073	0.0	0.4402836994228158	0.0155591175322337	0.0489352985414811	0.5132916659655953	0.1677385921050893	0.605610929017821	0.3472470368424126	0.4823902162878813	0.195833269075562	0.2205415487999209	0.5251667531637471	0.5000559663853155
ENSMUSG00000090254;A3:6:89118067-89121544:89118067-89121595:+	A3	-0.2042020302863149	0.0821694411760124	0.2260446817540594	0.0750738562610824	0.0926729050473763	0.0727989228928165	0.1193825360198703	0.0365047467893314	0.1118548996147144	0.1260994125686936	0.4132360115585244	0.2204562324373045	0.1574309617660026	0.0740743680871821	0.0733713116722623	0.3047455113555987	0.0569387277956904	0.1984764922601672	0.285293937858674	0.2022042640332242	0.2968018327806664	0.1006517605669605	0.3880492104189732	0.741124916796095
ENSMUSG00000078713;SE:4:45105644-45106839:45106888-45107913:-	SE	-0.2048661060026716	0.6761806220905177	0.4877195967927607	0.2307364961372263	0.121413129448985	0.1842383279793211	0.1207673428361944	0.0885864850734952	0.1253728521827952	0.5086522489244234	0.114745104363129	0.2935715903595281	0.3385270289883756	0.0770077915300446	0.2047630831572414	0.4022581595373318	0.1199795886209079	0.3831429728005828	0.1980384424728876	0.2921810061410582	0.3131484641884614	0.1263192866508065	0.3968196229753975	0.275926894280368
ENSMUSG00000034349;A5:3:68912448-68913409:68912423-68913409:+	A5	-0.2057939569563646	0.1303046181197387	0.2447709959559861	0.2443052807860139	0.0	0.0	0.0485723134364286	0.0321414421409761	0.0228479670603238	0.0896076682244498	0.1572461066320152	0.0	0.0839308401237962	0.0119607123634859	0.0	0.2809357783107752	0.0336827817372364	0.2473057981214474	0.3533510670966259	0.1685191046767372	0.278896707607068	0.041462500914175	0.4333032621430875	0.5268602182915706
ENSMUSG00000036992;SE:2:148514755-148516384:148516518-148517202:+	SE	-0.208114814139709	0.5625130106938266	0.5342364553942555	0.3683521882847332	1.0	0.5095777235681521	0.2875860206924117	0.3177329528311375	0.4427576651577225	0.752867439513547	0.280484064712347	0.908921586077154	0.4995212076832084	0.2748628990777835	0.4779459648436689	0.5172398143416931	0.2745210440256628	0.7112758715869383	0.6024812308600663	0.489390258887135	0.536089589127556	0.4127652721168498	0.5337581991416362	0.4550591615078675
ENSMUSG00000019792;SE:10:30442502-30463435:30463591-30466021:-	SE	-0.2091626636543254	0.5351711227582602	0.6058578021726838	0.6041765734307094	0.3055939405898916	0.503658333239305	0.4834479769436877	0.4637763061573915	0.5346295570157545	0.6712156290102981	0.5685968831347399	0.4905914444262147	0.7101336291866884	0.4954440991414398	0.5007683663595176	0.6920168891307523	0.4805881017460737	0.6619792060192548	0.7390234079176744	0.7087083478491087	0.71663444410849	0.5898809098971757	0.716410450565986	0.7095796236526595
ENSMUSG00000038740;AF:2:33764472-33776798:33776857:33764472-33777332:33777494:-	AF	-0.2092381266655339	0.2919059207135065	0.4842386077713974	0.4721511774582213	0.6809792951696038	0.4394441415965384	0.1942428031268523	0.3076593342254934	0.2233280210233203	0.4319638790822064	0.3368750074280077	0.4095333606449496	0.3401297224909955	0.2639094466434064	0.2756085546418302	0.4892840518289506	0.2438682889146388	0.5579621793408968	0.5719044931106569	0.4819185784256534	0.4793600970429598	0.2243214198457892	0.5659756315836841	0.6878561859140734
ENSMUSG00000046679;AF:6:86415356:86415469-86420709:86415674:86415829-86420709:+	AF	-0.2098865149655805	1.0	0.9699110975139388	1.0	0.8598508618230716	1.0	0.8876895293208904	0.8803589775790819	0.8717956806983101	0.9509896255105792	0.7186739299762671	0.8071515994001638	0.9591794082307564	0.5883762752315166	0.9386491323143268	0.9516246192346176	0.7403656940418291	0.9266018372602528	0.9666724441634847	0.8764545149019283	0.9822258962736092	0.7073537643676	0.982711123335795	0.9494611172847228
ENSMUSG00000038005;SE:8:61346894-61348495:61348684-61349772:+	SE	-0.2155166386707304	0.9809258472754744	0.9773682396280934	0.9752567979433124	0.599185722080912	0.6851330970729743	0.6415627252414691	0.6981918926261427	0.6950502910289225	0.9656212069486416	0.6859528882686566	0.5654438886609042	0.9335461034913272	0.8029499542460692	0.6331737440494475	0.9355532356555704	0.7237759861860014	0.9441066466684086	0.9522579179753364	0.9383750844920632	0.9612512293886156	0.7560555285822005	0.9368151736112538	0.9397648586377852
ENSMUSG00000049164;A5:19:40883234-40885528:40883230-40885528:+	A5	-0.2158168817363299	0.5297283140246273	0.6810575322627477	0.636884281595227	0.5440077941217432	0.4889118198271179	0.6120918572942109	0.3119394334354846	0.5714106073693029	0.5804752817524405	0.5700096339456161	0.5942818702350876	0.5400282556303498	0.4031958158497503	0.522536613109626	0.6762979938367586	0.4544661598972874	0.6709675269228769	0.7080315337341302	0.6129200193923934	0.6741208342472971	0.5547165825381939	0.7384868421052632	0.7758094608034183
ENSMUSG00000049164;SE:19:40885609-40896503:40896647-40899477:+	SE	-0.2158168817363299	0.5297283140246273	0.6810575322627477	0.636884281595227	0.5440077941217432	0.4889118198271179	0.6120918572942109	0.3119394334354846	0.5714106073693029	0.5804752817524405	0.5700096339456161	0.5942818702350876	0.5400282556303498	0.4031958158497503	0.522536613109626	0.6762979938367586	0.4544661598972874	0.6709675269228769	0.7080315337341302	0.6129200193923934	0.6741208342472971	0.5547165825381939	0.7384868421052632	0.7758094608034183
ENSMUSG00000078919;SE:2:168059696-168061140:168061165-168061957:-	SE	-0.216031058010145	0.8399447438727115	0.9732928645159102	0.9309650413379518	0.2806716156261971	0.7724656250665336	0.6275722938553834	0.6205700279945915	0.7024005479717726	1.0	0.7299496103313624	0.7978873630284282	0.9999999999999998	0.67920752590308	0.749740146658517	1.0000000000000002	0.6826246637079377	0.7769705495225043	0.814555089653271	0.9520739241016192	0.7753632174127051	0.7196706351940698	1.0	0.8490389184632277
ENSMUSG00000041431;SE:13:100916293-100916530:100916640-100917284:-	SE	-0.2164811154326767	1.0	0.9955999554488716	1.0	0.8596692380765526	0.9149865823841612	0.7665314141487541	0.8013524618172416	0.703093567704745	1.0	0.6587705528531539	0.8214050013629647	0.9914800631200136	0.7273584159588967	0.8183302167047563	0.9969932185391578	0.7648524389413462	0.999353094206401	0.9958153150635106	0.993526273075752	0.9976677492355714	0.7647413257547118	0.9994877379791064	0.8355842458700088
ENSMUSG00000061371;SE:10:81894330-81894517:81894577-81895351:+	SE	-0.217173914937252	0.8772764281152341	0.9767599863155346	0.7886050209460906	0.5617451857197892	1.0	0.3046846673242172	0.8463273286289379	0.8845891731145195	0.9791468323771888	0.634624961977975	0.888718891193245	0.9538450156636298	0.7914590092720104	1.0	0.977506451034604	0.7586289498500566	0.935320599533178	0.9533882420640694	1.0	0.9642976547775968	0.7353872031122759	0.9635763933126654	0.9815932390367615
ENSMUSG00000028109;SE:3:95492525-95492846:95492900-95494692:+	SE	-0.2176476458736064	0.6156285795781248	0.3228239259062975	0.5987179280969392	0.3519330342589379	0.2871252054431235	0.3566600070332688	0.2767517259008565	0.290900973161373	0.2397626959761139	0.3069759092171893	0.2913536414551896	0.3217836781969816	0.2220222037122219	0.409082220583818	0.2978552155669129	0.1695600374387402	0.2565343495141399	0.9557731053443792	0.4532771683287557	0.5562718286912935	0.2435857115900344	0.5778125863816456	0.5145677845464028
ENSMUSG00000046516;SE:16:38169691-38170039:38170093-38172988:+	SE	-0.2203546052106154	0.658720920163023	0.5909138394670829	0.80198565776764	0.6084191151526327	0.6373388638958822	0.3735877676917957	0.2611124796600839	0.5291590747811842	0.6509768540594514	0.1434563296198725	0.5857749965027553	0.3543272502214441	0.2166642589910236	0.5964890692368924	0.533391856319906	0.1693664533389566	0.5472296324097299	0.3103628076742226	0.3854764118057169	0.5191276616239554	0.2785312657976284	0.1980899850357109	0.4130866188012819
ENSMUSG00000087491;SE:X:34239583-34240256:34240534-34241045:-	SE	-0.2212312542111365	0.4637862686528013	0.5244271743495675	0.2659919464735305	0.629146212729945	0.5114372634170131	0.412723830290523	0.3874047425594722	0.5937901164806396	0.6800230006863611	0.4801664371924514	0.5547762679275197	0.6932872727761067	0.5810142335793923	0.4373706990418118	0.8748145654032929	0.5288108098169748	0.7631582225104374	0.8332878769174233	0.6118745472780966	0.7014920570502832	0.6165268383313496	0.9184431801241132	0.8556673628883507
ENSMUSG00000075054;AF:13:18166334-18167377:18167688:18166334-18167766:18167913:-	AF	-0.2216933368196523	0.2699397630176591	0.291237186962301	0.2449015960020831	0.0653746577500294	0.0576979332942054	0.0929799633981092	0.218735536637685	0.0767186643749448	0.3095853468165724	0.1954609517026421	0.134283295888635	0.3008729235001587	0.1843148888617911	0.0641534250024467	0.5133730069820521	0.1833749171893488	0.4055445409618498	0.5353110815519911	0.3918891128869025	0.4928229451581094	0.3443830290462032	0.5709731010263086	0.4830746601249059
ENSMUSG00000015357;SE:9:65217593-65219380:65219421-65223926:+	SE	-0.2258077509583035	0.4856730381368226	0.7872153920184745	0.5986325312903895	0.8308479733733894	0.5695721071689364	0.4344342870060522	0.4808505134298517	0.6065174289163833	0.8074859410141785	0.6981376138680282	0.4990066323813638	0.8746670133431033	0.4133108154949431	0.4498293197206506	1.0	0.5953306811043643	1.0	0.9999955930173912	0.7318816324182404	0.713673850311304	0.6015076446645645	0.7446400534590172	0.7706381316577534
ENSMUSG00000071533;A3:16:55844801-55849966:55844749-55849966:-	A3	-0.227998053723912	0.9999997372030216	1.0	0.8912258745560417	0.5009646251088933	0.6320005409500654	0.8669197168229787	0.5846699586559656	0.6602059253396841	0.8818335507247151	0.7414294993790819	0.747740146211852	0.8155297587720791	0.7157076996766853	0.789574740001403	0.972397820624447	0.6871381037524719	0.9856021386901038	0.9042772931608524	0.9489298726598864	0.9364556724757792	0.7054024221747084	0.9363225161074172	0.9400221724521084
ENSMUSG00000020107;SE:10:59826729-59832270:59832436-59838240:-	SE	-0.2282863247155591	1.0	1.0	0.8142444936218408	0.9999991378301728	1.0	0.7237982297643597	0.8753701977915657	0.8449626562548882	1.0	0.6218815452905712	0.738895118645277	0.9258439474940038	0.5645102746280909	1.0	0.8268053465255488	0.5816961082447808	1.0	0.8620154650731437	0.8616254598203195	0.8457373725477452	0.7297915371281206	0.7879632713259431	0.9233966449551764
ENSMUSG00000024986;AF:19:37423258:37423681-37425637:37425187:37425302-37425637:+	AF	-0.2285841733547244	0.2910753404569857	0.3527918291107536	0.0709924648610199	0.1474512644133951	0.1618168435753436	0.1803115459882583	0.1026763787721123	0.122529487014696	0.1831119850539311	0.2306999774926851	0.2067382245899045	0.1712739190468616	0.1881783374354	0.1617934775900164	0.5826688813802726	0.1865647052362777	0.4105907435648253	0.4193053481391669	0.224800146383819	0.3465423570948851	0.1470678628400825	0.6175981563015336	0.8798396698298071
ENSMUSG00000019792;SE:10:30466931-30467017:30467098-30470111:-	SE	-0.2289352112934543	0.5314358773619698	0.6032023310992073	0.6041765734307094	0.2786352629349767	0.419098869025903	0.4834479769436877	0.4597468342308435	0.5250537672738507	0.6712156290102981	0.5583046972325414	0.4517337376036847	0.707358861265921	0.4543635980673026	0.4882405840633758	0.6879095625131615	0.450202430826071	0.6619792060192548	0.7383966652200953	0.7077978415656244	0.7153352679756526	0.5687913522828657	0.7144106919622227	0.7078664347233775
ENSMUSG00000040952;AF:7:24584058:24584092-24584561:24584238:24584274-24584561:+	AF	-0.2289637324209995	0.6424506086144027	1.0	0.7593043314691026	0.8511049066644187	0.999998239223026	0.6794852362246165	0.7320186036371564	0.788998997441662	1.0	0.6963069986563749	0.930462021021557	0.8207015907139622	0.6301850746988242	0.7449321617490403	0.5866343189198912	0.6549932363727269	0.8456122003532527	0.8476534941647097	0.9499381096346384	0.9654805376111616	0.7187282896085007	0.8407134675582938	0.8932386050893184
ENSMUSG00000020107;AF:10:59832436-59838240:59838591:59832436-59838778:59838957:-	AF	-0.2296458636538024	0.5470899649441415	0.5991517054277515	0.5058873086875414	0.5597121330808349	0.5350879101411349	0.4278147047480774	0.4721081323276828	0.2688435476331372	0.458711452650866	0.3762564522598084	0.4402242723674826	0.6500143322154791	0.1974562948268998	0.487833720409946	0.606969607736776	0.3500960346051784	0.5741143561276928	0.5532289984786266	0.4714452294096069	0.5641831004309782	0.3229613906185272	0.6468213925327951	0.6288577065787149
ENSMUSG00000058291;SE:5:138610427-138614732:138614821-138615317:-	SE	-0.2339891587044716	0.4573131231873319	0.4363754986513287	0.3139735354063359	0.2207742269198299	0.0865098493344173	0.3195987141581395	0.3353030668828008	0.3428823238325031	0.3965632805042369	0.5602595882258197	0.2533626998429602	0.4325602093308887	0.2860236539248004	0.3235990750303085	0.5896993354028602	0.1718192312714025	0.4540147518710888	0.5695140262984325	0.6210986357320917	0.5078578944007818	0.3666729100330899	0.5485364935947132	0.7278454356589477
ENSMUSG00000058704;MX:17:74509360-74524022:74524098-74532427:74509360-74527483:74527535-74532427:-	MX	-0.2343361697144056	0.9676869380381228	0.9726861703552896	0.996421745816022	0.8632733076492096	0.8625085245863213	0.7978432703283783	0.7710412087903259	0.8479164274121178	0.9869744458585374	0.7035315910734464	0.9573245904927484	0.9628047646099496	0.7702826296142429	0.9090693682063448	0.9992962276166424	0.6736487632961204	0.9999999805801498	0.9861029174343676	1.0	0.9526107315432056	0.8916019323264658	0.9531904193494548	0.9404333754786028
ENSMUSG00000041360;A3:19:27376504-27377079:27376500-27377079:-	A3	-0.2344766177976149	0.7984029780633178	0.5617988568253355	1.0	0.5142267276050592	0.6476804282912202	0.359203525997359	0.5265876856230345	0.4037110155063541	1.0	0.6053345030471552	1.0	0.7241121074081689	0.4041201374981709	0.345654641158875	1.0	0.6142856292096691	1.0	0.999997346880964	0.8439042569575221	0.9316458899475056	0.7589503385738402	0.8561131431358205	0.5885721722552928
ENSMUSG00000030662;AF:14:121148636:121148755-121154768:121153259:121153581-121154768:+	AF	-0.235971976132459	0.985139113245053	1.0	1.0	0.9230058368341946	1.0	0.915154606187496	0.7995126506512691	0.5409044394807707	0.9626325651026794	0.6767080483719725	0.9095264230100184	1.0	0.8701441906201012	0.934969857053234	1.0	0.6690456890183565	0.9927536032479404	1.0	0.9668453565725186	0.9924531266190166	0.733481810371569	1.0	1.0
ENSMUSG00000020358;SE:11:51492305-51492577:51492717-51493420:-	SE	-0.2364494405306315	0.257056707389648	0.4116241016190406	0.1741751331061134	0.2594455691437999	0.2633523256742724	0.3261886544078325	0.3389801573752789	0.3972418437877456	0.3920687063277748	0.4581486373474127	0.4293138688255104	0.4776859316194612	0.2864512359429627	0.2619953088297763	0.6015124542118576	0.3527745908888375	0.5723573481209151	0.6037114037293755	0.5130801560185045	0.6225915607998718	0.3763720519512182	0.6661677304064103	0.7687947352391804
ENSMUSG00000005672;A5:5:75799818-75801153:75799806-75801153:+	A5	-0.2365055323719119	0.4604375386805036	0.7945088232542499	0.998276338300898	0.0581691468556394	0.9953247445308484	0.0008733809568859	0.2296694465706776	0.5612715733875365	0.4230918498311543	0.4434129181324285	0.9999980351548476	0.9999947347429988	0.5170921083500262	0.8616806714920442	0.5225293171379946	0.784685379688004	0.5032250183855012	0.5223732650597752	0.8281312649963932	0.5521877462641498	0.7523202347858369	0.5196063294729298	0.5405682362252426
ENSMUSG00000029110;AF:5:34493633:34493885-34499866:34494029:34494153-34499866:+	AF	-0.2369196731212896	0.8545868164768808	1.0	1.0	1.0	1.0	0.6479806342042401	0.7136880530074827	0.5274722666312945	1.0	0.6704804856634725	1.0	0.9530905899690362	0.9038547931309324	1.0	1.0	0.6715983761511692	0.9873837389927084	1.0	0.982240978161055	1.0	0.8406176096553578	1.0	0.9719688323081244
ENSMUSG00000074354;A5:9:51754002-51786910:51754002-51787031:-	A5	-0.2383239307783338	0.6648525235020253	0.6785687601378955	0.6883218615163345	0.5243741201906998	0.3259144102063083	0.2723086325709932	0.3675686577876188	0.3420687950813803	0.630877865334048	0.4080651909866798	0.4633499995158307	0.5998195204400264	0.3108480108945872	0.3505479988536497	0.6371908804094785	0.4571834960920126	0.6094057683763656	0.6980016315649288	0.5950452596474511	0.635119141196665	0.4020988610051343	0.6415580121511527	0.6669771575900909
ENSMUSG00000033499;SE:13:9208265-9208587:9208838-9214711:+	SE	-0.2401618577007454	0.2080084929261608	0.2927907968430255	0.202760843292601	0.1748583277765352	0.2124723375218189	0.1307983200162716	0.1837651020589017	0.3055151702656744	0.2150888131504843	0.3093985973030967	0.1032304122288746	0.3356567119445226	0.0917748451731486	0.1269057931019054	0.3327021029937104	0.0548849015607769	0.2806247939498686	0.4854786983531311	0.3608461273072278	0.3056320482804643	0.2229821539164928	0.4583580437615937	0.5983359893666909
ENSMUSG00000032745;SE:13:111585533-111589558:111589781-111589907:-	SE	-0.2402960788868542	0.6374141161352261	0.7159921704284723	0.656961460113458	0.6386876011046867	0.6190417736223492	0.5038416602509742	0.4279512640012615	0.5285787731346049	0.6560393485230159	0.5127601827773125	0.6649944308893447	0.6158462402195474	0.4597987836110886	0.549153665962465	0.7318225898939327	0.444038144131302	0.6830643989033235	0.7217162223981637	0.6898144864612431	0.7423141836430289	0.5188717107245487	0.7490702712828994	0.7577577797445619
ENSMUSG00000041360;A3:19:27397521-27398697:27397517-27398697:-	A3	-0.2403601129937467	0.9062316405292083	0.7715900532070561	1.0	0.651049832601392	0.7548733182983323	0.5126664607540493	0.61235560942809	0.5362411810553378	1.0	0.6616754733463516	1.0	0.8703102167173067	0.525883634686884	0.5642312106454914	1.0000000000000002	0.6830509865936017	1.0	0.9999985764251208	0.9201609668480456	0.943567281677042	0.8438736775137742	0.8962747494386918	0.7103676907875196
ENSMUSG00000030105;AF:6:108760060:108760338-108790588:108771858:108771893-108790588:+	AF	-0.2427050399731712	1.0	1.0	1.0	0.963748553959112	1.0	0.5611689021267083	0.6996117382245391	0.5760976086386586	1.0	0.5808303778391174	0.9830398182574884	0.9127573740315748	0.8822761314254456	0.6703711947524881	0.9594352737984287	0.6489359657356301	0.9873887387085049	0.9838879340240688	1.0	0.9549921831684172	0.6215223532829578	1.0	0.9147248159174252
ENSMUSG00000026245;A3:1:78456748-78458945:78456650-78458945:-	A3	-0.2427880491249414	0.3799288226106576	0.7441295535432569	0.2879628851417583	0.3710485338454906	0.3964682156492933	0.2857943397058771	0.4209806096188488	0.5727146134414025	0.3948975648695998	0.5930724538697255	0.4772493340496392	0.6218365778978489	0.3654250494473088	0.4337152797130858	0.7856445447090098	0.6258854211352254	0.5386791540334229	0.7004080044682207	0.654156900109887	0.8180404968375258	0.4438351364120969	0.7355443287236847	0.8824817557256126
ENSMUSG00000000568;SE:5:100110471-100111590:100111736-100111843:-	SE	-0.2443184081174869	0.7720724228592148	0.6769253906403316	0.6895732904775095	0.5479206778133393	0.5106118978731136	0.5464671131154556	0.4015542428095189	0.4032562943201273	0.716795121738802	0.3775702533987598	0.4446069054449059	0.6385837605133201	0.3830678236359908	0.4917964386739728	0.7932639120688515	0.4367746509039155	0.6977897258422587	0.7050548387552109	0.6498030912648123	0.6822626832072506	0.5231268463192529	0.7993334742141364	0.6055910682327497
ENSMUSG00000037072;AL:3:144296436-144300662:144301193:144296436-144302584:144303422:+	AL	-0.2466643452803356	0.0	0.0	0.0	0.0	0.0	0.0	0.0041236076998968	0.0	0.0	0.0	0.0	0.0	0.0	0.0	0.0077445002132111	0.0160950868146967	0.0	0.0028139612528376	0.0068760870025851	0.0	0.0081063605503354	0.0503550791796607	0.9999999886333508
ENSMUSG00000019179;MX:5:135807655-135812159:135812327-135814783:135807655-135813038:135813121-135814783:+	MX	-0.2485832833847969	0.0	0.0	0.0645635296332757	0.1098590495168531	0.3952071567905655	0.0255433427585983	0.0663148425073323	0.1482720971561811	0.0	0.2258134865136156	0.2169181156719441	0.2177690714644556	0.0300851958511037	0.0441381763077363	0.1409610471102453	0.0273912927516647	0.2317377219406932	0.2981072751378687	0.3085785730610489	0.3917358564231215	0.0885508378159668	0.4155389585933981	0.4258544502142779
ENSMUSG00000015869;SE:11:116368941-116369351:116369466-116370478:-	SE	-0.2496304942961041	0.4728280201372731	0.6721290680066118	0.4967441491889935	0.6477542250539811	1.0	0.386910117878546	0.4851424549634875	0.684908460796958	0.3960555002963901	0.7679337204724868	0.9999975228597257	0.64050948538589	0.4282678907129885	0.1954919488819203	0.9848146957705688	0.4387848011596055	0.6162399302254419	0.5550923191604155	0.6325137553952865	0.8685029521626387	0.6811927985727101	0.9455517162279856	0.9771246515491696
ENSMUSG00000056579;A3:11:3595523-3596557:3595454-3596557:-	A3	-0.2499930450862164	1.0	1.0	0.8235576955701117	0.9011167420069338	1.0	0.4486943303752975	0.5209092873414498	0.5237955064825688	1.0	0.452373287326433	0.9999999362770404	0.5351058595765616	0.5520514923333085	0.6453157640779076	0.9534081308887944	0.5801694471236857	0.9694437409207164	1.0	0.7391752944831205	0.9994095435405138	0.5678313439776779	1.0	0.8317849968695469
ENSMUSG00000052033;AF:2:170353155:170353389-170357659:170353440:170353475-170357659:+	AF	-0.2550359138220494	0.7288568515846405	0.7469884184839447	0.6770500891629214	0.5892283554716902	0.4490709469586452	0.490130642457217	0.5705057848163283	0.6549265604713165	0.8006869192120416	0.5417866628516691	0.7698487652810188	0.8393100887187824	0.4981415023657581	0.5669471911841474	0.9050257572981444	0.8188699351791145	0.8770769001523531	0.87585922475505	0.8496342048758416	0.8627388263644213	0.6081887562674713	0.9056674642632782	0.8977644205420225
ENSMUSG00000058704;SE:17:74509360-74532427:74532569-74548900:-	SE	-0.2552365266311949	0.625213484578129	1.0	0.9642946905822688	0.0	0.0	1.0	0.6644232053968155	0.8727053838334558	1.0	0.5977954524457711	0.7505573208779867	0.9444609742450584	0.6564519944448663	0.7579371982159282	0.8979816380246951	0.7444325441764065	0.9561642093309988	0.9166106031697014	0.8914787098988401	0.8481096188447402	0.7288279095800144	0.8256025734133849	1.0
ENSMUSG00000079477;AF:6:87990680-88021919:88021999:87990680-88022055:88022252:-	AF	-0.2583924018718087	0.8910164093617301	0.8818071341326157	0.9188441433473304	0.8783750322111136	0.8051873531256182	0.6963348641136673	0.7886232643163901	0.68394132023794	0.9381357895260014	0.4042467782006878	0.8544384146829045	0.8898931533033579	0.6421367170108565	0.8114886387620183	0.8873832484837685	0.5790652075547585	0.8882857870816795	0.9030336993275332	0.8702964891829545	0.8817558435893658	0.7803815837315604	0.8897900915511864	0.8056960884942495
ENSMUSG00000027944;SE:3:89903211-89903318:89903424-89903554:-	SE	-0.260199089330074	0.5107570140724822	0.6677513924946374	0.5045972318665957	0.4504567097368914	0.2861574508665635	0.4532082367965531	0.4011620755700554	0.4897466910637183	0.579285787278192	0.5219163820868553	0.5463438608847584	0.6388836464930888	0.4690412534957707	0.4417728297020448	0.8222699898181163	0.4182921750607041	0.7286406978699089	0.679160947336105	0.5941916839169044	0.7421965320037442	0.5427602896655624	0.8475356067487755	0.875936381119944
ENSMUSG00000003779;RI:18:34761728:34761839-34761938:34762006:+	RI	-0.2610268081205661	0.543103584497202	0.3094877579490854	1.0	0.0	0.0	0.246390057549876	0.4757972790804819	0.566157311357617	0.5267254588059843	0.0096837050270086	5.4635577729794494e-09	0.8144729776659732	0.4874873782612944	0.2090927785200388	0.6444565901847524	0.1238192821013786	0.684801291262327	0.5023888199033726	0.5059445330656592	0.5625234615053127	0.2761338652883841	0.3919161280052427	0.2579539047154828
ENSMUSG00000037072;SE:3:144296436-144300662:144300711-144302584:+	SE	-0.261036905093283	0.4434445882980138	0.5170494217935099	0.4262698032774707	0.3861258595583628	0.5124345968836608	0.4266619215591863	0.586543454531967	0.5573736192133264	0.5559490560464055	0.6795819563607558	0.7232921308995353	0.7220342224291605	0.4530312719631639	0.432024793556209	0.875410002305054	0.5692173508547506	0.7519340563092287	0.6828561459282377	0.7118802094269192	0.8986072222335006	0.714225663305634	0.9580756263568558	0.9999999999941884
ENSMUSG00000041841;AF:15:5146127:5146166-5146769:5146183:5146408-5146769:+	AF	-0.2633939581126596	0.6724774159177632	0.8015588943032389	0.9056007722177128	0.754470910126828	0.6379596970844934	0.5954352254943672	0.6316774365371947	0.6905697765742982	0.83723793938612	0.6132226043859117	0.8740493474665705	0.8259170596872384	0.5243940082485188	0.7522741869841149	0.910354172281832	0.6416132106829939	0.7408330989181423	0.8619773221673857	0.8711008244241231	0.9223129776508217	0.7212315506796845	0.964577365397311	0.8451522305430744
ENSMUSG00000090254;SE:6:89118067-89121530:89121658-89122141:+	SE	-0.2672913549476794	0.3494328728523763	0.8931732955959328	0.588774060502655	0.4715812602546934	0.1707758267679669	0.1915352405921855	0.3946343064765067	0.7432174706283792	0.7106748872038363	0.947416823728514	0.5899781992806767	0.6319061161345662	0.2950683271480043	0.080861539753632	0.765160448241026	0.3721310143643145	0.8146128555261972	0.8538708247079746	0.798557867100701	0.7561520439562837	0.6746295627514503	0.7691133203664405	0.8917998643165064
ENSMUSG00000037966;AF:13:49340961:49341113-49347212:49343772:49343835-49347212:+	AF	-0.2685839950574271	0.953727004319	0.8728438277826293	0.999999936797568	0.5662822572457493	0.4552412483502875	0.3619513781894189	0.7923545806506592	0.9935464598634084	0.999388103912264	0.9630589168793636	0.9479423049618014	0.707744673041298	0.201726273234517	0.56956636086159	0.7969207378736707	0.63333344087652	0.8359972419274642	0.9999942850654188	0.9596774193548386	0.997387099474632	0.7222460983373895	1.0	1.0
ENSMUSG00000004642;SE:5:33802981-33803354:33803413-33807087:-	SE	-0.2687134601328763	0.3130120672643346	0.4345663235777552	0.3223186350494844	0.5585361804459085	0.5546852042399149	0.3239731602533247	0.3110481729144032	0.3763982477527562	0.4239539492854277	0.5539150733783613	0.5290335876930314	0.5601839348142023	0.313487822152356	0.3503398339750388	0.7032934844767708	0.3262052532943051	0.6103092313160408	0.6590087429341999	0.6073943682858491	0.687007183119757	0.4797136596595528	0.7984853275684188	0.7249246760511223
ENSMUSG00000042279;A5:6:115926702-115926851:115926673-115926851:+	A5	-0.2688894539035588	0.561121763397823	0.7723726188170628	0.6360134318867099	0.4172173563274266	0.616398059427289	0.4643956528294883	0.7254724635254467	0.6271120308985225	0.815423194801448	1.0	0.9999735824661612	0.8764213555937396	0.5977521952862153	0.4875677712419669	0.9950118614646546	0.3853918433280187	0.9613497442477068	0.9488196882024492	0.9556161045036832	0.9714891892288012	0.959268735639104	0.9818420672200264	0.9806476684276918
ENSMUSG00000001289;SE:15:102234695-102234868:102234970-102236957:+	SE	-0.270728112060453	1.0	1.0	1.0	0.9495735148544951	1.0	0.6696913785628585	0.7181665995634761	0.6507854348804797	1.0	0.6707341102490789	0.8850523600829692	0.8925618049060035	0.6467933454720887	0.9146144061595958	1.0	0.6854718402738226	1.0	1.0	0.9722715109374668	0.9502991953541392	0.8069108457588319	1.0	0.988945832602669
ENSMUSG00000021192;SE:12:102460118-102461959:102462022-102463706:+	SE	-0.2727124529631071	0.9078935822233092	0.8933091216603788	0.9988932656957148	0.8806244204815323	0.964186063410258	0.821761661431733	0.6210503322928961	0.7088872736019948	0.9153107457123582	0.565266803185074	0.666053443406474	0.7814509827920659	0.6134947770459084	0.909550413618704	0.7733067845978213	0.5952241080471794	0.7834389158902606	0.7925670225333509	0.8610559466420302	0.8433789029893903	0.8028146052477999	0.9997286084570192	1.0
ENSMUSG00000026558;SE:1:167057559-167062261:167062403-167064172:-	SE	-0.2729975238820937	0.7246951283098871	0.7771496812702522	0.6969839086566539	0.6004703007468617	0.5456350601220528	0.455394515407387	0.4610700713337224	0.458384650301237	0.7465021722140254	0.5910676772395675	0.6098390967695353	0.7182778878809108	0.4296289309520107	0.4233164682167463	0.8438153978014616	0.4489134051694609	0.7850475576686683	0.8035764899699637	0.716039612836044	0.7865604925322212	0.5319821740283982	0.8261559262734636	0.8017921869739605
ENSMUSG00000039630;SE:1:178151278-178151531:178151581-178152808:-	SE	-0.2733070663707991	0.0	0.071735744790196	0.0	0.2495253036406886	0.2173503101104626	0.3665681439571231	0.3543914237790796	0.6401254758830095	0.0	0.5912808730233723	0.4865564115821029	0.1480095140536553	0.3814691663028315	0.3558179762016587	0.0	0.4618541888593124	1.0	0.0	0.8987555623884319	1.0	0.6049964230867109	0.5384986737125149	0.8354588410057049
ENSMUSG00000027942;AL:3:89966107-89967669:89968301:89966107-89968945:89969752:+	AL	-0.2739569183962165	0.7447819941934234	1.0	0.76054429157657	0.5208207932681401	0.5795961459466861	0.325368950883761	0.4018200134599066	0.4838420883825354	0.8325159581777072	0.2810230774752923	0.3885217209834163	0.5876073411023585	0.4270467356561683	0.4772604436971178	0.9458643657094246	0.4234306908023424	0.674151103565365	0.7408258559122262	0.6849122437241216	0.7445056247502556	0.2922465411443245	0.3744528713095008	0.6121229814018398
ENSMUSG00000024446;SE:17:36568416-36568498:36568598-36568675:-	SE	-0.2755833656896098	0.0628604211123037	0.5322047995043702	0.0	0.0986296677752991	0.0	0.2353748040883116	0.1492539375691641	0.1793728227552518	1.0	0.0858554764241609	0.1814592841872348	0.3400133815411933	0.1582042869795372	0.1063450499398674	0.5514648526831378	0.1422019597297041	0.6061633860905125	0.6445829859850286	0.2980508233404262	0.5129415240379985	0.4654933720503465	0.4064432442204695	0.4868433945413875
ENSMUSG00000031812;RI:8:122320229:122320284-122322725:122322831:+	RI	-0.2760010497340234	0.9126284873309876	0.9600818641584898	0.9744304966974264	0.5721206422316064	0.7723351212723013	0.1341212996398299	0.0694093366477888	0.1607603907633207	0.9547613601292594	0.0613491124668986	0.3793954918337727	0.3055546781904584	0.0766218642067981	0.3915407236820875	0.8738569166604492	0.0768173896568003	0.7685383160613388	0.91297273552647	0.2658496842938478	0.4214294899563858	0.0440631081892897	0.5142469039102783	0.3953680494736877
ENSMUSG00000048668;AF:6:128339147-128339331:128339775:128339147-128339802:128339874:-	AF	-0.2770411148813299	1.0	0.604729212748494	0.6432731125523525	0.2788827866817975	0.0	0.3337835538791583	0.2929908569250084	0.2018565534750872	0.3799326384122763	0.375398185813063	0.2077569608532617	0.4821652866977424	0.1951993196171036	0.3241152393521587	0.2138422013485424	0.2804148441478703	0.41524587377797	0.621043049106555	0.5806411267703304	0.5192310799457119	0.3077807187043436	0.8048658095841374	0.6701301726145804
ENSMUSG00000053931;SE:3:121244007-121245032:121245169-121245532:+	SE	-0.2791228424717977	0.9413453389489717	0.999539034980394	0.7908127635941736	0.7024039411134144	0.8296304633140853	0.6364470298691128	0.7106259324054669	0.6772621797443433	0.9357853552883028	0.7805626263487688	0.7077487852572267	0.9135758017800132	0.6637122341306456	0.5055538245056904	1.0	0.6421833915792977	1.0	1.0	0.999999998053906	1.0	0.6915880331178611	1.0	0.9999997545174508
ENSMUSG00000031362;A3:X:72285801-72286184:72285788-72286184:-	A3	-0.2837110851017929	0.649896354210035	0.8301649739386046	0.7426602079969442	0.354813436567173	0.3593500783936308	0.1109499309712157	0.4547123468607852	0.3829786105832316	0.9981200687783216	1.0	0.4623730960366543	0.7737080917569953	0.4310227281799095	0.2632298749335699	0.903053444973641	0.335450445413545	0.8698901504926878	0.7928474951072125	0.7872486767212592	0.7950853275949742	0.4954786656086114	0.8802998852445111	0.9999877647881829
ENSMUSG00000025290;SE:14:24543561-24544120:24544137-24545498:+	SE	-0.2883258843464166	0.4896473655642105	0.3687118516138892	0.4792299949047435	0.0922618741944931	0.2386751679770685	0.0587034441030713	0.0232674666299053	0.0509229998362859	0.4723704915504259	0.024019001691312	0.1483534728273044	0.216895055477664	0.017635525887379	0.065638068413524	0.4366321651396352	0.0104955179117767	0.3824306550685711	0.4065931804037709	0.2991791037622651	0.3781978062980318	0.0105232000929159	0.4059747106923327	0.3344490839680788
ENSMUSG00000018363;SE:11:106747090-106750538:106750622-106755538:-	SE	-0.2888634662901899	0.9735197564784356	0.9380083160239844	0.965733679512817	0.8750247446251934	0.9841124676560664	0.6915834194511425	0.8146570639497868	0.6866452416868892	0.9855575214212544	0.5501415268949835	0.8863918925697415	0.8939440480447803	0.6290898420463948	0.8059200709556226	0.9622443924904348	0.5511535766736398	0.968830905022978	0.913660958634311	0.9359672832869445	0.9781740514719802	0.7754530858057589	0.9493819047667936	0.8924104919218595
ENSMUSG00000024446;A5:17:36568416-36568498:36568416-36568675:-	A5	-0.2896875858333507	0.3462140043301097	0.6335363877369544	0.4759260642741338	0.4518789544074559	0.4227616567073968	0.3318169065496966	0.3691288670884955	0.2511951208841905	1.0	0.3683480027081923	0.6074062798947202	0.5226199973837461	0.3490195029691996	0.203758196260347	0.684509638995378	0.3371202257337981	0.825879103367683	0.8549918517555067	0.6457530948980567	0.7034614108275886	0.5973377788394586	0.7491633200103752	0.7105324387236969
ENSMUSG00000027944;SE:3:89904881-89905045:89905310-89905835:-	SE	-0.2898024534758735	0.8326644854671136	0.949870621209272	0.9691372979359484	0.4574998289407143	0.7487114611260053	0.5519380877292276	0.4954252875650255	0.5951113852902872	0.9323350912016743	0.5736752081510736	0.6929017407887201	0.7907937266509422	0.5839350332054372	0.5325693822326604	0.9771527627391232	0.6530720859211004	0.9142162079541284	0.9658990631857396	0.8596872536817448	0.9138985049344068	0.6590401429944209	0.9603396689430364	0.9009379434790372
ENSMUSG00000027454;AF:2:150747320:150747381-150754701:150751514:150751713-150754701:+	AF	-0.2899644326884956	0.5151805851989767	0.1898693621213946	0.4047965909764444	0.383208396323738	0.5087526638233634	0.4266613236988112	0.2146612946737136	0.3669137687538465	0.4910256305373986	0.1737523157802157	0.6608548077978043	0.533253133345278	0.0855270118523296	0.5862130572692972	0.5375922702216607	0.0942673401872883	0.2814479027089266	0.2630998054625643	0.4309837759716545	0.2078501159721667	0.3991978060929426	0.3401383648225948	0.5559786679584303
ENSMUSG00000006418;SE:2:167345521-167348967:167349117-167352796:+	SE	-0.2903602603843592	0.3519226316311771	0.6057840577265309	0.3052773682767284	0.3321570219543424	0.340443137230972	0.4213546349652085	0.3122291080930486	0.431503114834422	0.5538434683701825	0.7023823140604344	0.4851758118265779	0.6085261620164486	0.3198767727230062	0.3334538440497478	0.7959542303108144	0.2731304644715024	0.8001735969837525	0.6837597816474166	0.5947922444761206	0.669195786196853	0.5358685539230508	0.8774938493830388	0.896545508196006
ENSMUSG00000028691;A3:4:116542857-116544575:116542857-116544604:+	A3	-0.2907562301610999	0.3792670733620232	0.4209389676717973	0.2595433753461236	0.0400348054265846	0.0401035671991108	0.034721294088567	0.1607795754179948	0.2320244070661025	0.3681683406081759	0.0326124765656012	0.0849293995299559	0.3553254413765572	0.0510417313508354	0.0581029114057837	0.3485518927142172	0.031934305058216	0.2305118530647113	0.4275215324609335	0.3749027737998834	0.3375990292426671	0.1982861052883101	0.381253062331867	0.3715657646179396
ENSMUSG00000042279;A5:6:115926706-115926851:115926673-115926851:+	A5	-0.2930223781896185	0.5050280842164719	0.6600064938027118	0.3971938284867221	0.3443478314153707	0.4671241041001269	0.6386993294786834	0.6283695153144881	0.4777629172589895	0.7339143729064098	1.0	0.9999751810588904	0.8192249408153178	0.4325653797623442	0.5074976997218206	0.9900302100253804	0.4048817472123246	0.9196721658535588	0.9199811645549194	0.9112228980184957	0.9442765154277488	0.931044908969224	0.9641212735966016	0.9631818007860686
ENSMUSG00000071533;AF:16:55844801-55844897:55845031:55844801-55849966:55850059:-	AF	-0.2939523388361879	0.7654656305487505	0.0	0.0	0.1830899404613522	0.0	0.1095670069412458	0.1010135657756417	0.1746682358159156	0.8518187488183927	0.2412237552868112	0.146036613902541	0.0	0.0433026442645525	0.0364472873908235	0.1431275162204261	0.0190700056689353	0.5338373226470269	0.8810497479570881	0.2047124593750487	0.5507445723554227	0.0216053521813512	0.4659118393284803	0.8249622946102211
ENSMUSG00000000568;AF:5:100115246-100124393:100124410:100115246-100126251:100126794:-	AF	-0.2976771114205094	1.0	1.0	1.0	1.0	0.6942960723075055	1.0	0.6222502109288391	0.9527191636393304	1.0	0.6244028989485608	1.0	1.0	0.8811160933205857	0.999999999688614	1.0	0.6815223509818243	1.0	1.0	0.9999999998618472	1.0	0.7412969092304642	0.3440872177105351	1.0
ENSMUSG00000039770;AF:17:73144531:73144814-73153274:73147926:73148124-73153274:+	AF	-0.300445506168906	0.0703675024866777	0.1191561654492309	0.0696381645441681	0.0685105811062317	0.0180165619737317	0.1105326155060325	0.0596110817407563	0.0600029022215439	0.1206826104275547	0.3672001863549048	0.1232661292086419	0.2583681657566029	0.0404491407250017	0.04004022003081	0.1538179519704763	0.062459805676742	0.1368911163542576	0.5866859623733719	0.2436092966559437	0.500747623518014	0.2921522140071318	0.5562944421613678	0.728777153242468
ENSMUSG00000061136;A5:2:53034891-53035245:53034891-53035298:-	A5	-0.3025074098965344	0.4761903674473552	0.6127562282229867	0.5016823765757541	0.2617805927650835	0.2654070910577162	0.2403403245228923	0.211384983062955	0.2585553238421904	0.6431121517455862	0.304412329190606	0.2431450849533321	0.3826503677151903	0.22145709302919	0.236593386572395	0.6650324968486248	0.1976234589595004	0.6038332293271105	0.5813315453377162	0.4199346713340394	0.5776124978593004	0.3724923541569264	0.7654390654476948	0.764709966919859
ENSMUSG00000071072;SE:10:127906101-127907937:127908026-127910091:+	SE	-0.3033479482394365	0.6042663957843947	0.6726590316626155	0.4909335836196888	0.4838895903154657	0.4331922722478949	0.3111443648105851	0.2959280731950358	0.3087125443920749	0.5360192183794045	0.3431909442092252	0.4593877716351324	0.4785124060061808	0.2816245574538172	0.3298689159803225	0.6579645515537902	0.2783500443005959	0.6096690359144566	0.5950913665701023	0.513199749715923	0.6654625671207928	0.2927557667245503	0.7422405442477413	0.7553106892735237
ENSMUSG00000027671;AF:3:32760447:32760577-32766017:32762656:32763029-32766017:+	AF	-0.3050424888629501	0.1908903978228623	0.4538698348321872	0.4784643287078244	0.7891594879683753	0.42147645886987	0.0	0.0354073656458996	0.0285459337930295	0.4202922693188767	0.0	0.0	0.3434213472060116	0.0	0.042922227349421	0.3322480115884109	0.0	0.2630001935543875	0.4179604403172568	0.1801058717999469	0.3358428162095784	0.0343187414857432	0.314380363532839	0.3962072858821632
ENSMUSG00000027346;SE:2:132398896-132400527:132400602-132406547:-	SE	-0.3051131098348277	0.9152125752344904	0.9026642071958488	0.9335321771837756	0.7250894586628774	0.8211476928232702	0.6298354933089426	0.706670674791012	0.7757141743719134	0.9322117271508676	0.6488732159118956	0.648428576683385	0.904078873138664	0.5192979305451104	0.7124281455773009	1.0	0.7323341283097564	0.9999716590485488	0.9790175146661824	0.9815319696350354	1.0	0.6484459299248796	0.9680398928097864	0.9420175461233858
ENSMUSG00000040139;SE:7:136978080-136978684:136978846-136989100:-	SE	-0.3056146328006158	0.4269439293922104	0.8219456892396136	0.6958629124630329	0.7658784405151887	0.7579319539127357	0.33457038296995	0.1262303024966856	0.2505461804726471	0.6054664791454406	0.0885749515574372	0.3082141328605454	0.4196686520900947	0.1527171851289833	0.4613560440466862	0.4511848089146565	0.0967638024634061	0.5461079511980891	0.5660274836990815	0.2486164365227886	0.4590171789471763	0.0169769994028063	0.5599286309244753	0.559442505288916
ENSMUSG00000031812;AF:8:122317220:122317303-122320229:122317451:122317662-122320229:+	AF	-0.3070652552453697	0.9541282959527776	1.0	0.9863265772854498	0.6143960340963008	0.8260263739710911	0.1591450867403427	0.0858738581219374	0.1927323025455169	1.0	0.0784797465467161	0.4285997671116351	0.3610249520576817	0.0958405559220113	0.4539281748385068	0.9399262823160156	0.0967062009408195	0.8369306798142353	0.9701459720416358	0.3038087420480196	0.4704228040237111	0.05336302039538	0.5859471572074044	0.4499048843835508
ENSMUSG00000018379;SE:11:87940041-87940238:87940424-87940803:+	SE	-0.3071192105620285	0.0	0.0	0.0	0.0	0.0	0.0228193122387455	0.0760274414577222	0.1219159175298026	0.0	0.1606386835942718	0.0215848572897661	0.0204852627011533	0.0331000642489068	0.0	0.0	0.0623444909676849	0.0	0.3916403927098351	0.4195793436451428	0.3472460603220347	0.0323725586470193	0.999918153242711	0.7732768558483687
ENSMUSG00000031134;A3:X:56437061-56438212:56437058-56438212:-	A3	-0.3082515694422753	0.1402204653657843	0.0774327417387717	0.2989886001663084	0.0440782068523343	0.1018404802383164	0.0418068230279912	0.0652568206898812	0.0567773857269869	0.1031102695718742	0.0355250195842622	0.1162946734666127	0.184033898361817	0.0266090894777609	0.1503866644674497	0.0	0.0903426117478112	0.1087945639706154	1.0	0.2743526974601359	0.2411605113484788	0.0455246097771347	0.140663787023839	0.751192712098385
ENSMUSG00000021282;AF:12:111504631:111504673-111505842:111505216:111505381-111505842:+	AF	-0.308636854593314	0.9126503012015832	1.0	0.999667477008506	0.9799192857803984	0.9166714659654012	0.4541739735328298	0.5276426396160321	0.6204956823096853	1.0	0.5845435308848855	0.99992008720433	0.7626004348012235	0.4988061981851956	0.5895472522599622	1.0	0.4424427756557456	0.9813765041511422	1.0	0.8317610983963203	0.8800458756333908	0.5975870628604805	0.993767304158095	0.81357515388418
ENSMUSG00000041431;A5:13:100916293-100916530:100916293-100917284:-	A5	-0.3121557700749978	1.0	0.4971917449236054	1.0	0.3440887725445352	0.4389517265264036	0.0468957301911944	0.0282602271905998	0.0251501052797146	1.0	0.0069385967962095	0.1294108185038447	0.3803263502356339	0.0191068099692495	0.1208235682316211	0.3961646615643777	0.0204673157935266	0.7993821513552596	0.3352448645692247	0.4420689200547141	0.4929333203669486	0.0097172814448353	0.7187617515531604	0.0080674393922802
ENSMUSG00000034349;A3:3:68913546-68914522:68913546-68914597:+	A3	-0.3122880281610684	0.3207398897378598	0.4873331197116388	0.8415754968648488	0.7407023970944233	0.0386456682405684	0.3419888781746866	0.8530588206424382	0.8202511572763103	0.523133272091437	0.6999059852964157	0.157698577094278	0.9989396202343284	0.526157875434378	0.2909074672057019	0.9999999986482442	0.2171599177858435	0.9830288687461524	0.9998339327786951	0.5580873208259667	0.98840783632144	0.6674969102195581	1.0	0.999999934421614
ENSMUSG00000078974;AF:11:16456472-16457980:16458069:16456472-16458079:16458484:-	AF	-0.3125557298761161	0.6284778992437762	0.4829860216584125	0.4490617762231083	0.6837510391933178	0.2664751356418354	0.3057472010307503	0.4305982696104544	0.2308767197483604	0.6381543164402707	0.3464290405740464	0.7060927560476327	0.618821509021567	0.2216333041075441	0.2740024313574942	0.6897897433570882	0.3855053060243653	0.608992848766837	0.7121759575837953	0.6162582800425723	0.727025094405954	0.4612803810922253	0.6671535766671112	0.6722839563507812
ENSMUSG00000022285;SE:15:36791232-36793723:36793919-36794389:-	SE	-0.3138680089120638	0.375733320249802	0.4437022262491867	0.3444436002908712	0.3283109122247817	0.2854901094321005	0.3179649302767489	0.3336164589021014	0.3139623762677948	0.4656098973357074	0.3198235862056036	0.4436504098803638	0.5002295232474261	0.2614897622648141	0.3080854375926694	0.6625104408819652	0.326653231143013	0.6973407656217637	0.588645402832297	0.5085489879506911	0.6556509846827133	0.4773675692368386	0.7171213947595203	0.8326255782829569
ENSMUSG00000019942;AF:10:69185988-69186594:69186660:69185988-69188666:69188740:-	AF	-0.3142634735165602	0.6875075601639093	0.5129249719704423	0.7258652256310528	0.5170990434084201	0.6684313283772622	0.5266158790286655	0.2519427140196519	0.5100327864401257	0.5597952455916142	0.4254042739856595	0.9622254603273966	0.646458861541222	0.1356075698462265	0.5503199438822053	0.228363495191603	0.3296422960966022	0.5332587994911138	0.1075968211358396	0.6248444941723127	0.593883853824728	0.5052360392819303	0.4972193049455795	0.5344635384761184
ENSMUSG00000027942;SE:3:89960916-89963514:89963631-89965792:+	SE	-0.3179898714704381	0.7216378271668816	1.0	0.6501781105675231	0.0155172552009579	0.324918025388262	0.5071870071507659	0.3535735903945359	0.5444843448875062	0.8073504435612494	0.5705928313524408	0.2749230695204074	0.6410341622486123	0.3210322591919474	0.311659150832083	0.9776146546290072	0.452935133844175	0.6930909921615099	0.8322342754893601	0.7165501695343104	0.9256700707951	0.3616238343847627	0.5568401865153338	0.6868388980868285
ENSMUSG00000113784;RI:13:3168576:3168748-3168868:3168909:-	RI	-0.3198094799255591	1.0	1.0	1.0	0.8319331536522828	0.0	0.5014766957894549	0.3941499197989354	0.802463920729702	1.0	0.8335391791608111	0.6993231760863602	1.0	1.0	1.0	1.0	0.3699542711886232	1.0	1.0	1.0	0.8768812898506059	1.0	1.0	1.0
ENSMUSG00000022948;AF:16:93383205-93383313:93383497:93383205-93384707:93385959:-	AF	-0.3211589922632911	0.1715100856070019	0.337267991026364	0.1831151252041055	0.0937536889836112	0.1059911866697581	0.0758707958656944	0.0833167918879617	0.1044493987561814	0.3025964947611182	0.0911844984243174	0.0955513043142845	0.2963125548726953	0.0307826957590783	0.1024155750878839	0.5016563719718923	0.033047055008983	0.5071380538007851	0.4508608120991272	0.3630668567340095	0.481618482873598	0.0627266022136898	0.5984585369796215	0.3819691156532023
ENSMUSG00000051391;AL:5:135937263:135940505-135963177:135959534:135961496-135963177:-	AL	-0.3223098379266229	0.9567224961068502	0.9843639830890654	0.8950857332042403	0.6730293788810094	0.5450539580051811	0.4247486404397373	0.6808827135852901	0.3262893936867488	0.9779742899944605	0.522261187533735	0.5285448162783715	0.791864423117473	0.7020303329999423	0.4962314832052339	0.9909218544948905	0.4200495666732823	0.9634722602366927	0.9770793167042944	0.9218587986069684	0.9581532992439254	0.5087180132291462	0.9691184294298932	0.9425866315303746
ENSMUSG00000062797;SE:7:89569399-89572772:89572923-89584935:-	SE	-0.3231759685265913	1.0	0.8145186647547791	1.0	0.928550041411863	0.6389503412117654	0.5140563395988799	0.7955870571699474	1.0	1.0	0.70790220376629	0.9102292116488494	0.9315026982895414	0.4914727536131802	0.7103818985168717	1.0	0.6438368096337582	0.9470149892988068	1.0	1.0	1.0	0.8371371174223027	0.9681539808397246	1.0
ENSMUSG00000040481;SE:11:106934651-106935318:106935491-106937826:-	SE	-0.3236656848770649	0.5065656843362922	0.5931573987359021	0.5288789880892366	0.1663144121760917	0.1267453468337819	0.2137512637082871	0.132687063027256	0.2885139900213326	0.4942924930641594	0.1357693125120873	0.3807304530212042	0.4022538806576651	0.1126511472298893	0.2386777566673007	0.5160937063579721	0.1763111438040411	0.5615989467352113	0.5625812727800559	0.4929291419227877	0.5253234545171258	0.1456807050632836	0.5282324846694971	0.4315749289839545
ENSMUSG00000025795;AF:10:121253097-121297815:121298118:121253097-121311908:121312252:-	AF	-0.3238550350577317	0.3467612322269573	0.343798317494512	0.3646033189198476	0.1753680811860742	0.1818224358264692	0.1851178715916213	0.0085919352532166	0.1137209460665987	0.3858493691564323	0.0245875851412505	0.1000965329901049	0.225296430503558	0.0300337806470267	0.0433616524849457	0.4554284629060565	0.0	0.4432741430664255	0.4369978570111835	0.2344543633983928	0.4971594214590117	0.0654506556537367	0.463625247521003	0.4017232259114583
ENSMUSG00000052033;AF:2:170353365:170353389-170357659:170353440:170353475-170357659:+	AF	-0.3256131439750416	0.7498832587180837	0.6173263520193328	0.6263833617856239	0.3461106845431457	0.2484314947458413	0.464303667053022	0.3315566907589736	0.0876204290978022	0.6767467600461495	0.2030695235066174	0.0452886301035687	0.7199362323205413	0.4224476033590214	0.2509761083742556	0.6133138066546743	0.223219515760307	0.5634718965821782	0.6933823986687168	0.5721660918315421	0.4127862479235338	0.0	0.4903029725912171	0.7778573372094688
ENSMUSG00000041718;A3:X:143101117-143102895:143101117-143102999:+	A3	-0.3281771897800792	0.4034587532845649	0.5913491995474794	0.5855360191888307	0.4086403806670546	0.4865133330679497	0.1540105622978665	0.2765526119592166	0.2361746997307521	0.6063518891443577	0.292071533526643	0.5037062111067708	0.4262297690354436	0.1809486575199878	0.1869113951274515	0.7044799277137722	0.2153692951467115	0.6294548399009177	0.6113953634569271	0.5585107490921883	0.6492862656502986	0.240035343878419	0.6466969218182501	0.6436240734949453
ENSMUSG00000038965;SE:16:16978040-16994276:16994371-17019299:-	SE	-0.3283260472097301	0.3619236485274021	0.7429209675566569	0.5956977053647836	0.1687438633510695	0.2682884719850034	0.0965098692654375	0.0721220575817966	0.1050530667591163	0.9999999999999998	0.0813638631372018	0.1327748475141913	0.3453291934661794	0.0896163308600089	0.0902762813905972	0.6804051110536428	0.0877837871849282	0.5595750487095803	0.7733404602135868	0.1919590252804053	0.5652058553213071	0.0745180388104666	0.753408042972406	0.541696153534964
ENSMUSG00000046679;A3:6:86423250-86424293:86423250-86424323:+	A3	-0.3289489919488135	0.9860387823978982	0.9913689712569462	0.9864171556966624	0.962320766673872	0.9308557283111544	0.6224859678191338	0.6265831604141819	0.8701229230858138	0.9740042909447632	0.6172003484818619	0.8963380546400622	0.9182634272568004	0.6219876425043726	0.9024297378599054	0.9659773209137056	0.6303954084184711	0.9698147760372534	0.969501911531659	0.9513745210660608	0.9837120655151514	0.5598838014643688	0.9540034397044008	0.9586125137761292
ENSMUSG00000029836;SE:6:51452353-51455418:51455580-51458704:+	SE	-0.329363006880487	0.2066836195858307	0.5226523826003221	0.3965892503748955	0.094237146279185	0.1039392664663409	0.0579236776077213	0.0581459119082788	0.0523374135574006	0.3340679299516583	0.0845896710567478	0.0934248169246719	0.0841605499518005	0.0574309396864484	0.0615891154142692	0.4174006423908101	0.0473833646996595	0.324650428838984	0.9972015046855828	0.2248479410797544	0.507807053847717	0.0568241272275562	0.9999724098243158	0.7481863699938106
ENSMUSG00000085334;AL:4:126930442-126930725:126930806:126930442-126941483:126943191:+	AL	-0.3305892272072989	0.7093560948641118	0.7376690357696197	0.8947367882438302	0.6707569410008747	0.7744142136241469	0.7465653610947787	0.6610677467306199	0.6930478871091739	0.8949794102165269	0.7161544927753747	0.7770400806843226	0.9682231282164728	0.5397814442410489	0.841838487046281	0.7697828696804107	0.7288625338898972	0.785810168643997	0.8150639403426098	1.0	0.9999999982496632	0.5381512984491815	0.7890736643876994	1.0
ENSMUSG00000029068;A3:4:155902444-155902996:155902444-155904786:+	A3	-0.3326199941200594	0.8027636042890346	0.5757937854554301	0.8072507038898954	0.3685070984649043	0.1945637599145474	0.2719815751544081	0.1632701498566356	0.2723063489338836	0.7580558761984847	0.1339374586700131	0.2999153805858887	0.5046876857295785	0.1444760925743493	0.2246833198016758	0.5582158574816125	0.1677525015816725	0.6096223750907701	0.555183605334342	0.4650765798212437	0.6224229685097987	0.215911365388729	0.4092893499890985	0.3477289451022874
ENSMUSG00000029249;AF:5:77413338:77413635-77415779:77414043:77414260-77415779:+	AF	-0.3328033747973095	0.4574855609750622	0.7214160492018887	0.1654966047906117	0.3040207589515699	0.5865063228795553	0.287699101423542	0.1388429061412602	0.2784360927221034	0.5912051706034321	0.0986408263978567	0.2015788914946389	0.2276964047936085	0.0696074637774624	0.0940704386208599	0.8354285778633322	0.0141703231921317	0.6557540193400454	0.9317129699705626	0.3215433874770251	0.3729800264205483	0.1305761792798657	0.9015265202591016	0.730255200006767
ENSMUSG00000018379;A3:11:87940041-87940238:87940041-87940803:+	A3	-0.3363992891072147	0.5081450711903474	0.4590472950116052	0.9273252988628632	0.2140073979491094	0.2389606441740043	0.0709512684988645	0.0562859219774116	0.1293260892734301	0.6883276947570286	0.125918923254028	0.2108026282235617	0.2838457317828634	0.0653790054090471	0.1318214522913438	0.5724840540570211	0.0790986722524967	0.6917702825732933	0.5023641198108704	0.4506528191749753	0.3375069874177446	0.2015356261084257	0.999966671263251	0.600274140946259
ENSMUSG00000028433;SE:4:41235594-41251535:41251671-41275040:-	SE	-0.3376502641962435	1.0	0.9628587128260072	1.0	1.0	1.0	0.5866432978027193	0.7084493615927722	0.6308807723610067	1.0	0.4315400448970837	0.9344146874163862	0.9084200170149166	0.6291771207703364	0.7461784798861438	1.0	0.5366278626686614	1.0	0.9536586244084332	0.7909042133680126	0.9570712163308982	0.5367321476814991	0.974194543896903	1.0
ENSMUSG00000048271;SE:5:28544306-28547393:28547512-28557470:+	SE	-0.3379577913746324	0.7610693555588629	0.8166295122200633	0.7924885748955518	0.7286639410430847	0.8043873659975538	0.3692074932905446	0.3160497667673455	0.3819782909649891	0.822845967051945	0.2699373472649946	0.7782359882813379	0.6949867149376081	0.4406391265252406	0.5223417069954419	0.7875477627329381	0.3154636060600065	0.8060544458850741	0.7613906079384963	0.6090499357813547	0.7906129786408245	0.4147960234185228	0.7353970526199172	0.5992713827563302
ENSMUSG00000060288;AL:4:119157207:119157399-119167956:119164357:119165080-119167956:-	AL	-0.3435638317180404	0.9455044625018564	0.9937460869874108	0.9810766360486508	0.8871424258764888	0.94098500262284	0.7181042197422607	0.7215333580054204	0.6201600840944983	0.995787787647154	0.5144453955816022	0.931150712634324	0.97304355463877	0.6075613897055779	0.7746390828393807	0.979117287836289	0.6274944027077761	0.9611167281809996	0.9859264098346796	0.9653422266732136	0.9784586059256608	0.6500837676842889	0.9413608494142448	0.9284454856348936
ENSMUSG00000029076;AF:4:156077627:156077791-156080646:156077834:156078026-156080646:+	AF	-0.3440194451486023	0.2372736899196776	0.235953079465506	0.1500137750132899	0.2624956326231699	0.1534183113481337	0.179889401510404	0.0611655715425435	0.2026227452883604	0.1062435083477221	0.4081460054421101	0.0994605765415455	0.3227076000885806	0.1392337248222455	0.2039135599078543	0.2754319122999119	0.1657230690165796	0.2020788726968298	1.0	0.1271118720289221	1.0	0.407731142211692	0.999998785077109	0.7005266793003855
ENSMUSG00000025290;SE:14:24543561-24545498:24545517-24545843:+	SE	-0.3458008006929217	0.8804551619594703	0.8399406371223699	0.8350779535774577	0.752189304063902	0.4247195163064041	0.5946920114582741	0.534274564059517	0.6354059541149492	0.8258222235595788	0.484952710968784	0.7303597641613199	0.7650124005546809	0.5280584577374846	0.7251690294772694	0.90522111960854	0.3120967377194155	0.9076011163547636	0.941274357583817	0.7266823007722215	0.8738503425204383	0.5008645986434023	0.9434437395846352	0.8770406294095467
ENSMUSG00000068039;SE:17:13135516-13136685:13136770-13136930:+	SE	-0.3479007624508627	0.6925163820876927	0.7240022112059906	0.7311191543776987	0.6623187735096869	0.8446161615348508	0.4464327557247199	0.423206572090822	0.502744094404279	1.0	0.4682826088254731	0.7201837411007883	0.7237078430411789	0.3889140770922606	0.5067027313971338	1.0	0.4266185615756023	0.8680922444580136	0.8699524101979361	0.6306556970014616	0.8670893390866388	0.4151571657167455	0.8647829340795147	0.8771719902583295
ENSMUSG00000027357;AF:2:132688586:132689045-132691786:132689654:132689800-132691786:+	AF	-0.3520106991094671	0.859706270291109	0.7033511307374448	0.5569044737282203	0.6730541023581595	0.4831925298139181	0.4364722445786076	0.377837888290834	0.2222784273233276	0.4909300551823846	0.1234535850336171	0.4450686980308889	0.6169042987066001	0.1502180160485095	0.5827258765763234	0.4615422620530842	0.1702794613005702	0.5615095221731173	0.8311288051772889	0.6386162367584397	0.5488996851019877	0.342587677643528	0.7145621397235269	0.4254115265443717
ENSMUSG00000041920;AF:11:109354374-109357102:109357185:109354374-109363764:109364120:-	AF	-0.3524995267290149	0.6302394246373599	0.763478191945575	0.8310063235478872	0.5412332026927504	0.5913418153483201	0.5297265679564185	0.4238587168577321	0.6921362527482456	0.874814848688995	0.607501853996175	0.3391788838196841	0.7800238212861028	0.4047972734188285	0.7123310713089454	0.8741630225701031	0.3386764324941382	0.9561134142668036	0.9336238712585676	0.779089755825579	0.8132527009144028	0.4839720786902841	0.7495207571754996	0.812466105656849
ENSMUSG00000058704;AF:17:74565500-74595453:74595643:74565500-74601687:74601785:-	AF	-0.3539817932800373	0.5269976714300724	0.0	0.0	0.0746591457294595	0.0	0.2024226607066907	0.169626555726431	0.0	0.5976128361754476	0.2078527746054513	0.4523044590918917	0.4408398381328232	0.0002330608370304	0.2657568753106497	0.9753347801715972	0.0909771629945349	0.9999994097462438	0.7635464565690022	1.0	0.1847315622354106	0.3668038683463032	0.4340576006167305	0.259045326915363
ENSMUSG00000029110;AF:5:34493724:34493828-34499866:34494029:34494153-34499866:+	AF	-0.3556492733163482	0.9669906100642318	1.0	1.0	1.0	1.0	0.677841093026612	0.6474383589492061	0.4333311565555338	1.0	0.4264100025340728	1.0	0.9692219411816412	0.883486961542092	1.0	1.0	0.5448804984299762	0.9876515374474988	1.0	0.9856360272127698	1.0	0.789245823284687	1.0	0.9699549463263288
ENSMUSG00000072694;AL:5:114946257:114947392-114951841:114950854:114951266-114951841:-	AL	-0.361551166994515	0.3344741310544905	0.4359573936922693	0.3142031707627658	0.1845309165659812	0.297355406379809	0.1194558930782408	0.1410635589482042	0.2532494169329461	0.4185873141560736	0.2394080596595179	0.2540530622729441	0.3660289439955997	0.1116987116007878	0.1670765857620803	0.511459827433727	0.144878738899486	0.5063308698667816	0.5715073444943097	0.433914977269675	0.5955988629348553	0.1409151356942323	0.6546928029061662	0.6877109528859263
ENSMUSG00000025817;SE:2:5850196-5852919:5853001-5859627:+	SE	-0.3630561384389976	0.2256840712326876	0.4670703108028676	0.2986664991260083	0.073314237903676	0.0	0.1973727813648366	0.1720494782813358	0.0421014095494551	0.3733238682549021	0.5125237687651518	0.2449630634546172	0.4907514604120084	0.1178063676808245	0.0587480713999013	0.6101863109832862	0.1303799398116224	0.609119839483032	0.637004750892819	0.5660615817200522	0.6033079448055659	0.3873897603917116	0.6929458128377447	0.7248631213572991
ENSMUSG00000046679;AF:6:86415356:86415469-86420709:86415709:86416240-86420709:+	AF	-0.3643150878950648	0.9287313629549908	0.9785829144947914	0.9785980146800448	0.9563159881643344	0.9137073962255168	0.5934520968589396	0.5925309445830492	0.853815531480858	0.9496240467790906	0.5367671158048071	0.8654369477997941	0.9001057144673427	0.4919018214110409	0.8967111674004602	0.8697134140758269	0.5580624912421807	0.92525327270243	0.9563280159091736	0.8525779794910135	0.9604886318789362	0.4350401230805446	0.92329183969441	0.9233503987840448
ENSMUSG00000020358;A3:11:51492717-51493420:51492305-51493420:-	A3	-0.3653805664123584	0.7632933659281105	0.6475376751174815	0.6473138908783244	0.4069725514941181	0.303008241394903	0.3505734730645284	0.3478223402546838	0.1911468471383186	0.6034922340159934	0.1835706337821559	0.2691901790546236	0.5437167561446813	0.3197467004545979	0.3945347152200384	0.6814663595801995	0.2363459082200528	0.6542925954633185	0.7303982066746351	0.5784186937809564	0.6915433857451094	0.1312490680760118	0.6785605956156074	0.735329012690177
ENSMUSG00000022257;SE:15:34238568-34258827:34258938-34272490:+	SE	-0.368582641551461	0.8045486614221016	0.9254892884663196	0.6921212964527447	0.4510216586301516	0.6401978111535207	0.4674043295445682	0.4847226895341329	0.7005125472287701	0.8244768428505602	0.6574978661080902	0.858071713703	0.7991232010702587	0.4535755469934655	0.5184356022929216	0.9751122352667354	0.5593822772398579	0.8950814108328721	0.924996076520424	0.9136275309958188	0.9416847698842508	0.6613709386536618	0.9525729780803518	0.9750734441310625
ENSMUSG00000040952;A5:7:24584294-24584561:24584274-24584561:+	A5	-0.3689461924917739	0.2082739899794796	1.0	0.1904049653382324	0.4775631763429966	0.9999950434629	0.333679807520824	0.5373378509679577	0.5041524746646482	1.0	0.3949406645348088	0.4730756422821266	0.6530795371603326	0.2837496272234552	0.218428843686532	0.2471394482080134	0.4324750648583594	0.3989309886627686	0.3869724440541422	0.8650496066222292	0.8879207707561277	0.5304432570263298	0.4683872681577347	0.7182380630129874
ENSMUSG00000066456;AL:9:82992001:82992482-82993046:82992773:82992927-82993046:-	AL	-0.3690787747370143	0.8231056798744467	0.8444424777750499	0.6882973372884059	0.3517785907918806	0.3630138662316476	0.2647097811957762	0.2631577966468119	0.19292789664791	0.7508176195907892	0.2453380644078008	0.6099683166717453	0.5089965874757545	0.3028482382477708	0.2850120334932228	0.8944356286972283	0.2694926519787751	0.8348992586878499	0.8545715375962558	0.590341500262648	0.7527202188776222	0.264934761798243	0.7907007343516758	0.7050935436131911
ENSMUSG00000051391;A3:5:135961496-135963177:135959803-135963177:-	A3	-0.3704629045381097	0.1804255083894627	1.0	1.0	0.5274671769881155	0.3329966698903779	0.264966046751864	0.1576926377019787	0.4085431244609989	1.0	0.1615279815054804	0.8395984163056535	0.5178865883566284	0.1380364181041326	0.3446697631989791	0.0867765252307452	0.1571603514946244	0.6378825711066444	0.3233197219970589	0.5051480832781359	0.5850847375852521	0.0886499335774151	0.3991631353404694	0.4881495977386387
ENSMUSG00000038740;AF:2:33764472-33776798:33776857:33764472-33777332:33777958:-	AF	-0.3713143731518439	0.314651338586747	0.5729530544090534	0.5338682746053722	0.585478157777383	0.4574228984080964	0.3950788844817061	0.2997280477495187	0.4311965680071603	0.579822882840123	0.3271576012059067	0.5755972247190718	0.5229617017425269	0.1904098574595893	0.5560423630449185	0.6260654431923647	0.3518957758699858	0.6797050578756454	0.6820619111732343	0.6549479626927097	0.6757425403891095	0.2639821298960325	0.7100831567201908	0.8007965700680301
ENSMUSG00000020738;SE:11:115425509-115425896:115425971-115426605:-	SE	-0.3715717526237311	0.1247411987227724	0.4900061120187195	0.4953198857279891	0.3030560991120026	0.5221849657137735	0.0427441204008821	0.0620921738416711	0.1936542750653912	0.636332679988722	0.0747645181891826	0.4275641010203664	0.2293167132242121	0.0333589955566576	0.1307209505184499	0.2212718515014913	0.0818796006856912	0.1095724387200413	0.3960061002008262	0.1195678604925834	0.6765854723124134	0.0462108240629453	0.3975631523383506	0.7129122527389181
ENSMUSG00000020961;AL:12:91680856:91680898-91707245:91701828:91702242-91707245:-	AL	-0.3744855006278166	0.2876703923271532	0.7523895705651996	0.1504570169575141	0.3605880044487629	0.4142140924251641	0.3176745902450879	0.2891168660099237	0.3879411188775467	0.5796271635423237	0.3397525877544784	0.3694341687073412	0.4065850716669504	0.3824854495278315	0.4195201355558996	0.7402998893139918	0.0	0.6206532919587523	0.6247249238570246	0.6587658164576846	0.6716285199387112	0.4594821549313929	0.6967226380236733	0.7723174977401542
ENSMUSG00000075427;AL:15:98083894:98085671-98087015:98086175:98086660-98087015:-	AL	-0.3777417882676627	0.6194388034987212	0.7354222285937374	0.5769514834404598	0.5835683681268977	0.4941829592083032	0.2330397963091225	0.2812149849014073	0.2751185886548092	0.6569419289378609	0.1634096594656866	0.6545259633053788	0.4893255238028261	0.1250863962947568	0.3535400612085492	0.6866422697082174	0.1008619790036107	0.7460952051514023	0.82517285004833	0.5122735052843144	0.6184521335928785	0.3092172729476256	0.7192209879004247	0.5614890100560933
ENSMUSG00000027357;AF:2:132688586:132689045-132691786:132689658:132689811-132691786:+	AF	-0.3791771219279478	1.0	0.999999942043784	0.9334593326691286	0.6150172735838141	0.5872358903825854	0.8201331900529971	0.9108788721540227	0.4192388711752989	0.8914650472018452	0.2055505076791432	0.5393713219800177	0.7714005858575639	0.3291866280097247	0.651468519169891	1.0	0.5032637870517918	1.0	1.0	0.8524075776518939	0.8417801190970159	0.504412590987246	0.9598857078469258	1.0
ENSMUSG00000074238;SE:3:127606944-127609245:127609343-127610559:-	SE	-0.3802002527803862	0.0	0.3659143843867962	0.0537061800930879	0.1366557286711583	0.1696520843154628	0.2464483978882284	0.2324189342333971	0.1517439506934116	0.2320552146324501	0.0604115250099355	0.0868291191384186	0.3442420526056075	0.0	0.1048416391344207	0.0760920405985709	0.1037078881842738	0.3447063549302975	0.4844902584464463	0.4488769549080438	0.2580390866418697	0.0	0.2369679309751215	0.8661812643936303
ENSMUSG00000073633;AF:1:84817562:84817689-84858813:84844157:84844264-84858813:+	AF	-0.3804270098297441	1.0	0.9129409863783648	1.0	0.701376872313314	0.1184543119513438	0.5285507667001383	0.7164009694646059	0.545739956335952	1.0	0.4506452783672348	0.8666609481986384	0.8408002659336062	0.5949476084616919	0.5538632896024109	1.0	0.2951429598711876	0.8032631587650882	0.9388210832420972	0.8637856484653735	0.8742589410847167	0.3470918554265574	1.0	1.0
ENSMUSG00000032407;SE:9:95377986-95382741:95382926-95384593:-	SE	-0.3869792951276987	0.7360553464886719	0.7960722014745871	0.7516051080351455	0.3355542973019237	0.2893969019862301	0.3722175457032918	0.2620972871679131	0.2830241684654702	0.7286139722432773	0.2991520180014881	0.5131828236654439	0.5365826573933273	0.5161796257869532	0.1885865911308662	0.7074368709265797	0.0588194269924619	0.7057361243169202	0.7422947230129188	0.7068380016097073	0.646651733631994	0.3299637454207239	0.797120224136442	0.7940931458245825
ENSMUSG00000028907;RI:4:124576206:124576299-124577028:124577141:-	RI	-0.3873474520189875	0.8744791521370295	0.876421192392355	0.9111295246304952	0.8476354878223891	0.8603449736047201	0.3856761094168114	0.1697609008310303	0.3689720979486427	0.8133963210098912	0.1377618074146629	0.7359578497003404	0.5561545822205775	0.2116447702571669	0.5445115736506119	0.8026946947768904	0.1358995114536108	0.7611451730886093	0.763400608120956	0.5806280421299386	0.5230941338243178	0.086821074918272	0.7055551311798388	0.5445800398575875
ENSMUSG00000028907;RI:4:124573495:124573605-124575986:124576116:-	RI	-0.3873474520189875	0.8744791521370295	0.876421192392355	0.9111295246304952	0.8476354878223891	0.8603449736047201	0.3856761094168114	0.1697609008310303	0.3689720979486427	0.8133963210098912	0.1377618074146629	0.7359578497003404	0.5561545822205775	0.2116447702571669	0.5445115736506119	0.8026946947768904	0.1358995114536108	0.7611451730886093	0.763400608120956	0.5806280421299386	0.5230941338243178	0.086821074918272	0.7055551311798388	0.5445800398575875
ENSMUSG00000021969;SE:14:58084519-58087602:58087637-58094067:-	SE	-0.3921512182958188	0.8420808422649679	0.8642528670794184	0.9035431571037856	0.7115118862453106	0.6879258933573307	0.7105209284899002	0.541079357265339	0.8302127447272958	0.8664648913334799	0.6682411959713074	0.6965868963933924	0.873284343271575	0.3619329070200821	0.714551826745013	0.8591000360674623	0.2990273980374084	0.8484553150422992	0.8832341446508486	0.8458214247399825	0.8385201452499975	0.6475961194291033	0.8629999490279342	0.8812598182158567
ENSMUSG00000011257;SE:4:123189114-123189543:123189629-123189723:+	SE	-0.3923997097551301	0.0	0.5257506843326901	0.4039156107038789	0.0	0.1812981916169371	0.1791411591964442	0.2051748690209247	0.2025673508703656	0.6618483624053133	0.2319254607114775	0.2924848650052828	0.4703832801724077	0.295809270551865	0.2229217210447347	0.7318539971587813	0.1863769203427984	0.8429164284187393	0.8506770470449244	0.6139983860795974	0.7429629182996684	0.5246224750349673	0.8135936928556663	0.6615407750959128
ENSMUSG00000020961;AF:12:91710652-91745773:91745911:91710652-91752901:91753210:-	AF	-0.3943659670997435	0.3559853159780732	0.6473775611446787	0.1002054529192365	0.5895216081809904	0.4396929803330048	0.5450028103594172	0.4362874958883179	0.6369751564256119	0.5658589133577555	0.3619364174344706	0.52994439378765	0.5073933590205906	0.3593666090425478	0.6170811706693742	0.771053848714542	0.0	0.6655721179748919	0.6731651977505183	0.6860819137907699	0.7044568013175182	0.7030055243521285	0.7658360661570262	0.8371223166354317
ENSMUSG00000021981;AL:14:59776654-59784435:59786352:59776654-59822953:59823213:+	AL	-0.3951158566059933	0.8761173998907003	0.7915650129704832	0.7122637597346833	0.4625369034568378	0.2572097816672657	0.4017302219188042	0.4975363381476767	0.2819476042401423	0.732108161110924	0.4349855451233229	0.4088816800686006	0.9032540858161804	0.3895913620161321	0.2073441964964485	0.8261376720335397	0.4547172613364901	0.8257120715780925	0.91064642772843	0.9144942299350658	0.8387448261848423	0.3871410106248488	0.9247122095516236	0.7008007911115064
ENSMUSG00000062169;AF:1:180972258:180972466-180983424:180982303:180982469-180983424:+	AF	-0.3952394148128047	0.0	0.406416500444319	0.2195382445760275	0.5797849586576973	0.1355899167604742	0.15116681253973	0.3728387618601347	0.3884728080831269	0.558204122758603	0.1542130876411936	0.5017119074000423	0.6963403594477958	0.2161689997239512	0.162464405076215	0.4345141551164848	0.1238804007899433	0.4732270491604681	0.51217850684991	0.7565987611743575	0.4298522245927101	0.178548533987991	0.5006625942307804	0.5652675640515783
ENSMUSG00000039630;A3:1:178156972-178157433:178152878-178157433:-	A3	-0.3982816203369027	0.8876871809080629	0.8570936264663266	0.8964294335475057	0.273847967881357	0.3125169049364374	0.2325381855230122	0.3242698610391973	0.3379738804704664	0.8421364829063046	0.3221952319023419	0.3526663060534813	0.5416945674733854	0.2829736516898518	0.2760128569754027	0.9405597426231368	0.3425610754455619	0.9644867276842742	0.8009662703256748	0.7715586288171606	0.9660867217709008	0.3071399621315234	0.7801723006653838	0.5857863833631168
ENSMUSG00000030057;A5:6:87822539-87822638:87822539-87822656:-	A5	-0.4012858661341002	0.1503613983947148	0.3691609311240806	0.33177303698973	0.5413672247129854	0.8804066479645415	0.1066079345368802	0.2390830094058366	0.2701079906973381	0.9999999997168204	0.840004142275056	0.2685795346968262	0.4835305811979181	0.1349440325434022	0.2100332688430353	0.7686371563668543	0.1881726426224013	0.9019232171179596	0.7917725920805188	0.8573432017730689	0.8243235042098349	0.744903338673955	0.8692134080646845	0.842150004202275
ENSMUSG00000019843;SE:10:39402926-39405433:39405597-39408012:+	SE	-0.4019545332685125	0.5722133224510114	0.6047918358977594	0.7906054037606703	0.4685975563762835	0.9292939664807324	0.2985545853291955	0.1564475438540735	0.1616716329489619	0.8148262157658329	0.2825537451803944	0.5502709790108542	0.5734950203529415	0.1889412842448601	0.3863486855573722	0.7058222296165103	0.1366361812012013	0.7552146286131094	0.6142616791970016	0.6035138139189281	0.6214828882629673	0.2696268867330676	0.688464444894981	0.5739051650197424
ENSMUSG00000037072;AF:3:144276065:144276172-144283347:144276454:144276560-144283347:+	AF	-0.402476978996359	0.0965886324381128	0.2034949275656068	0.1451112235882169	0.1696667746153965	0.1828823784717485	0.0884620345061427	0.0559493275061702	0.2003845860635265	0.1818715957960013	0.1875422845126306	0.0355411215903429	0.3635580515432025	0.1019111591613106	0.150017803346543	0.4492744361375988	0.0	0.0884571367381221	0.343185613007418	0.2499815959482094	0.3417710397280349	0.0716726034256816	0.1230668469294121	0.9999999999461006
ENSMUSG00000024844;SE:19:5415186-5415846:5415984-5416596:-	SE	-0.4052029383943188	0.4175446946752549	0.3322320255303173	0.3438606005721211	0.2561180406886561	0.5524366096308824	0.2976554213889264	0.3508239296951149	0.3239744480820097	0.6555980647562337	0.2920064132853548	0.3953330011155722	0.7208921512295032	0.2205717954788728	0.3527467342821499	0.7634974263622141	0.3816313192154231	0.7457872426473341	0.6139935308639465	0.6268175975966676	0.7649507490500738	0.4282598376465357	0.8105869868840979	0.7531847133757962
ENSMUSG00000000441;SE:6:115603927-115608176:115608329-115609858:-	SE	-0.4086277019581202	0.3973832718691302	0.5882172390937843	0.4717980443891204	0.5695063969639285	0.6468503971030598	0.2993451790034424	0.2306040008526153	0.3543748952189353	0.4396368477714847	0.4745015156894392	0.6715142361983764	0.5745757622952267	0.1749451212056319	0.2625426778230483	0.7056360035640135	0.2254184033775091	0.6152882338200466	0.6886370096226765	0.5853405012099853	0.6211190377761076	0.384021559767406	0.7610914373118036	0.958944547676357
ENSMUSG00000029177;A3:5:30826396-30827036:30826396-30827082:+	A3	-0.4097763896300102	0.0559973712110198	0.1359339076198845	0.0	0.4991331669584648	0.0	0.0975855150592742	0.0481451539760964	0.2632599116649393	0.1571143446200681	0.2322842243594914	1.0	0.1588196410531435	0.1459441210252636	0.0708448787559465	0.0	0.044766348767206	0.5162115424180248	0.0757151054318807	0.9996984621089992	0.061985547680524	0.4114454432245883	0.1878419997090554	0.8897417558054312
ENSMUSG00000079477;AF:6:87992700-87996618:87996765:87992700-88022055:88022227:-	AF	-0.4103256223613091	0.8120641856277616	0.8626430236971965	0.8483494747974506	0.3153837761370225	0.3059707648564295	0.3389316755877676	0.7255819685303593	0.3629231688951465	0.9079468771441388	0.6828157773571393	0.670755227108868	0.91228297734666	0.1946254398566924	0.3421100385639967	0.9018150170792336	0.4859609775097427	0.9340508739741178	0.9886540592895492	0.8907764190814754	0.9570663525664772	0.74061226884494	0.9845760083159768	0.9701609037045577
ENSMUSG00000037514;SE:2:131116183-131129394:131129517-131135319:+	SE	-0.4106823634988927	0.3924970909482042	0.0	1.0	0.0	0.0	0.0	0.0	0.0	0.0	0.0	0.0	0.3590057636887608	0.0	0.0	0.9999997990516456	0.0	0.0	0.0	0.5031778120962588	0.5724708693070865	0.187344347836942	0.2047331743459797	0.2080750089034649
ENSMUSG00000090254;SE:6:89118067-89121544:89121658-89122141:+	SE	-0.4146526890924854	0.2476124543851583	0.8935418692761692	0.3805243468432231	0.2965339308468587	0.0491786328651385	0.1134787555203074	0.1366361121630946	0.6325710312039179	0.6341490127877917	0.9691330551554064	0.504657555860328	0.5849027815362648	0.2226636743371954	0.0607178385186524	0.8739519548194457	0.2281701035139547	0.809720172487622	0.8743252335427791	0.8132746106785651	0.8347203041439115	0.6064009001820031	0.8832894655033056	0.9823160051808512
ENSMUSG00000032883;SE:1:78635820-78640858:78640997-78659310:+	SE	-0.4161610708709102	0.9119016732584112	0.6713857163593467	0.4659400864088283	0.9158089015977022	1.0	0.823610039772548	0.5640482805987855	0.5296289378410279	0.6966001942267764	0.5679628255526963	0.9989519020643264	0.9105923064703332	0.4011126584744601	0.9063002093578072	0.9160494899535336	0.3013133269587532	0.8753160518815154	0.7256049559195141	0.885689866634216	0.9130999753310254	0.743954444708395	0.6558208838395133	0.7896992266327614
ENSMUSG00000028483;SE:4:83372385-83373252:83373288-83384202:+	SE	-0.4177289366878914	0.2863768093101065	1.0	1.0	0.5560615812811355	0.0	0.189688176017758	0.4044041809782626	0.3589070116843391	0.9817992908764926	0.2197878526879603	0.2897936237462465	0.7156221437537842	0.0	0.3721680559563061	0.8128819848580459	0.2310986058799378	0.6895784408390652	0.7004683520744318	0.6557929496831044	0.4917322342120325	0.2649293759602704	0.6268992342287589	0.6630590586488053
ENSMUSG00000015575;AF:17:26895131:26895288-26901652:26895386:26895552-26901652:+	AF	-0.4186542807452435	0.5731400970323609	0.2621431569721392	0.2397576813255867	0.2036097601628677	0.3589854419156384	0.1611157718881954	0.2911221605247119	0.1813887944390388	0.5171548900227282	0.2596271554643561	0.3236407591183756	0.6006887489072206	0.1806437079379382	0.2957868565810979	0.6231958695774823	0.1714086984136846	0.6993343660242255	0.669887902960532	0.5633555308230225	0.8085679453869405	0.1494365473360254	0.6891480280839329	0.6048066202044814
ENSMUSG00000037712;SE:14:45713570-45713875:45713907-45719889:-	SE	-0.4197039055477276	0.2725281346655531	0.0545765718268833	0.1262443407348499	0.0	0.0	0.0	0.0	0.0	0.375949701507165	0.0	0.0294926961821465	0.2761514140353045	0.0	0.0	0.5024340258016198	0.0	0.4821187466649095	0.4730073909293872	0.4728228902942025	0.5003466497569223	0.1335284066791663	0.5202725130036611	0.4294946681044811
ENSMUSG00000038174;SE:1:58569418-58573644:58573811-58574549:-	SE	-0.4229783551494367	0.4207489530542556	0.5535280429265393	0.5010386325456877	0.4726849223056256	0.344130960773889	0.1447476410860474	0.1137287326338344	0.285995455362011	0.388843270027955	0.313507969471607	0.3429277230497294	0.457931059077287	4.2747657606055365e-10	0.2191096245576475	0.4557301913816622	0.0147310456692734	0.4574969751989199	0.5080841843926729	0.4805538500090821	0.5187767254714692	0.2081136221993375	0.5159486670455367	0.6766195342420998
ENSMUSG00000027346;AF:2:132414174-132419988:132420153:132414174-132429541:132429649:-	AF	-0.4238506223066516	1.0	1.0	1.0	0.0152522849287266	4.656551667533322e-06	0.3009579888824401	0.5492900510583851	0.3146522866120046	1.0	0.0565478190412033	0.4078697859744072	0.7444854891118483	0.2528402669214565	0.3133495705872782	0.97686993426957	0.5011127467959821	0.9850705990274394	1.0	0.740147907475539	0.8514103088833349	0.1235308461686352	0.9304582846233872	0.7191496675729112
ENSMUSG00000037805;MX:17:28547859-28547941:28548021-28549499:28547859-28548348:28548496-28549499:+	MX	-0.4238972206590815	1.0	1.0	0.962872125623034	0.0	0.3973847736518608	0.2568508686391918	0.5614482013277752	0.4152829500103989	1.0	1.0	1.0	0.9755401953961104	0.3335350679028126	0.7833200630954928	1.0	0.3849548008000881	0.9986610694883332	0.9999999758114336	0.9999867572708916	1.0	0.0	0.9632876082277572	1.0
ENSMUSG00000078919;AF:2:168069422-168071731:168071996:168069422-168072113:168072150:-	AF	-0.4275742779152397	0.185069100935681	0.0	0.0	0.8815038147010081	0.3501584002305181	0.0660528895344261	0.2041826189984682	0.0600840256396585	0.4220252568089718	0.0376466255488827	0.4438017610439139	0.171587576668095	0.0500158081814701	0.0	0.2249620241876249	0.0434004013935694	0.8245740318906606	1.0	1.0	0.2631460456539066	0.126920566198783	0.1302381592542573	0.610808943461348
ENSMUSG00000066463;A3:9:78219917-78220187:78219818-78220187:-	A3	-0.4294315782280474	0.07060706553426	0.0776240503289761	0.0590387220091393	0.0807027132256297	0.0923398598502307	0.1140491552605079	0.228649048850615	0.0988003001450114	0.0955596463359708	0.3833569396131464	0.7890600460493837	0.2917048917662844	0.103131809639471	0.0837907098500239	0.9330887400199585	0.1951951630403746	0.907597225545499	0.3099920301233896	0.4031590838117196	0.9684041672519792	0.3171971222648889	1.0	0.9647911312258134
ENSMUSG00000015697;A3:3:95247376-95247473:95247373-95247473:-	A3	-0.4327138911994722	0.0839108991085424	0.5141735588643898	0.136024691756077	8.338381684325351e-07	3.609394867310007e-06	0.2598270677897797	0.0008649763842021	0.5869502012109298	0.7233526008571057	0.8090190140588598	0.5428390684530063	0.5121845082985037	0.2664433012989994	0.387266651664396	0.6893601352326943	0.067919505217561	0.4939242340052071	0.5127828249306877	0.6839218347955498	0.7777365389768106	0.4516283199133208	0.8715597789352311	0.9012594796866468
ENSMUSG00000032113;AF:9:36635316-36637093:36637159:36635316-36637859:36638361:-	AF	-0.4342184915262502	0.8066991005916652	0.8170942416278663	0.8131324114089172	0.4915536536638222	0.0	0.2940952323202533	0.0	0.4236337238828709	0.7609397439287493	0.8853926194318513	0.631458224775574	0.8164095632805335	0.7097718177289982	0.0	0.851975249881009	0.2901765698821974	0.880475202747385	0.8881507402860117	0.8935361991429629	0.9570991816492644	0.6054151848683917	0.9540192132666088	0.9551700290752868
ENSMUSG00000038965;SE:16:16972146-16977854:16978040-16994276:-	SE	-0.4396264163557452	0.4747656350327469	0.6021356880663297	0.8561027151230514	0.0887109235074952	0.1863555058609078	0.167923842453078	0.2511784966155601	0.2397050744085944	0.7436364432207464	0.3186296891087172	0.2799384414647866	0.8562454502163561	0.2335498483030832	0.2390768522083493	1.0	0.4670627034936653	1.0	1.0	1.0	0.5710767760590415	1.0	0.7148852557295202	0.6016041766686087
ENSMUSG00000029465;AL:5:122543241-122543932:122544126:122543241-122552067:122552247:+	AL	-0.4397093608586089	1.0	0.9484774165042658	0.9380988644610834	0.9089986539452042	0.645900475958114	0.2744454433737799	0.7888463283020323	0.763462030658418	1.0	0.4620847848486335	0.7070912073935546	0.96258930351051	0.280652780760146	1.0	0.9411757962218388	0.5815218366315472	0.9255486603295608	1.0	0.9346119408950212	0.985910516729778	0.9005943019816808	1.0	0.9888314128414852
ENSMUSG00000035227;AF:7:99498266-99507971:99508106:99498266-99512435:99512578:-	AF	-0.4397554314581917	0.8353657648207233	1.0	0.99919586888777	0.31487211722637	0.5733851635251955	0.3771678636536088	0.5136784362659441	0.6503459251416661	1.0	0.6927949602951154	0.4654336313547833	1.0	0.4274761908252516	0.3353723680022532	0.8966763412082579	0.3536840195967743	0.5959413296515218	0.6901663326582889	1.0	0.8961977746765329	0.2958632518072756	0.761234681939133	0.8504575581393192
ENSMUSG00000024240;AF:18:6462991-6490463:6490856:6462991-6515865:6516108:-	AF	-0.441651178013776	0.9994071097172698	0.8559699938039912	0.999999986945426	0.4738767553555656	3.7558190522813245e-10	0.0022002984205564	0.9999999114355	0.5462883074682056	0.8748428822835073	0.3108435686639783	0.2577777610024473	0.9998844470626226	0.3832768410371553	0.097444958328125	1.0	0.3710058671519536	1.0	0.9364411222229692	1.0	0.8471382399418563	0.8372564291671549	0.9700873334027488	0.9847082133392124
ENSMUSG00000038544;SE:4:59775549-59782254:59782334-59783728:-	SE	-0.4417255318377912	0.900183165683645	0.9999999877883428	0.9345504834799324	0.880970899096647	0.7779752630175647	0.52331405707458	0.5124651281453997	0.4029712967034755	0.9610759560739864	0.3801937943041761	0.7695103652029835	0.802385226752319	0.4504552481708601	0.6163013343107075	0.9892375212810848	0.4413346373017465	0.9590000561283164	0.9917099324817767	0.8668368690347545	0.9462396438642408	0.4412130758088028	0.9739128014281176	0.9358891956220328
ENSMUSG00000018666;SE:11:96693648-96697442:96697590-96699010:+	SE	-0.4438138157318548	0.6966421454542171	0.9999992403020612	0.4344201730537162	0.4241130378001886	0.5201266503375351	0.4780540666591221	0.330501870925433	0.3259827723072619	1.0	0.5871891508711434	0.3471873052545181	0.9400553861131272	0.2827111875311997	0.9208804480489484	0.842383040316589	0.7746781160013432	1.0	0.9355850779242348	0.9698513267052474	0.957649880331557	0.5532581626283078	0.9685397463328912	0.8827789951066072
ENSMUSG00000045378;AF:17:29160343-29161171:29161238:29160343-29162752:29162814:-	AF	-0.4441127937397914	1.0	1.0	1.0	1.0	0.7097486155317837	0.67455343522037	0.4312056808346656	0.4803413301370712	0.9887384266496608	0.5154868481359012	1.0	0.9562274581340544	0.5821473347319611	0.656327810948594	1.0	0.4863106863957591	1.0	1.0	0.9204680643161208	0.9389110176577304	0.5529225832429984	1.0	0.9759951849495464
ENSMUSG00000079162;A3:9:88971647-88972646:88971644-88972646:-	A3	-0.4456662961571516	1.0	1.0	1.0	0.9925911728062868	0.9917069035946257	0.6663352187325123	0.4545105287371165	0.4621125392047547	1.0	0.3815863242015641	0.6980515451123154	0.8780176835892084	0.5171842870558827	0.9559608621340157	1.0	0.5727316477948643	1.0	1.0	0.9616525375877272	0.9630202326899256	0.3983041154714907	1.0	0.905987518551173
ENSMUSG00000030246;SE:6:142436330-142439826:142439943-142441294:-	SE	-0.4486907792071066	0.0458046178706271	0.0970660610442844	0.0369650057740435	0.0707693914708223	0.0260567383347322	0.0348713034169326	0.0674598834564099	0.1507664196787327	0.0792741385466269	0.0664372058265642	0.1289571093333073	0.1365479973594927	0.0429149447467444	0.0396993299510837	0.6147144294176818	0.0361053242644631	0.3713463350737364	0.253369967622512	0.205352529454607	0.7128130905194975	0.1155756723028046	0.947005076037384	0.9529668577890108
ENSMUSG00000019843;MX:10:39402926-39405433:39405597-39408012:39402926-39405915:39406070-39408012:+	MX	-0.4503649954797991	1.0	0.8852988403211418	0.8967334988205236	0.7485240220208247	0.7944868683676862	0.6108382924051269	0.3495751624980407	0.4023262950634472	0.952888820394812	0.5832540821155096	0.7016141895085066	0.8159103911530312	0.433524702408778	0.640281988257878	0.9113736156857856	0.3892971355091997	0.9213615052046764	0.8690581825160828	0.9178753154297462	0.8892120382424078	0.4047900938940599	0.852623639390189	0.9341133196255388
ENSMUSG00000027680;SE:3:34118468-34119123:34119203-34122310:+	SE	-0.4505435798018018	0.9358859510129838	0.9420086049806328	0.9381800564279404	0.4206337889904404	0.5041901050774733	0.3437690497623221	0.5464825935326771	0.428686304338409	0.9275330374555344	0.3861719172508605	0.4418886604014977	0.8989691486317377	0.3610482620691143	0.4822197807621289	0.9352612662609084	0.4063299135520113	0.9071617765869324	0.9053312867484676	0.8613720095548336	0.8962540697776141	0.3507488378236177	0.8901376483807878	0.845611777647685
ENSMUSG00000074366;SE:7:15484341-15484472:15484530-15491417:+	SE	-0.4505670705507292	0.4995139855239985	0.6173765991357258	0.4730416919242944	0.272136080253596	0.4662098088951796	0.2759053405418972	0.4668521702070113	0.4137489441227574	0.6505684508682071	0.5352963580934532	0.656822268299961	0.6627948238981047	0.0	0.3135341999577568	0.7122710537353777	0.0	0.6486851144266992	0.6891648359132998	0.702408287830081	0.6621469007730107	0.509441658494974	0.6935244448673029	0.7770667980021847
ENSMUSG00000079477;AF:6:87990680-87996618:87996765:87990680-88022055:88022252:-	AF	-0.4561542371393834	0.2307759327965381	0.482203312288407	0.4690257879412288	0.0780144702035635	0.1599956560128808	0.0408289950251536	0.1338036599965794	0.2147154900525603	0.4806493934907009	0.2003038550958155	0.2858679716489894	0.4758012514871627	0.0583321023433668	0.2054548790781313	0.5633025535328459	0.0452226083087862	0.5261943241115288	0.6761206814504616	0.4401616845685052	0.5917057724314873	0.1613701812519912	0.6403784116172366	0.7546104658149269
ENSMUSG00000051391;RI:5:135937263:135937975-135939841:135940505:-	RI	-0.4580135695925062	0.4483814432562552	0.5549245114539105	0.4618657787285401	0.4587254595053888	0.2415781145650477	0.1988960109657971	0.1696690514753801	0.1981166515610686	0.5426026671802031	0.3099268653952972	0.2281670622542873	0.4176592383201506	0.2020411827925288	0.288776310359059	0.6783013194973823	0.1048924211251335	0.6412082159904081	0.5066971923428664	0.5808129654569643	0.6201115953812494	0.1924545717651837	0.7171117061135494	1.0
ENSMUSG00000073079;AF:12:55127062:55127171-55135955:55127345:55127521-55135955:+	AF	-0.4602073345785799	0.0	0.5529842873045611	0.1538272926308307	0.5964436975942661	0.8967168568671826	0.3261496017019442	0.2822967313826379	0.5167753770167459	0.7034352539895238	0.2930997191291316	0.767541111647763	0.4193155990136701	0.0890188953161488	0.0877106137351335	0.8063050754305686	0.2052997969585215	0.3548042914558171	0.7125573183808491	0.7273051149081707	0.7817060700895485	0.2423516924243051	0.6129643813069124	0.7822176970893698
ENSMUSG00000029470;SE:5:122865354-122865462:122865527-122865808:+	SE	-0.4653639094879827	1.0	0.885684850847352	1.0	1.0	1.0	1.0	0.3512370729423364	0.7194732425139088	0.7839295883330132	0.4366278675191823	1.0	0.8778221062999768	0.4511163734776724	1.0	1.0	0.3615159530314231	0.9302578883557108	1.0	0.8063463380664109	0.9003693032126915	0.42109012276686	0.813048230425485	0.8774151573434661
ENSMUSG00000029076;AF:4:156077368:156077791-156080646:156077834:156078026-156080646:+	AF	-0.4660857095947436	0.6629882801355715	0.2967603256716565	0.2799122295181663	0.3229273322665468	0.2881008513345556	0.0755548768830059	0.046422054205094	0.1528836980183417	0.2367011244351619	0.1615728726661994	0.1528865482327634	0.3545576455570934	0.0653152099634446	0.1165087391533346	0.4374940878015221	0.0669055911067076	0.2523764766642278	1.0	0.1769816029525386	1.0	0.1552539315953008	0.9999990859512118	0.6730193178107879
ENSMUSG00000020107;SE:10:59826729-59832270:59832436-59838778:-	SE	-0.4782876674961089	0.8550286091549296	0.7695640466791647	1.0	0.854595888328153	1.0	0.4756785810266057	0.2892813773512638	0.6461331429199165	0.8347068383259759	0.3516102220175928	0.6836172961364335	0.9056674351717032	0.3281163191139903	0.7898928454403684	0.8509221161065184	0.3628747459775077	0.7473511266793812	0.8088020370226879	0.8444979190049656	0.7224451490061387	0.4563425797158228	0.7219387814559041	0.772422831261983
ENSMUSG00000032113;AF:9:36637174-36637679:36637747:36637174-36637859:36637866:-	AF	-0.4877436065463071	0.961892787971054	1.0	0.9560942477365192	1.0	0.2951149336914439	1.0	0.0	0.905486172219576	1.0	1.0	1.0	1.0	0.2584369766580003	0.3971997377067674	1.0	0.7476643461850827	0.7704452055712577	1.0	1.0	1.0	0.0	0.944907271454592	0.9570757490283116
ENSMUSG00000037966;AF:13:49341012:49341113-49347212:49343772:49343835-49347212:+	AF	-0.4879486357516006	0.2922677141427141	0.0	0.0	0.0	0.0	0.0	0.0	0.0	0.0	0.0	0.357742313635637	0.117014669469537	0.0	0.0335674538213677	0.0291474442119991	0.0	0.0783667668221916	0.9993248569386304	0.0	0.8347798735368656	0.0	1.0	1.0
ENSMUSG00000031812;RI:8:122320229:122320389-122322725:122322831:+	RI	-0.4910981583154637	1.0	1.0	0.9950620519098722	0.5722215957748326	0.9380280433286988	0.0805200869716577	0.0614441427394129	0.1341768561233782	1.0	0.057474282316159	0.592652514714497	0.330815754581926	0.043735531086598	0.2795099403968316	1.0	0.0636749715322104	0.9883062436796208	1.0	0.4365907431414622	0.7982161202315914	0.0634883482903904	0.9756613048488584	0.6250989429812555
ENSMUSG00000030512;AF:7:65708751:65708835-65711872:65710292:65710440-65711872:+	AF	-0.4920882723658963	0.524616687087033	0.5773087245854628	0.5181505836908179	0.181611803734801	0.1534017440061921	0.014134914474981	0.1802991150451125	0.0	0.6504783843063299	0.0699187998341497	0.3614443002676062	0.6287343931918137	0.0477051003126911	0.2223645885845516	0.5206989386212809	0.0234811010786058	0.5811071385660519	0.7361503127786959	0.6093292847349276	0.601406092017974	0.1894394736493965	0.618894934174984	0.4502874357894292
ENSMUSG00000078919;AF:2:168069422-168071731:168071996:168069422-168072113:168072248:-	AF	-0.4957309374026105	0.3597866850163426	0.0	0.0	0.1798191537908373	0.4569897470892339	0.0278460992813317	0.1117413768960385	0.0387264486960614	1.0	0.0251279153811369	0.4589824793413996	1.0	0.031362075384167	0.0	1.0	0.0336729121024338	0.4737676978023896	0.1549835155002298	0.5229390068768307	0.1961995202499094	0.0447144225437314	1.0	0.4656895022474782
ENSMUSG00000026511;SE:1:181952540-181956249:181956317-181958901:+	SE	-0.495894623420676	0.7754812650395325	0.8537677861021069	0.8911656355502614	0.8065200378536161	0.7568748845758106	0.3872122385335368	0.3751628754697636	0.4421074810371325	0.927839324182953	0.433690432996603	0.8294434423306836	0.7221764806927966	0.249798437645385	0.4843604200837124	0.9676548113216004	0.3386428080897204	0.9337043338275862	0.8947087685271242	0.8174653501222937	0.934445943206904	0.5009728094299118	0.9488201327034902	0.9067852738621816
ENSMUSG00000034858;AF:9:74860166:74860290-74860996:74860308:74860341-74860996:+	AF	-0.4963564444763974	0.7641395206591873	0.9999998967045686	0.6391910628689141	0.3779729120112465	0.7627934947089926	0.4074053693329904	0.2188176656393072	0.3388243787054956	1.0	0.2947284362395845	0.7101498356420016	0.6937763971641905	0.228295992711801	0.4564821377208699	1.0	0.2444915359258433	1.0	1.0	0.7150396765657211	1.0	0.5222623846942261	1.0	0.5629433346922137
ENSMUSG00000037608;A3:10:20197862-20198709:20197862-20198715:+	A3	-0.5010898835737412	1.0	1.0	1.0	0.9999999928202342	0.990715898913318	0.3291467778135177	0.4210890225550318	0.4346891783865746	0.9976167251349172	0.4242998301270933	0.8514842821449479	0.953526079549564	0.5346414840886409	0.5613661007351234	0.9946691499890954	0.4323219342204096	1.0	0.9927368601965632	0.9760922998530484	0.9825601035680144	0.4566371351025367	0.9795703707316804	0.9045333223155136
ENSMUSG00000070837;AF:7:6998382:6998547-6999267:6998668:6998711-6999267:+	AF	-0.5057299984560027	0.2356479063990729	0.6834826502640904	0.4507035172270144	0.0109477301152338	2.5998391446096505e-10	0.086625745932642	0.0	0.0	0.4200458367159494	0.1913702122643666	0.1563314801462741	0.3246542270623055	0.0473721499658576	0.0	0.5093287114764611	0.0	0.5251248388295199	0.5076343131601737	0.5317467258871666	0.6079205095667831	0.172339060290189	0.6879836157893262	0.7973408935379802
ENSMUSG00000064127;RI:X:12572538:12572684-12572771:12572931:-	RI	-0.5095412210273218	0.4730333412554229	0.5338183708434742	0.5696594268352767	0.4478043630381673	0.4405548857384387	0.2741698778610202	0.1212384598944646	0.2410965147306353	0.5094686712804987	0.039683669312459	0.4432688170730591	0.5527283468138238	0.0317081187147971	0.2587192417022633	0.5690998922694008	0.0335358231943369	0.4622874786435527	0.5728229508594628	0.5344543423088202	0.565898738602198	0.1294997334082557	0.4325937181800586	0.6112495275005028
ENSMUSG00000027012;AF:2:71042102:71042189-71044783:71042348:71042418-71044783:+	AF	-0.5138355960605996	0.8749180209016493	0.8833200864441626	0.7737155225830221	0.1567807469763132	5.906393956651823e-05	0.0925223904041572	0.5841520044133625	0.3235317909723345	0.6918842322819677	0.4159847577456727	0.2620814359234867	0.9157170600759528	0.4994215095134834	0.3781596613312185	0.8915800621642614	3.5839580664931414e-06	0.8287306352692688	0.8815954667667448	0.7523229721996325	0.9216048814035748	0.733026005628489	0.9690111428777636	0.965259326193823
ENSMUSG00000030512;AF:7:65708751:65708835-65711872:65710047:65710333-65711872:+	AF	-0.5157273604502199	1.0	1.0	0.9209710799289504	1.0	1.0	0.4323156628448473	0.7731798277776615	0.0	1.0	0.3166635747119328	1.0	0.9029892299112868	0.3778668500389063	0.8643433532461524	0.9815125466987636	0.1964255567350479	1.0	0.9760284814619516	0.8980138691299885	0.964533736187702	0.5256163533555317	1.0	0.9615084158354508
ENSMUSG00000028484;A3:4:83380710-83381832:83380411-83381832:-	A3	-0.5203717822957157	0.3613577335192375	0.8383152834714723	0.80387774398232	0.5188254858443412	0.5838054783396321	0.2030954995964908	0.3564818708136427	0.7320822201754927	0.6044349229137155	0.4254604753121074	0.7808236451869964	0.6904845577150308	0.4373825730241387	0.4625870740547163	1.0	0.2471510670353292	1.0	1.0	0.947056463810483	0.938217678585872	0.7372830773601478	1.0	0.9722044152566944
ENSMUSG00000028676;AL:4:135590887-135591040:135591180:135590887-135594437:135595693:+	AL	-0.5229179862849223	0.836430676668692	0.0	0.9717789025546816	1.0	0.770117409261826	0.380664543095961	0.2996358851514261	0.4559138154024091	0.6409978004118974	0.2711964709522781	0.8615129546133349	0.8084261368327498	0.1898725326985251	0.7898628962506408	0.4174410976959579	0.1559353420171779	0.6280576351284988	0.3983172798951566	0.8532215816914491	0.8175075434101906	0.1960563403729985	0.5077348854814989	0.5291569140247069
ENSMUSG00000038217;A5:11:75360727-75361226:75360444-75361226:+	A5	-0.5231965479325414	1.0	0.9686600669168904	1.0	0.685483213283331	0.8628037928519329	0.3996862495904366	0.563838612053657	0.3138034856388309	0.9384922106407722	0.4365999181774999	0.4684478659572059	0.8610432837230042	0.2944027474583284	0.5237081060355194	0.969715081445912	0.204642876666956	1.0	0.8920981369608137	0.8636228517505079	0.9096169225798606	0.4724997856050815	0.9751910724106236	0.9579872880332342
ENSMUSG00000062627;SE:4:94836396-94836566:94836671-94839163:-	SE	-0.5258204010412835	1.0	1.0	1.0	0.8034664263041079	1.0	0.4443328529407352	0.5179636382116404	0.4063592585771234	1.0	0.4561992857951806	0.901314396319736	1.0	0.4034780122628599	0.5320351290753046	1.0	0.4732119230902929	0.9825721038160752	1.0	0.9711783217888432	0.9829561417362644	0.4715666968486237	1.0	1.0
ENSMUSG00000096917;AF:8:57941044:57941227-57943374:57942643:57942816-57943374:+	AF	-0.5261639263530211	0.6166279322547461	0.6534245002063878	0.6051932331747556	0.6503097319311251	0.6205197488675196	0.319291540975974	0.2582915346154407	0.2652662894358623	0.6612876661051844	0.1667356326202633	0.5845329481128113	0.66811860545358	0.0484204353525881	0.5257509115836199	0.7128899212995881	0.1425324911114973	0.7190994202147445	0.7005690814859381	0.6843040456275487	0.680005050292496	0.3055262275775409	0.6994620482876314	0.688208097738249
ENSMUSG00000079658;AF:1:16718231-16727046:16727108:16718231-16727216:16727262:-	AF	-0.5331538564579792	1.0	1.0	0.9001775535837375	0.217848752775826	0.4142737941817546	0.0429380652480604	0.1508728630726453	0.2696081304043524	0.8162526360097977	0.1211994523809245	0.4388737817591802	0.5518217150225233	0.0485807300533923	0.1038830083773903	0.7644125356295721	0.0929814524138601	0.755578242104877	0.8073431867981782	0.7155299641581145	0.6764550316081578	0.3426398565608344	0.7252550556919068	0.6024432129639432
ENSMUSG00000044768;AF:1:97582414-97589280:97589401:97582414-97589556:97589799:-	AF	-0.5381438060592254	0.0	0.0	0.0	0.0	0.0	0.0	0.0	0.3306075645742882	0.3758517709771684	0.3242194108401233	0.0	0.6037645187145801	0.350083549089878	0.0	0.6003816076336236	0.0	0.6085467906282155	0.8205125733727867	0.4551774366039495	0.8235446207405477	0.559953433302643	0.9294701841046566	0.9443916081078256
ENSMUSG00000029110;AF:5:34493672:34493885-34499866:34494029:34494153-34499866:+	AF	-0.5401750002883544	0.7726694028526163	1.0	1.0	1.0	1.0	0.3215541550064519	0.2630796557349019	0.1931240710443357	1.0	0.1916019727576818	1.0	0.8775419582755356	0.6504335661756474	1.0	1.0	0.2452001999335246	0.7683174177318619	1.0	0.8940518738300453	1.0	0.2961431414239877	1.0	0.7394215636495921
ENSMUSG00000028483;MX:4:83372385-83373252:83373288-83384202:83372385-83378400:83378596-83384202:+	MX	-0.543350719804133	1.0	1.0	1.0	0.6098306234130803	0.0	0.2553285929435486	0.5473653314051924	0.633317166741142	1.0	0.3317385620438355	0.4071973764820354	1.0	0.0	0.8100961956184447	1.0	0.4722067714079896	1.0	1.0	0.8223464822815706	0.7947286538752293	0.8246422907067906	1.0	0.9076384079167492
ENSMUSG00000074129;MX:7:44775661-44775902:44775961-44776415:44775661-44776166:44776218-44776415:-	MX	-0.5467114174358936	1.0	1.0	1.0	1.0	1.0	0.9376647488796132	0.330139104207765	0.9998166118816784	1.0	0.3267854099628604	1.0	1.0	0.6091012375354453	0.8456842765364624	1.0	0.5471285785503551	1.0	1.0	1.0	1.0	0.2785325447352415	1.0	1.0
ENSMUSG00000035227;SE:7:99498266-99512028:99512201-99512435:-	SE	-0.5484474660575918	0.5199449848456084	1.0	0.9973085397013348	0.0641182271500635	0.191370867515232	0.0721914325561874	0.2855813143629302	0.3800866351244585	1.0	0.2160681842248104	0.1673115564894752	1.0	0.037184153845627	0.1786480888481451	0.316877917630161	0.0248798971488441	0.1634327256860895	0.1233859894263635	1.0	0.4169306261346459	0.1707542643810084	0.1773166604762494	0.3405727876779328
ENSMUSG00000029836;AF:6:51447675:51447714-51448796:51447726:51447864-51448796:+	AF	-0.5523603499750626	1.0	1.0	1.0	0.9482991168543043	1.0	0.0074595810708671	0.7493221537310074	0.0144619941870297	1.0	0.918370250183591	1.0	1.0	0.1072360381243996	0.9745785994088096	1.0	0.0018226576720063	1.0	1.0	0.9861924996112544	1.0	0.9788396731665212	1.0	1.0
ENSMUSG00000029068;RI:4:155902996:155903121-155904786:155904885:+	RI	-0.5544625912041629	0.5343802789482608	0.7637550519500235	0.6468281285569986	0.2822938969081658	0.1649905774973263	0.1850796947954115	0.1801228101781178	0.1655452340398888	0.7783047439575324	0.1223903831622078	0.4646972444071504	0.6803021560478908	0.1035410703277082	0.1718977562952487	0.9994659573013815	0.1337381916329284	1.0	0.7460210264291088	0.7761630796304259	0.7019029215036758	0.1602288568032018	0.850362633446114	0.5992746629356215
ENSMUSG00000020530;AF:11:84760898-84761289:84761317:84760898-84761464:84761472:-	AF	-0.5552619623489138	0.7055312912773938	0.0	0.5684729259811226	0.1576166207926904	0.0	0.073347656565263	0.0	0.6057295315784206	0.0	0.0	0.0	0.7021297325736604	0.0	6.98872325174644e-07	0.8138618855635958	0.0	0.0	0.0	0.2211284448695205	0.5127423115000159	0.0	0.9163177311341864	0.7850473604524582
ENSMUSG00000021831;AF:14:45544088-45544349:45544708:45544088-45556160:45556228:-	AF	-0.5684991098804891	0.5878129774562689	0.9605870300225522	1.0	1.0	1.0	0.4656000746303466	0.4911588873425742	0.4848863779958721	0.9933761765784456	0.1952496432567173	1.0	1.0	0.3123332931802928	0.5194725174207728	0.8714239927533183	0.5808206179458126	1.0	1.0	1.0	1.0	0.0807282104430349	0.4538259286725545	0.8535588812473532
ENSMUSG00000028693;SE:4:116469278-116471527:116471607-116476067:-	SE	-0.5693680047379371	1.0	1.0	1.0	0.3762161437685802	0.272931776308643	0.2455723034468349	0.2781809700039879	0.3202564612506988	0.9081888468262264	0.3988981617391974	0.3725187276672973	0.706239280071748	0.2699166550263072	0.2830565829242155	1.0	0.2398554079043741	0.9992253755262946	1.0	0.7635397393366861	1.0	0.2971465371482416	1.0	0.9945441942171812
ENSMUSG00000027361;AF:2:126505008-126517276:126517464:126505008-126517954:126518257:-	AF	-0.5895956929644892	0.123519293755177	0.6043712495827478	0.3083853504250619	0.401513444008853	0.0	0.0594785249044352	0.0	0.0481321981583823	0.8360919184763144	0.0	8.518232479973935e-07	0.4666748259180768	0.0	0.0221410242943533	0.810323023643674	0.0	0.8832825136478141	0.7021247174577848	0.3863250724916244	0.8202933270056526	0.0150101198372984	0.8934875642321365	0.685089546442603
ENSMUSG00000021831;AF:14:45544088-45555834:45556029:45544088-45556160:45556228:-	AF	-0.5922298863153737	0.3784076081206578	0.6431045037847148	1.0	1.0	1.0	0.5931794493680537	0.4033860339007398	0.5378854615146627	0.9652989690236622	0.2535511532811941	1.0	1.0	0.1998451524197437	0.581496859068868	0.4270806624594372	0.4656416276428781	1.0	1.0	1.0	1.0	0.4692645015145136	0.520063032677467	0.6913435125060503
ENSMUSG00000096917;AF:8:57940551:57940950-57943374:57941121:57941227-57943374:+	AF	-0.5996178979408786	1.0	1.0	1.0	0.0	0.0	0.0	0.4407422865816034	0.0	0.834601775581834	0.3536474624154979	0.0	0.4595086678216846	0.0	0.1799833027425401	0.74796275312595	0.1023839632804084	1.0	0.958359419190351	0.8357366362193392	1.0	0.0	1.0	1.0
ENSMUSG00000053453;AF:14:8508557:8508578-8515107:8512132:8512303-8515107:+	AF	-0.6072993081257017	0.6711984985312437	0.5250611940601366	0.9075581359816652	0.3961400031587796	0.0	0.0	0.0	0.0	1.0	1.0	1.0	0.8436509318452554	0.0001765654507852	0.0	1.0	0.0	0.8269719439521037	0.7525819010484965	0.7733830956814529	0.8125406817295738	0.1458581357855021	1.0	0.9997990886973096
ENSMUSG00000062797;SE:7:89572923-89584935:89585172-89590177:-	SE	-0.6161183425442911	0.8287801641837736	1.0	1.0	1.0	1.0	0.3705452681049381	0.3277264912893523	0.5656285268426327	0.902809370605415	0.2358179125388076	0.8431650113525375	0.82377017333135	0.157535832226875	0.8255533778287324	0.8609075432198995	0.2027982416454525	0.9056907163342248	0.6794222142121669	0.9447606587880372	0.9378008288543642	0.352867979602828	0.7261845199847784	0.6820201869038999
ENSMUSG00000096917;AF:8:57941084:57941102-57943374:57941121:57941227-57943374:+	AF	-0.6167271184091238	1.0	1.0	1.0	0.8868180631470078	0.7186859580138023	0.6494352191519008	0.0	0.5556029498857836	0.935112851465072	0.6399696713304148	0.0	0.8110584747337833	0.0	0.8745621067091661	0.8965878657080362	0.6561032036451958	1.0	0.9764865666634126	0.9519228738783224	1.0	0.7027290215715384	1.0	1.0
ENSMUSG00000096917;AF:8:57940551:57940950-57943374:57941071:57941227-57943374:+	AF	-0.6273752573272388	0.999999935981299	1.0	0.2826845065468863	0.0	0.0	0.0	0.0428747752179844	0.0	0.94938679682682	0.287149153708771	0.0	0.2136387807986764	0.0	0.0310679391562577	1.0	0.0172439342810247	0.4671353556791569	0.3627699824326771	1.0	0.6431301117180588	0.0	0.5817503994319191	1.0
ENSMUSG00000029920;A5:6:65019945-65020190:65019714-65020190:+	A5	-0.6386326162752416	0.9070850685098526	0.8414255921592225	0.905909757523874	0.7239507645251724	0.7852194694379606	0.3307879488283327	0.2538824985856702	0.330296268143322	0.8653597755644701	0.122150843186637	0.9213219899792312	0.9111752158450486	0.1955526121071321	0.6387728880858482	0.821025148723289	0.1559084581171158	0.7813094029501486	0.8526090848064445	0.7919471008086221	0.8796246636906253	0.1712973479229068	0.7608843650921382	0.6992778967532258
ENSMUSG00000117727;SE:18:35188833-35193165:35193209-35220525:-	SE	-0.6418265788733832	1.0	1.0	1.0	1.0	0.842167121465817	1.0	0.6507159630185856	0.3590889034857418	1.0	0.3684865737304122	1.0	1.0	0.0	0.6230039813854843	1.0	0.413491147757469	1.0	1.0	1.0	1.0	0.7242246924504463	1.0	1.0
ENSMUSG00000026659;AF:1:170708597-170712477:170712573:170708597-170712636:170712768:-	AF	-0.6530930035796729	0.2261178124133926	0.3317878421556344	0.1757118235091347	0.4257035801219813	0.0	0.0873336712377297	0.3395495906048291	0.0	0.3469150937670692	0.0	1.0	0.3801987715247655	0.1953488841823396	0.7068834628045628	1.0	0.0	0.9999996222154764	0.8658628525034401	0.8810545978625391	0.8860171197185558	1.0	0.8065983754943427	1.0
ENSMUSG00000034300;AF:18:34891959:34892197-34895548:34892626:34892650-34895548:+	AF	-0.666118265107837	0.4720845817008527	0.1527439594270569	0.0401152844379568	0.2171612825578946	0.0	0.1963250072582579	0.0793895533876751	0.9859546556251872	0.9999999259885368	0.2931753559730964	0.1686958834187688	0.9075705761512156	0.2040373257385882	0.0589517776302135	1.0	0.2869323730409442	1.0	1.0	0.9998620693624496	0.6205750230579866	0.4800004938149675	0.898434692643078	1.0
ENSMUSG00000070677;AF:5:95604665:95604760-95629445:95621412:95621491-95629445:+	AF	-0.669922050360486	0.8701659536514221	0.9350862556704144	0.7272505571057715	0.9999998590581088	1.0	0.0183594622959974	0.0840367859138339	1.0126465920643524e-05	0.789694902173425	0.171239754861533	0.4242996623779542	0.4338559558241957	4.664356882301346e-10	0.1411607917574185	0.9007705581975196	1.9167132380283085e-07	0.8276559505180218	1.0	0.5911728235707363	0.9099361549601388	1.074251778537693e-07	0.927468237046739	1.0
ENSMUSG00000024425;AF:18:38543449:38543539-38575970:38552037:38552229-38575970:+	AF	-0.6918467211624623	0.9481788229595356	1.0	1.0	0.8333303595166001	1.0	0.2626450702264548	3.74854885446807e-05	0.5603423425367693	1.0	0.4709870648493793	0.924420462431786	0.9127746755003472	0.0364207834995622	0.9491212949815744	0.0	0.0	1.0	0.7354887187431175	1.0	0.9308037539528168	0.6150249907634704	1.0	0.4312537890341713
ENSMUSG00000025290;AF:14:24540798:24540826-24541818:24540835:24541092-24541818:+	AF	-0.6941987315759977	1.0	1.0	1.0	0.7414565455004765	0.9017022136148368	0.6917039013619848	0.2941724470424587	0.4843186011069222	1.0	0.1845578897840168	0.942974702725736	0.8981747409317934	0.2914570188749567	0.685228058958416	1.0	0.1953002339791669	0.9894533563158444	1.0	0.9549276302910628	0.9960268193902976	0.17426583092911	0.9910506460984566	0.8931533253714357
ENSMUSG00000051391;AL:5:135937263:135940505-135963177:135959615:135959803-135963177:-	AL	-0.6960864658661166	0.8295460033160378	1.0	1.0	0.6967561208215256	0.3742664706118964	0.2102158976384387	0.2854337385562059	0.2506765537332093	1.0	0.173962679265225	0.8544012880477554	0.8034151463992185	0.2739425856168241	0.3412728993113136	0.9120656342045638	0.1189847068880268	0.978930979321072	0.9532013103211784	0.9233293953372465	0.9699586070358214	0.0915082878990122	0.9542299168612094	0.9399664250184616
ENSMUSG00000033964;AF:1:139350026:139350064-139350772:139350120:139350161-139350772:+	AF	-0.7018398112327018	0.691305280675751	0.7704306703306694	0.8238505003147388	0.7275944843430153	0.6742996715967343	0.6611768730009134	0.0	0.6403084828075317	0.7452607941702841	0.4064778131464645	0.7731795316014082	0.7789289633586267	0.0222349195608255	0.5415350813190565	0.8460458390625681	0.1685470426436405	0.7908440670433347	0.8805326645806999	0.7596748166710454	0.9136226377955832	0.3662546165176401	0.8181630195791016	0.952392602456482
ENSMUSG00000020115;A5:10:121407929-121412179:121407929-121412183:-	A5	-0.7122501889100328	0.0010766286609933	0.8588812921939072	0.0003889015675322	0.0004723384818021	0.9999611778556052	0.000438012481141	0.0004675191948209	1.0	0.999788256273092	0.0005906050195284	1.0	0.0006055960083599	0.000677820131622	0.9999999990508878	1.0	0.0007244671897214	0.0005878487056799	0.906524693362454	0.8515628347301575	0.9992927364373068	0.9996255780838232	0.4625034087810198	1.0
ENSMUSG00000100969;AL:19:3195946:3196265-3203931:3203208:3203401-3203931:-	AL	-0.7272289979421752	0.9217646124452772	0.909337165070998	0.0	0.156504259687725	0.0807124320679802	0.0	0.0	0.2151875536352118	0.8992684348136281	0.0649910899563618	0.0979473426224434	0.6274120102646377	0.0527410257818232	0.1350396850492325	0.8889413559314873	0.1532205219697637	0.9230845657721072	0.866456695663182	0.7529285497075325	0.9147589712387978	0.1777364106073133	0.9348765623755652	0.8847690982656811
ENSMUSG00000100969;AL:19:3195946:3196265-3203931:3199813:3200006-3203931:-	AL	-0.7272289979421752	0.9217646124452772	0.909337165070998	0.0	0.156504259687725	0.0807124320679802	0.0	0.0	0.2151875536352118	0.8992684348136281	0.0649910899563618	0.0979473426224434	0.6274120102646377	0.0527410257818232	0.1350396850492325	0.8889413559314873	0.1532205219697637	0.9230845657721072	0.866456695663182	0.7529285497075325	0.9147589712387978	0.1777364106073133	0.9348765623755652	0.8847690982656811
ENSMUSG00000063480;AL:15:81925679:81926398-81931688:81927251:81928218-81931688:-	AL	-0.7309677952390334	0.9824547022952552	1.0	0.9968274687978712	0.9879585541397964	0.942987732595298	0.0	0.6876054427859937	0.0	0.9929196106776348	0.3004435268069982	0.9168630953657588	0.9934185629039474	0.0382512257107576	0.0018842592965142	0.993416768075544	0.0	0.995134844919776	0.9981766988823552	0.9718248570097264	0.9983270985081786	0.0	0.9975601880267532	0.986600857838031
ENSMUSG00000001089;AL:4:136272713-136273308:136273705:136272713-136281815:136282091:+	AL	-0.78536114074464	1.0	0.7683576193435429	0.965643589027488	0.5104234994635123	0.0	0.1529419450310519	0.0	0.5746386955326723	0.9611930686336472	0.0	0.8141451785680753	0.8545604105439433	0.3453684787077521	0.0	0.8025234200589909	0.0	0.7656116552843901	1.0	0.7052740434332988	0.9600217979733114	0.0	0.9713820838753028	0.9669567897357588
ENSMUSG00000021417;A3:13:35177213-35177997:35177203-35177997:-	A3	-0.7979191472194862	0.0	0.0	0.0	0.9999999531106052	0.0	0.0	0.0	1.0	0.0	0.0	0.0556817959476204	0.9653396605837042	0.0	0.0	0.0	0.0	0.0	0.0	0.592895276949289	0.9999887566775804	0.0	0.5381874728654885	0.6334528946673712
ENSMUSG00000037514;A5:2:131116183-131129394:131116040-131129394:+	A5	-0.8217859445358984	1.0	0.0	0.9999995977228092	0.0	0.0	0.0	0.0	0.0	0.0	0.0	0.0	0.662450696361169	0.0	0.0	1.0	0.0	0.0	0.0	0.6246930817824243	1.0	0.2363054626989288	0.5132178059704818	1.0
ENSMUSG00000049606;AF:5:106814711-106815382:106815483:106814711-106843664:106843841:-	AF	-0.9528610093416404	0.7654036743103602	1.0	0.6582528902255544	0.0	0.0	0.0	0.0	0.5968193733425271	0.8665833385044073	0.0	0.0	1.0	0.0	0.251362091991443	1.0	0.0	1.0	1.0	0.9999998079904332	0.8114442293761291	0.1501264902632871	1.0	1.0
ENSMUSG00000049606;AF:5:106814711-106815382:106815483:106814711-106844398:106844463:-	AF	-1.0	1.0	1.0	1.0	0.0	0.0	0.0	0.0	0.9975209033665412	1.0	0.0	0.0	1.0	0.0	0.1026250404382713	1.0	0.0	1.0	1.0	1.0	1.0	0.0382448888911038	0.9676348949226098	1.0
