event	event_type	arm	dPSI_oriented
ENSMUSG00000000028;SE:16:18626173-18627482:18627619-18629139:-	SE	control	0.2007177980401696
ENSMUSG00000000399;A3:6:126821992-126826027:126821924-126826027:-	A3	control	0.15702839195452223
ENSMUSG00000000441;RI:6:115597170:115597288-115598777:115598823:-	RI	control	0.40862770195812026
ENSMUSG00000000441;SE:6:115603927-115608176:115608329-115609858:-	SE	control	0.40862770195812026
ENSMUSG00000000568;AF:5:100115246-100124393:100124410:100115246-100126251:100126776:-	AF	control	0.34129789726610205
ENSMUSG00000000568;AF:5:100115246-100124393:100124410:100115246-100126251:100126794:-	AF	control	0.29767711142050945
ENSMUSG00000000568;SE:5:100109192-100109957:100110063-100110374:-	SE	control	0.24068328612625461
ENSMUSG00000000568;SE:5:100109192-100109993:100110063-100110374:-	SE	control	0.164255430932277
ENSMUSG00000000568;SE:5:100110471-100111590:100111736-100111843:-	SE	control	0.24431840811748695
ENSMUSG00000000827;SE:2:181143846-181144669:181144728-181149959:+	SE	control	0.276063265210764
ENSMUSG00000000827;SE:2:181150060-181152297:181152323-181153367:+	SE	control	0.3821509684004991
ENSMUSG00000001089;AL:4:136272713-136273308:136273705:136272713-136281815:136282091:+	AL	control	0.78536114074464
ENSMUSG00000001289;AF:15:102234624:102234695-102236957:102234818:102234970-102236957:+	AF	control	0.7245357792710676
ENSMUSG00000001289;SE:15:102234695-102234868:102234970-102236957:+	SE	control	0.270728112060453
ENSMUSG00000001289;SE:15:102234970-102235253:102235284-102236957:+	SE	control	0.174010110963167
ENSMUSG00000003779;AF:18:34757666:34757905-34758511:34758060:34758113-34758511:+	AF	control	0.33620777029588406
ENSMUSG00000003779;RI:18:34761438:34761475-34761558:34761632:+	RI	control	0.26102680812056606
ENSMUSG00000003779;RI:18:34761728:34761839-34761938:34762006:+	RI	control	0.2610268081205661
ENSMUSG00000004359;AF:10:88516436-88518837:88518885:88516436-88520828:88520877:-	AF	control	0.1748289372383658
ENSMUSG00000004359;SE:10:88511932-88512735:88512827-88513362:-	SE	control	0.2174803779370908
ENSMUSG00000004642;AL:5:33792296:33792519-33799245:33797399:33798272-33799245:-	AL	control	0.15708502896166338
ENSMUSG00000004642;SE:5:33802981-33803354:33803413-33807087:-	SE	control	0.2687134601328763
ENSMUSG00000004980;SE:6:51444275-51444371:51444406-51446651:-	SE	control	0.2841432468700581
ENSMUSG00000005204;AF:11:69571676-69572489:69572672:69571676-69572815:69572910:-	AF	control	0.45954279810664184
ENSMUSG00000005370;AF:17:88282490:88282833-88287619:88287131:88287225-88287619:+	AF	control	0.38331138343131466
ENSMUSG00000005672;A5:5:75799818-75801153:75799806-75801153:+	A5	control	0.23650553237191196
ENSMUSG00000006398;A5:4:118292073-118292670:118292073-118292974:-	A5	control	0.4065378218220815
ENSMUSG00000006398;SE:4:118292073-118292670:118292898-118292974:-	SE	control	0.16743702632435198
ENSMUSG00000006418;SE:2:167345521-167348967:167349117-167352796:+	SE	control	0.2903602603843592
ENSMUSG00000006818;A5:17:13227320-13229407:13227273-13229407:+	A5	control	0.14945137079744786
ENSMUSG00000007656;A5:9:74945005-74945189:74945001-74945189:+	A5	control	0.550034186353345
ENSMUSG00000007656;AF:9:74945000:74945243-74959515:74959259:74959285-74959515:+	AF	control	0.8112413651898455
ENSMUSG00000008859;AF:13:18071687-18118324:18118534:18071687-18118602:18118824:-	AF	control	0.17728508358924372
ENSMUSG00000010592;AF:17:50596266-50599849:50599920:50596266-50600435:50600664:-	AF	control	0.323539122499398
ENSMUSG00000010607;AF:9:22068142:22068209-22069028:22068242:22068323-22069028:+	AF	control	0.1358917514686694
ENSMUSG00000011257;SE:4:123189114-123189543:123189629-123189723:+	SE	control	0.39239970975513017
ENSMUSG00000011960;SE:15:98444475-98444626:98444789-98446547:-	SE	control	0.3107673924978597
ENSMUSG00000012405;A5:14:4198851-4199236:4198737-4199236:+	A5	control	0.4792228944309697
ENSMUSG00000012405;A5:14:4198873-4199236:4198737-4199236:+	A5	control	0.4777046150018543
ENSMUSG00000014226;A5:1:160034279-160035949:160034279-160035958:-	A5	control	0.15038876169754178
ENSMUSG00000014633;SE:8:117620898-117623079:117623253-117637867:-	SE	control	0.40682353180025416
ENSMUSG00000014769;AF:17:15714785-15718415:15718560:15714785-15719495:15720013:-	AF	control	0.17965315188891628
ENSMUSG00000015357;SE:9:65217593-65219380:65219421-65223926:+	SE	control	0.22580775095830352
ENSMUSG00000015575;AF:17:26895131:26895288-26901652:26895386:26895552-26901652:+	AF	control	0.4186542807452435
ENSMUSG00000015697;A3:3:95247376-95247473:95247373-95247473:-	A3	control	0.43271389119947223
ENSMUSG00000015869;SE:11:116368941-116369351:116369466-116370478:-	SE	control	0.24963049429610418
ENSMUSG00000016559;RI:11:115914451:115914604-115914708:115914845:-	RI	control	0.3714653703859675
ENSMUSG00000016619;SE:15:84807851-84808970:84809097-84811569:+	SE	control	0.19223710493733015
ENSMUSG00000017404;AF:11:97917536:97917588-97918649:97917750:97917816-97918649:+	AF	control	0.15200663531239267
ENSMUSG00000017715;A3:11:117896717-117905400:117896717-117905473:+	A3	control	0.1786242269281343
ENSMUSG00000018363;SE:11:106747090-106750538:106750622-106755538:-	SE	control	0.2888634662901899
ENSMUSG00000018363;SE:11:106759494-106759823:106759934-106762328:-	SE	control	0.28886346629018983
ENSMUSG00000018363;SE:11:106762436-106766727:106766765-106811007:-	SE	control	0.28310132880124494
ENSMUSG00000018379;A3:11:87940041-87940238:87940041-87940803:+	A3	control	0.3363992891072147
ENSMUSG00000018379;SE:11:87940041-87940238:87940424-87940803:+	SE	control	0.3071192105620285
ENSMUSG00000018648;AF:11:83941746-83957811:83957906:83941746-83959307:83959405:-	AF	control	0.22850657154501616
ENSMUSG00000018648;AF:11:83941746-83959096:83959183:83941746-83959307:83959405:-	AF	control	0.17925704686488664
ENSMUSG00000018666;SE:11:96693648-96697442:96697590-96699010:+	SE	control	0.4438138157318548
ENSMUSG00000019179;MX:5:135807655-135812159:135812327-135814783:135807655-135813038:135813121-135814783:+	MX	control	0.2485832833847969
ENSMUSG00000019179;SE:5:135812327-135813038:135813121-135814783:+	SE	control	0.20019922592917794
ENSMUSG00000019710;A5:3:87827012-87829124:87826958-87829124:+	A5	control	0.32974268412265806
ENSMUSG00000019792;SE:10:30442502-30463435:30463591-30466021:-	SE	control	0.20916266365432545
ENSMUSG00000019792;SE:10:30466931-30467017:30467098-30470111:-	SE	control	0.2289352112934543
ENSMUSG00000019804;SE:10:42378488-42401950:42402045-42409145:+	SE	control	0.195689291515053
ENSMUSG00000019818;AF:10:41395497:41395696-41397914:41395888:41395946-41397914:+	AF	control	0.6652734769213537
ENSMUSG00000019837;A5:10:40133289-40133562:40133289-40133575:-	A5	control	0.4112687558757576
ENSMUSG00000019843;MX:10:39402926-39405433:39405597-39408012:39402926-39405915:39406070-39408012:+	MX	control	0.4503649954797991
ENSMUSG00000019843;SE:10:39402926-39405433:39405597-39408012:+	SE	control	0.4019545332685125
ENSMUSG00000019942;AF:10:69185988-69186594:69186660:69185988-69188666:69188740:-	AF	control	0.31426347351656025
ENSMUSG00000020079;A5:10:62277025-62279158:62277025-62279174:-	A5	control	0.3580414052623661
ENSMUSG00000020107;AF:10:59832436-59838240:59838591:59832436-59838778:59838957:-	AF	control	0.22964586365380246
ENSMUSG00000020107;SE:10:59826729-59832270:59832436-59838240:-	SE	control	0.2282863247155591
ENSMUSG00000020107;SE:10:59826729-59832270:59832436-59838778:-	SE	control	0.47828766749610896
ENSMUSG00000020115;A5:10:121407929-121412179:121407929-121412183:-	A5	control	0.7122501889100328
ENSMUSG00000020288;AF:11:23446881-23447502:23447538:23446881-23447775:23448030:-	AF	control	0.5116285617711611
ENSMUSG00000020358;A3:11:51492717-51493420:51492305-51493420:-	A3	control	0.36538056641235844
ENSMUSG00000020358;SE:11:51492305-51492577:51492717-51493420:-	SE	control	0.2364494405306315
ENSMUSG00000020530;AF:11:84760898-84761289:84761317:84760898-84761464:84761472:-	AF	control	0.5552619623489138
ENSMUSG00000020561;SE:12:33479907-33483504:33483645-33486935:+	SE	control	0.2374034132713827
ENSMUSG00000020687;A3:11:104417010-104417689:104416992-104417689:-	A3	control	0.18498804933124408
ENSMUSG00000020687;SE:11:104411662-104412207:104412414-104413549:-	SE	control	0.2086299582132033
ENSMUSG00000020737;AF:11:115394000-115404853:115404974:115394000-115405046:115405197:-	AF	control	0.41675900776057523
ENSMUSG00000020737;AF:11:115394000-115404853:115404974:115394000-115405046:115405213:-	AF	control	0.3356390414503405
ENSMUSG00000020738;SE:11:115425509-115425896:115425971-115426605:-	SE	control	0.3715717526237311
ENSMUSG00000020952;A3:12:51489366-51491578:51489366-51491767:+	A3	control	0.3646428932635435
ENSMUSG00000020961;AF:12:91710652-91737365:91737944:91710652-91745773:91745911:-	AF	control	0.3744855006278167
ENSMUSG00000020961;AF:12:91710652-91745773:91745911:91710652-91752901:91753210:-	AF	control	0.3943659670997435
ENSMUSG00000020961;AL:12:91680856:91680898-91707245:91701828:91702242-91707245:-	AL	control	0.3744855006278166
ENSMUSG00000021018;AF:16:20536415:20536744-20537574:20536856:20536916-20537574:+	AF	control	0.2370017947639359
ENSMUSG00000021018;AF:16:20536580:20536744-20537574:20536922:20537419-20537574:+	AF	control	0.502041732761731
ENSMUSG00000021192;SE:12:102460118-102461959:102462022-102463706:+	SE	control	0.2727124529631071
ENSMUSG00000021243;AF:12:85017671:85017739-85017989:85017755:85017817-85017989:+	AF	control	0.17190034190191894
ENSMUSG00000021270;A3:12:110662214-110662686:110662114-110662686:-	A3	control	0.3982622697336381
ENSMUSG00000021270;AF:12:110662114-110662686:110662829:110662114-110669057:110669162:-	AF	control	0.34257918996946535
ENSMUSG00000021282;AF:12:111504631:111504673-111505842:111505216:111505381-111505842:+	AF	control	0.308636854593314
ENSMUSG00000021376;AF:13:47195055-47196580:47196600:47195055-47198037:47198213:-	AF	control	0.3882234386120542
ENSMUSG00000021376;AL:13:47178655:47178848-47180728:47178927:47178953-47180728:-	AL	control	0.3902283803852394
ENSMUSG00000021377;SE:13:47242091-47251631:47251819-47252819:-	SE	control	0.18209573007777802
ENSMUSG00000021417;A3:13:35177213-35177997:35177203-35177997:-	A3	control	0.7979191472194862
ENSMUSG00000021687;A5:13:94389578-94421728:94389578-94422074:-	A5	control	0.3133888321801276
ENSMUSG00000021771;AF:14:21875306:21875416-21881919:21881337:21881735-21881919:+	AF	control	0.19709678047392976
ENSMUSG00000021831;AF:14:45544088-45544349:45544708:45544088-45556160:45556228:-	AF	control	0.5684991098804891
ENSMUSG00000021831;AF:14:45544088-45555834:45556029:45544088-45556160:45556228:-	AF	control	0.5922298863153737
ENSMUSG00000021963;AF:14:58035883:58036054-58038951:58036089:58036221-58038951:+	AF	control	0.2967837642048814
ENSMUSG00000021969;SE:14:58084519-58087602:58087637-58094067:-	SE	control	0.3921512182958188
ENSMUSG00000021981;AL:14:59776654-59784435:59786352:59776654-59822953:59823213:+	AL	control	0.3951158566059933
ENSMUSG00000022024;SE:14:79857239-79859544:79859651-79862281:+	SE	control	0.1232072496398686
ENSMUSG00000022034;A3:14:66069243-66070113:66069015-66070113:-	A3	control	0.1278335387605879
ENSMUSG00000022200;SE:15:12343237-12343359:12343407-12349454:+	SE	control	0.41091070066407376
ENSMUSG00000022257;SE:15:34238568-34258827:34258938-34272490:+	SE	control	0.36858264155146103
ENSMUSG00000022285;SE:15:36791232-36793723:36793919-36794389:-	SE	control	0.3138680089120638
ENSMUSG00000022292;AF:15:37947095-37953843:37955382:37947095-37961088:37961135:-	AF	control	0.4889741824655115
ENSMUSG00000022292;SE:15:37947095-37953843:37953998-37961088:-	SE	control	0.32076457040934214
ENSMUSG00000022299;A3:15:38961637-38963268:38961592-38963268:-	A3	control	0.3554692328612997
ENSMUSG00000022370;SE:15:55406780-55411538:55411631-55418716:-	SE	control	0.13434108602686562
ENSMUSG00000022433;AF:15:79323059-79325421:79326018:79323059-79326128:79326203:-	AF	control	0.5787361542932864
ENSMUSG00000022433;AF:15:79323059-79325421:79326018:79323059-79339691:79339767:-	AF	control	0.6109728376974466
ENSMUSG00000022533;A5:16:30151204-30152542:30151204-30152577:-	A5	control	0.3505023606881656
ENSMUSG00000022533;SE:16:30134719-30140624:30140713-30141690:-	SE	control	0.13736148694023148
ENSMUSG00000022706;A3:16:18694186-18695221:18694157-18695221:-	A3	control	0.24543663683366224
ENSMUSG00000022774;A3:16:31775247-31775653:31775247-31775757:+	A3	control	0.37884125043370176
ENSMUSG00000022774;AL:16:31775247-31775757:31777290:31775247-31780469:31780599:+	AL	control	0.1207023060384016
ENSMUSG00000022812;SE:16:38028452-38037475:38037513-38040334:+	SE	control	0.3805234824194076
ENSMUSG00000022940;AL:16:94159622:94160033-94166214:94165306:94165646-94166214:-	AL	control	0.6343630447890789
ENSMUSG00000022940;AL:16:94159622:94160033-94166214:94165494:94165646-94166214:-	AL	control	0.5794836758040032
ENSMUSG00000022948;AF:16:93383205-93383313:93383497:93383205-93384707:93385959:-	AF	control	0.32115899226329114
ENSMUSG00000022948;RI:16:93382067:93382190-93383125:93383205:-	RI	control	0.5318969717938623
ENSMUSG00000023852;A5:17:15951301-15952116:15951279-15952116:+	A5	control	0.1990848146547607
ENSMUSG00000023940;A5:17:53995148-53996208:53995148-53996239:-	A5	control	0.12525264976715947
ENSMUSG00000024091;SE:17:65889748-65894039:65894161-65899286:-	SE	control	0.17660117007188275
ENSMUSG00000024146;A5:17:87333103-87335127:87333081-87335127:+	A5	control	0.12821876990132974
ENSMUSG00000024240;AF:18:6462991-6490463:6490856:6462991-6515865:6516108:-	AF	control	0.44165117801377607
ENSMUSG00000024425;AF:18:38543449:38543539-38575970:38552037:38552229-38575970:+	AF	control	0.6918467211624623
ENSMUSG00000024446;A5:17:36568416-36568498:36568416-36568675:-	A5	control	0.28968758583335075
ENSMUSG00000024446;SE:17:36568416-36568498:36568598-36568675:-	SE	control	0.27558336568960984
ENSMUSG00000024576;AL:18:61713522-61715107:61715187:61713522-61720497:61720602:+	AL	control	0.38572316191837447
ENSMUSG00000024576;AL:18:61713558-61715107:61715189:61713558-61720497:61721375:+	AL	control	0.32343853815578266
ENSMUSG00000024667;AF:19:10532528-10533063:10533115:10532528-10533479:10533602:-	AF	control	0.36052858348423145
ENSMUSG00000024667;AF:19:10532528-10533077:10533120:10532528-10533479:10533602:-	AF	control	0.5074270798346985
ENSMUSG00000024712;AF:19:17371407:17371756-17372562:17371932:17371983-17372562:+	AF	control	0.13140993102283655
ENSMUSG00000024750;AF:19:21250051:21250106-21253790:21250610:21250706-21253790:+	AF	control	0.2178446820249265
ENSMUSG00000024750;SE:19:21254453-21255019:21255122-21256989:+	SE	control	0.1977212189389076
ENSMUSG00000024789;AF:19:29229228:29229518-29239583:29229841:29229919-29239583:+	AF	control	0.16472266645214906
ENSMUSG00000024805;AF:19:36356468:36356559-36389356:36387148:36387309-36389356:+	AF	control	0.37503855003744646
ENSMUSG00000024844;SE:19:5415186-5415846:5415984-5416596:-	SE	control	0.40520293839431887
ENSMUSG00000024856;A5:19:4147917-4148005:4147907-4148005:+	A5	control	0.19673368151552806
ENSMUSG00000024986;AF:19:37423258:37423681-37425637:37425187:37425302-37425637:+	AF	control	0.22858417335472445
ENSMUSG00000025283;SE:X:153997130-153998117:153998226-153998597:-	SE	control	0.1986712664532861
ENSMUSG00000025290;AF:14:24540798:24540826-24541818:24540835:24541092-24541818:+	AF	control	0.6941987315759977
ENSMUSG00000025290;SE:14:24543561-24544120:24544137-24545498:+	SE	control	0.28832588434641665
ENSMUSG00000025290;SE:14:24543561-24545498:24545517-24545843:+	SE	control	0.3458008006929217
ENSMUSG00000025545;AF:14:122419116:122419193-122548656:122495453:122495665-122548656:+	AF	control	0.3668510751155447
ENSMUSG00000025795;AF:10:121253097-121297815:121298118:121253097-121311908:121312252:-	AF	control	0.3238550350577317
ENSMUSG00000025817;SE:2:5850196-5852919:5853001-5859627:+	SE	control	0.36305613843899764
ENSMUSG00000026018;A3:1:60067405-60082229:60067395-60082229:-	A3	control	0.38021008611613777
ENSMUSG00000026245;A3:1:78456748-78458945:78456650-78458945:-	A3	control	0.24278804912494145
ENSMUSG00000026353;AF:1:128171701:128171857-128179940:128171899:128172289-128179940:+	AF	control	0.1742746969996566
ENSMUSG00000026511;SE:1:181952540-181956249:181956317-181958901:+	SE	control	0.495894623420676
ENSMUSG00000026558;SE:1:167057559-167062261:167062403-167064172:-	SE	control	0.27299752388209375
ENSMUSG00000026605;A5:1:189411338-189412418:189411338-189412469:-	A5	control	0.20008395974717652
ENSMUSG00000026659;AF:1:170708597-170712477:170712573:170708597-170712636:170712768:-	AF	control	0.6530930035796729
ENSMUSG00000026683;A3:1:169356380-169358891:169353018-169358891:-	A3	control	0.4665048396114795
ENSMUSG00000026974;AF:2:24839804:24840059-24841485:24840222:24840486-24841485:+	AF	control	0.25659823093165257
ENSMUSG00000026986;AF:2:23938846-23939011:23939091:23938846-23939332:23939406:-	AF	control	0.18746606613716688
ENSMUSG00000027012;AF:2:71042102:71042189-71044783:71042348:71042418-71044783:+	AF	control	0.5138355960605996
ENSMUSG00000027079;SE:2:84554561-84555873:84556500-84557507:-	SE	control	0.18242478493124564
ENSMUSG00000027109;SE:2:72801858-72809242:72809373-72809831:-	SE	control	0.4049501864125541
ENSMUSG00000027122;AF:2:106799903-106800656:106800736:106799903-106804617:106804769:-	AF	control	0.4432962878208078
ENSMUSG00000027201;SE:2:124940438-124940717:124940767-124942239:-	SE	control	0.23790759512948106
ENSMUSG00000027346;AF:2:132414174-132419988:132420153:132414174-132429541:132429649:-	AF	control	0.4238506223066516
ENSMUSG00000027346;SE:2:132398896-132400527:132400602-132406547:-	SE	control	0.30511310983482776
ENSMUSG00000027357;AF:2:132688586:132689045-132691786:132689654:132689800-132691786:+	AF	control	0.35201069910946714
ENSMUSG00000027357;AF:2:132688586:132689045-132691786:132689658:132689811-132691786:+	AF	control	0.37917712192794784
ENSMUSG00000027361;AF:2:126505008-126517276:126517464:126505008-126517954:126518257:-	AF	control	0.5895956929644892
ENSMUSG00000027454;AF:2:150747320:150747381-150754701:150751514:150751713-150754701:+	AF	control	0.2899644326884956
ENSMUSG00000027469;SE:2:152690217-152690297:152690431-152696841:+	SE	control	0.3697538723510983
ENSMUSG00000027620;SE:2:156019305-156020800:156020872-156021097:-	SE	control	0.4515643253754893
ENSMUSG00000027671;AF:3:32760447:32760577-32766017:32762656:32763029-32766017:+	AF	control	0.30504248886295016
ENSMUSG00000027680;SE:3:34118468-34119123:34119203-34122310:+	SE	control	0.4505435798018018
ENSMUSG00000027680;SE:3:34118468-34122310:34122401-34123066:+	SE	control	0.38190160789563965
ENSMUSG00000027715;SE:3:36623238-36624225:36624314-36624885:-	SE	control	0.1820456895666004
ENSMUSG00000027942;AL:3:89966107-89967669:89968301:89966107-89968945:89969752:+	AL	control	0.27395691839621655
ENSMUSG00000027942;SE:3:89960916-89963514:89963631-89965792:+	SE	control	0.3179898714704381
ENSMUSG00000027944;SE:3:89903211-89903318:89903424-89903554:-	SE	control	0.260199089330074
ENSMUSG00000027944;SE:3:89904881-89905045:89905310-89905835:-	SE	control	0.2898024534758735
ENSMUSG00000028109;SE:3:95492525-95492846:95492900-95494692:+	SE	control	0.21764764587360647
ENSMUSG00000028433;SE:4:41235594-41251535:41251671-41275040:-	SE	control	0.33765026419624355
ENSMUSG00000028483;MX:4:83372385-83373252:83373288-83384202:83372385-83378400:83378596-83384202:+	MX	control	0.543350719804133
ENSMUSG00000028483;SE:4:83372385-83373252:83373288-83384202:+	SE	control	0.41772893668789146
ENSMUSG00000028484;A3:4:83380710-83381832:83380411-83381832:-	A3	control	0.5203717822957157
ENSMUSG00000028560;A3:4:98812480-98814673:98812480-98814692:+	A3	control	0.19726978127873052
ENSMUSG00000028639;A3:4:119136408-119138767:119136396-119138767:-	A3	control	0.20288752130416254
ENSMUSG00000028676;A3:4:135590513-135590834:135590513-135590837:+	A3	control	0.10381233651651867
ENSMUSG00000028676;AL:4:135590887-135591040:135591180:135590887-135594437:135595693:+	AL	control	0.5229179862849223
ENSMUSG00000028676;AL:4:135590887-135591040:135593126:135590887-135594437:135595693:+	AL	control	0.19835734321663723
ENSMUSG00000028676;AL:4:135590887-135591040:135593126:135590887-135594437:135597219:+	AL	control	0.3453396848755083
ENSMUSG00000028691;A3:4:116542857-116544575:116542857-116544604:+	A3	control	0.29075623016109997
ENSMUSG00000028691;AF:4:116542796:116542857-116544604:116543084:116543333-116544604:+	AF	control	0.3783534109644595
ENSMUSG00000028693;SE:4:116462960-116467600:116468574-116469169:-	SE	control	0.18957768546125364
ENSMUSG00000028693;SE:4:116469278-116471527:116471607-116476067:-	SE	control	0.5693680047379371
ENSMUSG00000028868;A5:4:132858039-132903752:132858034-132903752:+	A5	control	0.3771135970646452
ENSMUSG00000028907;RI:4:124573495:124573605-124575986:124576116:-	RI	control	0.38734745201898757
ENSMUSG00000028907;RI:4:124576206:124576299-124577028:124577141:-	RI	control	0.38734745201898757
ENSMUSG00000029068;A3:4:155902444-155902996:155902444-155904786:+	A3	control	0.3326199941200594
ENSMUSG00000029068;RI:4:155902996:155903121-155904786:155904885:+	RI	control	0.5544625912041629
ENSMUSG00000029068;SE:4:155902444-155902996:155903121-155904786:+	SE	control	0.2393701132469438
ENSMUSG00000029076;AF:4:156077368:156077791-156080646:156077834:156078026-156080646:+	AF	control	0.4660857095947436
ENSMUSG00000029076;AF:4:156077627:156077791-156080646:156077834:156078026-156080646:+	AF	control	0.3440194451486023
ENSMUSG00000029110;A5:5:34493885-34499866:34493828-34499866:+	A5	control	0.18443714603345274
ENSMUSG00000029110;AF:5:34493633:34493885-34499866:34494029:34494153-34499866:+	AF	control	0.2369196731212896
ENSMUSG00000029110;AF:5:34493672:34493885-34499866:34494029:34494153-34499866:+	AF	control	0.5401750002883544
ENSMUSG00000029110;AF:5:34493724:34493828-34499866:34494029:34494153-34499866:+	AF	control	0.3556492733163482
ENSMUSG00000029177;A3:5:30826396-30827036:30826396-30827082:+	A3	control	0.40977638963001023
ENSMUSG00000029177;SE:5:30824457-30827036:30827172-30829808:+	SE	control	0.23495435599105347
ENSMUSG00000029247;A5:5:77099515-77099616:77099248-77099616:+	A5	control	0.3693184504742868
ENSMUSG00000029249;AF:5:77413338:77413635-77415779:77414043:77414260-77415779:+	AF	control	0.3328033747973095
ENSMUSG00000029322;AF:5:100710628-100710707:100711289:100710628-100720011:100720111:-	AF	control	0.18821171245157697
ENSMUSG00000029390;SE:5:124681227-124681550:124681570-124684959:+	SE	control	0.19580306833522798
ENSMUSG00000029397;SE:5:92105509-92105737:92105856-92110489:-	SE	control	0.17539429394159167
ENSMUSG00000029451;A5:4:143578649-143579325:143578224-143579325:+	A5	control	0.1773313095443843
ENSMUSG00000029465;AF:5:122529941:122530060-122534880:122533877:122533949-122534880:+	AF	control	0.5711735474167021
ENSMUSG00000029465;AF:5:122530029:122530060-122534880:122533877:122533949-122534880:+	AF	control	0.3619247071106934
ENSMUSG00000029465;AL:5:122543241-122543932:122544126:122543241-122552067:122552247:+	AL	control	0.4397093608586089
ENSMUSG00000029470;SE:5:122865354-122865462:122865527-122865808:+	SE	control	0.4653639094879827
ENSMUSG00000029610;A5:5:143843573-143846399:143843573-143846519:-	A5	control	0.13763385657249994
ENSMUSG00000029614;A3:5:121345258-121346454:121345258-121346473:+	A3	control	0.15272654258015905
ENSMUSG00000029836;AF:6:51447340:51447411-51448796:51447675:51447714-51448796:+	AF	control	0.5539197408100631
ENSMUSG00000029836;AF:6:51447675:51447714-51448796:51447726:51447864-51448796:+	AF	control	0.5523603499750626
ENSMUSG00000029836;SE:6:51452353-51455418:51455580-51458704:+	SE	control	0.329363006880487
ENSMUSG00000029920;A5:6:65019945-65020190:65019714-65020190:+	A5	control	0.6386326162752416
ENSMUSG00000030042;A5:6:82629148-82629366:82629148-82629460:-	A5	control	0.37296194756731127
ENSMUSG00000030042;AF:6:82629148-82629366:82629499:82629148-82629605:82629910:-	AF	control	0.40547444780830555
ENSMUSG00000030057;A5:6:87822539-87822638:87822539-87822656:-	A5	control	0.4012858661341002
ENSMUSG00000030057;A5:6:87822539-87822656:87822539-87822659:-	A5	control	0.21421359647639535
ENSMUSG00000030105;AF:6:108760060:108760338-108790588:108771858:108771893-108790588:+	AF	control	0.24270503997317128
ENSMUSG00000030189;SE:6:131347377-131352937:131353143-131356321:-	SE	control	0.19831167975346553
ENSMUSG00000030246;SE:6:142436330-142439826:142439943-142441294:-	SE	control	0.4486907792071066
ENSMUSG00000030335;A5:6:125169396-125169479:125169171-125169479:+	A5	control	0.18129006389004623
ENSMUSG00000030432;A3:7:4796625-4797049:4796625-4797063:+	A3	control	0.17383033670478742
ENSMUSG00000030512;AF:7:65708751:65708835-65711872:65710047:65710333-65711872:+	AF	control	0.5157273604502199
ENSMUSG00000030512;AF:7:65708751:65708835-65711872:65710292:65710440-65711872:+	AF	control	0.49208827236589636
ENSMUSG00000030662;AF:14:121148636:121148755-121154768:121153259:121153581-121154768:+	AF	control	0.23597197613245902
ENSMUSG00000030774;AF:7:97437748:97438181-97503643:97492142:97492348-97503643:+	AF	control	0.1701661778799412
ENSMUSG00000031134;A3:X:56437058-56438212:56437042-56438212:-	A3	control	0.3373254139765589
ENSMUSG00000031134;A3:X:56437061-56438212:56437058-56438212:-	A3	control	0.30825156944227533
ENSMUSG00000031154;A3:X:7740192-7740469:7740192-7740472:+	A3	control	0.25843828745057434
ENSMUSG00000031154;A5:X:7738438-7739793:7738420-7739793:+	A5	control	0.3624571675155761
ENSMUSG00000031154;RI:X:7733754:7733818-7733906:7734062:+	RI	control	0.26994242832038273
ENSMUSG00000031226;AL:X:104126411-104126622:104128792:104126411-104159920:104160696:+	AL	control	0.33941892292480136
ENSMUSG00000031362;A3:X:72285801-72286184:72285788-72286184:-	A3	control	0.2837110851017929
ENSMUSG00000031601;AF:8:40963267-40964581:40964763:40963267-40968745:40968888:-	AF	control	0.2854952957953388
ENSMUSG00000031601;AF:8:40963267-40964581:40964795:40963267-40968745:40968888:-	AF	control	0.4951764472242873
ENSMUSG00000031683;SE:8:79539709-79546616:79546714-79547677:-	SE	control	0.3107278671895489
ENSMUSG00000031812;A5:8:122320389-122322725:122320284-122322725:+	A5	control	0.2545627697344292
ENSMUSG00000031812;AF:8:122317220:122317303-122320229:122317451:122317662-122320229:+	AF	control	0.30706525524536976
ENSMUSG00000031812;RI:8:122320229:122320284-122322725:122322831:+	RI	control	0.27600104973402345
ENSMUSG00000031812;RI:8:122320229:122320389-122322725:122322831:+	RI	control	0.4910981583154637
ENSMUSG00000031879;A3:8:105367725-105367943:105367720-105367943:-	A3	control	0.16265760224821502
ENSMUSG00000032113;AF:9:36635316-36637093:36637159:36635316-36637859:36638361:-	AF	control	0.43421849152625025
ENSMUSG00000032113;AF:9:36637174-36637679:36637747:36637174-36637859:36637866:-	AF	control	0.4877436065463071
ENSMUSG00000032328;SE:9:79684613-79687823:79687930-79700256:-	SE	control	0.23300771201589843
ENSMUSG00000032407;SE:9:95377986-95382741:95382926-95384593:-	SE	control	0.3869792951276987
ENSMUSG00000032745;SE:13:111585533-111589558:111589781-111589907:-	SE	control	0.24029607888685423
ENSMUSG00000032883;SE:1:78635820-78640858:78640997-78659310:+	SE	control	0.4161610708709102
ENSMUSG00000032883;SE:1:78635820-78659310:78659727-78665954:+	SE	control	0.21691794821286606
ENSMUSG00000033020;A5:15:79030383-79035536:79030338-79035536:+	A5	control	0.11893822293816703
ENSMUSG00000033107;AF:18:21077682:21077814-21107356:21094529:21094857-21107356:+	AF	control	0.1659517557670932
ENSMUSG00000033499;SE:13:9208265-9208587:9208838-9214711:+	SE	control	0.2401618577007454
ENSMUSG00000033952;SE:1:139404640-139405084:139408878-139410076:+	SE	control	0.34451061232308067
ENSMUSG00000033964;AF:1:139350026:139350064-139350772:139350120:139350161-139350772:+	AF	control	0.7018398112327018
ENSMUSG00000034024;A3:10:116887212-116888921:116887181-116888921:-	A3	control	0.3691864193808542
ENSMUSG00000034300;AF:18:34891959:34892197-34895548:34892626:34892650-34895548:+	AF	control	0.666118265107837
ENSMUSG00000034333;AL:15:88639136-88654741:88655079:88639136-88663612:88668719:+	AL	control	0.22801691210957076
ENSMUSG00000034349;A3:3:68913546-68914522:68913546-68914597:+	A3	control	0.3122880281610684
ENSMUSG00000034349;A5:3:68912448-68913409:68912423-68913409:+	A5	control	0.20579395695636463
ENSMUSG00000034349;A5:3:68913557-68914522:68913546-68914522:+	A5	control	0.19083550039549424
ENSMUSG00000034391;AF:18:84952907:84953305-84975445:84970241:84970383-84975445:+	AF	control	0.32961725576635637
ENSMUSG00000034391;AF:18:84953283:84953305-84975445:84970241:84970383-84975445:+	AF	control	0.6338827140351684
ENSMUSG00000034858;AF:9:74860166:74860290-74860996:74860308:74860341-74860996:+	AF	control	0.4963564444763974
ENSMUSG00000035227;AF:7:99498266-99507971:99508106:99498266-99512435:99512578:-	AF	control	0.43975543145819174
ENSMUSG00000035227;SE:7:99498266-99512028:99512201-99512435:-	SE	control	0.5484474660575918
ENSMUSG00000036992;SE:2:148514755-148516384:148516518-148517202:+	SE	control	0.208114814139709
ENSMUSG00000037072;AF:3:144276065:144276172-144283347:144276454:144276560-144283347:+	AF	control	0.40247697899635904
ENSMUSG00000037072;AL:3:144296436-144300662:144301193:144296436-144302584:144303422:+	AL	control	0.2466643452803356
ENSMUSG00000037072;SE:3:144296436-144300662:144300711-144302584:+	SE	control	0.26103690509328303
ENSMUSG00000037443;A3:4:133881707-133882988:133881701-133882988:-	A3	control	0.4550021456801404
ENSMUSG00000037465;AF:15:38298096-38299303:38299326:38298096-38300803:38300950:-	AF	control	0.41287625053380334
ENSMUSG00000037514;A5:2:131116183-131129394:131116040-131129394:+	A5	control	0.8217859445358984
ENSMUSG00000037514;SE:2:131116183-131129394:131129517-131135319:+	SE	control	0.4106823634988927
ENSMUSG00000037608;A3:10:20197862-20198709:20197862-20198715:+	A3	control	0.5010898835737412
ENSMUSG00000037712;SE:14:45713570-45713875:45713907-45719889:-	SE	control	0.41970390554772763
ENSMUSG00000037722;A3:14:45618473-45619013:45618455-45619013:-	A3	control	0.21832965418259215
ENSMUSG00000037722;A5:14:45622205-45626508:45622205-45626521:-	A5	control	0.4181528466501535
ENSMUSG00000037805;MX:17:28547859-28547941:28548021-28549499:28547859-28548348:28548496-28549499:+	MX	control	0.42389722065908153
ENSMUSG00000037805;SE:17:28548021-28548348:28548496-28549499:+	SE	control	0.3368302997152459
ENSMUSG00000037885;SE:2:129643924-129652408:129653157-129669694:+	SE	control	0.27621749556884334
ENSMUSG00000037966;AF:13:49340961:49341113-49347212:49343772:49343835-49347212:+	AF	control	0.26858399505742714
ENSMUSG00000037966;AF:13:49341012:49341113-49347212:49343772:49343835-49347212:+	AF	control	0.48794863575160063
ENSMUSG00000038005;SE:8:61346894-61348495:61348684-61349772:+	SE	control	0.21551663867073045
ENSMUSG00000038028;SE:6:127069705-127078812:127078849-127086399:-	SE	control	0.36305251171012876
ENSMUSG00000038174;SE:1:58569418-58573644:58573811-58574549:-	SE	control	0.4229783551494367
ENSMUSG00000038187;A5:7:112927666-112929062:112927666-112929151:-	A5	control	0.13029615609787149
ENSMUSG00000038217;A5:11:75360727-75361226:75360444-75361226:+	A5	control	0.5231965479325414
ENSMUSG00000038544;SE:4:59775549-59782254:59782334-59783728:-	SE	control	0.4417255318377912
ENSMUSG00000038546;AF:13:43557165-43560088:43561504:43557165-43565887:43565960:-	AF	control	0.3337116058226147
ENSMUSG00000038740;AF:2:33764472-33776798:33776857:33764472-33777332:33777494:-	AF	control	0.20923812666553399
ENSMUSG00000038740;AF:2:33764472-33776798:33776857:33764472-33777332:33777958:-	AF	control	0.37131437315184396
ENSMUSG00000038812;RI:19:6887952:6888041-6888120:6888396:+	RI	control	0.22209181404889625
ENSMUSG00000038845;AF:11:95557836:95557868-95558863:95557890:95557965-95558863:+	AF	control	0.5799654283710957
ENSMUSG00000038965;SE:16:16972146-16977854:16978040-16994276:-	SE	control	0.4396264163557452
ENSMUSG00000038965;SE:16:16978040-16989627:16989725-16994276:-	SE	control	0.31670486102849327
ENSMUSG00000038965;SE:16:16978040-16994276:16994371-17019299:-	SE	control	0.32832604720973013
ENSMUSG00000039163;A5:9:117944497-117979085:117944497-117979136:-	A5	control	0.18157034852919274
ENSMUSG00000039630;A3:1:178156972-178157433:178152878-178157433:-	A3	control	0.3982816203369027
ENSMUSG00000039630;SE:1:178151278-178151531:178151581-178152808:-	SE	control	0.2733070663707991
ENSMUSG00000039770;AF:17:73143448:73143786-73153274:73144531:73144814-73153274:+	AF	control	0.17496001680369122
ENSMUSG00000039770;AF:17:73143448:73143786-73153274:73147926:73148124-73153274:+	AF	control	0.1594311326220481
ENSMUSG00000039770;AF:17:73144308:73144703-73153274:73147926:73148124-73153274:+	AF	control	0.10553047388770109
ENSMUSG00000039770;AF:17:73144531:73144814-73153274:73147926:73148124-73153274:+	AF	control	0.300445506168906
ENSMUSG00000040139;SE:7:136978080-136978684:136978846-136989100:-	SE	control	0.30561463280061585
ENSMUSG00000040167;AL:7:130990381:130994309-130995484:130994376:130994448-130995484:-	AL	control	0.5953589588980909
ENSMUSG00000040446;RI:18:24640162:24640288-24641051:24641148:-	RI	control	0.3441159460473512
ENSMUSG00000040481;SE:11:106934651-106935318:106935491-106937826:-	SE	control	0.3236656848770649
ENSMUSG00000040749;AF:X:162858665-162859011:162859117:162858665-162859183:162859489:-	AF	control	0.324171198479142
ENSMUSG00000040760;SE:14:26682995-26684763:26684834-26685604:-	SE	control	0.19278875237760817
ENSMUSG00000040771;A5:17:48717400-48717856:48717265-48717856:+	A5	control	0.12726294872038846
ENSMUSG00000040952;A5:7:24584294-24584561:24584274-24584561:+	A5	control	0.36894619249177396
ENSMUSG00000040952;AF:7:24583796:24584092-24584561:24584139:24584294-24584561:+	AF	control	0.3127918755868906
ENSMUSG00000040952;AF:7:24584058:24584092-24584561:24584238:24584274-24584561:+	AF	control	0.22896373242099954
ENSMUSG00000040952;SE:7:24584977-24585532:24585612-24587707:+	SE	control	0.17238986786050314
ENSMUSG00000041353;AL:X:149181791:149181912-149203338:149191574:149192596-149203338:-	AL	control	0.4650019440423905
ENSMUSG00000041353;AL:X:149181791:149181912-149203338:149191916:149192596-149203338:-	AL	control	0.5081999689457715
ENSMUSG00000041359;MX:12:105183960-105184482:105184551-105188792:105183960-105184918:105185088-105188792:-	MX	control	0.26003520098422395
ENSMUSG00000041360;A3:19:27376504-27377079:27376500-27377079:-	A3	control	0.23447661779761497
ENSMUSG00000041360;A3:19:27397521-27398697:27397517-27398697:-	A3	control	0.2403601129937467
ENSMUSG00000041431;A5:13:100916293-100916530:100916293-100917284:-	A5	control	0.3121557700749978
ENSMUSG00000041431;SE:13:100916293-100916530:100916640-100917284:-	SE	control	0.21648111543267679
ENSMUSG00000041718;A3:X:143101117-143102895:143101117-143102999:+	A3	control	0.3281771897800792
ENSMUSG00000041841;AF:15:5146127:5146166-5146769:5146183:5146408-5146769:+	AF	control	0.26339395811265964
ENSMUSG00000041841;AF:15:5146183:5146408-5146769:5146431:5146548-5146769:+	AF	control	0.18770902653701915
ENSMUSG00000041857;SE:19:11645780-11666031:11666212-11668306:-	SE	control	0.1305921528341183
ENSMUSG00000041920;AF:11:109354374-109357102:109357185:109354374-109363764:109364120:-	AF	control	0.3524995267290149
ENSMUSG00000041920;SE:11:109349431-109350625:109350768-109354136:-	SE	control	0.34941442653585836
ENSMUSG00000042279;A5:6:115926702-115926851:115926673-115926851:+	A5	control	0.2688894539035588
ENSMUSG00000042279;A5:6:115926706-115926851:115926673-115926851:+	A5	control	0.2930223781896185
ENSMUSG00000042396;SE:9:48405481-48405583:48405687-48406455:-	SE	control	0.2610537307907016
ENSMUSG00000043510;A5:5:110982665-110983841:110982665-110983846:-	A5	control	0.3123899027590402
ENSMUSG00000043872;A3:4:126943699-126944357:126943405-126944357:-	A3	control	0.4131604235910884
ENSMUSG00000044155;SE:6:18849665-18850910:18851000-18851635:+	SE	control	0.18755644632015858
ENSMUSG00000044768;AF:1:97582414-97589280:97589401:97582414-97589556:97589799:-	AF	control	0.5381438060592254
ENSMUSG00000045378;AF:17:29160343-29161171:29161238:29160343-29162752:29162814:-	AF	control	0.4441127937397914
ENSMUSG00000045519;AF:9:20265545-20266770:20266942:20265545-20296313:20296473:-	AF	control	0.3136394274497415
ENSMUSG00000046516;SE:16:38169691-38170039:38170093-38172988:+	SE	control	0.22035460521061545
ENSMUSG00000046679;A3:6:86423250-86424293:86423250-86424323:+	A3	control	0.32894899194881355
ENSMUSG00000046679;A5:6:86415829-86420709:86415776-86420709:+	A5	control	0.8953808100252679
ENSMUSG00000046679;A5:6:86416240-86420709:86415776-86420709:+	A5	control	0.8590778064872142
ENSMUSG00000046679;AF:6:86415356:86415469-86420709:86415674:86415776-86420709:+	AF	control	0.47572172507891153
ENSMUSG00000046679;AF:6:86415356:86415469-86420709:86415674:86415829-86420709:+	AF	control	0.20988651496558053
ENSMUSG00000046679;AF:6:86415356:86415469-86420709:86415709:86416240-86420709:+	AF	control	0.36431508789506484
ENSMUSG00000047044;A3:19:18691023-18694583:18691023-18694586:+	A3	control	0.14403734834352483
ENSMUSG00000047139;AF:10:43455165:43455318-43458600:43455931:43456149-43458600:+	AF	control	0.1843028084358399
ENSMUSG00000047996;A5:X:77564427-77627310:77564427-77627375:-	A5	control	0.36243537860063135
ENSMUSG00000048271;SE:5:28544306-28547393:28547512-28557470:+	SE	control	0.33795779137463244
ENSMUSG00000048668;AF:6:128339147-128339331:128339775:128339147-128339802:128339874:-	AF	control	0.2770411148813299
ENSMUSG00000049164;A5:19:40883234-40885528:40883230-40885528:+	A5	control	0.21581688173632996
ENSMUSG00000049164;SE:19:40885609-40896503:40896647-40899477:+	SE	control	0.21581688173632996
ENSMUSG00000049439;SE:1:60391329-60392068:60392234-60393673:+	SE	control	0.23076385646667763
ENSMUSG00000049517;AF:13:91071077:91071318-91071706:91071336:91071525-91071706:+	AF	control	0.15998187398265612
ENSMUSG00000049606;AF:5:106814711-106815382:106815483:106814711-106843664:106843841:-	AF	control	0.9528610093416405
ENSMUSG00000049606;AF:5:106814711-106815382:106815483:106814711-106844398:106844463:-	AF	control	1.0
ENSMUSG00000050608;A5:4:138833214-138858099:138833214-138858233:-	A5	control	0.2551068628536509
ENSMUSG00000050608;AF:4:138833214-138838528:138838554:138833214-138858099:138858305:-	AF	control	0.18814373122091121
ENSMUSG00000050608;AF:4:138833214-138838528:138838554:138833214-138858233:138858424:-	AF	control	0.11537097532048268
ENSMUSG00000051256;A5:6:113419765-113424219:113419758-113424219:+	A5	control	0.1602247777515936
ENSMUSG00000051391;A3:5:135961496-135963177:135959803-135963177:-	A3	control	0.3704629045381097
ENSMUSG00000051391;AL:5:135937263:135940505-135963177:135959534:135961496-135963177:-	AL	control	0.32230983792662293
ENSMUSG00000051391;AL:5:135937263:135940505-135963177:135959615:135959803-135963177:-	AL	control	0.6960864658661166
ENSMUSG00000051391;RI:5:135937263:135937975-135939841:135940505:-	RI	control	0.4580135695925062
ENSMUSG00000052033;AF:2:170353155:170353389-170357659:170353440:170353475-170357659:+	AF	control	0.2550359138220494
ENSMUSG00000052033;AF:2:170353365:170353389-170357659:170353440:170353475-170357659:+	AF	control	0.32561314397504165
ENSMUSG00000053110;SE:9:7938539-7950493:7950540-7952954:-	SE	control	0.39176591066113414
ENSMUSG00000053453;AF:14:8507911:8507969-8515107:8508486:8508578-8515107:+	AF	control	0.4553973146227951
ENSMUSG00000053453;AF:14:8508557:8508578-8515107:8512132:8512303-8515107:+	AF	control	0.6072993081257017
ENSMUSG00000053453;RI:14:8515107:8515197-8516225:8516352:+	RI	control	0.6386966952459682
ENSMUSG00000053453;RI:14:8515107:8515224-8516225:8516352:+	RI	control	0.2391119166678894
ENSMUSG00000053931;SE:3:121244007-121245032:121245169-121245532:+	SE	control	0.27912284247179775
ENSMUSG00000054469;A5:17:73415172-73468818:73415151-73468818:+	A5	control	0.6063732391638192
ENSMUSG00000055067;AL:1:179205100:179205364-179232848:179222789:179223396-179232848:-	AL	control	0.21495345867938703
ENSMUSG00000056162;RI:18:84654172:84654334-84655940:84656089:-	RI	control	0.3563508249472226
ENSMUSG00000056536;A5:1:105585575-105586612:105585575-105586641:-	A5	control	0.4798238989500233
ENSMUSG00000056579;A3:11:3595523-3596557:3595454-3596557:-	A3	control	0.24999304508621645
ENSMUSG00000057113;SE:11:33106104-33106664:33106747-33106991:-	SE	control	0.14029530940032608
ENSMUSG00000058291;A3:5:138614827-138615317:138614821-138615317:-	A3	control	0.27894013001353324
ENSMUSG00000058291;SE:5:138610427-138614732:138614821-138615317:-	SE	control	0.23398915870447162
ENSMUSG00000058704;AF:17:74565500-74595453:74595643:74565500-74601687:74601785:-	AF	control	0.3539817932800373
ENSMUSG00000058704;MX:17:74509360-74524022:74524098-74532427:74509360-74527483:74527535-74532427:-	MX	control	0.23433616971440563
ENSMUSG00000058704;SE:17:74509360-74527483:74527535-74532427:-	SE	control	0.48207709732183346
ENSMUSG00000058704;SE:17:74509360-74532427:74532569-74548900:-	SE	control	0.2552365266311949
ENSMUSG00000060288;AL:4:119157207:119157399-119167956:119164357:119165080-119167956:-	AL	control	0.3435638317180404
ENSMUSG00000061136;A5:2:53034891-53035245:53034891-53035298:-	A5	control	0.3025074098965344
ENSMUSG00000061371;SE:10:81894330-81894517:81894577-81895351:+	SE	control	0.21717391493725202
ENSMUSG00000061477;AF:12:28681773-28682280:28682389:28681773-28683767:28683907:-	AF	control	0.11988555992730329
ENSMUSG00000062169;AF:1:180972258:180972466-180983424:180982303:180982469-180983424:+	AF	control	0.3952394148128047
ENSMUSG00000062170;SE:X:67805837-67807538:67807615-67815651:+	SE	control	0.1836275730857887
ENSMUSG00000062170;SE:X:67807615-67812562:67812699-67815651:+	SE	control	0.11929365655793407
ENSMUSG00000062627;SE:4:94836396-94836566:94836671-94839163:-	SE	control	0.5258204010412835
ENSMUSG00000062797;SE:7:89569399-89572772:89572923-89584935:-	SE	control	0.32317596852659136
ENSMUSG00000062797;SE:7:89572923-89584935:89585172-89590177:-	SE	control	0.6161183425442911
ENSMUSG00000063334;RI:10:111813017:111813142-111813220:111813303:+	RI	control	0.24584791809935275
ENSMUSG00000063334;SE:10:111815052-111815792:111815962-111818706:+	SE	control	0.1949413158459618
ENSMUSG00000063480;AL:15:81925679:81926398-81931688:81927251:81928218-81931688:-	AL	control	0.7309677952390334
ENSMUSG00000063550;AF:7:101845095-101858946:101859074:101845095-101859225:101859383:-	AF	control	0.2595695068718015
ENSMUSG00000063714;A3:2:72817976-72818694:72817976-72818716:+	A3	control	0.4168326663579352
ENSMUSG00000063714;A3:2:72817976-72818712:72817976-72818716:+	A3	control	0.27091484850900194
ENSMUSG00000063787;A3:14:20753265-20753344:20753265-20753358:+	A3	control	0.27479061546927047
ENSMUSG00000064127;RI:X:12572538:12572684-12572771:12572931:-	RI	control	0.5095412210273218
ENSMUSG00000064127;SE:X:12553440-12555568:12555699-12559824:-	SE	control	0.5095412210273217
ENSMUSG00000064194;AF:7:42763653:42763706-42836594:42827012:42827127-42836594:+	AF	control	0.1865996370484335
ENSMUSG00000064194;SE:7:42836977-42838467:42838574-42838726:+	SE	control	0.1280839876572444
ENSMUSG00000064326;SE:12:112611518-112613272:112613466-112614259:+	SE	control	0.12518923741544408
ENSMUSG00000066000;A5:4:147725462-147726792:147725462-147726821:-	A5	control	0.19841359290498128
ENSMUSG00000066030;A3:4:143917359-143920012:143917359-143920545:+	A3	control	0.3180445036298213
ENSMUSG00000066030;A5:4:143921939-143922379:143920855-143922379:+	A5	control	0.3173477145556932
ENSMUSG00000066030;SE:4:143917359-143920012:143920075-143920545:+	SE	control	0.2589690263306573
ENSMUSG00000066456;AL:9:82992001:82992482-82993046:82992773:82992927-82993046:-	AL	control	0.3690787747370143
ENSMUSG00000066456;RI:9:82992001:82992482-82993046:82993159:-	RI	control	0.319997671244243
ENSMUSG00000066456;SE:9:82992482-82992841:82992927-82993046:-	SE	control	0.3868965735801329
ENSMUSG00000066463;A3:9:78219917-78220187:78219818-78220187:-	A3	control	0.4294315782280474
ENSMUSG00000066463;AF:9:78220357-78220609:78220729:78220357-78221979:78222078:-	AF	control	0.44919880726622063
ENSMUSG00000066463;SE:9:78219591-78219752:78219818-78220187:-	SE	control	0.10721942114238976
ENSMUSG00000066551;AF:5:148987561-148988089:148988426:148987561-148989710:148989826:-	AF	control	0.3921385126071262
ENSMUSG00000066551;AF:5:148987561-148988089:148988426:148987561-148989710:148989850:-	AF	control	0.47239151456351036
ENSMUSG00000068039;SE:17:13135516-13136685:13136770-13136930:+	SE	control	0.34790076245086277
ENSMUSG00000068417;AF:14:51193449:51193685-51196972:51193701:51193915-51196972:+	AF	control	0.4493740226393773
ENSMUSG00000070034;A3:1:85523448-85523683:85522154-85523683:-	A3	control	0.1772163583968771
ENSMUSG00000070034;RI:1:85506778:85506920-85507365:85507466:-	RI	control	0.1675175595548427
ENSMUSG00000070677;AF:5:95604665:95604760-95629445:95621412:95621491-95629445:+	AF	control	0.669922050360486
ENSMUSG00000070837;A5:7:6998711-6999267:6998547-6999267:+	A5	control	0.4860282660452778
ENSMUSG00000070837;A5:7:6998833-6999267:6998547-6999267:+	A5	control	0.6252587451581231
ENSMUSG00000070837;AF:7:6998382:6998547-6999267:6998668:6998711-6999267:+	AF	control	0.5057299984560027
ENSMUSG00000071072;SE:10:127906101-127907937:127908026-127910091:+	SE	control	0.30334794823943656
ENSMUSG00000071533;A3:16:55844801-55849966:55844749-55849966:-	A3	control	0.22799805372391202
ENSMUSG00000071533;AF:16:55844801-55844897:55845031:55844801-55849966:55850059:-	AF	control	0.29395233883618793
ENSMUSG00000071533;SE:16:55842492-55844587:55844749-55849966:-	SE	control	0.5058889679434457
ENSMUSG00000071533;SE:16:55842492-55844587:55844801-55849966:-	SE	control	0.29561884885948747
ENSMUSG00000071533;SE:16:55842492-55844587:55845000-55849966:-	SE	control	0.3021757375153602
ENSMUSG00000072694;AL:5:114946257:114947392-114951841:114950854:114951266-114951841:-	AL	control	0.36155116699451506
ENSMUSG00000073079;AF:12:55127062:55127171-55135955:55127345:55127521-55135955:+	AF	control	0.4602073345785799
ENSMUSG00000073079;AL:12:55138118-55138492:55138686:55138118-55142600:55142674:+	AL	control	0.4693300934611909
ENSMUSG00000073633;AF:1:84817562:84817689-84858813:84844157:84844264-84858813:+	AF	control	0.3804270098297441
ENSMUSG00000073702;RI:1:39407010:39407087-39407230:39407336:+	RI	control	0.13845599902101877
ENSMUSG00000073705;A5:4:149216129-149216716:149216129-149216735:-	A5	control	0.15849868692633007
ENSMUSG00000074129;MX:7:44775661-44775902:44775961-44776415:44775661-44776166:44776218-44776415:-	MX	control	0.5467114174358936
ENSMUSG00000074238;SE:3:127606944-127609245:127609343-127610559:-	SE	control	0.38020025278038627
ENSMUSG00000074354;A5:9:51754002-51786910:51754002-51787003:-	A5	control	0.16899778164851903
ENSMUSG00000074354;A5:9:51754002-51786910:51754002-51787031:-	A5	control	0.2383239307783338
ENSMUSG00000074366;SE:7:15484341-15484472:15484530-15491417:+	SE	control	0.45056707055072925
ENSMUSG00000074397;A3:9:44346949-44347156:44346878-44347156:-	A3	control	0.32595678104783077
ENSMUSG00000074397;AL:9:44345070:44345320-44346720:44345497:44346606-44346720:-	AL	control	0.17695934192907517
ENSMUSG00000074698;SE:2:152096241-152099298:152099399-152099861:+	SE	control	0.2312260180088147
ENSMUSG00000074781;SE:10:95377313-95377500:95377640-95378134:+	SE	control	0.36149431759582074
ENSMUSG00000075054;AF:13:18166334-18167377:18167688:18166334-18167766:18167913:-	AF	control	0.22169333681965236
ENSMUSG00000075427;AL:15:98083894:98085671-98087015:98086175:98086660-98087015:-	AL	control	0.3777417882676627
ENSMUSG00000075610;MX:11:94669574-94669743:94669885-94670082:94669574-94669887:94669941-94670082:-	MX	control	0.36970726772605456
ENSMUSG00000078713;SE:4:45105644-45106839:45106888-45107913:-	SE	control	0.20486610600267166
ENSMUSG00000078919;AF:2:168069422-168071731:168071996:168069422-168072113:168072150:-	AF	control	0.4275742779152397
ENSMUSG00000078919;AF:2:168069422-168071731:168071996:168069422-168072113:168072248:-	AF	control	0.4957309374026105
ENSMUSG00000078919;AF:2:168069422-168072113:168072150:168069422-168072309:168072511:-	AF	control	0.1925601162189125
ENSMUSG00000078919;AF:2:168069422-168072113:168072248:168069422-168072309:168072511:-	AF	control	0.28635833306726166
ENSMUSG00000078919;AF:2:168069422-168072113:168072282:168069422-168072309:168072511:-	AF	control	0.20231820282076096
ENSMUSG00000078919;SE:2:168059696-168061140:168061165-168061957:-	SE	control	0.216031058010145
ENSMUSG00000078974;A5:11:16456472-16458079:16456472-16458104:-	A5	control	0.3450718242938524
ENSMUSG00000078974;AF:11:16456472-16457980:16458069:16456472-16458079:16458484:-	AF	control	0.31255572987611613
ENSMUSG00000079162;A3:9:88971647-88972646:88971644-88972646:-	A3	control	0.4456662961571516
ENSMUSG00000079477;AF:6:87990680-87996618:87996765:87990680-88022055:88022252:-	AF	control	0.4561542371393834
ENSMUSG00000079477;AF:6:87990680-88021919:88021999:87990680-88022055:88022252:-	AF	control	0.2583924018718087
ENSMUSG00000079477;AF:6:87992700-87996618:87996765:87992700-88022055:88022227:-	AF	control	0.4103256223613091
ENSMUSG00000079477;SE:6:87990680-87991568:87991702-87992614:-	SE	control	0.3767945467241607
ENSMUSG00000079658;AF:1:16718231-16727046:16727108:16718231-16727216:16727262:-	AF	control	0.5331538564579792
ENSMUSG00000085334;AL:4:126930442-126930725:126930806:126930442-126941483:126943191:+	AL	control	0.3305892272072989
ENSMUSG00000086474;AF:11:79673382-79673596:79673713:79673382-79751410:79751542:-	AF	control	0.13773679383443455
ENSMUSG00000087491;SE:X:34239583-34240256:34240534-34241045:-	SE	control	0.22123125421113654
ENSMUSG00000087491;SE:X:34239583-34240502:34240534-34241045:-	SE	control	0.19249503145732527
ENSMUSG00000090254;A3:6:89118067-89121530:89118067-89121544:+	A3	control	0.22371706294838967
ENSMUSG00000090254;A3:6:89118067-89121544:89118067-89121595:+	A3	control	0.20420203028631498
ENSMUSG00000090254;SE:6:89118067-89121530:89121658-89122141:+	SE	control	0.2672913549476794
ENSMUSG00000090254;SE:6:89118067-89121544:89121658-89122141:+	SE	control	0.4146526890924854
ENSMUSG00000096917;A3:8:57959835-57963030:57959835-57963122:+	A3	control	0.42640350822225304
ENSMUSG00000096917;AF:8:57940551:57940950-57943374:57941071:57941227-57943374:+	AF	control	0.6273752573272388
ENSMUSG00000096917;AF:8:57940551:57940950-57943374:57941121:57941227-57943374:+	AF	control	0.5996178979408786
ENSMUSG00000096917;AF:8:57941044:57941227-57943374:57942643:57942816-57943374:+	AF	control	0.5261639263530211
ENSMUSG00000096917;AF:8:57941084:57941102-57943374:57941121:57941227-57943374:+	AF	control	0.6167271184091238
ENSMUSG00000097113;AF:1:136611110:136611211-136616482:136611367:136611441-136616482:+	AF	control	0.4252923467387161
ENSMUSG00000097113;AL:1:136609300-136610240:136610465:136609300-136616482:136616491:+	AL	control	0.34925318263064276
ENSMUSG00000097727;RI:17:46090185:46090317-46091846:46091899:+	RI	control	0.309233312059922
ENSMUSG00000100969;AL:19:3195946:3196265-3203931:3199813:3200006-3203931:-	AL	control	0.7272289979421752
ENSMUSG00000100969;AL:19:3195946:3196265-3203931:3203208:3203401-3203931:-	AL	control	0.7272289979421752
ENSMUSG00000109734;AF:7:104558006:104558103-104559477:104559058:104559381-104559477:+	AF	control	0.16019022064738797
ENSMUSG00000111270;A5:9:120621270-120622949:120621159-120622949:+	A5	control	0.2217865687108901
ENSMUSG00000112286;AL:10:82607302-82613086:82613615:82607302-82631455:82631640:+	AL	control	0.1394147206548743
ENSMUSG00000113738;AF:13:35236710:35236786-35263215:35262472:35262610-35263215:+	AF	control	0.15679699319645146
ENSMUSG00000113738;AL:13:35265280-35265521:35265537:35265280-35267084:35267243:+	AL	control	0.15679699319645146
ENSMUSG00000113784;RI:13:3168576:3168748-3168868:3168909:-	RI	control	0.3198094799255591
ENSMUSG00000113902;AF:12:101935896-101941919:101942513:101935896-101943043:101943323:-	AF	control	0.304206208255786
ENSMUSG00000114319;AF:13:38966827-38977579:38977636:38966827-39009559:39009731:-	AF	control	0.17539846311813523
ENSMUSG00000117727;SE:18:35188833-35193165:35193209-35220525:-	SE	control	0.6418265788733832
ENSMUSG00000118332;SE:5:143534889-143537164:143537296-143548512:+	SE	control	0.27684739805531644
ENSMUSG00000118504;A3:3:89966107-89967669:89966107-89968945:+	A3	control	0.23869637581129133
ENSMUSG00000121465;AF:14:24343304:24343375-24346065:24343387:24343655-24346065:+	AF	control	0.1283043160524643
ENSMUSG00000121818;AF:5:115241587-115245952:115246021:115241587-115248252:115248327:-	AF	control	0.31715524924648
ENSMUSG00000121889;AF:5:94487608:94487670-94529205:94525176:94525307-94529205:+	AF	control	0.13701147446162
ENSMUSG00000000028;SE:16:18626173-18627482:18627619-18629139:-	SE	A485	0.08650520293724295
ENSMUSG00000000399;A3:6:126821992-126826027:126821924-126826027:-	A3	A485	-0.07802986822865604
ENSMUSG00000000441;RI:6:115597170:115597288-115598777:115598823:-	RI	A485	-0.042095762359455946
ENSMUSG00000000441;SE:6:115603927-115608176:115608329-115609858:-	SE	A485	-0.042095762359456
ENSMUSG00000000568;AF:5:100115246-100124393:100124410:100115246-100126251:100126776:-	AF	A485	0.40075406004090663
ENSMUSG00000000568;AF:5:100115246-100124393:100124410:100115246-100126251:100126794:-	AF	A485	0.10190130923083152
ENSMUSG00000000568;SE:5:100109192-100109957:100110063-100110374:-	SE	A485	0.31151681034454226
ENSMUSG00000000568;SE:5:100109192-100109993:100110063-100110374:-	SE	A485	0.09390932060682933
ENSMUSG00000000568;SE:5:100110471-100111590:100111736-100111843:-	SE	A485	0.22014704386210793
ENSMUSG00000000827;SE:2:181143846-181144669:181144728-181149959:+	SE	A485	0.11315811439302564
ENSMUSG00000000827;SE:2:181150060-181152297:181152323-181153367:+	SE	A485	0.25633351737076787
ENSMUSG00000001089;AL:4:136272713-136273308:136273705:136272713-136281815:136282091:+	AL	A485	0.38289854815294694
ENSMUSG00000001289;AF:15:102234624:102234695-102236957:102234818:102234970-102236957:+	AF	A485	0.1737025076631704
ENSMUSG00000001289;SE:15:102234695-102234868:102234970-102236957:+	SE	A485	0.0551247083541786
ENSMUSG00000001289;SE:15:102234970-102235253:102235284-102236957:+	SE	A485	0.04362786272217223
ENSMUSG00000003779;AF:18:34757666:34757905-34758511:34758060:34758113-34758511:+	AF	A485	0.8000003265024249
ENSMUSG00000003779;RI:18:34761438:34761475-34761558:34761632:+	RI	A485	0.5413677727293514
ENSMUSG00000003779;RI:18:34761728:34761839-34761938:34762006:+	RI	A485	0.5413677727293513
ENSMUSG00000004359;AF:10:88516436-88518837:88518885:88516436-88520828:88520877:-	AF	A485	0.33109243755721296
ENSMUSG00000004359;SE:10:88511932-88512735:88512827-88513362:-	SE	A485	0.12758963795739742
ENSMUSG00000004642;AL:5:33792296:33792519-33799245:33797399:33798272-33799245:-	AL	A485	0.40627885841161737
ENSMUSG00000004642;SE:5:33802981-33803354:33803413-33807087:-	SE	A485	-0.004387576962286421
ENSMUSG00000004980;SE:6:51444275-51444371:51444406-51446651:-	SE	A485	0.5744173022275745
ENSMUSG00000005204;AF:11:69571676-69572489:69572672:69571676-69572815:69572910:-	AF	A485	0.4245696647347136
ENSMUSG00000005370;AF:17:88282490:88282833-88287619:88287131:88287225-88287619:+	AF	A485	0.21313444207185095
ENSMUSG00000005672;A5:5:75799818-75801153:75799806-75801153:+	A5	A485	-0.1236585566948869
ENSMUSG00000006398;A5:4:118292073-118292670:118292073-118292974:-	A5	A485	0.0
ENSMUSG00000006398;SE:4:118292073-118292670:118292898-118292974:-	SE	A485	-0.1508482260841303
ENSMUSG00000006418;SE:2:167345521-167348967:167349117-167352796:+	SE	A485	0.30301351467718934
ENSMUSG00000006818;A5:17:13227320-13229407:13227273-13229407:+	A5	A485	0.18644681415583575
ENSMUSG00000007656;A5:9:74945005-74945189:74945001-74945189:+	A5	A485	0.11708307169285465
ENSMUSG00000007656;AF:9:74945000:74945243-74959515:74959259:74959285-74959515:+	AF	A485	0.2340840938262077
ENSMUSG00000008859;AF:13:18071687-18118324:18118534:18071687-18118602:18118824:-	AF	A485	0.14391985389748385
ENSMUSG00000010592;AF:17:50596266-50599849:50599920:50596266-50600435:50600664:-	AF	A485	0.14174500658720032
ENSMUSG00000010607;AF:9:22068142:22068209-22069028:22068242:22068323-22069028:+	AF	A485	0.029929188684763575
ENSMUSG00000011257;SE:4:123189114-123189543:123189629-123189723:+	SE	A485	0.532664682538141
ENSMUSG00000011960;SE:15:98444475-98444626:98444789-98446547:-	SE	A485	0.28851150069159104
ENSMUSG00000012405;A5:14:4198851-4199236:4198737-4199236:+	A5	A485	0.28524476674308474
ENSMUSG00000012405;A5:14:4198873-4199236:4198737-4199236:+	A5	A485	0.18911057347557592
ENSMUSG00000014226;A5:1:160034279-160035949:160034279-160035958:-	A5	A485	-0.003503108243733455
ENSMUSG00000014633;SE:8:117620898-117623079:117623253-117637867:-	SE	A485	-0.04570843832868636
ENSMUSG00000014769;AF:17:15714785-15718415:15718560:15714785-15719495:15720013:-	AF	A485	-0.24003382496794778
ENSMUSG00000015357;SE:9:65217593-65219380:65219421-65223926:+	SE	A485	0.2655330956169334
ENSMUSG00000015575;AF:17:26895131:26895288-26901652:26895386:26895552-26901652:+	AF	A485	0.23004508358351655
ENSMUSG00000015697;A3:3:95247376-95247473:95247373-95247473:-	A3	A485	0.4242547950111686
ENSMUSG00000015869;SE:11:116368941-116369351:116369466-116370478:-	SE	A485	-0.2152741173964825
ENSMUSG00000016559;RI:11:115914451:115914604-115914708:115914845:-	RI	A485	-0.020591313666638855
ENSMUSG00000016619;SE:15:84807851-84808970:84809097-84811569:+	SE	A485	0.019482233257001366
ENSMUSG00000017404;AF:11:97917536:97917588-97918649:97917750:97917816-97918649:+	AF	A485	-0.00976741957661811
ENSMUSG00000017715;A3:11:117896717-117905400:117896717-117905473:+	A3	A485	0.07775396658609178
ENSMUSG00000018363;SE:11:106747090-106750538:106750622-106755538:-	SE	A485	0.04848391545599595
ENSMUSG00000018363;SE:11:106759494-106759823:106759934-106762328:-	SE	A485	0.04848391545599565
ENSMUSG00000018363;SE:11:106762436-106766727:106766765-106811007:-	SE	A485	0.046581566859471374
ENSMUSG00000018379;A3:11:87940041-87940238:87940041-87940803:+	A3	A485	0.3816504414841786
ENSMUSG00000018379;SE:11:87940041-87940238:87940424-87940803:+	SE	A485	-0.007194952429922033
ENSMUSG00000018648;AF:11:83941746-83957811:83957906:83941746-83959307:83959405:-	AF	A485	0.0030873519618738847
ENSMUSG00000018648;AF:11:83941746-83959096:83959183:83941746-83959307:83959405:-	AF	A485	0.17146358592601518
ENSMUSG00000018666;SE:11:96693648-96697442:96697590-96699010:+	SE	A485	0.530119905690582
ENSMUSG00000019179;MX:5:135807655-135812159:135812327-135814783:135807655-135813038:135813121-135814783:+	MX	A485	-0.14748674839705295
ENSMUSG00000019179;SE:5:135812327-135813038:135813121-135814783:+	SE	A485	-0.13689981484718072
ENSMUSG00000019710;A5:3:87827012-87829124:87826958-87829124:+	A5	A485	0.2884723825499479
ENSMUSG00000019792;SE:10:30442502-30463435:30463591-30466021:-	SE	A485	0.2244861421647768
ENSMUSG00000019792;SE:10:30466931-30467017:30467098-30470111:-	SE	A485	0.27292072563895897
ENSMUSG00000019804;SE:10:42378488-42401950:42402045-42409145:+	SE	A485	0.22720240710550677
ENSMUSG00000019818;AF:10:41395497:41395696-41397914:41395888:41395946-41397914:+	AF	A485	0.3436820861084142
ENSMUSG00000019837;A5:10:40133289-40133562:40133289-40133575:-	A5	A485	0.2769047312648972
ENSMUSG00000019843;MX:10:39402926-39405433:39405597-39408012:39402926-39405915:39406070-39408012:+	MX	A485	0.16952233543593154
ENSMUSG00000019843;SE:10:39402926-39405433:39405597-39408012:+	SE	A485	0.07077622685067964
ENSMUSG00000019942;AF:10:69185988-69186594:69186660:69185988-69188666:69188740:-	AF	A485	-0.2573329826431664
ENSMUSG00000020079;A5:10:62277025-62279158:62277025-62279174:-	A5	A485	-0.09954807305618263
ENSMUSG00000020107;AF:10:59832436-59838240:59838591:59832436-59838778:59838957:-	AF	A485	0.04806200862262078
ENSMUSG00000020107;SE:10:59826729-59832270:59832436-59838240:-	SE	A485	0.04373658447290396
ENSMUSG00000020107;SE:10:59826729-59832270:59832436-59838778:-	SE	A485	-0.045435029540435545
ENSMUSG00000020115;A5:10:121407929-121412179:121407929-121412183:-	A5	A485	0.048003177180700574
ENSMUSG00000020288;AF:11:23446881-23447502:23447538:23446881-23447775:23448030:-	AF	A485	0.2989672004781845
ENSMUSG00000020358;A3:11:51492717-51493420:51492305-51493420:-	A3	A485	0.3203068920630333
ENSMUSG00000020358;SE:11:51492305-51492577:51492717-51493420:-	SE	A485	0.17702006468870274
ENSMUSG00000020530;AF:11:84760898-84761289:84761317:84760898-84761464:84761472:-	AF	A485	0.1509265977933355
ENSMUSG00000020561;SE:12:33479907-33483504:33483645-33486935:+	SE	A485	0.050792938335282756
ENSMUSG00000020687;A3:11:104417010-104417689:104416992-104417689:-	A3	A485	0.12236470673704723
ENSMUSG00000020687;SE:11:104411662-104412207:104412414-104413549:-	SE	A485	0.116281089268915
ENSMUSG00000020737;AF:11:115394000-115404853:115404974:115394000-115405046:115405197:-	AF	A485	0.028641014436893986
ENSMUSG00000020737;AF:11:115394000-115404853:115404974:115394000-115405046:115405213:-	AF	A485	0.25803146069432953
ENSMUSG00000020738;SE:11:115425509-115425896:115425971-115426605:-	SE	A485	-0.05330595139147071
ENSMUSG00000020952;A3:12:51489366-51491578:51489366-51491767:+	A3	A485	0.497124050164346
ENSMUSG00000020961;AF:12:91710652-91737365:91737944:91710652-91745773:91745911:-	AF	A485	0.2918303903179775
ENSMUSG00000020961;AF:12:91710652-91745773:91745911:91710652-91752901:91753210:-	AF	A485	0.14274594953075193
ENSMUSG00000020961;AL:12:91680856:91680898-91707245:91701828:91702242-91707245:-	AL	A485	0.2918303903179775
ENSMUSG00000021018;AF:16:20536415:20536744-20537574:20536856:20536916-20537574:+	AF	A485	0.04792779196097763
ENSMUSG00000021018;AF:16:20536580:20536744-20537574:20536922:20537419-20537574:+	AF	A485	0.1751535423959461
ENSMUSG00000021192;SE:12:102460118-102461959:102462022-102463706:+	SE	A485	0.004386749532449774
ENSMUSG00000021243;AF:12:85017671:85017739-85017989:85017755:85017817-85017989:+	AF	A485	0.010797398670430725
ENSMUSG00000021270;A3:12:110662214-110662686:110662114-110662686:-	A3	A485	0.32530323514953796
ENSMUSG00000021270;AF:12:110662114-110662686:110662829:110662114-110669057:110669162:-	AF	A485	0.25001730673258393
ENSMUSG00000021282;AF:12:111504631:111504673-111505842:111505216:111505381-111505842:+	AF	A485	0.029840513054409046
ENSMUSG00000021376;AF:13:47195055-47196580:47196600:47195055-47198037:47198213:-	AF	A485	0.37943941538443515
ENSMUSG00000021376;AL:13:47178655:47178848-47180728:47178927:47178953-47180728:-	AL	A485	0.020056349993920045
ENSMUSG00000021377;SE:13:47242091-47251631:47251819-47252819:-	SE	A485	0.1210935669083949
ENSMUSG00000021417;A3:13:35177213-35177997:35177203-35177997:-	A3	A485	-0.35189391635274186
ENSMUSG00000021687;A5:13:94389578-94421728:94389578-94422074:-	A5	A485	0.06378208530437557
ENSMUSG00000021771;AF:14:21875306:21875416-21881919:21881337:21881735-21881919:+	AF	A485	0.10662036923157597
ENSMUSG00000021831;AF:14:45544088-45544349:45544708:45544088-45556160:45556228:-	AF	A485	-0.043653200161420935
ENSMUSG00000021831;AF:14:45544088-45555834:45556029:45544088-45556160:45556228:-	AF	A485	-0.24112896618304647
ENSMUSG00000021963;AF:14:58035883:58036054-58038951:58036089:58036221-58038951:+	AF	A485	0.09007105845872254
ENSMUSG00000021969;SE:14:58084519-58087602:58087637-58094067:-	SE	A485	0.16089338538198705
ENSMUSG00000021981;AL:14:59776654-59784435:59786352:59776654-59822953:59823213:+	AL	A485	0.4176712743590251
ENSMUSG00000022024;SE:14:79857239-79859544:79859651-79862281:+	SE	A485	-0.2425860034857154
ENSMUSG00000022034;A3:14:66069243-66070113:66069015-66070113:-	A3	A485	0.03263840608957913
ENSMUSG00000022200;SE:15:12343237-12343359:12343407-12349454:+	SE	A485	0.25203169481362353
ENSMUSG00000022257;SE:15:34238568-34258827:34258938-34272490:+	SE	A485	0.255276216525231
ENSMUSG00000022285;SE:15:36791232-36793723:36793919-36794389:-	SE	A485	0.2148070220097404
ENSMUSG00000022292;AF:15:37947095-37953843:37955382:37947095-37961088:37961135:-	AF	A485	0.4420852191415534
ENSMUSG00000022292;SE:15:37947095-37953843:37953998-37961088:-	SE	A485	0.21002248917419486
ENSMUSG00000022299;A3:15:38961637-38963268:38961592-38963268:-	A3	A485	0.2400385584133773
ENSMUSG00000022370;SE:15:55406780-55411538:55411631-55418716:-	SE	A485	0.09417046374508586
ENSMUSG00000022433;AF:15:79323059-79325421:79326018:79323059-79326128:79326203:-	AF	A485	0.4118678627611362
ENSMUSG00000022433;AF:15:79323059-79325421:79326018:79323059-79339691:79339767:-	AF	A485	0.5936128578979025
ENSMUSG00000022533;A5:16:30151204-30152542:30151204-30152577:-	A5	A485	0.13021892686013903
ENSMUSG00000022533;SE:16:30134719-30140624:30140713-30141690:-	SE	A485	0.1380311528776788
ENSMUSG00000022706;A3:16:18694186-18695221:18694157-18695221:-	A3	A485	0.057604821393990036
ENSMUSG00000022774;A3:16:31775247-31775653:31775247-31775757:+	A3	A485	0.08381545914384361
ENSMUSG00000022774;AL:16:31775247-31775757:31777290:31775247-31780469:31780599:+	AL	A485	0.031518627221897355
ENSMUSG00000022812;SE:16:38028452-38037475:38037513-38040334:+	SE	A485	-0.024372237799968388
ENSMUSG00000022940;AL:16:94159622:94160033-94166214:94165306:94165646-94166214:-	AL	A485	0.20534729514866146
ENSMUSG00000022940;AL:16:94159622:94160033-94166214:94165494:94165646-94166214:-	AL	A485	0.3306036420301447
ENSMUSG00000022948;AF:16:93383205-93383313:93383497:93383205-93384707:93385959:-	AF	A485	0.31373266790082194
ENSMUSG00000022948;RI:16:93382067:93382190-93383125:93383205:-	RI	A485	0.5300806943492646
ENSMUSG00000023852;A5:17:15951301-15952116:15951279-15952116:+	A5	A485	0.272159321248734
ENSMUSG00000023940;A5:17:53995148-53996208:53995148-53996239:-	A5	A485	0.2088180090722762
ENSMUSG00000024091;SE:17:65889748-65894039:65894161-65899286:-	SE	A485	0.09260499403291084
ENSMUSG00000024146;A5:17:87333103-87335127:87333081-87335127:+	A5	A485	0.0005078906091670055
ENSMUSG00000024240;AF:18:6462991-6490463:6490856:6462991-6515865:6516108:-	AF	A485	0.6888183801106763
ENSMUSG00000024425;AF:18:38543449:38543539-38575970:38552037:38552229-38575970:+	AF	A485	-0.16925027398279546
ENSMUSG00000024446;A5:17:36568416-36568498:36568416-36568675:-	A5	A485	0.29196565218847964
ENSMUSG00000024446;SE:17:36568416-36568498:36568598-36568675:-	SE	A485	0.5790952755819938
ENSMUSG00000024576;AL:18:61713522-61715107:61715187:61713522-61720497:61720602:+	AL	A485	0.11479352321509599
ENSMUSG00000024576;AL:18:61713558-61715107:61715189:61713558-61720497:61721375:+	AL	A485	0.028338307493946
ENSMUSG00000024667;AF:19:10532528-10533063:10533115:10532528-10533479:10533602:-	AF	A485	0.2768400346456794
ENSMUSG00000024667;AF:19:10532528-10533077:10533120:10532528-10533479:10533602:-	AF	A485	0.3273235254339787
ENSMUSG00000024712;AF:19:17371407:17371756-17372562:17371932:17371983-17372562:+	AF	A485	0.055268585113414925
ENSMUSG00000024750;AF:19:21250051:21250106-21253790:21250610:21250706-21253790:+	AF	A485	0.0031683404005469484
ENSMUSG00000024750;SE:19:21254453-21255019:21255122-21256989:+	SE	A485	0.001577625911726277
ENSMUSG00000024789;AF:19:29229228:29229518-29239583:29229841:29229919-29239583:+	AF	A485	0.06576679205555824
ENSMUSG00000024805;AF:19:36356468:36356559-36389356:36387148:36387309-36389356:+	AF	A485	0.42959503023141216
ENSMUSG00000024844;SE:19:5415186-5415846:5415984-5416596:-	SE	A485	0.22298280601232123
ENSMUSG00000024856;A5:19:4147917-4148005:4147907-4148005:+	A5	A485	0.11811379994291604
ENSMUSG00000024986;AF:19:37423258:37423681-37425637:37425187:37425302-37425637:+	AF	A485	0.2102887489178979
ENSMUSG00000025283;SE:X:153997130-153998117:153998226-153998597:-	SE	A485	-0.5715817694368657
ENSMUSG00000025290;AF:14:24540798:24540826-24541818:24540835:24541092-24541818:+	AF	A485	0.13531885179861136
ENSMUSG00000025290;SE:14:24543561-24544120:24544137-24545498:+	SE	A485	0.2552727858435083
ENSMUSG00000025290;SE:14:24543561-24545498:24545517-24545843:+	SE	A485	0.23389007931743777
ENSMUSG00000025545;AF:14:122419116:122419193-122548656:122495453:122495665-122548656:+	AF	A485	0.006258151252745925
ENSMUSG00000025795;AF:10:121253097-121297815:121298118:121253097-121311908:121312252:-	AF	A485	0.25465855648830715
ENSMUSG00000025817;SE:2:5850196-5852919:5853001-5859627:+	SE	A485	0.40883264859492424
ENSMUSG00000026018;A3:1:60067405-60082229:60067395-60082229:-	A3	A485	0.10231744217530866
ENSMUSG00000026245;A3:1:78456748-78458945:78456650-78458945:-	A3	A485	0.20091567644068137
ENSMUSG00000026353;AF:1:128171701:128171857-128179940:128171899:128172289-128179940:+	AF	A485	-0.0371138566840617
ENSMUSG00000026511;SE:1:181952540-181956249:181956317-181958901:+	SE	A485	0.12312877560519142
ENSMUSG00000026558;SE:1:167057559-167062261:167062403-167064172:-	SE	A485	0.2028138830257853
ENSMUSG00000026605;A5:1:189411338-189412418:189411338-189412469:-	A5	A485	0.3923222772650683
ENSMUSG00000026659;AF:1:170708597-170712477:170712573:170708597-170712636:170712768:-	AF	A485	0.19444111282721793
ENSMUSG00000026683;A3:1:169356380-169358891:169353018-169358891:-	A3	A485	0.26839118571436016
ENSMUSG00000026974;AF:2:24839804:24840059-24841485:24840222:24840486-24841485:+	AF	A485	0.4223106253347978
ENSMUSG00000026986;AF:2:23938846-23939011:23939091:23938846-23939332:23939406:-	AF	A485	-0.03817614862627461
ENSMUSG00000027012;AF:2:71042102:71042189-71044783:71042348:71042418-71044783:+	AF	A485	0.684238338426793
ENSMUSG00000027079;SE:2:84554561-84555873:84556500-84557507:-	SE	A485	-0.013766829097737243
ENSMUSG00000027109;SE:2:72801858-72809242:72809373-72809831:-	SE	A485	0.38412616678858924
ENSMUSG00000027122;AF:2:106799903-106800656:106800736:106799903-106804617:106804769:-	AF	A485	-0.0038420617119756
ENSMUSG00000027201;SE:2:124940438-124940717:124940767-124942239:-	SE	A485	0.00036345556596573125
ENSMUSG00000027346;AF:2:132414174-132419988:132420153:132414174-132429541:132429649:-	AF	A485	0.8494428908393186
ENSMUSG00000027346;SE:2:132398896-132400527:132400602-132406547:-	SE	A485	0.2271566556256387
ENSMUSG00000027357;AF:2:132688586:132689045-132691786:132689654:132689800-132691786:+	AF	A485	0.02056146580218554
ENSMUSG00000027357;AF:2:132688586:132689045-132691786:132689658:132689811-132691786:+	AF	A485	0.39232475199593486
ENSMUSG00000027361;AF:2:126505008-126517276:126517464:126505008-126517954:126518257:-	AF	A485	0.6496790777269372
ENSMUSG00000027454;AF:2:150747320:150747381-150754701:150751514:150751713-150754701:+	AF	A485	-0.14262149791762335
ENSMUSG00000027469;SE:2:152690217-152690297:152690431-152696841:+	SE	A485	0.5569447032907316
ENSMUSG00000027620;SE:2:156019305-156020800:156020872-156021097:-	SE	A485	0.10957402389049001
ENSMUSG00000027671;AF:3:32760447:32760577-32766017:32762656:32763029-32766017:+	AF	A485	-0.03619273828928282
ENSMUSG00000027680;SE:3:34118468-34119123:34119203-34122310:+	SE	A485	0.47242031983119825
ENSMUSG00000027680;SE:3:34118468-34122310:34122401-34123066:+	SE	A485	0.40475870448783446
ENSMUSG00000027715;SE:3:36623238-36624225:36624314-36624885:-	SE	A485	-0.2366684882545772
ENSMUSG00000027942;AL:3:89966107-89967669:89968301:89966107-89968945:89969752:+	AL	A485	0.36681997013037665
ENSMUSG00000027942;SE:3:89960916-89963514:89963631-89965792:+	SE	A485	0.6643945725513992
ENSMUSG00000027944;SE:3:89903211-89903318:89903424-89903554:-	SE	A485	0.2718342930358093
ENSMUSG00000027944;SE:3:89904881-89905045:89905310-89905835:-	SE	A485	0.3103559938242363
ENSMUSG00000028109;SE:3:95492525-95492846:95492900-95494692:+	SE	A485	-0.030893246978217603
ENSMUSG00000028433;SE:4:41235594-41251535:41251671-41275040:-	SE	A485	0.012576449067706386
ENSMUSG00000028483;MX:4:83372385-83373252:83373288-83384202:83372385-83378400:83378596-83384202:+	MX	A485	0.6609906667016281
ENSMUSG00000028483;SE:4:83372385-83373252:83373288-83384202:+	SE	A485	0.5891131941342735
ENSMUSG00000028484;A3:4:83380710-83381832:83380411-83381832:-	A3	A485	0.2328693484726404
ENSMUSG00000028560;A3:4:98812480-98814673:98812480-98814692:+	A3	A485	0.0898345501199137
ENSMUSG00000028639;A3:4:119136408-119138767:119136396-119138767:-	A3	A485	0.005464583401908585
ENSMUSG00000028676;A3:4:135590513-135590834:135590513-135590837:+	A3	A485	-0.011119134364416472
ENSMUSG00000028676;AL:4:135590887-135591040:135591180:135590887-135594437:135595693:+	AL	A485	-0.4555859879826319
ENSMUSG00000028676;AL:4:135590887-135591040:135593126:135590887-135594437:135595693:+	AL	A485	-0.10904812229256389
ENSMUSG00000028676;AL:4:135590887-135591040:135593126:135590887-135594437:135597219:+	AL	A485	0.16622034885401527
ENSMUSG00000028691;A3:4:116542857-116544575:116542857-116544604:+	A3	A485	0.287020172796175
ENSMUSG00000028691;AF:4:116542796:116542857-116544604:116543084:116543333-116544604:+	AF	A485	0.33797810427833497
ENSMUSG00000028693;SE:4:116462960-116467600:116468574-116469169:-	SE	A485	0.1060753018499224
ENSMUSG00000028693;SE:4:116469278-116471527:116471607-116476067:-	SE	A485	0.6362980063399568
ENSMUSG00000028868;A5:4:132858039-132903752:132858034-132903752:+	A5	A485	0.27577506722870326
ENSMUSG00000028907;RI:4:124573495:124573605-124575986:124576116:-	RI	A485	-0.0012317583922133446
ENSMUSG00000028907;RI:4:124576206:124576299-124577028:124577141:-	RI	A485	-0.0012317583922133446
ENSMUSG00000029068;A3:4:155902444-155902996:155902444-155904786:+	A3	A485	0.3377598939014609
ENSMUSG00000029068;RI:4:155902996:155903121-155904786:155904885:+	RI	A485	0.5813875320313535
ENSMUSG00000029068;SE:4:155902444-155902996:155903121-155904786:+	SE	A485	0.30062606980742257
ENSMUSG00000029076;AF:4:156077368:156077791-156080646:156077834:156078026-156080646:+	AF	A485	0.051194759698520165
ENSMUSG00000029076;AF:4:156077627:156077791-156080646:156077834:156078026-156080646:+	AF	A485	0.03313533636487609
ENSMUSG00000029110;A5:5:34493885-34499866:34493828-34499866:+	A5	A485	-0.07994933315472469
ENSMUSG00000029110;AF:5:34493633:34493885-34499866:34494029:34494153-34499866:+	AF	A485	-0.003154065251822935
ENSMUSG00000029110;AF:5:34493672:34493885-34499866:34494029:34494153-34499866:+	AF	A485	-0.05792064556703447
ENSMUSG00000029110;AF:5:34493724:34493828-34499866:34494029:34494153-34499866:+	AF	A485	-0.0030871156381253595
ENSMUSG00000029177;A3:5:30826396-30827036:30826396-30827082:+	A3	A485	-0.2973961069883273
ENSMUSG00000029177;SE:5:30824457-30827036:30827172-30829808:+	SE	A485	0.22443612466884616
ENSMUSG00000029247;A5:5:77099515-77099616:77099248-77099616:+	A5	A485	0.38022268061426207
ENSMUSG00000029249;AF:5:77413338:77413635-77415779:77414043:77414260-77415779:+	AF	A485	0.3369156298102533
ENSMUSG00000029322;AF:5:100710628-100710707:100711289:100710628-100720011:100720111:-	AF	A485	0.11992764587894678
ENSMUSG00000029390;SE:5:124681227-124681550:124681570-124684959:+	SE	A485	0.11168905252658634
ENSMUSG00000029397;SE:5:92105509-92105737:92105856-92110489:-	SE	A485	0.19942876331767942
ENSMUSG00000029451;A5:4:143578649-143579325:143578224-143579325:+	A5	A485	0.036363477009207945
ENSMUSG00000029465;AF:5:122529941:122530060-122534880:122533877:122533949-122534880:+	AF	A485	0.06379468463814347
ENSMUSG00000029465;AF:5:122530029:122530060-122534880:122533877:122533949-122534880:+	AF	A485	0.17543032671067485
ENSMUSG00000029465;AL:5:122543241-122543932:122544126:122543241-122552067:122552247:+	AL	A485	0.19980368916495872
ENSMUSG00000029470;SE:5:122865354-122865462:122865527-122865808:+	SE	A485	-0.100031918115981
ENSMUSG00000029610;A5:5:143843573-143846399:143843573-143846519:-	A5	A485	0.03560844823387188
ENSMUSG00000029614;A3:5:121345258-121346454:121345258-121346473:+	A3	A485	-0.15518864264458898
ENSMUSG00000029836;AF:6:51447340:51447411-51448796:51447675:51447714-51448796:+	AF	A485	0.05002581672015741
ENSMUSG00000029836;AF:6:51447675:51447714-51448796:51447726:51447864-51448796:+	AF	A485	0.017233627715231847
ENSMUSG00000029836;SE:6:51452353-51455418:51455580-51458704:+	SE	A485	0.3024924360553777
ENSMUSG00000029920;A5:6:65019945-65020190:65019714-65020190:+	A5	A485	0.01711590520182782
ENSMUSG00000030042;A5:6:82629148-82629366:82629148-82629460:-	A5	A485	0.26330294024883394
ENSMUSG00000030042;AF:6:82629148-82629366:82629499:82629148-82629605:82629910:-	AF	A485	0.10824927116959995
ENSMUSG00000030057;A5:6:87822539-87822638:87822539-87822656:-	A5	A485	0.19647919028997773
ENSMUSG00000030057;A5:6:87822539-87822656:87822539-87822659:-	A5	A485	0.14398759590690927
ENSMUSG00000030105;AF:6:108760060:108760338-108790588:108771858:108771893-108790588:+	AF	A485	0.004443212387866602
ENSMUSG00000030189;SE:6:131347377-131352937:131353143-131356321:-	SE	A485	0.059932566736986215
ENSMUSG00000030246;SE:6:142436330-142439826:142439943-142441294:-	SE	A485	0.21533916130762842
ENSMUSG00000030335;A5:6:125169396-125169479:125169171-125169479:+	A5	A485	-0.08976265469605049
ENSMUSG00000030432;A3:7:4796625-4797049:4796625-4797063:+	A3	A485	0.04450991499450235
ENSMUSG00000030512;AF:7:65708751:65708835-65711872:65710047:65710333-65711872:+	AF	A485	-0.004621863325309117
ENSMUSG00000030512;AF:7:65708751:65708835-65711872:65710292:65710440-65711872:+	AF	A485	0.35024568051691496
ENSMUSG00000030662;AF:14:121148636:121148755-121154768:121153259:121153581-121154768:+	AF	A485	0.04466912213958385
ENSMUSG00000030774;AF:7:97437748:97438181-97503643:97492142:97492348-97503643:+	AF	A485	0.0377270932581645
ENSMUSG00000031134;A3:X:56437058-56438212:56437042-56438212:-	A3	A485	0.14764777363650583
ENSMUSG00000031134;A3:X:56437061-56438212:56437058-56438212:-	A3	A485	-0.015070059698772481
ENSMUSG00000031154;A3:X:7740192-7740469:7740192-7740472:+	A3	A485	0.3933668924161803
ENSMUSG00000031154;A5:X:7738438-7739793:7738420-7739793:+	A5	A485	0.23654678995521272
ENSMUSG00000031154;RI:X:7733754:7733818-7733906:7734062:+	RI	A485	0.3933668924161804
ENSMUSG00000031226;AL:X:104126411-104126622:104128792:104126411-104159920:104160696:+	AL	A485	0.5935409007270893
ENSMUSG00000031362;A3:X:72285801-72286184:72285788-72286184:-	A3	A485	0.5081282892133276
ENSMUSG00000031601;AF:8:40963267-40964581:40964763:40963267-40968745:40968888:-	AF	A485	0.07433330611294825
ENSMUSG00000031601;AF:8:40963267-40964581:40964795:40963267-40968745:40968888:-	AF	A485	0.27483311556174717
ENSMUSG00000031683;SE:8:79539709-79546616:79546714-79547677:-	SE	A485	-0.06129847131886523
ENSMUSG00000031812;A5:8:122320389-122322725:122320284-122322725:+	A5	A485	0.3168340663443365
ENSMUSG00000031812;AF:8:122317220:122317303-122320229:122317451:122317662-122320229:+	AF	A485	0.3212068488062204
ENSMUSG00000031812;RI:8:122320229:122320284-122322725:122322831:+	RI	A485	0.31469252913982415
ENSMUSG00000031812;RI:8:122320229:122320389-122322725:122322831:+	RI	A485	0.29610917631389577
ENSMUSG00000031879;A3:8:105367725-105367943:105367720-105367943:-	A3	A485	0.1432726817683997
ENSMUSG00000032113;AF:9:36635316-36637093:36637159:36635316-36637859:36638361:-	AF	A485	0.45328381673312035
ENSMUSG00000032113;AF:9:36637174-36637679:36637747:36637174-36637859:36637866:-	AF	A485	0.17757299016233308
ENSMUSG00000032328;SE:9:79684613-79687823:79687930-79700256:-	SE	A485	0.010115489301892988
ENSMUSG00000032407;SE:9:95377986-95382741:95382926-95384593:-	SE	A485	0.3550867845891419
ENSMUSG00000032745;SE:13:111585533-111589558:111589781-111589907:-	SE	A485	0.05582169173172591
ENSMUSG00000032883;SE:1:78635820-78640858:78640997-78659310:+	SE	A485	-0.18174907144871655
ENSMUSG00000032883;SE:1:78635820-78659310:78659727-78665954:+	SE	A485	-0.034877239613787435
ENSMUSG00000033020;A5:15:79030383-79035536:79030338-79035536:+	A5	A485	0.10217382959599897
ENSMUSG00000033107;AF:18:21077682:21077814-21107356:21094529:21094857-21107356:+	AF	A485	0.2953833779998494
ENSMUSG00000033499;SE:13:9208265-9208587:9208838-9214711:+	SE	A485	0.11678126755852927
ENSMUSG00000033952;SE:1:139404640-139405084:139408878-139410076:+	SE	A485	0.16904729182118652
ENSMUSG00000033964;AF:1:139350026:139350064-139350772:139350120:139350161-139350772:+	AF	A485	0.06312078013799494
ENSMUSG00000034024;A3:10:116887212-116888921:116887181-116888921:-	A3	A485	0.3593958294783694
ENSMUSG00000034300;AF:18:34891959:34892197-34895548:34892626:34892650-34895548:+	AF	A485	0.6595669160283439
ENSMUSG00000034333;AL:15:88639136-88654741:88655079:88639136-88663612:88668719:+	AL	A485	-0.027200882334135756
ENSMUSG00000034349;A3:3:68913546-68914522:68913546-68914597:+	A3	A485	0.43602493398961156
ENSMUSG00000034349;A5:3:68912448-68913409:68912423-68913409:+	A5	A485	0.21565506015316463
ENSMUSG00000034349;A5:3:68913557-68914522:68913546-68914522:+	A5	A485	0.4674576925681734
ENSMUSG00000034391;AF:18:84952907:84953305-84975445:84970241:84970383-84975445:+	AF	A485	0.3184638147247246
ENSMUSG00000034391;AF:18:84953283:84953305-84975445:84970241:84970383-84975445:+	AF	A485	0.6148770206870875
ENSMUSG00000034858;AF:9:74860166:74860290-74860996:74860308:74860341-74860996:+	AF	A485	0.38302789338872856
ENSMUSG00000035227;AF:7:99498266-99507971:99508106:99498266-99512435:99512578:-	AF	A485	0.4219241136794954
ENSMUSG00000035227;SE:7:99498266-99512028:99512201-99512435:-	SE	A485	0.47914411044413907
ENSMUSG00000036992;SE:2:148514755-148516384:148516518-148517202:+	SE	A485	-0.17726154133932703
ENSMUSG00000037072;AF:3:144276065:144276172-144283347:144276454:144276560-144283347:+	AF	A485	0.10141109916683627
ENSMUSG00000037072;AL:3:144296436-144300662:144301193:144296436-144302584:144303422:+	AL	A485	0.001936125053302775
ENSMUSG00000037072;SE:3:144296436-144300662:144300711-144302584:+	SE	A485	0.13446810499969652
ENSMUSG00000037443;A3:4:133881707-133882988:133881701-133882988:-	A3	A485	-0.17743752397556745
ENSMUSG00000037465;AF:15:38298096-38299303:38299326:38298096-38300803:38300950:-	AF	A485	-0.2378500402844599
ENSMUSG00000037514;A5:2:131116183-131129394:131116040-131129394:+	A5	A485	0.25
ENSMUSG00000037514;SE:2:131116183-131129394:131129517-131135319:+	SE	A485	0.2499999497629114
ENSMUSG00000037608;A3:10:20197862-20198709:20197862-20198715:+	A3	A485	0.05067141082150317
ENSMUSG00000037712;SE:14:45713570-45713875:45713907-45719889:-	SE	A485	0.3439388627227622
ENSMUSG00000037722;A3:14:45618473-45619013:45618455-45619013:-	A3	A485	0.06769860496799185
ENSMUSG00000037722;A5:14:45622205-45626508:45622205-45626521:-	A5	A485	0.17157630688130165
ENSMUSG00000037805;MX:17:28547859-28547941:28548021-28549499:28547859-28548348:28548496-28549499:+	MX	A485	0.5338703428214631
ENSMUSG00000037805;SE:17:28548021-28548348:28548496-28549499:+	SE	A485	0.004165120507974129
ENSMUSG00000037885;SE:2:129643924-129652408:129653157-129669694:+	SE	A485	0.12845253939926465
ENSMUSG00000037966;AF:13:49340961:49341113-49347212:49343772:49343835-49347212:+	AF	A485	0.21979887435472756
ENSMUSG00000037966;AF:13:49341012:49341113-49347212:49343772:49343835-49347212:+	AF	A485	-0.092368885119998
ENSMUSG00000038005;SE:8:61346894-61348495:61348684-61349772:+	SE	A485	0.33907476295358163
ENSMUSG00000038028;SE:6:127069705-127078812:127078849-127086399:-	SE	A485	-0.18192101232893454
ENSMUSG00000038174;SE:1:58569418-58573644:58573811-58574549:-	SE	A485	0.07731841784068788
ENSMUSG00000038187;A5:7:112927666-112929062:112927666-112929151:-	A5	A485	0.15656658873271578
ENSMUSG00000038217;A5:11:75360727-75361226:75360444-75361226:+	A5	A485	0.2969718823867371
ENSMUSG00000038544;SE:4:59775549-59782254:59782334-59783728:-	SE	A485	0.16784287121220087
ENSMUSG00000038546;AF:13:43557165-43560088:43561504:43557165-43565887:43565960:-	AF	A485	0.2884714834859621
ENSMUSG00000038740;AF:2:33764472-33776798:33776857:33764472-33777332:33777494:-	AF	A485	-0.019123419631167815
ENSMUSG00000038740;AF:2:33764472-33776798:33776857:33764472-33777332:33777958:-	AF	A485	0.0751371826111128
ENSMUSG00000038812;RI:19:6887952:6888041-6888120:6888396:+	RI	A485	0.2798465489964379
ENSMUSG00000038845;AF:11:95557836:95557868-95558863:95557890:95557965-95558863:+	AF	A485	0.1459388008234178
ENSMUSG00000038965;SE:16:16972146-16977854:16978040-16994276:-	SE	A485	0.6514414092107058
ENSMUSG00000038965;SE:16:16978040-16989627:16989725-16994276:-	SE	A485	0.7515458656343107
ENSMUSG00000038965;SE:16:16978040-16994276:16994371-17019299:-	SE	A485	0.5557895542132153
ENSMUSG00000039163;A5:9:117944497-117979085:117944497-117979136:-	A5	A485	-0.0015516024366680758
ENSMUSG00000039630;A3:1:178156972-178157433:178152878-178157433:-	A3	A485	0.5880587519629186
ENSMUSG00000039630;SE:1:178151278-178151531:178151581-178152808:-	SE	A485	-0.04987673891353567
ENSMUSG00000039770;AF:17:73143448:73143786-73153274:73144531:73144814-73153274:+	AF	A485	-0.04422281280599105
ENSMUSG00000039770;AF:17:73143448:73143786-73153274:73147926:73148124-73153274:+	AF	A485	0.22004672175046702
ENSMUSG00000039770;AF:17:73144308:73144703-73153274:73147926:73148124-73153274:+	AF	A485	0.27666174758736883
ENSMUSG00000039770;AF:17:73144531:73144814-73153274:73147926:73148124-73153274:+	AF	A485	0.06270587028751144
ENSMUSG00000040139;SE:7:136978080-136978684:136978846-136989100:-	SE	A485	-0.004498610305040063
ENSMUSG00000040167;AL:7:130990381:130994309-130995484:130994376:130994448-130995484:-	AL	A485	0.2877340397592542
ENSMUSG00000040446;RI:18:24640162:24640288-24641051:24641148:-	RI	A485	0.1103785728398611
ENSMUSG00000040481;SE:11:106934651-106935318:106935491-106937826:-	SE	A485	0.3166888988796186
ENSMUSG00000040749;AF:X:162858665-162859011:162859117:162858665-162859183:162859489:-	AF	A485	0.030519787528796583
ENSMUSG00000040760;SE:14:26682995-26684763:26684834-26685604:-	SE	A485	0.20794736728540952
ENSMUSG00000040771;A5:17:48717400-48717856:48717265-48717856:+	A5	A485	0.002781674164595571
ENSMUSG00000040952;A5:7:24584294-24584561:24584274-24584561:+	A5	A485	0.011306321855021007
ENSMUSG00000040952;AF:7:24583796:24584092-24584561:24584139:24584294-24584561:+	AF	A485	0.1281019337958042
ENSMUSG00000040952;AF:7:24584058:24584092-24584561:24584238:24584274-24584561:+	AF	A485	-0.06912675915138133
ENSMUSG00000040952;SE:7:24584977-24585532:24585612-24587707:+	SE	A485	-0.11974635807613532
ENSMUSG00000041353;AL:X:149181791:149181912-149203338:149191574:149192596-149203338:-	AL	A485	0.0
ENSMUSG00000041353;AL:X:149181791:149181912-149203338:149191916:149192596-149203338:-	AL	A485	0.0
ENSMUSG00000041359;MX:12:105183960-105184482:105184551-105188792:105183960-105184918:105185088-105188792:-	MX	A485	0.43407005946153215
ENSMUSG00000041360;A3:19:27376504-27377079:27376500-27377079:-	A3	A485	0.16981399557424082
ENSMUSG00000041360;A3:19:27397521-27398697:27397517-27398697:-	A3	A485	0.1409231296685226
ENSMUSG00000041431;A5:13:100916293-100916530:100916293-100917284:-	A5	A485	0.36903420026921613
ENSMUSG00000041431;SE:13:100916293-100916530:100916640-100917284:-	SE	A485	0.1326329597740481
ENSMUSG00000041718;A3:X:143101117-143102895:143101117-143102999:+	A3	A485	0.16662232246270675
ENSMUSG00000041841;AF:15:5146127:5146166-5146769:5146183:5146408-5146769:+	AF	A485	0.06700270799636943
ENSMUSG00000041841;AF:15:5146183:5146408-5146769:5146431:5146548-5146769:+	AF	A485	0.0764262918602362
ENSMUSG00000041857;SE:19:11645780-11666031:11666212-11668306:-	SE	A485	0.04517737967361535
ENSMUSG00000041920;AF:11:109354374-109357102:109357185:109354374-109363764:109364120:-	AF	A485	0.3765577354142843
ENSMUSG00000041920;SE:11:109349431-109350625:109350768-109354136:-	SE	A485	0.3759503112163204
ENSMUSG00000042279;A5:6:115926702-115926851:115926673-115926851:+	A5	A485	0.20817635542575896
ENSMUSG00000042279;A5:6:115926706-115926851:115926673-115926851:+	A5	A485	0.22209010512221916
ENSMUSG00000042396;SE:9:48405481-48405583:48405687-48406455:-	SE	A485	0.2785601569468535
ENSMUSG00000043510;A5:5:110982665-110983841:110982665-110983846:-	A5	A485	0.2571254896317558
ENSMUSG00000043872;A3:4:126943699-126944357:126943405-126944357:-	A3	A485	0.27505271597996384
ENSMUSG00000044155;SE:6:18849665-18850910:18851000-18851635:+	SE	A485	-0.14888564363017331
ENSMUSG00000044768;AF:1:97582414-97589280:97589401:97582414-97589556:97589799:-	AF	A485	0.3961950423097519
ENSMUSG00000045378;AF:17:29160343-29161171:29161238:29160343-29162752:29162814:-	AF	A485	0.09393506815182073
ENSMUSG00000045519;AF:9:20265545-20266770:20266942:20265545-20296313:20296473:-	AF	A485	0.4553227181276363
ENSMUSG00000046516;SE:16:38169691-38170039:38170093-38172988:+	SE	A485	-0.029882946286380885
ENSMUSG00000046679;A3:6:86423250-86424293:86423250-86424323:+	A3	A485	0.0454531565798042
ENSMUSG00000046679;A5:6:86415829-86420709:86415776-86420709:+	A5	A485	0.5239525183217242
ENSMUSG00000046679;A5:6:86416240-86420709:86415776-86420709:+	A5	A485	0.5537679968194442
ENSMUSG00000046679;AF:6:86415356:86415469-86420709:86415674:86415776-86420709:+	AF	A485	0.5073905597261308
ENSMUSG00000046679;AF:6:86415356:86415469-86420709:86415674:86415829-86420709:+	AF	A485	0.06078097447210207
ENSMUSG00000046679;AF:6:86415356:86415469-86420709:86415709:86416240-86420709:+	AF	A485	0.018973301283153
ENSMUSG00000047044;A3:19:18691023-18694583:18691023-18694586:+	A3	A485	0.2361970420658544
ENSMUSG00000047139;AF:10:43455165:43455318-43458600:43455931:43456149-43458600:+	AF	A485	0.03654668139060191
ENSMUSG00000047996;A5:X:77564427-77627310:77564427-77627375:-	A5	A485	0.18753255704578786
ENSMUSG00000048271;SE:5:28544306-28547393:28547512-28557470:+	SE	A485	0.0378403235318463
ENSMUSG00000048668;AF:6:128339147-128339331:128339775:128339147-128339802:128339874:-	AF	A485	0.2412242323934676
ENSMUSG00000049164;A5:19:40883234-40885528:40883230-40885528:+	A5	A485	0.10979908896572299
ENSMUSG00000049164;SE:19:40885609-40896503:40896647-40899477:+	SE	A485	0.10979908896572299
ENSMUSG00000049439;SE:1:60391329-60392068:60392234-60393673:+	SE	A485	0.000780664341400482
ENSMUSG00000049517;AF:13:91071077:91071318-91071706:91071336:91071525-91071706:+	AF	A485	0.10622424588200657
ENSMUSG00000049606;AF:5:106814711-106815382:106815483:106814711-106843664:106843841:-	AF	A485	0.9666458346261018
ENSMUSG00000049606;AF:5:106814711-106815382:106815483:106814711-106844398:106844463:-	AF	A485	1.0
ENSMUSG00000050608;A5:4:138833214-138858099:138833214-138858233:-	A5	A485	0.03373056680611902
ENSMUSG00000050608;AF:4:138833214-138838528:138838554:138833214-138858099:138858305:-	AF	A485	0.039883049216326905
ENSMUSG00000050608;AF:4:138833214-138838528:138838554:138833214-138858233:138858424:-	AF	A485	0.100430600611782
ENSMUSG00000051256;A5:6:113419765-113424219:113419758-113424219:+	A5	A485	0.2360858714111697
ENSMUSG00000051391;A3:5:135961496-135963177:135959803-135963177:-	A3	A485	0.11447735302296513
ENSMUSG00000051391;AL:5:135937263:135940505-135963177:135959534:135961496-135963177:-	AL	A485	0.39697371256559
ENSMUSG00000051391;AL:5:135937263:135940505-135963177:135959615:135959803-135963177:-	AL	A485	0.3309411935543498
ENSMUSG00000051391;RI:5:135937263:135937975-135939841:135940505:-	RI	A485	0.29476896642223466
ENSMUSG00000052033;AF:2:170353155:170353389-170357659:170353440:170353475-170357659:+	AF	A485	0.22972847621616954
ENSMUSG00000052033;AF:2:170353365:170353389-170357659:170353440:170353475-170357659:+	AF	A485	0.40443776736139847
ENSMUSG00000053110;SE:9:7938539-7950493:7950540-7952954:-	SE	A485	0.14085630197835416
ENSMUSG00000053453;AF:14:8507911:8507969-8515107:8508486:8508578-8515107:+	AF	A485	0.051396330932861306
ENSMUSG00000053453;AF:14:8508557:8508578-8515107:8512132:8512303-8515107:+	AF	A485	0.37262828345013355
ENSMUSG00000053453;RI:14:8515107:8515197-8516225:8516352:+	RI	A485	0.453455401876661
ENSMUSG00000053453;RI:14:8515107:8515224-8516225:8516352:+	RI	A485	0.07503984628237775
ENSMUSG00000053931;SE:3:121244007-121245032:121245169-121245532:+	SE	A485	0.23723670100559868
ENSMUSG00000054469;A5:17:73415172-73468818:73415151-73468818:+	A5	A485	0.2705098105279111
ENSMUSG00000055067;AL:1:179205100:179205364-179232848:179222789:179223396-179232848:-	AL	A485	-0.01001480479741683
ENSMUSG00000056162;RI:18:84654172:84654334-84655940:84656089:-	RI	A485	0.24928386691175908
ENSMUSG00000056536;A5:1:105585575-105586612:105585575-105586641:-	A5	A485	0.47775112894410166
ENSMUSG00000056579;A3:11:3595523-3596557:3595454-3596557:-	A3	A485	0.013674075191053126
ENSMUSG00000057113;SE:11:33106104-33106664:33106747-33106991:-	SE	A485	-0.0796750213062315
ENSMUSG00000058291;A3:5:138614827-138615317:138614821-138615317:-	A3	A485	0.29515144823658834
ENSMUSG00000058291;SE:5:138610427-138614732:138614821-138615317:-	SE	A485	0.28228095790830954
ENSMUSG00000058704;AF:17:74565500-74595453:74595643:74565500-74601687:74601785:-	AF	A485	0.46758222158287177
ENSMUSG00000058704;MX:17:74509360-74524022:74524098-74532427:74509360-74527483:74527535-74532427:-	MX	A485	0.0953703985265616
ENSMUSG00000058704;SE:17:74509360-74527483:74527535-74532427:-	SE	A485	0.2563588984354105
ENSMUSG00000058704;SE:17:74509360-74532427:74532569-74548900:-	SE	A485	0.7133506882129279
ENSMUSG00000060288;AL:4:119157207:119157399-119167956:119164357:119165080-119167956:-	AL	A485	0.06268259228507911
ENSMUSG00000061136;A5:2:53034891-53035245:53034891-53035298:-	A5	A485	0.37440593694403307
ENSMUSG00000061371;SE:10:81894330-81894517:81894577-81895351:+	SE	A485	0.15036210834411512
ENSMUSG00000061477;AF:12:28681773-28682280:28682389:28681773-28683767:28683907:-	AF	A485	-0.007804818554715737
ENSMUSG00000062169;AF:1:180972258:180972466-180983424:180982303:180982469-180983424:+	AF	A485	0.06239486259723076
ENSMUSG00000062170;SE:X:67805837-67807538:67807615-67815651:+	SE	A485	0.37628690656278607
ENSMUSG00000062170;SE:X:67807615-67812562:67812699-67815651:+	SE	A485	-0.1522146445886413
ENSMUSG00000062627;SE:4:94836396-94836566:94836671-94839163:-	SE	A485	0.0940494184127375
ENSMUSG00000062797;SE:7:89569399-89572772:89572923-89584935:-	SE	A485	0.11447354875590376
ENSMUSG00000062797;SE:7:89572923-89584935:89585172-89590177:-	SE	A485	-0.03036976291096105
ENSMUSG00000063334;RI:10:111813017:111813142-111813220:111813303:+	RI	A485	0.2292180739507011
ENSMUSG00000063334;SE:10:111815052-111815792:111815962-111818706:+	SE	A485	0.31596642431760114
ENSMUSG00000063480;AL:15:81925679:81926398-81931688:81927251:81928218-81931688:-	AL	A485	0.04609801188462104
ENSMUSG00000063550;AF:7:101845095-101858946:101859074:101845095-101859225:101859383:-	AF	A485	0.5306278246407469
ENSMUSG00000063714;A3:2:72817976-72818694:72817976-72818716:+	A3	A485	0.4527667691123468
ENSMUSG00000063714;A3:2:72817976-72818712:72817976-72818716:+	A3	A485	0.08423790250875599
ENSMUSG00000063787;A3:14:20753265-20753344:20753265-20753358:+	A3	A485	0.6274581972086894
ENSMUSG00000064127;RI:X:12572538:12572684-12572771:12572931:-	RI	A485	0.07479258130934324
ENSMUSG00000064127;SE:X:12553440-12555568:12555699-12559824:-	SE	A485	0.07479258130934319
ENSMUSG00000064194;AF:7:42763653:42763706-42836594:42827012:42827127-42836594:+	AF	A485	0.01706611729954613
ENSMUSG00000064194;SE:7:42836977-42838467:42838574-42838726:+	SE	A485	0.11069243643964319
ENSMUSG00000064326;SE:12:112611518-112613272:112613466-112614259:+	SE	A485	-0.005979250869364794
ENSMUSG00000066000;A5:4:147725462-147726792:147725462-147726821:-	A5	A485	-0.008045016995330334
ENSMUSG00000066030;A3:4:143917359-143920012:143917359-143920545:+	A3	A485	0.15543062679915826
ENSMUSG00000066030;A5:4:143921939-143922379:143920855-143922379:+	A5	A485	0.15478769692395467
ENSMUSG00000066030;SE:4:143917359-143920012:143920075-143920545:+	SE	A485	0.10677885931390008
ENSMUSG00000066456;AL:9:82992001:82992482-82993046:82992773:82992927-82993046:-	AL	A485	0.3895618216226381
ENSMUSG00000066456;RI:9:82992001:82992482-82993046:82993159:-	RI	A485	0.34568644557188377
ENSMUSG00000066456;SE:9:82992482-82992841:82992927-82993046:-	SE	A485	0.24575868526623737
ENSMUSG00000066463;A3:9:78219917-78220187:78219818-78220187:-	A3	A485	0.18276654251585306
ENSMUSG00000066463;AF:9:78220357-78220609:78220729:78220357-78221979:78222078:-	AF	A485	0.19988585564698214
ENSMUSG00000066463;SE:9:78219591-78219752:78219818-78220187:-	SE	A485	0.038711119354213536
ENSMUSG00000066551;AF:5:148987561-148988089:148988426:148987561-148989710:148989826:-	AF	A485	0.2736218939298902
ENSMUSG00000066551;AF:5:148987561-148988089:148988426:148987561-148989710:148989850:-	AF	A485	0.06277316601006798
ENSMUSG00000068039;SE:17:13135516-13136685:13136770-13136930:+	SE	A485	0.15565072186755913
ENSMUSG00000068417;AF:14:51193449:51193685-51196972:51193701:51193915-51196972:+	AF	A485	0.22724858653994123
ENSMUSG00000070034;A3:1:85523448-85523683:85522154-85523683:-	A3	A485	0.4585123826957443
ENSMUSG00000070034;RI:1:85506778:85506920-85507365:85507466:-	RI	A485	0.136191463603145
ENSMUSG00000070677;AF:5:95604665:95604760-95629445:95621412:95621491-95629445:+	AF	A485	0.055202076161157465
ENSMUSG00000070837;A5:7:6998711-6999267:6998547-6999267:+	A5	A485	0.13607784561063346
ENSMUSG00000070837;A5:7:6998833-6999267:6998547-6999267:+	A5	A485	0.7075650693430551
ENSMUSG00000070837;AF:7:6998382:6998547-6999267:6998668:6998711-6999267:+	AF	A485	0.47873577248100785
ENSMUSG00000071072;SE:10:127906101-127907937:127908026-127910091:+	SE	A485	0.16025474797806905
ENSMUSG00000071533;A3:16:55844801-55849966:55844749-55849966:-	A3	A485	0.3330566067528796
ENSMUSG00000071533;AF:16:55844801-55844897:55845031:55844801-55849966:55850059:-	AF	A485	0.27248704546683034
ENSMUSG00000071533;SE:16:55842492-55844587:55844749-55849966:-	SE	A485	0.4880635686482969
ENSMUSG00000071533;SE:16:55842492-55844587:55844801-55849966:-	SE	A485	0.24059036916842147
ENSMUSG00000071533;SE:16:55842492-55844587:55845000-55849966:-	SE	A485	0.048408519714244154
ENSMUSG00000072694;AL:5:114946257:114947392-114951841:114950854:114951266-114951841:-	AL	A485	0.22277072288096808
ENSMUSG00000073079;AF:12:55127062:55127171-55135955:55127345:55127521-55135955:+	AF	A485	-0.14918499499128635
ENSMUSG00000073079;AL:12:55138118-55138492:55138686:55138118-55142600:55142674:+	AL	A485	0.027650600753214235
ENSMUSG00000073633;AF:1:84817562:84817689-84858813:84844157:84844264-84858813:+	AF	A485	0.36688699213143117
ENSMUSG00000073702;RI:1:39407010:39407087-39407230:39407336:+	RI	A485	-0.20040749249833728
ENSMUSG00000073705;A5:4:149216129-149216716:149216129-149216735:-	A5	A485	0.19906031777170485
ENSMUSG00000074129;MX:7:44775661-44775902:44775961-44776415:44775661-44776166:44776218-44776415:-	MX	A485	-0.0
ENSMUSG00000074238;SE:3:127606944-127609245:127609343-127610559:-	SE	A485	0.12364635459534876
ENSMUSG00000074354;A5:9:51754002-51786910:51754002-51787003:-	A5	A485	0.14281120544482068
ENSMUSG00000074354;A5:9:51754002-51786910:51754002-51787031:-	A5	A485	0.2011313085935007
ENSMUSG00000074366;SE:7:15484341-15484472:15484530-15491417:+	SE	A485	0.1921692520585903
ENSMUSG00000074397;A3:9:44346949-44347156:44346878-44347156:-	A3	A485	-0.004540133353096875
ENSMUSG00000074397;AL:9:44345070:44345320-44346720:44345497:44346606-44346720:-	AL	A485	-0.004514323372699393
ENSMUSG00000074698;SE:2:152096241-152099298:152099399-152099861:+	SE	A485	0.05965386989266963
ENSMUSG00000074781;SE:10:95377313-95377500:95377640-95378134:+	SE	A485	0.1565356840686178
ENSMUSG00000075054;AF:13:18166334-18167377:18167688:18166334-18167766:18167913:-	AF	A485	0.2941497247864039
ENSMUSG00000075427;AL:15:98083894:98085671-98087015:98086175:98086660-98087015:-	AL	A485	0.1288496445509445
ENSMUSG00000075610;MX:11:94669574-94669743:94669885-94670082:94669574-94669887:94669941-94670082:-	MX	A485	0.21135219919723322
ENSMUSG00000078713;SE:4:45105644-45106839:45106888-45107913:-	SE	A485	0.24570222858449664
ENSMUSG00000078919;AF:2:168069422-168071731:168071996:168069422-168072113:168072150:-	AF	A485	-0.1905976637699991
ENSMUSG00000078919;AF:2:168069422-168071731:168071996:168069422-168072113:168072248:-	AF	A485	0.25317813104344045
ENSMUSG00000078919;AF:2:168069422-168072113:168072150:168069422-168072309:168072511:-	AF	A485	0.2770211896928175
ENSMUSG00000078919;AF:2:168069422-168072113:168072248:168069422-168072309:168072511:-	AF	A485	0.5133080581421641
ENSMUSG00000078919;AF:2:168069422-168072113:168072282:168069422-168072309:168072511:-	AF	A485	0.42492008492829003
ENSMUSG00000078919;SE:2:168059696-168061140:168061165-168061957:-	SE	A485	0.3205576522692174
ENSMUSG00000078974;A5:11:16456472-16458079:16456472-16458104:-	A5	A485	0.42050911256779755
ENSMUSG00000078974;AF:11:16456472-16457980:16458069:16456472-16458079:16458484:-	AF	A485	0.052874422261390164
ENSMUSG00000079162;A3:9:88971647-88972646:88971644-88972646:-	A3	A485	0.10588345949559075
ENSMUSG00000079477;AF:6:87990680-87996618:87996765:87990680-88022055:88022252:-	AF	A485	0.3384613632340594
ENSMUSG00000079477;AF:6:87990680-88021919:88021999:87990680-88022055:88022252:-	AF	A485	0.05290272313280431
ENSMUSG00000079477;AF:6:87992700-87996618:87996765:87992700-88022055:88022227:-	AF	A485	0.47091069193956514
ENSMUSG00000079477;SE:6:87990680-87991568:87991702-87992614:-	SE	A485	0.4472815129215985
ENSMUSG00000079658;AF:1:16718231-16727046:16727108:16718231-16727216:16727262:-	AF	A485	0.4770620771971415
ENSMUSG00000085334;AL:4:126930442-126930725:126930806:126930442-126941483:126943191:+	AL	A485	0.056323292641190514
ENSMUSG00000086474;AF:11:79673382-79673596:79673713:79673382-79751410:79751542:-	AF	A485	0.0024708536720357555
ENSMUSG00000087491;SE:X:34239583-34240256:34240534-34241045:-	SE	A485	0.1454858260459222
ENSMUSG00000087491;SE:X:34239583-34240502:34240534-34241045:-	SE	A485	0.07011543976433143
ENSMUSG00000090254;A3:6:89118067-89121530:89118067-89121544:+	A3	A485	0.2097187444484333
ENSMUSG00000090254;A3:6:89118067-89121544:89118067-89121595:+	A3	A485	0.0851988376921306
ENSMUSG00000090254;SE:6:89118067-89121530:89121658-89122141:+	SE	A485	0.38512694287396915
ENSMUSG00000090254;SE:6:89118067-89121544:89121658-89122141:+	SE	A485	0.5193840458186487
ENSMUSG00000096917;A3:8:57959835-57963030:57959835-57963122:+	A3	A485	0.07801237540880968
ENSMUSG00000096917;AF:8:57940551:57940950-57943374:57941071:57941227-57943374:+	AF	A485	0.8541305381264943
ENSMUSG00000096917;AF:8:57940551:57940950-57943374:57941121:57941227-57943374:+	AF	A485	0.895641132176946
ENSMUSG00000096917;AF:8:57941044:57941227-57943374:57942643:57942816-57943374:+	AF	A485	0.06822123398599078
ENSMUSG00000096917;AF:8:57941084:57941102-57943374:57941121:57941227-57943374:+	AF	A485	0.4227571722396736
ENSMUSG00000097113;AF:1:136611110:136611211-136616482:136611367:136611441-136616482:+	AF	A485	0.4961040439176785
ENSMUSG00000097113;AL:1:136609300-136610240:136610465:136609300-136616482:136616491:+	AL	A485	0.342108067450575
ENSMUSG00000097727;RI:17:46090185:46090317-46091846:46091899:+	RI	A485	0.2224651295671286
ENSMUSG00000100969;AL:19:3195946:3196265-3203931:3199813:3200006-3203931:-	AL	A485	0.7934365356043389
ENSMUSG00000100969;AL:19:3195946:3196265-3203931:3203208:3203401-3203931:-	AL	A485	0.7934365356043389
ENSMUSG00000109734;AF:7:104558006:104558103-104559477:104559058:104559381-104559477:+	AF	A485	0.12428023817044487
ENSMUSG00000111270;A5:9:120621270-120622949:120621159-120622949:+	A5	A485	0.02987307079700474
ENSMUSG00000112286;AL:10:82607302-82613086:82613615:82607302-82631455:82631640:+	AL	A485	0.042759670702539956
ENSMUSG00000113738;AF:13:35236710:35236786-35263215:35262472:35262610-35263215:+	AF	A485	-0.15473907903428086
ENSMUSG00000113738;AL:13:35265280-35265521:35265537:35265280-35267084:35267243:+	AL	A485	-0.15473907903428086
ENSMUSG00000113784;RI:13:3168576:3168748-3168868:3168909:-	RI	A485	0.4895812234204523
ENSMUSG00000113902;AF:12:101935896-101941919:101942513:101935896-101943043:101943323:-	AF	A485	-0.10775199105237478
ENSMUSG00000114319;AF:13:38966827-38977579:38977636:38966827-39009559:39009731:-	AF	A485	0.3241253869778467
ENSMUSG00000117727;SE:18:35188833-35193165:35193209-35220525:-	SE	A485	0.052610959511394384
ENSMUSG00000118332;SE:5:143534889-143537164:143537296-143548512:+	SE	A485	0.463779007125784
ENSMUSG00000118504;A3:3:89966107-89967669:89966107-89968945:+	A3	A485	0.2229962064969938
ENSMUSG00000121465;AF:14:24343304:24343375-24346065:24343387:24343655-24346065:+	AF	A485	-0.007667943893575502
ENSMUSG00000121818;AF:5:115241587-115245952:115246021:115241587-115248252:115248327:-	AF	A485	-0.0650816232760415
ENSMUSG00000121889;AF:5:94487608:94487670-94529205:94525176:94525307-94529205:+	AF	A485	0.5643620558467936
ENSMUSG00000000028;SE:16:18626173-18627482:18627619-18629139:-	SE	A485+Dux	0.03108939973673125
ENSMUSG00000000399;A3:6:126821992-126826027:126821924-126826027:-	A3	A485+Dux	0.057280211100634415
ENSMUSG00000000441;RI:6:115597170:115597288-115598777:115598823:-	RI	A485+Dux	0.2546563628449747
ENSMUSG00000000441;SE:6:115603927-115608176:115608329-115609858:-	SE	A485+Dux	0.2546563628449747
ENSMUSG00000000568;AF:5:100115246-100124393:100124410:100115246-100126251:100126776:-	AF	A485+Dux	0.4490101224035424
ENSMUSG00000000568;AF:5:100115246-100124393:100124410:100115246-100126251:100126794:-	AF	A485+Dux	-0.0874822137119684
ENSMUSG00000000568;SE:5:100109192-100109957:100110063-100110374:-	SE	A485+Dux	0.2593238049407061
ENSMUSG00000000568;SE:5:100109192-100109993:100110063-100110374:-	SE	A485+Dux	0.04692638842303208
ENSMUSG00000000568;SE:5:100110471-100111590:100111736-100111843:-	SE	A485+Dux	0.25034683346931574
ENSMUSG00000000827;SE:2:181143846-181144669:181144728-181149959:+	SE	A485+Dux	0.34182560369773135
ENSMUSG00000000827;SE:2:181150060-181152297:181152323-181153367:+	SE	A485+Dux	0.5301306081426325
ENSMUSG00000001089;AL:4:136272713-136273308:136273705:136272713-136281815:136282091:+	AL	A485+Dux	0.8023612580847668
ENSMUSG00000001289;AF:15:102234624:102234695-102236957:102234818:102234970-102236957:+	AF	A485+Dux	0.780902038913288
ENSMUSG00000001289;SE:15:102234695-102234868:102234970-102236957:+	SE	A485+Dux	0.23949948365955853
ENSMUSG00000001289;SE:15:102234970-102235253:102235284-102236957:+	SE	A485+Dux	0.10457735144356028
ENSMUSG00000003779;AF:18:34757666:34757905-34758511:34758060:34758113-34758511:+	AF	A485+Dux	0.15029096240511464
ENSMUSG00000003779;RI:18:34761438:34761475-34761558:34761632:+	RI	A485+Dux	0.28490862992247523
ENSMUSG00000003779;RI:18:34761728:34761839-34761938:34762006:+	RI	A485+Dux	0.28490862992247534
ENSMUSG00000004359;AF:10:88516436-88518837:88518885:88516436-88520828:88520877:-	AF	A485+Dux	0.45072924328419206
ENSMUSG00000004359;SE:10:88511932-88512735:88512827-88513362:-	SE	A485+Dux	0.2614414748634527
ENSMUSG00000004642;AL:5:33792296:33792519-33799245:33797399:33798272-33799245:-	AL	A485+Dux	0.20880607367652296
ENSMUSG00000004642;SE:5:33802981-33803354:33803413-33807087:-	SE	A485+Dux	0.1405999677939413
ENSMUSG00000004980;SE:6:51444275-51444371:51444406-51446651:-	SE	A485+Dux	0.5329649439246045
ENSMUSG00000005204;AF:11:69571676-69572489:69572672:69571676-69572815:69572910:-	AF	A485+Dux	0.2329731512207982
ENSMUSG00000005370;AF:17:88282490:88282833-88287619:88287131:88287225-88287619:+	AF	A485+Dux	0.37951968204551684
ENSMUSG00000005672;A5:5:75799818-75801153:75799806-75801153:+	A5	A485+Dux	0.08113690272295093
ENSMUSG00000006398;A5:4:118292073-118292670:118292073-118292974:-	A5	A485+Dux	0.12092454623938743
ENSMUSG00000006398;SE:4:118292073-118292670:118292898-118292974:-	SE	A485+Dux	0.024509356133324056
ENSMUSG00000006418;SE:2:167345521-167348967:167349117-167352796:+	SE	A485+Dux	0.12406837079148297
ENSMUSG00000006818;A5:17:13227320-13229407:13227273-13229407:+	A5	A485+Dux	0.15744201049822548
ENSMUSG00000007656;A5:9:74945005-74945189:74945001-74945189:+	A5	A485+Dux	0.25833639948857634
ENSMUSG00000007656;AF:9:74945000:74945243-74959515:74959259:74959285-74959515:+	AF	A485+Dux	0.7457543781948304
ENSMUSG00000008859;AF:13:18071687-18118324:18118534:18071687-18118602:18118824:-	AF	A485+Dux	0.19783247580346275
ENSMUSG00000010592;AF:17:50596266-50599849:50599920:50596266-50600435:50600664:-	AF	A485+Dux	0.05594056830114308
ENSMUSG00000010607;AF:9:22068142:22068209-22069028:22068242:22068323-22069028:+	AF	A485+Dux	0.15276288049866615
ENSMUSG00000011257;SE:4:123189114-123189543:123189629-123189723:+	SE	A485+Dux	0.23473341111448953
ENSMUSG00000011960;SE:15:98444475-98444626:98444789-98446547:-	SE	A485+Dux	0.12080181398314638
ENSMUSG00000012405;A5:14:4198851-4199236:4198737-4199236:+	A5	A485+Dux	0.7038026224140991
ENSMUSG00000012405;A5:14:4198873-4199236:4198737-4199236:+	A5	A485+Dux	0.5323534908514035
ENSMUSG00000014226;A5:1:160034279-160035949:160034279-160035958:-	A5	A485+Dux	0.03716289243435755
ENSMUSG00000014633;SE:8:117620898-117623079:117623253-117637867:-	SE	A485+Dux	0.3705856137414139
ENSMUSG00000014769;AF:17:15714785-15718415:15718560:15714785-15719495:15720013:-	AF	A485+Dux	0.027244850345704563
ENSMUSG00000015357;SE:9:65217593-65219380:65219421-65223926:+	SE	A485+Dux	0.18416313389899253
ENSMUSG00000015575;AF:17:26895131:26895288-26901652:26895386:26895552-26901652:+	AF	A485+Dux	0.3460514347895137
ENSMUSG00000015697;A3:3:95247376-95247473:95247373-95247473:-	A3	A485+Dux	-0.02034851146197203
ENSMUSG00000015869;SE:11:116368941-116369351:116369466-116370478:-	SE	A485+Dux	0.1304282196461335
ENSMUSG00000016559;RI:11:115914451:115914604-115914708:115914845:-	RI	A485+Dux	0.24821947715831832
ENSMUSG00000016619;SE:15:84807851-84808970:84809097-84811569:+	SE	A485+Dux	0.027421007760665306
ENSMUSG00000017404;AF:11:97917536:97917588-97918649:97917750:97917816-97918649:+	AF	A485+Dux	0.05704588649382117
ENSMUSG00000017715;A3:11:117896717-117905400:117896717-117905473:+	A3	A485+Dux	0.10855096733662997
ENSMUSG00000018363;SE:11:106747090-106750538:106750622-106755538:-	SE	A485+Dux	0.210673620373236
ENSMUSG00000018363;SE:11:106759494-106759823:106759934-106762328:-	SE	A485+Dux	0.210673620373236
ENSMUSG00000018363;SE:11:106762436-106766727:106766765-106811007:-	SE	A485+Dux	0.21099214743986455
ENSMUSG00000018379;A3:11:87940041-87940238:87940041-87940803:+	A3	A485+Dux	0.601041681238817
ENSMUSG00000018379;SE:11:87940041-87940238:87940424-87940803:+	SE	A485+Dux	0.3036126893842447
ENSMUSG00000018648;AF:11:83941746-83957811:83957906:83941746-83959307:83959405:-	AF	A485+Dux	-0.025482171080398474
ENSMUSG00000018648;AF:11:83941746-83959096:83959183:83941746-83959307:83959405:-	AF	A485+Dux	0.0793711446565275
ENSMUSG00000018666;SE:11:96693648-96697442:96697590-96699010:+	SE	A485+Dux	0.1892529232803548
ENSMUSG00000019179;MX:5:135807655-135812159:135812327-135814783:135807655-135813038:135813121-135814783:+	MX	A485+Dux	0.11792632733151504
ENSMUSG00000019179;SE:5:135812327-135813038:135813121-135814783:+	SE	A485+Dux	0.04659467695092745
ENSMUSG00000019710;A5:3:87827012-87829124:87826958-87829124:+	A5	A485+Dux	0.21675956870772928
ENSMUSG00000019792;SE:10:30442502-30463435:30463591-30466021:-	SE	A485+Dux	0.1215136861141235
ENSMUSG00000019792;SE:10:30466931-30467017:30467098-30470111:-	SE	A485+Dux	0.13072153185280433
ENSMUSG00000019804;SE:10:42378488-42401950:42402045-42409145:+	SE	A485+Dux	0.10712030828218211
ENSMUSG00000019818;AF:10:41395497:41395696-41397914:41395888:41395946-41397914:+	AF	A485+Dux	-0.18578892043396278
ENSMUSG00000019837;A5:10:40133289-40133562:40133289-40133575:-	A5	A485+Dux	0.5263896730699302
ENSMUSG00000019843;MX:10:39402926-39405433:39405597-39408012:39402926-39405915:39406070-39408012:+	MX	A485+Dux	0.3900446627765709
ENSMUSG00000019843;SE:10:39402926-39405433:39405597-39408012:+	SE	A485+Dux	0.38733576493376687
ENSMUSG00000019942;AF:10:69185988-69186594:69186660:69185988-69188666:69188740:-	AF	A485+Dux	-0.018503934189136317
ENSMUSG00000020079;A5:10:62277025-62279158:62277025-62279174:-	A5	A485+Dux	-0.1032131657578717
ENSMUSG00000020107;AF:10:59832436-59838240:59838591:59832436-59838778:59838957:-	AF	A485+Dux	0.18639357530835432
ENSMUSG00000020107;SE:10:59826729-59832270:59832436-59838240:-	SE	A485+Dux	0.041417701718389766
ENSMUSG00000020107;SE:10:59826729-59832270:59832436-59838778:-	SE	A485+Dux	0.25443056963270205
ENSMUSG00000020115;A5:10:121407929-121412179:121407929-121412183:-	A5	A485+Dux	-0.40739248931096317
ENSMUSG00000020288;AF:11:23446881-23447502:23447538:23446881-23447775:23448030:-	AF	A485+Dux	0.292209478626797
ENSMUSG00000020358;A3:11:51492717-51493420:51492305-51493420:-	A3	A485+Dux	0.43801548889944514
ENSMUSG00000020358;SE:11:51492305-51492577:51492717-51493420:-	SE	A485+Dux	0.08482827891374356
ENSMUSG00000020530;AF:11:84760898-84761289:84761317:84760898-84761464:84761472:-	AF	A485+Dux	0.3778110153441736
ENSMUSG00000020561;SE:12:33479907-33483504:33483645-33486935:+	SE	A485+Dux	0.11204831581409302
ENSMUSG00000020687;A3:11:104417010-104417689:104416992-104417689:-	A3	A485+Dux	0.15136939266273194
ENSMUSG00000020687;SE:11:104411662-104412207:104412414-104413549:-	SE	A485+Dux	0.24053761648035454
ENSMUSG00000020737;AF:11:115394000-115404853:115404974:115394000-115405046:115405197:-	AF	A485+Dux	0.181184776364942
ENSMUSG00000020737;AF:11:115394000-115404853:115404974:115394000-115405046:115405213:-	AF	A485+Dux	0.3724434969235229
ENSMUSG00000020738;SE:11:115425509-115425896:115425971-115426605:-	SE	A485+Dux	0.2500750417355674
ENSMUSG00000020952;A3:12:51489366-51491578:51489366-51491767:+	A3	A485+Dux	0.22062802786079327
ENSMUSG00000020961;AF:12:91710652-91737365:91737944:91710652-91745773:91745911:-	AF	A485+Dux	0.04373924288885933
ENSMUSG00000020961;AF:12:91710652-91745773:91745911:91710652-91752901:91753210:-	AF	A485+Dux	-0.15171815725041948
ENSMUSG00000020961;AL:12:91680856:91680898-91707245:91701828:91702242-91707245:-	AL	A485+Dux	0.04373924288885955
ENSMUSG00000021018;AF:16:20536415:20536744-20537574:20536856:20536916-20537574:+	AF	A485+Dux	0.041524832738562556
ENSMUSG00000021018;AF:16:20536580:20536744-20537574:20536922:20537419-20537574:+	AF	A485+Dux	0.015327462148533921
ENSMUSG00000021192;SE:12:102460118-102461959:102462022-102463706:+	SE	A485+Dux	0.11401713125229052
ENSMUSG00000021243;AF:12:85017671:85017739-85017989:85017755:85017817-85017989:+	AF	A485+Dux	0.07870552361336935
ENSMUSG00000021270;A3:12:110662214-110662686:110662114-110662686:-	A3	A485+Dux	0.26158441595782794
ENSMUSG00000021270;AF:12:110662114-110662686:110662829:110662114-110669057:110669162:-	AF	A485+Dux	0.16483494828268597
ENSMUSG00000021282;AF:12:111504631:111504673-111505842:111505216:111505381-111505842:+	AF	A485+Dux	0.4110702778513067
ENSMUSG00000021376;AF:13:47195055-47196580:47196600:47195055-47198037:47198213:-	AF	A485+Dux	0.561014363260768
ENSMUSG00000021376;AL:13:47178655:47178848-47180728:47178927:47178953-47180728:-	AL	A485+Dux	0.3958474908317298
ENSMUSG00000021377;SE:13:47242091-47251631:47251819-47252819:-	SE	A485+Dux	0.13714267884995635
ENSMUSG00000021417;A3:13:35177213-35177997:35177203-35177997:-	A3	A485+Dux	-0.11545313178362787
ENSMUSG00000021687;A5:13:94389578-94421728:94389578-94422074:-	A5	A485+Dux	0.19944686658236258
ENSMUSG00000021771;AF:14:21875306:21875416-21881919:21881337:21881735-21881919:+	AF	A485+Dux	0.08258358075983158
ENSMUSG00000021831;AF:14:45544088-45544349:45544708:45544088-45556160:45556228:-	AF	A485+Dux	0.37273793140969924
ENSMUSG00000021831;AF:14:45544088-45555834:45556029:45544088-45556160:45556228:-	AF	A485+Dux	0.1791610923330068
ENSMUSG00000021963;AF:14:58035883:58036054-58038951:58036089:58036221-58038951:+	AF	A485+Dux	0.28479207672694085
ENSMUSG00000021969;SE:14:58084519-58087602:58087637-58094067:-	SE	A485+Dux	0.14724411841405605
ENSMUSG00000021981;AL:14:59776654-59784435:59786352:59776654-59822953:59823213:+	AL	A485+Dux	0.5363941909062984
ENSMUSG00000022024;SE:14:79857239-79859544:79859651-79862281:+	SE	A485+Dux	-0.09034705264466772
ENSMUSG00000022034;A3:14:66069243-66070113:66069015-66070113:-	A3	A485+Dux	0.19644763082191952
ENSMUSG00000022200;SE:15:12343237-12343359:12343407-12349454:+	SE	A485+Dux	0.291518922432108
ENSMUSG00000022257;SE:15:34238568-34258827:34258938-34272490:+	SE	A485+Dux	0.25662889868892513
ENSMUSG00000022285;SE:15:36791232-36793723:36793919-36794389:-	SE	A485+Dux	0.15214085118960974
ENSMUSG00000022292;AF:15:37947095-37953843:37955382:37947095-37961088:37961135:-	AF	A485+Dux	0.6280826089731782
ENSMUSG00000022292;SE:15:37947095-37953843:37953998-37961088:-	SE	A485+Dux	0.3542178858714611
ENSMUSG00000022299;A3:15:38961637-38963268:38961592-38963268:-	A3	A485+Dux	0.27696364810883856
ENSMUSG00000022370;SE:15:55406780-55411538:55411631-55418716:-	SE	A485+Dux	0.12286662191826503
ENSMUSG00000022433;AF:15:79323059-79325421:79326018:79323059-79326128:79326203:-	AF	A485+Dux	0.4869666953064061
ENSMUSG00000022433;AF:15:79323059-79325421:79326018:79323059-79339691:79339767:-	AF	A485+Dux	0.7087013467209256
ENSMUSG00000022533;A5:16:30151204-30152542:30151204-30152577:-	A5	A485+Dux	0.24491322884508174
ENSMUSG00000022533;SE:16:30134719-30140624:30140713-30141690:-	SE	A485+Dux	0.04895705917273907
ENSMUSG00000022706;A3:16:18694186-18695221:18694157-18695221:-	A3	A485+Dux	0.23953655815217456
ENSMUSG00000022774;A3:16:31775247-31775653:31775247-31775757:+	A3	A485+Dux	0.24743223917102009
ENSMUSG00000022774;AL:16:31775247-31775757:31777290:31775247-31780469:31780599:+	AL	A485+Dux	0.17372331907201222
ENSMUSG00000022812;SE:16:38028452-38037475:38037513-38040334:+	SE	A485+Dux	0.46001531273803714
ENSMUSG00000022940;AL:16:94159622:94160033-94166214:94165306:94165646-94166214:-	AL	A485+Dux	0.38440831670215825
ENSMUSG00000022940;AL:16:94159622:94160033-94166214:94165494:94165646-94166214:-	AL	A485+Dux	0.4096508097095798
ENSMUSG00000022948;AF:16:93383205-93383313:93383497:93383205-93384707:93385959:-	AF	A485+Dux	0.26462054699160165
ENSMUSG00000022948;RI:16:93382067:93382190-93383125:93383205:-	RI	A485+Dux	0.3436585984297945
ENSMUSG00000023852;A5:17:15951301-15952116:15951279-15952116:+	A5	A485+Dux	0.10524443868079558
ENSMUSG00000023940;A5:17:53995148-53996208:53995148-53996239:-	A5	A485+Dux	-0.16425845730505814
ENSMUSG00000024091;SE:17:65889748-65894039:65894161-65899286:-	SE	A485+Dux	0.28243440795128805
ENSMUSG00000024146;A5:17:87333103-87335127:87333081-87335127:+	A5	A485+Dux	0.0985367483791797
ENSMUSG00000024240;AF:18:6462991-6490463:6490856:6462991-6515865:6516108:-	AF	A485+Dux	0.6056863897260931
ENSMUSG00000024425;AF:18:38543449:38543539-38575970:38552037:38552229-38575970:+	AF	A485+Dux	0.32413346079859606
ENSMUSG00000024446;A5:17:36568416-36568498:36568416-36568675:-	A5	A485+Dux	0.26054680945910824
ENSMUSG00000024446;SE:17:36568416-36568498:36568598-36568675:-	SE	A485+Dux	0.03182515062100616
ENSMUSG00000024576;AL:18:61713522-61715107:61715187:61713522-61720497:61720602:+	AL	A485+Dux	0.2584300835716555
ENSMUSG00000024576;AL:18:61713558-61715107:61715189:61713558-61720497:61721375:+	AL	A485+Dux	0.4237901175770214
ENSMUSG00000024667;AF:19:10532528-10533063:10533115:10532528-10533479:10533602:-	AF	A485+Dux	0.2809565479879948
ENSMUSG00000024667;AF:19:10532528-10533077:10533120:10532528-10533479:10533602:-	AF	A485+Dux	0.38743487183002356
ENSMUSG00000024712;AF:19:17371407:17371756-17372562:17371932:17371983-17372562:+	AF	A485+Dux	0.18282006028782605
ENSMUSG00000024750;AF:19:21250051:21250106-21253790:21250610:21250706-21253790:+	AF	A485+Dux	0.33375928704447266
ENSMUSG00000024750;SE:19:21254453-21255019:21255122-21256989:+	SE	A485+Dux	0.2501342807779481
ENSMUSG00000024789;AF:19:29229228:29229518-29239583:29229841:29229919-29239583:+	AF	A485+Dux	0.07674512583120097
ENSMUSG00000024805;AF:19:36356468:36356559-36389356:36387148:36387309-36389356:+	AF	A485+Dux	0.49267709496264683
ENSMUSG00000024844;SE:19:5415186-5415846:5415984-5416596:-	SE	A485+Dux	0.19583734289894966
ENSMUSG00000024856;A5:19:4147917-4148005:4147907-4148005:+	A5	A485+Dux	0.08004486068230143
ENSMUSG00000024986;AF:19:37423258:37423681-37425637:37425187:37425302-37425637:+	AF	A485+Dux	0.19681723408141327
ENSMUSG00000025283;SE:X:153997130-153998117:153998226-153998597:-	SE	A485+Dux	-0.05301241324215619
ENSMUSG00000025290;AF:14:24540798:24540826-24541818:24540835:24541092-24541818:+	AF	A485+Dux	0.4888835634355059
ENSMUSG00000025290;SE:14:24543561-24544120:24544137-24545498:+	SE	A485+Dux	0.39891438477981506
ENSMUSG00000025290;SE:14:24543561-24545498:24545517-24545843:+	SE	A485+Dux	0.28602990475287127
ENSMUSG00000025545;AF:14:122419116:122419193-122548656:122495453:122495665-122548656:+	AF	A485+Dux	0.0796966861732622
ENSMUSG00000025795;AF:10:121253097-121297815:121298118:121253097-121311908:121312252:-	AF	A485+Dux	0.30108413247052224
ENSMUSG00000025817;SE:2:5850196-5852919:5853001-5859627:+	SE	A485+Dux	0.29217227784583877
ENSMUSG00000026018;A3:1:60067405-60082229:60067395-60082229:-	A3	A485+Dux	0.11219655270094267
ENSMUSG00000026245;A3:1:78456748-78458945:78456650-78458945:-	A3	A485+Dux	0.09194616791796473
ENSMUSG00000026353;AF:1:128171701:128171857-128179940:128171899:128172289-128179940:+	AF	A485+Dux	0.16377729151744647
ENSMUSG00000026511;SE:1:181952540-181956249:181956317-181958901:+	SE	A485+Dux	0.42388071318402876
ENSMUSG00000026558;SE:1:167057559-167062261:167062403-167064172:-	SE	A485+Dux	0.29558341131404997
ENSMUSG00000026605;A5:1:189411338-189412418:189411338-189412469:-	A5	A485+Dux	0.23856146107515996
ENSMUSG00000026659;AF:1:170708597-170712477:170712573:170708597-170712636:170712768:-	AF	A485+Dux	0.07001843246950434
ENSMUSG00000026683;A3:1:169356380-169358891:169353018-169358891:-	A3	A485+Dux	0.20542253279512468
ENSMUSG00000026974;AF:2:24839804:24840059-24841485:24840222:24840486-24841485:+	AF	A485+Dux	0.07706414390124205
ENSMUSG00000026986;AF:2:23938846-23939011:23939091:23938846-23939332:23939406:-	AF	A485+Dux	0.17834272893159397
ENSMUSG00000027012;AF:2:71042102:71042189-71044783:71042348:71042418-71044783:+	AF	A485+Dux	0.4930000761982451
ENSMUSG00000027079;SE:2:84554561-84555873:84556500-84557507:-	SE	A485+Dux	0.15231864343390522
ENSMUSG00000027109;SE:2:72801858-72809242:72809373-72809831:-	SE	A485+Dux	0.30289271015388725
ENSMUSG00000027122;AF:2:106799903-106800656:106800736:106799903-106804617:106804769:-	AF	A485+Dux	0.2460856731272488
ENSMUSG00000027201;SE:2:124940438-124940717:124940767-124942239:-	SE	A485+Dux	0.0802672621431032
ENSMUSG00000027346;AF:2:132414174-132419988:132420153:132414174-132429541:132429649:-	AF	A485+Dux	0.7194918980932573
ENSMUSG00000027346;SE:2:132398896-132400527:132400602-132406547:-	SE	A485+Dux	0.2573446041777996
ENSMUSG00000027357;AF:2:132688586:132689045-132691786:132689654:132689800-132691786:+	AF	A485+Dux	0.34455936569958967
ENSMUSG00000027357;AF:2:132688586:132689045-132691786:132689658:132689811-132691786:+	AF	A485+Dux	0.37452296728265533
ENSMUSG00000027361;AF:2:126505008-126517276:126517464:126505008-126517954:126518257:-	AF	A485+Dux	0.4706887646689228
ENSMUSG00000027454;AF:2:150747320:150747381-150754701:150751514:150751713-150754701:+	AF	A485+Dux	-0.06394265233857932
ENSMUSG00000027469;SE:2:152690217-152690297:152690431-152696841:+	SE	A485+Dux	0.5872725950305031
ENSMUSG00000027620;SE:2:156019305-156020800:156020872-156021097:-	SE	A485+Dux	0.38600429429650496
ENSMUSG00000027671;AF:3:32760447:32760577-32766017:32762656:32763029-32766017:+	AF	A485+Dux	0.3239771569381472
ENSMUSG00000027680;SE:3:34118468-34119123:34119203-34122310:+	SE	A485+Dux	0.5160277424709255
ENSMUSG00000027680;SE:3:34118468-34122310:34122401-34123066:+	SE	A485+Dux	0.46165916770036497
ENSMUSG00000027715;SE:3:36623238-36624225:36624314-36624885:-	SE	A485+Dux	0.2395132898234824
ENSMUSG00000027942;AL:3:89966107-89967669:89968301:89966107-89968945:89969752:+	AL	A485+Dux	0.2604717472209955
ENSMUSG00000027942;SE:3:89960916-89963514:89963631-89965792:+	SE	A485+Dux	0.2589840156209952
ENSMUSG00000027944;SE:3:89903211-89903318:89903424-89903554:-	SE	A485+Dux	0.15364068819901988
ENSMUSG00000027944;SE:3:89904881-89905045:89905310-89905835:-	SE	A485+Dux	0.3473453793213105
ENSMUSG00000028109;SE:3:95492525-95492846:95492900-95494692:+	SE	A485+Dux	0.3619258217581487
ENSMUSG00000028433;SE:4:41235594-41251535:41251671-41275040:-	SE	A485+Dux	0.3568546176434918
ENSMUSG00000028483;MX:4:83372385-83373252:83373288-83384202:83372385-83378400:83378596-83384202:+	MX	A485+Dux	0.36915393849751854
ENSMUSG00000028483;SE:4:83372385-83373252:83373288-83384202:+	SE	A485+Dux	0.3570129439986559
ENSMUSG00000028484;A3:4:83380710-83381832:83380411-83381832:-	A3	A485+Dux	0.25754690157867755
ENSMUSG00000028560;A3:4:98812480-98814673:98812480-98814692:+	A3	A485+Dux	0.06308182172873711
ENSMUSG00000028639;A3:4:119136408-119138767:119136396-119138767:-	A3	A485+Dux	0.05633489399677727
ENSMUSG00000028676;A3:4:135590513-135590834:135590513-135590837:+	A3	A485+Dux	0.07149956069570407
ENSMUSG00000028676;AL:4:135590887-135591040:135591180:135590887-135594437:135595693:+	AL	A485+Dux	0.22294103736950482
ENSMUSG00000028676;AL:4:135590887-135591040:135593126:135590887-135594437:135595693:+	AL	A485+Dux	0.12778591130583827
ENSMUSG00000028676;AL:4:135590887-135591040:135593126:135590887-135594437:135597219:+	AL	A485+Dux	0.3424809483779009
ENSMUSG00000028691;A3:4:116542857-116544575:116542857-116544604:+	A3	A485+Dux	0.23111258141304597
ENSMUSG00000028691;AF:4:116542796:116542857-116544604:116543084:116543333-116544604:+	AF	A485+Dux	0.21719275135345817
ENSMUSG00000028693;SE:4:116462960-116467600:116468574-116469169:-	SE	A485+Dux	0.14437247859580343
ENSMUSG00000028693;SE:4:116469278-116471527:116471607-116476067:-	SE	A485+Dux	0.7134920288075023
ENSMUSG00000028868;A5:4:132858039-132903752:132858034-132903752:+	A5	A485+Dux	0.2306183578908595
ENSMUSG00000028907;RI:4:124573495:124573605-124575986:124576116:-	RI	A485+Dux	0.4671458900334954
ENSMUSG00000028907;RI:4:124576206:124576299-124577028:124577141:-	RI	A485+Dux	0.4671458900334954
ENSMUSG00000029068;A3:4:155902444-155902996:155902444-155904786:+	A3	A485+Dux	0.39740116355591854
ENSMUSG00000029068;RI:4:155902996:155903121-155904786:155904885:+	RI	A485+Dux	0.5237101313616828
ENSMUSG00000029068;SE:4:155902444-155902996:155903121-155904786:+	SE	A485+Dux	0.14153347119933163
ENSMUSG00000029076;AF:4:156077368:156077791-156080646:156077834:156078026-156080646:+	AF	A485+Dux	0.6106745874887416
ENSMUSG00000029076;AF:4:156077627:156077791-156080646:156077834:156078026-156080646:+	AF	A485+Dux	0.34828235027294135
ENSMUSG00000029110;A5:5:34493885-34499866:34493828-34499866:+	A5	A485+Dux	0.23499082817681077
ENSMUSG00000029110;AF:5:34493633:34493885-34499866:34494029:34494153-34499866:+	AF	A485+Dux	0.2096290764964972
ENSMUSG00000029110;AF:5:34493672:34493885-34499866:34494029:34494153-34499866:+	AF	A485+Dux	0.49046200884446023
ENSMUSG00000029110;AF:5:34493724:34493828-34499866:34494029:34494153-34499866:+	AF	A485+Dux	0.2666431342993498
ENSMUSG00000029177;A3:5:30826396-30827036:30826396-30827082:+	A3	A485+Dux	-0.1308953180881981
ENSMUSG00000029177;SE:5:30824457-30827036:30827172-30829808:+	SE	A485+Dux	0.38660887773522756
ENSMUSG00000029247;A5:5:77099515-77099616:77099248-77099616:+	A5	A485+Dux	0.36459521850579946
ENSMUSG00000029249;AF:5:77413338:77413635-77415779:77414043:77414260-77415779:+	AF	A485+Dux	0.4163599609872418
ENSMUSG00000029322;AF:5:100710628-100710707:100711289:100710628-100720011:100720111:-	AF	A485+Dux	0.1799963825368348
ENSMUSG00000029390;SE:5:124681227-124681550:124681570-124684959:+	SE	A485+Dux	0.19532759934209923
ENSMUSG00000029397;SE:5:92105509-92105737:92105856-92110489:-	SE	A485+Dux	0.1275051881421238
ENSMUSG00000029451;A5:4:143578649-143579325:143578224-143579325:+	A5	A485+Dux	-0.01394581108085391
ENSMUSG00000029465;AF:5:122529941:122530060-122534880:122533877:122533949-122534880:+	AF	A485+Dux	0.41484484642264513
ENSMUSG00000029465;AF:5:122530029:122530060-122534880:122533877:122533949-122534880:+	AF	A485+Dux	0.12273023016761991
ENSMUSG00000029465;AL:5:122543241-122543932:122544126:122543241-122552067:122552247:+	AL	A485+Dux	0.24989927211180107
ENSMUSG00000029470;SE:5:122865354-122865462:122865527-122865808:+	SE	A485+Dux	0.16812121628617915
ENSMUSG00000029610;A5:5:143843573-143846399:143843573-143846519:-	A5	A485+Dux	0.18695970412865437
ENSMUSG00000029614;A3:5:121345258-121346454:121345258-121346473:+	A3	A485+Dux	0.1519249742397878
ENSMUSG00000029836;AF:6:51447340:51447411-51448796:51447675:51447714-51448796:+	AF	A485+Dux	0.5202865687676459
ENSMUSG00000029836;AF:6:51447675:51447714-51448796:51447726:51447864-51448796:+	AF	A485+Dux	0.5061650380416931
ENSMUSG00000029836;SE:6:51452353-51455418:51455580-51458704:+	SE	A485+Dux	0.5929431126659194
ENSMUSG00000029920;A5:6:65019945-65020190:65019714-65020190:+	A5	A485+Dux	0.48883345573797493
ENSMUSG00000030042;A5:6:82629148-82629366:82629148-82629460:-	A5	A485+Dux	0.4791840108431178
ENSMUSG00000030042;AF:6:82629148-82629366:82629499:82629148-82629605:82629910:-	AF	A485+Dux	0.43479684277198277
ENSMUSG00000030057;A5:6:87822539-87822638:87822539-87822656:-	A5	A485+Dux	0.20286697569460987
ENSMUSG00000030057;A5:6:87822539-87822656:87822539-87822659:-	A5	A485+Dux	0.16008325721811872
ENSMUSG00000030105;AF:6:108760060:108760338-108790588:108771858:108771893-108790588:+	AF	A485+Dux	0.38868196880581407
ENSMUSG00000030189;SE:6:131347377-131352937:131353143-131356321:-	SE	A485+Dux	0.00596600850930229
ENSMUSG00000030246;SE:6:142436330-142439826:142439943-142441294:-	SE	A485+Dux	0.23555798548875329
ENSMUSG00000030335;A5:6:125169396-125169479:125169171-125169479:+	A5	A485+Dux	0.31122734787460143
ENSMUSG00000030432;A3:7:4796625-4797049:4796625-4797063:+	A3	A485+Dux	-0.07145092260574315
ENSMUSG00000030512;AF:7:65708751:65708835-65711872:65710047:65710333-65711872:+	AF	A485+Dux	0.5186810479860926
ENSMUSG00000030512;AF:7:65708751:65708835-65711872:65710292:65710440-65711872:+	AF	A485+Dux	0.49296838525565034
ENSMUSG00000030662;AF:14:121148636:121148755-121154768:121153259:121153581-121154768:+	AF	A485+Dux	0.21515710003799582
ENSMUSG00000030774;AF:7:97437748:97438181-97503643:97492142:97492348-97503643:+	AF	A485+Dux	0.22841482633758367
ENSMUSG00000031134;A3:X:56437058-56438212:56437042-56438212:-	A3	A485+Dux	0.23136493244363282
ENSMUSG00000031134;A3:X:56437061-56438212:56437058-56438212:-	A3	A485+Dux	0.32134434238909226
ENSMUSG00000031154;A3:X:7740192-7740469:7740192-7740472:+	A3	A485+Dux	0.5005054339433865
ENSMUSG00000031154;A5:X:7738438-7739793:7738420-7739793:+	A5	A485+Dux	0.5692946855500273
ENSMUSG00000031154;RI:X:7733754:7733818-7733906:7734062:+	RI	A485+Dux	0.4990676019658384
ENSMUSG00000031226;AL:X:104126411-104126622:104128792:104126411-104159920:104160696:+	AL	A485+Dux	0.44599204364592604
ENSMUSG00000031362;A3:X:72285801-72286184:72285788-72286184:-	A3	A485+Dux	0.4532667151155185
ENSMUSG00000031601;AF:8:40963267-40964581:40964763:40963267-40968745:40968888:-	AF	A485+Dux	0.2312582021715144
ENSMUSG00000031601;AF:8:40963267-40964581:40964795:40963267-40968745:40968888:-	AF	A485+Dux	0.33498152356887195
ENSMUSG00000031683;SE:8:79539709-79546616:79546714-79547677:-	SE	A485+Dux	0.3840457322076424
ENSMUSG00000031812;A5:8:122320389-122322725:122320284-122322725:+	A5	A485+Dux	0.5088677610574245
ENSMUSG00000031812;AF:8:122317220:122317303-122320229:122317451:122317662-122320229:+	AF	A485+Dux	0.6593448544918803
ENSMUSG00000031812;RI:8:122320229:122320284-122322725:122322831:+	RI	A485+Dux	0.6459482752976585
ENSMUSG00000031812;RI:8:122320229:122320389-122322725:122322831:+	RI	A485+Dux	0.8532570312441181
ENSMUSG00000031879;A3:8:105367725-105367943:105367720-105367943:-	A3	A485+Dux	0.02320006071574887
ENSMUSG00000032113;AF:9:36635316-36637093:36637159:36635316-36637859:36638361:-	AF	A485+Dux	0.5347143311204218
ENSMUSG00000032113;AF:9:36637174-36637679:36637747:36637174-36637859:36637866:-	AF	A485+Dux	0.39005209930895535
ENSMUSG00000032328;SE:9:79684613-79687823:79687930-79700256:-	SE	A485+Dux	0.1391061022973734
ENSMUSG00000032407;SE:9:95377986-95382741:95382926-95384593:-	SE	A485+Dux	0.4633208377382064
ENSMUSG00000032745;SE:13:111585533-111589558:111589781-111589907:-	SE	A485+Dux	0.16617906496428858
ENSMUSG00000032883;SE:1:78635820-78640858:78640997-78659310:+	SE	A485+Dux	-0.06105650806337792
ENSMUSG00000032883;SE:1:78635820-78659310:78659727-78665954:+	SE	A485+Dux	0.011182784818893385
ENSMUSG00000033020;A5:15:79030383-79035536:79030338-79035536:+	A5	A485+Dux	0.021812420507682395
ENSMUSG00000033107;AF:18:21077682:21077814-21107356:21094529:21094857-21107356:+	AF	A485+Dux	0.0228002952676305
ENSMUSG00000033499;SE:13:9208265-9208587:9208838-9214711:+	SE	A485+Dux	0.1421011602582856
ENSMUSG00000033952;SE:1:139404640-139405084:139408878-139410076:+	SE	A485+Dux	0.30281695809216025
ENSMUSG00000033964;AF:1:139350026:139350064-139350772:139350120:139350161-139350772:+	AF	A485+Dux	0.2511441028762874
ENSMUSG00000034024;A3:10:116887212-116888921:116887181-116888921:-	A3	A485+Dux	-0.021717030542756144
ENSMUSG00000034300;AF:18:34891959:34892197-34895548:34892626:34892650-34895548:+	AF	A485+Dux	0.1723506561133153
ENSMUSG00000034333;AL:15:88639136-88654741:88655079:88639136-88663612:88668719:+	AL	A485+Dux	0.1812194858176624
ENSMUSG00000034349;A3:3:68913546-68914522:68913546-68914597:+	A3	A485+Dux	0.26037622662628657
ENSMUSG00000034349;A5:3:68912448-68913409:68912423-68913409:+	A5	A485+Dux	0.2620953616836346
ENSMUSG00000034349;A5:3:68913557-68914522:68913546-68914522:+	A5	A485+Dux	0.1784980590455605
ENSMUSG00000034391;AF:18:84952907:84953305-84975445:84970241:84970383-84975445:+	AF	A485+Dux	0.2809127045608727
ENSMUSG00000034391;AF:18:84953283:84953305-84975445:84970241:84970383-84975445:+	AF	A485+Dux	0.6813723450374009
ENSMUSG00000034858;AF:9:74860166:74860290-74860996:74860308:74860341-74860996:+	AF	A485+Dux	0.4195890782686298
ENSMUSG00000035227;AF:7:99498266-99507971:99508106:99498266-99512435:99512578:-	AF	A485+Dux	0.4068033099252779
ENSMUSG00000035227;SE:7:99498266-99512028:99512201-99512435:-	SE	A485+Dux	0.2540689383849392
ENSMUSG00000036992;SE:2:148514755-148516384:148516518-148517202:+	SE	A485+Dux	0.11151242654240245
ENSMUSG00000037072;AF:3:144276065:144276172-144283347:144276454:144276560-144283347:+	AF	A485+Dux	0.0493538221553165
ENSMUSG00000037072;AL:3:144296436-144300662:144301193:144296436-144302584:144303422:+	AL	A485+Dux	0.011265669970540725
ENSMUSG00000037072;SE:3:144296436-144300662:144300711-144302584:+	SE	A485+Dux	0.09509004155655554
ENSMUSG00000037443;A3:4:133881707-133882988:133881701-133882988:-	A3	A485+Dux	0.07765198911578264
ENSMUSG00000037465;AF:15:38298096-38299303:38299326:38298096-38300803:38300950:-	AF	A485+Dux	0.32309744573060956
ENSMUSG00000037514;A5:2:131116183-131129394:131116040-131129394:+	A5	A485+Dux	0.5692279852485906
ENSMUSG00000037514;SE:2:131116183-131129394:131129517-131135319:+	SE	A485+Dux	0.35247147936431045
ENSMUSG00000037608;A3:10:20197862-20198709:20197862-20198715:+	A3	A485+Dux	0.5476170097226227
ENSMUSG00000037712;SE:14:45713570-45713875:45713907-45719889:-	SE	A485+Dux	0.3146309931635713
ENSMUSG00000037722;A3:14:45618473-45619013:45618455-45619013:-	A3	A485+Dux	0.1328278508861589
ENSMUSG00000037722;A5:14:45622205-45626508:45622205-45626521:-	A5	A485+Dux	0.6059311662250134
ENSMUSG00000037805;MX:17:28547859-28547941:28548021-28549499:28547859-28548348:28548496-28549499:+	MX	A485+Dux	0.6176764569792854
ENSMUSG00000037805;SE:17:28548021-28548348:28548496-28549499:+	SE	A485+Dux	0.30169597565212114
ENSMUSG00000037885;SE:2:129643924-129652408:129653157-129669694:+	SE	A485+Dux	0.4017072452546224
ENSMUSG00000037966;AF:13:49340961:49341113-49347212:49343772:49343835-49347212:+	AF	A485+Dux	0.326602732232545
ENSMUSG00000037966;AF:13:49341012:49341113-49347212:49343772:49343835-49347212:+	AF	A485+Dux	0.5645062793149942
ENSMUSG00000038005;SE:8:61346894-61348495:61348684-61349772:+	SE	A485+Dux	0.27985336197583444
ENSMUSG00000038028;SE:6:127069705-127078812:127078849-127086399:-	SE	A485+Dux	-0.17257847832408424
ENSMUSG00000038174;SE:1:58569418-58573644:58573811-58574549:-	SE	A485+Dux	0.27196352345827735
ENSMUSG00000038187;A5:7:112927666-112929062:112927666-112929151:-	A5	A485+Dux	0.031446086242376436
ENSMUSG00000038217;A5:11:75360727-75361226:75360444-75361226:+	A5	A485+Dux	0.5393978956253922
ENSMUSG00000038544;SE:4:59775549-59782254:59782334-59783728:-	SE	A485+Dux	0.4541391547939765
ENSMUSG00000038546;AF:13:43557165-43560088:43561504:43557165-43565887:43565960:-	AF	A485+Dux	0.4141336480253073
ENSMUSG00000038740;AF:2:33764472-33776798:33776857:33764472-33777332:33777494:-	AF	A485+Dux	0.2461091060570692
ENSMUSG00000038740;AF:2:33764472-33776798:33776857:33764472-33777332:33777958:-	AF	A485+Dux	0.14859118391393167
ENSMUSG00000038812;RI:19:6887952:6888041-6888120:6888396:+	RI	A485+Dux	-0.037164441112202184
ENSMUSG00000038845;AF:11:95557836:95557868-95558863:95557890:95557965-95558863:+	AF	A485+Dux	0.03746079632092153
ENSMUSG00000038965;SE:16:16972146-16977854:16978040-16994276:-	SE	A485+Dux	0.34976195920382414
ENSMUSG00000038965;SE:16:16978040-16989627:16989725-16994276:-	SE	A485+Dux	0.7280265925389304
ENSMUSG00000038965;SE:16:16978040-16994276:16994371-17019299:-	SE	A485+Dux	0.5295031502131403
ENSMUSG00000039163;A5:9:117944497-117979085:117944497-117979136:-	A5	A485+Dux	-0.08583726005186365
ENSMUSG00000039630;A3:1:178156972-178157433:178152878-178157433:-	A3	A485+Dux	0.5528975750865557
ENSMUSG00000039630;SE:1:178151278-178151531:178151581-178152808:-	SE	A485+Dux	-0.3572523363539968
ENSMUSG00000039770;AF:17:73143448:73143786-73153274:73144531:73144814-73153274:+	AF	A485+Dux	0.02633949488436471
ENSMUSG00000039770;AF:17:73143448:73143786-73153274:73147926:73148124-73153274:+	AF	A485+Dux	0.1605471214932136
ENSMUSG00000039770;AF:17:73144308:73144703-73153274:73147926:73148124-73153274:+	AF	A485+Dux	0.1465176586683966
ENSMUSG00000039770;AF:17:73144531:73144814-73153274:73147926:73148124-73153274:+	AF	A485+Dux	0.19506452995001686
ENSMUSG00000040139;SE:7:136978080-136978684:136978846-136989100:-	SE	A485+Dux	0.29632833739667763
ENSMUSG00000040167;AL:7:130990381:130994309-130995484:130994376:130994448-130995484:-	AL	A485+Dux	0.3763981541187108
ENSMUSG00000040446;RI:18:24640162:24640288-24641051:24641148:-	RI	A485+Dux	0.3183717618246519
ENSMUSG00000040481;SE:11:106934651-106935318:106935491-106937826:-	SE	A485+Dux	0.3099086786037194
ENSMUSG00000040749;AF:X:162858665-162859011:162859117:162858665-162859183:162859489:-	AF	A485+Dux	0.3383507572302584
ENSMUSG00000040760;SE:14:26682995-26684763:26684834-26685604:-	SE	A485+Dux	0.19516039210487535
ENSMUSG00000040771;A5:17:48717400-48717856:48717265-48717856:+	A5	A485+Dux	0.03532791564840343
ENSMUSG00000040952;A5:7:24584294-24584561:24584274-24584561:+	A5	A485+Dux	-0.08316642884218628
ENSMUSG00000040952;AF:7:24583796:24584092-24584561:24584139:24584294-24584561:+	AF	A485+Dux	0.20878797188652132
ENSMUSG00000040952;AF:7:24584058:24584092-24584561:24584238:24584274-24584561:+	AF	A485+Dux	0.03949430419567235
ENSMUSG00000040952;SE:7:24584977-24585532:24585612-24587707:+	SE	A485+Dux	0.1513931991573904
ENSMUSG00000041353;AL:X:149181791:149181912-149203338:149191574:149192596-149203338:-	AL	A485+Dux	0.3099658694814193
ENSMUSG00000041353;AL:X:149181791:149181912-149203338:149191916:149192596-149203338:-	AL	A485+Dux	0.4651898968960899
ENSMUSG00000041359;MX:12:105183960-105184482:105184551-105188792:105183960-105184918:105185088-105188792:-	MX	A485+Dux	0.42770877317525824
ENSMUSG00000041360;A3:19:27376504-27377079:27376500-27377079:-	A3	A485+Dux	0.4467484867109185
ENSMUSG00000041360;A3:19:27397521-27398697:27397517-27398697:-	A3	A485+Dux	0.33637310910609197
ENSMUSG00000041431;A5:13:100916293-100916530:100916293-100917284:-	A5	A485+Dux	0.7128549827437549
ENSMUSG00000041431;SE:13:100916293-100916530:100916640-100917284:-	SE	A485+Dux	0.23565163218241247
ENSMUSG00000041718;A3:X:143101117-143102895:143101117-143102999:+	A3	A485+Dux	0.35748876417852093
ENSMUSG00000041841;AF:15:5146127:5146166-5146769:5146183:5146408-5146769:+	AF	A485+Dux	0.161280533991927
ENSMUSG00000041841;AF:15:5146183:5146408-5146769:5146431:5146548-5146769:+	AF	A485+Dux	0.45092638671895524
ENSMUSG00000041857;SE:19:11645780-11666031:11666212-11668306:-	SE	A485+Dux	-0.0102620442649628
ENSMUSG00000041920;AF:11:109354374-109357102:109357185:109354374-109363764:109364120:-	AF	A485+Dux	0.18155610147885515
ENSMUSG00000041920;SE:11:109349431-109350625:109350768-109354136:-	SE	A485+Dux	0.19341629654903172
ENSMUSG00000042279;A5:6:115926702-115926851:115926673-115926851:+	A5	A485+Dux	0.14736319002448162
ENSMUSG00000042279;A5:6:115926706-115926851:115926673-115926851:+	A5	A485+Dux	0.0578298738564994
ENSMUSG00000042396;SE:9:48405481-48405583:48405687-48406455:-	SE	A485+Dux	0.45242916294325114
ENSMUSG00000043510;A5:5:110982665-110983841:110982665-110983846:-	A5	A485+Dux	0.09181080190584934
ENSMUSG00000043872;A3:4:126943699-126944357:126943405-126944357:-	A3	A485+Dux	0.12030747864259972
ENSMUSG00000044155;SE:6:18849665-18850910:18851000-18851635:+	SE	A485+Dux	0.07975088833217833
ENSMUSG00000044768;AF:1:97582414-97589280:97589401:97582414-97589556:97589799:-	AF	A485+Dux	0.21485543990012804
ENSMUSG00000045378;AF:17:29160343-29161171:29161238:29160343-29162752:29162814:-	AF	A485+Dux	0.4089637101127416
ENSMUSG00000045519;AF:9:20265545-20266770:20266942:20265545-20296313:20296473:-	AF	A485+Dux	0.4519741508286039
ENSMUSG00000046516;SE:16:38169691-38170039:38170093-38172988:+	SE	A485+Dux	0.04784804828327399
ENSMUSG00000046679;A3:6:86423250-86424293:86423250-86424323:+	A3	A485+Dux	0.23525971477534968
ENSMUSG00000046679;A5:6:86415829-86420709:86415776-86420709:+	A5	A485+Dux	0.8834625449394139
ENSMUSG00000046679;A5:6:86416240-86420709:86415776-86420709:+	A5	A485+Dux	0.8970008378283644
ENSMUSG00000046679;AF:6:86415356:86415469-86420709:86415674:86415776-86420709:+	AF	A485+Dux	0.42531562247937127
ENSMUSG00000046679;AF:6:86415356:86415469-86420709:86415674:86415829-86420709:+	AF	A485+Dux	0.13597386519953814
ENSMUSG00000046679;AF:6:86415356:86415469-86420709:86415709:86416240-86420709:+	AF	A485+Dux	0.25198257860445417
ENSMUSG00000047044;A3:19:18691023-18694583:18691023-18694586:+	A3	A485+Dux	-0.06888859314285678
ENSMUSG00000047139;AF:10:43455165:43455318-43458600:43455931:43456149-43458600:+	AF	A485+Dux	0.035916206782005466
ENSMUSG00000047996;A5:X:77564427-77627310:77564427-77627375:-	A5	A485+Dux	0.07237128307882257
ENSMUSG00000048271;SE:5:28544306-28547393:28547512-28557470:+	SE	A485+Dux	0.34050551908583243
ENSMUSG00000048668;AF:6:128339147-128339331:128339775:128339147-128339802:128339874:-	AF	A485+Dux	0.4754114764580743
ENSMUSG00000049164;A5:19:40883234-40885528:40883230-40885528:+	A5	A485+Dux	0.0880938277869786
ENSMUSG00000049164;SE:19:40885609-40896503:40896647-40899477:+	SE	A485+Dux	0.0880938277869786
ENSMUSG00000049439;SE:1:60391329-60392068:60392234-60393673:+	SE	A485+Dux	0.458580695811982
ENSMUSG00000049517;AF:13:91071077:91071318-91071706:91071336:91071525-91071706:+	AF	A485+Dux	0.14848522663448466
ENSMUSG00000049606;AF:5:106814711-106815382:106815483:106814711-106843664:106843841:-	AF	A485+Dux	0.6063371522346643
ENSMUSG00000049606;AF:5:106814711-106815382:106815483:106814711-106844398:106844463:-	AF	A485+Dux	0.7073110155566733
ENSMUSG00000050608;A5:4:138833214-138858099:138833214-138858233:-	A5	A485+Dux	0.19699688283524092
ENSMUSG00000050608;AF:4:138833214-138838528:138838554:138833214-138858099:138858305:-	AF	A485+Dux	0.08211374190566367
ENSMUSG00000050608;AF:4:138833214-138838528:138838554:138833214-138858233:138858424:-	AF	A485+Dux	0.029220343017679395
ENSMUSG00000051256;A5:6:113419765-113424219:113419758-113424219:+	A5	A485+Dux	0.06649797751017991
ENSMUSG00000051391;A3:5:135961496-135963177:135959803-135963177:-	A3	A485+Dux	0.19901987443443347
ENSMUSG00000051391;AL:5:135937263:135940505-135963177:135959534:135961496-135963177:-	AL	A485+Dux	0.5105046112211029
ENSMUSG00000051391;AL:5:135937263:135940505-135963177:135959615:135959803-135963177:-	AL	A485+Dux	0.710825897979113
ENSMUSG00000051391;RI:5:135937263:135937975-135939841:135940505:-	RI	A485+Dux	0.3139531439475256
ENSMUSG00000052033;AF:2:170353155:170353389-170357659:170353440:170353475-170357659:+	AF	A485+Dux	0.2168101198464344
ENSMUSG00000052033;AF:2:170353365:170353389-170357659:170353440:170353475-170357659:+	AF	A485+Dux	0.4392629468096405
ENSMUSG00000053110;SE:9:7938539-7950493:7950540-7952954:-	SE	A485+Dux	0.20287563134178277
ENSMUSG00000053453;AF:14:8507911:8507969-8515107:8508486:8508578-8515107:+	AF	A485+Dux	0.37831306971721046
ENSMUSG00000053453;AF:14:8508557:8508578-8515107:8512132:8512303-8515107:+	AF	A485+Dux	0.7963700999439759
ENSMUSG00000053453;RI:14:8515107:8515197-8516225:8516352:+	RI	A485+Dux	0.7986312354063198
ENSMUSG00000053453;RI:14:8515107:8515224-8516225:8516352:+	RI	A485+Dux	0.23790311528554792
ENSMUSG00000053931;SE:3:121244007-121245032:121245169-121245532:+	SE	A485+Dux	0.3053267588265344
ENSMUSG00000054469;A5:17:73415172-73468818:73415151-73468818:+	A5	A485+Dux	0.6700095368370482
ENSMUSG00000055067;AL:1:179205100:179205364-179232848:179222789:179223396-179232848:-	AL	A485+Dux	0.07553885486233325
ENSMUSG00000056162;RI:18:84654172:84654334-84655940:84656089:-	RI	A485+Dux	0.2416814444370462
ENSMUSG00000056536;A5:1:105585575-105586612:105585575-105586641:-	A5	A485+Dux	0.48747281617070215
ENSMUSG00000056579;A3:11:3595523-3596557:3595454-3596557:-	A3	A485+Dux	0.40948018766416505
ENSMUSG00000057113;SE:11:33106104-33106664:33106747-33106991:-	SE	A485+Dux	-0.08313556355405305
ENSMUSG00000058291;A3:5:138614827-138615317:138614821-138615317:-	A3	A485+Dux	0.13882151449279445
ENSMUSG00000058291;SE:5:138610427-138614732:138614821-138615317:-	SE	A485+Dux	0.1341460388581931
ENSMUSG00000058704;AF:17:74565500-74595453:74595643:74565500-74601687:74601785:-	AF	A485+Dux	0.22240458106304037
ENSMUSG00000058704;MX:17:74509360-74524022:74524098-74532427:74509360-74527483:74527535-74532427:-	MX	A485+Dux	0.11424275559116526
ENSMUSG00000058704;SE:17:74509360-74527483:74527535-74532427:-	SE	A485+Dux	0.21896636844318057
ENSMUSG00000058704;SE:17:74509360-74532427:74532569-74548900:-	SE	A485+Dux	-0.006937284971478497
ENSMUSG00000060288;AL:4:119157207:119157399-119167956:119164357:119165080-119167956:-	AL	A485+Dux	0.27272030085975074
ENSMUSG00000061136;A5:2:53034891-53035245:53034891-53035298:-	A5	A485+Dux	0.30416549142852906
ENSMUSG00000061371;SE:10:81894330-81894517:81894577-81895351:+	SE	A485+Dux	0.1645462602217619
ENSMUSG00000061477;AF:12:28681773-28682280:28682389:28681773-28683767:28683907:-	AF	A485+Dux	0.32526346544852275
ENSMUSG00000062169;AF:1:180972258:180972466-180983424:180982303:180982469-180983424:+	AF	A485+Dux	0.08793169649241375
ENSMUSG00000062170;SE:X:67805837-67807538:67807615-67815651:+	SE	A485+Dux	0.32363199912962826
ENSMUSG00000062170;SE:X:67807615-67812562:67812699-67815651:+	SE	A485+Dux	0.07998875432317226
ENSMUSG00000062627;SE:4:94836396-94836566:94836671-94839163:-	SE	A485+Dux	0.5364265156395533
ENSMUSG00000062797;SE:7:89569399-89572772:89572923-89584935:-	SE	A485+Dux	0.22664465632541764
ENSMUSG00000062797;SE:7:89572923-89584935:89585172-89590177:-	SE	A485+Dux	0.27994793650039695
ENSMUSG00000063334;RI:10:111813017:111813142-111813220:111813303:+	RI	A485+Dux	0.3003134377689468
ENSMUSG00000063334;SE:10:111815052-111815792:111815962-111818706:+	SE	A485+Dux	0.18370215520171673
ENSMUSG00000063480;AL:15:81925679:81926398-81931688:81927251:81928218-81931688:-	AL	A485+Dux	0.9932836996764302
ENSMUSG00000063550;AF:7:101845095-101858946:101859074:101845095-101859225:101859383:-	AF	A485+Dux	0.37871363987632556
ENSMUSG00000063714;A3:2:72817976-72818694:72817976-72818716:+	A3	A485+Dux	0.6258564906891015
ENSMUSG00000063714;A3:2:72817976-72818712:72817976-72818716:+	A3	A485+Dux	0.3715997613518828
ENSMUSG00000063787;A3:14:20753265-20753344:20753265-20753358:+	A3	A485+Dux	0.4532915765307792
ENSMUSG00000064127;RI:X:12572538:12572684-12572771:12572931:-	RI	A485+Dux	0.2861560173570116
ENSMUSG00000064127;SE:X:12553440-12555568:12555699-12559824:-	SE	A485+Dux	0.2861560173570118
ENSMUSG00000064194;AF:7:42763653:42763706-42836594:42827012:42827127-42836594:+	AF	A485+Dux	0.21351636349000286
ENSMUSG00000064194;SE:7:42836977-42838467:42838574-42838726:+	SE	A485+Dux	0.20939689354082686
ENSMUSG00000064326;SE:12:112611518-112613272:112613466-112614259:+	SE	A485+Dux	0.04319258134894999
ENSMUSG00000066000;A5:4:147725462-147726792:147725462-147726821:-	A5	A485+Dux	0.05837727708099111
ENSMUSG00000066030;A3:4:143917359-143920012:143917359-143920545:+	A3	A485+Dux	0.28101423816416154
ENSMUSG00000066030;A5:4:143921939-143922379:143920855-143922379:+	A5	A485+Dux	0.2805853150367571
ENSMUSG00000066030;SE:4:143917359-143920012:143920075-143920545:+	SE	A485+Dux	0.21368353164872167
ENSMUSG00000066456;AL:9:82992001:82992482-82993046:82992773:82992927-82993046:-	AL	A485+Dux	0.537272703993908
ENSMUSG00000066456;RI:9:82992001:82992482-82993046:82993159:-	RI	A485+Dux	0.5035565939388538
ENSMUSG00000066456;SE:9:82992482-82992841:82992927-82993046:-	SE	A485+Dux	0.46066802740976326
ENSMUSG00000066463;A3:9:78219917-78220187:78219818-78220187:-	A3	A485+Dux	0.20645013253658917
ENSMUSG00000066463;AF:9:78220357-78220609:78220729:78220357-78221979:78222078:-	AF	A485+Dux	0.22042638340613885
ENSMUSG00000066463;SE:9:78219591-78219752:78219818-78220187:-	SE	A485+Dux	-0.017120937606484893
ENSMUSG00000066551;AF:5:148987561-148988089:148988426:148987561-148989710:148989826:-	AF	A485+Dux	0.35641825665223037
ENSMUSG00000066551;AF:5:148987561-148988089:148988426:148987561-148989710:148989850:-	AF	A485+Dux	0.4360252171771503
ENSMUSG00000068039;SE:17:13135516-13136685:13136770-13136930:+	SE	A485+Dux	0.321833533374991
ENSMUSG00000068417;AF:14:51193449:51193685-51196972:51193701:51193915-51196972:+	AF	A485+Dux	0.31201265933929195
ENSMUSG00000070034;A3:1:85523448-85523683:85522154-85523683:-	A3	A485+Dux	0.3996407977529953
ENSMUSG00000070034;RI:1:85506778:85506920-85507365:85507466:-	RI	A485+Dux	0.29927438922820127
ENSMUSG00000070677;AF:5:95604665:95604760-95629445:95621412:95621491-95629445:+	AF	A485+Dux	0.8413385649648546
ENSMUSG00000070837;A5:7:6998711-6999267:6998547-6999267:+	A5	A485+Dux	0.5422678010060333
ENSMUSG00000070837;A5:7:6998833-6999267:6998547-6999267:+	A5	A485+Dux	0.6274304308352625
ENSMUSG00000070837;AF:7:6998382:6998547-6999267:6998668:6998711-6999267:+	AF	A485+Dux	0.40575113658818907
ENSMUSG00000071072;SE:10:127906101-127907937:127908026-127910091:+	SE	A485+Dux	0.2975125745785986
ENSMUSG00000071533;A3:16:55844801-55849966:55844749-55849966:-	A3	A485+Dux	0.17743065417213977
ENSMUSG00000071533;AF:16:55844801-55844897:55845031:55844801-55849966:55850059:-	AF	A485+Dux	0.4425348338762457
ENSMUSG00000071533;SE:16:55842492-55844587:55844749-55849966:-	SE	A485+Dux	0.42523983457637426
ENSMUSG00000071533;SE:16:55842492-55844587:55844801-55849966:-	SE	A485+Dux	0.3725466683443156
ENSMUSG00000071533;SE:16:55842492-55844587:55845000-55849966:-	SE	A485+Dux	0.31193348421570777
ENSMUSG00000072694;AL:5:114946257:114947392-114951841:114950854:114951266-114951841:-	AL	A485+Dux	0.2985451044375581
ENSMUSG00000073079;AF:12:55127062:55127171-55135955:55127345:55127521-55135955:+	AF	A485+Dux	0.07659042686011591
ENSMUSG00000073079;AL:12:55138118-55138492:55138686:55138118-55142600:55142674:+	AL	A485+Dux	0.3094339003867239
ENSMUSG00000073633;AF:1:84817562:84817689-84858813:84844157:84844264-84858813:+	AF	A485+Dux	0.4908938037942596
ENSMUSG00000073702;RI:1:39407010:39407087-39407230:39407336:+	RI	A485+Dux	0.03758458482004981
ENSMUSG00000073705;A5:4:149216129-149216716:149216129-149216735:-	A5	A485+Dux	0.18149120061608182
ENSMUSG00000074129;MX:7:44775661-44775902:44775961-44776415:44775661-44776166:44776218-44776415:-	MX	A485+Dux	0.2345754544917511
ENSMUSG00000074238;SE:3:127606944-127609245:127609343-127610559:-	SE	A485+Dux	0.06803259544964874
ENSMUSG00000074354;A5:9:51754002-51786910:51754002-51787003:-	A5	A485+Dux	0.21768372229029154
ENSMUSG00000074354;A5:9:51754002-51786910:51754002-51787031:-	A5	A485+Dux	0.3314274353058209
ENSMUSG00000074366;SE:7:15484341-15484472:15484530-15491417:+	SE	A485+Dux	0.21065370377787762
ENSMUSG00000074397;A3:9:44346949-44347156:44346878-44347156:-	A3	A485+Dux	0.06445276602565131
ENSMUSG00000074397;AL:9:44345070:44345320-44346720:44345497:44346606-44346720:-	AL	A485+Dux	0.06555754536543446
ENSMUSG00000074698;SE:2:152096241-152099298:152099399-152099861:+	SE	A485+Dux	0.18233494908285508
ENSMUSG00000074781;SE:10:95377313-95377500:95377640-95378134:+	SE	A485+Dux	0.4523275241398425
ENSMUSG00000075054;AF:13:18166334-18167377:18167688:18166334-18167766:18167913:-	AF	A485+Dux	0.26072261494408455
ENSMUSG00000075427;AL:15:98083894:98085671-98087015:98086175:98086660-98087015:-	AL	A485+Dux	0.3924671014419572
ENSMUSG00000075610;MX:11:94669574-94669743:94669885-94670082:94669574-94669887:94669941-94670082:-	MX	A485+Dux	0.5081513102648001
ENSMUSG00000078713;SE:4:45105644-45106839:45106888-45107913:-	SE	A485+Dux	0.2311381547122479
ENSMUSG00000078919;AF:2:168069422-168071731:168071996:168069422-168072113:168072150:-	AF	A485+Dux	0.26556244470426765
ENSMUSG00000078919;AF:2:168069422-168071731:168071996:168069422-168072113:168072248:-	AF	A485+Dux	0.35087080749886196
ENSMUSG00000078919;AF:2:168069422-168072113:168072150:168069422-168072309:168072511:-	AF	A485+Dux	-0.08161971024867995
ENSMUSG00000078919;AF:2:168069422-168072113:168072248:168069422-168072309:168072511:-	AF	A485+Dux	0.2059220179177225
ENSMUSG00000078919;AF:2:168069422-168072113:168072282:168069422-168072309:168072511:-	AF	A485+Dux	0.09672436822665054
ENSMUSG00000078919;SE:2:168059696-168061140:168061165-168061957:-	SE	A485+Dux	0.19652031279604776
ENSMUSG00000078974;A5:11:16456472-16458079:16456472-16458104:-	A5	A485+Dux	0.4326201405183442
ENSMUSG00000078974;AF:11:16456472-16457980:16458069:16456472-16458079:16458484:-	AF	A485+Dux	0.2962406191222402
ENSMUSG00000079162;A3:9:88971647-88972646:88971644-88972646:-	A3	A485+Dux	0.3793218161143066
ENSMUSG00000079477;AF:6:87990680-87996618:87996765:87990680-88022055:88022252:-	AF	A485+Dux	0.34848281709940715
ENSMUSG00000079477;AF:6:87990680-88021919:88021999:87990680-88022055:88022252:-	AF	A485+Dux	0.15763448418564863
ENSMUSG00000079477;AF:6:87992700-87996618:87996765:87992700-88022055:88022227:-	AF	A485+Dux	0.46226664403472184
ENSMUSG00000079477;SE:6:87990680-87991568:87991702-87992614:-	SE	A485+Dux	0.40929976293399867
ENSMUSG00000079658;AF:1:16718231-16727046:16727108:16718231-16727216:16727262:-	AF	A485+Dux	0.6684266838707962
ENSMUSG00000085334;AL:4:126930442-126930725:126930806:126930442-126941483:126943191:+	AL	A485+Dux	0.09715686353470898
ENSMUSG00000086474;AF:11:79673382-79673596:79673713:79673382-79751410:79751542:-	AF	A485+Dux	0.029956043909436625
ENSMUSG00000087491;SE:X:34239583-34240256:34240534-34241045:-	SE	A485+Dux	0.10527444700588617
ENSMUSG00000087491;SE:X:34239583-34240502:34240534-34241045:-	SE	A485+Dux	0.052336053303170815
ENSMUSG00000090254;A3:6:89118067-89121530:89118067-89121544:+	A3	A485+Dux	0.08610842747858327
ENSMUSG00000090254;A3:6:89118067-89121544:89118067-89121595:+	A3	A485+Dux	0.10633148446023363
ENSMUSG00000090254;SE:6:89118067-89121530:89121658-89122141:+	SE	A485+Dux	0.21773681617594987
ENSMUSG00000090254;SE:6:89118067-89121544:89121658-89122141:+	SE	A485+Dux	0.2431457437123964
ENSMUSG00000096917;A3:8:57959835-57963030:57959835-57963122:+	A3	A485+Dux	0.2798763317614146
ENSMUSG00000096917;AF:8:57940551:57940950-57943374:57941071:57941227-57943374:+	AF	A485+Dux	0.5490342213091309
ENSMUSG00000096917;AF:8:57940551:57940950-57943374:57941121:57941227-57943374:+	AF	A485+Dux	0.9445940291119528
ENSMUSG00000096917;AF:8:57941044:57941227-57943374:57942643:57942816-57943374:+	AF	A485+Dux	0.30150433140751853
ENSMUSG00000096917;AF:8:57941084:57941102-57943374:57941121:57941227-57943374:+	AF	A485+Dux	0.29853931733625594
ENSMUSG00000097113;AF:1:136611110:136611211-136616482:136611367:136611441-136616482:+	AF	A485+Dux	0.01865628508910533
ENSMUSG00000097113;AL:1:136609300-136610240:136610465:136609300-136616482:136616491:+	AL	A485+Dux	0.3140900957070795
ENSMUSG00000097727;RI:17:46090185:46090317-46091846:46091899:+	RI	A485+Dux	0.33840467518468786
ENSMUSG00000100969;AL:19:3195946:3196265-3203931:3199813:3200006-3203931:-	AL	A485+Dux	0.5487835552980668
ENSMUSG00000100969;AL:19:3195946:3196265-3203931:3203208:3203401-3203931:-	AL	A485+Dux	0.5487835552980668
ENSMUSG00000109734;AF:7:104558006:104558103-104559477:104559058:104559381-104559477:+	AF	A485+Dux	0.08793351168325603
ENSMUSG00000111270;A5:9:120621270-120622949:120621159-120622949:+	A5	A485+Dux	0.15443284450387829
ENSMUSG00000112286;AL:10:82607302-82613086:82613615:82607302-82631455:82631640:+	AL	A485+Dux	0.10653920902540744
ENSMUSG00000113738;AF:13:35236710:35236786-35263215:35262472:35262610-35263215:+	AF	A485+Dux	-0.22776456070829182
ENSMUSG00000113738;AL:13:35265280-35265521:35265537:35265280-35267084:35267243:+	AL	A485+Dux	-0.22776456070829182
ENSMUSG00000113784;RI:13:3168576:3168748-3168868:3168909:-	RI	A485+Dux	0.17401484587021077
ENSMUSG00000113902;AF:12:101935896-101941919:101942513:101935896-101943043:101943323:-	AF	A485+Dux	0.4018708907661045
ENSMUSG00000114319;AF:13:38966827-38977579:38977636:38966827-39009559:39009731:-	AF	A485+Dux	0.23742571374455904
ENSMUSG00000117727;SE:18:35188833-35193165:35193209-35220525:-	SE	A485+Dux	0.32342060566958186
ENSMUSG00000118332;SE:5:143534889-143537164:143537296-143548512:+	SE	A485+Dux	0.050377362426558825
ENSMUSG00000118504;A3:3:89966107-89967669:89966107-89968945:+	A3	A485+Dux	0.1521738817074776
ENSMUSG00000121465;AF:14:24343304:24343375-24346065:24343387:24343655-24346065:+	AF	A485+Dux	0.0017417971680833144
ENSMUSG00000121818;AF:5:115241587-115245952:115246021:115241587-115248252:115248327:-	AF	A485+Dux	0.09008847608302617
ENSMUSG00000121889;AF:5:94487608:94487670-94529205:94525176:94525307-94529205:+	AF	A485+Dux	0.41996908771800256
