gene	coefficient	contribution_E2C_to_L2C	Oocyte	Zygote	Early-2-cell	Late-2-cell	4-cell	8-cell	16-cell
16601	-0.019932754592436968	-0.04533114756574305	0.4331295620851373	0.581165904883096	0.7838421210488599	3.0580459876304977	3.3089479007314946	3.177252415729694	3.1186614015052694
27060	-0.019755398159038262	-0.03566973111965815	-0.22967111050730687	-0.17262876467856872	0.21479476322333302	2.0203635921835805	2.7363453520819716	2.4604073841787377	2.5182757117157055
226830	0.031804953453274595	-0.026225103839301572	-0.07379396938267196	-0.8918026141131695	-0.9505164853597958	-1.7750768444192577	-0.4440478633592845	0.5955700980855935	0.537230181048516
225845	-0.010949767403301381	-0.023889466533188915	-0.23989485568723865	-0.4579993884441808	0.5487928515504579	2.7305256366675357	3.046017858676594	2.8254878300730453	2.6935142567291877
74513	-0.022684808124284125	-0.023511344377457014	-0.013280931084439547	-0.156720922805704	-0.1595091802327579	0.8769264928681346	1.4186350983607767	1.11027846571223	1.050894094385763
106564	-0.013523241408207416	-0.023305113828379572	0.08843318013562497	0.11137389474484444	0.2880334089954044	2.0113712630571845	2.4947314136605163	2.1870744370081647	2.1032480700606833
20200	0.024399101043478096	-0.023125148547789885	-0.09644098427152316	0.062737725266856	-0.32961839240227386	-1.2774053008863986	0.44895448072064625	1.112079504598474	1.1602099131970454
84095	-0.01591479283604847	-0.02285818153628017	0.1161998183312179	-0.2163251394691546	-0.4837952302852786	0.9524899775563395	0.6926256570361935	0.2107004735903238	0.49273983423786655
54561	0.012699591137237193	-0.022320053618147723	-0.012198672049597974	0.36609358487093446	0.1118416614714241	-1.6456994575258501	-1.168931715601635	-1.2452216410816723	-1.2528378571510383
19173	-0.008954702937037736	-0.020054009447960666	0.008241891203239421	-1.3981134700042486	-1.703352332668803	0.5361423316393628	0.6375129789434916	0.7075133879789962	0.7321044091534451
11363	0.014663941009133319	-0.019117394943918873	-0.0670551807232347	0.12376970746999066	0.13920844168971638	-1.164492584658641	0.9534256223592145	1.9736240333017476	2.0026243316571457
11932	-0.012393574621998872	-0.017534892179297247	0.2646997034261484	0.32912811440342965	0.18577272762595282	1.6006100698865484	2.1795792633916644	2.469404592502761	1.9827287616408826
66522	0.0115780449164405	-0.01702693033887432	-0.004357606411541252	-0.09724808911529587	0.004403152183087174	-1.466219086870119	-1.1840052952577906	-1.3536123342596862	-1.1170063237721708
66614	-0.013517191664869161	-0.015392162045870057	0.058546813513657654	0.4010204296187375	-0.03037457154630521	1.1083354821014428	1.6166320218859338	1.531681648033718	1.4500917890413063
381101	-0.006083071094564058	-0.014926308012156931	-0.07744525217268365	-0.592482742493928	-0.8457123793186262	1.6080330693405798	2.089742425667911	2.5082822065290418	2.4668622255299626
100502698	0.01730696406446664	-0.014907066255971048	-0.01936952518451088	0.033180642779656176	-0.15883559263105432	-1.0201689957885218	-1.4589678301130158	-1.6860063887356043	-1.827269609906774
108811	0.011762895845292519	-0.014487044827760892	0.0038349557020741095	0.13488364674462647	0.2497254319397318	-0.9818628621586616	-2.271676192260484	-2.411172056890288	-2.490040000091757
18976	-0.009041123581672401	-0.014139720141823782	-0.05469057010952947	-0.39037020068034795	-0.4092735369722264	1.1546604159367833	0.8790612090804746	0.6380312853608463	0.3531303867955263
93695	0.020840951603642202	-0.013820355755852182	0.034152239978640996	0.2794892189694134	0.33722029298485556	-0.3259142902477504	-1.625941150100453	-1.8078068917239591	-1.7451020538608413
16997	0.007685844360215609	-0.013745361371919148	-0.01590116754739363	-0.393619443718142	0.07453424112169864	-1.713865409939353	-2.1264477258183603	-2.007643982352418	-1.951063493497965
69215	-0.00657228819699247	-0.013428787100695982	-0.07294808036977511	-0.29347991173421106	-0.25936420761032625	1.7838795909256384	2.238231136025808	1.6172247977528165	1.3626187317115674
16570	-0.005132612975383385	-0.012995184246548741	0.29737307400199275	0.8232501964745762	0.6517061450778843	3.1835908417957492	3.2715499482425496	2.6107488825827385	2.647962938228064
13685	-0.009087672940032893	-0.012936192123241404	-0.07778847292439331	-0.386363616022023	-0.5245007327897376	0.8989871291308941	1.6466800853536567	2.2322695437006455	2.2601872829285816
27276	0.028673396110681915	-0.01265862201944225	-0.0178411751269521	0.3482731866383426	0.3888341032026998	-0.052642099008535205	-0.7589423459102402	-0.8462996805417133	-0.8029470958030318
100515	-0.015969915076996768	-0.012290959976011668	-0.15162584220754674	-0.26785901490982805	0.07558820307462387	0.8452203468119249	1.789792710787844	1.8792404052664666	1.7457607806951456
20500	-0.00490635730280101	-0.011620120411129515	-0.0062039136176286	0.3729844289418364	0.33877991486468567	2.7071603025905566	3.2742902501532853	3.6116777282955566	3.2765506838496194
74186	0.006927715155004229	-0.011533059465689692	-0.04268333009237905	0.041624127673240224	0.01106246836680009	-1.6537085575260293	-1.8308866759427234	-1.9739392611212006	-1.8459493630616721
212547	-0.007450619538041031	-0.011381722870858643	0.010202612654902158	0.08702078701532631	0.17375262384724793	1.7013736240535213	1.4532403133040317	1.2802778838096194	1.0106218193765852
71913	-0.006267821158640776	-0.011095707287917842	-0.1331290422922536	0.3236145965356006	0.1677020936313255	1.9379675506508476	1.5856264187360958	1.5921596266482003	1.499275133857117
21356	-0.012154166474457773	-0.01107391420723765	-0.04066207747204534	-0.01012497224266452	-0.42583245771046196	0.4852883690866454	0.10509890306309644	0.318543965252963	0.4719488739956128
54353	0.020160064584108198	-0.010943544725668908	0.012227628683607933	0.41829758397177075	0.44709822744803684	-0.09573459335033999	-0.5121352622545512	-0.9169272462250234	-1.0873044356666761
64660	-0.017225248272322646	-0.010805241312331678	-0.030701287831709476	-1.158832159491773	-0.9507277675353811	-0.32343687793505943	0.33760738646098004	0.47085741608012893	0.3925814153559905
72825	-0.008192316792233626	-0.010738250431343646	0.0015831883126421879	-0.9522650827838739	-1.2841474770834247	0.026623420048334567	0.4554214748854424	0.24226329627734142	0.35224515733987577
12978	-0.022304804731846907	-0.010690837644849025	0.014241081160890541	0.17474050081123405	-0.025754139447751376	0.45355234959694285	0.2119231577699889	-0.37134608209349557	-0.06779395735352038
330171	0.022065246398095654	-0.010586301585423697	-0.026037826208637312	-0.060907169824695975	0.1646411306356367	-0.315131512480524	-0.2718285947694608	0.08119409793224495	-0.02022795158115506
66416	-0.006878979935543828	-0.010201270461275872	0.0035326952821965033	-1.3219172655123874	-1.3021066723834132	0.1808559989518675	0.16340946245946963	0.1864946551145242	0.20767680620989923
66169	-0.007860826908464836	-0.009921440734774337	-0.006408624297963577	-1.0781278349137862	-1.1693084351542502	0.09282859575919655	0.5038305920652316	0.5717261219247471	0.5932676457392506
224008	0.011940161763406839	-0.009776287304584772	0.05125517909237587	0.2453982082806351	0.40997704974730115	-0.40879638886274183	-0.09279089851498878	-0.2166267195746143	-0.4018180438279267
231004	-0.004899990325584719	-0.009616425596035314	-0.03621347993348018	-0.7073182983316513	-1.0398674612426577	0.9226722494633591	0.9765454525959293	1.0604956920237294	1.1137605979509548
16956	0.010040756273216538	-0.009614676903003534	-0.00832763882439796	0.28771213340885926	0.3252346814804261	-0.6323303306940492	-1.758499716074783	-2.2853227687972857	-2.4555892923311324
14534	-0.0099278063097291	-0.009177898269019567	0.014037314920154436	-0.20267459385174033	-0.38743495905275827	0.5370289136988047	0.4031179193986377	0.40061759249867185	0.5062184462567387
231050	-0.008677257075382548	-0.008982743283275505	-0.011210258052768788	-0.21211214661805966	-0.4645065477654998	0.5706988409004212	0.08327793317176095	0.3348373888708427	0.28591198091824976
74182	-0.018887679258795396	-0.008969604205679342	-0.011670660103275377	0.16733047443308038	0.2863981813521204	0.7612899921870847	0.8486803005931371	0.8825456558925878	1.0174586816771842
27056	-0.004166952939496267	-0.008905360409939502	-0.17886442106479905	-0.08137291908926671	-0.4265406115468965	1.7105990536339752	1.767057368544178	1.9431039509558665	1.918559331807443
72486	0.005655079337133768	-0.0088066832934316	-0.017099376445664262	0.33292254819619144	0.21515441377796643	-1.342150580265706	-1.7969537756000051	-2.0442871880917575	-2.572354058027459
108699	0.021583081330789535	-0.0087116007025735	-0.0025326576207079787	0.21204910008542724	0.221101972198399	-0.18252902789174513	-0.9901130599778356	-1.335528947213623	-1.3123372788425225
217198	0.007789901201567442	-0.008559858194634194	-0.027334785633801276	-1.0910333373744727	-1.0608411024108717	-2.1596815078465434	-2.657002554436724	-2.502330919914779	-2.099270533129849
13032	-0.0027221669701660988	-0.008504006176871595	0.1402696723620905	0.42038832708536344	0.989795685169219	4.113779728055723	4.50112160249208	4.299514008683918	4.147993293730013
30059	-0.0035929002790336655	-0.008359390176461224	-0.01003587214646038	-0.9605378810787475	-1.4828586930654724	0.8437826070681173	1.0477107054009485	1.1237639280509757	1.098237391619226
12294	0.009976578400957786	-0.008327601024753287	-0.017122086625845453	0.1945942268583132	0.3923483366323064	-0.4423668021725778	-1.904260644765648	-2.3285788366168885	-2.029250966727768
59083	0.004651831173935489	-0.008251016362506075	-0.05468947562770083	-0.21649683141229684	-0.22151624848243287	-1.9952298795224102	-2.384058293845614	-2.7314203512309794	-2.5111558079262717
101502	0.0069236226098607825	-0.007982306121124572	-0.024283062992633376	0.22717718697005962	0.175375890705417	-0.9775330084243519	-2.278015015707753	-2.415918645777408	-2.164527448069214
55927	0.005958754170636954	-0.00794599705091796	0.006826762852317387	-0.2829919042815462	-0.23123730698801165	-1.5647370324966714	-2.0343294968596406	-1.8278143097214323	-1.610249262352042
93888	0.01027240300246309	-0.007906202427799212	-0.08822390278243476	0.3863610133217246	0.4614208201753278	-0.3082337996739405	-1.18460441144075	-1.417298150228762	-1.585803978452107
76267	-0.011802504507989291	-0.007785888556312109	-0.15014343059121038	-0.14585710891268747	-0.25521929355078593	0.4044617555893965	1.1268905342565283	1.574748092576541	1.6937937540240762
228852	-0.005435691888646102	-0.0077638398826405195	0.2462778202654203	0.6720135228961595	0.3599295445355044	1.7882371163567434	3.1155362441544767	2.0708950159547737	1.2321722041691843
67728	-0.005520948935407498	-0.007739432572730674	-0.08157560762336068	-0.30341774494477236	-0.33191198997585813	1.0699181416334702	1.2765955335881922	1.0490780716968409	0.9516046310920511
192216	0.010229070713615535	-0.007628875685696033	-0.003597827887070849	-0.1347613876186221	-0.33790032387155416	-1.0837037208058935	-0.5901327936831897	-1.5300749354844874	-1.1637301931480823
20907	-0.006448693768730498	-0.007619821411407639	-0.11942737720948303	-0.026512196528379408	-0.41447281714216744	0.7671341384177166	0.3701472777534494	0.7104501861990801	0.9523352192517839
67669	-0.013265841932150928	-0.007534480563482195	0.01454075256798743	-0.4369192322747514	-0.7118047015199457	-0.14384372308994334	0.05040308123187667	0.21587227642443957	0.27243991433563525
18553	0.006875741527826854	-0.007511404164499153	0.05419535133750696	0.2628432510844283	0.25062507185630545	-0.8418249764911645	-1.1002658058210293	0.3366283503926637	0.7474505000526795
69487	-0.0037302144684479253	-0.007467366570944793	-0.018093814395238526	-0.9264634584867903	-1.328492207740749	0.6733676408303249	0.6252468832890369	0.3491247817067325	0.08346952288414335
94040	-0.00568270655815414	-0.007232701972573885	-0.3145884127858855	0.03332259625477849	-0.37943744659064244	0.89331909970606	1.0087214109680351	0.9353470697920744	0.7732887668238368
110446	0.013507354899313987	-0.006999551943261362	-0.0064617204675669485	0.19679399020724916	0.2989997434217098	-0.2192032648976212	-0.49258258250642584	-0.7595894092021087	-0.7722100430445366
227656	-0.011847366900141692	-0.00688597703151367	0.0689500801909643	0.017439283800104403	0.01631888496273261	0.5975431426018976	1.2148549683855203	1.0464090389717926	1.00284900990357
15507	-0.01243784933753788	-0.006848379863241562	0.05921163260251254	0.16360903698285892	0.14475631987209572	0.6953643612939276	0.4132329528731141	-0.15351761949834622	0.38250915345607045
241070	0.004268850182392995	-0.006846391601952348	-0.027708337266642114	-0.18873327075308186	-0.07785285541679543	-1.6816551228729133	-3.135214415647169	-3.054720189327465	-3.2205524683633175
15200	-0.007828196778235425	-0.006789934987790389	-0.07832947123850388	0.31472600179021754	-0.1256649251628747	0.7417040462799876	-0.20946811337336058	-0.4951069234711208	-0.11044299300027821
73852	0.006391526491535353	-0.006766787901163735	0.018528557168773472	0.03475262497243791	-0.06184760113465152	-1.1205599306736687	-0.7687218172300457	-0.3206952875478375	-0.4909191206455157
20229	-0.009415995684895921	-0.006709770061462196	0.012668053256734695	0.14309200870746017	0.3963661888347114	1.1089589178463923	1.2251595050986461	1.779659790016248	1.9270511362473488
58223	-0.0022203125957280176	-0.0066594399043516566	0.25504637365747146	0.27447911649440154	0.35596822117095106	3.355293594167853	2.415986191198236	1.107875051755127	0.9669554053974306
170799	0.00990143923142607	-0.006442387244833852	0.025408318399691123	0.0840203066287088	0.33451187871112326	-0.31613971791600426	-1.021491523899482	-1.55771231465598	-1.5797966228888995
77065	-0.0034356155529110203	-0.006265598688262064	-0.12320428090121843	0.07981955582142236	0.13967790097792518	1.9633972874363956	2.274949867629663	2.2270160326187964	2.2511442285108436
231130	-0.0038553976596541065	-0.006238223582003574	-0.2357697265919497	-0.36828126815876916	0.15403090624465648	1.7720802315542659	1.1098595921997338	1.8860181902592785	1.839650690369864
74464	0.008964342968088875	-0.006209964537310004	-0.06991609569435728	0.13658600418737835	0.1882313745781651	-0.5045092489584552	-0.5567359730832829	-0.7189393355054112	-0.654184690770888
107587	0.010278267110873283	-0.006124439577984472	0.012265115629591676	0.06353031274043776	0.20568379277259696	-0.3901792561167906	-1.2906497205548813	-0.533800782584889	-0.37539196181560547
66011	-0.010062805088938337	-0.006083498644209652	0.03520733223996928	0.4161919279186307	0.39901447453486366	1.0035674386876736	0.7784691560586946	0.7357848348839956	0.6644863177370833
83965	0.00841295598941518	-0.006073500635527647	-0.008505710349448213	-0.19215051447859732	-0.04263925469200596	-0.7645615663229077	-2.281420545033607	-2.3790327061019534	-2.4530742415745
11881	0.006381247719779865	-0.00592309702931749	-0.005673202676776499	0.36648660316205883	0.43300311816491416	-0.4952004698195718	-1.5176928383008397	-1.6022042029614576	-1.4201668738540283
15442	0.007972589690845019	-0.005872562517692047	0.027569957652221457	0.16995484729828297	0.24383433560149484	-0.4927597631059242	-1.2215009561937213	-0.9781804259685013	-1.0126307887851167
74895	0.005557780884729887	-0.0058583497797545184	0.0033416093437448084	0.3622674469749079	0.17510573131982707	-0.8789750072444532	-1.1340851695093896	-2.139210444186526	-1.7032109399806306
102774	0.005123868412230477	-0.005786077521063035	-0.017906189556317308	0.07528965077754299	-0.012744635630165849	-1.141984704959794	-1.016140533951032	-1.1825372025331686	-1.388744134703385
27660	-0.0029625392178021397	-0.005534237167275901	-0.010909313392249946	-0.665030387286857	-0.412278068770665	1.4557941356478346	1.303410597230361	0.9731971973077727	0.8933855796892956
15505	-0.014823956116726628	-0.00551955341613596	0.0006707699069780688	-0.24861614143262079	-0.4583101414521688	-0.08597003381329328	-0.17370188649874294	-0.1686068940524966	0.037270271167506606
170737	-0.006122708298460106	-0.0054875325308702564	-0.03754054106449527	-0.4300916998591903	-0.4086042826319392	0.4876547359873865	0.9594587645741597	1.088043276820162	1.1338775398360708
59126	-0.010257811255748029	-0.005365989227081654	-0.005851905444009663	-1.080618107869495	-1.2541846045021523	-0.7310721106867891	0.161744857777942	0.5710387344691413	0.9822078016182908
68611	-0.008381155079475887	-0.005312553637086139	0.0003094879118814665	-0.9419995049764157	-1.066283751844716	-0.4324148415681675	0.07455330460132124	0.0359964335464682	0.058249309089473594
236900	0.007723373221657668	-0.005188181560519427	0.007222195819123326	0.061732863736538884	0.22363562677512017	-0.44811509815046974	-0.904533560878233	-1.3423760329608951	-1.4760219519698612
224938	0.003616742481379068	-0.005164907186936058	0.02398682328745063	0.286168105190259	0.36522406525154394	-1.0628309354922947	-0.49354387055827187	-0.3058113954861384	-0.3429508032531752
21935	-0.002933980162305557	-0.005110049326210612	0.042231365031689665	-0.16943451169900012	-0.7007244630820432	1.0409537499686796	1.5935108152962654	1.7954791943560102	1.8615503065612031
29817	0.0026482962479856932	-0.005004411620773995	0.004057587135160006	-0.4123195507395229	-0.17619843354529413	-2.0658705669330804	-2.248192489703951	-1.8544190397788363	-1.3455070391854687
22031	-0.019281953812954004	-0.004928235515394268	-0.042055458897209325	0.33997253908745906	0.2852593931150561	0.5408473674044344	0.23184537552145168	-0.11830886253769225	-0.5985977414774877
19876	-0.012019124637610012	-0.004916604554133376	-0.025858361774710393	0.1980085453650181	0.22083040526596276	0.6298955162764961	-0.2811326740304723	-1.1842503117397656	-1.5106093866375077
245527	0.016142362226853994	-0.004845586493504496	-0.0062039136176286	0.3729844289418364	0.5690757370109265	0.26889745917228963	0.5836549176706408	2.327097845332788	2.8364818503349123
100072	0.0068007936569947445	-0.004805045408329356	0.008339561318775416	0.1847013312627096	-0.10938511593907764	-0.8159269771801221	-1.292841180882804	-1.3617638748293543	-1.0084977993627884
65964	0.005508921887245447	-0.004788136652860636	-0.0387364508004508	0.12472156292518166	-0.02057195467949344	-0.889732336849077	-1.0030267476857775	-0.46175111617482967	-0.48045304422994817
242509	0.01216250900099952	-0.004764744912910821	0.008697673845484739	0.18695698337883487	0.2817245418731214	-0.11003220112449959	-0.8172534573794515	-1.0952852425664192	-1.2197097274746036
245555	0.004422512133644113	-0.004695198113494359	0.008660930560397878	0.3078078058464794	0.22987585129779373	-0.8317827652554083	-0.6108040947683544	0.1599117881912435	0.2353712241119791
57344	0.004651291917893456	-0.004689599971024937	0.007918677756680143	-0.7573319411358941	-0.5798493663532913	-1.5880853691257921	-1.081713604870947	0.12724936989312494	0.8789168810475027
20893	0.00613952165157057	-0.004677924199113135	0.005070207575872445	-0.09726382179287252	0.22731423256876082	-0.5346220329245712	-1.1046932216523968	-1.4752778747302182	-0.6023395838448694
26939	-0.002540378148078413	-0.004671545698432079	0.02518045323095784	-0.2334545597821264	-0.4215360603786339	1.4173813866029183	1.306612035831845	0.9682400541026169	0.698092691638314
14766	0.0049487416734817205	-0.004651157080974695	0.01217002650151009	-0.0759182818521431	-0.3789925348320044	-1.3188591489853236	-1.691420649294217	-1.5956177330768022	-1.04190898511297
320974	-0.007372898978295856	-0.004608868317700073	-0.004303540647022607	0.031088961050705823	-0.10479516639789005	0.5203142147651418	0.0412968892740334	0.14915418071940414	0.14909276891103854
21802	0.0038371257659305536	-0.0045522790109390485	0.029202043209732933	-0.7234509421557495	-1.3827508417499201	-2.5691281691125694	-2.2297839656667904	-2.205634522048659	-1.9929497731405255
74414	-0.025230929981288577	-0.0045391949528060214	-0.024100267619436653	-0.19455629130303506	0.1634676134096554	0.34337358422295156	0.7226299475655961	0.5836069649900288	0.5739851198573267
66673	0.004833156195311877	-0.004452058156425309	0.04372693726218675	0.2905082536370041	-0.003915157206935194	-0.9250643972715892	-1.4158945819028192	-1.270821765859358	-1.30596668948367
14420	0.0076912812612621355	-0.004436229041680451	-0.00808733252546119	0.17410385754174523	0.21852879473410172	-0.35825794482045553	-0.6931242010800096	-0.39411335224283006	-0.7097060406921579
237711	0.005922966397506349	-0.004407988731011633	-0.07979989707201111	-0.046398342675190225	0.038025708866043235	-0.7061940680463257	-1.105316500346727	-0.8672215221318836	-0.8147425752977687
228775	-0.0021459013234134978	-0.004326657927209152	0.03975386965494603	0.17638465476288132	0.05813780713858582	2.0743805299524714	1.5381290131928613	1.7359942795567564	1.5801227351145697
14120	0.0023712146753597316	-0.004289405403899044	0.0014298015116313769	-0.1842506467966362	-0.44222171985234726	-2.2511702931182023	-0.025135881838898356	1.1593061935514286	1.355447817738433
53619	0.012614892258853094	-0.004279617602153975	-0.006181200790625937	0.15510125877072675	-0.04088370964138166	-0.3801349306853467	-0.7934118721531983	-0.9345867703311685	-0.9696911770283948
13631	0.004415584683134162	-0.004266830963474645	-0.0031519899726125777	0.03609532180032692	0.35901909680013694	-0.6072925628476329	-1.536124733847439	-2.096839769706451	-2.136064496099856
16525	0.004042690772530803	-0.0042366994988292574	0.019953390328939332	0.07425769438088377	0.1490475545992585	-0.8989424444421477	-1.8956314830961118	-1.866530995763673	-1.102557880665819
338365	0.01133159894829507	-0.004202673073414594	0.010528537704817641	-0.18875562094535345	-0.3485770842302215	-0.7194579363139356	-1.4230174898361634	-0.4099630969010489	-0.37794998362459126
12142	0.003467267706441328	-0.004183890487789673	0.0017410117715515089	0.36091927498883347	0.2803871198164083	-0.9262951562642752	-1.3591550859679071	-1.8447026368258106	-2.0899865724729882
71648	0.0029872723063853876	-0.004138635634790466	0.0015361315251320804	-0.19235234862042028	-0.09658217994622653	-1.4820051378546848	-1.291362196318288	-1.0557527994290568	-1.00523174067382
59030	-0.007562828435626382	-0.004132005181157773	0.0038834426261686924	-0.5325668789728436	-0.7017027963768305	-0.15534567399480673	-0.15929400194916085	-0.023410440810650166	-0.10506121433700993
104943	0.0030005648441270147	-0.004116513411731436	0.023114011730431504	-0.0313768423150961	0.10945146737383388	-1.2624613642347415	-2.395791998767227	-2.8836827078173908	-2.6680119426930595
20613	-0.004724860732913885	-0.00411193695063156	-0.04398014685871366	0.13407714869328347	0.041871594988665904	0.91214845246033	0.6774674365759634	0.0834172176084852	0.2431148403634159
16450	0.015334475966643136	-0.004090727375877421	-0.03538530737298245	-0.10900556428618308	-0.22016750957790165	-0.4869341982326637	-1.0465693170514123	-1.1980802843837515	-0.9811255694931856
67422	-0.011793674716698491	-0.004010952256495009	-0.0057782497698104915	-0.06312865651654602	0.02637203361253515	0.3664655458421001	0.295891968946312	0.26439773878996414	0.20749416457759384
238257	0.0046193012286029	-0.003962772111941488	-0.040821986639574	-0.47727482278674577	-0.4855449215526407	-1.3434175554921297	-1.4830008459243986	-1.1811073156520158	-0.761491287927525
207495	0.004732349230443993	-0.0039321429458825585	0.006594695468999732	0.2176981690472922	0.18431433533102248	-0.6465928429867623	-0.9070422393307722	-0.6828527831886303	-1.1661060546387751
140742	-0.015548182953903639	-0.003931830867855878	0.028036165679395972	-0.17828707851582412	0.46698095143745605	0.7198613606475062	1.6884193492761532	1.6118669569040789	1.645501139252141
22350	0.003558066291396172	-0.003905793659232405	-0.13754336258491504	-0.4276360469722375	0.12136359122526638	-0.9763657199674676	-0.5414691110456883	0.18323996124637085	0.877344884264509
14917	0.0026693707033887864	-0.003893222941905946	0.01367255755845407	0.26382975590516744	0.2888004091243228	-1.1696792756056662	-0.7996446356188411	-1.674446451615144	-1.5143820034427593
208795	-0.009613377697750329	-0.003883062365326456	0.11034366597187582	0.42526779588837355	0.5875004661645907	0.991423258695165	2.40054010248894	2.4503674038337313	2.183014955287122
72568	-0.0061228006380014376	-0.0038626457738949738	0.012097892757001495	0.34114541537987303	0.19092627818067942	0.8217888527223506	0.45081385864498347	0.5846922826660104	0.5328166663236372
76884	0.005173511269587684	-0.0038555690270085656	-0.012226347310635342	0.2586521526227439	0.2047530879595435	-0.5404987972877935	-1.1607114931103055	-1.9539485354831447	-1.4785502301250844
66591	-0.0033083463629748015	-0.0038534779450536856	0.035602107833621596	0.29743061131011944	0.37300373540150544	1.5377783757413737	1.5659219898348171	0.9711884341539829	0.8898029155127047
14229	0.011837692347406512	-0.0038479360767508836	0.021456609279882324	0.18475492134875926	0.2589978516612631	-0.06606010421591575	-0.5246334561085999	-1.298175288255289	-1.5526413557672114
52463	-0.002589575408566634	-0.0038055214643291616	-0.03778933666670537	-0.018593417982128588	-0.005389268364863152	1.4641649495737337	1.5324718394128454	1.3092481471261657	1.2757069086645416
14735	0.013129678648785247	-0.0037766113037284756	-0.003944528417432425	0.38679526329828656	0.4840922218942681	0.1964529426132107	1.8961067016703452	2.5891081751907605	2.480646767857614
170768	-0.0051223167767096775	-0.0037635381329578495	-0.04218602874179189	0.05199812854163524	-0.182339085252813	0.5523944927386989	1.2346719571816323	1.0817249466087653	1.0569598929202588
234854	-0.008492740893830801	-0.0037339834851289545	0.0168416974376537	-0.6345717734256154	-0.37213260876646653	0.06753504762481125	0.4320642888114195	0.14832074634563341	0.22238142984038167
68458	-0.007295165131602068	-0.003700013448774789	0.3510392047333456	0.35842849020994316	0.22290497076854698	0.7300920435801861	2.529360656477055	3.290836995148602	3.3839726008249422
629499	-0.006893694698093963	-0.0036919209150349393	-0.0006513114850651778	-0.1444310976251123	-0.16408679465976275	0.3714635998269148	0.42715232124849206	0.5848425084769885	0.4828244011648235
15932	-0.004033454750254496	-0.0036295627076326316	-0.002578828198482776	-0.7543191125593895	-0.7435981735408599	0.15626631791119355	0.5931887685128957	0.3280154177885631	0.15598644601035214
76527	0.004890091184490339	-0.003591392885662773	-0.02924253412389535	-0.0838711813218234	0.08915530783287254	-0.645267170229176	-1.3346799057091252	-1.4112913064656616	-1.1008882448572166
12971	0.0019979133332783546	-0.003588133264514351	-0.06754486705857794	-0.2548597205784712	0.11417229732548935	-1.6817680994617035	-1.637583087302	-1.25527463134721	-1.2987049637129553
52009	0.006600399754327326	-0.0035304013343500085	-0.016054696308549388	0.06284251051137374	0.31855717686657764	-0.2163197193449619	-0.8349251052725424	-1.1559643925584644	-1.0658796355889335
18791	0.0038581120048062066	-0.0035057364612379135	-0.009431666122685282	-0.9483931093304921	-1.146147487108677	-2.054813813247129	-2.4731306145900125	-2.926481413232685	-2.7631600164153496
12183	0.0036078097624650273	-0.0034982802904721696	-0.028495353845078508	0.048485367933148685	-0.18574746162294023	-1.1553884684375506	-2.305590221917619	-2.762910846510191	-2.9946601267681934
53418	0.004635087281078258	-0.003460853713988184	-0.03367839805602519	-0.37101518956975627	-0.0892359483338599	-0.8359001434432747	-1.6206740913526554	-2.455270831765885	-2.360925517162042
69217	-0.0039044720712377422	-0.003457417782434993	0.011353623963999408	0.12728335642849997	-0.03370141129610496	0.851800577027497	0.6383884043961005	0.5445532863624547	0.6161462426611789
223864	0.0023912778188218227	-0.0033842642430677162	0.01058541480833879	-0.5861817159401306	-0.6708567223077981	-2.0861101974289515	-2.4954305773086403	-1.867410532527421	-2.136753243722341
329502	0.010035999103213986	-0.003285484115402622	-0.08880362094696466	0.39530408207525974	0.39802379317482306	0.07065388394969574	1.0174408118476215	1.0048071906346534	0.8385056216498535
18563	-0.01265691294727794	-0.003277679615736019	0.035190354298452346	0.20533511794754417	0.20795815511174542	0.4669217451584743	-0.08221000683960943	-0.4240979770772271	-0.370845282640848
109254	0.002636072005570343	-0.003173359438193552	-0.052221687665855596	0.24625231450746668	0.10588885970603135	-1.0979323680479354	-0.3148059625686589	-0.09154593027117336	-0.13044276038253716
20515	0.00772889968860112	-0.00316505601332235	0.0407075846001289	0.3728768556137679	0.45865659264055353	0.04914732989383982	-0.15562949189684694	0.17034769053569693	0.46380614264467596
320696	0.0025394491662286823	-0.0031492430831274888	0.02748638173242316	0.22401463404746688	0.09804680785932735	-1.1420816125116175	-1.543033752481857	-1.4233124270615989	-1.4744645360431112
268465	-0.005276629653256493	-0.003124434360806986	0.008480242898475387	-0.18824208599484893	-0.4076478699927602	0.18447903034384555	0.5500593220375496	0.7864268816802096	0.6792985227785717
66395	0.00610142259097119	-0.003100623074968366	-0.0026001795225574524	0.33807394666528084	0.34609785183144587	-0.16208249934708574	-0.08188636257337495	0.40699949211663494	0.8517149280489851
22695	-0.015026419649833207	-0.00307482315612802	-0.010562133988196993	0.5663972453339541	0.6411868327691342	0.8458146301940618	1.2180549337904518	1.1705284060129775	1.102804182917419
21334	0.0035245664890807046	-0.002996853899193496	-0.003106195877393661	-0.035824853364665385	0.14543817763484515	-0.7048377097623453	-2.4735114734201122	-2.5150006827057134	-2.6113094357760307
245049	0.0033006711428191816	-0.00297237133446458	0.003660653994069106	0.1578723999287764	0.22663659552412202	-0.6738988428309414	-1.4844622600498456	-1.9632242580098807	-2.1881293010231406
231503	-0.0011580490131977478	-0.0029707683024023856	-0.0062039136176286	0.8026926285458557	0.527422512891776	3.092744246726801	3.329972851729716	2.4281042291889734	2.143054484808021
56737	0.0052090766218717	-0.00292924340938557	-0.012940886846614087	0.0957149987661401	-0.318647483404113	-0.8809819664651528	0.19744194182548333	0.19314451700922583	0.22852062255156957
22378	0.004647954984569283	-0.002926752339132755	-0.018621590904958237	0.039267790195266335	0.3037673169167421	-0.32591871680115375	-0.500764627961595	-0.21654975320489828	-0.13921550327677665
227394	-0.0031462402300806887	-0.002883628748946647	-0.019994423989106128	0.4164472552592214	0.27365425314316	1.1901859030078918	1.495318354716744	1.5817069352785227	1.4420926917904229
22042	-0.0018325817130129794	-0.0028597768056862825	-0.1384732134856227	0.1786095396097606	0.34716696239703115	1.9076849929870416	2.163957648049487	2.214797019770157	2.242584416794865
17873	-0.0078018517478813925	-0.0028557181052219546	-0.07096768688522705	-0.4143341305410139	0.6953744962549813	1.0614053050302736	1.1075567654838177	0.7007470527042894	1.1715583937273926
233744	0.003880022442686041	-0.0028386990198159467	-0.012481310419465147	0.17916591441165022	0.34694893979108365	-0.3846702870943123	-0.710286149537481	-0.4727231738137666	-0.5774225661407405
102436	0.0019791140382622832	-0.0028368425792603628	0.009495381524530257	0.2819660199432629	0.33045203260902856	-1.1029381229937223	-1.1154055742668065	-0.6838504284086554	-0.4821776663477874
224171	0.00787965110041052	-0.0028145200708575785	0.01890464741309993	0.14337531705906237	0.1139514112258126	-0.2432370016863969	0.058037810214214836	-0.12926404595046714	-0.12468776103184513
77034	-0.0013047447167564856	-0.00279775045565792	-0.24520140435709814	-0.9028047521981688	-1.389476646994603	0.7548128984828866	1.0286392391820778	1.065772803752735	1.153242909213758
23821	-0.0059689713279545776	-0.00278979361796063	0.06552628718673686	0.2354812964948799	0.3239333159508109	0.7913159627554865	1.1978662663862178	0.8201028395085924	0.9427676172496442
67758	0.001835001525977427	-0.0027090290646381784	0.006796451814158434	-0.5075765301020669	-0.6066436117204334	-2.082952500997893	-2.8439713972541245	-2.683577431747019	-2.77152777476371
72902	0.002869579860011434	-0.002699585844547582	0.03504660009777062	0.03404440099341242	-0.3401917250139631	-1.2809516885776973	-1.8104422153077728	-1.890448612366625	-1.9350418914824985
239743	-0.005518663336387247	-0.0026837913655970427	-0.07640569548197143	0.02270093774085713	0.538012048802301	1.0243238968002562	0.0639609318399028	-0.8568266171726546	-0.7684725397157762
382045	0.003128915009176919	-0.0026835647385152262	-0.03252735158774645	-0.010167407443982262	-0.22558719364859525	-1.0832534232024478	-1.6708248161668506	-1.4318027684134345	-1.1992541504814853
245638	0.002288993232363302	-0.0025488494493000873	0.04388057611284384	0.6337073399078976	0.5200787435216625	-0.5934454964204948	-1.0195577278798844	-0.6356545064916056	-0.8799893913696635
26411	-0.007146672542605203	-0.002543834342651741	-0.0449385444966607	0.03114821543686119	-0.045919079288673156	0.31002759764196286	0.6544210670948847	1.0515930251207988	1.3630490611267545
67795	0.0018137066172813855	-0.002539250508251447	-0.0037723949145054354	-0.29042863824605797	0.09556706581104371	-1.3044667015341949	-1.8455451198352157	-1.624391610647662	-1.6383411374116161
320343	0.002401432045229531	-0.0025269983098147124	-0.010138919632196021	0.017272469757594586	0.02500361540753888	-1.0272844619647192	-1.8430359013548534	-1.9413641002525528	-2.018772615286296
76179	-0.009807985077936574	-0.0025102634172893346	-0.07313053962809932	0.19217334890844218	0.21988986262052268	0.475830649371541	0.14767178439824472	-0.42184211003295946	-0.538888693139923
104346	0.0029858326805612253	-0.0025098468679518797	0.017840933605958443	-0.22420902067876305	-0.21838956597380144	-1.0589748018082896	-1.0607100444708	-0.8582843106208231	-0.8882305061768822
232223	0.0019851864614795077	-0.002502249356912974	-0.0027525137572555077	0.07907465605640528	0.016419884747664912	-1.244040734678539	-1.5534785914945408	-1.7661449148914243	-1.6995848399656375
268860	0.008957964064028868	-0.002490299771964529	0.05585163260956614	0.10056350004631	0.17619373306074337	-0.10180467753396379	0.09595745945204506	0.3690449055957312	0.4616015984367899
21823	0.005398916164278167	-0.002485267509752806	0.02653312612822051	-0.15033851907936996	-0.16655162769358897	-0.6268787441242042	-1.8516868786546055	-2.866852233851184	-2.8949161023151286
13867	-0.001543366541413703	-0.002411509143359439	-0.07368741989621558	0.16886587822894475	0.102741673649123	1.6652409754355468	1.9713899390205107	1.7691323451109133	1.954834771940263
16772	0.00347057662137416	-0.0023939907664893042	-0.008826972077540069	-0.051764516378622026	-0.13146264017691722	-0.8212588981662925	-1.423031937862682	-1.302445587796091	-1.0985362121862392
66421	-0.005019247577436642	-0.002390208468637792	0.011285753891531018	0.08557790222121428	0.1835449949991277	0.6597535166474033	0.49165579522884073	0.20727430146550496	0.20817439910109245
110417	-0.002415423518293338	-0.0023810855316875696	0.06480580960487296	-0.06731037945869281	-0.19987933486589984	0.785904530222062	1.1394527200365305	1.0789600712289298	0.9703020111772086
15490	0.0024646349060037757	-0.002352280442510245	0.03364980879450133	0.2783191955677899	0.32437564216103953	-0.6300377018925407	-0.7601366770237834	-0.8824412989445165	-0.45116723234363126
74470	0.003271565711985909	-0.002304129486837864	-0.021352864180278895	0.06278787496699187	-0.20131152583190368	-0.9056010586376528	0.13564101242395607	0.6092666833402945	0.47661160436320765
103711	0.009802471952582019	-0.0022822006571099843	0.0014859628377851238	-0.23528280351139258	0.03364020068491067	-0.1991786911364367	-0.13411727985288316	-0.18547209556244215	0.17937681582413512
107448	0.005374309317357704	-0.00225980284169868	-0.0005898352865604402	-0.2766027238253437	-0.9356524466871206	-1.3561349139690222	-1.979821696890424	-2.069896656296937	-2.3112332803488376
58206	0.005058449605083472	-0.002119652689926142	0.004438933640339199	-0.0777996659244287	0.01852145355596934	-0.40051063244049967	-1.9573777722046672	-1.9210582568867993	-1.4257174973980857
67755	-0.003959744497175235	-0.0021170290455830307	-0.023553114543698735	-0.04474505323707627	-0.2973377789434318	0.23730001071528406	0.3456861571344994	0.26720687385690867	0.36565465683998166
12236	0.003466551995864576	-0.0020323685876179986	0.028586013686996023	-0.4963398714195628	-1.33505018818777	-1.9213297507163325	-1.4367861934499775	-1.1920669127279466	-1.164171812184889
64945	0.00528552103361825	-0.0020276219821503873	0.029141447968174698	0.08740345407430866	0.29540152757223526	-0.08821665675695681	0.4963455227845126	0.2795934750732364	0.13800770879636068
69219	0.003359560860554562	-0.0020111596906457227	0.04518270529022644	0.4720799482919658	0.5627729910395141	-0.035864680407146785	0.7623589943211985	3.082352388769813	2.778246572915044
12972	0.003300976384992923	-0.0020028207253785717	-0.05117868054541848	-0.22694810680043886	-0.12497217127693198	-0.7317080250939733	0.2632548785454365	0.7188439902258362	0.5535555151780164
74694	0.0009589745296348013	-0.0019976290159402004	-0.026928744452648177	-0.18263068340767025	-0.06460879492200365	-2.147697505005828	-1.5744731443161144	-1.6300076629315228	-1.6210984049453734
15936	0.0027293642901533694	-0.001990269337104668	-0.18888812594853144	-0.5862307424006892	0.08686243659851704	-0.6423437541195531	0.9236159958971982	1.5025174024417156	1.4673441406818604
78908	0.004259466339015119	-0.0019751103647978655	-0.045382190817293104	0.11365637122164728	0.23684691649970388	-0.22685210295411662	-0.7304177331713683	-0.9628582467374361	-0.8627966644489553
16776	0.005754176019910757	-0.0019164784086043343	-0.03388787103917494	-0.08457920452752356	-0.5119992787865559	-0.8450579829299265	-1.0393758877651724	0.054429023184343256	0.06277372368758734
22151	0.004035142885398012	-0.0019034649647233146	-0.02725596261268198	-0.9666505346927557	-0.7882288106390002	-1.2599506353137573	-2.363236979737005	-2.589566742259512	-2.127610449893406
22393	0.0017652409909828027	-0.0018975899745842775	-0.027300201121566437	0.13781700815812117	0.27401236043324484	-0.8009626623979376	-1.5561308526850497	-0.6531640632997253	-0.516623575537996
18768	0.0011614129721794605	-0.0018702662454960718	0.0432072125239464	0.13488358690715574	0.16110525273188825	-1.449231716370847	-1.6571307269415327	-1.3115936461436442	-1.4842863755075608
12227	0.003519425654750939	-0.001867915063375425	-0.018557173273527156	0.2795493226009493	0.2178413668396626	-0.3129029211818478	-1.0237032259877477	-1.0580089976674911	-0.09195894211890128
71839	0.002296666052963891	-0.0018520922503254197	-0.015527149923444013	0.08073614369475363	0.19494731773226304	-0.6114791315703074	-1.642808879020329	-1.8099345553816937	-2.081731679230176
83921	0.003236751216124111	-0.0018198484665591338	0.0189983088778129	-0.07864734643588013	-0.37062517802029227	-0.9328705731848717	-0.1097094449080656	-0.2852640761466932	-0.06808796550844708
69684	-0.0038246760532558884	-0.001796532496314648	0.005310902543767201	-1.596186492414782	-1.6605004311191485	-1.190778951103792	0.06836216397313458	0.23730554887014427	0.4310157838172317
223435	0.0033848293786587777	-0.001784482892885084	-0.007606279813763267	0.23030234404817576	0.11236389004726575	-0.41483635943537633	-0.9856596171373876	-0.9077255071089813	-0.7999345241773228
226591	-0.002069255101104766	-0.001715559838204177	0.029033854468141072	0.08602267105854705	0.09330786175410528	0.9223790754909942	0.8254282913840492	0.3816459005770055	0.3342706410807841
78100	0.002458924355944452	-0.001703329108099313	-0.05182462468767079	0.4644542975967047	0.28858672350178904	-0.4041263743946605	-0.5496655262038621	-0.40811803953865283	-0.3910115302497226
321007	0.0023083330957763804	-0.0016993729868499427	-0.036198273513075294	0.025802582235380456	-0.00528895126208946	-0.7414794906427931	-0.21162260672488972	-0.0029724640111127147	-0.30966523183470085
218772	0.0017164570238630502	-0.001698519948637935	-0.12692296117407767	0.020457663780108704	0.4737909744638043	-0.5157589676694709	-0.008239231471489134	1.5165693133073703	1.6306533204277642
210356	0.0022911233205895674	-0.0016846204006510325	0.019088075472247525	0.30517457685331606	0.31759067020531284	-0.4176907463434632	-0.9129569676633366	-1.8058654456937986	-1.7427809788991224
240913	0.002604517256884626	-0.0016805866700860751	-0.05147054613402085	0.16333914512945216	0.2591003185874288	-0.38615809375125393	-1.2954148101073353	-1.8949612453969358	-1.6961826039590961
101497	-0.00433486318271551	-0.0016643981317999899	-0.0774696441974754	-0.14372293271017636	-0.4089421365621349	-0.0249858127647705	0.6203160798361232	0.8942466674317234	0.9409543195183679
140577	0.012121417083601696	-0.00166240223475083	0.02392681073357267	0.2794612568008662	0.40470188023438874	0.26755601492134795	-0.29547416247218733	-0.6644348279780942	-0.6219320907823279
68440	0.002208773712343852	-0.0016499389937364357	0.08760752662723668	0.636930414907603	0.6201431734419459	-0.1268500493203777	-1.2802833728830374	-1.3562031675753479	-1.6697606099887867
13823	0.0017732467194543577	-0.001639471542010208	-0.02069065063125943	0.22079253366533	0.36054005617668977	-0.5640191289741991	-1.399901933464753	-1.6444672262347424	-1.8351977218546374
68845	-0.003133420189340602	-0.0016212982608626977	0.009492306909029628	-0.4475433281614849	-0.6653703608627263	-0.14794908861264722	0.256060380901109	0.29796260169527605	0.3184136478929768
100978	0.0028385827990852945	-0.001614892718032464	0.01460153171599748	0.2803545868972606	0.21319087787821236	-0.35571721194493716	-0.7526371776378887	-1.5054414980671025	-1.765358871313592
224674	-0.0021219563330426134	-0.0016103345298350358	0.049366858357977265	-0.07635075321665195	-0.305789544028793	0.4531019113509803	1.4635543181087807	1.6896751656943458	1.5525511477481577
12373	0.0025110662445923275	-0.0016017819692688842	0.02535319238098219	0.14955986589803116	0.1227074793012361	-0.5151816933633163	-0.9926537029760568	-1.124390046432548	-1.2850865742732172
22640	-0.0010380003794355865	-0.0015933221989846025	-0.054047408928676315	-0.010961968761302954	-0.10326680856396818	1.4317251148985	1.2710769626041503	1.2967482449188275	1.1646609645904087
70223	0.002402457211215207	-0.0015893174729454138	-0.007619106728091579	0.3149936941127548	0.23635952367248209	-0.4251787819947842	-0.06338363787404487	-0.0002476961395948047	-0.05692356950536048
12482	0.0014619519121043141	-0.0015865029742487809	-0.0018714268048799045	0.18894591004677752	-0.007650448118444533	-1.0928454953106532	-2.6651635447777795	-2.808625698647779	-2.8786937578911043
58994	-0.0038191031848101306	-0.0015727440108776198	-0.021084140219182437	0.6568450535822783	0.1843504797200858	0.5961602514835083	0.13571487150441267	-0.9249588961602145	-0.8674375207766006
239188	0.0013522632013150684	-0.0015429918552616446	0.009233404663097543	-0.5341344875241848	-0.22100413296340723	-1.3620481647473777	-1.9014323106471105	-2.3334705258093806	-2.534021304029966
228730	0.0051554452599604445	-0.001542380313760027	0.021359349160303322	0.1757593095230696	0.12200648813295828	-0.1771685076213097	-0.28643944881946304	0.011306910111785638	-0.09999105770783732
58226	0.005934826734907579	-0.0015402249494189837	-0.03616056722654115	0.07413304073089978	0.16655055957888354	-0.09297259387051017	-0.6231431140064584	-1.3071284437807353	-1.8880838999291545
68010	-0.0013567672359673466	-0.001525480982480484	-0.14868851186220064	-0.8852156600932924	0.40020334293310533	1.524553151832233	1.1211918582598253	0.5380493221611103	0.8633728292815075
14251	0.002996489027332306	-0.0014850158427984386	-0.0006102251259037365	-0.0827544994282226	-0.17432529483770998	-0.6699105712238239	-0.788655413921089	-1.1594743983721107	-1.1117261665650153
109660	-0.0034311745780329314	-0.0014846490676627732	0.16305536017951813	0.4152695909508511	0.3504466637886451	0.7831407846788483	1.9195844743557477	2.5449291523641278	2.8583916277135892
68067	0.003205717491067533	-0.0014726087973625538	0.005532677796298745	-0.40287737471984925	-0.4231723822965474	-0.8825418686801282	-0.8113490989981844	-1.0828835694153995	-1.1575854937967207
209558	0.002677142732928151	-0.0014675533615574063	-0.08600889208274709	0.373717872143326	0.3202242374010539	-0.2279547384551403	1.8110368508445278	1.9889167278591726	1.6598893041896494
268567	-0.007875454404350743	-0.0014610717517450327	-0.025596593036134554	0.28181085571199865	0.3117128050884681	0.4972350209161508	1.1437990861127534	1.0271986536060025	0.8989853614592648
381379	0.004237654818756498	-0.0014576380902607629	0.05676680576422472	0.34844560192037655	0.22009405419634398	-0.12387876865110395	-0.042472123731899375	0.43934089794758524	0.5845172348404385
16535	0.0019316343281472433	-0.0014573155552028575	0.04048141724542824	0.2506219060037758	0.10274506390451027	-0.6517018487265486	-1.4406868818738037	-1.8957150442945723	-1.7573108674594533
77579	-0.008051027274750011	-0.001454522179896896	0.025344720006684366	0.07374440819183477	-0.04370700764053704	0.13695592272347165	0.4859488295078285	0.9396731463200217	1.0341116007021471
622434	-0.0021273874739582404	-0.0014342189754265233	-0.008432729950342034	-0.007403920533612526	0.23095462921677878	0.9051237652970998	0.5319196572284793	0.34373433039796875	0.6024567869555443
20419	0.0025584097133607444	-0.0014228069820114474	-0.00528236400719155	-0.49114582895180764	-0.645488748655278	-1.2016181967968889	-0.6105632506786731	-0.1833645330729191	-0.1328589306996666
101685	0.0019151042769537771	-0.001405051275804759	-0.004767877921532286	0.29659787037224944	0.17242566054272215	-0.5612426272435055	0.14266149343944756	0.00732748699689821	0.11695475102121289
102545	-0.002247351357383073	-0.0013960489145014214	0.12735180125655587	0.46648794970398993	0.20825311127335094	0.829450553282174	2.2851776663225953	3.307237565762681	3.1273370992075233
19183	-0.0011755361362660265	-0.0013949611373126327	-0.02116803894279764	-0.7758629848488955	-0.9010863990623353	0.2855731125232361	0.15275432971942202	-0.036969296903024904	0.14204200056781516
14595	-0.0036051530920514735	-0.0013700807840063862	-0.06914010777182668	0.3594318658029346	-0.003043922019228404	0.3769900873622585	0.37971388745978474	1.481316720837242	1.6833413907645787
70129	0.0032796631096677358	-0.0013659697810463887	-0.05982757375204418	-0.2989136046237939	-0.4424946680245376	-0.8589916481624688	-0.4549280428499436	-0.3832335173694455	-0.11909154316726299
76223	0.0024433852838290984	-0.001356658800594108	-0.09979091634097191	0.2995496443160154	0.4419887206074765	-0.1132486419046074	-0.9358086949641841	-1.333432208459892	-1.225181011389474
338403	0.0013368536961442855	-0.0013424178035332502	-0.051594824272553345	-0.03513225223707104	0.03916396100872524	-0.9649981304789315	-1.5424331120828272	-1.9590091731272274	-1.9059487030593187
408022	0.0040696011679663795	-0.0013373953732528597	-0.02841863856432053	0.18067800763863787	0.2404471222588933	-0.08818345308595546	0.27585826386252893	0.316448387813452	0.3715886521376847
12850	0.0047198795459725	-0.001331946577287092	0.01867115713341486	-0.09045303884977707	-0.2292530449580766	-0.5114523181203864	0.2581676629658247	0.45316865107235943	0.4470832260857474
68428	-0.006425397285693934	-0.001324961995869065	0.21217354494708165	0.3729844289418364	0.2296290421643596	0.43583605738178066	1.7565047963763865	3.228698904510544	3.3715436087723742
19260	0.0014479676940967183	-0.0013239516782621971	0.002035685708523098	0.12520211736835957	0.20430454239894422	-0.7100471269510507	-1.4331555363971882	-0.3505938532156456	-0.14864597109357036
226791	0.0014006026180919508	-0.0013021876058562417	0.004767987962022541	-0.09022570142929011	0.14372529952847402	-0.7860085086449103	-1.9732418667207947	-2.0636685556767125	-2.3245290138746455
240261	0.0021045350143351184	-0.0012990089608373953	0.004313207094185095	0.5339262193198309	0.26438418971367844	-0.35285855131421967	-1.4619242762629945	-0.7376031704825738	-0.4638334427965531
12307	0.0011861948664377518	-0.0012906034917898133	0.0233383836093052	-0.03535902634092633	0.19703044641185793	-0.8909893455348141	-0.9240938960141499	-2.072903780525094	-0.48884709158491857
50934	0.002924093180386018	-0.0012895979661515814	-0.03495800318798312	-0.023532819664625393	-0.6977431215904868	-1.1387680433685738	-1.8391368404342145	-1.4954287192808082	-1.2652073037254123
56358	0.0013219660736170987	-0.0012853955472174757	-0.049152122851668215	-0.17092728055769058	0.0789684186090072	-0.8933678408991053	-1.815887392017305	-1.8355286217820632	-1.8237541136437212
272465	0.0013128896888041019	-0.001283349200717591	-0.012448972949506894	-0.03202765485913428	-0.2114841789090943	-1.1889838208527987	-1.8027761797259452	-3.0237130925565463	-2.982797944992054
15213	0.0015118743554934197	-0.0012704375561450737	0.021724212644048967	0.3276811240332267	0.3761894158433834	-0.4641168910457563	-1.0657984019268574	-1.0612593923922757	-1.1402868648760551
109242	0.00480840339369229	-0.0012701135646376973	-0.04005169867977417	0.09808949871653604	0.08683581248133718	-0.17730874042864636	-0.31342468583692457	-0.6442086843727655	-0.6383471304186629
72404	-0.0012370145425532697	-0.0012573401004115502	-0.03170080250896833	0.17873885067503414	-0.11030028071334362	0.9061308582580118	0.4447152216245849	0.21381607043497156	0.24244677598015738
170706	-0.0027578140580678794	-0.0012493350466616672	-0.12902750788512132	-0.1957016926834097	-0.17390368225874597	0.27911273594638475	2.0179504491220945	2.7765684282468013	2.5284083255313328
18476	0.002394416549371954	-0.0012450525974807636	0.000549258880659093	-1.1258059625974774	-1.236279274705685	-1.7562608951999703	-0.23300675818009609	0.3104929358302164	0.24303697097606122
78177	-0.0016294265474739603	-0.0012298625984841101	-0.014491077025675274	-0.1317656160649527	-0.07717520050159565	0.6776072721362294	0.9189042783438677	1.031635407039367	1.118894613014856
665113	0.002397491271090761	-0.001228423709844751	-0.018014106325211148	0.27020997836226557	0.2674767546665808	-0.24490204923449382	-1.1035356532891007	-1.6046506757690784	-1.5484499271348662
233878	-0.0005525984113965936	-0.0012213753399460934	0.2081132314833506	0.3416102931133053	0.29003614738745076	2.5002765584289626	2.275555257563522	2.3807699794769372	2.636767017741141
68631	0.003049173192146642	-0.001220854870740835	-0.035669333805838456	-0.1880943421987891	-0.928933102263859	-1.3293219269738596	-2.3141398172773044	-2.052686219410385	-2.511466880218935
104156	-0.0016290618157138034	-0.0012190326128328675	0.07579841787276474	0.16656393484849785	0.2192531621591768	0.9675566341785771	0.7128753214972287	0.887604524368749	0.7877650400381312
67163	0.001998775152985271	-0.0012153712104765657	0.0022039231665278436	0.25469552432571907	0.22043807698542514	-0.3876199172623759	-0.5277901445860157	-0.4705619787704553	-0.4539913314600407
240023	-0.0010850835575919831	-0.001194695285791594	-0.05066031509213687	-0.3957836295523975	-0.4517980685873881	0.6492187862277942	0.6994039249736193	-0.02962837963034316	0.06088123756982031
19268	-0.005105572607870868	-0.0011897667086515301	0.006738136367781735	-0.11012320404975738	-0.5642784675915156	-0.33124550536953906	-0.677120811444509	-0.5267726775226613	-0.25654830850824245
63954	-0.0017077621314314322	-0.0011895922170563496	-0.2261911300786397	-0.07686758825697063	-0.012587960594634875	0.6839916128493806	1.3333996416022755	1.9192636756768116	1.4589280003476273
67971	0.004222647496269341	-0.0011743344790242428	0.00039399320089380315	0.21013041372695004	0.10937581672491017	-0.16872802217278451	-0.5841210997350829	0.5833898717386574	0.7207824927372624
54131	-0.0015282698995234632	-0.0011645107429704119	0.028965816794856894	-0.7123557212972881	-0.5667000674588585	0.19527970020752253	0.1422643454829311	-0.07745054007435065	0.114182782855294
381511	0.0011853207353457473	-0.0011320056574086923	0.035554176119731155	0.15788250020379285	0.16252190589414717	-0.7924986414166163	-0.9377793177506323	-1.510568188424253	-1.4058306446119957
64293	0.002720864652424827	-0.0011202213034741317	-0.03832815647940721	0.1948911307379035	0.21271863770349625	-0.19899655087664633	-2.2352137961654694	-2.0974527988505973	-2.299257262350932
239554	0.0036387256031312006	-0.0011065087758500138	-0.050495782775010704	-0.42980958596883617	-0.8865797209159187	-1.1906721138399248	-1.4964481246791634	-0.9725223916274786	-1.0134597135184666
213760	0.001051738270185445	-0.0010979291491569636	-0.011483539486840711	-0.08405063220170343	0.09387851003444905	-0.9500400962204838	-0.4509493735380142	-0.40412947482595746	-0.4680212066001484
432530	0.002148837954126144	-0.0010795734693303642	-0.04908642821329037	-0.15686692383109005	-0.30454039735300303	-0.8069391321004952	-1.5242189722329271	-1.4920383170532836	-1.6748747295000046
12448	0.002593479577773614	-0.0010739386305649312	0.02657337185807529	0.3455367089252981	0.21806214233985827	-0.19602965917988197	-0.35127623241539363	-0.5238273258100569	-0.5166878014709176
17427	0.007238343446025018	-0.0010657911050436148	-0.06351425562264774	0.050596240168358377	0.32388211581190274	0.1766397097294861	0.460940531929483	-0.09078014296704527	0.08579848415667723
102502	0.0012903447231001285	-0.001062870367146508	-0.017765305352422864	0.13875427772197815	0.10170185162808495	-0.7220085477083806	-1.6517257391448148	-1.7863083588604711	-2.268263648380066
67178	-0.001250910631912713	-0.0010491456120585725	0.03878381930175636	-0.951808875059053	-0.8424735810465602	-0.003768092985938598	0.4536475777938405	0.5991967333385483	0.511580195633489
16402	0.0022884778982329474	-0.0010486411980571697	-0.18071978203850503	0.5428838677331399	0.36236317297285114	-0.09586331847234922	1.185622256231177	1.9039350612750667	1.9070347572169242
68667	0.0012506113009730282	-0.0010483868413720635	-0.03610397226417876	-1.025075129421183	-1.12616134894767	-1.964460859400178	-1.4259834925630992	-0.3429477558472367	-0.1600011280527302
103967	0.001258713966210759	-0.001040751841214434	-0.05862187068094881	-0.36995222744698725	-0.5108570824095854	-1.3376945285273243	-2.044383704066524	-2.3674890809009668	-2.6927819855458526
15370	0.009548312354772388	-0.0010375755267190156	-0.0062039136176286	0.3729844289418364	0.2296290421643596	0.12096318707213274	0.7682266096586674	2.075739855508591	2.867273338596734
18779	0.0010391249890563886	-0.0010318411835687409	-0.08731699256729519	0.1235900163240343	0.13835361730089835	-0.8546368260390678	-0.8251002723862441	-1.327545231462324	-1.4071342999531768
211712	0.0022402083855228732	-0.000992239744094985	-0.018648465415358847	0.16627644165667974	0.25651663809567027	-0.18640632858333914	-1.2434255788118511	-2.127371459660836	-2.3324649578450285
12931	0.0008341359136735704	-0.0009781596259959566	-0.03565117369707564	-0.25483481572907113	-0.1560387813826708	-1.3287009458590804	-1.447516801416949	-1.581964543218573	-0.9914259003420529
66902	0.0007713457068540194	-0.0009709567998097834	-0.003219861046061405	0.26792161617842275	0.3915552416255496	-0.8672276765680189	-1.466565452754144	-1.3445723187243197	-1.0343241396352532
226409	0.0026196064526806764	-0.0009672712605287655	-0.021121952185960805	0.3300235813559073	0.4374366249863186	0.06819365738752355	0.30442121829010804	0.3340065873987022	0.322213878684533
30954	0.00609558579952192	-0.0009494162674275346	-2.7479487950495113e-05	0.26238084636138126	0.40031575197925734	0.24456103066896132	-0.11364439659561011	-0.18178636462843462	-0.19558493859072587
236904	-0.009613946015577003	-0.0009487436993243013	0.008175780558456134	0.37389508736879473	0.42983715760939956	0.5285212669009536	0.4533930750891751	0.36379867856923487	0.16660296594138632
227059	0.003235759412801702	-0.0009459394486286891	0.004136307629961079	0.08347019935198835	-0.1488595195247772	-0.4411987598546513	-0.7202697788446315	-1.0419213803574932	-1.0517174094289563
13400	0.003412688968389328	-0.0009375469645592779	-0.001661352461847257	0.5076057404055186	0.5730600626199638	0.298336238315	-0.2923594436132324	-0.2413385711777246	-0.2389233657082269
83946	0.002446174886318957	-0.0009171786909695182	-0.0008151160734131539	0.17444734437095974	0.08514891705687494	-0.2897951215313485	-0.6258554638062793	-0.5302771608328175	-0.43004557998186366
24001	0.005918391231393209	-0.0009166060657665417	0.0027393863447790945	0.2404350667549424	0.364799602019227	0.2099254090283102	-0.347128212919358	-1.075002109606064	-1.4561841596875282
279766	0.0059139994051894875	-0.0009137351236525988	0.05650393853486429	0.2385799849185226	0.3494958091052023	0.1949920526707996	0.5539879699722446	0.8006829098197685	0.46644332407123956
241494	0.0009785828085575924	-0.00091332895217756	0.022077227872890185	-0.38338023162765966	0.14758192838199008	-0.7857360741320588	-1.8081235304012646	-1.6527394327428977	-1.3891675152259195
11352	-0.0048148434425327406	-0.000874996785436091	0.004507473141098773	0.2830854053141217	0.33877303993404834	0.5205020610080583	-0.1047242659568346	-0.6869480840886558	-0.7611657980233276
241230	0.0016679575035964316	-0.0008570804276414251	-0.07330469695836786	0.10537546712305161	0.1304599686747886	-0.3833903097606018	-0.6922459606495242	-1.2353100405152284	-1.353054070954486
208092	-0.0013332046092182199	-0.0008464319594206762	-0.025772656837176264	-0.31882216093148236	-0.6874013418348702	-0.052516078486570805	1.141248049648662	1.653567846326226	1.5381113502206023
11717	0.0047922166874169855	-0.000818236782616218	-0.007618217776234746	0.24944408793986053	0.23619227543975066	0.0654494155092559	-0.814279526575345	-2.0817340217375713	-1.8937295197140147
11931	0.004163261207813652	-0.0008159290780086579	-0.005467850695371111	0.16990191954815656	0.20237465728523704	0.006391499544062001	-0.39105223647976667	-0.17539864646737713	0.1168574399476019
170459	0.000600176837561622	-0.0008121628621849315	-0.0032450817706780764	0.24524175080945668	0.32502646906121135	-1.0281794718487365	-1.7765944394709385	-0.03418241852070863	0.26295217336941
16007	0.004863931105344555	-0.0007789896036062462	0.12625208368684507	0.5242021865928833	1.1416029469881837	0.9814465659180897	2.8292400163932254	2.799923307380627	2.767639687043868
12550	0.0018985996381031985	-0.0007686938554443551	-0.054065570018417504	-0.24075167688182314	-0.668104382439146	-1.0729785012461637	-0.9236019158287604	0.004656610328936717	0.09100808582482196
52585	0.0007653805797685128	-0.0007563359722203675	0.01807926143650757	0.3378828859343795	0.3519055261920408	-0.6362773363116291	-0.8267338582343424	-0.863580219764824	-0.9440106080092874
18712	-0.00122391773207449	-0.0007442934700185417	-0.04329559950380839	0.46930382332037285	0.21820910091865262	0.826332874693051	1.0837423100578738	1.3248158254085896	1.5615469941035232
72776	0.0034061986463031417	-0.0007372363584866014	-0.04593087956444755	0.028035052261033463	0.048413253391357415	-0.1680263718450474	0.27896783750420917	0.3879502658566642	0.4101166693155518
14613	0.0008968215416116209	-0.0007315622754550612	0.010600732640756515	0.1708388127050796	0.13900803261329106	-0.676719781128133	-0.446357825239484	-0.08027497004130067	-0.1693916364574092
20616	0.0021855165984349914	-0.0007273924388355033	0.02312073393647809	0.33854240671643926	0.4467810230296307	0.11395699444235033	-0.5054153028839814	-0.08252922398044008	-0.10365837242637861
72301	0.0013010889685819568	-0.0007216676685755874	-0.07636206901324384	-0.06448522976893385	-0.27102588508562664	-0.8256902362576495	-1.3292242680957986	-1.8240539319488478	-1.6237228166087707
231724	-0.0020106571332046304	-0.0007164696930461583	-0.024820605332979716	0.17632554043627993	0.022520575166510445	0.3788566611227634	0.045684347084354045	-0.24980166220825814	-0.10820003042144226
72287	0.004420749148728363	-0.0006761561725078984	-0.27703640381241024	-0.04855268506051997	-0.16860839419725393	-0.3215589801182841	1.095968812228147	1.9203181436193346	2.07522908191104
11364	0.0031315530794885924	-0.0006699196435481681	0.0337995183718823	0.3511000466078993	0.45138416557420563	0.23745847868865191	0.5411808965562113	0.9066180533011331	0.8630228121240062
269643	0.0077418994890678	-0.0006574241608025401	-0.1992791367099656	0.103706772643821	-0.15396328537761253	-0.2388809676248281	0.8103171793671855	2.129459671191702	1.9626950989196426
75593	-0.002194928000806681	-0.0006401856603201271	0.018380143935246694	-0.6123497966015236	-0.5926575969216321	-0.3009916925799655	-0.11493412242281242	0.18855072894480204	0.20637717251478715
107513	0.002045559560677801	-0.0006293110955661761	0.02202565510817802	0.20071722421672158	0.20872348805101634	-0.09892391936920683	0.3659876679416365	0.4904566745412898	0.5310414255982486
230514	0.005006375585280446	-0.000623759704643239	0.018992667121211382	-0.966234686747448	-1.5345914872284332	-1.6591845574082242	-1.3264760887764966	-0.8930996467243503	-0.7479124827558703
381644	0.0025156239984630855	-0.0006218774476146137	-0.013216987766866932	0.24183986407833188	0.19190727846494152	-0.055298761863242785	-0.31733379791195715	-0.6113043682906075	-0.7077718108733587
387314	0.00557434164265191	-0.0006174984416361259	-0.039427325687890535	0.1572737192480025	0.2212656367773359	0.11049050291913194	-0.5686500110634589	-1.6223037836646759	-1.6052122079973288
72042	-0.006778252756910606	-0.0006142434570045821	-0.033896580831954765	-0.38577269425415445	0.15186823242313796	0.24248796571330553	-0.06798070925592309	0.09863469090922376	0.34650753947318247
17381	0.000303569425977304	-0.0006031142742372799	-0.057764499144555365	0.5362286957421083	0.4765567718370568	-1.510185708225382	-1.123608922229201	-1.3273005332649177	-1.1571052197506706
216292	0.001608434149670186	-0.0005956968751102329	-0.004140056448308323	0.3586838409040118	0.10507657812212258	-0.2652816831920769	0.24592970155191038	0.49594581970359086	0.5898941986028138
50773	-0.0006124708087416036	-0.0005941238935759521	-0.08611716148850407	-0.6895562568038682	-0.3488953255376361	0.6211490995944815	2.321964508164257	2.3108720269320213	2.403926197665207
215456	-0.0009213885566244037	-0.0005930779703468948	-0.20098208443872137	-1.270515040855141	-0.9105507687631026	-0.26687230533645295	0.37969385112743476	0.6511637752799249	0.8512357736469444
56533	0.0006751355142739268	-0.0005911207923925911	-0.017716439266225115	0.3335287656875183	0.257506283478468	-0.6180524449470554	-1.4834805200060364	-2.5213639176294507	-2.7544590244275344
110033	-0.0015497550106404402	-0.0005850355953951287	0.016443666624594865	-0.6960450914798988	-0.6777576414505946	-0.30025565476344634	-0.019530353060679993	-0.2980232957852465	-0.437737259541272
14183	0.0006808373663003875	-0.0005818637448750857	0.015187365540409802	0.19021280664876938	-0.030104891948061523	-0.8847344608815118	-0.8032974725450682	0.18078090195337795	0.21122030873855227
234740	-0.007740306695339119	-0.0005647339861082639	-0.028899738788977003	-0.052062782021517436	0.2390190545444358	0.311979210819422	0.3426129443990943	0.24415500674971718	-0.0259797136091405
75597	0.0018219025099965264	-0.0005430665890235327	0.007117867300583765	0.23770785495030522	0.020593628616816264	-0.27748301711137263	-0.18291622772031288	-0.17396495549517305	-0.4797644550530881
68802	0.0014000762974884123	-0.0005415949066538756	-0.28036206533673697	0.381110947761969	0.6812539426721886	0.29442151959250423	1.5348367666508873	1.912310284961958	1.8475223622655792
16511	0.00043121242020896207	-0.0005290145732325153	-0.016620965722897507	-0.21558743945385125	-0.20718676324911944	-1.43399412880728	-1.5716619937764114	-1.6122756744173297	-1.3331634916230306
16438	0.00473167701582156	-0.0005265005352214823	-0.012190247528755244	0.2001985185476382	0.19377008639512783	0.0824986421564373	-0.42853135305319334	-1.038049188202851	-1.552159350139342
54650	0.0011701297872947626	-0.0005249654205201545	-0.030377016303018065	0.16269588232164275	0.33456800015620525	-0.11407062627670388	-0.9006507893417862	-1.5989737958772527	-1.834376138861903
71755	-0.0011392538348109378	-0.0005231240160083978	-0.13444787345037607	0.15593182416175744	0.0880205324158014	0.5472017965238232	0.5513012853215516	0.40103546325869227	-0.005997781589008294
76547	-0.0006754156420136565	-0.0005110398851211448	0.0012557371543524543	-0.8175209436166783	-0.12651132891806752	0.6301188900646488	0.9271376597492718	1.2320933447227165	1.2508504542643537
22249	0.005809095560804253	-0.0005069869666083414	-0.0046690767446114076	0.22239759064254114	0.2546538580410581	0.16737917624220155	-0.2053403379105064	-0.7531951207952932	-1.1208498664192539
14823	0.0008291661961882035	-0.0005064040683364615	-0.003785637733176124	0.15450831481102562	0.15478716204914092	-0.4559517593691151	-1.669780260675919	-1.6937546225501485	-1.5769971716029254
77782	-0.00030351512279033397	-0.0004914111830042824	-0.08031455161991713	0.2508162381882722	0.0317658612227555	1.6508324121298272	1.6336364385238553	1.2083103558185315	1.1339228300078765
73683	-0.0019775381719340625	-0.00047398558919714676	-0.16580102951337705	0.03524791740226121	-0.16580589087996672	0.07387878167104736	1.1306052509395246	1.312979350994029	1.3050759416294595
20191	0.0005490107097410086	-0.0004640619246694199	0.024675474564017166	0.14818092520832707	0.08882143273891223	-0.7564479152640391	-0.44630639957665946	0.43203154178818887	0.7406137136091888
192678	0.0006640384235313161	-0.0004599953283212093	-0.0070074149897637	0.2003290642078424	0.12461950536277117	-0.5681044576196449	-0.8613311397149377	-0.819255660074739	-0.7503448345866549
272636	0.001293380698081668	-0.00045969901329056737	0.04259943643865453	0.2448743362995978	0.39844176086554367	0.04301739588747551	0.32868087048078465	0.24448298449015804	0.22445887645334917
216527	-0.0018883295630187644	-0.0004567723232323667	0.022061133863057213	-1.2296362244383088	-0.5192317799086044	-0.27733951058346024	0.1870493567655995	-0.5104571462359215	-0.04815960119126491
245945	-0.004848336979779471	-0.0004561753358916744	0.02213665621341928	0.6043192901213886	0.40951029932931227	0.5035993318768032	0.675408234967867	1.5753452124754077	1.7213308610542901
71279	0.0010822080844695792	-0.0004432292209336731	0.034948764110971524	0.38253548309627533	0.3299478986846733	-0.07961217325926559	0.5703833344406103	1.2607987791691333	1.2798908634732935
433938	-0.001616134528292822	-0.0004416086764226206	0.03205369812108707	0.35094394394184397	0.3096442957745077	0.5828942441492305	-0.08007457604154838	-1.325504288429139	-1.654521185663732
70551	0.0005284756590021292	-0.0004415969497566856	0.020371540353583482	0.23813057534149	0.22410289741116557	-0.6115021909868725	-1.4556473633165736	-0.5377180758332322	-0.6315910305587688
235134	0.001184840131558048	-0.00043692848491263246	-0.023310717547811898	0.32195847906549857	-0.02827022544789257	-0.3970359966900244	-0.31152793055788114	-0.5087158134557697	-0.5097941062312157
14081	0.0008164402953713671	-0.00042595791417267596	0.0045041796483820725	0.19539560415880175	0.2805554862611075	-0.24117024994710373	-0.32958724123010746	-0.8934613358632617	-1.0004339984256976
193838	0.005522446668715436	-0.00042290063729879553	0.0447921790927792	0.3495657929656833	0.29667608301576137	0.22009759115009606	0.35627886779600504	0.05442922846305575	0.16467907802904116
76261	-0.0033673938337737755	-0.0004198772849917117	-0.0072801946286310815	0.10695164667819247	0.32504477165333767	0.44973386527241194	-0.13953419641466336	-0.7768607694919161	-1.2983735148275346
108159	-0.008258959843211492	-0.000418154921710246	-0.026518167209008795	0.12477819967890182	0.06964937113605224	0.12027982940785886	0.5925343595583942	0.8416851013740918	0.891597872546242
26556	-0.004092476982096645	-0.00040329420627322154	-0.05005441629156411	0.3403415922556649	0.4051837563688403	0.5037290158871008	0.29581371066163537	-0.0034907727380356986	0.04293806535006911
99512	0.0015303992770483341	-0.00039813093280187606	-0.05444672729043292	0.30153799534873293	0.3813538010255737	0.12120539480719963	-0.1680587136306212	-0.486010487490778	-0.39541377236696235
76566	-0.0007232893395930645	-0.00038006034124543874	-0.07674426362232357	-0.684017405866787	-0.8781594774305405	-0.35269847525502457	2.0739083724354845	2.444843003928674	2.432883171868479
235041	0.002115473223845176	-0.0003772113701413261	-0.04578374743416174	0.350245656284313	0.3002378667841043	0.12192723354635984	-0.08520817867718603	-0.018338187916277417	0.08042064154734163
21664	-0.0012829720239321677	-0.0003759534008339978	-0.18643298413518927	0.3441860825319619	0.22226062184686457	0.5152938243026298	0.04008419517192589	1.0717478995987244	1.6830319984881896
53321	0.00501541470360002	-0.0003741900055619088	-0.02435117854547568	0.2395692896580308	0.46202138309463503	0.3874133939899019	-0.5954779137254679	-1.7619826715384028	-2.127448822002959
17345	-0.0011538563094566025	-0.0003723759476550271	-0.010830376532291887	0.1971454483079846	0.2672686703823053	0.589991651227636	0.39191519734267183	0.0032295139273684974	-0.08791387951365887
116939	0.0031108281050702675	-0.00036488064950235434	-0.05373382087858389	-0.4891310979448569	-0.508328189456348	-0.6256219251364531	0.01790413146138645	0.4356354436805553	0.2037880475641387
104271	-0.0028239366354709428	-0.0003591492474760764	0.022563016058298177	0.11383323771316017	0.03726209365970937	0.164442442880322	-0.41178178673048027	-0.9631716839391969	-0.9924999287664032
14163	-0.0013407798003773107	-0.00035125878311363217	-0.013131804523882427	0.18309272079481487	0.0850785525329692	0.34705951541351376	-0.2751406465452981	-0.7300584626000718	-0.7716782480946495
67196	0.0004203486396378265	-0.000351081047425959	0.02418233535132074	-0.8849120684659918	-0.6453577475099478	-1.4805716968840943	-1.1873653286635928	-1.3479515983154078	-1.4687442579836427
244895	0.003671379804624284	-0.0003471608080647408	-0.02943182578453389	0.22949447815902027	0.38004247215771936	0.28548379761593684	-0.5436531528195558	-0.8252881140559847	-0.834834848032972
54725	0.0010425560666997326	-0.00034518559230422067	-0.029312982908028105	0.054629201852402026	-0.019653180928467167	-0.350748652270286	-0.15455369591883147	-0.4491871540537464	0.0021385686354056985
53324	-0.002058946776419306	-0.0003239693523379817	0.07197410217618387	0.12336754720911122	0.14996261405790443	0.30730973737762113	-0.040773378329374645	-0.4567978601921213	-0.7342284411526229
17930	0.0005938628757678994	-0.0003149958123125958	0.026849004091862316	0.13498550492075542	0.4458599925239402	-0.08455843429771927	-0.45143172880626353	-1.0006707175818212	-1.1281878065340651
56177	0.00032222908150168956	-0.0003139834845015595	-0.011418259385373757	0.33372452306543765	0.23862691681337722	-0.7357838441219705	-1.0380664263677057	-1.3767084871051098	-1.0715239847043516
18984	-0.0004677289850941731	-0.000299651677414199	-0.013625507401161757	-0.34334858491781234	-0.8941774528710642	-0.2535250944249295	0.20627303539425348	0.3031723706873883	0.4604647594515869
71240	-0.0009014044302681834	-0.00028734547564079736	-0.18271969541798683	0.0018419405719599556	0.2151961509864992	0.5339714598179713	1.3765233176318077	1.635117157063438	1.6036467220774633
77113	-0.005293826957748966	-0.00028223614742304263	0.009217942202593882	0.3254970983373833	0.16519088043598246	0.21850508010205064	0.10668370863570327	0.005754344799971248	0.2672338383507134
67426	0.0004989569757984555	-0.00027329114113856427	-0.11755570240474174	-0.030479452171912665	-0.027055459103396056	-0.5747803219560104	0.7507491534900779	0.6759055112419046	0.761424305138347
544963	0.0004947875837109241	-0.00027005537975195737	0.021970214272218413	0.3133844441207881	0.32362764401785094	-0.22217299577697297	-0.8986805808719001	-1.3760986888894013	-1.7369939786040245
11746	0.001275696845910789	-0.0002622139186740585	-0.03153591792647652	0.6206337068734147	0.20373096677620237	-0.001814668548191456	0.0696205033007849	0.7903477576710913	1.0979604321610061
16847	-0.0005886061180659717	-0.0002617394843580842	0.0015908202308529717	0.052764616418278766	0.24424111363162224	0.6889179124697005	0.011053496748442186	-0.47700568055854975	-0.8148305202086034
194655	0.01099101889913934	-0.00025679117447792503	-0.025652020293102425	0.2856098210706968	0.42683319659623375	0.40346946873493117	0.21318283974265062	-0.27778433267516706	-0.26394326274987356
70466	-0.004026390044372589	-0.00025345393436203165	-0.027240905856527668	0.13718371572271293	0.12920010313736888	0.19214828539712459	0.03710577772212214	0.16672030856183406	0.09585669057822745
68567	0.0006420846529014775	-0.00025199123788651655	0.3789071753106199	0.6192587788964281	0.5887094158113368	0.19625144823991364	1.561410625760297	2.588213619305387	2.9711310482809368
14536	-0.00601641803192309	-0.00025153674207053264	0.03135970408370943	0.17232756355356352	0.2925822092201639	0.33439059765592083	-0.08870078241819146	-0.5432544130476483	-0.39488920376545883
72472	-0.0026769542774594183	-0.00024358517625866664	-0.03304793545326857	0.14527362571229674	-0.2935797719563266	-0.2025863701228658	-0.3699257672196978	-0.8043581381199175	-0.8567659707319843
74134	-0.0004551249408279243	-0.00023956298743451162	-0.17167545923253968	-0.02378062006286892	0.0015526896839163948	0.5279202119706958	2.1947317293152113	3.1013002646967225	3.1436108458009975
67238	0.003621144026490216	-0.00023449294896984969	-0.03864380324250165	0.13979498668568893	0.1364748630528911	0.07171827031467536	-0.9704674543294716	-1.2037596537670006	-1.2216604161051607
18974	0.0005076557074740186	-0.0002312385555114098	-0.021787489162736127	0.3608975788351292	0.4310553066960823	-0.02444741317286439	0.05679347462749129	0.2745962964967324	0.30217984499903155
236539	-0.00042276750549125633	-0.00022792724238102118	-0.009139253507526555	-0.9415749552325774	-0.7902108912010922	-0.2510794787332171	1.2776206089195141	1.4859774415000828	1.487219013097828
106572	0.0007015554977154152	-0.0002278146891883925	0.03544598183872352	0.24591477383828134	0.20243031956865515	-0.12229764554638005	-0.3919847877131453	0.28690518509366997	0.029133157323159953
54609	0.006561171277594542	-0.00022394483596819406	-0.011285762429434238	0.10635472520969423	-0.2152581139101872	-0.24938995203685424	-0.939190392604178	-0.33497698118632974	-0.0967000015698542
219114	-0.0007292270736885874	-0.00022233530127969799	-0.002757987424513003	-0.06059366252552682	-0.09667875494616694	0.2082129712415049	0.10911217611987083	-0.11673916553262285	-0.11832036599531216
13982	0.0006735497829876938	-0.00021491995724151283	0.03982378573763556	0.0388433664430682	-0.1008311573512568	-0.41991663947877395	-1.085241663169012	-2.0106531624558457	-1.2885935466101703
19249	-0.0008694275196386948	-0.00020444706254299592	0.01691361726249281	0.5364398550467622	0.42140302041621924	0.6565543791263246	0.7222420562479834	0.8244038192223498	0.9006454567485686
330409	-0.0013515279801102889	-0.00020275024595812759	0.012179129300126141	0.24450120423675215	0.1782317835350302	0.3282473577161748	0.21142611181962503	-0.01115524072183754	0.018586729483380044
57738	0.00020400854249046977	-0.00020205982963785048	0.081657352589231	-0.22112862847332668	-0.01338773248104802	-1.0038356184919472	-1.27516962908222	-1.4089265330775604	-0.7357480405294138
66526	-0.0009768889974650556	-0.00019923567435461905	-0.013860107173150784	0.14898480182835952	-0.18273715411945407	0.02121198940823309	-0.13420286636447115	-0.2152585262203786	-0.14380218807681158
52033	-0.0006454752461329082	-0.00018985073985513252	0.0075857723941047195	0.21637266864233037	0.30703153952687834	0.6011570555595115	1.188762596728443	1.174879252934711	1.214669072296773
68479	0.0006091328275190451	-0.00018497185673240608	-0.006281238609511423	-0.018648167519806993	0.26769653805958105	-0.03596770129160176	0.05655787243822325	0.06674087443177085	-0.03275033892208207
21652	0.0031997481346069875	-0.0001803770445489442	-0.007356273213215202	0.3744457019207868	0.4099796714061435	0.3536074080401398	-0.6385644354712687	-1.4623361051931238	-2.0034899725988207
12805	0.0003790908710382799	-0.000179745681263371	-0.04270105199155558	0.1247358806836269	0.021078979171883422	-0.45307034753459	-0.8013523732859522	-1.5718377856551535	-1.6914293686778095
270906	-0.00011453678482687733	-0.00017782635664011985	0.043953558139158445	0.3541801543817494	0.7785884345404905	2.3311582653499103	2.46043369425415	2.138532653623237	2.11988938539166
13131	0.0002426752484083481	-0.00017738334248163475	0.014676525380125397	0.14336746456940405	0.2351330785454323	-0.4958163843480925	-1.765118730988288	-1.5542116817814873	-1.7089430119699858
80914	-0.0002823358093053254	-0.00017542558094931718	0.001767324111831387	-0.5204723015006988	-0.2671559141777731	0.3541807181854541	-0.10930116706963719	-0.09335663077589741	-0.10396285532247139
208228	0.0007341034111717261	-0.00017445352592540333	-0.09073599383269366	0.11561688476980635	0.21131830901002185	-0.026323313778452095	-0.2561159499821271	-0.4339123059094547	-0.33145607597992327
13106	0.001709055397216613	-0.00017350611215081514	0.5087493533786397	0.7720949023533933	1.2849145655896135	1.1833929224448745	2.11041829991076	2.0736370526533645	1.6824199606116776
56419	-0.0011723002985214144	-0.00017350292266463054	-0.005854748346476943	0.19426229276737841	0.09989817629769183	0.24790029050295503	0.09629207610450602	-0.17199300716333832	-0.1771383687895698
71228	0.005791979122686849	-0.00016824382867234976	-0.04021246253962906	0.16384350226564315	-0.019237517601405858	-0.04828524465783608	-0.14821763863584833	-1.0693379788964794	-0.9770183580649859
70099	-0.03438699856510429	-0.0001640917986481861	0.012897562068675901	-0.12567964410736454	-0.5602043892321099	-0.5554324752676645	-0.4907434480479664	-0.554666246765233	-0.7011808878086424
14760	0.005233902768576118	-0.00015418282324087886	0.023067940751538726	-0.17708354817298222	-0.19676429704581808	-0.2262227776592866	-0.5133631856697627	-0.865910120243798	-0.7805695378736002
100434	0.0014878054089542295	-0.00015266604149772562	-0.04286411488693736	-0.32197193373186395	-0.661690891506165	-0.764302456552856	-0.3432924916561247	-0.15105735668667614	-0.22339508538394448
22171	-0.0009303149585737111	-0.00014570701368508997	0.018283331982298326	-1.2545740350091121	-1.442828846015627	-1.286207679880153	-0.3391241731743535	0.23030680142375148	0.25967915821075327
140488	-0.006504170996644577	-0.00014395703574540775	-0.02066323819365509	0.26116973157295637	0.3296590037356456	0.3517920374181354	-0.008271259903850444	-0.44957443470133857	-0.664302666171646
18616	-0.005219792062055774	-0.0001437624142970342	0.053760426412259525	0.3472784136374518	0.34343141434963514	0.3709732038669008	0.11525023268222637	0.04530003617249668	-0.048745748395336776
52276	-0.0020016107223409744	-0.00014299574937440615	-0.0025843817445950464	0.21280439574338653	0.21122321749511885	0.2826635569069532	0.05714987962471987	-0.24868986983743477	-0.2767402753326618
67800	0.0005715348906211328	-0.00014242426219370646	-0.03353096274787765	-0.48192644402991897	-0.939309922162933	-1.1885060159288316	-0.016342228445068174	0.2688768685448659	0.11094523934947469
268395	0.0004937824593092552	-0.00013450921897710744	-0.02537750937351874	0.14914747565048755	-0.48504766280308664	-0.757453489379572	-0.24574804403478792	-0.10704331007020165	-0.2505770330252822
64424	-0.00011631634060772519	-0.00013142525818485938	0.02990217537761476	-0.27033715255860197	-0.40632693558225447	0.7235681204192814	0.7656503518768724	0.43706952886899963	0.37576644350363714
71720	0.0006184427728497002	-0.00012299167062391382	-0.05455234161792548	0.788652922802918	0.2181845343069399	0.019311370898165748	1.096377385174905	1.4415752760060376	1.535731452541149
546336	0.0002896886269916129	-0.00011317818586256928	-0.03172906380497382	0.1600297171513034	0.1682265762801316	-0.22246251302901143	-0.846942065495154	-2.1536260756632064	-2.2496514647398445
320633	-0.0022282258744347905	-0.00011281431123336728	-0.05054262260523391	0.331795754093436	0.450604861154588	0.5012345179266976	0.8125615729101974	0.7772078001683584	0.7308047502344645
53625	-0.0029459242271584842	-0.00011253771448879958	-0.038288771136937835	-0.12032512943613241	-0.22658624795635574	-0.18838509076048693	-0.5431162350679419	-0.8675350874086765	-1.0123753726725242
633640	0.0028721497537908514	-0.0001095667003469532	-0.23407104842483994	0.07535203477450468	-0.25798944630410464	-0.2961374224680703	0.9616686749943011	1.1598250521057365	1.189435304899147
216850	-0.0019442713023656497	-0.00010923831018105433	-0.00046108238448477385	0.2580497812470209	-0.12298724039798589	-0.06680253508029643	-0.7376192426595377	-0.48544443717784097	-0.3914514699273017
101565	0.0006445549746747451	-0.00010579038672424247	-0.01380582297355692	0.29530955903888745	0.44398635161343564	0.2798570051948057	-0.08830728667154526	-0.45098830964518943	-0.3443174798815036
27999	0.0008504388008744662	-0.00010287636263183184	0.0016852077051412652	0.023648890044705204	-0.15003840177296757	-0.2710069682659932	-0.22353453782281818	0.15016849923050532	0.22295349003489395
105239	-0.0002503838321787423	-9.88295594409449e-05	0.07409245602939162	0.3886535762756727	0.3695195695948498	0.7642317943458199	0.8258359393877238	0.6972652253887165	0.5325217458994044
21828	5.3926414618514494e-05	-9.078606853989783e-05	-0.08128288281025563	0.4738180261677247	0.41772565434463593	-1.265791953531493	-1.385282937683184	-1.3285855034507017	-1.2393674016250102
211798	0.00010062232310222396	-8.850474683086938e-05	-0.059260371947656015	0.24751385221460376	0.05708595947764815	-0.8224877186310939	-1.4347261937349436	-1.4470515885422737	-1.5063933186276788
234214	0.00014537526126626619	-8.490407795218315e-05	-0.02943497449621867	0.13144856974341718	0.17767584176370543	-0.4063580386409851	-1.4610895965395239	-1.9015399133349156	-2.0112678902025958
14675	0.00015108728883515962	-8.465219577086117e-05	-0.041418550848308956	-0.16487829962590891	0.32954359629152713	-0.23074308582121525	-0.9347129634988721	-1.8691975317357539	-2.5375993941085997
236930	-0.0013599569968207569	-8.43045734624861e-05	0.009360167641573814	0.014736863960851014	0.03016174759338743	0.09215236469346437	0.04302039499752036	-0.20296703667756438	-0.30890339605193934
22637	0.00036762861980119854	-8.198988805969039e-05	0.019216346305586926	-0.4475246267816239	-0.6018587363187774	-0.8248824174022247	0.3076441674495849	0.9667574094975948	0.5759838178216435
209584	0.0026483850388579664	-8.126722174161412e-05	-0.04409540299851336	-0.20830042893124145	-0.7430022446556693	-0.7736878211671037	0.40567033726753493	0.8115833039792094	0.6181720021495163
20656	-0.0017909472494701708	-7.818991037362737e-05	-0.012204292701345487	0.0036587297677944056	0.11474207561525722	0.15840048621152625	0.4552866863481425	0.5633254378035359	0.7676788024825738
272347	0.0054410710784466975	-7.45576944294976e-05	-0.03260246768448389	-0.09281420762873144	-0.24232851433829086	-0.25603127494453204	-0.14324952429877272	-0.6491101390625594	-0.4540279574767407
75906	0.0021176019018658274	-6.895344488235341e-05	0.03815683060837098	0.41882833574325606	0.2645979882197635	0.232035944890657	-0.148358699355012	-0.9809861903998152	-1.295481339014646
243780	-0.002413974689890965	-5.8907274041313876e-05	0.013758870118600906	0.15361435161270195	0.2057695687234149	0.23017217505064802	-0.037107542465472515	-0.9092487161827638	-1.427366022640804
56700	-5.588172938799767e-05	-5.826525416456615e-05	-0.06010521687268134	-0.5426170561322127	-0.35794173884208835	0.6847112857273414	1.1260435369006625	1.5284361420951245	1.5131029499293394
238799	0.00016787786798700118	-5.687643378320382e-05	-0.044836556536479846	0.18212883057036366	0.3273394194027963	-0.011457078701455148	-0.03238364378129263	-0.03081877252214239	-0.10904633524139118
17921	0.00041957226492865795	-5.5640527826118095e-05	-0.09323034868887735	-0.06487802818899928	0.27189891116967574	0.13928640915985166	-0.32347318034329076	-0.14930978527253827	0.023185726734454765
16598	0.0018638993462405788	-5.5624427163799776e-05	-0.03253302128915105	0.38184573239079517	0.2337816609479836	0.20393861857770093	2.211363510584652	2.116121328679487	2.1683018156172387
107508	0.0002480690616455506	-4.861744336505179e-05	-0.009203578454284949	0.21644598428189218	0.0231893541306117	-0.17279414757069284	0.25782351112006424	0.3008233667175962	0.23259174754263234
16574	0.000904576697376702	-4.765616933536571e-05	-0.006981515879094586	0.32444301499070066	0.3992253460628516	0.34654195340685023	-0.03494290453617611	-0.8042331805611803	-1.5510423255945065
22062	6.567534754703616e-05	-4.6197100402723385e-05	-0.021820464973466774	0.12137459104287295	0.17838785668610224	-0.5250282975967112	-1.5864578196909795	-1.6808662365396003	-1.6798150607390692
328365	-0.0011000386038156247	-4.5453203718658526e-05	-0.013799953743876391	0.23782649048957236	0.3311521148563614	0.3724717590588451	1.100357372857446	1.0060672012287082	0.9612462056467604
407823	0.00032699593917818727	-4.424168151539594e-05	-0.016382506980078145	0.05989877785786523	0.027562739147272593	-0.10773460315791021	-0.14753151358016148	-0.14640561466114094	-0.13682901018351265
28113	0.006214118579964883	-4.187730857677911e-05	-0.03810666688725537	0.13610247091640743	0.08291151948836539	0.07617246099794699	-0.17030468457948691	-0.26318679475995593	-0.3960176465278246
69066	4.92412002215819e-05	-4.075325423581242e-05	-0.05003524328748599	-0.4170906541312264	-0.35341386545331865	-1.1810389853209433	-1.2682275781140773	-0.5326506280405726	-1.413484921563681
20273	6.398431231755789e-05	-4.040824857000877e-05	-0.057477476286518364	-0.3854768626300967	-0.41606050055612553	-1.0475941860235924	-1.8950309773990326	-1.899612208902604	-2.223399560197373
12416	-0.001251876648665967	-4.005400807938084e-05	0.029764934599162053	0.27125449614284086	0.3563497803462721	0.38834495185303636	-0.3673237663072186	-1.6271272854463206	-1.5131247290021488
242819	-0.001443328148356207	-3.921783140584329e-05	0.011232731189597632	0.40732644086593267	0.5216204683814225	0.5487922736638928	-0.3949910700321754	-1.2219127690904865	-1.5050149619080162
20969	0.00021792217054857332	-3.5239770199579366e-05	-0.007590322075738731	-0.03707516431519689	-0.42524578743564867	-0.586953841787671	-1.0400065127705476	-1.1795639217405314	-1.2559355467353082
380863	4.49965439895278e-05	-3.275493630632151e-05	-0.08822477696762944	0.2287027071134837	-0.019936176218705706	-0.7478795559134813	-2.158320161590226	-2.088748747693443	-1.962017568856252
320557	0.0013468677751383884	-3.175329938566513e-05	0.05694774288624339	0.26162206570502955	0.20793015453670094	0.18435449256616895	0.141055616451936	0.29871761840383776	0.3592376113089384
16881	9.316604164897051e-05	-3.104015609579284e-05	0.005660098891951459	0.1937748062795519	-0.07523824999454048	-0.40840852906194397	-0.10403251651958983	0.14789869064926858	0.28579135165221287
24057	5.074515671905569e-05	-2.9318431867266937e-05	0.02210140306968873	0.37579801330847057	0.33515251043859456	-0.24260571838282424	-1.0163723819224202	-1.6191288005151612	-1.2067677180306617
103710	0.00026103652977944175	-2.8236876490074732e-05	0.012591109918869435	-0.39391167842837443	-0.5950914304464581	-0.7032635568301983	0.26363876803706704	0.3544872349422616	0.43398760230629435
12393	5.777825956809684e-05	-2.4290933035152662e-05	-0.05770914243970766	-0.35627379311983576	-0.026806425466422548	-0.44722291458762264	-1.1415627041884207	-1.1505928778666394	-0.989560504758733
109620	-0.0004663579999906877	-1.998735145747231e-05	-0.14458889584459297	0.2116403001144315	-0.06845802094848119	-0.0255996343487629	-0.4800962265954523	0.10593955631979855	1.098269194449629
22256	5.178410535622279e-05	-1.8999690636222882e-05	-0.017419389109127315	0.03323938359747348	0.36770384610857626	0.0008018690342590062	0.217909721155556	0.16763675437216297	0.13234126270627092
72415	0.0023801668778237243	-1.8658140956744794e-05	0.03383199856213057	0.35841719636441993	0.20957283934842869	0.20173383397003075	0.13165140165389858	-0.11888401367038312	-0.14274313743510933
19725	0.0016377170605158008	-1.6060670194762858e-05	0.005713079879563806	-0.060802246059137616	-0.031032044053369297	-0.04083878697739094	-0.3016630698618987	-0.7143694317499537	-0.43152904131204184
22113	5.9692896899078854e-05	-8.044975306093521e-06	-0.04587254529304588	0.3805476629350458	0.4408520723339919	0.3060793317900886	0.33588758001905067	-0.22453176424540364	-0.5203971888831385
268451	-6.570922396106152e-05	-4.860465689060783e-06	0.002085913941124302	0.31351991886124075	0.3141150779177512	0.38808438383956567	0.19074189868280894	-0.446400119593603	-0.02909504742659538
72930	-0.0002835026248241039	-3.2959128121857407e-06	-0.014546904803899611	-0.7119609231999086	-0.4919181108987073	-0.48029242378476733	0.04588313393716155	0.006962744769064908	0.04011921482241975
27801	4.5130705474174775e-05	-2.1984037462534024e-06	0.04089189204043032	0.2480167670547238	0.04787789226383407	-0.0008340373006483437	-0.7812693743314597	-1.6535841751540743	-1.9485859449242928
223881	-1.2150884122309901e-05	-4.354658256081675e-08	0.03429136855866448	-0.04973380849040732	0.29533617568346426	0.29891999576786965	0.520667167286751	1.0025995985420384	1.1708780679786657
232441	-0.005150253180556129	-0.0	0.0	0.0	0.0	0.0	0.0	0.0	0.0
19419	-0.001783616391898807	-0.0	0.0	0.0	0.0	0.0	0.0	0.0	0.0
268902	0.000776779826672035	0.0	0.0	0.0	0.0	0.0	0.0	0.0	0.0
20745	0.0003134318532035798	0.0	0.0	0.0	0.0	0.0	0.0	0.0	0.0
21817	0.007148473290009197	0.0	0.0	0.0	0.0	0.0	0.0	0.0	0.0
235472	-0.0057677935532337524	-0.0	0.0	0.0	0.0	0.0	0.0	0.0	0.0
107527	-0.004556730079571702	-0.0	0.0	0.0	0.0	0.0	0.0	0.0	0.0
16323	0.0070877982287430264	0.0	0.0	0.0	0.0	0.0	0.0	0.0	0.0
17085	0.012719853910001706	0.0	0.0	0.0	0.0	0.0	0.0	0.0	0.0
13869	0.001979224428378269	0.0	0.0	0.0	0.0	0.0	0.0	0.0	0.0
59308	9.873402897350302e-05	0.0	0.0	0.0	0.0	0.0	0.0	0.0	0.0
22324	0.00010111271105277085	0.0	0.0	0.0	0.0	0.0	0.0	0.0	0.0
74241	-0.00555426548295677	-0.0	0.0	0.0	0.0	0.0	0.0	0.0	0.0
242202	-0.012589697657320048	-0.0	0.0	0.0	0.0	0.0	0.0	0.0	0.0
230163	-0.004350526857686227	-0.0	0.0	0.0	0.0	0.0	0.0	0.0	0.0
23882	-0.0030773111512576606	-0.0	0.0	0.0	0.0	0.0	0.0	0.0	0.0
21940	-0.007341036303604917	-0.0	0.0	0.0	0.0	0.0	0.0	0.0	0.0
21956	0.0005111150709900266	0.0	0.0	0.0	0.0	0.0	0.0	0.0	0.0
16846	0.003609148860901779	0.0	0.0	0.0	0.0	0.0	0.0	0.0	0.0
15945	-0.002366988906438771	-0.0	0.0	0.0	0.0	0.0	0.0	0.0	0.0
320438	0.01313883065072916	0.0	0.0	0.0	0.0	0.0	0.0	0.0	0.0
14264	-0.0016636916555187588	-0.0	0.0	0.0	0.0	0.0	0.0	0.0	0.0
18205	-0.0007240739038279438	-0.0	0.0	0.0	0.0	0.0	0.0	0.0	0.0
233733	-0.0014539853717963713	-0.0	0.0	0.0	0.0	0.0	0.0	0.0	0.0
57814	0.008061677819708447	0.0	0.0	0.0	0.0	0.0	0.0	0.0	0.0
244550	0.0026597834466659575	0.0	0.0	0.0	0.0	0.0	0.0	0.0	0.0
20682	0.0030961289015451828	0.0	0.0	0.0	0.0	0.0	0.0	0.0	0.0
100198	0.002352423203468125	0.0	0.0	0.0	0.0	0.0	0.0	0.0	0.0
12062	0.006218243276743146	0.0	0.0	0.0	0.0	0.0	0.0	0.0	0.0
14419	-0.0031341042953762694	-0.0	0.0	0.0	0.0	0.0	0.0	0.0	0.0
19204	-0.002594099656288727	-0.0	0.0	0.0	0.0	0.0	0.0	0.0	0.0
58243	0.013220542523025404	0.0	0.0	0.0	0.0	0.0	0.0	0.0	0.0
73884	-0.007131094937920997	-0.0	0.0	0.0	0.0	0.0	0.0	0.0	0.0
70261	-0.00018694857848741545	-0.0	0.0	0.0	0.0	0.0	0.0	0.0	0.0
77976	0.003236289143026024	0.0	0.0	0.0	0.0	0.0	0.0	0.0	0.0
16149	0.02235368123159861	0.0	0.0	0.0	0.0	0.0	0.0	0.0	0.0
30794	-0.004185922076649059	-0.0	0.0	0.0	0.0	0.0	0.0	0.0	0.0
13844	-0.0007243386929802186	-0.0	0.0	0.0	0.0	0.0	0.0	0.0	0.0
68039	-0.005742508501443271	-0.0	0.0	0.0	0.0	0.0	0.0	0.0	0.0
237611	-0.007538656899673098	-0.0	0.0	0.0	0.0	0.0	0.0	0.0	0.0
118454	-0.001216466204110345	-0.0	0.0	0.0	0.0	0.0	0.0	0.0	0.0
16159	0.0008741771945066423	0.0	0.0	0.0	0.0	0.0	0.0	0.0	0.0
63993	-0.0010452781809050713	-0.0	0.0	0.0	0.0	0.0	0.0	0.0	0.0
223646	-0.001473135160059916	-0.0	0.0	0.0	0.0	0.0	0.0	0.0	0.0
54519	0.004552428963798626	0.0	0.0	0.0	0.0	0.0	0.0	0.0	0.0
12839	-0.016262776274186198	-0.0	0.0	0.0	0.0	0.0	0.0	0.0	0.0
329941	-0.0045183161788474	-0.0	0.0	0.0	0.0	0.0	0.0	0.0	0.0
64297	-0.005876411895731431	-0.0	0.0	0.0	0.0	0.0	0.0	0.0	0.0
77794	0.0014194859653779421	0.0	0.0	0.0	0.0	0.0	0.0	0.0	0.0
16170	-0.011177433061628569	-0.0	0.0	0.0	0.0	0.0	0.0	0.0	0.0
16950	0.005754953614734014	0.0	0.0	0.0	0.0	0.0	0.0	0.0	0.0
16527	-0.002600641123539477	-0.0	0.0	0.0	0.0	0.0	0.0	0.0	0.0
14763	-0.002947059831269949	-0.0	0.0	0.0	0.0	0.0	0.0	0.0	0.0
329278	-0.005197690275661182	-0.0	0.0	0.0	0.0	0.0	0.0	0.0	0.0
17189	-0.003523485933538705	-0.0	0.0	0.0	0.0	0.0	0.0	0.0	0.0
338369	-0.00273113652414155	-0.0	0.0	0.0	0.0	0.0	0.0	0.0	0.0
73094	0.0012847665911951936	0.0	0.0	0.0	0.0	0.0	0.0	0.0	0.0
66208	-0.006063095789739363	-0.0	0.0	0.0	0.0	0.0	0.0	0.0	0.0
24110	0.0028095706115958876	0.0	0.0	0.0	0.0	0.0	0.0	0.0	0.0
70415	-0.005937592581063101	-0.0	0.0	0.0	0.0	0.0	0.0	0.0	0.0
16371	0.0008213407794916335	0.0	0.0	0.0	0.0	0.0	0.0	0.0	0.0
23794	0.0012297393731091962	0.0	0.0	0.0	0.0	0.0	0.0	0.0	0.0
76459	-0.004554407613922748	-0.0	0.0	0.0	0.0	0.0	0.0	0.0	0.0
30935	0.002661693305968151	0.0	0.0	0.0	0.0	0.0	0.0	0.0	0.0
12654	0.0027004214488884687	0.0	0.0	0.0	0.0	0.0	0.0	0.0	0.0
13058	0.003053388462847711	0.0	0.0	0.0	0.0	0.0	0.0	0.0	0.0
93838	0.002531427000988115	0.0	0.0	0.0	0.0	0.0	0.0	0.0	0.0
11803	0.00014779449475575844	0.0	0.0	0.0	0.0	0.0	0.0	0.0	0.0
66901	0.00011670188979517407	0.0	0.0	0.0	0.0	0.0	0.0	0.0	0.0
22422	-0.005364302440786548	-0.0	0.0	0.0	0.0	0.0	0.0	0.0	0.0
140792	-0.0006305023745388645	-0.0	0.0	0.0	0.0	0.0	0.0	0.0	0.0
17082	-0.002076784296729258	-0.0	0.0	0.0	0.0	0.0	0.0	0.0	0.0
13841	-0.00510691473264602	-0.0	0.0	0.0	0.0	0.0	0.0	0.0	0.0
21789	-0.0003975505843150028	-0.0	0.0	0.0	0.0	0.0	0.0	0.0	0.0
19124	-0.003425067570285812	-0.0	0.0	0.0	0.0	0.0	0.0	0.0	0.0
214106	-0.0010751992112403052	-0.0	0.0	0.0	0.0	0.0	0.0	0.0	0.0
229791	-0.004962005940830101	-0.0	0.0	0.0	0.0	0.0	0.0	0.0	0.0
19736	-0.007113901332906184	-0.0	0.0	0.0	0.0	0.0	0.0	0.0	0.0
319634	-0.005694700085309093	-0.0	0.0	0.0	0.0	0.0	0.0	0.0	0.0
22417	0.0030393788937929244	0.0	0.0	0.0	0.0	0.0	0.0	0.0	0.0
17537	-0.002915728033165683	-0.0	0.0	0.0	0.0	0.0	0.0	0.0	0.0
210573	0.002484901299594815	0.0	0.0	0.0	0.0	0.0	0.0	0.0	0.0
13497	-0.0016437865306014173	-0.0	0.0	0.0	0.0	0.0	0.0	0.0	0.0
224697	-0.010128193743933906	-0.0	0.0	0.0	0.0	0.0	0.0	0.0	0.0
11600	0.0005205492579753231	0.0	0.0	0.0	0.0	0.0	0.0	0.0	0.0
12824	0.007057013130897925	0.0	0.0	0.0	0.0	0.0	0.0	0.0	0.0
14805	-0.00019586943446672772	-0.0	0.0	0.0	0.0	0.0	0.0	0.0	0.0
69671	0.006473201045396653	0.0	0.0	0.0	0.0	0.0	0.0	0.0	0.0
55985	0.003996697060265275	0.0	0.0	0.0	0.0	0.0	0.0	0.0	0.0
268709	-0.003186241383254357	-0.0	0.0	0.0	0.0	0.0	0.0	0.0	0.0
74387	0.009009942676495252	0.0	0.0	0.0	0.0	0.0	0.0	0.0	0.0
170952	0.0010045141402356872	0.0	0.0	0.0	0.0	0.0	0.0	0.0	0.0
110385	-0.0020277436991259223	-0.0	0.0	0.0	0.0	0.0	0.0	0.0	0.0
545192	0.003215854333807697	0.0	0.0	0.0	0.0	0.0	0.0	0.0	0.0
109225	0.012113249412048223	0.0	0.0	0.0	0.0	0.0	0.0	0.0	0.0
11807	-0.003742214836526345	-0.0	0.0	0.0	0.0	0.0	0.0	0.0	0.0
14049	0.00507730809941426	0.0	0.0	0.0	0.0	0.0	0.0	0.0	0.0
330812	-0.01075699509934741	-0.0	0.0	0.0	0.0	0.0	0.0	0.0	0.0
242505	0.0061472846331382764	0.0	0.0	0.0	0.0	0.0	0.0	0.0	0.0
15896	-0.0008528886979406658	-0.0	0.0	0.0	0.0	0.0	0.0	0.0	0.0
14632	-0.000752665368738606	-0.0	0.0	0.0	0.0	0.0	0.0	0.0	0.0
56811	-0.005628015873093352	-0.0	0.0	0.0	0.0	0.0	0.0	0.0	0.0
11689	-0.019597028829068216	-0.0	0.0	0.0	0.0	0.0	0.0	0.0	0.0
27219	0.0009555188958457155	0.0	0.0	0.0	0.0	0.0	0.0	0.0	0.0
171180	-0.007656372631371849	-0.0	0.0	0.0	0.0	0.0	0.0	0.0	0.0
23845	0.0008467942228010995	0.0	0.0	0.0	0.0	0.0	0.0	0.0	0.0
54381	0.009687410091020142	0.0	0.0	0.0	0.0	0.0	0.0	0.0	0.0
72244	-0.012302909217616707	-0.0	0.0	0.0	0.0	0.0	0.0	0.0	0.0
107449	0.0010941613435209584	0.0	0.0	0.0	0.0	0.0	0.0	0.0	0.0
170721	0.0023125278338037803	0.0	0.0	0.0	0.0	0.0	0.0	0.0	0.0
106878	-0.0036591046063334655	-0.0	0.0	0.0	0.0	0.0	0.0	0.0	0.0
240638	-0.005102302074965508	-0.0	0.0	0.0	0.0	0.0	0.0	0.0	0.0
16011	0.007181563289408188	0.0	0.0	0.0	0.0	0.0	0.0	0.0	0.0
20965	-0.0014425507694198368	-0.0	0.0	0.0	0.0	0.0	0.0	0.0	0.0
56221	-0.0027300477904092357	-0.0	0.0	0.0	0.0	0.0	0.0	0.0	0.0
74039	-0.005589871246270684	-0.0	0.0	0.0	0.0	0.0	0.0	0.0	0.0
18212	0.011254290794006942	0.0	0.0	0.0	0.0	0.0	0.0	0.0	0.0
231162	0.0006514799137715879	0.0	0.0	0.0	0.0	0.0	0.0	0.0	0.0
434130	-0.00825068190339157	-0.0	0.0	0.0	0.0	0.0	0.0	0.0	0.0
14945	0.002759223301378826	0.0	0.0	0.0	0.0	0.0	0.0	0.0	0.0
18585	-0.009698623542690825	-0.0	0.0	0.0	0.0	0.0	0.0	0.0	0.0
76441	-0.0010334008571052276	-0.0	0.0	0.0	0.0	0.0	0.0	0.0	0.0
18782	-0.006211120238556428	-0.0	0.0	0.0	0.0	0.0	0.0	0.0	0.0
234199	0.0020965150094842708	0.0	0.0	0.0	0.0	0.0	0.0	0.0	0.0
320747	0.0041197044255368255	0.0	0.0	0.0	0.0	0.0	0.0	0.0	0.0
239364	-0.00028546098392974635	-0.0	0.0	0.0	0.0	0.0	0.0	0.0	0.0
240518	0.004918398005383436	0.0	0.0	0.0	0.0	0.0	0.0	0.0	0.0
93689	-0.012491057588569793	-0.0	0.0	0.0	0.0	0.0	0.0	0.0	0.0
74147	-0.0030865772043170625	-0.0	0.0	0.0	0.0	0.0	0.0	0.0	0.0
83603	-0.004979974354810818	-0.0	0.0	0.0	0.0	0.0	0.0	0.0	0.0
19329	-0.0036068036682958306	-0.0	0.0	0.0	0.0	0.0	0.0	0.0	0.0
14027	0.003236165978427282	0.0	0.0	0.0	0.0	0.0	0.0	0.0	0.0
216049	-0.001707736749924804	-0.0	0.0	0.0	0.0	0.0	0.0	0.0	0.0
26878	-0.00908000915088219	-0.0	0.0	0.0	0.0	0.0	0.0	0.0	0.0
218271	-0.0032711914956202815	-0.0	0.0	0.0	0.0	0.0	0.0	0.0	0.0
217082	-0.012391355102456668	-0.0	0.0	0.0	0.0	0.0	0.0	0.0	0.0
64706	-0.008326550573537156	-0.0	0.0	0.0	0.0	0.0	0.0	0.0	0.0
75564	-0.00015573781035621115	-0.0	0.0	0.0	0.0	0.0	0.0	0.0	0.0
12322	-0.0026494394183396563	-0.0	0.0	0.0	0.0	0.0	0.0	0.0	0.0
74748	0.001452740938715815	0.0	0.0	0.0	0.0	0.0	0.0	0.0	0.0
18162	-0.004031748801313012	-0.0	0.0	0.0	0.0	0.0	0.0	0.0	0.0
20928	0.012252394919807053	0.0	0.0	0.0	0.0	0.0	0.0	0.0	0.0
29877	0.008137944079622884	0.0	0.0	0.0	0.0	0.0	0.0	0.0	0.0
353282	-0.003042383817519038	-0.0	0.0	0.0	0.0	0.0	0.0	0.0	0.0
71532	0.00916650895655431	0.0	0.0	0.0	0.0	0.0	0.0	0.0	0.0
269615	-0.01284100932570017	-0.0	0.0	0.0	0.0	0.0	0.0	0.0	0.0
20319	0.0029250972745650263	0.0	0.0	0.0	0.0	0.0	0.0	0.0	0.0
231691	-0.007989139349625364	-0.0	0.0	0.0	0.0	0.0	0.0	0.0	0.0
14560	-0.009594055638652236	-0.0	0.0	0.0	0.0	0.0	0.0	0.0	0.0
93835	-0.004640084586523522	-0.0	0.0	0.0	0.0	0.0	0.0	0.0	0.0
11513	-0.005104422086895493	-0.0	0.0	0.0	0.0	0.0	0.0	0.0	0.0
574402	-0.010363824539254728	-0.0	0.0	0.0	0.0	0.0	0.0	0.0	0.0
319991	0.0003003597125369459	0.0	0.0	0.0	0.0	0.0	0.0	0.0	0.0
20537	-0.001306915453183864	-0.0	0.0	0.0	0.0	0.0	0.0	0.0	0.0
13809	0.0038047492033331477	0.0	0.0	0.0	0.0	0.0	0.0	0.0	0.0
72690	0.009569831614338314	0.0	0.0	0.0	0.0	0.0	0.0	0.0	0.0
17005	-0.0022501323884331157	-0.0	0.0	0.0	0.0	0.0	0.0	0.0	0.0
52906	0.002681075087842777	0.0	0.0	0.0	0.0	0.0	0.0	0.0	0.0
18784	-0.0009342959503738794	-0.0	0.0	0.0	0.0	0.0	0.0	0.0	0.0
71781	-0.003028874883289286	-0.0	0.0	0.0	0.0	0.0	0.0	0.0	0.0
230775	0.0035934664137159907	0.0	0.0	0.0	0.0	0.0	0.0	0.0	0.0
20532	0.0004248266622277261	0.0	0.0	0.0	0.0	0.0	0.0	0.0	0.0
171469	-0.0011385458888329033	-0.0	0.0	0.0	0.0	0.0	0.0	0.0	0.0
106389	2.9315275962699005e-05	0.0	0.0	0.0	0.0	0.0	0.0	0.0	0.0
20295	-0.0029187572739268895	-0.0	0.0	0.0	0.0	0.0	0.0	0.0	0.0
319229	-0.0008092546690677141	-0.0	0.0	0.0	0.0	0.0	0.0	0.0	0.0
245684	0.01124338935053659	0.0	0.0	0.0	0.0	0.0	0.0	0.0	0.0
56745	-6.775146498161375e-05	-0.0	0.0	0.0	0.0	0.0	0.0	0.0	0.0
228778	-0.002647640678089094	-0.0	0.0	0.0	0.0	0.0	0.0	0.0	0.0
68393	0.0029577360073985734	0.0	0.0	0.0	0.0	0.0	0.0	0.0	0.0
241525	-0.001718847003135082	-0.0	0.0	0.0	0.0	0.0	0.0	0.0	0.0
242939	0.0023935184911101828	0.0	0.0	0.0	0.0	0.0	0.0	0.0	0.0
27226	0.004908559017321746	0.0	0.0	0.0	0.0	0.0	0.0	0.0	0.0
381798	-0.003927844995955474	-0.0	0.0	0.0	0.0	0.0	0.0	0.0	0.0
16420	-0.001187511742764756	-0.0	0.0	0.0	0.0	0.0	0.0	0.0	0.0
107227	0.011416499864896014	0.0	0.0	0.0	0.0	0.0	0.0	0.0	0.0
20350	-0.007302340702887583	-0.0	0.0	0.0	0.0	0.0	0.0	0.0	0.0
18400	0.005025142989501915	0.0	0.0	0.0	0.0	0.0	0.0	0.0	0.0
384214	-0.0014241812039370453	-0.0	0.0	0.0	0.0	0.0	0.0	0.0	0.0
21898	0.015613385217031803	0.0	0.0	0.0	0.0	0.0	0.0	0.0	0.0
67198	-0.003235914817566659	-0.0	0.0	0.0	0.0	0.0	0.0	0.0	0.0
14432	-0.00043305252859789014	-0.0	0.0	0.0	0.0	0.0	0.0	0.0	0.0
12348	-0.005026504403967289	-0.0	0.0	0.0	0.0	0.0	0.0	0.0	0.0
242700	0.00039769311053579364	0.0	0.0	0.0	0.0	0.0	0.0	0.0	0.0
22381	0.001803168623991107	0.0	0.0	0.0	0.0	0.0	0.0	0.0	0.0
13654	-0.0016931565086790933	-0.0	0.0	0.0	0.0	0.0	0.0	0.0	0.0
12796	-0.0011531313463753754	-0.0	0.0	0.0	0.0	0.0	0.0	0.0	0.0
11745	0.0024201405795673263	0.0	0.0	0.0	0.0	0.0	0.0	0.0	0.0
84004	0.013371649319751678	0.0	0.0	0.0	0.0	0.0	0.0	0.0	0.0
54634	0.002708818650453333	0.0	0.0	0.0	0.0	0.0	0.0	0.0	0.0
109245	0.00515065226273672	0.0	0.0	0.0	0.0	0.0	0.0	0.0	0.0
14412	-0.001549315425977454	-0.0	0.0	0.0	0.0	0.0	0.0	0.0	0.0
11606	-0.0036536394298330404	-0.0	0.0	0.0	0.0	0.0	0.0	0.0	0.0
108797	-0.0022280513149601664	-0.0	0.0	0.0	0.0	0.0	0.0	0.0	0.0
16768	0.0005693507314988849	0.0	0.0	0.0	0.0	0.0	0.0	0.0	0.0
73728	0.001405560855590048	0.0	0.0	0.0	0.0	0.0	0.0	0.0	0.0
14732	0.00045422390857505283	0.0	0.0	0.0	0.0	0.0	0.0	0.0	0.0
19273	0.004022033859623657	0.0	0.0	0.0	0.0	0.0	0.0	0.0	0.0
54195	-0.0015775761551681433	-0.0	0.0	0.0	0.0	0.0	0.0	0.0	0.0
68566	0.001438129119668176	0.0	0.0	0.0	0.0	0.0	0.0	0.0	0.0
67580	0.0009954603507748652	0.0	0.0	0.0	0.0	0.0	0.0	0.0	0.0
74020	0.008201325174885449	0.0	0.0	0.0	0.0	0.0	0.0	0.0	0.0
72002	-0.012655324200001468	-0.0	0.0	0.0	0.0	0.0	0.0	0.0	0.0
67138	-0.005476338381857375	-0.0	0.0	0.0	0.0	0.0	0.0	0.0	0.0
218877	0.00577587855615194	0.0	0.0	0.0	0.0	0.0	0.0	0.0	0.0
20391	0.0023670772325921053	0.0	0.0	0.0	0.0	0.0	0.0	0.0	0.0
27419	0.0047500403362648914	0.0	0.0	0.0	0.0	0.0	0.0	0.0	0.0
16909	-0.0050087002547276735	-0.0	0.0	0.0	0.0	0.0	0.0	0.0	0.0
271786	0.0009083580889922741	0.0	0.0	0.0	0.0	0.0	0.0	0.0	0.0
243328	-0.005978152527839217	-0.0	0.0	0.0	0.0	0.0	0.0	0.0	0.0
286942	-0.00033820946775252537	-0.0	0.0	0.0	0.0	0.0	0.0	0.0	0.0
29857	0.004971698137583948	0.0	0.0	0.0	0.0	0.0	0.0	0.0	0.0
225742	-0.00015362277613975003	-0.0	0.0	0.0	0.0	0.0	0.0	0.0	0.0
217125	0.0008092843271993907	0.0	0.0	0.0	0.0	0.0	0.0	0.0	0.0
18654	-0.0015535243256292173	-0.0	0.0	0.0	0.0	0.0	0.0	0.0	0.0
194309	0.0021343401349056294	0.0	0.0	0.0	0.0	0.0	0.0	0.0	0.0
16889	-0.011612453827010108	-0.0	0.0	0.0	0.0	0.0	0.0	0.0	0.0
19700	-0.003743387681789547	-0.0	0.0	0.0	0.0	0.0	0.0	0.0	0.0
19288	-0.004210055333278996	-0.0	0.0	0.0	0.0	0.0	0.0	0.0	0.0
20512	-0.012584536898633111	-0.0	0.0	0.0	0.0	0.0	0.0	0.0	0.0
12323	0.00286115272860838	0.0	0.0	0.0	0.0	0.0	0.0	0.0	0.0
12903	-0.0026501421823725553	-0.0	0.0	0.0	0.0	0.0	0.0	0.0	0.0
50528	0.00044817691604587945	0.0	0.0	0.0	0.0	0.0	0.0	0.0	0.0
12505	0.007725886894818034	0.0	0.0	0.0	0.0	0.0	0.0	0.0	0.0
13195	-0.0024771269372937123	-0.0	0.0	0.0	0.0	0.0	0.0	0.0	0.0
71091	0.0036621688603496157	0.0	0.0	0.0	0.0	0.0	0.0	0.0	0.0
232078	-0.0024368784963787094	-0.0	0.0	0.0	0.0	0.0	0.0	0.0	0.0
22116	-0.004328328342220698	-0.0	0.0	0.0	0.0	0.0	0.0	0.0	0.0
22359	-0.0012225924242933942	-0.0	0.0	0.0	0.0	0.0	0.0	0.0	0.0
16658	0.001145568174591699	0.0	0.0	0.0	0.0	0.0	0.0	0.0	0.0
16162	-0.0020684782647974894	-0.0	0.0	0.0	0.0	0.0	0.0	0.0	0.0
225825	0.0005078507302929139	0.0	0.0	0.0	0.0	0.0	0.0	0.0	0.0
75209	-0.0012627690753080425	-0.0	0.0	0.0	0.0	0.0	0.0	0.0	0.0
170743	0.004575746678160451	0.0	0.0	0.0	0.0	0.0	0.0	0.0	0.0
378431	-0.0006121674863635715	-0.0	0.0	0.0	0.0	0.0	0.0	0.0	0.0
56532	-0.0003456546405641812	-0.0	0.0	0.0	0.0	0.0	0.0	0.0	0.0
13609	-0.017532615759747686	-0.0	0.0	0.0	0.0	0.0	0.0	0.0	0.0
11593	0.0011276261999284454	0.0	0.0	0.0	0.0	0.0	0.0	0.0	0.0
74580	0.001064274026113898	0.0	0.0	0.0	0.0	0.0	0.0	0.0	0.0
666048	0.0014527465935809114	0.0	0.0	0.0	0.0	0.0	0.0	0.0	0.0
212032	-0.012469010462888314	-0.0	0.0	0.0	0.0	0.0	0.0	0.0	0.0
216795	-0.0007303846592747295	-0.0	0.0	0.0	0.0	0.0	0.0	0.0	0.0
17387	0.001095973192061985	0.0	0.0	0.0	0.0	0.0	0.0	0.0	0.0
104080	-0.004739584082893785	-0.0	0.0	0.0	0.0	0.0	0.0	0.0	0.0
246728	0.0003855872928974514	0.0	0.0	0.0	0.0	0.0	0.0	0.0	0.0
17528	-0.002730920480275602	-0.0	0.0	0.0	0.0	0.0	0.0	0.0	0.0
170725	-0.0023974666644120176	-0.0	0.0	0.0	0.0	0.0	0.0	0.0	0.0
19225	-0.002145669257860921	-0.0	0.0	0.0	0.0	0.0	0.0	0.0	0.0
171285	0.00708246243425581	0.0	0.0	0.0	0.0	0.0	0.0	0.0	0.0
229595	-0.0018679085529802902	-0.0	0.0	0.0	0.0	0.0	0.0	0.0	0.0
268780	-0.0009988213164651935	-0.0	0.0	0.0	0.0	0.0	0.0	0.0	0.0
171282	0.0005508338698102692	0.0	0.0	0.0	0.0	0.0	0.0	0.0	0.0
665563	0.006575123036223829	0.0	0.0	0.0	0.0	0.0	0.0	0.0	0.0
64103	0.004338143437197539	0.0	0.0	0.0	0.0	0.0	0.0	0.0	0.0
53374	0.005457479067950627	0.0	0.0	0.0	0.0	0.0	0.0	0.0	0.0
70928	0.0028476235249753684	0.0	0.0	0.0	0.0	0.0	0.0	0.0	0.0
103968	0.0001381592473734725	0.0	0.0	0.0	0.0	0.0	0.0	0.0	0.0
320100	0.0008554580175275733	0.0	0.0	0.0	0.0	0.0	0.0	0.0	0.0
18985	0.0066771074960605	0.0	0.0	0.0	0.0	0.0	0.0	0.0	0.0
53313	0.0025818924958064767	0.0	0.0	0.0	0.0	0.0	0.0	0.0	0.0
228576	-0.0027039447794265296	-0.0	0.0	0.0	0.0	0.0	0.0	0.0	0.0
14605	-0.00549756313038111	-0.0	0.0	0.0	0.0	0.0	0.0	0.0	0.0
320840	0.001471415475423532	0.0	0.0	0.0	0.0	0.0	0.0	0.0	0.0
20389	-0.0008732044257588534	-0.0	0.0	0.0	0.0	0.0	0.0	0.0	0.0
50779	-0.004198658919783645	-0.0	0.0	0.0	0.0	0.0	0.0	0.0	0.0
23985	-0.004553226092204899	-0.0	0.0	0.0	0.0	0.0	0.0	0.0	0.0
170745	-0.0006731727787803239	-0.0	0.0	0.0	0.0	0.0	0.0	0.0	0.0
29818	-0.0023690314329773577	-0.0	0.0	0.0	0.0	0.0	0.0	0.0	0.0
242050	-0.0021023049110264137	-0.0	0.0	0.0	0.0	0.0	0.0	0.0	0.0
12287	-0.0012826010088328244	-0.0	0.0	0.0	0.0	0.0	0.0	0.0	0.0
237387	0.0010584049736308446	0.0	0.0	0.0	0.0	0.0	0.0	0.0	0.0
17060	0.0032874114924015727	0.0	0.0	0.0	0.0	0.0	0.0	0.0	0.0
76757	0.0015588758167414433	0.0	0.0	0.0	0.0	0.0	0.0	0.0	0.0
76142	-0.007580669312495102	-0.0	0.0	0.0	0.0	0.0	0.0	0.0	0.0
70370	0.0009340327333792496	0.0	0.0	0.0	0.0	0.0	0.0	0.0	0.0
24053	-0.005240434741564517	-0.0	0.0	0.0	0.0	0.0	0.0	0.0	0.0
56526	-0.002292198625744257	-0.0	0.0	0.0	0.0	0.0	0.0	0.0	0.0
68352	0.0009982000373800193	0.0	0.0	0.0	0.0	0.0	0.0	0.0	0.0
230103	9.861151436467483e-05	0.0	0.0	0.0	0.0	0.0	0.0	0.0	0.0
66548	0.0102365162948576	0.0	0.0	0.0	0.0	0.0	0.0	0.0	0.0
20343	-0.006314444021553099	-0.0	0.0	0.0	0.0	0.0	0.0	0.0	0.0
14017	0.004915269562790544	0.0	0.0	0.0	0.0	0.0	0.0	0.0	0.0
50490	-0.010669334746565996	-0.0	0.0	0.0	0.0	0.0	0.0	0.0	0.0
53604	0.006624372779186822	0.0	0.0	0.0	0.0	0.0	0.0	0.0	0.0
330890	0.0008913667680086283	0.0	0.0	0.0	0.0	0.0	0.0	0.0	0.0
70726	-0.00427375317203963	-0.0	0.0	0.0	0.0	0.0	0.0	0.0	0.0
243277	0.005921612010916141	0.0	0.0	0.0	0.0	0.0	0.0	0.0	0.0
16891	-0.005778464051604217	-0.0	0.0	0.0	0.0	0.0	0.0	0.0	0.0
170711	-0.006388403086572764	-0.0	0.0	0.0	0.0	0.0	0.0	0.0	0.0
11815	0.016854197063529728	0.0	0.0	0.0	0.0	0.0	0.0	0.0	0.0
50500	-0.001669937679760252	-0.0	0.0	0.0	0.0	0.0	0.0	0.0	0.0
23948	-0.00026621061635766555	-0.0	0.0	0.0	0.0	0.0	0.0	0.0	0.0
13516	-0.005614592783504333	-0.0	0.0	0.0	0.0	0.0	0.0	0.0	0.0
320563	0.001138958532695391	0.0	0.0	0.0	0.0	0.0	0.0	0.0	0.0
19416	4.5769080156552235e-05	0.0	0.0	0.0	0.0	0.0	0.0	0.0	0.0
11496	0.0033738056804938797	0.0	0.0	0.0	0.0	0.0	0.0	0.0	0.0
18951	-0.004128261613154713	-0.0	0.0	0.0	0.0	0.0	0.0	0.0	0.0
170790	-0.004893769043576177	-0.0	0.0	0.0	0.0	0.0	0.0	0.0	0.0
13370	-0.001761708680642833	-0.0	0.0	0.0	0.0	0.0	0.0	0.0	0.0
78376	0.0021734515237224142	0.0	0.0	0.0	0.0	0.0	0.0	0.0	0.0
12630	0.004555259909687711	0.0	0.0	0.0	0.0	0.0	0.0	0.0	0.0
72585	-0.0011194375224351384	-0.0	0.0	0.0	0.0	0.0	0.0	0.0	0.0
67573	-0.0006384531519178012	-0.0	0.0	0.0	0.0	0.0	0.0	0.0	0.0
18164	-0.0025015946564734453	-0.0	0.0	0.0	0.0	0.0	0.0	0.0	0.0
209032	-0.0005246124539789618	-0.0	0.0	0.0	0.0	0.0	0.0	0.0	0.0
53791	-0.007758153891466868	-0.0	0.0	0.0	0.0	0.0	0.0	0.0	0.0
11554	-0.002894619649691591	-0.0	0.0	0.0	0.0	0.0	0.0	0.0	0.0
20449	-0.0011562764980828423	-0.0	0.0	0.0	0.0	0.0	0.0	0.0	0.0
67375	0.001452056036789434	0.0	0.0	0.0	0.0	0.0	0.0	0.0	0.0
19881	0.0014948424394665958	0.0	0.0	0.0	0.0	0.0	0.0	0.0	0.0
15111	0.0007787408212777814	0.0	0.0	0.0	0.0	0.0	0.0	0.0	0.0
320051	0.0004233069196647208	0.0	0.0	0.0	0.0	0.0	0.0	0.0	0.0
244723	0.0038425926275573526	0.0	0.0	0.0	0.0	0.0	0.0	0.0	0.0
104885	-0.00020944393941065974	-0.0	0.0	0.0	0.0	0.0	0.0	0.0	0.0
226841	0.005038219383847928	0.0	0.0	0.0	0.0	0.0	0.0	0.0	0.0
16975	0.0031652427299693237	0.0	0.0	0.0	0.0	0.0	0.0	0.0	0.0
20371	0.006814279639115621	0.0	0.0	0.0	0.0	0.0	0.0	0.0	0.0
18113	-0.010358738092473008	-0.0	0.0	0.0	0.0	0.0	0.0	0.0	0.0
18816	0.0051205813817675715	0.0	0.0	0.0	0.0	0.0	0.0	0.0	0.0
30955	0.0014238022533828178	0.0	0.0	0.0	0.0	0.0	0.0	0.0	0.0
21825	0.0050966354382378475	0.0	0.0	0.0	0.0	0.0	0.0	0.0	0.0
71145	0.0007167083909899139	0.0	0.0	0.0	0.0	0.0	0.0	0.0	0.0
72748	0.0027519406908945525	0.0	0.0	0.0	0.0	0.0	0.0	0.0	0.0
11941	0.0006076751205491522	0.0	0.0	0.0	0.0	0.0	0.0	0.0	0.0
23921	-6.370493650188129e-05	-0.0	0.0	0.0	0.0	0.0	0.0	0.0	0.0
67976	0.005498735133152973	0.0	0.0	0.0	0.0	0.0	0.0	0.0	0.0
13655	-0.0026634505038659623	-0.0	0.0	0.0	0.0	0.0	0.0	0.0	0.0
208890	-0.000328305283774581	-0.0	0.0	0.0	0.0	0.0	0.0	0.0	0.0
380924	-0.00022912956777850394	-0.0	0.0	0.0	0.0	0.0	0.0	0.0	0.0
50765	0.00320736773714898	0.0	0.0	0.0	0.0	0.0	0.0	0.0	0.0
84036	-0.0013599364994244614	-0.0	0.0	0.0	0.0	0.0	0.0	0.0	0.0
75769	-0.005512305283825186	-0.0	0.0	0.0	0.0	0.0	0.0	0.0	0.0
30806	-0.0007852460784285508	-0.0	0.0	0.0	0.0	0.0	0.0	0.0	0.0
237175	0.0024627210036267896	0.0	0.0	0.0	0.0	0.0	0.0	0.0	0.0
217262	-0.001083159643287255	-0.0	0.0	0.0	0.0	0.0	0.0	0.0	0.0
83771	-0.0024000069164409983	-0.0	0.0	0.0	0.0	0.0	0.0	0.0	0.0
74100	-0.0018329420881908602	-0.0	0.0	0.0	0.0	0.0	0.0	0.0	0.0
210719	0.002177797860948464	0.0	0.0	0.0	0.0	0.0	0.0	0.0	0.0
171166	-0.003301393723029962	-0.0	0.0	0.0	0.0	0.0	0.0	0.0	0.0
434341	0.008221295040870916	0.0	0.0	0.0	0.0	0.0	0.0	0.0	0.0
15904	0.008303195165122214	0.0	0.0	0.0	0.0	0.0	0.0	0.0	0.0
15559	-0.006717526933770497	-0.0	0.0	0.0	0.0	0.0	0.0	0.0	0.0
23967	-0.004513473214579819	-0.0	0.0	0.0	0.0	0.0	0.0	0.0	0.0
235587	0.04410807356116416	0.0	0.0	0.0	0.0	0.0	0.0	0.0	0.0
207181	-0.00886858105022155	-0.0	0.0	0.0	0.0	0.0	0.0	0.0	0.0
14119	-0.01339889375671384	-0.0	0.0	0.0	0.0	0.0	0.0	0.0	0.0
28240	-0.0001318131481840418	-0.0	0.0	0.0	0.0	0.0	0.0	0.0	0.0
94332	-0.0029133977023192616	-0.0	0.0	0.0	0.0	0.0	0.0	0.0	0.0
54167	-0.00030645765907096176	-0.0	0.0	0.0	0.0	0.0	0.0	0.0	0.0
67937	-0.0024216086288770563	-0.0	0.0	0.0	0.0	0.0	0.0	0.0	0.0
18413	-0.0005066821483293225	-0.0	0.0	0.0	0.0	0.0	0.0	0.0	0.0
213208	0.005642577452054515	0.0	0.0	0.0	0.0	0.0	0.0	0.0	0.0
235281	-0.0018411524887378375	-0.0	0.0	0.0	0.0	0.0	0.0	0.0	0.0
18441	-0.0027300879047574642	-0.0	0.0	0.0	0.0	0.0	0.0	0.0	0.0
338370	0.007776587612157363	0.0	0.0	0.0	0.0	0.0	0.0	0.0	0.0
78558	-0.0009336141258847008	-0.0	0.0	0.0	0.0	0.0	0.0	0.0	0.0
93735	0.0029545514527920032	0.0	0.0	0.0	0.0	0.0	0.0	0.0	0.0
243897	0.0037612493069798386	0.0	0.0	0.0	0.0	0.0	0.0	0.0	0.0
70717	0.010389260926548632	0.0	0.0	0.0	0.0	0.0	0.0	0.0	0.0
20528	-0.002873532591316385	-0.0	0.0	0.0	0.0	0.0	0.0	0.0	0.0
57265	0.0037810615238172314	0.0	0.0	0.0	0.0	0.0	0.0	0.0	0.0
109272	0.0010242412081732661	0.0	0.0	0.0	0.0	0.0	0.0	0.0	0.0
18190	0.0001296311839348256	0.0	0.0	0.0	0.0	0.0	0.0	0.0	0.0
237831	0.0014193762293791205	0.0	0.0	0.0	0.0	0.0	0.0	0.0	0.0
218820	0.00020940426013648896	0.0	0.0	0.0	0.0	0.0	0.0	0.0	0.0
105193	-0.014540898711711733	-0.0	0.0	0.0	0.0	0.0	0.0	0.0	0.0
58802	-0.00041203335942944624	-0.0	0.0	0.0	0.0	0.0	0.0	0.0	0.0
68760	-0.00017388529756955594	-0.0	0.0	0.0	0.0	0.0	0.0	0.0	0.0
67784	0.0022667960297604395	0.0	0.0	0.0	0.0	0.0	0.0	0.0	0.0
22409	0.0038381090752157114	0.0	0.0	0.0	0.0	0.0	0.0	0.0	0.0
235402	-0.0025351709997859864	-0.0	0.0	0.0	0.0	0.0	0.0	0.0	0.0
27273	-0.010071068796640544	-0.0	0.0	0.0	0.0	0.0	0.0	0.0	0.0
12902	-0.008450080437120252	-0.0	0.0	0.0	0.0	0.0	0.0	0.0	0.0
109857	0.0037585991758464	0.0	0.0	0.0	0.0	0.0	0.0	0.0	0.0
319655	-0.012370490279611573	-0.0	0.0	0.0	0.0	0.0	0.0	0.0	0.0
16453	0.017070198945327936	0.0	0.0	0.0	0.0	0.0	0.0	0.0	0.0
225724	0.0012605572828537739	0.0	0.0	0.0	0.0	0.0	0.0	0.0	0.0
12346	-0.005972293213230511	-0.0	0.0	0.0	0.0	0.0	0.0	0.0	0.0
212974	-0.008380921098892137	-0.0	0.0	0.0	0.0	0.0	0.0	0.0	0.0
71803	0.005893606794450317	0.0	0.0	0.0	0.0	0.0	0.0	0.0	0.0
14580	0.008705907009214848	0.0	0.0	0.0	0.0	0.0	0.0	0.0	0.0
110310	-0.0042757593967375105	-0.0	0.0	0.0	0.0	0.0	0.0	0.0	0.0
56534	0.007299936050646556	0.0	0.0	0.0	0.0	0.0	0.0	0.0	0.0
237010	0.0035568900338991904	0.0	0.0	0.0	0.0	0.0	0.0	0.0	0.0
107503	0.0034991973607352658	0.0	0.0	0.0	0.0	0.0	0.0	0.0	0.0
110902	-0.00010290274959922771	-0.0	0.0	0.0	0.0	0.0	0.0	0.0	0.0
70381	-0.0004833433871135868	-0.0	0.0	0.0	0.0	0.0	0.0	0.0	0.0
16870	0.007598381252735641	0.0	0.0	0.0	0.0	0.0	0.0	0.0	0.0
171531	0.0022158751307300604	0.0	0.0	0.0	0.0	0.0	0.0	0.0	0.0
224024	0.020998340106350013	0.0	0.0	0.0	0.0	0.0	0.0	0.0	0.0
78412	0.0007369525054508317	0.0	0.0	0.0	0.0	0.0	0.0	0.0	0.0
18227	-0.0004933005680279059	-0.0	0.0	0.0	0.0	0.0	0.0	0.0	0.0
244757	0.0021600227938497695	0.0	0.0	0.0	0.0	0.0	0.0	0.0	0.0
17153	-0.004166422553111092	-0.0	0.0	0.0	0.0	0.0	0.0	0.0	0.0
12876	0.0012902334804400738	0.0	0.0	0.0	0.0	0.0	0.0	0.0	0.0
140571	0.0007394878527404583	0.0	0.0	0.0	0.0	0.0	0.0	0.0	0.0
20277	-8.802779787777327e-05	-0.0	0.0	0.0	0.0	0.0	0.0	0.0	0.0
546611	-0.01014680791412167	-0.0	0.0	0.0	0.0	0.0	0.0	0.0	0.0
320664	0.002589215333590799	0.0	0.0	0.0	0.0	0.0	0.0	0.0	0.0
22671	-0.0023154056810551125	-0.0	0.0	0.0	0.0	0.0	0.0	0.0	0.0
208650	-0.0013734816780931183	-0.0	0.0	0.0	0.0	0.0	0.0	0.0	0.0
384763	-0.00046079670557743754	-0.0	0.0	0.0	0.0	0.0	0.0	0.0	0.0
13175	-0.0032516932001666163	-0.0	0.0	0.0	0.0	0.0	0.0	0.0	0.0
72948	-0.005279749494293716	-0.0	0.0	0.0	0.0	0.0	0.0	0.0	0.0
18595	-0.008602158139888441	-0.0	0.0	0.0	0.0	0.0	0.0	0.0	0.0
170638	-0.00016063209863169094	-0.0	0.0	0.0	0.0	0.0	0.0	0.0	0.0
18750	0.00697676965306655	0.0	0.0	0.0	0.0	0.0	0.0	0.0	0.0
68680	0.0035051679136171	0.0	0.0	0.0	0.0	0.0	0.0	0.0	0.0
19395	0.002602804896776643	0.0	0.0	0.0	0.0	0.0	0.0	0.0	0.0
102871	0.00941364983861329	0.0	0.0	0.0	0.0	0.0	0.0	0.0	0.0
54710	0.00018349127349540252	0.0	0.0	0.0	0.0	0.0	0.0	0.0	0.0
22029	-0.004385762203160235	-0.0	0.0	0.0	0.0	0.0	0.0	0.0	0.0
12501	0.000941252414109239	0.0	0.0	0.0	0.0	0.0	0.0	0.0	0.0
110351	0.0018741135849771214	0.0	0.0	0.0	0.0	0.0	0.0	0.0	0.0
98752	0.0025523877988346353	0.0	0.0	0.0	0.0	0.0	0.0	0.0	0.0
78560	-0.002967628934067483	-0.0	0.0	0.0	0.0	0.0	0.0	0.0	0.0
209837	-0.012446513531170902	-0.0	0.0	0.0	0.0	0.0	0.0	0.0	0.0
14261	-0.00025972414327341117	-0.0	0.0	0.0	0.0	0.0	0.0	0.0	0.0
108089	-0.0043266971996787406	-0.0	0.0	0.0	0.0	0.0	0.0	0.0	0.0
435965	-0.0013475620916915145	-0.0	0.0	0.0	0.0	0.0	0.0	0.0	0.0
18619	0.002038884835922879	0.0	0.0	0.0	0.0	0.0	0.0	0.0	0.0
14733	0.00481052459664971	0.0	0.0	0.0	0.0	0.0	0.0	0.0	0.0
83674	2.4865615853220064e-05	0.0	0.0	0.0	0.0	0.0	0.0	0.0	0.0
56485	0.0008366872199686845	0.0	0.0	0.0	0.0	0.0	0.0	0.0	0.0
238328	-0.008376227866476715	-0.0	0.0	0.0	0.0	0.0	0.0	0.0	0.0
76787	-0.006627405070846891	-0.0	0.0	0.0	0.0	0.0	0.0	0.0	0.0
73407	-0.001246185037346598	-0.0	0.0	0.0	0.0	0.0	0.0	0.0	0.0
19011	-0.009512361730412169	-0.0	0.0	0.0	0.0	0.0	0.0	0.0	0.0
20856	0.004281615077938109	0.0	0.0	0.0	0.0	0.0	0.0	0.0	0.0
12842	-0.0015254770435705024	-0.0	0.0	0.0	0.0	0.0	0.0	0.0	0.0
13836	0.00017449025388138666	0.0	0.0	0.0	0.0	0.0	0.0	0.0	0.0
114679	0.0006664101413451388	0.0	0.0	0.0	0.0	0.0	0.0	0.0	0.0
268481	0.001875469795240597	0.0	0.0	0.0	0.0	0.0	0.0	0.0	0.0
14276	0.0007967225477717974	0.0	0.0	0.0	0.0	0.0	0.0	0.0	0.0
236285	0.0005301002500192312	0.0	0.0	0.0	0.0	0.0	0.0	0.0	0.0
83433	0.0066823913177917575	0.0	0.0	0.0	0.0	0.0	0.0	0.0	0.0
12266	0.007356103970099988	0.0	0.0	0.0	0.0	0.0	0.0	0.0	0.0
320129	-4.490783114365123e-05	-0.0	0.0	0.0	0.0	0.0	0.0	0.0	0.0
13041	0.004391274147177301	0.0	0.0	0.0	0.0	0.0	0.0	0.0	0.0
233752	0.00023852586655335643	0.0	0.0	0.0	0.0	0.0	0.0	0.0	0.0
64817	0.013474817979947854	0.0	0.0	0.0	0.0	0.0	0.0	0.0	0.0
210808	0.0003869830015980545	0.0	0.0	0.0	0.0	0.0	0.0	0.0	0.0
72778	0.0021131770469986415	0.0	0.0	0.0	0.0	0.0	0.0	0.0	0.0
78892	-0.0012049790860610202	-0.0	0.0	0.0	0.0	0.0	0.0	0.0	0.0
54123	0.0020664127570795532	0.0	0.0	0.0	0.0	0.0	0.0	0.0	0.0
272031	-0.00023584412591409854	-0.0	0.0	0.0	0.0	0.0	0.0	0.0	0.0
70727	-0.000290956727472078	-0.0	0.0	0.0	0.0	0.0	0.0	0.0	0.0
54486	-0.0001863647349927986	-0.0	0.0	0.0	0.0	0.0	0.0	0.0	0.0
94180	0.002956631304979798	0.0	0.0	0.0	0.0	0.0	0.0	0.0	0.0
20317	-0.0044401180139191435	-0.0	0.0	0.0	0.0	0.0	0.0	0.0	0.0
19734	0.0019986047155409435	0.0	0.0	0.0	0.0	0.0	0.0	0.0	0.0
23923	-0.005998686784475589	-0.0	0.0	0.0	0.0	0.0	0.0	0.0	0.0
320472	-0.0027642250428269125	-0.0	0.0	0.0	0.0	0.0	0.0	0.0	0.0
54698	-0.013606257798473182	-0.0	0.0	0.0	0.0	0.0	0.0	0.0	0.0
668940	0.0011153821602815314	0.0	0.0	0.0	0.0	0.0	0.0	0.0	0.0
208164	0.0010214737458073915	0.0	0.0	0.0	0.0	0.0	0.0	0.0	0.0
11670	-0.013214447107526771	-0.0	0.0	0.0	0.0	0.0	0.0	0.0	0.0
16467	0.0028618674220715497	0.0	0.0	0.0	0.0	0.0	0.0	0.0	0.0
227632	-0.0010111670827596042	-0.0	0.0	0.0	0.0	0.0	0.0	0.0	0.0
18389	0.003989656715918627	0.0	0.0	0.0	0.0	0.0	0.0	0.0	0.0
22371	0.031865263090154854	0.0	0.0	0.0	0.0	0.0	0.0	0.0	0.0
11423	0.0015271626990880443	0.0	0.0	0.0	0.0	0.0	0.0	0.0	0.0
26874	0.006828872779183043	0.0	0.0	0.0	0.0	0.0	0.0	0.0	0.0
108897	-0.002238157546268969	-0.0	0.0	0.0	0.0	0.0	0.0	0.0	0.0
14173	0.0016828698354253765	0.0	0.0	0.0	0.0	0.0	0.0	0.0	0.0
654812	-0.00536455197483453	-0.0	0.0	0.0	0.0	0.0	0.0	0.0	0.0
56078	0.0042749664000178945	0.0	0.0	0.0	0.0	0.0	0.0	0.0	0.0
18142	-0.009420034283324694	-0.0	0.0	0.0	0.0	0.0	0.0	0.0	0.0
12029	0.0007606354762191492	0.0	0.0	0.0	0.0	0.0	0.0	0.0	0.0
244954	-0.006096022978008405	-0.0	0.0	0.0	0.0	0.0	0.0	0.0	0.0
381157	0.012184761415551462	0.0	0.0	0.0	0.0	0.0	0.0	0.0	0.0
20198	0.0073314580788197475	0.0	0.0	0.0	0.0	0.0	0.0	0.0	0.0
53601	0.008698332507505973	0.0	0.0	0.0	0.0	0.0	0.0	0.0	0.0
23831	-0.0008396119131525975	-0.0	0.0	0.0	0.0	0.0	0.0	0.0	0.0
12007	0.0019541867009001163	0.0	0.0	0.0	0.0	0.0	0.0	0.0	0.0
19130	-0.002967646524087002	-0.0	0.0	0.0	0.0	0.0	0.0	0.0	0.0
76866	-0.006873805032028349	-0.0	0.0	0.0	0.0	0.0	0.0	0.0	0.0
12038	-0.005116708581738962	-0.0	0.0	0.0	0.0	0.0	0.0	0.0	0.0
20750	0.003349843303526912	0.0	0.0	0.0	0.0	0.0	0.0	0.0	0.0
319520	0.0005273626898562722	0.0	0.0	0.0	0.0	0.0	0.0	0.0	0.0
18933	0.003993573671547535	0.0	0.0	0.0	0.0	0.0	0.0	0.0	0.0
17380	-0.0007137359791419749	-0.0	0.0	0.0	0.0	0.0	0.0	0.0	0.0
231125	0.00538738267538264	0.0	0.0	0.0	0.0	0.0	0.0	0.0	0.0
77318	0.0007844331783020474	0.0	0.0	0.0	0.0	0.0	0.0	0.0	0.0
64176	0.0032499053615832134	0.0	0.0	0.0	0.0	0.0	0.0	0.0	0.0
170835	-0.004155743533059518	-0.0	0.0	0.0	0.0	0.0	0.0	0.0	0.0
21743	-0.002553195832596528	-0.0	0.0	0.0	0.0	0.0	0.0	0.0	0.0
107766	-0.0005725902207392665	-0.0	0.0	0.0	0.0	0.0	0.0	0.0	0.0
12525	0.006504697214896615	0.0	0.0	0.0	0.0	0.0	0.0	0.0	0.0
118449	0.002505916646162973	0.0	0.0	0.0	0.0	0.0	0.0	0.0	0.0
22780	0.0012759102174221242	0.0	0.0	0.0	0.0	0.0	0.0	0.0	0.0
114886	0.032112746383916174	0.0	0.0	0.0	0.0	0.0	0.0	0.0	0.0
68764	-0.0006652796653737186	-0.0	0.0	0.0	0.0	0.0	0.0	0.0	0.0
75345	0.0033042370512131295	0.0	0.0	0.0	0.0	0.0	0.0	0.0	0.0
218763	-0.004336437420586827	-0.0	0.0	0.0	0.0	0.0	0.0	0.0	0.0
20339	-0.0015373320494498478	-0.0	0.0	0.0	0.0	0.0	0.0	0.0	0.0
68777	0.0010889048134901833	0.0	0.0	0.0	0.0	0.0	0.0	0.0	0.0
214253	-0.002573723418763923	-0.0	0.0	0.0	0.0	0.0	0.0	0.0	0.0
19713	-0.004484540462709454	-0.0	0.0	0.0	0.0	0.0	0.0	0.0	0.0
242297	0.0015144357903715364	0.0	0.0	0.0	0.0	0.0	0.0	0.0	0.0
71607	-0.010697780229215756	-0.0	0.0	0.0	0.0	0.0	0.0	0.0	0.0
18823	-0.007687922311654762	-0.0	0.0	0.0	0.0	0.0	0.0	0.0	0.0
208158	0.0004981672648706202	0.0	0.0	0.0	0.0	0.0	0.0	0.0	0.0
14623	0.0006618851137078349	0.0	0.0	0.0	0.0	0.0	0.0	0.0	0.0
330301	0.0023707319366773143	0.0	0.0	0.0	0.0	0.0	0.0	0.0	0.0
69693	0.0053623904392227145	0.0	0.0	0.0	0.0	0.0	0.0	0.0	0.0
242466	-0.010855845137065737	-0.0	0.0	0.0	0.0	0.0	0.0	0.0	0.0
100040591	-0.0007441906117460623	-0.0	0.0	0.0	0.0	0.0	0.0	0.0	0.0
20475	-0.0023391652683205704	-0.0	0.0	0.0	0.0	0.0	0.0	0.0	0.0
14938	-0.0132543505607484	-0.0	0.0	0.0	0.0	0.0	0.0	0.0	0.0
22779	-0.006153550227625046	-0.0	0.0	0.0	0.0	0.0	0.0	0.0	0.0
641376	-0.00239676526241127	-0.0	0.0	0.0	0.0	0.0	0.0	0.0	0.0
100038882	-0.009095807097917064	-0.0	0.0	0.0	0.0	0.0	0.0	0.0	0.0
103551	4.327533090292805e-06	0.0	0.0	0.0	0.0	0.0	0.0	0.0	0.0
12823	-0.0008973013166765729	-0.0	0.0	0.0	0.0	0.0	0.0	0.0	0.0
98170	-0.01969468920886977	-0.0	0.0	0.0	0.0	0.0	0.0	0.0	0.0
319901	0.001092037821022753	0.0	0.0	0.0	0.0	0.0	0.0	0.0	0.0
170483	0.004509993064787887	0.0	0.0	0.0	0.0	0.0	0.0	0.0	0.0
27762	-0.005186681476149082	-0.0	0.0	0.0	0.0	0.0	0.0	0.0	0.0
13386	0.0020716323048637947	0.0	0.0	0.0	0.0	0.0	0.0	0.0	0.0
93874	0.007416460785615121	0.0	0.0	0.0	0.0	0.0	0.0	0.0	0.0
65115	-0.009370815297574046	-0.0	0.0	0.0	0.0	0.0	0.0	0.0	0.0
16173	0.004250209392279453	0.0	0.0	0.0	0.0	0.0	0.0	0.0	0.0
58208	-0.0012971804324741843	-0.0	0.0	0.0	0.0	0.0	0.0	0.0	0.0
15163	0.0040963943072099196	0.0	0.0	0.0	0.0	0.0	0.0	0.0	0.0
13643	-0.005793178572644593	-0.0	0.0	0.0	0.0	0.0	0.0	0.0	0.0
22352	0.006451966979607658	0.0	0.0	0.0	0.0	0.0	0.0	0.0	0.0
56264	-0.006390614366483492	-0.0	0.0	0.0	0.0	0.0	0.0	0.0	0.0
238024	-0.0003832270511714303	-0.0	0.0	0.0	0.0	0.0	0.0	0.0	0.0
70779	-0.002408191184108281	-0.0	0.0	0.0	0.0	0.0	0.0	0.0	0.0
14012	-0.0017690566938174713	-0.0	0.0	0.0	0.0	0.0	0.0	0.0	0.0
69574	0.001944624621259797	0.0	0.0	0.0	0.0	0.0	0.0	0.0	0.0
214359	-0.0069376569580782725	-0.0	0.0	0.0	0.0	0.0	0.0	0.0	0.0
65221	0.012199875748898869	0.0	0.0	0.0	0.0	0.0	0.0	0.0	0.0
66412	0.003581330089912486	0.0	0.0	0.0	0.0	0.0	0.0	0.0	0.0
71699	-0.0033153804829627034	-0.0	0.0	0.0	0.0	0.0	0.0	0.0	0.0
18039	0.0023145431654496003	0.0	0.0	0.0	0.0	0.0	0.0	0.0	0.0
14160	0.0007606719216915984	0.0	0.0	0.0	0.0	0.0	0.0	0.0	0.0
77505	-0.003803666044529452	-0.0	0.0	0.0	0.0	0.0	0.0	0.0	0.0
19057	0.0022106274506618877	0.0	0.0	0.0	0.0	0.0	0.0	0.0	0.0
16008	0.009450829420811544	0.0	0.0	0.0	0.0	0.0	0.0	0.0	0.0
22376	-0.0010893992984020817	-0.0	0.0	0.0	0.0	0.0	0.0	0.0	0.0
19215	0.002071722221478778	0.0	0.0	0.0	0.0	0.0	0.0	0.0	0.0
16591	-0.002180454950017878	-0.0	0.0	0.0	0.0	0.0	0.0	0.0	0.0
12831	-0.0047051422405880615	-0.0	0.0	0.0	0.0	0.0	0.0	0.0	0.0
109050	7.407145924361123e-05	0.0	0.0	0.0	0.0	0.0	0.0	0.0	0.0
23936	-0.004844028221614539	-0.0	0.0	0.0	0.0	0.0	0.0	0.0	0.0
207728	-0.009208313365158247	-0.0	0.0	0.0	0.0	0.0	0.0	0.0	0.0
22771	0.0008944978239577005	0.0	0.0	0.0	0.0	0.0	0.0	0.0	0.0
240055	-0.007638403900804135	-0.0	0.0	0.0	0.0	0.0	0.0	0.0	0.0
74589	-0.00601768555348323	-0.0	0.0	0.0	0.0	0.0	0.0	0.0	0.0
13849	0.004074293788843449	0.0	0.0	0.0	0.0	0.0	0.0	0.0	0.0
234515	0.00516761875377889	0.0	0.0	0.0	0.0	0.0	0.0	0.0	0.0
279028	-0.0035430286694250954	-0.0	0.0	0.0	0.0	0.0	0.0	0.0	0.0
244864	-0.0001741653508069972	-0.0	0.0	0.0	0.0	0.0	0.0	0.0	0.0
278180	0.013190952373170086	0.0	0.0	0.0	0.0	0.0	0.0	0.0	0.0
12298	0.005544372842032105	0.0	0.0	0.0	0.0	0.0	0.0	0.0	0.0
104601	-0.005334392917703035	-0.0	0.0	0.0	0.0	0.0	0.0	0.0	0.0
11733	-0.0026277970856870797	-0.0	0.0	0.0	0.0	0.0	0.0	0.0	0.0
16513	-0.00024212387906222358	-0.0	0.0	0.0	0.0	0.0	0.0	0.0	0.0
193034	-0.0034206026132870986	-0.0	0.0	0.0	0.0	0.0	0.0	0.0	0.0
56362	-0.0012410907891444187	-0.0	0.0	0.0	0.0	0.0	0.0	0.0	0.0
70350	-0.0051854278735059735	-0.0	0.0	0.0	0.0	0.0	0.0	0.0	0.0
399548	0.0034021700373909067	0.0	0.0	0.0	0.0	0.0	0.0	0.0	0.0
70951	-0.0018968545611443056	-0.0	0.0	0.0	0.0	0.0	0.0	0.0	0.0
17064	-0.002834296592782568	-0.0	0.0	0.0	0.0	0.0	0.0	0.0	0.0
108899	-0.0007634332110802759	-0.0	0.0	0.0	0.0	0.0	0.0	0.0	0.0
20564	0.013189751056217638	0.0	0.0	0.0	0.0	0.0	0.0	0.0	0.0
15114	0.007921852277184881	0.0	0.0	0.0	0.0	0.0	0.0	0.0	0.0
50915	0.010241850857410166	0.0	0.0	0.0	0.0	0.0	0.0	0.0	0.0
74490	-0.0018062115212602523	-0.0	0.0	0.0	0.0	0.0	0.0	0.0	0.0
18548	0.0013747373407898354	0.0	0.0	0.0	0.0	0.0	0.0	0.0	0.0
213469	-0.0023303637966147882	-0.0	0.0	0.0	0.0	0.0	0.0	0.0	0.0
75590	-0.002817528104810045	-0.0	0.0	0.0	0.0	0.0	0.0	0.0	0.0
72310	0.00033501758815132913	0.0	0.0	0.0	0.0	0.0	0.0	0.0	0.0
23876	0.0015531274289997724	0.0	0.0	0.0	0.0	0.0	0.0	0.0	0.0
225913	-0.005632875624605075	-0.0	0.0	0.0	0.0	0.0	0.0	0.0	0.0
14961	-0.002601815111443717	-0.0	0.0	0.0	0.0	0.0	0.0	0.0	0.0
22063	0.004781300785543073	0.0	0.0	0.0	0.0	0.0	0.0	0.0	0.0
243616	-0.004138209228409769	-0.0	0.0	0.0	0.0	0.0	0.0	0.0	0.0
58222	-0.0027061973614550617	-0.0	0.0	0.0	0.0	0.0	0.0	0.0	0.0
12494	-0.0015554217751928888	-0.0	0.0	0.0	0.0	0.0	0.0	0.0	0.0
217341	0.0008649899263756034	0.0	0.0	0.0	0.0	0.0	0.0	0.0	0.0
108052	0.006042689341923373	0.0	0.0	0.0	0.0	0.0	0.0	0.0	0.0
241568	-0.0064976256218819955	-0.0	0.0	0.0	0.0	0.0	0.0	0.0	0.0
320865	0.0030571058347324894	0.0	0.0	0.0	0.0	0.0	0.0	0.0	0.0
67703	0.0012268250833582747	0.0	0.0	0.0	0.0	0.0	0.0	0.0	0.0
20964	-0.0008413932816784368	-0.0	0.0	0.0	0.0	0.0	0.0	0.0	0.0
20680	-0.0018954159672823425	-0.0	0.0	0.0	0.0	0.0	0.0	0.0	0.0
83453	-0.011525630297391648	-0.0	0.0	0.0	0.0	0.0	0.0	0.0	0.0
56461	0.0001105018919704937	0.0	0.0	0.0	0.0	0.0	0.0	0.0	0.0
209212	0.004498096248454159	0.0	0.0	0.0	0.0	0.0	0.0	0.0	0.0
20377	0.006029207237918537	0.0	0.0	0.0	0.0	0.0	0.0	0.0	0.0
20423	4.279915117566326e-05	0.0	0.0	0.0	0.0	0.0	0.0	0.0	0.0
80976	0.0007720514924393079	0.0	0.0	0.0	0.0	0.0	0.0	0.0	0.0
54326	-0.007190688739822625	-0.0	0.0	0.0	0.0	0.0	0.0	0.0	0.0
241452	-0.0018107039539332743	-0.0	0.0	0.0	0.0	0.0	0.0	0.0	0.0
21786	-0.0004111983145191585	-0.0	0.0	0.0	0.0	0.0	0.0	0.0	0.0
14758	-0.003321222700174283	-0.0	0.0	0.0	0.0	0.0	0.0	0.0	0.0
67272	-0.005175421020445094	-0.0	0.0	0.0	0.0	0.0	0.0	0.0	0.0
23893	0.004360934723449086	0.0	0.0	0.0	0.0	0.0	0.0	0.0	0.0
216616	0.011252710844278499	0.0	0.0	0.0	0.0	0.0	0.0	0.0	0.0
330671	0.00015088820680248606	0.0	0.0	0.0	0.0	0.0	0.0	0.0	0.0
11688	0.0025435968314431127	0.0	0.0	0.0	0.0	0.0	0.0	0.0	0.0
50766	0.01021652310517448	0.0	0.0	0.0	0.0	0.0	0.0	0.0	0.0
12795	-0.00162140169915176	-0.0	0.0	0.0	0.0	0.0	0.0	0.0	0.0
13040	0.008985397576963424	0.0	0.0	0.0	0.0	0.0	0.0	0.0	0.0
16497	0.004143441128023314	0.0	0.0	0.0	0.0	0.0	0.0	0.0	0.0
20447	0.00039706783157681584	0.0	0.0	0.0	0.0	0.0	0.0	0.0	0.0
268297	-0.007127045486208032	-0.0	0.0	0.0	0.0	0.0	0.0	0.0	0.0
74393	-0.0051660066126887	-0.0	0.0	0.0	0.0	0.0	0.0	0.0	0.0
19417	0.0019269570906073627	0.0	0.0	0.0	0.0	0.0	0.0	0.0	0.0
23792	-0.0005853015454201021	-0.0	0.0	0.0	0.0	0.0	0.0	0.0	0.0
20897	0.003239908534631885	0.0	0.0	0.0	0.0	0.0	0.0	0.0	0.0
14062	0.0029113761536593602	0.0	0.0	0.0	0.0	0.0	0.0	0.0	0.0
109205	-0.0018699660606842578	-0.0	0.0	0.0	0.0	0.0	0.0	0.0	0.0
105827	-0.0022342172819376197	-0.0	0.0	0.0	0.0	0.0	0.0	0.0	0.0
72685	0.0031573871900615505	0.0	0.0	0.0	0.0	0.0	0.0	0.0	0.0
75568	-0.005739730847164667	-0.0	0.0	0.0	0.0	0.0	0.0	0.0	0.0
17130	0.008221650407205875	0.0	0.0	0.0	0.0	0.0	0.0	0.0	0.0
228357	0.0006878582186599283	0.0	0.0	0.0	0.0	0.0	0.0	0.0	0.0
114644	0.004188072107119149	0.0	0.0	0.0	0.0	0.0	0.0	0.0	0.0
27261	-0.0009346762084211093	-0.0	0.0	0.0	0.0	0.0	0.0	0.0	0.0
70310	0.0003437419230341576	0.0	0.0	0.0	0.0	0.0	0.0	0.0	0.0
17984	-0.0008412085075686562	-0.0	0.0	0.0	0.0	0.0	0.0	0.0	0.0
27371	0.002610197418634423	0.0	0.0	0.0	0.0	0.0	0.0	0.0	0.0
12311	0.0003180782824586813	0.0	0.0	0.0	0.0	0.0	0.0	0.0	0.0
11829	-0.001982431151235909	-0.0	0.0	0.0	0.0	0.0	0.0	0.0	0.0
213435	-0.004927622991509198	-0.0	0.0	0.0	0.0	0.0	0.0	0.0	0.0
17300	-0.0032352272645287112	-0.0	0.0	0.0	0.0	0.0	0.0	0.0	0.0
268747	0.0037471045716356175	0.0	0.0	0.0	0.0	0.0	0.0	0.0	0.0
229699	0.009473365260051258	0.0	0.0	0.0	0.0	0.0	0.0	0.0	0.0
15572	-0.0015828267368123046	-0.0	0.0	0.0	0.0	0.0	0.0	0.0	0.0
12477	0.0039026845308445775	0.0	0.0	0.0	0.0	0.0	0.0	0.0	0.0
15430	0.002435065481632268	0.0	0.0	0.0	0.0	0.0	0.0	0.0	0.0
243755	-0.0062252235666035135	-0.0	0.0	0.0	0.0	0.0	0.0	0.0	0.0
211739	-0.012817543866653675	-0.0	0.0	0.0	0.0	0.0	0.0	0.0	0.0
16979	-0.0023315376082948666	-0.0	0.0	0.0	0.0	0.0	0.0	0.0	0.0
54598	-0.011784992647731399	-0.0	0.0	0.0	0.0	0.0	0.0	0.0	0.0
216856	0.001334288169688112	0.0	0.0	0.0	0.0	0.0	0.0	0.0	0.0
224661	0.002771006038261176	0.0	0.0	0.0	0.0	0.0	0.0	0.0	0.0
497097	-6.97963948485608e-05	-0.0	0.0	0.0	0.0	0.0	0.0	0.0	0.0
55963	0.0019436090613441442	0.0	0.0	0.0	0.0	0.0	0.0	0.0	0.0
56047	0.001605647077075818	0.0	0.0	0.0	0.0	0.0	0.0	0.0	0.0
15460	-0.00401210782261329	-0.0	0.0	0.0	0.0	0.0	0.0	0.0	0.0
242702	-0.0013856792456364933	-0.0	0.0	0.0	0.0	0.0	0.0	0.0	0.0
210044	-0.0018429166625334968	-0.0	0.0	0.0	0.0	0.0	0.0	0.0	0.0
71690	0.0010935050848377105	0.0	0.0	0.0	0.0	0.0	0.0	0.0	0.0
14840	-0.00661846845937971	-0.0	0.0	0.0	0.0	0.0	0.0	0.0	0.0
14205	0.0038928793732465497	0.0	0.0	0.0	0.0	0.0	0.0	0.0	0.0
327957	0.0010382147761095497	0.0	0.0	0.0	0.0	0.0	0.0	0.0	0.0
231238	-0.007204560281164693	-0.0	0.0	0.0	0.0	0.0	0.0	0.0	0.0
17313	-0.0028054800981771625	-0.0	0.0	0.0	0.0	0.0	0.0	0.0	0.0
12818	-0.013792190916893437	-0.0	0.0	0.0	0.0	0.0	0.0	0.0	0.0
246104	0.006838136873512143	0.0	0.0	0.0	0.0	0.0	0.0	0.0	0.0
319660	0.012137202539337338	0.0	0.0	0.0	0.0	0.0	0.0	0.0	0.0
14681	0.007918270270305394	0.0	0.0	0.0	0.0	0.0	0.0	0.0	0.0
16373	0.005390761170025202	0.0	0.0	0.0	0.0	0.0	0.0	0.0	0.0
12643	-0.005867854784649521	-0.0	0.0	0.0	0.0	0.0	0.0	0.0	0.0
228550	-0.0004706584556636998	-0.0	0.0	0.0	0.0	0.0	0.0	0.0	0.0
241770	-0.00011788915350245995	-0.0	0.0	0.0	0.0	0.0	0.0	0.0	0.0
68846	-0.0007298196014974011	-0.0	0.0	0.0	0.0	0.0	0.0	0.0	0.0
11459	0.0021539017868998788	0.0	0.0	0.0	0.0	0.0	0.0	0.0	0.0
14221	0.0012545978228629031	0.0	0.0	0.0	0.0	0.0	0.0	0.0	0.0
101772	0.0017360240759573587	0.0	0.0	0.0	0.0	0.0	0.0	0.0	0.0
110075	0.0036557315052644355	0.0	0.0	0.0	0.0	0.0	0.0	0.0	0.0
12822	0.0033096674491104013	0.0	0.0	0.0	0.0	0.0	0.0	0.0	0.0
232946	0.0058687487966832385	0.0	0.0	0.0	0.0	0.0	0.0	0.0	0.0
19153	-0.005722432675358226	-0.0	0.0	0.0	0.0	0.0	0.0	0.0	0.0
230582	-0.0003030550831182288	-0.0	0.0	0.0	0.0	0.0	0.0	0.0	0.0
381175	-0.0020185475794110147	-0.0	0.0	0.0	0.0	0.0	0.0	0.0	0.0
208154	-0.011176640112457163	-0.0	0.0	0.0	0.0	0.0	0.0	0.0	0.0
16431	-0.00537377736126963	-0.0	0.0	0.0	0.0	0.0	0.0	0.0	0.0
19258	-3.779176427833585e-05	-0.0	0.0	0.0	0.0	0.0	0.0	0.0	0.0
11602	0.0003456204475102457	0.0	0.0	0.0	0.0	0.0	0.0	0.0	0.0
17897	-0.002657098725737661	-0.0	0.0	0.0	0.0	0.0	0.0	0.0	0.0
68016	-0.0014565446118356543	-0.0	0.0	0.0	0.0	0.0	0.0	0.0	0.0
67295	-0.0020168565722623556	-0.0	0.0	0.0	0.0	0.0	0.0	0.0	0.0
12350	-0.0014183116782503853	-0.0	0.0	0.0	0.0	0.0	0.0	0.0	0.0
215798	-0.002929960720808131	-0.0	0.0	0.0	0.0	0.0	0.0	0.0	0.0
22229	-0.007750345053563993	-0.0	0.0	0.0	0.0	0.0	0.0	0.0	0.0
20288	-0.005088414025366108	-0.0	0.0	0.0	0.0	0.0	0.0	0.0	0.0
15939	0.003444933043967898	0.0	0.0	0.0	0.0	0.0	0.0	0.0	0.0
319582	-0.002255301771097552	-0.0	0.0	0.0	0.0	0.0	0.0	0.0	0.0
11687	0.001769363282822482	0.0	0.0	0.0	0.0	0.0	0.0	0.0	0.0
14313	-0.00497343585657395	-0.0	0.0	0.0	0.0	0.0	0.0	0.0	0.0
18667	0.0003195741193770743	0.0	0.0	0.0	0.0	0.0	0.0	0.0	0.0
211228	-0.0012732265558844107	-0.0	0.0	0.0	0.0	0.0	0.0	0.0	0.0
22268	-0.0009430437440126877	-0.0	0.0	0.0	0.0	0.0	0.0	0.0	0.0
66824	-0.0010493031651035727	-0.0	0.0	0.0	0.0	0.0	0.0	0.0	0.0
78134	-0.007038567169713895	-0.0	0.0	0.0	0.0	0.0	0.0	0.0	0.0
211550	0.0036347328043977523	0.0	0.0	0.0	0.0	0.0	0.0	0.0	0.0
15450	0.0003038108093553925	0.0	0.0	0.0	0.0	0.0	0.0	0.0	0.0
72349	0.0027439801256552146	0.0	0.0	0.0	0.0	0.0	0.0	0.0	0.0
22228	-0.005314714205054924	-0.0	0.0	0.0	0.0	0.0	0.0	0.0	0.0
233246	-0.0005610828458386249	-0.0	0.0	0.0	0.0	0.0	0.0	0.0	0.0
226999	-0.005450265248321512	-0.0	0.0	0.0	0.0	0.0	0.0	0.0	0.0
70008	-0.0015262548076944483	-0.0	0.0	0.0	0.0	0.0	0.0	0.0	0.0
24131	0.003870586390738256	0.0	0.0	0.0	0.0	0.0	0.0	0.0	0.0
56471	-0.007972606224531574	-0.0	0.0	0.0	0.0	0.0	0.0	0.0	0.0
207565	-0.008919007548927674	-0.0	0.0	0.0	0.0	0.0	0.0	0.0	0.0
19275	-0.003461395865681455	-0.0	0.0	0.0	0.0	0.0	0.0	0.0	0.0
15284	0.017352487931776548	0.0	0.0	0.0	0.0	0.0	0.0	0.0	0.0
72774	-0.0031883137165194097	-0.0	0.0	0.0	0.0	0.0	0.0	0.0	0.0
17433	-0.0010842030418145858	-0.0	0.0	0.0	0.0	0.0	0.0	0.0	0.0
23959	-0.007207070370032202	-0.0	0.0	0.0	0.0	0.0	0.0	0.0	0.0
214663	-0.004238021288183428	-0.0	0.0	0.0	0.0	0.0	0.0	0.0	0.0
110876	0.0006088464265199157	0.0	0.0	0.0	0.0	0.0	0.0	0.0	0.0
14400	0.00138345052790648	0.0	0.0	0.0	0.0	0.0	0.0	0.0	0.0
65963	-0.001328083474646778	-0.0	0.0	0.0	0.0	0.0	0.0	0.0	0.0
11839	-0.0016220013208219032	-0.0	0.0	0.0	0.0	0.0	0.0	0.0	0.0
21816	0.0004892529269154583	0.0	0.0	0.0	0.0	0.0	0.0	0.0	0.0
16426	0.002661627602922847	0.0	0.0	0.0	0.0	0.0	0.0	0.0	0.0
240667	0.003328336853087925	0.0	0.0	0.0	0.0	0.0	0.0	0.0	0.0
13170	-0.0020741804888640834	-0.0	0.0	0.0	0.0	0.0	0.0	0.0	0.0
16493	0.005943109033587477	0.0	0.0	0.0	0.0	0.0	0.0	0.0	0.0
18187	0.012661203245592813	0.0	0.0	0.0	0.0	0.0	0.0	0.0	0.0
16181	-0.005140688056420782	-0.0	0.0	0.0	0.0	0.0	0.0	0.0	0.0
19711	-0.004410281759169238	-0.0	0.0	0.0	0.0	0.0	0.0	0.0	0.0
70061	0.0028039022155655026	0.0	0.0	0.0	0.0	0.0	0.0	0.0	0.0
218440	-0.0027615996858228395	-0.0	0.0	0.0	0.0	0.0	0.0	0.0	0.0
277468	0.005485086802136088	0.0	0.0	0.0	0.0	0.0	0.0	0.0	0.0
20216	0.004406065383223249	0.0	0.0	0.0	0.0	0.0	0.0	0.0	0.0
269019	-0.007272107188895841	-0.0	0.0	0.0	0.0	0.0	0.0	0.0	0.0
218461	-0.002350894206845119	-0.0	0.0	0.0	0.0	0.0	0.0	0.0	0.0
67564	-0.001281192358695355	-0.0	0.0	0.0	0.0	0.0	0.0	0.0	0.0
330627	0.014346556110092478	0.0	0.0	0.0	0.0	0.0	0.0	0.0	0.0
66513	-0.005872714605833362	-0.0	0.0	0.0	0.0	0.0	0.0	0.0	0.0
12143	0.0031533163091541846	0.0	0.0	0.0	0.0	0.0	0.0	0.0	0.0
12481	0.004969443088838744	0.0	0.0	0.0	0.0	0.0	0.0	0.0	0.0
19739	-0.0017777076338108457	-0.0	0.0	0.0	0.0	0.0	0.0	0.0	0.0
14761	-0.0030125815196076614	-0.0	0.0	0.0	0.0	0.0	0.0	0.0	0.0
245595	-0.0016358922894475307	-0.0	0.0	0.0	0.0	0.0	0.0	0.0	0.0
70405	0.005927006636457652	0.0	0.0	0.0	0.0	0.0	0.0	0.0	0.0
18596	0.0064082311601653215	0.0	0.0	0.0	0.0	0.0	0.0	0.0	0.0
21389	0.002705397082412303	0.0	0.0	0.0	0.0	0.0	0.0	0.0	0.0
225341	-0.0014735346652700913	-0.0	0.0	0.0	0.0	0.0	0.0	0.0	0.0
218341	-0.0010543739461016865	-0.0	0.0	0.0	0.0	0.0	0.0	0.0	0.0
74770	0.004442699360960437	0.0	0.0	0.0	0.0	0.0	0.0	0.0	0.0
21960	-0.00012698871233322056	-0.0	0.0	0.0	0.0	0.0	0.0	0.0	0.0
54672	-0.0031154133369270627	-0.0	0.0	0.0	0.0	0.0	0.0	0.0	0.0
27409	-0.004923021784584613	-0.0	0.0	0.0	0.0	0.0	0.0	0.0	0.0
50874	0.0017413999888668385	0.0	0.0	0.0	0.0	0.0	0.0	0.0	0.0
76917	-0.004687080725253475	-0.0	0.0	0.0	0.0	0.0	0.0	0.0	0.0
21928	0.0003745342925000727	0.0	0.0	0.0	0.0	0.0	0.0	0.0	0.0
100039795	0.0003273328250734414	0.0	0.0	0.0	0.0	0.0	0.0	0.0	0.0
67168	-0.0024642344044495668	-0.0	0.0	0.0	0.0	0.0	0.0	0.0	0.0
66528	-0.0003997993480331003	-0.0	0.0	0.0	0.0	0.0	0.0	0.0	0.0
116838	0.008210866932551856	0.0	0.0	0.0	0.0	0.0	0.0	0.0	0.0
384061	-0.007854750323461496	-0.0	0.0	0.0	0.0	0.0	0.0	0.0	0.0
110893	0.003621730475803332	0.0	0.0	0.0	0.0	0.0	0.0	0.0	0.0
381853	0.0030852480269386623	0.0	0.0	0.0	0.0	0.0	0.0	0.0	0.0
192976	-0.000740907753175796	-0.0	0.0	0.0	0.0	0.0	0.0	0.0	0.0
216560	0.004928164177940228	0.0	0.0	0.0	0.0	0.0	0.0	0.0	0.0
18510	-0.0010282449606611429	-0.0	0.0	0.0	0.0	0.0	0.0	0.0	0.0
77609	0.008684030202308821	0.0	0.0	0.0	0.0	0.0	0.0	0.0	0.0
103511	0.0064764792960298944	0.0	0.0	0.0	0.0	0.0	0.0	0.0	0.0
231134	-0.0038497234361843766	-0.0	0.0	0.0	0.0	0.0	0.0	0.0	0.0
213484	-0.004554586225922959	-0.0	0.0	0.0	0.0	0.0	0.0	0.0	0.0
16404	0.005516795194792232	0.0	0.0	0.0	0.0	0.0	0.0	0.0	0.0
57340	0.0014506471849769678	0.0	0.0	0.0	0.0	0.0	0.0	0.0	0.0
240185	-0.016651960019028657	-0.0	0.0	0.0	0.0	0.0	0.0	0.0	0.0
78749	0.008410698973188104	0.0	0.0	0.0	0.0	0.0	0.0	0.0	0.0
71461	-0.012004434760982077	-0.0	0.0	0.0	0.0	0.0	0.0	0.0	0.0
12825	-0.034432995736063975	-0.0	0.0	0.0	0.0	0.0	0.0	0.0	0.0
74199	-0.0009594570032992712	-0.0	0.0	0.0	0.0	0.0	0.0	0.0	0.0
14114	-0.010999677024866433	-0.0	0.0	0.0	0.0	0.0	0.0	0.0	0.0
20201	0.0034932011503744686	0.0	0.0	0.0	0.0	0.0	0.0	0.0	0.0
225998	0.011422065610509343	0.0	0.0	0.0	0.0	0.0	0.0	0.0	0.0
73668	-0.006622448208802772	-0.0	0.0	0.0	0.0	0.0	0.0	0.0	0.0
14125	2.384261224093583e-05	0.0	0.0	0.0	0.0	0.0	0.0	0.0	0.0
12830	-0.010618673375556291	-0.0	0.0	0.0	0.0	0.0	0.0	0.0	0.0
17260	0.008956207153329393	0.0	0.0	0.0	0.0	0.0	0.0	0.0	0.0
235534	0.003045439242340661	0.0	0.0	0.0	0.0	0.0	0.0	0.0	0.0
23966	0.000262192967488681	0.0	0.0	0.0	0.0	0.0	0.0	0.0	0.0
19041	0.00014976016865864792	0.0	0.0	0.0	0.0	0.0	0.0	0.0	0.0
75641	-0.0040863274526894726	-0.0	0.0	0.0	0.0	0.0	0.0	0.0	0.0
23871	-0.010399107891887364	-0.0	0.0	0.0	0.0	0.0	0.0	0.0	0.0
320139	-0.002916733494845497	-0.0	0.0	0.0	0.0	0.0	0.0	0.0	0.0
67893	-0.00374271240312686	-0.0	0.0	0.0	0.0	0.0	0.0	0.0	0.0
103988	-0.00401065299229275	-0.0	0.0	0.0	0.0	0.0	0.0	0.0	0.0
56496	0.004047308011172804	0.0	0.0	0.0	0.0	0.0	0.0	0.0	0.0
13346	0.004350202778543405	0.0	0.0	0.0	0.0	0.0	0.0	0.0	0.0
20274	-0.00039856572645682225	-0.0	0.0	0.0	0.0	0.0	0.0	0.0	0.0
94214	0.01412814765385308	0.0	0.0	0.0	0.0	0.0	0.0	0.0	0.0
12140	-0.0004053903538182923	-0.0	0.0	0.0	0.0	0.0	0.0	0.0	0.0
12286	0.006411520278605145	0.0	0.0	0.0	0.0	0.0	0.0	0.0	0.0
20540	-0.006229449114538028	-0.0	0.0	0.0	0.0	0.0	0.0	0.0	0.0
72097	0.0016563726458312512	0.0	0.0	0.0	0.0	0.0	0.0	0.0	0.0
110197	0.0013422596973942209	0.0	0.0	0.0	0.0	0.0	0.0	0.0	0.0
16526	0.00019220614358831018	0.0	0.0	0.0	0.0	0.0	0.0	0.0	0.0
229003	-0.008570792005017234	-0.0	0.0	0.0	0.0	0.0	0.0	0.0	0.0
333088	0.007708931117451913	0.0	0.0	0.0	0.0	0.0	0.0	0.0	0.0
227094	0.007446533360481544	0.0	0.0	0.0	0.0	0.0	0.0	0.0	0.0
63828	0.0024353484420055983	0.0	0.0	0.0	0.0	0.0	0.0	0.0	0.0
17228	-0.0033718179666494866	-0.0	0.0	0.0	0.0	0.0	0.0	0.0	0.0
12845	0.002151726454856176	0.0	0.0	0.0	0.0	0.0	0.0	0.0	0.0
12519	-0.003447993139658148	-0.0	0.0	0.0	0.0	0.0	0.0	0.0	0.0
77630	0.011090081343839429	0.0	0.0	0.0	0.0	0.0	0.0	0.0	0.0
14128	-0.0012401438322674015	-0.0	0.0	0.0	0.0	0.0	0.0	0.0	0.0
80837	-0.01616893112227654	-0.0	0.0	0.0	0.0	0.0	0.0	0.0	0.0
231760	-0.007328070783005321	-0.0	0.0	0.0	0.0	0.0	0.0	0.0	0.0
72925	-0.00281023936566409	-0.0	0.0	0.0	0.0	0.0	0.0	0.0	0.0
56794	0.0033760513910366568	0.0	0.0	0.0	0.0	0.0	0.0	0.0	0.0
110784	0.018682703128581783	0.0	0.0	0.0	0.0	0.0	0.0	0.0	0.0
12723	0.00018324728306969848	0.0	0.0	0.0	0.0	0.0	0.0	0.0	0.0
56720	-0.0034941703913912133	-0.0	0.0	0.0	0.0	0.0	0.0	0.0	0.0
259302	0.0032725309431856343	0.0	0.0	0.0	0.0	0.0	0.0	0.0	0.0
76156	-0.004574414650243258	-0.0	0.0	0.0	0.0	0.0	0.0	0.0	0.0
76854	0.000547872655575252	0.0	0.0	0.0	0.0	0.0	0.0	0.0	0.0
19099	-0.002022774497182333	-0.0	0.0	0.0	0.0	0.0	0.0	0.0	0.0
210530	0.003205898946544732	0.0	0.0	0.0	0.0	0.0	0.0	0.0	0.0
20533	0.0071440288046163165	0.0	0.0	0.0	0.0	0.0	0.0	0.0	0.0
19659	-0.0024349050675833398	-0.0	0.0	0.0	0.0	0.0	0.0	0.0	0.0
384569	-0.004099459461435089	-0.0	0.0	0.0	0.0	0.0	0.0	0.0	0.0
213417	0.00283096393890064	0.0	0.0	0.0	0.0	0.0	0.0	0.0	0.0
98256	-0.010875557101030331	-0.0	0.0	0.0	0.0	0.0	0.0	0.0	0.0
14115	-0.018740291757096437	-0.0	0.0	0.0	0.0	0.0	0.0	0.0	0.0
14126	-0.002579683187511462	-0.0	0.0	0.0	0.0	0.0	0.0	0.0	0.0
244058	-0.0014307322266055994	-0.0	0.0	0.0	0.0	0.0	0.0	0.0	0.0
76491	0.004410956233033586	0.0	0.0	0.0	0.0	0.0	0.0	0.0	0.0
50997	-0.002108285144695861	-0.0	0.0	0.0	0.0	0.0	0.0	0.0	0.0
12326	-0.0023228433488682483	-0.0	0.0	0.0	0.0	0.0	0.0	0.0	0.0
223272	-0.0004964690585670038	-0.0	0.0	0.0	0.0	0.0	0.0	0.0	0.0
16491	0.0003733906437508535	0.0	0.0	0.0	0.0	0.0	0.0	0.0	0.0
67419	0.008840881596193288	0.0	0.0	0.0	0.0	0.0	0.0	0.0	0.0
216350	0.004173636770704651	0.0	0.0	0.0	0.0	0.0	0.0	0.0	0.0
242607	1.5894647840067298e-05	0.0	0.0	0.0	0.0	0.0	0.0	0.0	0.0
380785	0.0021559500868169883	0.0	0.0	0.0	0.0	0.0	0.0	0.0	0.0
20202	0.005174571936412435	0.0	0.0	0.0	0.0	0.0	0.0	0.0	0.0
80890	0.002300191210353975	0.0	0.0	0.0	0.0	0.0	0.0	0.0	0.0
12810	-0.0010220540775802939	-0.0	0.0	0.0	0.0	0.0	0.0	0.0	0.0
16197	0.0015445969099378274	0.0	0.0	0.0	0.0	0.0	0.0	0.0	0.0
19039	-0.0043739911456854574	-0.0	0.0	0.0	0.0	0.0	0.0	0.0	0.0
230904	0.0025308871814791953	0.0	0.0	0.0	0.0	0.0	0.0	0.0	0.0
77577	0.004616945734945621	0.0	0.0	0.0	0.0	0.0	0.0	0.0	0.0
21426	-0.004482622417122624	-0.0	0.0	0.0	0.0	0.0	0.0	0.0	0.0
207911	0.007594463149893183	0.0	0.0	0.0	0.0	0.0	0.0	0.0	0.0
217306	-0.0017780685501065908	-0.0	0.0	0.0	0.0	0.0	0.0	0.0	0.0
20618	0.004476220430526632	0.0	0.0	0.0	0.0	0.0	0.0	0.0	0.0
16399	0.00247519933700118	0.0	0.0	0.0	0.0	0.0	0.0	0.0	0.0
17916	0.0066294198549797	0.0	0.0	0.0	0.0	0.0	0.0	0.0	0.0
52857	-0.0023297013053854986	-0.0	0.0	0.0	0.0	0.0	0.0	0.0	0.0
219228	-0.002186501890333149	-0.0	0.0	0.0	0.0	0.0	0.0	0.0	0.0
22403	0.011462516867536604	0.0	0.0	0.0	0.0	0.0	0.0	0.0	0.0
93840	-0.010833266198449496	-0.0	0.0	0.0	0.0	0.0	0.0	0.0	0.0
11568	0.00597278978550976	0.0	0.0	0.0	0.0	0.0	0.0	0.0	0.0
73075	-0.0004274632700654101	-0.0	0.0	0.0	0.0	0.0	0.0	0.0	0.0
76217	-0.001233872917282987	-0.0	0.0	0.0	0.0	0.0	0.0	0.0	0.0
269855	0.003517099976028818	0.0	0.0	0.0	0.0	0.0	0.0	0.0	0.0
100061	-0.012871100700187297	-0.0	0.0	0.0	0.0	0.0	0.0	0.0	0.0
69590	-0.024244455637142132	-0.0	0.0	0.0	0.0	0.0	0.0	0.0	0.0
23928	0.000795826393924926	0.0	0.0	0.0	0.0	0.0	0.0	0.0	0.0
13850	0.0038959261063235507	0.0	0.0	0.0	0.0	0.0	0.0	0.0	0.0
14281	0.0009186966770447031	0.0	0.0	0.0	0.0	0.0	0.0	0.0	0.0
13363	-0.0010614838431869582	-0.0	0.0	0.0	0.0	0.0	0.0	0.0	0.0
67425	-0.0019404948838830365	-0.0	0.0	0.0	0.0	0.0	0.0	0.0	0.0
57890	0.005074683588446881	0.0	0.0	0.0	0.0	0.0	0.0	0.0	0.0
232333	-0.0011265855526666107	-0.0	0.0	0.0	0.0	0.0	0.0	0.0	0.0
108153	0.003999348579908353	0.0	0.0	0.0	0.0	0.0	0.0	0.0	0.0
80901	0.0005664520643509457	0.0	0.0	0.0	0.0	0.0	0.0	0.0	0.0
22342	-0.006568081069428826	-0.0	0.0	0.0	0.0	0.0	0.0	0.0	0.0
22412	8.252951919150984e-06	0.0	0.0	0.0	0.0	0.0	0.0	0.0	0.0
272428	0.004843806592856346	0.0	0.0	0.0	0.0	0.0	0.0	0.0	0.0
16147	0.010506735538097216	0.0	0.0	0.0	0.0	0.0	0.0	0.0	0.0
16176	-0.0014507993962377132	-0.0	0.0	0.0	0.0	0.0	0.0	0.0	0.0
56631	-0.0009667859892389985	-0.0	0.0	0.0	0.0	0.0	0.0	0.0	0.0
231147	0.004261211994162894	0.0	0.0	0.0	0.0	0.0	0.0	0.0	0.0
70423	-0.0014049744419728683	-0.0	0.0	0.0	0.0	0.0	0.0	0.0	0.0
77889	0.00723756753490632	0.0	0.0	0.0	0.0	0.0	0.0	0.0	0.0
13082	0.004210260639480122	0.0	0.0	0.0	0.0	0.0	0.0	0.0	0.0
17883	0.005739880959601647	0.0	0.0	0.0	0.0	0.0	0.0	0.0	0.0
13602	0.014436315836207615	0.0	0.0	0.0	0.0	0.0	0.0	0.0	0.0
23850	-0.005202743909007401	-0.0	0.0	0.0	0.0	0.0	0.0	0.0	0.0
330908	-0.0035142315805061527	-0.0	0.0	0.0	0.0	0.0	0.0	0.0	0.0
81006	-0.0045982837438542385	-0.0	0.0	0.0	0.0	0.0	0.0	0.0	0.0
20776	0.0007760833339599912	0.0	0.0	0.0	0.0	0.0	0.0	0.0	0.0
12458	-0.002446354160339376	-0.0	0.0	0.0	0.0	0.0	0.0	0.0	0.0
270192	-0.0074708161102057	-0.0	0.0	0.0	0.0	0.0	0.0	0.0	0.0
12834	-0.007898773609728557	-0.0	0.0	0.0	0.0	0.0	0.0	0.0	0.0
72780	0.004390195355909705	0.0	0.0	0.0	0.0	0.0	0.0	0.0	0.0
93761	-0.004655709221525479	-0.0	0.0	0.0	0.0	0.0	0.0	0.0	0.0
18534	-0.007869736247416647	-0.0	0.0	0.0	0.0	0.0	0.0	0.0	0.0
21384	0.007328997307193974	0.0	0.0	0.0	0.0	0.0	0.0	0.0	0.0
51801	0.00047949732522968276	0.0	0.0	0.0	0.0	0.0	0.0	0.0	0.0
75695	-0.01397157207781245	-0.0	0.0	0.0	0.0	0.0	0.0	0.0	0.0
18121	-0.004194116911308841	-0.0	0.0	0.0	0.0	0.0	0.0	0.0	0.0
224093	0.004094171138322739	0.0	0.0	0.0	0.0	0.0	0.0	0.0	0.0
26561	0.007729517065775356	0.0	0.0	0.0	0.0	0.0	0.0	0.0	0.0
207521	-0.004978483446694213	-0.0	0.0	0.0	0.0	0.0	0.0	0.0	0.0
71099	0.0039193624714234454	0.0	0.0	0.0	0.0	0.0	0.0	0.0	0.0
56644	0.012964358276553577	0.0	0.0	0.0	0.0	0.0	0.0	0.0	0.0
79235	0.0013902856613694854	0.0	0.0	0.0	0.0	0.0	0.0	0.0	0.0
20296	-0.00045622747074482395	-0.0	0.0	0.0	0.0	0.0	0.0	0.0	0.0
17885	-0.001318984792905066	-0.0	0.0	0.0	0.0	0.0	0.0	0.0	0.0
14080	-0.00023080261395386377	-0.0	0.0	0.0	0.0	0.0	0.0	0.0	0.0
319266	0.003320608345166258	0.0	0.0	0.0	0.0	0.0	0.0	0.0	0.0
216739	0.0015826697576074818	0.0	0.0	0.0	0.0	0.0	0.0	0.0	0.0
246048	-0.002948076452086417	-0.0	0.0	0.0	0.0	0.0	0.0	0.0	0.0
15368	0.0033464293768657154	0.0	0.0	0.0	0.0	0.0	0.0	0.0	0.0
64242	0.008895848246793915	0.0	0.0	0.0	0.0	0.0	0.0	0.0	0.0
11601	0.003969414493376735	0.0	0.0	0.0	0.0	0.0	0.0	0.0	0.0
21987	0.00536388427513216	0.0	0.0	0.0	0.0	0.0	0.0	0.0	0.0
13074	0.004410308973788433	0.0	0.0	0.0	0.0	0.0	0.0	0.0	0.0
11450	-0.002891720908623401	-0.0	0.0	0.0	0.0	0.0	0.0	0.0	0.0
12351	-0.011280598636810388	-0.0	0.0	0.0	0.0	0.0	0.0	0.0	0.0
21922	-0.0003598334847815238	-0.0	0.0	0.0	0.0	0.0	0.0	0.0	0.0
13003	0.004151491029780956	0.0	0.0	0.0	0.0	0.0	0.0	0.0	0.0
69903	-0.00016262289544561885	-0.0	0.0	0.0	0.0	0.0	0.0	0.0	0.0
245020	0.0008883933100928453	0.0	0.0	0.0	0.0	0.0	0.0	0.0	0.0
242523	0.018076921074396336	0.0	0.0	0.0	0.0	0.0	0.0	0.0	0.0
380713	0.0008003747912227198	0.0	0.0	0.0	0.0	0.0	0.0	0.0	0.0
12023	0.008190596264903918	0.0	0.0	0.0	0.0	0.0	0.0	0.0	0.0
17868	-0.0003824948392255266	-0.0	0.0	0.0	0.0	0.0	0.0	0.0	0.0
245827	-0.001095581073117953	-0.0	0.0	0.0	0.0	0.0	0.0	0.0	0.0
223917	-0.0010737301347815635	-0.0	0.0	0.0	0.0	0.0	0.0	0.0	0.0
14373	0.0041785822601565215	0.0	0.0	0.0	0.0	0.0	0.0	0.0	0.0
12162	0.00459592865738221	0.0	0.0	0.0	0.0	0.0	0.0	0.0	0.0
20692	-0.008796362598146795	-0.0	0.0	0.0	0.0	0.0	0.0	0.0	0.0
12390	0.0016448283503712273	0.0	0.0	0.0	0.0	0.0	0.0	0.0	0.0
634731	-0.0011580345320570907	-0.0	0.0	0.0	0.0	0.0	0.0	0.0	0.0
57444	-0.004829426229828328	-0.0	0.0	0.0	0.0	0.0	0.0	0.0	0.0
21924	0.0023829337358990286	0.0	0.0	0.0	0.0	0.0	0.0	0.0	0.0
14067	-0.002142413775130938	-0.0	0.0	0.0	0.0	0.0	0.0	0.0	0.0
192187	-0.0049914621010736186	-0.0	0.0	0.0	0.0	0.0	0.0	0.0	0.0
228785	-0.0006284738262071608	-0.0	0.0	0.0	0.0	0.0	0.0	0.0	0.0
19220	0.004206665325732595	0.0	0.0	0.0	0.0	0.0	0.0	0.0	0.0
353242	-2.2901857725552194e-07	8.468818435733502e-09	0.011736275420525173	0.10674125325113794	-0.4545506694827156	-0.49152940953612456	0.12278785760790546	0.2733340585876868	0.19831406457560838
107351	6.629878310186463e-05	2.561611852688764e-07	-0.12540379605093008	0.006948469826497206	-0.07569556514234438	-0.07183182627287979	-0.30577184481618525	0.048849892933036966	-0.004660448767600495
18584	0.0015519245091677445	2.7734715655159416e-06	0.0032979608677132914	0.24168343059354253	-0.16938841502215413	-0.16760129744708388	-0.5101810696357298	-0.711061649978432	-0.7245910096838521
66109	-9.345081880167161e-06	1.0233443123969953e-05	0.012223321872011684	-0.17858483516402818	-0.17159346662083538	-1.2666553671150558	-1.3080963456903627	-1.371948242280222	-1.044823127886653
75141	4.605682886033847e-05	1.0392305868536463e-05	0.06623712628218464	0.27168588916239816	0.3606047849321736	0.586245718658849	0.2228467281895348	-0.46557753558033227	-0.36668708129629807
76044	0.00015527228471393846	1.0909145896023022e-05	0.009653824786262451	0.20346871662618274	0.22358901157594924	0.29384717719849535	0.08611689205740879	-0.36360482925330917	-0.3941308117190852
17193	0.0002880967066578605	1.1825341805105315e-05	0.01156480105827168	0.2348665288710058	0.16335636573500556	0.20440279747762496	0.0043292326755615725	-0.0032400993403000847	0.03976027493052826
171463	-0.0001066027182789507	1.2859900871107792e-05	-0.04060880852152374	-0.017418055947645228	-0.11765062273446311	-0.23828451536613957	-0.3532963192160297	-0.47622050232682334	-0.5782815424987863
14026	-0.008022844750861943	1.3348321973378638e-05	0.00968685495010278	0.10574222649396912	0.19683777952902373	0.19517399038840194	-0.5823613049201183	-1.413002315812066	-1.2563033575733744
235040	6.9776977239675035e-06	1.5606476131115775e-05	0.23736986437740223	0.282013782040527	0.3288868138981262	2.565509371723971	2.939478938797774	3.304275967644303	3.307410049373239
327954	2.0730289055060652e-05	1.6526988828155297e-05	-0.0029336012537701035	-0.3664550239021608	-0.4901070574096903	0.30713164892280775	0.5329997775015455	0.5573153371771636	0.3344124234760692
66771	-9.802583980063468e-05	1.7195815929319298e-05	0.002311346823659158	0.30346996851659447	0.28589822449935476	0.11047696859078808	-0.11162789880200123	-0.22219677245206268	-0.5538346368346306
72151	-0.0001169909862304025	2.357519481397473e-05	0.010203203521430438	0.2886224917642784	0.42171976766299335	0.2202068513811727	0.10963082716245541	0.03376981052033661	-0.06978540876846846
66972	-0.001343029051175323	2.6154564439350067e-05	0.024697334006163637	0.4118791635021077	0.3941379530295494	0.3746636427631695	0.48946627697614836	0.010949929080035493	-0.0758119410410259
55988	-0.0001089139590137454	2.6218399926686093e-05	-0.006174479062834581	0.22755923466586003	0.47055993865996004	0.22983413855037793	-0.17361587788770164	-0.16760798406488775	-0.15105832170625186
228482	0.0009767504640355736	3.589999377616425e-05	0.016179410240356098	0.30690407588317653	0.32648664018346957	0.3632411594778231	0.6772893776205714	0.08067882762790544	-0.14134509151482952
16510	-0.00033841278750029307	3.6098413182805426e-05	0.0014096719454687147	0.08210851918381751	-0.12772290218620952	-0.23439266915763096	-1.055887655958282	-1.689915244596861	-2.3607058267658974
110962	0.002572725647133361	3.6186074599022945e-05	0.004672576334750981	0.2850781612727074	0.3200594140302932	0.33412468159558645	-0.07573803349480492	0.08421430107630258	0.016576096173768515
22276	-0.00017033660854438648	3.659542134404531e-05	0.017365787996058726	-0.22939035483585118	-0.13289515119334896	-0.34773693803395783	0.11138170136665809	0.17217556513559787	0.15474957705983897
107305	-6.078337305999052e-05	3.704215744399716e-05	0.008735535577201381	-0.06763611087219244	0.0676295347154209	-0.5417831315977528	-0.6582775774941121	-0.5064727191670417	-0.4809076821491356
239319	0.00023183467551410076	3.847886250700725e-05	-0.005059080595418188	0.3285964014828307	0.39283846251086457	0.558813903508546	0.7619309545902169	0.21394835268221402	-0.12522636360968203
20650	4.0106014341979744e-05	3.873943403463969e-05	-0.09152463558781966	0.2367767618946143	0.03363444171573053	0.99956024287644	0.7950347251636103	0.2720711536619964	0.24913878277887003
114713	-0.00037376066347462436	3.897098043229777e-05	0.015007867373002526	0.2966094881567701	0.36463437148063105	0.2603671645733862	-0.3479013444273982	-0.9561550653325533	-1.0092528859378556
71994	-0.0002141420158166429	4.0858352015804886e-05	0.010704694008202327	0.14770302768829627	0.08174528801026931	-0.10905497068716197	-0.6779455505482167	-0.526166722301464	-0.1340405346345256
77411	-0.0004501266989311322	4.571505573516299e-05	-0.17221233703269775	0.04674265442407082	0.11071887621958301	0.009158458133480474	1.7057013102247287	2.0627331397054247	2.0441367985374432
78286	0.0006323939724851076	5.313868930199111e-05	-0.030706242341734934	0.14248580785506101	0.19297625276824554	0.27700407658379034	-0.5849713844996823	-1.216555257501372	-1.2430593101211447
15118	-0.0003515438265554665	5.8004017048419184e-05	-0.020841120965907844	-0.07537996462615987	-0.015822222812507128	-0.18082019082338135	-0.25287281131262007	-0.40985916684753065	-0.3823182065013821
230721	-0.0020749508132526517	6.09811172251073e-05	-0.01487995149886856	0.028681373195129443	-0.01196484199567116	-0.041354028879342156	0.05979583366072247	0.31580674186833513	0.5209039825202696
56224	-0.0007488913522230551	6.751778780452211e-05	0.007790371103225663	0.29108063149296287	0.22491189178095633	0.13475490491751058	-0.5787327085032937	-1.6582861958604378	-1.6345467256163033
53328	-0.0006008226618397634	7.056770150189957e-05	0.001687559665725972	0.13323869107885197	0.19288575268812005	0.0754339553710614	0.15507706620303213	0.224223171115184	0.44424628267773963
17874	-0.0009966061341048302	7.19359077739004e-05	0.03401687792657429	0.3850965651746805	0.2392763385908347	0.16709545859001618	-0.12929375811838711	-0.06952877277215909	-0.35639303406687267
269423	0.0021107358348142094	7.311442720664031e-05	0.027898459515354145	0.23271358201324974	0.21302029021344027	0.24765959751125566	-0.08440498202735472	-0.14325799661233532	-0.32217832297083654
208518	-0.000803758173781378	7.614745820454516e-05	-0.017270632277854036	-0.006148748831744002	-0.33475636066080117	-0.42949562514168377	-0.597579500745644	-0.5330730468008315	-0.6891447581057074
108000	-0.0002648209648709332	8.488802249398952e-05	-0.008708888085447664	0.1047907696665468	-0.12422991053581373	-0.44477863497446124	-0.7529331769223375	-1.1081726453382763	-1.163606747976112
81904	-0.0022474126240373104	8.524919938808318e-05	0.031151679621117544	0.5467809043877827	0.5015918736975922	0.4636597207514459	1.67071754406902	1.4702156562894002	0.7597990779269529
12840	0.0003102316079342832	8.62104810985689e-05	0.1083927379896117	0.4514024127155555	0.20825311127335094	0.4861438190339573	1.4108097731266818	2.771529064437892	3.0717130887751085
66990	-0.0005617124698063799	8.875681368527744e-05	0.0045368048389319215	-0.017623739314394423	0.2516792847504335	0.09366816971168143	-0.5748753609961851	-0.38330301119609944	-0.5172689711061099
216760	-0.00020214754972277746	9.042349954877738e-05	-0.018201993948235975	0.173020833965296	0.0765535978737501	-0.3707607508422398	-0.48005694322889353	-0.41320029031465233	-0.4678677700650502
59009	-0.0012290044987670339	9.100979030246768e-05	-0.0032879767348807302	0.20886361933024966	0.3026213657232844	0.22856973255695276	-0.3890616333475764	-1.0078968065129137	-1.2343553731936916
27280	0.017026422210309755	9.635246818497492e-05	-0.0062039136176286	0.3729844289418364	0.2296290421643596	0.23528803892802683	0.7439202292979428	2.5430045847480685	2.7914864966582638
67603	0.0006829025897217594	0.00011030565859365523	-0.038791242276852496	0.3492035680068415	0.5492679145095632	0.7107926476909061	0.13890646386307665	1.1021933623112425	1.2344179452888064
233199	0.0007439974721052786	0.00011067393744764097	-0.16352720644279153	-0.28605922521421745	-0.4155891603100322	-0.2668333626129398	0.2596543855517954	1.7049930613626665	2.126207834080997
20516	0.00045040893056799534	0.00011068909769421384	-0.0049115527670468085	-0.2369584424990558	-0.570050704304817	-0.32429825540326523	-0.31209997354061986	-1.1779286864708531	-1.0265289278375078
74666	0.0012504873824964922	0.00011152430381023321	0.007151805969962535	-0.1348497899053508	-0.18756347325422107	-0.09837880384349548	0.3711408132259832	0.022322384897777922	-0.302939072934764
73379	-0.004527226138534574	0.00011460066502511255	-0.02670093892213574	-0.07956128064782385	-0.3570594534965507	-0.38237311389660483	-0.9991116966168956	-1.1472429545229952	-1.1147931826256314
16403	-0.002174792930446789	0.00011888977423198485	-0.047682275378568326	0.047228556851509375	-0.1887892875014604	-0.24345645722026216	-0.5751497882964368	-0.9179716729691478	-0.8760435912901251
269016	-0.00011716320648448888	0.00012002076203165905	0.020476866662422995	-0.03165379892800657	-0.031051296258862174	-1.0554408263247579	-1.809309634673221	-1.9656170724339426	-1.9293826984756863
330286	-0.0015680286730329375	0.00012233345551902202	-0.031256103097854614	-0.0018979189712313336	-0.13270539747639262	-0.2107227562294059	-1.261037248447802	-1.1042170750860725	-1.2972329137840357
22351	-0.0011440573160459385	0.00012431996652264993	-0.0062039136176286	0.3729844289418364	0.2296290421643596	0.12096318707213274	0.7809769119700521	2.6442372026428886	2.9864231087706905
77116	-0.0004650021172061698	0.00012643554294212918	-0.028172074240046408	0.17765621436552495	0.3254219072001498	0.053518751787050935	-0.5460171198523485	-0.4613270602772479	-0.6267933947017744
66930	-0.00025177986320595386	0.0001268157961922447	0.006122483344664884	0.2546546683770699	0.2635094645421958	-0.24016781360657502	-0.8439398297488307	-1.4829618138995344	-1.3190670669656357
76960	-0.00010423569943868483	0.00012869492197833265	-0.024259483926203005	0.019767443919715827	0.2831285114435358	-0.9515245169465659	-1.7928007325322648	-2.150854190328152	-1.9888731702203513
72016	0.00043905295085012276	0.00013029355302235116	-0.0034329698290084406	0.20320775861656057	-0.05150394054454971	0.24525651345096114	0.14060876247527015	0.08890077226284214	0.22809667198770311
546134	0.000288058394874735	0.00013436225282994593	-0.007430235448059511	-0.29127160833788324	-0.15201020020124092	0.3144308243291314	0.3728858114209583	-0.5392621249325922	-0.19313146407555623
73327	-0.0003190136388396477	0.00013763938470361838	0.0040979722585198115	-0.39554951353344436	-0.3079973814493703	-0.7394503600877002	-0.5625718752941148	-0.38950515684728465	-0.5064283591187714
68642	-0.0017516443746837505	0.000142532871413176	0.003500209842254157	0.3879832795220576	0.5520806795805834	0.47070978405339653	0.6980347019359413	0.27872171972272725	0.14870929888323073
17079	-0.00013101407522524762	0.00015299093167475157	0.010250403636280558	-0.38248366796166794	-0.49259184453292754	-1.660336084315714	-2.3218712632101086	-1.9709148919394097	-2.073415956552697
237073	-0.0002278068740197252	0.000153370553254707	-0.12096856765365248	0.0714981347789708	-0.05230134111816774	-0.72554947691159	1.1426829425013232	1.6809401412851293	1.368542704361847
109674	-0.000378681340139651	0.00015512802697564422	-0.0423991066891877	0.18950198379880218	0.1778228101970033	-0.2318304009129916	-0.782744474661411	-0.9430018702323605	-0.7588001042652427
19126	-0.0003496718914830296	0.0001569777173790826	0.01653632555957231	-0.1887792276656268	-0.1962232443706075	-0.6451518577438706	-1.3681414090884485	-1.586107275038156	-1.143463237430052
66446	-0.0017546603836974077	0.00015955355471676972	0.027452191821583517	-0.16947359067748996	-0.3293624731667057	-0.4202937759984022	0.17719529093472178	0.3992296595691238	0.2837409425209909
75669	-0.0003752868897341049	0.00016074859834925778	-0.021648420073752186	-0.1652920644144671	-0.2855651496739266	-0.7139003853203144	-0.9431791903143274	-0.9020728170393079	-0.9756176798239845
243362	-0.0001586450969310351	0.00016230692034625594	-0.01216420054536791	0.1333020788888778	0.22805548052722033	-0.7950263763095697	-1.7597594942292913	-2.5401208402092377	-2.83693596000314
14687	-0.0004628390500750202	0.00016315453962478406	-0.022817973498137575	0.264821739005453	-0.008360164701997734	-0.36086831974712374	-0.8990003305040761	-1.1934085291358416	-1.1029850802060686
232146	0.00010396256463040846	0.00016427170518951444	0.0979370777256336	0.3729844289418364	0.2296290421643596	1.8097334362172348	2.362938030519522	2.7017163102108834	2.997232850893955
72584	-0.0008955477859143697	0.00017274290439150408	0.00029681916948692317	0.18172466453617672	0.30859597553687995	0.11570520286288959	-0.5644769774071757	-0.6441572232763544	-0.4907148019683152
12700	-0.004169884706658664	0.00017742244590838446	0.2783541041019531	0.594847454839372	0.25120135858382536	0.2086528330514364	2.4429977431805203	3.1620629214726814	3.1704717386761545
12333	-0.0012096409094880724	0.0001784686036713016	0.035789691375628145	0.14510042906662332	0.46873726236599134	0.3211987637326815	0.7752001649562331	1.3253029162892276	1.3428792463889057
234593	-0.00020634756366446345	0.000183009638700582	-0.03409684066785428	-0.13099772354672246	-0.06002825751330866	-0.9469281823322385	-1.5252533478985086	-2.1117786212224665	-2.3481122660879055
20430	-0.0008353777118703102	0.00018370991148588506	0.01736110074781042	0.22365762587515794	0.07782281700971921	-0.14208957576238462	0.12444116414858888	0.19530146524458816	0.27437432448040666
243574	-0.0003967791485516086	0.0001894556499741694	-0.03387476439782764	0.07814445612938292	0.2527390749662429	-0.22474481163856716	-0.9260324486525867	-1.5038726260158775	-1.7410676877876972
12297	-0.0005263881594772674	0.00019960754171686684	0.008884486385995604	-0.40478593971715165	0.04725136110011366	-0.3319508267209198	-0.6616249484368125	0.15555148709997232	0.7269605745415476
13139	-0.006576036378425141	0.00020023653994621552	0.10001947773599663	0.5724118107606804	0.8616887641713025	0.8312393371268966	1.589014288104535	1.7896757915243533	2.037546867969533
233875	-0.002846962512174834	0.00020702432372459917	0.030156685873666902	-0.16764795811519698	-0.07195109168944207	-0.14466870663494075	-0.2440212720978409	-0.12779260199681164	0.006781964217848667
11684	0.000431072131576171	0.00020747760141519176	0.005865692792770697	-0.011896882463774494	0.08137846281735008	0.5626844583048598	0.3516225641973087	0.35288545367748936	0.5443113615389588
74386	0.001607535582200071	0.00021672536512732767	-0.021828198294157972	0.047462122648364996	0.05534934303071678	0.1901677368050665	0.1489183154470723	0.06440601502697922	-0.15939970008992696
104871	-0.00027327836251529974	0.0002341489222064577	0.0018226000505967566	0.05460097455422221	-0.09670453422782886	-0.9535192489067075	-0.040780715741559496	-0.22469174039487808	-0.2700446086543464
67103	-0.0003106848889180113	0.00024775860995984435	-0.008985216681622858	-1.4382876412594328	-0.8964234221194646	-1.6938829021176276	-0.39268962029332	0.8477367330979854	1.0044456895039346
15186	0.0012767381345365422	0.0002565009459841595	-0.18040090686325513	-0.15945924160741953	0.35907471137597013	0.5599780438962835	1.1427462775310502	1.203543071023139	2.0431883788931295
319613	-0.0007446909207476935	0.0002640341054249604	-0.04975153649150433	0.1951869322417367	0.11878599638539963	-0.23576929369368674	-1.1867341355140961	-1.7465792045686293	-1.6729216699730118
12449	0.0026245478725624443	0.0002660959569399101	-0.01069352939215864	-0.18403404984594818	0.08367513494801204	0.18506248616447535	0.5539653302514531	0.261904846044926	0.295175851908759
13048	0.0005574628918258123	0.0002674008256576435	-0.04452580891461495	0.11481451832283508	0.22160970524552442	0.7012843698350321	0.9805810212309993	1.3201407159336513	1.2587483800847814
217410	-0.0006656211469932256	0.0002817613112380752	0.032335357708025564	0.360067824183721	0.5262578773490337	0.10295204863421552	-0.2737666313839155	-1.3003152049922224	-1.267286908951118
100705	0.011025642126597244	0.00028342094211684173	-0.06301064985361736	-0.27718892765673475	-0.30789242914903525	-0.28218681138432083	-0.06927863815386116	0.19563187389447648	0.13495481646337912
54126	-0.0006721716767594257	0.00028402832702652026	-0.04567221225648053	-0.027657797170587736	-0.07601633928257245	-0.49856958995780987	-0.4817737930041755	-0.6246045628098067	-0.564069269502545
232560	-0.004422133441321801	0.00028730109180611914	-0.006763449410512556	0.20748700318667027	0.014113300028680232	-0.050855587866354246	0.013661575340144904	-0.2863544020764865	-0.47896059605850283
13506	-0.00042314336084471545	0.0002954800827781662	-0.09426940522871034	0.07954698653867122	0.0986157175881938	-0.5996820937925714	-1.1493667142346742	-1.3483632595350317	-0.7516054998150752
19087	0.001845930405155843	0.00029649615262802853	0.0067887460650023065	0.3776925446833767	0.3052760250835024	0.46589754786674986	0.1454643788205498	-0.08553108926731984	-0.15814751044377237
29859	-0.00021795807138669194	0.00029898696939726537	0.012858944184749234	0.2677786878984008	0.3889363633953271	-0.9828273317734352	-1.1778482489922704	-0.33177037195746284	0.42056151958916144
108927	-0.0007700731869396608	0.0003002957667958587	0.014493817643151526	0.14118221461197844	0.12457053546810097	-0.2653869021999481	-1.5567762169223003	-1.8462817385060801	-1.6207816840366842
71766	0.0032846753820177754	0.00030331516455920195	-0.012822254086983233	0.4302071863136788	0.5680239436040875	0.6603664521575128	0.40171934465981246	0.19936019011033557	0.20975342395530175
54720	-0.005385631430660745	0.00030486047115581174	-0.023823328250274663	0.1802510604186639	0.18635658627572732	0.12975032290979746	0.01649032290598268	0.6336806768567326	0.6014695055473264
106347	-0.0002216920981459808	0.00030557651774249455	0.025098967450913626	-0.15479670000824092	0.21114808266188	-1.1672344591519341	-2.3120757458683854	-2.3689870186525357	-2.1942330546049162
105243	-0.0005353766346111023	0.0003082539595352736	-0.04524828077957802	0.013577876854027464	0.05030248086086196	-0.5254678079549533	-1.099114824106631	-2.009587754643878	-1.9877544530427018
54420	-0.00013571416579372103	0.00031315209599599655	0.013727271920793005	0.15836504026117534	0.18087343610610226	-2.1265650996173724	-2.3101035509329875	-2.27977883612964	-2.2750088292360586
70454	0.0009338571843711446	0.00031707581797020594	-0.0029866606151754556	-0.4888161119110632	-0.29361801090916595	0.045915510143866856	0.2880799920759876	0.04752110315477693	0.011316949530287891
233406	0.0016142175112017468	0.0003184487522765194	-0.008395486716915791	-0.02976850762326562	-0.18837336578421435	0.008904107707844245	-0.12397674789764519	-0.20636384253391393	-0.22770386191206357
28040	-0.000332829125330114	0.0003202683840914725	-0.007074136010284171	0.001814246552161669	0.01800090337679032	-0.9442597875222312	-0.02586312903271941	-0.16965649184738718	-0.17182104624470476
23836	-0.00022251589566980864	0.0003257315730891256	-0.02874335899338665	0.2124554093851086	0.20028059775825208	-1.2635769487267805	-1.5123306328775505	-1.7630573612751836	-1.758287354381603
26415	0.0004964043637653366	0.0003288852712096274	-0.009619412522803057	-1.0444428208143075	-0.8930091972185337	-0.23047418500598965	-0.04104119171216332	0.030792832496398102	0.1792503881011743
226861	-0.0003381309418485704	0.00032973213473469433	0.029708188855955983	0.008197386298878078	-0.22857878502173484	-1.2037398659096312	-1.9288294731515883	-2.404561942838527	-2.669376380455233
347722	-0.0008658909857863534	0.0003313229490402204	-0.04779075568949825	0.12543646114246806	0.10648276532586547	-0.27615541254976117	-0.9471882403453674	-1.1044055156858776	-0.8930674812267619
22224	0.0006919671496428722	0.00033269843683971434	-0.01466489970517723	0.15164629855104977	-0.07984121837161842	0.4009596939425307	0.6383967301719647	0.44118054175176497	0.291370381704407
329324	-0.000330467603033562	0.0003344993630412166	-0.01686028544142111	0.7010925036801645	0.6361115082128718	-0.37608865897642196	-0.6174533000369268	-0.3717184268929086	-0.8458467413524136
67993	0.002673807190432078	0.0003348166429230738	0.029442975773896794	0.38025010767311707	0.3852409142747938	0.5104618517160491	0.8842359924690689	0.8075602865828541	0.8001441136853152
20509	-0.0006291634706259053	0.00035007216929464405	-0.013663334923545172	-0.9234161467926859	-1.0928827002635457	-1.6492916236016804	-0.3444872768091659	-0.3981501227367058	-0.6087555990582165
329650	-0.0018999328544522533	0.0003501542941270851	-0.03525385321535702	0.25727025668639	0.19053017304812847	0.006231926240857044	0.2449917120556953	0.8984123404765504	0.9857484211936406
66349	-0.0006189036492562962	0.0003543256359092669	-0.00840257759973067	0.11929230620663671	0.20969984428212973	-0.3628054824113569	-0.11291996854593066	0.090324319949022	0.009845700810314323
23969	-0.0005653249674946409	0.00035903232874400545	-0.013111105137424498	-0.49298509815252506	-0.5049854955889618	-1.140075663877715	-2.067666349535964	-1.6933819975493143	-1.8604265382139433
226777	0.0002624876761754871	0.0003609316555436728	-0.15206459913623238	-1.137628793310748	-1.6977933491388528	-0.3227510583824266	1.1762907027259344	1.3375784499676795	1.3325629831451817
217203	0.0013544303124446474	0.00036234487897116946	-0.01744563548377525	-0.25593006230692983	0.2504095182713631	0.5179351898706376	0.5189544182983056	0.3205513059473187	0.2564658031943818
68070	-0.0051667621806836305	0.00036612083415425	0.005260739630861307	-0.03146928161342463	0.02880239523975968	-0.042058391719435616	-0.4700817847957656	-0.8037639376231686	-1.0634536822331275
14268	-0.00041503881854378224	0.0003677892917327619	-0.01110818182581977	0.018781076503825024	0.06165536440870609	-0.8245010028997749	-0.5459836606043106	0.08521453471957972	0.40646214327121283
211949	0.002422335310135359	0.00037728320689687774	0.0025193207213456063	-1.5428694095572224	-1.9073817024740203	-1.7516298520517122	0.2691303999649621	0.5437897144818887	0.14578293258110567
17756	-0.001554035820977178	0.0003779869192071051	-0.02958716439173203	0.3522770263190503	0.3099702211957811	0.06674100208458529	-0.5811348785682502	-1.0842300186929685	-1.0258592902304173
52245	-0.0008244398861402414	0.0003809016973972916	0.00965662078202657	0.19220259274767848	0.20773882050214323	-0.2542738790295947	-0.3896519938518153	-0.19638945387180115	-0.2694913176687526
140721	-0.001497808248913302	0.00038112550209062364	-0.039902523539057655	0.21912001286459268	0.2899190241448839	0.035463554049068986	-0.34504437420669465	-0.5342477883823116	-0.5250410052885335
19338	0.0011087606525971674	0.0003859561948777229	-0.05447941894969584	0.481426558678643	0.44320983138612813	0.791306775459366	0.338090289485658	0.2758564283304246	0.0053933793984205875
11927	-0.00225535285667743	0.0003885135617235482	-0.007551688014213475	-0.5970552269163695	-0.5129711941578725	-0.6852340667160511	-0.19837756573526402	0.30618379721371247	0.29247001104476733
19246	0.0003004552012101995	0.00039262582014104965	0.0201248872356418	-0.20222890648107752	-0.3731715892840766	0.9335983336847964	0.8324189494916616	0.47741541171700524	0.3936407512909559
226098	-0.000896872698134958	0.00039444324485478257	-0.02446239632832282	-0.1191491697648996	-0.08052454817774982	-0.520323023117421	-1.3651748365734908	-1.491572413108753	-1.7352317637307628
66464	-0.011367801839264047	0.0004038294524835351	-0.018408091840164464	-0.10272721030681048	0.07876115903661371	0.04323718895044276	-0.12158944862821265	-0.28781607184240376	-0.3480729428139719
229228	-0.0012003140002168323	0.0004058456129693062	-0.03587904215974697	0.4661643355648787	0.37239882902885113	0.03428262535548594	0.13442071570349232	0.1023013442289359	-0.04354764396517663
99010	-0.0010290214405114348	0.0004109999898312169	-0.045798309751655636	-0.14780563271220518	0.0734229736911721	-0.3259856038666924	-0.023367097060038308	0.2602997980999591	0.2098123573924641
16971	0.006106135958574104	0.00041422074824236095	-0.01310337400203712	0.11421228951382348	0.006959722194342877	0.07479652619814517	-0.5035078343620542	-1.1709914360093208	-1.2484092328590042
20912	0.0008013748241933218	0.00042352022021002403	0.03215140561299038	-0.13757418502060978	-0.2716363380360717	0.2568557076634511	0.16213187115558436	0.09713293524945767	0.16438683838308277
19263	-0.00028880938442988745	0.00042403415297278705	-0.03626547143649763	0.08101777685290462	-0.3874222754109581	-1.8556368689562288	-1.4909901709265363	-1.1946408022880854	-1.1956163693646968
19769	-0.004482029329828428	0.0004260593293890556	0.0058688358299011315	-0.4699821088330997	-0.2906860530980443	-0.38574552237763626	-0.4783791446830179	-0.634538601854704	-0.674232599926133
105171	-0.0012091203632268999	0.00043831994732232855	-0.009202879020001014	0.2294839934919284	0.9383035857060015	0.5757921595047749	0.004499618534850602	0.4667602922890801	0.3212342985059338
245026	-0.0003444765265654154	0.00044683029294734894	-0.013005210896731774	-0.1808093255630441	-0.3309902379274035	-1.6281186588460834	-1.710987207547352	-1.850165162143685	-2.108750903432948
71819	-0.0008387531929798341	0.00045963978461463034	-0.01666534026199974	0.11780775459858606	-0.010739750392086621	-0.5587433686932826	-0.42860601717983293	-0.29955023632089806	-0.3923331570577598
225358	0.0005454835428515454	0.00046063587933330553	0.007291558449943442	0.2526272491134699	-0.04324652383973822	0.8012076954852041	0.7213474817149547	0.3893445304519773	0.4925441678881178
16590	-0.0017703467796176913	0.00046698292660967783	-0.030700296636029367	0.014550272955273396	-0.03617096793169824	-0.2999514498045906	-0.9144692495182795	-1.8732323261807855	-2.0460552199760826
16764	-0.003321681603946491	0.0004707283691609722	0.018202599214373	-0.04902979099329988	0.24139379109071143	0.09967991682844028	-0.7731016247781476	-0.09378338106619703	-0.3354707117043623
20354	-0.007493188488446679	0.00047943533908558156	0.011254937832917809	0.13189907153596883	-0.17352808676515002	-0.23751090793998042	-0.8537635543074014	-0.9617103148115703	-1.1068201060492127
13710	-0.0028229416453769258	0.00048314461501526454	-0.015359335455351748	-0.0659505566468355	0.03730194947333928	-0.13384739603527251	-1.0371305077330535	0.18076407101635683	0.5517608116962449
67216	-0.000963187128238366	0.000496887909477035	-0.005786604706013095	0.01139705789581205	-0.053345423043016676	-0.5692243160529605	-0.0905110092229641	0.3773916641848116	0.3274822390358882
246707	-0.0006936055506402405	0.0005029608343924073	-0.029921609603973408	-0.06670499345964402	0.18042475503770894	-0.544714820226854	-1.4417851275506364	-2.0842539553588413	-2.2128537279162037
320508	-0.006049537042326985	0.000507918939407665	0.0286104273942825	0.050780417978808494	-0.25478011145788176	-0.3387400799404107	-0.6155087586912807	-1.3060367555473276	-1.4288317159825314
105675	0.005638808972171338	0.0005172360589632181	0.00017561092894099765	-0.4226441326631268	0.057340963027465795	0.14906885477125117	0.16497240202914637	0.4733863339617029	0.388661364264739
232035	0.0058419629567002355	0.0005209300048784427	-0.020351153699997928	-0.008398108619259138	0.19726473012299467	0.2864351012361802	-0.17051000610812525	-1.3452878387363343	-2.1655738939599587
97440	0.0005329203965258004	0.0005218730833414675	0.08267223915859073	0.3333850481981237	-0.28950532043805766	0.6897649171877638	0.9923320515958808	1.0245290787271826	1.1887026604533661
75668	0.0007990310373892891	0.0005546645907695459	0.34062673873446414	0.32912811440342965	0.7181861197436382	1.412357641017489	2.6826226162357516	2.744329535639441	2.595637310913437
211484	-0.0007886938517100809	0.0005569562227858147	0.00509800656706086	0.39979123948438233	0.433602241889595	-0.27257319180777395	-0.8614774438067815	-1.0568066159999583	-0.7060090682071204
73836	0.001658560050873818	0.0005689140108854479	0.017992853777303433	-0.022439181186075546	-0.4587644190553814	-0.11574758913371914	0.3255922721693185	0.4650877288581965	0.18794507516241823
21942	-0.0016423505990859314	0.0005726372487691771	-0.003807292976116594	-0.4040487181822888	-0.2526886727932021	-0.6013579819455139	0.18527103024021613	0.8963505612689374	1.3778636172564
74013	-0.0005863168586459376	0.000573370923458492	0.007747420553662772	-0.1081015360154626	0.024115324800830167	-0.9538045746587498	0.38345901677618033	0.9309702240597137	0.8007575223594178
64340	-0.0035880001080771822	0.0005770339314356948	0.006352397318994674	0.16871757277077976	0.24431653943487744	0.0834932634999922	0.20199011012284648	0.0803936406180738	0.10126583271786649
11480	0.0006609843508642543	0.0005873769207153742	0.006989529568963416	-0.12140579661605769	-0.6752476696033788	0.2133920083971117	0.419687785442464	0.47523396341535057	0.6810469987813385
140580	-0.0005294406619213612	0.0005956726474300711	-0.026931912521389365	0.2985118866545645	0.5546709467111022	-0.5704270865006867	-1.5899675111501983	-1.3765460268307885	-1.409615201108591
57443	-0.0008244282836233398	0.0005979925919868008	0.013194346852359144	0.09623903723402857	-0.13980605553886882	-0.8651482155126142	-1.5179126125583506	-0.9022832079535416	-0.5426881204611195
53972	-0.0013746757336526806	0.0005993259848221458	0.0010545655346570267	-0.511043683033694	-0.2717093275234703	-0.707685587342696	-0.9475427741732868	-1.388180840414992	-0.9609739492081318
227197	0.0017729504880728282	0.0006048604622003462	0.029847352362534493	-0.06022169825830071	-0.1715914925521875	0.16956888742989581	0.48859230808133647	0.7333425126896695	0.7821918136198124
60363	-0.00047805364748052155	0.0006061502015184141	-0.048891496933188595	-0.1272247901106025	-0.06301540461506104	-1.330969753908279	-1.7969535423695888	-1.685290187117892	-1.5003356260461203
279561	0.0015560855046492762	0.0006119051438815412	-0.16538046682328755	0.010184250611628825	0.4161594755556576	0.8093931006060096	1.3127239940632855	1.4788295622777274	1.4145179726354682
66953	-0.002307060199367514	0.0006216591806644308	-0.026397867314244483	0.3448828446409571	0.26183858877998073	-0.007620864785582995	0.9394214474753011	0.9733833003991841	0.8553974697008319
17127	-0.0019037317571818306	0.000634582894243444	-0.001094049946177708	0.22632226072729764	0.2724416360071514	-0.060894660899951845	-0.7124167090195785	-1.1286800541338693	-1.1274138785851453
26949	0.0065651066948202545	0.0006358270320093036	-0.027191599990126412	-0.1231076164525064	0.00931080332898125	0.10616026238056972	0.3503276542846568	0.8698638995275946	0.8297314371296488
94229	-0.0008893793550160598	0.0006394991942541003	-0.03694931956483951	0.16282555524854606	0.4745206257454862	-0.2445192200158905	-0.4574387281422233	-1.0239459999186329	-1.2322410965308466
12483	0.012200907947333953	0.0006492682842362328	0.1768519286750559	0.3416102931133053	0.32256683465838365	0.37578158613744106	2.1194594936625135	2.7741679341458303	2.749264806171727
12827	-0.0010218474747388572	0.000663443202108702	-0.05119628602461535	-0.2657632662463565	-0.06892928843212924	-0.7181878309345229	-1.0212384396119847	-0.19525489480080818	-0.021162955130952704
217946	-0.0017863302763744965	0.0006764654033059309	0.01703020013013334	0.24001492974824348	0.36451779640175924	-0.014172198529565957	-0.4417721070119464	-1.1344727708325317	-1.6819631437825244
209966	-0.002497605505137891	0.0006812808238214769	-0.0062072104301896976	-0.33828252893307764	-0.22349255437055981	-0.49626614588451023	-1.6044465328233974	-1.7067066401050264	-1.4755488276874067
268859	-0.00044328080911860783	0.0006846607348237377	-0.10279560431525675	0.13729086125794368	0.22527107264158072	-1.3192594388079784	-1.3031518831525568	-0.9550066117843851	-1.2716650928498419
22223	-0.000936725461062931	0.0006884632345274685	-0.021227443705605416	-0.48133844549839483	-0.39615114832567055	-1.1311191439070527	-2.329251616135408	-2.2927976085631125	-1.6758108342851872
14545	0.007713109274291431	0.0007002098076256136	-0.022566082924819056	0.2536867596947833	0.3880154540930178	0.47879723647479777	0.04692889692972743	-1.0305223112941282	-1.670515927620068
52589	-0.000707146859712893	0.0007074143810429838	-0.02219295636577363	-0.025272999702913034	-0.18177278714734577	-1.1821510979980783	-1.8612290616382017	-2.1310915658118463	-1.6470687875518928
73747	-0.001649400738747865	0.0007108007400468381	-0.0004257708895817639	-0.08688426908809742	0.0822313604784784	-0.3487134810925513	-0.2032358566307453	-0.007294307785737581	0.18044595039459602
240752	0.004669944970186568	0.0007133120972481399	-0.04002291822397688	0.23173937444034837	0.3157362383393309	0.4684815280166186	0.27836774205882137	0.0375173580111394	-0.36477744964895126
330355	-0.0005198025193304171	0.0007167981149315717	-0.00504815939598778	0.34584443628001565	0.44225064894801636	-0.9367309609428212	-1.04778083257595	-0.5336722610259254	-0.624841793112405
69129	0.001165576572492428	0.0007173953920218086	0.02656657756143517	-0.5873939376515284	-1.4271480127670977	-0.81166258782607	-0.6431364143570821	-1.021197785697208	-1.3401645149639936
106869	-0.0007589313507146917	0.0007371835084987133	-0.0019313297232671602	0.10008996760247228	0.1701382096162725	-0.8012059149932877	-1.497222414541877	-2.0063586937044082	-1.708484644868035
67963	0.014715421813589027	0.0007372124058942148	-0.0064640169194781875	-0.11613319687510798	-0.0690336611145312	-0.018935715215798447	0.7729248336462736	0.918728040599873	0.874317879850226
14802	-0.0025935521761749278	0.0007460878726757283	0.031906062317496424	0.28474157703054426	0.25125022154008725	-0.03642005536025561	-0.9393817320070866	-1.5752347625722836	-1.463101962504833
80909	-0.0020329677401231985	0.0007476133384807641	-0.06560282553694294	0.21442146110185475	0.20084076061628753	-0.16690405093466137	-0.5918931647960103	-1.307706530168712	-1.2734778294884501
214580	0.0018471252981068326	0.0007557619810259108	0.029741952635551495	-0.6571688162658114	-1.169803278980148	-0.7606475049779668	-0.6536995042068905	-0.2756312489900332	-0.23302428772220576
72008	-0.002089547764498024	0.0007581939679098009	0.041285594407517896	-0.11132878322072354	0.01958114471304556	-0.34326960260736483	-0.4175488126672045	-0.23714064674186816	-0.3087361645723092
74761	-0.004223642435902725	0.0007583247238490581	-0.015119183194502351	0.05639093986528756	0.015419001575320865	-0.16412383031853955	-0.8253316471006545	-0.5654581100512923	-1.0205638147743696
20778	-0.002097941389426626	0.0007600945385288902	-0.011395302973343307	0.21524785103932711	0.14077349978867315	-0.22153144464861	-1.3162808078993338	-0.7601987141351393	-0.5166918586714356
240058	-0.0020606292237137394	0.0007628335244151801	-0.08088567800049763	0.2248362983893917	0.3888043630828061	0.018609902266427714	-0.9958162352518184	-0.3357583720315079	-0.5604459489682266
17389	-0.002034992665144348	0.0007657360932825027	0.038406601625524034	0.23296495615267634	0.24310940571797912	-0.13317504306561734	-0.6237993538773593	-1.366091214873582	-1.2494514967433616
319670	0.0034438889568593157	0.0007670423847714668	0.017375955197356786	0.40797087064933346	0.3542835577545974	0.5770092014614658	0.17731352822400745	0.10422576675573714	0.21272696894858747
14544	-0.002205410763167079	0.0007685357868063198	-0.04679124603086031	0.14386901875459293	0.3410324053136673	-0.0074449847679265435	-0.7253294365409926	-1.6430095716682673	-2.217654546301274
14369	0.0018160946365038707	0.0007720560540114131	-0.08610697414414357	-0.08711069148541696	-0.1784210750709361	0.24669776978049937	-0.5172294782897479	-0.996494390629863	-0.8466522674839547
105439	0.0051152058091766175	0.0007732165834559198	-0.004059675252708894	0.2931426045476201	0.2395256534096909	0.3906860587385984	-0.30819327399692625	-1.8375769584135904	-2.0658521192461556
104816	0.0013999422553265786	0.0007745281947458636	-0.10195901386220099	-0.557901711879971	-0.002067607732681948	0.5511896368421534	1.2164828431872725	1.3113118086508964	1.0199358131329894
21847	-0.001027418579120481	0.0007898794575911586	0.07582523617668595	0.3319168214364089	0.5348001747743485	-0.23399987774887226	0.1906644174669437	1.1974776576972597	1.2855757808837398
74901	-0.000558342926702865	0.0007960436501407357	-0.03108913669986201	0.0307851078995245	0.05874834414095024	-1.3669769799740064	-1.5924418122429893	-1.5167010460177641	-1.047612578758925
18150	-0.003491654126683023	0.0008108571732911627	-0.013358823263343271	0.48304294402492104	0.3271263979976533	0.09489916589736073	0.10509404972680071	0.6149005386366292	0.5678792235107947
108098	-0.003032509675761348	0.0008386693301613437	-0.017713614551928294	-0.16225693012728268	-0.13606392299656514	-0.41262341326456753	-0.23296462481411667	-0.2347946417632452	-0.34653042211297325
75750	0.004886719361070042	0.0008467882298470304	-0.019262143645188554	-0.039317936545521966	-0.0224388854037849	0.15084469551820395	-0.3353676154334652	-0.7279055099384568	-0.419008549016682
240087	0.002159448850730363	0.0008480637826259572	-0.025998428814545595	0.19367428358144825	0.1838410606343861	0.5765633899172156	0.5759367217365597	0.14430455055524796	0.06583061356902964
13681	-0.005503844736524996	0.0008492949217037626	0.03500538426169129	0.2885688712325868	0.39224168631512796	0.2379322967228648	0.48632408906694524	0.6052546429985441	0.6233242069584509
22785	-0.0016775671903552457	0.0008602206898664309	0.011682303434303966	-0.4424794547876767	-1.2026836368399705	-1.715462317069326	-0.3997839631365382	0.08071511775156913	0.3109473184282329
208715	-0.0013082190439530235	0.0008720155189347167	-0.000731112317949887	0.12833040822880257	0.36566268957013914	-0.3009042152348559	-0.5603028439842148	-0.9793082999708066	-0.6475225002572712
192232	-0.0014637902824931497	0.000879312855108828	-0.015184844362931209	0.30898444794543034	0.1730108508108513	-0.42769873554544624	-0.38348182580075585	-0.2291169528912886	-0.3240124300348252
229599	0.0070302659641367764	0.0008807941011165669	-0.03132403713184546	-0.03681145396777028	-0.15687152904188556	-0.031585500659783404	0.29738347888787664	0.05194170295096024	0.009940679358846127
68728	-0.003971698059617672	0.0008851549053247573	-0.026930215860081343	0.2812306938146382	0.4434120038439045	0.22054639522058306	-0.5483556903350615	-0.46100876036970073	-0.4091753996341146
319953	-0.003172984227723746	0.0008920748273659247	-0.008559990536681812	-0.3073894160902999	-0.3696025004451086	-0.6507494470865316	-0.5551899384081709	-0.7720777349631007	-0.8012612953664088
214804	0.000816600893732323	0.000900017019080588	-0.043165472086720606	-0.041392069678728556	-0.2608874818558017	0.8412629394681412	0.23829006067484879	1.3695314713429987	1.5103474137547448
13618	-0.0019226293445313474	0.0009062511087768791	-0.1960223563968401	-0.09441390537695829	-0.24487225673098859	-0.7162325380845342	-1.7175881887757607	-1.7713144430345198	-1.76654443614094
72017	-0.0020875346576473297	0.0009112477480275996	-0.14710591629717132	-0.02212562571986686	0.2589343221396262	-0.17758429789353009	1.6670523491123055	2.140869140489058	2.351292755202382
77593	-0.002348327821359511	0.0009170712764841691	-0.012266700509538582	0.08148987159962756	0.10414039227543621	-0.28638058530820093	0.0002514181658157836	0.05112161270794731	0.11993061088512036
74717	-0.0012136673713165219	0.0009338039865695936	0.002524511467829999	0.150159419515877	-0.01453928056477722	-0.7839461284696135	-0.7405823993351802	-1.0488166604690443	-1.2087091077166967
71998	-0.00390096838786623	0.0009457118238975056	0.02885855697107983	-0.25622695278110447	-0.5391991561973821	-0.7816291709698924	-1.1032611053945796	-0.3779171130876046	-0.4804629402731444
21339	-0.006937024145777623	0.0009463878980632393	-0.004644169985664526	-0.051493315013674205	-0.361096673991554	-0.4975223052385318	-0.4938260738594737	-0.686006762844758	-0.6926722725001944
330189	0.0034070041998769244	0.0009601593885608254	0.015013928956732142	-0.42064361918570337	-0.20589297644979807	0.07592627948053228	0.10442091947310414	-0.08658491835884916	-0.21807191195874318
69454	-0.0031588022373844216	0.000965517586583246	0.12058540037556666	0.3516084980508278	0.6317430132972285	0.32608361646752315	0.6737561175662191	2.472355949935538	2.782159855846474
56513	-0.0021081749750987804	0.0009760458175633174	-0.005832154090462288	-0.4568018505977392	-0.6463790144734846	-1.1093604221327724	-0.7185262752256485	-0.7191623176506	-0.8450001601776268
70676	-0.0005684987824720662	0.0009900389273816677	0.006998952399002828	-0.0590913029209385	0.08186509242046802	-1.659631913213514	-0.9710122342907859	-1.3422212380621212	-1.0579018567542138
56279	-0.0029393002027875634	0.000992716586508851	0.040390562777727436	-0.5620887607768567	-0.9642643928536254	-1.3020034865220373	-1.6448994320217047	-1.4278460147880467	-1.8578767791816169
94091	-0.001434383453318819	0.0010047047552684592	-0.0475637458773796	0.17260612547144732	0.07434312331549213	-0.6261005083673844	-0.9620732429732315	-1.2349246723271508	-1.057306825713471
15902	-0.0015061563148796324	0.0010063948122161995	0.024604876189193436	-0.017479285548005073	0.7558229402946766	0.08763544722120523	0.4710918792477049	-0.6887317301080759	-0.023301069359152063
55987	-0.0014006851450045156	0.0010092319778427662	0.024475117901234526	0.06285590873877801	0.2547636676322284	-0.46576369816596647	-1.1867617134155777	-1.6141633711990004	-1.6292109412289688
104445	0.0015365705196738447	0.0010471120503555507	-0.29075066314853193	-0.13794838713375743	-0.289005932599433	0.39245452557583677	1.3534975050141926	2.113222566675737	2.1953404191616124
12190	0.0027018860080149244	0.0010671649496781367	0.015549034976279564	0.16697756782767945	0.2483895090900693	0.643359891449828	0.3854988090791705	-0.09870562689103814	-0.1930408097244293
207259	-0.00227494197031522	0.0010696199267747981	0.05137112184959869	0.3038150170245988	0.5052522301089537	0.03507763192938359	-0.3501722956337085	0.04823875710477144	-0.038763266666308686
328381	-0.0011000236085044093	0.0010727539774636205	0.04400190477421148	-0.14140746786601782	-0.055723186250557784	-1.0309331446278471	-1.0741514134345764	-1.2375729833537774	-0.6734079176901604
67819	0.0045440495701114525	0.0011150603390579232	-0.025267088405974324	-0.5145072514018569	-0.3409173226395457	-0.09552819959998922	0.34381768649866795	0.3436628115506053	0.1904015625745977
13008	-0.0009004463165433814	0.0011185488234638117	-0.1790837142860215	0.20795695131524514	0.21932505902048274	-1.0228909431035291	-0.43646735580817586	0.49789463474591	0.8794424674204282
271005	-0.002878184270583684	0.001129378412788344	-0.015015286341434135	0.10371409118899057	0.3528865930484195	-0.03950607768190541	-0.6759378094252511	-1.0104829726106914	-0.6288185630178914
114606	-0.004379905440133372	0.0011320138988125217	-0.003619942681241106	-0.9160191689988207	-1.2466945098287712	-1.5051507514726663	-2.014287712479847	-2.62571196837146	-2.503066558672627
382913	-0.002074496036832091	0.0011364485895459723	0.03563184372647572	-0.2210492366138979	0.0479690256940766	-0.4998500924766255	-1.0331791534279149	-0.9120454993111192	-1.7606935759565463
80286	-0.0015000243238622168	0.0011426181469723032	-0.0192263568824522	0.009537890513477492	-0.12739875729835437	-0.8891318364195815	-1.4233257996817252	-1.4794409696490958	-1.6009021313073133
71820	0.0014365558660302793	0.0011447055195077291	-0.028412623631098807	0.19687386542865123	0.4275753193626264	1.224415558281397	1.8692088662951378	1.7426166601087232	1.6260552771614771
75690	0.0032182088178681237	0.0011643373642240067	0.0036085585178335074	0.20376687298851692	0.2569419097546493	0.6187386203221483	0.2572490126646559	0.709475627479677	0.6897576088534524
13824	-0.0012323149632313256	0.0011842198535975373	0.010654265132399516	0.2695690673126753	0.2612566211937043	-0.6997151181190479	-1.6623913188285913	-1.4232276003569029	-1.3764200286287904
66999	-0.0033702226195834106	0.0011888664152211676	-0.0076740522244867345	-0.4834214384339209	-0.18184655037594658	-0.5346025992829241	-0.6965460445038866	-0.7480900705461107	-0.8071723806975449
234267	-0.0029375181340175536	0.0011943645782212004	-0.013075918140487454	0.1343574893107772	-0.18773586597233127	-0.5943255528205634	-1.5559481072247592	-2.428096490189319	-1.96587200061858
84035	-0.0038409825084361865	0.0012026480888839403	-0.017598177118665723	-0.40183482759424893	-0.09290100407427723	-0.406010497867204	-0.6430061255045815	-1.1138773410582112	-1.10674207429207
216867	-0.002183582655200881	0.0012130012104140122	-0.012080614061672868	0.5270153431757978	0.5312080855433396	-0.02430155249343119	-1.352179144339604	-0.9770046624762885	-0.860793167617162
17926	-0.0011071324713850916	0.0012273863522577443	-0.011340020967739523	-0.12979792460685882	-0.5487164148221176	-1.6573338422580661	-1.9162956448239166	-1.847102194429413	-1.9259701376308815
18526	-0.001712407422784955	0.0012375260856726206	-0.039767047781573764	0.2359070415505622	0.2861002812652045	-0.43658175643583713	-1.2568495916336604	-1.3113106421960015	-1.3523267221673843
16656	-0.0034701559320840813	0.001241543181554821	0.023493959721715807	-0.13064063003646484	-0.05190948111919064	-0.40968682768620324	-0.7063497675119469	-0.6308003404593427	-0.940428092340286
18453	0.0010856504738018845	0.0012581144182322178	-0.014391148242680195	-0.3230013349722904	-0.8450878352021844	0.3137698713913334	0.37956692665354697	0.012944496064445648	-0.17961450663044368
268527	-0.0032548688919800902	0.0012595736820946509	-0.0640491343757424	0.1588436408982992	0.20944297072276882	-0.17753841743643065	-0.9971533102939231	-1.343908924915356	-0.7829074176055354
66336	0.010976000761144774	0.001272570420025206	-0.02825755218043905	-0.013144202605356476	-0.308736596018802	-0.1927954214764198	-0.1674866727457875	-0.38161611746637364	-0.39758254756123873
70546	-0.002110674489601412	0.0012768033068997426	-0.022355320872853048	0.34560295911617617	0.4849454726435549	-0.11998120515073599	-0.6082624858323245	-0.2531523553156691	-0.20300292265066974
18769	-0.009097782086893894	0.0012799977460557174	0.02667277372866779	-0.08521028146002746	0.048377768303086294	-0.0923156154062971	0.07624329336633981	0.06165113919824099	0.06581980279380449
239273	-0.0015090343807004603	0.0012814843242867702	0.0036463843437885405	-0.01705332211150602	-0.30637670530840777	-1.1555848749008948	-1.4014760318559576	-1.3579380985387848	-1.5076715396825715
22401	0.01040156703878497	0.0012851151763684197	0.002298920628467775	-0.06653115608379255	0.20661017524600103	0.33016032606236656	0.6802847822788037	1.120989792656988	1.3048388863610005
109019	0.0020314768566399802	0.0013041663865733127	0.026736204936781152	0.22536345277404662	0.5503597831402729	1.1923392289363606	1.72222100352989	1.3630123816632413	1.108697777461819
16400	-0.0051277008975905486	0.001316050577413242	0.18511373908438272	0.4079061483754878	0.5655998944816372	0.30894479628126437	0.7577009753120301	2.859492313227158	2.924623572335976
20525	-0.0016085662006271484	0.001326459752981962	-0.0015271169984686311	0.02685598516281173	0.2006304443651489	-0.6239919755668386	-1.8485737872874046	-1.3211462296689698	-1.1614861373808398
71876	-0.0011390438770681785	0.0013273788156906042	0.02836089924667293	0.2762922269958384	0.3121706731568958	-0.8531740887210988	-0.26618577018312806	-0.3480935791762685	-0.2641664867229854
64929	-0.001170521064243403	0.0013308900250798518	0.04836844424238744	0.32393038652055384	0.5544695271166631	-0.5825369443902014	-1.5790937075696088	-1.7391160692413394	-1.86626596410631
73825	-0.002726498167110394	0.0013343640732500525	-0.028800243459403033	0.18442783340125876	0.27244761023355957	-0.21695821051718114	-0.6171151906967265	-0.17163717910704124	0.07235443040930135
78797	-0.012601554221279083	0.0013630824454807997	0.0033343025547610413	-0.12350350579246648	-0.19321394147593396	-0.3013817453472285	0.6232304095119228	0.6417363913917483	0.6198785569519302
65970	0.002102232420725937	0.0013663063534592233	0.029617020179207077	0.25074667433390957	0.2633082219527943	0.9132393808431202	0.6320717690011226	0.7113954177643389	0.9361703492523638
77015	-0.0007936592397233021	0.0013778603796207607	-0.04287660175459435	-0.07819060424239789	0.36021870227238506	-1.3758669005376216	-0.6128904440497382	0.38954043847641595	0.2590041077248238
269774	0.006054626056312603	0.0013853455296060353	-0.01004799508192174	0.2136737761832019	0.29594281536112493	0.5247505925419572	0.510955947755102	0.4713039066666257	0.4292140942370862
57746	0.0009688329029287943	0.0014110968196918787	0.09148051371135177	-0.3341496397141758	0.026786783282131466	1.48327821273928	1.3903473302697973	1.4919074676062116	1.6334803655580614
19342	-0.00332626942840431	0.0014132384019809794	0.006124066891672486	-0.4063429358880086	-0.4643314791474073	-0.8892033761479288	-0.6490642259427412	-0.4787580072313112	-0.2682686103398339
227327	-0.0025416235103792105	0.0014281030187935728	-0.01153293725872076	0.2866259257167223	0.33341360100242184	-0.22847253711427337	-0.22735726602026973	-0.07286643097753144	-0.8514053708451813
67512	0.004329454582155776	0.0014335714496684301	-0.0037476921753246783	-0.7651333491622409	-0.6034602855042114	-0.2723397199768538	0.06321685028218021	0.49351450269375924	0.2936326447813234
320662	-0.0009049474603932399	0.0014421794439402685	0.004172460175363642	0.009308181240930191	0.1707892883065966	-1.4228716777273622	-1.996694980307518	-2.2470460059052617	-2.083734366413544
232821	-0.0032634807311706943	0.0014718740069505816	0.011756129306878148	-0.36023354455990514	-0.32547613935729747	-0.7764896823183992	-1.0444390236175567	-1.2987818660801884	-1.1811013640825625
56523	0.0028442280896821583	0.0015018081120101228	-0.1074926336613067	-0.0312953704596252	0.33661850087364525	0.8646380775940024	0.8203929510822651	0.10966429622487205	0.06081040472817615
54366	-0.007266311495577958	0.0015348281226834578	-0.00032983171588870703	0.34151956139190404	0.5392924814347005	0.32806727816375564	0.1358265186082917	0.4879725176420328	0.45442081674080637
234857	-0.001961561925340706	0.0015497770537001609	-0.04249645152026264	-0.24622062258718877	-0.3646548754167211	-1.1547278441459536	-0.8929435196995322	-0.31599146291038377	-0.219193000003615
58198	-0.00532944202550872	0.001566599346397525	-0.0062039136176286	0.3729844289418364	0.4149150377347705	0.12096318707213274	1.275343305331831	3.178816132186641	3.1877662788193
17196	-0.0026565579997708698	0.0016033858718389263	0.03209265315684914	0.2644115203195598	0.012681651690209437	-0.5908759864179063	-1.1592927896943988	-1.2750848667557697	-0.952954046005089
73822	0.0006513959156210393	0.0016034071238980973	0.3127731893371427	0.35325715046645967	0.22290497076854698	2.6843989492338753	2.8477789372940676	2.8010414056925117	2.7710924279068014
23999	-0.0014442593021896058	0.0016227658291756678	0.002768917911058438	-0.42127794052636464	-0.39851635659883844	-1.522113640490611	-1.164858645059753	-0.9232878695762353	-0.9641125890532735
76025	-0.0064537752577450615	0.001629023467241592	-0.041750200439708486	0.26680941771394445	0.3981036669292935	0.14568962984508768	-0.2798867790827384	-0.5464354161631013	-0.5157702796905769
20536	0.0018479748386271966	0.0016368731734366865	-0.039757706018222136	-0.9892538540598687	-1.218864303712665	-0.3330983618708003	-0.4861172696709073	-0.12456924163809009	-0.1881768360071435
67059	0.0015030128061036061	0.0016653579092755855	0.005413105536531374	0.1792026562377223	0.06073327761494876	1.1687463980040165	1.7064499638867767	1.7293080072906408	1.6101663635698824
106042	0.0076555078610391365	0.001711983236364415	0.00773354877940183	0.20795750099981583	0.18481720797989296	0.40844485848197676	0.018397071439843603	-0.992862150187758	-1.3378808548594507
208213	0.0028236297048986917	0.0017201184163102292	-0.07822586259616922	-0.5436296258527827	-0.4134943782761946	0.19569258888384405	-0.9722903409018052	-1.468240097367415	-1.5904822014449447
625249	0.0026223540685092438	0.0017370131815684917	-0.006851131871961857	-1.0165890043908272	-1.036466227579389	-0.37407925153082316	0.3336205032597048	0.5836707388499026	0.6397605505095432
83671	-0.002277285278278617	0.0017492578570597799	-0.030808165704573856	0.26782253474394185	0.2824337580203792	-0.4856991912173337	-1.2591197359929844	-1.907500017383679	-1.9417503843915567
225997	-0.0016202238168732215	0.0017494717932370135	-0.037775763484806095	0.19457746056114064	-0.18024695211298888	-1.2600186324313416	-1.8397101817560106	-1.6708252096103542	-1.3446437233455872
237353	-0.004620977534842529	0.0017588724269022003	0.027574636219773706	0.32443116090759155	0.38500354770960055	0.004375766327811564	-0.4126986190477718	-1.103156118519568	-1.259826224404816
116837	-0.003735413348065755	0.001824980746949751	-0.04470600346644637	0.28205720171800447	0.39135199469935533	-0.09720993323152535	-1.4042088979127412	-2.0563876989828582	-2.242362469383727
72607	-0.005289984021398303	0.0018408356659828096	-0.12883838232637268	0.2372249095386186	0.38334188768561017	0.03535677874453987	-0.8860910860962309	-1.0305477688212863	-0.9642821573460715
232976	0.004654152419335131	0.0018495813607920886	0.011773402974540896	0.01911839233832857	-0.050977399584169615	0.34642715319932316	0.23654764947601475	-0.06719508812196816	-0.23411956907003964
223774	-0.0068710969122901385	0.0018553017107327163	0.010147943739364389	0.1588111814174931	0.061411044711044145	-0.20860431592434292	-0.0629549221389043	-0.14116868583179268	-0.12998629441297663
18602	-0.0011574592623503142	0.001858814170932519	-0.018582513365761857	-0.8272557596783436	-0.6221922498688685	-2.228135742997125	-1.2382593612981687	-1.373377959341157	-1.627692839473329
20462	0.0038345450895223006	0.001862203849514227	-0.00800493940707181	0.18189935964043447	0.3918394003888651	0.8774781935282663	0.8570239135483323	0.5393139124856395	0.6752387022728965
67211	-0.0021485599464974104	0.0018655215107533797	-0.002675607519191159	0.17163650586068993	0.30879200057978184	-0.559473980918458	-0.8140210830440995	-0.44590364219300294	-0.4862013930386863
108147	-0.008335049805479429	0.0019210975197499686	-0.01660707764924502	0.494280580382958	0.44256690298526374	0.21208267498616448	0.3694995691750354	0.9616705976107149	0.755508621747345
83429	-0.001529612964988494	0.0019322163516882858	-0.03921637349941141	-0.02990184865732989	-0.38119581639313566	-1.6444018664953721	-0.8755153028326051	-1.1514421950607505	-1.0024707799473365
14050	-0.011841608225391844	0.0020186330446793376	-0.021246705864527145	0.18790024476044503	0.33634108370481425	0.16587158275047573	0.02663169861857403	-0.04770409910991705	-0.06053450975876773
12683	0.002843373516183694	0.002035958229667347	0.16406092410047923	0.3416102931133053	0.40168282357251794	1.1177189750240373	1.3536708507341466	2.5797116637496535	2.867278868395033
67582	-0.0024671825337252823	0.00204008255251648	0.0015179258457194448	-0.20012292443268817	-0.24413956983042306	-1.0710271327202634	-0.5970558172138914	-0.47816472073279254	-0.4531663237928945
14919	0.005480603296634315	0.002048303548554877	-0.01874242990398417	-0.07356765159687292	-0.7937508194161029	-0.4200139445335955	0.2892806084747486	0.3135101161802952	0.3911136910051261
60594	-0.004058055548581871	0.0020506261637986043	-0.04740503915920092	0.07566638594784234	-0.13461200185463418	-0.6399343512530342	-1.2144985040868375	-0.48069770865771644	0.019277128036909272
11720	-0.0017878327102936473	0.0020551787931441575	-0.03818332669576568	-0.031607050570349654	-0.21022504402776832	-1.3597614527259843	-2.0393245575634578	-2.4972887546893068	-2.5673568139326317
627049	0.002556986146210175	0.0020747036996200505	-0.05031369732927389	0.16888539715466225	0.17297999118292323	0.9843663581740245	1.725423460166806	1.3551609827494433	1.351045756918097
67480	0.003008199527017823	0.002105589476165614	0.018513978472192258	0.36704908364055666	-0.03453329802901902	0.6654167741834413	0.570420740518939	0.32913734118415366	0.41107325033869335
78977	0.00875484136774717	0.00214047933063334	-0.043425309322271274	-0.24085667715507694	0.178472682599334	0.42296361518423087	0.03939505164320766	-0.47909991619527337	-0.4193216342212529
11489	-0.0053463110969576375	0.0021529614451314036	0.022068200670260222	-0.2647885448706982	-0.10127875196731566	-0.5039791197698111	-1.063738532500395	-1.4114026925577432	-1.3674048885354904
68099	-0.002848711924517107	0.0021674555449278264	0.04173857499835679	0.0699254483935754	0.07582109494906308	-0.6850334956025027	-1.536946075293894	-0.9814837101239289	-0.9043300645992979
74091	0.0006558626441455957	0.0021718895675061226	0.269320346296499	0.8272604635660789	0.5470250051172942	3.858525647657293	4.242491553892103	3.938076757335982	3.8456442732073604
18230	-0.00340222614235221	0.0021822223815234805	-0.023018561068561472	-0.28025124396808304	-0.45320787939725915	-1.0946180297568555	-1.680799410609155	-1.0167073536082878	-0.8220765579929482
194388	-0.004382676291959356	0.002212160148391061	-0.00530981035382603	0.11719881426888684	0.008716818861564847	-0.49603415999799266	-1.1518861881729079	-1.8517368969857584	-2.0545555567407803
320204	-0.003983524624618491	0.0022242920955930228	-0.14942365979884123	0.27360596253539804	0.10236692547987085	-0.45600594909625836	0.5149172608287271	0.3373124481072462	0.6745437560560257
74166	-0.006020235732401977	0.0022693685474371524	0.027435483848054932	-0.21002498010078846	-0.07750569281202431	-0.45446245136933594	-1.064670431127513	-0.8068483660468182	-0.40453092128339874
243983	-0.0019247351890772373	0.0023512440176692057	0.0503430533139821	0.2068999467111176	0.14357987021235108	-1.0780136409430443	-0.7291889572250988	-0.666206427695139	-0.8377483171932406
20104	0.0020659067142241145	0.002356255826194776	0.00942202440187327	-0.7369762988759777	-0.7151388251982655	0.42540436098316237	0.8547698224361298	1.0128933220809737	0.9840855824454598
17350	0.0032431445070781415	0.002408276757825531	-0.0038637045017226143	-1.2096130680630859	-1.7244771861857673	-0.9819025791741207	-0.6423613098036367	0.09449603836609657	0.11916154943057782
353502	-0.004212630250851944	0.0024161485468897105	0.012321219705126774	-0.3980007889250185	-0.33805002380542803	-0.9115987102587619	-0.9197635995488888	-0.6975483539872726	-0.7098964427818378
18415	-0.00621618276966716	0.002456481306162798	-0.0038272318064176162	0.23926332547120194	0.1311656885141096	-0.26400951742571327	-0.6461957423884045	-1.5528368644708004	-1.1501044603525592
215632	0.009929896867323346	0.0024736376490644895	0.1874495791323948	0.3516084980508278	0.2957378607925589	0.5448479655716503	2.1982341368795875	2.9660253880319107	2.8930512685197693
214137	0.007650982044054724	0.0025373419366221373	0.0003630785938548835	0.26404774251048546	0.47063565782662387	0.8022717696371078	0.7084158384514395	0.32423764302927066	0.44951379469788927
102124	0.008474905465578709	0.002543577959610286	-0.02601341577513844	-0.9625989308142284	-1.1526755888575446	-0.8525450481758619	-0.9677420083104198	-0.2941021540584953	-0.5361399295629452
14184	0.0038457720679741856	0.002574677902119206	0.1548448777923504	0.4152695909508511	0.19825490633582848	0.867737615298207	2.1573397124512343	2.7398408519833968	3.002822731946829
26377	-0.002634215085128339	0.0025784936869399193	-0.01519214434705621	0.06057379606071207	0.06880723936797087	-0.9100398189064279	-1.7982086940392816	-1.8024880347727374	-1.7696681377325094
71609	-0.008036565187287669	0.002645564223018987	0.03888904821046854	-0.49722795700371447	-0.2302814031959063	-0.5594723151546335	-0.36993751859121227	0.4212768615212777	0.4726401317866844
231470	-0.0036083931314847928	0.002696910418313847	0.047163715393031234	0.08495350533205796	0.28936686832388203	-0.4580324088729776	-1.0635983041156847	-1.078220022674863	-1.1804496667095048
242585	-0.00721191992825952	0.0027134489117197355	0.03262448410806673	0.047108855979855487	0.10366638731087893	-0.27257862632096025	1.3860109111942176	1.9129303924920442	2.144072744132566
320495	-0.002462106141169571	0.0027208504917458198	-0.008890480447286485	0.17787424930973186	0.20295321074168926	-0.902137445688475	-1.5393750521340765	-2.053885485178335	-2.5731976029763346
26922	-0.008109389391682412	0.002749968892613987	0.021423664259144173	-0.8004686115399706	-0.6528475718033996	-0.9919568141631953	-0.5321589845680512	-0.6871508939307401	-0.8255478341839315
74202	0.0014017423376302732	0.0027675616491535087	-0.0062039136176286	0.47191881964634613	0.43993776337256807	2.414310353011426	2.62838893002419	3.265947660255161	3.4505081223361525
12166	0.0034439904685178626	0.002798627606710536	0.0077333091593278355	-0.39635338447816276	-0.6551534278117243	0.15745846304375144	0.34836130438570145	0.24546569870205517	0.4732013660384636
235028	-0.009033549491400408	0.0028769230276533392	-0.04375915530659927	0.23372567117726809	0.36720128401984176	0.04873034074421581	0.16211208514089012	0.044657397589731126	0.1788466558369363
214685	0.006203890208672328	0.0028917352491611846	-0.03268981263782559	-0.8612554498585062	-1.2868325298706944	-0.8207160848828592	-0.38848156984868376	-0.4520891152973368	-0.9356574354678969
72050	-0.002333696625123389	0.0029314961220999972	0.005098097749702975	0.32031591257730285	0.06860578792857963	-1.187554113294657	-1.58226637029099	-1.1760866124151848	-1.7582527770604741
271711	-0.003294462097638365	0.0029524941896994384	0.0222056939917062	0.2173595763262192	0.1986191175491006	-0.6975800500831311	-1.6186468893577397	-2.4858402898384644	-2.37777085055866
50794	-0.010189663602943221	0.003029665423841918	0.01914844153980733	-0.2406367518909584	-0.23638352334192503	-0.5337108485508572	0.18411715253567856	0.3782846287671821	0.5242590521874586
28146	0.0028669882325522886	0.0030364557571050527	-0.012735622666584212	-0.01737227039700208	0.060445885931719366	1.1195558336561642	1.0300426065549582	0.7193503522121752	0.5767633510630611
237211	-0.0027016591007328564	0.0031064784383561745	-0.0556022073288303	0.18187799751966213	-0.20189188693338098	-1.3517329003734209	-1.0564660759296929	-0.4971502621942117	-0.869398202525277
68082	-0.0041799016084614815	0.0031947543546046275	0.0266761531860958	-0.14722199359113397	0.0759641645618469	-0.6883491264824698	-0.4380689017804125	-0.1765653843954862	-0.2135599773659328
381217	-0.0027521306042979474	0.003213652615478284	-0.024585527398117746	-0.21474917518243128	-0.23429775802112507	-1.401994018678082	-0.5400194333825957	0.10734205513464366	0.003268337763070233
22370	-0.00393161809118075	0.0032265537103432214	-0.003035653594625881	-0.580542650682688	-0.5901646723535683	-1.4108328134379984	-1.3787882931531732	-0.6771955134965736	-1.07579310709587
104458	0.004217669860586605	0.0033119870958164053	0.00928095038383605	-0.27280692847569477	-0.7793335677072322	0.005931093893324024	0.2757060621019031	0.13279374871060343	0.13267719268855752
16531	-0.005402889730599097	0.003344550155105656	-0.03994830092658957	0.25326916265038507	0.23985679613132416	-0.37917307896753283	-0.9622047574442515	-1.5293903437067604	-1.527264643018147
14612	-0.0025983095248141162	0.0033528914972201203	-0.02136310922950526	-0.9118716407236008	-1.1486408449736392	-2.43905350181828	-3.2923532171080723	-3.6527085466904112	-3.5494590004051125
110521	-0.0068697710236639105	0.0033842669121725596	-0.04890817800335651	0.17562899167233456	0.3428337614332103	-0.14979792898484984	-0.9958173645982593	-0.9490968900540238	-0.9051715205208953
109594	-0.004379981123918092	0.0034139466727136896	-0.007226287283827631	0.05189854762384738	0.2568604059542769	-0.5225828327553363	-1.8610931770399228	-2.498666731216284	-3.2286483785617217
64705	-0.002450847566630356	0.003441015201867724	0.02852654495459755	-0.4810024370704301	-0.03757888664759614	-1.4415891762792516	-2.1131272901756106	-1.892496357902919	-1.9579263522148576
17390	-0.004567208428136542	0.0034485817131848337	-0.008243447703438241	-0.028086156555321894	0.1561214462081598	-0.5989528551833978	-2.4940640474998252	-2.649753908302578	-2.396776397770741
116847	-0.005687679257235958	0.0034611981231687863	0.009467365461312473	0.07170044061073853	0.13151124304898196	-0.4770318844076857	-1.4448393506831398	-2.021693750438445	-2.1483274287193628
77056	-0.0037723830638130163	0.003489510507540212	0.023951675730965773	0.3447539773057427	0.3623099051201498	-0.5627049856033588	-1.0010547853138207	-0.8676250495973602	-0.3594844096130028
17219	0.007829148872561092	0.003515166186326594	-0.051413968118935394	-0.09279336517239724	-0.04334830226223951	0.4056361586982919	0.4705397434037186	0.27964093623255687	0.3915203641686287
56213	-0.003187399115165473	0.0035712739933289103	0.031658309441902996	-0.2612175306143581	0.09543855243313701	-1.0249965936823844	-1.8717412016908945	-1.5849921390621136	-2.0367447118486233
208768	0.0032384401264482013	0.0035723724305299887	-0.026510164634193888	0.2791849740192467	0.2525522050170246	1.355667374988696	1.293827340362625	1.06612042040211	1.199166253746032
75869	-0.010798118283340428	0.0036047917611152745	0.01580673513752591	0.08721769978174426	0.21312277187965165	-0.12071240815137521	0.5728329178994068	0.3161183285435849	0.3036415925122394
66083	-0.0036536128536047954	0.0036790048944507787	0.01460476617471121	0.22658159235020428	0.33641193684887993	-0.6705379075553872	-0.4861651309205424	-0.052099118815005084	-0.26184281545645854
232370	0.0025155855789613995	0.003775128439503127	0.12335086724006428	0.4405446838178149	0.5011035519876379	2.0017992433112264	1.9636245094163867	2.6148261292224118	2.4103922565119476
22021	0.004202416649387022	0.0037810035997541155	-0.002156823724394882	0.6896040008445717	0.5286684239476938	1.4283896832154117	1.4444407388982166	1.5361895403358163	1.447101920317665
14696	-0.005975154494839343	0.0038542100807946516	-0.013665134139267126	-0.05066344265958364	-0.05558749709776303	-0.7006268988610946	-1.311748287461061	-2.1745819041880767	-1.998108896325933
26912	-0.003929352773975019	0.003889625749253354	-0.019387462651219742	-1.0864199350662724	-1.2635527176875752	-2.253442394943131	-1.725297094134527	-0.42325611168117	-0.35056617251539496
68801	-0.00855993984776258	0.003906272645235211	-0.023788779716730858	-0.26365424199345033	-0.7994952718679956	-1.255838740946957	-1.5805111724501482	-1.058535386639319	-0.7609917481474846
15273	-0.006401438556250911	0.003933774346690663	-0.0239591088703736	0.17356129214211094	0.07673306327694406	-0.5377810513433376	-0.837535573137396	-1.5205217765377987	-1.138876256195597
207792	-0.0033837076878875222	0.0040394482406151105	-0.027741462097716305	0.037158859499839984	-0.1228191447383416	-1.3166126438266073	-1.321171381160753	-1.048033389947971	-1.3051362210468478
319504	-0.007686015991355179	0.004125555568625332	0.05258646361126556	-0.016732191928018753	-0.2811218324226657	-0.817883084710657	-1.8036810863762596	-1.5265567943915592	-1.2302650562763613
12986	0.009584227997609279	0.004138387026575319	0.14568358653484934	0.417040152108835	0.6566482364234765	1.0884396157195044	1.9699582646644587	2.6584466090419427	2.92638945437205
19696	-0.006009701862807006	0.004139291251022183	-0.00522691587965787	0.1960947511193428	0.12213661753968236	-0.566631535276605	-1.0798084150990575	-0.2484249106323916	-0.06610005301322901
56316	-0.007066893143476645	0.0042339687710372794	0.007232087578533038	0.4414811874994649	0.541458612728446	-0.05766871027991165	0.6217987467801878	0.7633116417120157	1.0320266686051467
13838	-0.00470879812345954	0.004276277445899134	0.011634902643806873	0.10951357513374838	0.001939702152518757	-0.9062065665512595	-1.4385435029858276	-1.3682944479109427	-0.9721586252447946
68259	-0.008763600167115904	0.00433373525394539	0.000146489685452476	0.1996666143427773	0.2284105704504521	-0.26610483090332965	-1.1926032041011512	-1.152740468805291	-1.1416806772484713
67865	-0.003540963150757651	0.0045505611963298	0.0070857083858625524	-0.5940714084443334	-0.7300688837210256	-2.015188497393404	-2.362566633436865	-2.562678514427101	-2.328970410150341
231712	-0.009145904760869485	0.0045564790937347496	0.00018234802586623728	0.3454920196382673	0.3558028972784089	-0.14239593737702352	-0.5932189257684716	-0.4560707161383472	-0.47905024028178494
52588	-0.005047218597291605	0.004667313865673896	-0.01560595112831642	-0.16679569076833678	-0.15656784629754175	-1.0812977298374442	-1.4039227345337353	-0.7354995597426967	-0.6379118684625832
19245	0.004929717275883442	0.004721763912118029	-0.0062039136176286	0.524931792072642	0.3781725173732269	1.3359888885507918	2.360381642855259	2.5505402401272197	2.334685316424598
50784	-0.0034021401255449764	0.004775883825638542	-0.004529793170702328	-0.1346234071437573	-0.05279782095368689	-1.456585921796097	-0.6995028075889079	-0.053434000240647844	0.2979121140213832
75782	-0.003920068818896408	0.004778636396962551	-0.08284841998392213	0.27575510165215744	0.23508734028021003	-0.9839311560093142	-1.39157311361939	-1.5297509087365695	-1.3153080054545538
59288	-0.0048325413185708	0.0048782944797583485	0.004186002065678257	0.11066640902598411	0.2358100240080755	-0.7736576987016559	-0.22100888894976017	-0.03429469558965279	-0.058011668583820335
240354	0.009109451060527721	0.0049649189161149136	-0.06326182917689929	-0.27065157243634624	-0.49738951002162124	0.04763991964713976	0.86215424169716	1.280718390081686	1.1385153844043903
241226	-0.005373779671130777	0.004981079262306686	-0.019962499024557386	0.3167132322133893	0.3884564597696585	-0.5384664077729445	-1.5935110618059105	-1.8327177277503197	-1.9377667670165815
56399	0.004798964511455928	0.0049868207928142234	0.025398078224911403	0.3226828513434397	0.2889117636204893	1.3280569335649326	1.3054504096895074	1.1167295839178981	1.0329475183748056
74194	-0.005064808784242334	0.0050325960694653565	-0.15987278206858024	0.3589295125952052	0.527692733442592	-0.4659471617342609	0.5710144844028171	1.7970943613863832	1.742133598057462
231207	0.006545143861632912	0.005072580179367654	-0.046941861431345606	0.015894946972245826	0.009812691113996174	0.7848270050242978	1.0497192077413013	1.3193330938371637	1.2826332352353802
78284	-0.004273268931203678	0.005140773021088024	0.004576668650301082	0.2975997975395952	0.3948649636196143	-0.8081421730363019	-1.992043021116136	-1.599801372627472	-1.4531804564551203
78619	-0.004067467382231013	0.0051823427769828855	-0.050723173958989204	0.29678739384016933	0.27350956038779495	-1.0005861581475952	-1.1931076023116178	-2.154748174577271	-2.1883392666649946
244653	-0.004035093236948224	0.005235094400092234	-0.008839400172736489	0.2889275029662479	0.3326618385533426	-0.9647293473939691	-0.8468774984006052	-0.4216258288471483	-0.6201823943854436
19703	0.001788074475648422	0.005252105390176325	0.3454087286354207	0.42892202906815735	0.3975694054677159	3.334866180129027	3.463079123373082	3.7560267643866267	3.8183346826624374
217558	0.0031517562964326696	0.005371979012973515	-0.04584419240709554	0.12369889301454978	0.0198498501900356	1.7242896950644044	1.1781558045293496	0.4994933146301417	0.2148042406309348
320560	0.00980834210930684	0.005505965734825241	-0.04987227133168726	0.26149684183569905	0.30213337633641635	0.8634887688650676	1.123073014627886	1.2632642309075133	1.1912110640321067
227674	0.004208145390803234	0.005509009254378817	-0.011489268506157583	0.021112309968279938	-0.17610479697223774	1.133025174254179	1.4172894593746916	1.2109718428637184	1.154272390684627
56017	0.004645987082622747	0.005513885387774911	-0.12383712230611567	-0.5014199415959198	-0.36558481424777295	0.8212211948344175	1.5407256627193566	2.27378963475542	2.4516184645615056
66329	-0.008433304910434923	0.005554630785677569	0.004911026200514191	-0.07241997226925095	-0.4020379294472372	-1.0606920211313364	-1.2220077201135302	-1.4931229762357936	-1.6485383326551906
11307	-0.005890773566445281	0.005563910888261963	-0.03584394064858623	-0.029839041138532627	-0.6303192747911702	-1.5748320498118948	-1.456283837180608	-1.7533687792571804	-1.898883731323507
22271	0.01119834872452596	0.005676204426182361	-0.023847113654437733	-2.0767505125792143	-2.018686103151303	-1.5118074047097483	-2.2415066176222553	-2.7359105576222764	-2.4911784205980325
18294	-0.007796533420476425	0.005736425113295938	-0.03738189215310544	0.07534593444219327	0.35066084398320174	-0.385105272048582	-0.8161621879193529	-0.7699663285492023	-0.3293600192200253
70574	-0.007045767421958782	0.00573744483318771	0.04774225781530556	0.23360360311523154	0.38277020908541703	-0.4315406373536005	-0.5346019564454202	-0.5191927346518923	-0.0007516795310238596
71911	-0.006652970550078776	0.005776491304501667	0.014882696017425357	0.24467849764609226	0.2616869904034966	-0.6065704685797345	-0.7421062031630851	-0.36432800674476645	-0.3376843012664192
56508	-0.0051787809131544895	0.005958147696487884	-0.06517341272848753	0.24350619606973894	0.43870236676309377	-0.711789958825298	-1.5204641000756771	-1.9739392611212006	-1.7410631482297616
20393	-0.007231706363331907	0.006022403010907814	-0.015154747229766709	0.0829732246664555	0.2803540154517006	-0.5524235764931521	0.7307774620558519	0.8672067292483528	0.9782575814651545
67848	0.009352845660329642	0.006078082002428381	-0.03178832169539813	0.20448780549616402	-0.5130483953778424	0.136816065468415	0.19199471888346345	0.2893682554455752	0.2757099041498487
56527	0.003211600981666583	0.006109177225279087	0.2295595920589308	0.4680033898706119	1.0418817054263156	2.9441034509523982	3.323555217024065	2.890457770168488	2.8563997009474593
58176	-0.008499066597111683	0.006186053193315977	0.04980916790847081	-0.6754423396769561	-0.8529250180407829	-1.5807759087983917	-0.9687335484731885	-0.5741936920195323	-0.30135198051928774
245269	-0.005025942062389599	0.0061910963145819405	-0.02658290223042099	0.23025387313984916	-0.107668901782064	-1.3394969327718136	-1.3622500391079513	-1.6444008343297951	-1.4835599226050646
14773	-0.012597968092451393	0.00621203292764055	0.05102606544503685	-0.024272719964538825	0.3451501478816172	-0.14794785665792065	0.6357060744996331	0.6341180430215979	0.8628126355229616
17880	-0.00838521085447066	0.006297512181622323	0.017683506150279183	0.196450317693677	0.23594656475170706	-0.5150795323755633	-1.0858415603132094	-1.4440227104461356	-1.7145617577120478
192192	-0.011147065442906116	0.006409202821186691	-0.06957863151939801	-0.18234905922888578	-0.17550694866207608	-0.7504746703475574	0.009395714131126186	0.9961232219688442	1.0815272389106145
68799	0.012578652828936701	0.0065026042817494245	-0.03442701641943209	-0.0568945124878055	-0.5037348704222975	0.0132206708571658	-0.02408766814800725	-0.4847980321614385	-0.7907735857562979
66279	-0.010098466594810491	0.006700515960388375	-0.004887644982928132	-0.03253915038712405	-0.14819512776003815	-0.8117132864309505	-1.1693841979645418	-1.3854799493395027	-0.971112504510701
226255	-0.019219623346030033	0.006893871565015647	-0.0316410166925567	0.39061108426188246	0.4060934495139607	0.04740423688484687	-0.6971917238955846	-1.275808712228099	-1.4790990242099653
109294	-0.014514583985822787	0.006957196093711058	-0.017059245772801202	0.24666706959506052	0.23593211535856376	-0.2433924109596926	-0.6335480636436153	-1.58460727615039	-1.9310682723389583
100048534	-0.006529000836466177	0.007097685883788688	0.025666907082545612	-0.47083797689497403	-0.22376783761591787	-1.3108692274865175	-1.4541197185514874	-1.5401874029770517	-1.107652466744364
16456	0.007503889947959163	0.007164024367346188	-0.07968107800852359	0.4867487102704205	1.0714714745401623	2.0261795548864887	2.876631409696173	3.0070917645458937	2.888644940589593
17342	-0.009784785698182759	0.0072188419529928514	-0.0011181374405207097	0.18699282087960792	0.3575040961898618	-0.38025779003453886	-1.1013277983555085	-1.3424856553787878	-1.1694953273777433
225266	-0.006614949823873375	0.007219033452514711	0.09280783933883194	0.2431259488145516	0.3363906892228099	-0.7549302799039999	-1.0602373189184133	-1.2739097546234774	-1.3540656502235524
20474	0.01416496432178908	0.007247776360791873	0.18516033598831314	0.5401144717490176	1.7768959882837683	2.2885652163977475	2.2205119566759985	2.312044459304846	2.0026457222853153
27528	-0.020881448635963803	0.007558161265408412	-0.017405013794772006	0.45100003531737387	0.6509924717750719	0.28903668043255437	-1.2553279151660826	-1.2145116355875016	-0.9804442804292132
22234	0.00901180607288917	0.007579401551328822	-0.002960925973465983	0.1821141037193431	0.03236430715769412	0.8734167543614186	1.2516125080507272	1.3746485023314634	1.589205306445196
67739	-0.011562473666733556	0.007598843138370483	-0.006089611212580053	-0.11353723950904437	-0.02911686626191924	-0.6863156074130579	-1.5798091250303115	-1.7331166432631802	-1.30883342413001
12702	0.0038888184503313022	0.007647673359008074	-0.02789971354184724	0.14307030118008968	-0.04886668527582077	1.9177135129734808	2.1731704829792307	1.725968877068954	1.7048313875616603
13603	-0.007865874455591086	0.007840566598987811	0.014090795123570244	0.055641464203512354	0.03605563287452255	-0.9607269426997309	-1.1979897292859598	-1.5421522835378665	-1.4464812008507915
67374	-0.013889860651271369	0.007966155303847294	-0.04231960194048474	-0.01818524660488678	0.11595345499322288	-0.45756959925845064	-0.6316437449829572	-0.5006697515999601	-0.4945329930885605
16826	-0.004343033335636207	0.008293597296166298	-0.027536220953022317	0.4952070584513566	0.6959824222462143	-1.2136500063410227	-1.3600003906810352	-1.3251278687610357	-1.3203578618674552
72003	0.00552426148050205	0.008346297034718914	-0.09191157100224535	-0.16057461937808204	-0.2708770816168349	1.2399668681450062	1.3362020496152633	1.1110713812283477	0.8974556623773946
217935	-0.008754681266376654	0.008399596803544056	0.008322357969037141	0.19799079156203325	-0.11641386585606082	-1.0758544837348247	-0.7645994642668906	-0.5995604687830599	-0.7084746522153317
29862	-0.006277304817111458	0.008793795451759635	0.009705245453270268	-0.8716121233983976	-0.7054445682415117	-2.1063316858765218	-3.5170867375194566	-3.343039819750183	-3.7046836163865353
229658	-0.007117063389499004	0.008855517909026864	-0.10618782426434473	0.12095874938899966	0.2898874724385326	-0.9543782344108532	-0.15429429257782637	1.7772537634971934	1.9163975025788529
56434	-0.006092906959815648	0.009135465959593362	0.05952999552281941	-0.2409132443228277	-0.6746844285326916	-2.174045245929741	-2.11221955671298	-0.758665387216626	-0.26408748440747953
13522	-0.005012616683266554	0.009177655498401693	0.011269440921197334	-0.20590435208910457	0.061757060487746415	-1.7691540341186187	-1.634394664758257	-1.4811853007664255	-1.5600532439678938
16854	0.01364004924050753	0.009191736455417923	-0.042787224062876855	0.45856823394995094	-0.007081399366062163	0.6667971397319323	0.5182380037577564	1.227988107523417	1.2480713285926048
17117	-0.004948926367010747	0.009359339425476431	0.0316178291296307	0.2456373957026366	0.26654505830514297	-1.6246407730026817	-0.9474376996219461	-0.9786577920102246	-1.2423061202188272
242860	0.007450762453628723	0.009395832157548908	-0.057170505783860744	0.18438917200679558	0.069562111825662	1.3306185763184848	0.8425201201408709	0.5567329481728379	0.5101742170443494
338362	-0.005918609544696718	0.009448150811620745	-0.06728288815296664	0.7298865361622379	0.6396714162703865	-0.9566749451966612	-1.4990658504084313	-1.3998901390687633	-1.3590062469795055
71835	-0.010443837354971197	0.009483676585589393	-0.0219787229530627	0.04477653753704462	0.19624477854805678	-0.711819591209217	-0.8138644379211002	-0.881012335591571	-0.8676651512610064
16842	-0.011886025944217197	0.009526055276892317	-0.004304085832280722	0.37566512886142983	0.5811987037542679	-0.22025127806467176	-1.3452721854598626	-2.0109716872919137	-2.1598771730936597
58998	-0.016133687170488784	0.010070841178375135	-0.007890122878256573	0.08411234798511905	-0.10696277809802997	-0.7311747807204926	-1.2181772970088385	-2.1490758083169594	-2.1386811057645403
12398	-0.014895824765749063	0.010100489662906022	-0.025661817027681666	0.5255332088509311	0.43931438836626546	-0.2387608321566513	-1.8435346739666643	-1.1815947971288459	-0.6480520072488144
230784	0.004596684349310277	0.010561260646518144	-0.1749124857070205	0.13477811027038375	0.07527798702575214	2.3728602972191504	2.216795870139387	1.7495236667506733	1.804541971743306
58180	0.010646773914359708	0.010574352065179734	-0.039676008166001434	0.23044643171536358	0.23992970365937183	1.233127469502573	0.8996566913542257	0.5898176454500841	0.713502143051859
67369	0.00682981316129453	0.010625282374308698	-0.07909395875960602	-0.03962746589389401	-0.32795178859800944	1.2277690083519865	1.1880690943281167	0.8986775306143513	0.8110429498136223
16797	0.0052879470786232315	0.010644695467303483	-0.0062039136176286	0.3729844289418364	0.36562077974523266	2.3786317477133414	2.452171781530751	2.4233623838152982	2.54734740170893
319974	-0.020025048636872014	0.010837388783880983	0.02791361303349664	0.28169101973668287	0.4383490727504072	-0.10284256080828269	-0.5065975094955816	-0.6663528318887773	-0.7500951529202354
29856	0.008666261436139135	0.01136283531490106	0.16428501715184207	0.47277834360656423	0.6629930634296968	1.9741507522015767	2.6248661556169233	3.1441283416956667	3.0996284944719616
71310	0.005151506379638826	0.011651234121276798	0.0315793692217101	0.3516084980508278	0.20825311127335094	2.469967115419391	3.2116354478207256	3.11216833712469	2.8962187932668084
53422	-0.02623583677078873	0.011757390327238474	-0.005561276752043583	-0.18707613373997398	0.025192112396634287	-0.4229502674312995	-1.1330055624212014	-1.2914974794259477	-1.095598543504097
105727	-0.015955558585375538	0.011832776582346747	-0.2016920634135067	0.18707611303950025	-0.6300449273027906	-1.3716533466527951	-1.3058441679000803	-0.9115471655064151	-0.3565768556897744
66269	0.0035353229930318603	0.011878909765080244	0.0315793692217101	0.42526779588837355	0.3528170853552315	3.712880589734785	3.419816217835614	2.75760401547807	2.7202851043437017
94088	0.007598487211386234	0.012280959752557623	0.07190617750650331	0.5356390588962475	0.30092586768458734	1.9171633385004578	2.376970490926533	2.2961309830931302	2.4283063789694466
17436	-0.013609975651681865	0.014462177345065727	0.017751170526869465	0.13546163581711163	0.23889226398293933	-0.8237236961917249	-1.394060666197028	-1.340475677500799	-1.0766272171317315
94185	-0.006527985054196955	0.014796770698970618	0.08038482331007896	0.07004430067861134	0.6974475413543778	-1.5692198263133095	-0.3163169908776839	-0.27794050015589633	0.14210335137471564
12568	-0.011020941496379624	0.01493653177301115	-0.009023585755632568	-0.2938339824562115	-0.23619974371016073	-1.5914861117502954	-2.404529066254665	-1.882792390019187	-1.5995741260978005
12575	0.023275068777597992	0.01497907202072508	0.08418331792669799	0.6459980512074206	0.8985608873504185	1.5421281379504372	1.974367232556695	2.1978119692048184	2.5133103270066357
15277	-0.017957021830647547	0.015140376428706425	-0.23140991736411062	0.33269066209291487	0.6641212782908923	-0.17902390310361344	0.08047635855194538	1.4096515098281583	1.5950237035401031
214901	0.014172540659296375	0.015308158679016309	0.01367426966849352	-0.45719652176255443	-0.6658518009737413	0.41427624713138334	0.6913752853699298	0.7151148327598426	0.7993156904953267
217154	0.006182219526594469	0.015648562969634922	-0.0062039136176286	0.3729844289418364	0.5989617085190968	3.1301825592699393	3.3313407914394815	3.3946950921117502	3.3254887996545626
23805	0.012293411423511423	0.015804483105263837	0.07550581752616176	-0.25169557597091	0.10783747372096605	1.3934434427067115	1.306071075967028	0.5173257814078607	-0.050082252875242296
18762	0.0071357710841947536	0.016031521107022648	-0.06550066421924355	-0.6907845083376134	-0.5652050696190627	1.681436662278892	1.763256615379043	1.9445883394921182	1.7888129000743762
15212	0.005561721783320287	0.016643175632411737	-0.05325167770885487	-0.005955902991582945	-0.09493364447571095	2.897516586013155	3.036391344031993	2.8203997163100345	2.740227208593907
68603	0.021309669924976724	0.01785412469294776	0.04728966074866541	-0.4697972522754141	-0.23301927835693384	0.6048221690143943	0.4648785603517872	1.262589070128143	1.5327344224539756
12826	-0.021075994426912416	0.018141063360020672	-0.031162412449386247	-0.11270402057034347	-0.06818237220073348	-0.9289276823653603	-1.398368245890626	-0.21417941866041934	-0.08084462312555128
238271	-0.011651361278638037	0.01943169413702411	-0.012575085272937466	-0.277051149838421	0.009553420757674605	-1.6582082829885454	-1.4175653682131648	-1.458680062046046	-1.3739909361504656
64918	0.012087906502394651	0.02055185725859341	0.2675190235107351	0.39712700370404447	0.6798624165772318	2.3800623026800922	2.701558481250116	3.1660850656746633	3.239745066709592
100019	0.00950788373100983	0.02080761929404415	0.04580476136352049	0.037405867650000445	-0.026829177723928836	2.1616304083120665	2.206622330306708	2.2348425628648436	2.0905631627588823
26903	0.01173103699552649	0.0214174591907894	-0.16245672737639721	-0.4919973124087394	-0.46611118291205916	1.3595977632754543	2.029183703391171	1.8020009504592804	1.685341376252545
12512	0.006510287965130364	0.02263311871889162	0.11541100760788775	0.010295560084700823	0.26196748922714097	3.7384832501453156	4.1910305023844145	4.279520776181699	4.259142980848366
230379	0.01659612732752951	0.03259112048225544	-0.06460935503777643	0.378181743630237	0.3671762424050781	2.330954890222125	2.717770019556691	3.118981746146319	3.0229895491226864
13011	0.02271135660171149	0.03542024008757742	-0.0062039136176286	0.3729844289418364	0.5757120702039743	2.135294824714914	2.848314138246892	2.7774371517565637	2.64761188414956
15894	0.025574598829870947	0.04181670857313991	-0.0062039136176286	0.5144274170475381	0.4679920290606739	2.1030795958810105	1.6961985569903275	2.491096372635594	2.5697769299731243
