Unnamed: 0	control	A485	A485+Dux	symbol
16870	-0.0011353713113879	-0.0025954727479422	-0.0005108775757854	Lhx2
228576	-0.0	-0.0	-0.0	Mall
16453	0.0	0.0	0.0	Jak3
78177	-0.0010505042823033	-0.001359909464312	-0.0004337873162459	Ninl
217198	-0.0066215157834154	-0.0064788630866142	-0.0036925429819153	Plekhh3
212974	-0.0	-0.0	-0.0	Pgghg
70717	-0.0014892507651125	0.0026527528444188	-0.0039563332027858	Medag
243897	0.0	0.0	0.0	Ggn
93735	0.0	0.0	0.0	Wnt16
56508	0.0032454145676899	0.001831149215514	0.0031521443429486	Rapgef4
218820	-4.108146055964769e-05	0.0001285505359483	7.325821323455692e-05	Zfp503
93695	-0.0175144073420924	-0.0055770229320016	-0.0117413804930492	Gpnmb
78412	0.0004364250780599	-0.0003260714880126	-4.6817599569593866e-05	Cyren
224024	0.0	0.0	0.0	Scarf2
171531	-0.0008249467748394	-0.0012525462006339	-0.0005295857058389	Mlph
78558	-0.0	-0.0	-0.0	Htra3
73822	0.0009071128129141	0.0001652987625719	0.0008176603085829	Mfsd12
57890	0.0013218732955861	0.001388589056755	0.0024476302491678	Il17re
75695	-0.0050058000492121	0.0050201853362918	-0.0025740276204942	Rilpl1
12834	-0.0	-0.0	-0.0	Col6a2
211739	-0.0	-0.0	-0.0	Vstm2a
17300	0.0010663040695381	0.0004102344890908	0.0015070152902399	Foxc1
14580	0.0	0.0	0.0	Gfap
110310	-0.0006303320375343	-0.0023810837828922	-0.0010556324858365	Krt7
109857	0.0	0.0	0.0	Cbr3
237010	0.0	0.0	0.0	Klhl4
66336	0.0074531764091611	-0.0034069370798854	0.0035662974482076	Cenpp
107503	0.0	0.0	0.0	Atf5
18712	-0.0006198695685545	-0.0002099011511647	-0.000683427266558	Pim1
56527	0.0023703561571455	0.0008374517598196	0.0003892518068968	Mast1
16510	0.0001138225319229	6.262979342212171e-06	6.762507758882953e-05	Kcnh1
22224	0.000418536416533	-0.0001641875361756	0.0001343532616409	Usp10
244058	-0.0008423425273035	-0.0012090728509193	-0.0008631756715977	Rgma
12297	-5.073922092316119e-05	3.987392423808946e-05	-0.0001218394744645	Cacnb3
56794	0.0013727898586475	0.0010914806169834	0.0011908910070615	Hacl1
216850	0.0012079902433133	0.0006424679587003	0.0007965809041356	Kdm6b
229599	0.0026731224628851	-0.0009604897612228	0.002554866861961	Ciart
27528	0.006231354929582	-0.0017839555705296	0.0021531742386276	Nrep
68603	0.0206318268540014	0.0080624431383931	0.0186925593959895	Pmvk
17153	0.0015895676292032	-0.0056890220775706	-0.0024912772241498	Mal
214901	0.0109069360005014	0.0031311139288054	0.0062647047424753	Chtf18
244757	-0.000290216632449	-0.0001282370754686	-0.0002465286993946	Glb1l2
208650	0.000672491373325	-3.037806673889585e-05	-2.8550544597370004e-05	Cblb
76787	-0.0003859834786384	-0.00153027119364	6.906449133347719e-05	Ppfia3
60363	0.0001039040915659	-7.901666718788633e-06	0.0001837262295348	Cldn15
18164	-0.0017550887921691	-0.0036437443452674	-0.0032330562369692	Nptx1
94332	-0.0	-0.0	-0.0	Cadm3
68845	-0.0013114064143035	0.0019049573747623	-0.0013392619676876	Pih1d1
19395	0.0007909113605852	0.0012011895776132	-0.0010059145639457	Rasgrp2
68680	0.0	0.0	0.0	Fitm1
74134	-0.0004256479343823	0.0001445538206909	-0.0003828672587516	Cyp2s1
18750	-0.0002986604947301	3.034463510638481e-05	-0.0013272907612269	Prkca
170638	-0.0	-0.0	-0.0	Hpcal4
18595	-0.0025288939992746	-0.0084014721298185	-0.0051243383420688	Pdgfra
70726	-0.0	-0.0	-0.0	Angptl6
67795	-0.0022637895242163	-0.0015248262213705	-0.0026032056742434	Rnls
71913	-0.0042714328414179	-0.0010165217259452	-0.0072027008636423	Tmem79
320563	0.0	0.0	0.0	Islr2
227674	0.0032552716488869	0.0030236549867938	0.0043096746636786	Ddx31
23999	0.0011242848955484	0.000735993665098	0.001092464673265	Twf2
30955	0.0	0.0	0.0	Pik3cg
233406	0.0006686918463112	-7.866396025561297e-06	0.0005374914402879	Prc1
18816	0.0	0.0	0.0	Serpinf2
68667	-0.0002637148497544	0.0006781406249534	-0.0005463133361646	Trpm4
18113	-0.0	-0.0	-0.0	Nnmt
76179	0.0006261004589464	0.0010251979341042	0.0007550801865593	Usp31
214804	0.0002274293764746	0.0003705026930376	0.0006124231961084	Syde2
68611	-0.0069475907176974	0.0011968733342071	-0.0062974280694218	Mrpl28
12630	-5.345404401434333e-05	0.0001802948425179	0.0008808565187225	Cfi
78376	0.002033548423868	0.0002682934998643	0.0008630048836954	Sapcd1
15559	-0.0	-0.0	-0.0	Htr2b
269016	7.607912200400366e-05	4.305172072749327e-05	4.888299317638707e-05	Sh3rf2
15904	0.0006161437881522	0.0032762601591416	0.0024510328845694	Id4
434341	0.0	0.0	0.0	Nlrc5
625249	0.0016681280715367	0.0004237670654893	0.0022203753612435	Gpx4
320051	8.654415930282613e-05	0.0002291047623835	7.428083562412485e-05	Exph5
64660	-0.0111037811691375	-0.0036116212940274	-0.004052696182304	Mrps24
20393	-0.0015834569129705	-0.0019548832152293	0.000860211497961	Sgk1
50773	-0.0	-0.0	-0.0	Nt5c
72585	-0.0001792681477691	-0.0004079604608106	0.0001254733806369	Lypd1
227656	-0.0115425137478689	-0.0062496376076756	-0.0119941448556933	Rexo4
12850	-0.0001388167824785	-0.0019692022388464	-0.001509567746685	Coq7
11941	-3.68263159813694e-05	8.911735269401606e-06	-0.0002417972637278	Atp2b2
72748	-0.0002997629387191	0.000494230373014	0.0009020818996983	Hdhd3
71145	3.321408450861784e-05	0.0002745117332041	0.000191758602139	Scara5
19268	1.84776822267359e-05	0.0012296404102405	0.0010285684648812	Ptprf
228730	-9.022644773341046e-05	-0.0005347354300187	-0.0011463527621177	Kiz
319901	-7.467049336772444e-05	6.774563212708551e-05	4.321050638205136e-05	Dsel
64945	-0.0003550006088176	0.0008736800289216	0.0008379448840095	Cldn12
108089	0.0002141158085405	0.0002698629460821	0.0019349984342889	Rnf144a
21823	-0.0018058130747375	0.000257007233694	-0.0008706326527013	Th
239273	0.0009855739493383	0.0003558840698733	0.001224644177298	Abcc4
106347	0.0002246305432633	0.0001358333919976	0.0001923475184652	Ildr1
210719	0.0	0.0	0.0	Mkx
74100	5.789125927987885e-05	-0.0015494925440848	0.0001647899044763	Arpp21
236930	-0.0003483193909432	0.0001620347051429	-0.0003060144791011	Ercc6l
83771	-0.0014571877217824	0.0004082394748466	-0.0017317975995313	Tas1r3
69574	-0.0002489363101557	0.0002760571842111	-0.001745843893677	Cmbl
14012	-0.0008589576403911	-0.0010008150610498	-0.0014247104084956	Mpzl2
16590	0.0004294569959795	0.0002909864308756	0.0002920883514286	Kit
70779	2.396050197695946e-05	-0.0009226590525563	0.0006812285303054	Prdm5
14696	0.0033320560849446	0.0018810945856684	0.0029926289740227	Gnb4
16008	0.0070046135646628	0.0070152194615881	0.0120482940268823	Igfbp2
19057	-0.0010314862946425	-0.0001051040551769	-0.0009374040118607	Ppp3cc
84095	-0.0181943466417629	-0.0032162273373832	-0.0120247846020428	Pi4k2a
116847	0.0042340164627391	0.0030519959449898	0.0036987239303799	Prelp
77505	-0.0006591985936089	0.0014140396380742	0.0009543804020924	Dnhd1
14160	-4.380838920969858e-05	0.0003339665855014	8.116481534403678e-05	Lgr5
18039	0.0001930816054098	0.0005160827772065	0.0007664633801476	Nefl
16598	0.0014786038463578	0.0011513372919826	0.00135727390098	Klf2
108098	0.0006477444116199	0.0019027227888629	0.0006684959419498	Med21
56523	0.0021962281395323	0.0009829791063736	0.0013243584743302	Pmfbp1
235028	0.0011046556369766	0.0006780729814289	0.0026582122906632	Zfp426
23923	0.0055218419340814	0.0066903489415041	0.005517832235674	Aadat
19734	-0.0005513498428761	0.0006364515601176	-0.0004851929078455	Rgs16
18230	0.001649494027454	0.0011420424463813	0.0015447762307202	Nxn
56017	0.0025611227343204	0.0039937183283043	0.0050411902896232	Slc2a8
16601	-0.0326970673403386	-0.017290242005618	-0.028304614924422	Klf9
16467	0.0014644684124617	0.0012709040263517	0.0026440441032026	Atcay
11670	-0.0	-0.0	-0.0	Aldh3a1
208164	0.0	0.0	0.0	Fam180a
29856	0.0072196113265447	0.001125602811253	0.0098496144372076	Smtn
668940	0.0	0.0	0.0	Myh7b
54123	0.0014773670945223	0.0018892479055054	0.0023760248551698	Irf7
194655	-0.0019786377736664	-0.0031229299337817	-0.0029487616786549	Klf11
71766	3.596398334950411e-05	-0.0017422981869478	0.000126367073721	Raver1
320472	-0.0003156636066349	0.0004144323450799	0.0005098340293703	Ppm1e
73407	0.0004863794218148	-0.0007041616181556	-0.0005965530629725	Tepp
242819	9.53452638051382e-05	-0.0002060890403497	7.760749396752677e-05	Rundc3b
236285	0.0	0.0	0.0	Lancl3
74666	0.0004246101628666	-0.0004568895016665	0.0002325916996068	4930432K21Rik
12483	0.0009745352181194	0.0019245534922619	-0.0009305900467697	Cd22
320633	0.000140042158959	-0.0003788320118916	0.0002316389149191	Zbtb26
14276	0.0004592293732618	-0.0001040561525272	0.0002747460399898	Folr2
328365	-8.775437138158994e-05	-0.0003152834626151	-0.000118159933139	Zmiz1
77065	-0.0030150380941622	-0.0015470209842293	-0.0017369644001841	Ints7
654812	-0.0	-0.0	-0.0	Angptl7
14173	0.0	0.0	0.0	Fgf2
328381	0.000517103537073	0.0006015813951165	0.0010507328113781	Sh2d4b
108897	-0.0030070007413804	-0.0001390980465578	-0.0019248398904973	Aif1l
20198	0.0	0.0	0.0	S100a4
68777	0.0001893302950315	-0.0001536913272232	-1.2851254597258524e-05	Tmem53
72404	-0.0013734452396837	-0.0015943773506006	-0.0018460623036413	Wdr44
18616	0.0011862192658677	-0.0019564614772349	-0.0012612667255727	Peg3
22171	-0.0004440684828289	-0.0001922600625203	-0.0004571714514328	Tyms
20339	-0.0	-0.0	-0.0	Sele
218763	-0.0018124637220375	0.002005469040761	-0.0004087587761591	Lrrc3b
75345	0.0004483460204623	-0.0017327360686431	-0.0008279621383508	Slamf7
19246	0.0003388778249683	8.641763791534216e-05	0.0002658973869693	Ptpn1
224938	-0.0022362188625757	-0.0012082361817294	-0.0023416111310335	Pja2
15507	-0.0028574416947934	-0.00834605962125	-0.0126144179561021	Hspb1
26874	-0.0006982354469314	0.002437280313064	-0.0027094073383849	Abcd2
381157	-0.0017567514221227	0.0057113542033617	-0.0024025722121337	Greb1l
244954	-0.0009155402696662	0.0014296096043423	0.0019036630006204	Prss35
12029	0.0	0.0	0.0	Bcl6b
17345	-0.0001879957591705	0.000260381933266	-0.0001415784209435	Mki67
13106	0.000120402261779	0.0006219725392548	-0.0001646138042992	Cyp2e1
18142	-0.0	-0.0	-0.0	Npas1
240752	-0.0013294084458464	-0.0012363942821544	-0.001211898688986	Pik3c2b
67582	0.0012225061119638	0.0014008004841973	0.0022851671786066	Slc25a26
246707	0.0002265750031242	0.0002067128070323	0.0003087163327811	Emilin2
100515	-0.0147230796456762	-0.0193580325688179	-0.0177379049044435	Zfp518b
59288	0.0042007568571541	0.0026346548748132	0.0049276056066739	Dctn5
64424	-0.0001296922374348	-5.239622287616172e-05	-0.0001743091040854	Polr1e
15896	-0.0	-0.0	-0.0	Icam2
268709	-0.0	-0.0	-0.0	Fam107a
272465	-0.0017254450930617	-0.0014276972326697	-0.0017210333177352	Tmem255b
19329	-0.0	-0.0	-0.0	Rab17
100434	0.0004569863477407	0.0002336250484843	0.0001970713691263	Slc44a1
77116	0.0001069837247241	-0.0001203819712419	-2.045918289045354e-06	Mtmr2
22021	0.0020536790568797	0.0020313843142214	0.0011794584309701	Tpst1
52009	-0.0021974599229834	-0.0011266506694655	-0.001737819918885	Jpt2
83603	0.0002732968370079	-0.0040137366506384	-0.0024713674286019	Elovl4
110417	-0.0030028459956268	-0.0010483728612953	-0.0009550449961326	Pigh
74147	0.0010925293114741	-0.0009683168321799	-0.0011930282200915	Ehhadh
93689	-0.0106679706228909	-0.0087331250198459	-0.0075642533255732	Lmod1
240518	0.0034709259113881	-0.0002358900381532	0.0027040302603716	Peli3
74414	-0.0051061490927696	0.0060482185557269	-0.0005381984264403	Polr3c
242505	0.0010465377821156	0.0022989681623938	0.000904367206664	Rasef
21802	-0.0030375714778942	-0.0017599873874908	-0.000946082841085	Tgfa
55985	-0.0024759857070571	-0.0009685780038697	-0.0020149617460716	Cxcl13
106878	-0.0	-0.0	-0.0	Smim3
67369	0.0042428717521404	0.0048260755491614	0.0025634721273374	Qpctl
12142	-0.0024396103723274	-0.0010302143525828	-0.0024158280011899	Prdm1
74039	-0.0027711395060591	8.72201006551463e-05	-0.0022837411209865	Nfam1
546134	0.0001492290340722	0.0001357951416749	8.310463040536586e-05	Gramd2
14251	-0.0006512948494893	-0.0014550905178134	0.0002440575410961	Flot1
56221	-0.0	-0.0	-0.0	Ccl24
320204	0.0034275319641452	0.0021142532084177	0.0031777159766892	Etfbkmt
234214	-0.0001125902899256	-3.079428181181523e-05	-7.947310499937609e-05	Sorbs2
20965	-0.0	-0.0	-0.0	Syn2
16011	-0.002657379402808	-0.0019706039874705	-0.0010754457565565	Igfbp5
240638	5.325232845772e-05	0.0015379219030429	0.0023803703466176	Slc16a12
12416	0.0001205191169972	0.0003451719486939	0.0001019216254472	Cbx2
57814	0.0	0.0	0.0	Kcne4
233733	-0.0	-0.0	-0.0	Galnt18
223881	6.298662458795136e-06	-1.8061321054520376e-06	2.043669269374097e-06	Rnd1
209558	0.0010370642186388	0.0027491323708817	0.0008678399154699	Enpp3
17436	0.009524102115133	0.0016593221356825	0.0058952297956798	Me1
12575	-0.0003805022651371	0.0143245602642468	0.0106917362742638	Cdkn1a
235134	0.0002993751046706	0.0002640602406594	0.0003153229806782	Nfrkb
63954	-0.0009248635209961	-0.0018329682486299	-0.0024569438733866	Rbp7
58243	-0.0074982461956878	0.0022147468655384	-0.0095949592550815	Nap1l5
19204	-0.0013919937344985	-0.0004104903455448	-0.0003847271273549	Ptafr
78908	-0.0015388953145026	-3.424993012904786e-06	-0.0008879802826103	Igsf3
12183	-0.0019856938891309	-0.0006684428964396	-0.0013164729840427	Bpgm
70574	0.0020894802575322	0.0012724031632119	0.0028437661310961	Cpm
76223	-0.0012114590228443	-8.742395660210145e-05	-0.0008261267515729	Agbl3
71648	-0.0029831197062951	-0.0015193694083037	-0.0030833425015296	Optn
14419	-0.0001536456256729	-0.0021323614659849	-0.0018027122595187	Gal
12062	0.0	0.0	0.0	Bdkrb2
16846	0.0	0.0	0.0	Lep
224008	-0.0071567202972634	-0.0084795956833803	-0.0078307030529964	Spidr
20682	0.000539680244386	0.001627426678517	0.0007477170359761	Sox9
75750	0.0020643013905767	0.0013453418623907	0.0038123284150242	Slc10a6
235472	-0.0011800526580157	-0.0058063839553111	0.0020589957508192	Prtg
208518	0.0004162171833871	0.0003343988148396	0.0004447952471005	Cep78
21817	0.0	0.0	0.0	Tgm2
20745	-8.259067024903072e-05	-0.0001668835660761	-0.0001795743346265	Spock1
268902	-0.0004042010079239	-0.0001595149194468	-0.0003924286961458	Robo2
19419	-0.0	-0.0	-0.0	Rasgrp1
70415	-0.0	-0.0	-0.0	Stk26
56434	0.0041902970290342	0.0047926914215726	0.0036001074241044	Tspan3
24110	0.0	0.0	0.0	Usp18
19183	-0.0012212252657882	-3.70085836702988e-06	-0.0012812754003582	Psmc3ip
353502	0.0029420836607873	0.0009910360910608	0.0021228056392056	Hcfc1r1
66208	-0.0	-0.0	-0.0	Nenf
71820	0.0002623240276902	0.0008790461085091	0.0002673989958538	Wdr34
66614	-0.0161059600110873	-0.0035865297186926	-0.0108848584567814	Gpatch4
73094	0.0001688097285466	-0.0001664118610874	1.5464739224201864e-05	Sgip1
118454	-0.0	-0.0	-0.0	Gjc2
237611	-0.0	-0.0	-0.0	Stac3
68039	-0.0012521276089804	-0.0023182803478753	-0.0033506246623677	Nmb
13844	-5.85044852896798e-05	0.0002382267608757	6.513943035029709e-05	Ephb2
12839	-0.0	-0.0	-0.0	Col9a1
140792	0.0001000272866455	-0.0001437540176965	9.61831562805773e-05	Colec12
22422	-0.0028382962637783	-0.0038802225735291	-0.0058950057291836	Wnt7b
67971	-4.275108787847345e-06	0.0009231659704552	-0.0001893935598767	Tppp3
12512	0.0058670851263419	0.0054266530953847	0.0065636750228213	Cd63
53418	-0.0020477498726123	-0.0017864079594226	-0.0020336277386768	B4galt2
77411	-5.192356403172931e-05	-0.0001312778425059	-0.0002799810502557	Esrp2
11593	0.0009350902937124	0.0006826250949894	0.0004188638243346	Aga
13609	-0.0	-0.0	-0.0	S1pr1
228775	-0.0016225103337612	-0.0019191684475902	-0.0027884741498022	Trib3
12972	-0.0021339923288007	-0.002837841447222	-0.0041252863108393	Cryz
56532	-0.0	-0.0	-0.0	Ripk3
232223	-0.001517300088967	-0.0003904717234148	-0.0003849211088345	Txnrd3
194309	0.0	0.0	0.0	Vps37d
18654	-0.0	-0.0	-0.0	Pgf
14917	-0.0016820845834922	3.124237599229176e-05	-0.0018109670523359	Gucy2c
50528	0.0	0.0	0.0	Tmprss2
171285	0.003746380681266	0.0075023436610833	0.0070733492779004	Havcr2
19225	-0.0010769131147631	-0.0006619836010726	-0.0001906205287265	Ptgs2
97440	0.0	0.0	0.0	B3gnt9
14369	0.0014288253131946	0.0011505102822895	0.0019150716197078	Fzd7
237387	0.0003856119429344	0.0004109941782497	0.0001406851703515	Lrrc3
66464	0.0047531004337134	0.0036877448744129	0.0032619954558983	Taf12
12287	-0.0002210499271495	-0.0003683609468344	0.0005185755821886	Cacna1b
242050	-0.0	-0.0	-0.0	Igsf10
22151	-0.0030903223926932	0.0001873170437681	-0.0009634072983858	Tubb2a
212032	-0.0	-0.0	-0.0	Hk3
244895	-0.0010210277581208	0.0006706939686743	-0.0002964273653841	Peak1
19703	0.0024694913994145	0.0028491746356991	0.0039054783732719	Renbp
64103	0.0	0.0	0.0	Tnmd
665563	-0.0005668473657991	-0.0022393489686325	-0.0008027815949383	Mthfd2l
234593	0.0001121251241898	8.217075912737997e-05	0.0001381173020274	Ndrg4
171282	-3.320990524925377e-05	0.0001046878296562	-0.0001163438469046	Acot4
105171	0.0004485004338169	-0.0004288156900828	-0.000262320948421	Arrdc3
268780	0.0006174321737526	0.0006356624959055	0.0004630580679454	Egflam
18985	0.0017873458128906	0.003876363208004	0.0083137690165953	Pou2af1
13048	-1.1525142028036556e-05	-8.959879290716413e-05	-0.0001217816849013	Cux2
106389	2.582015810997285e-05	2.4751124178412315e-05	1.5505271735452138e-05	Eaf2
17926	-0.0	-0.0	-0.0	Myoc
387314	-0.001699743611996	-2.380074366868686e-05	-0.0008919678858884	Tmtc1
72042	0.0008286873776224	-0.0018204734372091	-2.430610709047265e-05	Cotl1
171469	-0.0	-0.0	-0.0	Gpr37l1
20532	0.0003128941643009	0.0002021302399313	8.427365113727035e-05	Slc3a1
58226	-0.0019544810019739	-0.000333605176475	-0.0012376041368848	Cacna1h
232976	0.0017062386602837	-0.0005125141785118	0.0013728783803222	Zfp574
58176	-0.0	-0.0	-0.0	Rhbg
212547	-0.0059341138638355	-0.0046064417263888	-0.0080667615604679	Nepro
27280	0.0	0.0	0.0	Phlda3
17350	0.0010618190507743	0.0011676533586652	-0.0001342878754443	Mlh1
107227	-0.0043106731132351	-0.0112319667117752	-0.0060511532664072	Macrod1
16420	0.0001688534157023	0.0001695932206518	0.0003846080203145	Itgb6
66953	-5.539801984644685e-05	-0.0003786909806936	0.0001238639245032	Cdca7
104816	0.0014989741339842	0.000196752102219	-9.13718750355557e-05	Aspg
52906	-0.0004850266636583	-0.0005511585433466	-0.0020122391049751	Ahi1
17005	-0.0	-0.0	-0.0	Ltk
72690	0.0	0.0	0.0	Grrp1
68428	-0.0	-0.0	-0.0	Steap3
13809	-0.0016567378781808	-0.0016992022081464	-0.0027625952129171	Enpep
20537	-0.0	-0.0	-0.0	Slc5a1
319991	0.0002639442935443	0.0001857954438229	0.000232743833924	Kif6
240354	0.0020420644380498	0.0034591499210245	0.0008576894764051	Malt1
12796	-0.0	-0.0	-0.0	Camp
15490	-0.0009625786161244	-0.0007995759102323	-0.0008544074855733	Hsd17b7
17921	-8.528289874202831e-05	-3.9440978575207935e-05	-9.327123635550862e-05	Myo7a
13654	-0.0	-0.0	-0.0	Egr2
74194	0.003021749568614	-0.0014555386263079	-0.001389176663924	Rnd3
74694	-0.000540746129977	-0.0006900236489831	-0.001090213966913	Tbc1d30
22381	-0.0001070694679536	0.0011609402637481	0.0016084882261393	Tceal9
242700	-3.014720370778077e-05	-0.0002131307647819	-0.0001124327840355	Ifnlr1
12348	0.0014341639268257	0.0020957629637169	0.0021915247134961	Car11
207259	0.0003926004772509	-0.0001387425519161	0.0007838981466667	Zbtb7c
76854	0.0	0.0	0.0	Gper1
74901	0.0001576910331731	0.0001255419783036	0.0003058146124751	Kbtbd11
12190	0.0004393617379616	-0.0001454272144012	0.0006623259864751	Brca2
74013	0.0002775615997721	0.0002657155227287	0.0003977443645056	Rftn2
54609	0.0011010447778043	-0.0011716630670612	0.0017584102822107	Ubqln2
329324	0.0001353853438923	-7.007061373155252e-06	8.782170737738156e-05	Syt14
231760	0.0039596403591258	0.0015499914107972	0.0026671799917907	Rimbp2
192232	0.0005891704113907	0.000637682184471	0.0007401420670786	Hps4
21339	-0.0043005028762758	0.0004005838676726	-0.0030999787254627	Taf1a
12723	0.0	0.0	0.0	Clcn1
259302	0.0	0.0	0.0	Srgap3
76156	-0.0	-0.0	-0.0	Fam131b
20201	0.0	0.0	0.0	S100a8
11364	-0.0004331969022296	0.0005476214093842	0.0001876062189068	Acadm
225998	0.0055071887969927	0.0016880962473575	0.0032567479787933	Rorb
68259	0.0043246260330188	-0.0008153920110048	0.003212151280731	Ift80
223864	-0.0022064871258314	-0.001822797309289	-0.0016968842068315	Rapgef3
19041	2.4017019950202525e-05	0.000143560529816	-2.47264955572283e-05	Ppl
66011	0.0003336444097316	0.0012914922665128	0.0003669042038252	Ranbp17
72097	0.0005634459571353	0.0005347324593891	0.0003704259808161	Cracdl
229228	0.0007238874364661	0.0006076734937771	0.0007107761211103	Nudt6
230904	0.0	0.0	0.0	Fbxo2
215632	0.0	0.0	0.0	Psd4
225845	-0.0028597598996877	-0.0093546871973781	-0.0116049872308997	Plaat3
13346	0.0	0.0	0.0	Des
52585	-0.0009282816491231	-0.0009846169698381	-0.0009146364962294	Dhrs1
56177	-0.0002224521720965	-0.0001460141561337	-0.0002024602711809	Olfm1
20274	-0.0	-0.0	-0.0	Scn9a
381101	-0.0095000761776026	-0.0052646757249731	-0.0090646971652454	Dnph1
94214	0.0	0.0	0.0	Spock2
268859	9.75771308179506e-05	0.000161665760271	0.00014937761338	Rbfox1
12286	0.0015372474621414	0.0039571480490076	-0.0002769014965949	Cacna1a
58206	-0.001504979160528	-0.0027914009230888	-0.0017977009581154	Zbtb32
29859	6.988628631872128e-05	3.986195573311669e-05	9.728883826113423e-05	Sult4a1
226098	0.0004041081859344	0.0002237261187987	0.0002617110993692	Hectd2
57444	0.0003383995288229	0.0013093439581443	0.0010153298785635	Isg20
245527	0.0021148050793869	-0.0022680257881509	0.0026369182804809	Eda2r
21384	0.0	0.0	0.0	Tbx15
19087	-0.0002336240839155	-0.0002306469294481	-0.0002882269714548	Prkar2a
18121	-0.0	-0.0	-0.0	Nog
224093	0.0002704099175888	0.0017063509207898	0.0016457140433522	Fam43a
26561	0.0	0.0	0.0	Mmp23
56213	0.002335461545565	0.0025734154620258	0.0028020991964409	Htra1
11568	0.0	0.0	0.0	Aebp1
73075	0.0003366352682569	0.0002655055000505	0.0003134433882402	Ppil6
241494	-0.0005687717858374	-0.000296549061734	-0.000547309013283	Zfp385b
68458	-0.0	-0.0	-0.0	Ppp1r14a
171463	-3.118412028226132e-05	7.125196315622447e-06	-1.778215953420471e-05	Il17rd
269855	0.0	0.0	0.0	Ssc5d
68801	0.0005067376420559	-0.0003264878071338	0.0002255904602	Elovl5
237211	0.0015928658770997	0.0006020191052869	0.0019201677454227	Fancb
17984	-0.0	-0.0	-0.0	Ndn
211949	0.0014686432105774	0.001819796387519	0.0027560477494336	Spsb4
55963	0.0020655367115904	0.000802105865554	0.0021116851236101	Slc1a4
56047	0.0006657398036201	0.0007332048987205	0.0007129821175107	Msln
56399	0.0046079249223602	0.0029315575041079	0.0052459800524858	Akap8
16656	0.0005851948934097	0.0012591848243212	0.0001512921532493	Hivep3
268860	0.0023159142778172	-4.630408129177229e-05	-0.0014068268537951	Abat
210044	-0.0001711929361061	0.0002828220353195	-0.0010948227740014	Adcy2
14840	-0.0	-0.0	-0.0	Gsg1
14544	0.0009052922068184	0.0002771060716696	0.0005677780055065	Gda
20656	-0.0001897411974238	-0.0004405960037455	-0.0003646840120419	Sod2
231238	-0.001689119863008	0.0004368494316197	-0.0002916033192267	Sel1l3
72607	0.0018828724407964	0.0005316420595849	0.0014783833758551	Usp13
19417	0.0007845996784031	0.0003691221668585	-0.0003208810682104	Rasgrf1
23792	0.0001208485023951	-0.0002615197982146	9.78145291269416e-05	Adam23
71835	0.0060434640492716	0.006947230396181	0.0089830940827526	Lancl2
433938	0.000242093010521	0.0001483069615341	0.0002902460088597	Mn1
15114	0.0	0.0	0.0	Hap1
109660	-0.0035351487129725	-0.0021166766757139	-0.0011470080816304	Ctrl
26411	-0.0021105651584587	0.0010076901686209	-0.0035965015498959	Map4k1
320557	-1.578946010450089e-05	0.0005995805168654	-4.351219460584781e-05	Fam169a
57746	0.0010607232354221	0.0008487782007549	0.0011504395424925	Piwil2
20462	0.0018140010459129	0.0019543478871899	0.0021715086981173	Tra2b
16450	-0.0050669301366993	-0.0050846989357031	-0.0069479593417552	Jag2
21928	0.0	0.0	0.0	Tnfaip2
219114	-0.0004264149971215	-0.0003508747468028	-0.0003868948702074	Ska3
100039795	0.0	0.0	0.0	Ildr2
242509	-0.0067206589840984	-0.0028049368871376	-0.0051544140416578	Bnc2
67168	-0.0003138042931357	-0.0014602565299652	-0.0023578775402942	Lpar6
66528	-0.0	-0.0	-0.0	Smim5
72774	-0.0	-0.0	-0.0	Neil1
17433	-0.0	-0.0	-0.0	Mobp
108000	2.128868784860372e-05	1.677743177048426e-05	1.060897161454833e-05	Cenpf
214663	-0.0009764441048892	0.0002306948989033	-4.6632022689440215e-05	Slc25a29
241452	-0.0	-0.0	-0.0	Dhrs9
67059	0.0014274518952175	0.0006167943463987	0.000841156545238	Ola1
17196	0.0002512324175588	-0.001043953030285	-0.0003045566180754	Mbp
19711	-0.0	-0.0	-0.0	Resp18
18187	-0.0036235619841651	0.0047957613656144	-0.00112296024721	Nrp2
22276	2.205129478496856e-05	7.896974800776597e-05	9.349720964542876e-05	Uros
16854	0.0001915670546009	0.0090819468123251	0.0090643805330039	Lgals3
12978	0.0016203381757829	0.0072052806181681	-0.0025614949983064	Csf1r
12482	-0.0010609126968796	-0.0003020583802293	-0.0007609007460678	Ms4a1
11829	-0.0	-0.0	-0.0	Aqp4
12398	0.0078655850598486	0.0059088764344521	0.008155180116942	Cbfa2t3
319613	0.0004319309097795	0.0003705824684987	0.0004770937425302	Sybu
70310	-6.480088912882306e-05	8.976358107262598e-05	5.015822056809455e-05	Plscr3
17130	0.0	0.0	0.0	Smad6
109205	0.0004120913628018	-0.0008942589963808	2.638373055669692e-05	Sobp
320508	0.0012237445377495	0.0023722108658528	0.0026366370244942	Cachd1
72825	-0.0076590674824003	-0.0044642382992206	-0.0069701935549377	Mon1a
109242	5.339228732018272e-05	-0.0019715893820878	-0.0008990630819731	Kif24
57340	-0.0001512837317299	-0.0002415424952428	-0.0003392920791813	Jph3
76025	0.0059829493752333	0.0043382567715912	0.0050779999733803	Cant1
77609	0.0	0.0	0.0	Ccdc151
13618	0.0002798178260681	-2.7652297086459422e-05	6.742230956486649e-05	Ednrb
321007	-0.0004958074813048	-0.000616568351892	-0.0009748757902619	Serac1
12519	0.0007388337549336	-0.0041159810880539	-0.0004065654728854	Cd80
59126	-0.0038947588402535	-0.0026779564730605	0.0007351906824971	Nek6
12845	0.0	0.0	0.0	Comp
229003	-0.0	-0.0	-0.0	Helz2
12393	-2.5494581056608163e-05	-2.4780125845217304e-05	-2.1258682786066427e-05	Runx2
14126	-0.0	-0.0	-0.0	Ms4a2
107513	-0.0005589941621113	-0.0006714696172931	-0.0008199457451133	Ssr1
76491	0.0050425046998275	0.0041135231138012	0.0048880872645179	Abhd14b
69487	-0.0025046614119241	-0.0041269024039853	-0.0045903621580072	Ndufaf5
12373	-0.0014894131045719	-0.0008725035730285	-0.0014316090642697	Casq2
83429	0.0008748401157448	0.0004767070879282	0.0008567806318735	Ctns
13400	-0.000490003472507	-0.0004566559376211	-0.0005420433327101	Dmpk
213435	-0.0027579850884224	-0.0032544395742484	-0.0025003799678787	Mylk3
217946	0.00066716796527	0.0002666050407274	0.0005610252047322	Cdca7l
51801	0.0001024404096633	0.0001774766837478	-0.0001106764880691	Ramp1
16574	-8.442030875458294e-05	0.0001102239111935	4.806440162618488e-06	Kif5c
225997	0.0013036472176979	0.000295795321936	0.0010526964300206	Trpm6
67425	-0.0	-0.0	-0.0	Eps8l1
69066	-2.770193998385604e-05	-3.9179356965948864e-05	-4.585041027524534e-05	1810010H24Rik
64293	-0.0023258640638254	-0.0007524745285983	-0.0016261588514275	Stk32b
76044	6.073368056763124e-06	3.875187161291594e-05	1.775734212871279e-05	Ncapg2
12390	0.0	0.0	0.0	Cav2
338362	0.0038397625462879	0.0004523705994459	0.0020088592032675	Ust
76917	-0.006231171238045	-0.006578227071804	-0.0081660724861463	Flywch2
54672	-0.0	-0.0	-0.0	Adgrg3
279561	0.0011000260903033	0.0004521198584733	0.0003358270435872	Wnk3
68067	-0.0009640358053424	-0.0030381531166932	-0.0011265821787572	Mrnip
71690	0.0	0.0	0.0	Esm1
242702	-0.0	-0.0	-0.0	Myom3
70099	-0.0085936033845748	-0.0101705221385569	-0.011387741805292	Smc4
15932	-0.0009224467912214	0.0012982809197038	-0.0005024810833842	Idua
224661	0.0026860427399017	0.0014072780592562	0.0023875577970568	Slc26a8
83453	0.0041361847667516	0.0104775133735576	0.00539339164297	Chrdl1
15200	0.0005884967850062	-0.0061183638147789	-0.0039127789747832	Hbegf
20680	-0.0	-0.0	-0.0	Sox7
107351	-1.211392369379333e-06	1.40323345597753e-05	1.7392587077848746e-05	Kank1
20964	-0.0	-0.0	-0.0	Syn1
241568	-0.0	-0.0	-0.0	Lrrc4c
217341	0.0	0.0	0.0	Qrich2
103988	-0.0	-0.0	-0.0	Gck
320139	-0.0010940018094438	-0.0013707306348275	0.0006928416010389	Ptpn7
380785	0.0	0.0	0.0	Begain
353242	-1.0065747554536169e-07	1.3080030184460634e-07	-7.419580081416137e-09	Mrpl21
622434	-0.0008172727518622	-0.0008239422086199	-0.0014542947405047	Arhgef26
235534	0.0003864247546367	0.0002551934571901	0.0008908294411325	Pxylp1
73668	0.0058027302479469	-0.0008037625198408	0.0046826665858874	Ttc21b
18510	-0.0	-0.0	-0.0	Pax8
227094	-0.0035843231666756	-0.0049056516095052	-0.0060451530624678	Nemp2
20540	0.0029160310540765	0.0004754496313819	0.0067133721232164	Slc7a7
116838	-0.0042360159374635	-0.0031649126042038	-0.0072015493861706	Rims2
14400	0.0	0.0	0.0	Gabrb1
268395	-0.0001151287381259	-8.968543659099379e-05	-0.0003488295412881	Mpg
230784	0.0041518462813383	0.0028714258140655	0.0049763988529436	Sesn2
218440	-0.000218422527041	-0.0026111246448849	-0.0010917516987395	Ankrd34b
26922	0.0034259993139306	0.0037402192416855	0.0053547006733455	Mecr
11688	-0.0002936205475893	1.010293344418282e-05	-0.001242011003173	Alox8
26912	0.0018856388673421	0.0012978970912069	0.0012990507047141	Gcat
211550	0.0	0.0	0.0	Tifa
18553	-0.0051489077035019	-0.0024509001556447	-0.0037023996323603	Pcsk6
75690	0.0004524077086155	-0.0010119406792145	-0.0013920594042043	Vsig10l
215798	0.001673626831174	0.000485606894758	0.0021493764777444	Adgrg6
22229	-0.0	-0.0	-0.0	Ucp3
384061	0.0001694001010062	-0.0006146703618058	0.0045427579281452	Fndc5
110902	-0.0	-0.0	-0.0	Chrna2
237831	0.0	0.0	0.0	Slc13a5
330409	-0.0002026950088107	6.371624505127754e-05	-0.0001885144013803	Cecr2
16456	0.0058605381468389	0.0067191889077844	0.008112714040941	F11r
18190	5.545797522018177e-05	6.509076754706225e-05	4.776810052961393e-06	Nrxn2
109272	0.0007981389432828	0.001335676532723	0.0009999478741747	Mybpc1
14760	0.0002988178074601	0.0008051898390264	0.0013750825507935	Gpr19
57265	0.000784374256309	0.0001525185003145	0.002543877013313	Fzd2
72486	-0.0045998767401048	-0.0060936452352376	-0.0050762118372456	Obi1
20528	-0.0022104997524995	-0.0028186305596774	-0.0022458286681752	Slc2a4
319582	-0.0015669445129225	-0.0005167113560065	-0.0013343007373541	Trmt9b
56419	0.0001641248991489	0.0002592651019559	0.0002520585567	Diaph3
16426	0.0	0.0	0.0	Itih3
70061	0.0	0.0	0.0	Sdr9c7
192976	0.0001620707670397	0.0002094552846243	0.0003650837026203	Lrrc75a
67603	-0.0001393729921264	0.0004025061739403	0.0004292601937604	Dusp6
245049	-0.0018991336666979	-0.0022405407894648	-0.0025853773581589	Myrip
71279	-0.000310873545137	-4.7998104217622606e-05	-0.0001421300761822	Slc29a3
74770	0.0	0.0	0.0	Hhatl
12350	-0.0	-0.0	-0.0	Car3
19258	-1.9483166636470023e-05	-1.2941647073715656e-05	-1.32023226837214e-05	Ptpn4
19153	-0.0	-0.0	-0.0	Prx
14802	0.0012414884780296	0.0005563592847117	0.0014066545736515	Gria4
11687	0.0	0.0	0.0	Alox15
26556	-6.97695392750592e-05	-0.0010381141880452	-0.0001053678544047	Homer1
16971	-0.0012460979893075	-0.0012457523318765	-0.002199608933226	Lrp1
216527	-0.0006553866569714	-0.0002321827395705	-0.0002920429175319	Ccm2
13074	0.0	0.0	0.0	Cyp17a1
68728	0.0021735518850008	0.0003010905975966	0.0009044474520725	Trp53inp2
26939	-0.0032641320272676	-0.003071905182716	-0.0031003572434004	Polr3e
22031	-0.0009173467949123	0.0020502446352677	0.0053014537455949	Traf3
12140	0.0004930851045484	0.0003178756146786	0.0002892770774063	Fabp7
63828	0.0	0.0	0.0	Fn3k
213484	0.0013381453560337	-0.0012530950372717	-0.000295048185244	Nudt18
71461	-0.0	-0.0	-0.0	Ptk7
207911	0.0	0.0	0.0	Mchr1
384569	-0.0	-0.0	-0.0	Nova2
69903	-0.0	-0.0	-0.0	Rasip1
546336	-3.3701230578452566e-05	1.3379683521797254e-05	-2.2701326072725104e-05	Prrg1
17930	-0.000142069745959	0.0002822435406459	-5.134036891717807e-05	Myom2
381175	0.0016277847222655	0.000256346979305	0.0013509112999726	Ccdc68
22268	-0.0	-0.0	-0.0	Upk1b
54366	0.0027428920771399	-0.0008172326741524	0.0005187641577585	Ctnnal1
14281	-0.0007413485298083	-0.0002722440657434	-0.0003854195257649	Fos
207521	-0.0017284029084131	-0.0019644122975047	-0.0021658443744478	Dtx4
69215	-0.0043903032320178	-0.0052722768057789	-0.0120770042592522	Sat2
16526	6.960089372195751e-05	8.942077963319312e-05	-8.526304029033036e-06	Kcnk2
66999	0.0019749946918688	0.0011191523294644	0.0013483867365799	Med28
210530	0.0	0.0	0.0	P3h2
208213	-0.0007450682385336	-0.000334074344337	0.0001861053930002	Tmem132c
14115	-0.0	-0.0	-0.0	Fbln2
243362	0.0001772896555246	0.000198281928129	0.000182437330903	Stard13
665113	-0.0011896534868963	-0.0002174635098617	-0.0011031457109796	Tnik
12143	0.0	0.0	0.0	Blk
14062	0.0008381947583553	0.0021030162358815	0.0018375317827383	F2r
54420	0.0001874541073247	0.0002351998444376	0.0002419681147701	Cldn8
14536	0.0005235710722693	-0.001125497051008	0.0005490414784074	Nr6a1
26415	0.0002987235007331	7.976435445841741e-05	0.0004559340342946	Mapk13
93761	-0.0023817877149309	0.0030704349100075	-0.0011668083181638	Smarca1
241230	-0.0002733510575475	1.6092768720764033e-05	-0.0003992655206528	St8sia6
17427	0.0011968016612843	0.0044407387216122	0.0041836885139951	Mns1
231147	0.0	0.0	0.0	Sh3tc1
14128	-0.0	-0.0	-0.0	Fcer2a
239319	0.0001124796718182	-0.0001398437852043	1.1532913074182444e-05	Card6
109594	0.0028840501171189	-8.522137433669615e-05	0.0010342229392545	Lmo1
110784	0.0	0.0	0.0	Nr3c2
107448	-0.0010045629322284	-0.0032041123395988	-0.0027338073487454	Unc5a
67238	0.0019962640887949	0.0016637714400419	0.0014124560963544	Fam220a
54126	0.0002961907563279	0.0001530121936617	0.0002203856528348	Arhgef7
18602	0.0006805235702183	0.0002264981205568	9.577446684323964e-05	Padi4
15213	-0.0004880832075446	0.0001120111686741	0.0001767220926431	Hey1
17916	0.0	0.0	0.0	Myo1f
19039	-0.0	-0.0	-0.0	Lgals3bp
327954	1.138312499914791e-05	7.90272661981659e-06	9.380478149640124e-06	Dnah2
320662	0.0008491736206184	0.0005594982931575	0.0007545114890141	Casc1
170799	-0.002555227399669	-0.0003746007667753	-0.0007499805371891	Rtkn2
21987	-0.0023105244375627	-0.001154139005715	-0.0017072308088897	Tpd52l1
56513	0.000141922823921	0.0007126963353965	0.0002053751344133	Pard6a
170737	-0.0039091597476148	-0.0006844657406774	-0.0035950151583269	Znrf1
22062	-5.329243263084578e-05	-6.007354678661232e-05	-4.534522926284908e-05	Trp73
16826	0.0033184024211695	0.0011551691181857	0.0028216457641875	Ldb2
67848	0.010153186903033	0.0041324820857161	0.0053854742060742	Ddx55
14026	0.0018063297877055	0.0005209419930939	0.0008877444902839	Evl
56631	-0.0	-0.0	-0.0	Trim17
68567	1.3050478229450332e-05	0.0003484470217466	3.382001522711832e-05	Cgref1
272428	0.0	0.0	0.0	Acsm5
93840	-0.0048617428433343	-0.0067024327714143	0.0027741090233451	Vangl2
69590	-0.0	-0.0	-0.0	Gpx8
100061	-0.0070315295769256	-0.0005672547298121	-7.746398264780078e-05	Lrrc19
20525	0.001144957799818	0.0009325583075339	0.0009726081785225	Slc2a1
20216	-0.0018431447647411	-0.0008245888256952	-4.736423800905209e-05	Acsm3
114606	0.0021261668364877	0.0013167138023278	0.0018451431936727	Tle6
329502	-0.000573455843454	-0.0008819365205064	-0.0034412893011107	Pla2g4e
226255	0.0014800932388965	-0.0028405834959403	0.0058796491766752	Atrnl1
108699	-0.0132901036103467	-0.0049912007320201	-0.0100477732386638	Chn1
240667	0.0	0.0	0.0	Sec31b
217154	0.0038837996394338	0.0055157991996521	0.0073120575920228	Stac2
338365	-1.3957004697010002e-06	-0.0028974750702332	-0.0002232297497997	Slc41a2
52276	0.0001062196012278	0.001793385415523	0.0003254502109411	Cdca8
13602	0.0	0.0	0.0	Sparcl1
15572	-0.0	-0.0	-0.0	Elavl4
71819	-8.174615164230539e-05	-1.288520013323042e-05	-1.503123118628072e-05	Kif23
16400	0.0009157506028107	-0.0015026989585164	-0.0008503721875931	Itga3
228357	-6.0843567534534445e-06	0.0001089892780761	-6.690138055541112e-05	Lrp4
68440	-0.0007346032509185	-0.0003833124439406	-0.0013228784546953	Dusp23
12818	0.0038744083772134	0.0011826852433949	0.0121486213027027	Col14a1
14961	-5.859608053258132e-05	-0.0017072600232151	-0.0018658967063479	H2-Ab1
272347	0.0020124316839244	-0.0004470622704563	0.0001526604491259	Zfp398
23876	-0.0015002330015878	-0.000325871182722	-0.0009637863200479	Fbln5
15273	0.0048913544038691	0.0030070303540725	0.003874959194614	Hivep2
18762	0.0055595208055162	0.0033495109042815	0.0067268262947869	Prkcz
11932	-0.0106230104086417	-0.0132826334591711	-0.0168632624996379	Atp1b2
217203	0.0001978756508543	-0.0007942791787206	-0.0001786104984637	Tmem106a
12227	-0.0023651770755359	-0.0003693767526339	-0.0004650404626321	Btg2
57443	0.00055160122734	0.0002961479358934	0.0005341630556978	Fbxo3
236900	-0.0030338892283413	0.0001194812008175	-0.0007252769587279	Pdk3
23893	0.0	0.0	0.0	Grem2
330171	-0.008095915521736	-0.0079341126005689	-0.0066601525791149	Kctd10
67272	-0.0	-0.0	-0.0	Cmtm5
14205	0.0	0.0	0.0	Vegfd
20650	2.243259971251021e-05	8.05557378244977e-07	4.534343715199297e-06	Sntb2
218461	0.0011926306699675	0.0002618735783553	0.0007699584554521	Pde8b
18596	0.0	0.0	0.0	Pdgfrb
226999	-0.0	-0.0	-0.0	Slc9a2
78619	-0.0001262766924694	0.0005000911470716	0.0011604161495479	Zfp449
20515	-0.0020254903384185	0.0003834518745267	-0.0010539576663284	Slc20a1
17897	-0.0019349758532407	-0.0014474039476794	-0.0025746550773405	Myl3
241770	-0.0	-0.0	-0.0	Rims4
20509	-0.0003402514343143	-0.0001068118345797	-0.0001936707887897	Slc19a1
22228	-0.0014898983233926	-0.0023846718020818	-0.0026399950127962	Ucp2
20500	-0.0063633467968867	-0.0031078682195734	-0.0067308017789936	Slc13a2
23959	-0.0	-0.0	-0.0	Nt5e
20354	-0.0015489371604571	-0.0004946359007972	-0.0016635741529873	Sema4d
13170	-0.0006220902971019	-0.0007013042427451	-0.0018243997176368	Dbp
12481	0.0	0.0	0.0	Cd2
233199	0.0	0.0	0.0	Mybpc2
237353	0.0011163361331389	0.0009253665529114	0.0011622031474338	Sh3rf3
382045	-0.0011533289425612	-0.0018438479881747	-0.0022048522131421	Adgrg5
50794	-0.0040083432380173	-6.045895960429482e-05	-0.0006024213858999	Klf13
56720	0.0028916344209142	0.0020123646594429	0.0033028867987939	Tdo2
19659	0.000998206879586	-0.0012054207179797	-0.0013724832101037	Rbp1
102774	0.000312381516242	0.0009317883161242	-0.0006560966426722	Bbs4
213417	0.0	0.0	0.0	Klhdc8a
98256	-0.0015498528433176	-0.0026858861166343	3.0484984526452573e-05	Kmo
243983	0.0010099546101807	0.0010112054149754	0.0010686774242	Zdhhc13
225913	0.0019019179553902	0.0004044004451503	0.0010582639598473	Tkfc
20564	0.0	0.0	0.0	Slit3
12494	-0.0001504619699491	-0.0010414047596633	-0.0006153466773654	Cd38
12683	0.000166070188681	0.0032728368697113	0.0020824834232075	Cidea
16979	-0.0	-0.0	-0.0	Lrrn1
22640	-0.0006937132788213	-0.0003292993281412	-0.0006743580027342	Zfp1
22393	-0.0018661032964589	-0.0015618521049738	-0.0011238980967392	Wfs1
114644	0.0	0.0	0.0	Slc13a3
27371	0.0	0.0	0.0	Sh2d2a
80837	-0.0	-0.0	-0.0	Rhoj
16007	-0.0005129420684137	0.0003794543441706	-0.0029704782930031	Ccn1
329650	0.0002518734599107	0.0001663243979525	0.0001383425306902	Med12l
634731	-0.0002758386626559	-0.0002630322535503	-5.534232742837692e-05	Susd1
231004	-0.0	-0.0	-0.0	Samd11
319266	-0.0001594980307369	0.0013722433531697	-0.0009724510492248	A130010J15Rik
26949	-5.969883738633024e-05	-0.0029563310964826	-0.0005607781492914	Vat1
216739	-0.0002693428737134	-0.0001207607085518	0.000336277100617	Acsl6
21922	-0.0	-0.0	-0.0	Clec3b
76267	-0.002917664459772	-0.0023097147034832	-0.0075804125146445	Fads1
231712	0.0051463936789845	0.0075691274022488	0.0054076187742035	Trafd1
12023	-0.0050459684205404	-0.0056921893998284	-0.0055257485593503	Barx2
74761	0.0003634706603432	0.0005245759522212	-0.0005302891210715	Mxra8
14125	0.0	0.0	0.0	Fcer1a
17260	0.0	0.0	0.0	Mef2c
223272	0.0002446682618455	0.0002582837933681	0.0002185742121483	Itgbl1
75593	-0.0009478490302535	-0.0004982361336136	4.969927553057974e-05	Malsu1
23969	0.0002678531288581	0.0001004271559922	0.0001840635996468	Pacsin1
66416	-0.005733692712058	-0.0013860817529682	-0.0058747557071635	Ndufa7
50997	-0.0	-0.0	-0.0	Mpp2
66083	0.0020612997524099	0.0007281710347784	0.0016158524521407	Setd6
103967	-0.0007719805400725	-0.0002431481112167	-0.0009059472508754	Dnm3
17219	0.0028653289611033	-0.0009229460676614	0.0012505547114055	Mcm6
381217	0.001295783480889	-0.0009599708050127	0.0007731697581887	Fam189a2
19338	-0.0002667085063608	0.000177269429618	0.0001696768912141	Rab33b
241226	0.0022258617212432	0.0005884028471364	0.0018938763465607	Itga8
19126	0.0001079639228952	-3.93443630340309e-05	0.0001133603046018	Prom1
20533	0.0	0.0	0.0	Slc4a1
19099	-0.0006844507092006	-0.0008442969946397	-0.0002200920203784	Mapk8ip1
19342	0.0020821749921931	0.0016853558311025	0.0025591481090356	Rab4b
107508	4.594671874610397e-05	4.6069031186567335e-05	-4.971267365685714e-07	Eprs
72925	-0.0	-0.0	-0.0	Marchf1
71099	0.0	0.0	0.0	Tssk4
19220	-0.0025749418514071	-0.0008587448718731	-0.0022614331850526	Ptgfr
228785	-0.0	-0.0	-0.0	Mylk2
66169	-0.0055604101256661	-0.0012352604620413	-0.0057925858978664	Tomm7
319974	0.0088817748536104	0.001494984753421	0.0062084176517937	Auts2
16197	0.0	0.0	0.0	Il7r
216350	0.0004565705163742	0.002058166438658	0.0015742703110292	Tspan8
16491	0.0	0.0	0.0	Kcna3
106042	-0.0008958475247335	0.0003254730621501	0.0001379575418599	Prickle1
12830	0.0026822324427205	0.0033461658023999	0.0072407392691485	Col4a5
100978	-0.0015481826382985	-0.002026844841617	-0.0017911917278074	Nfxl1
208768	0.0013589641726815	-0.0001835305222836	0.0006694649610872	Sde2
73836	3.207400772877374e-05	-0.0001398999808817	2.32520121373612e-05	Slc35b2
78749	0.0054095280472203	0.0050644977827695	0.0035039475019892	Filip1l
70551	-0.0002680781049829	-0.0001391205147726	-0.0003069714452913	Tmtc4
16402	0.0	0.0	0.0	Itga5
140721	0.0001816435978121	0.0003741040391665	7.901111152591159e-05	Caskin2
16511	0.0	0.0	0.0	Kcnh2
59083	-0.0052125638065163	-0.0011847381754761	-0.0049887727211246	Fetub
237711	-0.0046359336970226	-0.0041206195991746	-0.0045503118823652	Eml6
56496	-0.0012577366653757	0.0009300678353327	0.0002100424042115	Tspan6
23871	0.002386122700065	5.3238832235961306e-05	0.0012806169632693	Ets1
245020	-0.0004351064949957	-5.262004657023123e-05	-0.0003326524578739	Slc35g2
330189	0.0016423088214216	-0.003773253388863	-0.0002965683155691	Tmem120b
11450	-0.0	-0.0	-0.0	Adipoq
19696	0.0029395128620836	0.0011705635721372	0.0023607076044971	Rel
246048	0.0006793472944023	0.0017183013558985	0.0007941269175056	Chodl
15902	0.0013057039175418	-0.0006177631230305	0.000395879627907	Id2
240058	-0.0005831183640659	-0.0008142847027061	-0.0004929119142267	Cpne5
56644	0.0	0.0	0.0	Clec7a
140488	0.0012003600653234	-0.001149801576552	8.268994445171868e-05	Igf2bp3
67755	-0.0035139546608918	-2.625575272017609e-05	-0.0026488504443989	Ddx47
72151	2.6546990993936417e-05	5.422335542912302e-06	1.1734116250181802e-05	Rfc5
23928	0.0012568316559773	0.0002654745884604	0.0006910484890941	Lamc3
76217	-0.0004012055839628	-0.0007044493627026	-0.0001715279187057	Jakmip2
13824	0.0011083270358663	2.568644513070761e-05	0.0005692327144223	Epb41l4a
66526	-0.0002152675272971	-0.0002979680382182	-0.0003332380849661	Tceanc2
81006	0.0030967462753087	0.0026067431775748	0.0036793509417793	Gpr63
17883	-0.0011446569752486	0.0036958741501956	0.0014555215745239	Myh3
70423	0.0003183903625811	-0.0003141333794953	-9.574113024522822e-05	Tspan15
229658	-0.0008217049425766	-0.0028299816207428	0.0003024041896426	Vangl1
16776	-0.0024018272943669	-0.0012093295888631	-0.0009646306830946	Lama5
217935	0.0050155152020108	0.0040273885023886	0.0034919726536647	Wdr60
226777	0.0003135267801888	0.0002296385010948	0.0003141630029645	C130074G19Rik
12477	-0.0005551498205785	-0.0018740775279117	-0.0003586152053763	Ctla4
75641	-0.0	-0.0	-0.0	1700029I15Rik
15212	0.0069799507788954	0.0070985951833415	0.0107236557012461	Hexb
14163	0.0004459279297896	0.0001485534752484	0.0004403929369062	Fgd1
230721	-0.0004698610665295	0.0005237785788692	-0.0003847620347006	Pabpc4
228550	-0.0	-0.0	-0.0	Itpka
17313	-0.0	-0.0	-0.0	Mgp
327957	0.000324149761731	0.0007058673991184	5.664007199690874e-06	Scimp
17874	7.161188956155257e-05	0.0001021160546905	-8.810752082333711e-05	Myd88
71876	0.0009681660376639	0.0008727381070871	0.000741849426504	Cenpu
75590	-0.0001181504619091	-0.0016558482225242	-0.0024103929580907	Dusp9
14268	1.7101053135020842e-05	-0.0002469099261967	1.4173095525771609e-05	Fn1
50915	-0.0056529764586794	-0.0017190857713035	-0.0083891365941571	Grb14
21924	0.0	0.0	0.0	Tnnc1
14612	0.0030189860585454	0.0028496510604716	0.0026470767766184	Gja4
13823	-0.0007784010170565	0.0003352524220668	-0.0006125484325539	Epb41l3
240913	-0.0007346381817914	-0.0004842057859974	-0.0012237917969295	Adamts4
20692	-0.0044580935070756	-0.0062705080134355	-0.0023505506068705	Sparc
66446	-0.0001788680717731	0.00163874542912	0.0005230684687383	Exosc7
12162	-0.0025503830698784	-0.0004140998837032	-0.001255960776632	Bmp7
56471	-0.0	-0.0	-0.0	Stmn4
24131	0.0	0.0	0.0	Ldb3
70008	0.0002159294838097	0.0004213170617107	0.0013161406996015	Ace2
56279	-7.269481485091666e-05	0.0006185613133952	0.0015491523331544	Dipk1b
243616	-0.0	-0.0	-0.0	Slc6a11
67758	-0.001258992762685	-0.0009406344994231	-0.0011955139144475	Aadac
74393	-0.0050187028124295	0.000382714586729	-0.000343440111364	Map10
268297	0.001476053179332	-0.0006865510649855	0.0023369112270008	Scml4
16497	0.0002904564964822	0.0008149990182724	-0.0008684349544914	Kcnab1
13040	0.0080894260372679	0.0085697292280517	0.0051302999498059	Ctss
12795	-0.0005678139155758	-0.0004517219670652	-0.0009188842630961	Plk3
80286	-0.0	-0.0	-0.0	Tusc3
216616	-0.0071539832628911	-0.0137658764376263	-0.0033320844045446	Efemp1
14758	-0.0013513242166958	-0.0001175690821487	-0.0002596245155629	Gpm6b
20613	-0.0021748573043607	-0.0013523269213944	-0.0037032574203954	Snai1
93888	-0.0033025184890953	-0.0019551170370203	-0.0055735174651037	Pcdhb17
15284	0.0	0.0	0.0	Hlx
20516	-0.0001279806448683	-0.0003703175403896	-0.000408048556716	Slc20a2
13631	-0.0043240094199304	-0.003624942556804	-0.0041098253556009	Eef2k
19739	0.0010320589387153	0.0004943236488129	0.0012508533217746	Rgs9
27409	-0.0	-0.0	-0.0	Abcg5
225341	-0.0	-0.0	-0.0	Lims2
23805	0.0116570176682972	0.0026910488081146	0.0095366344092302	Apc2
70546	-0.0009145822294041	-0.0004795993429808	0.0004588789940569	Zdhhc2
11746	-0.0002122751688456	4.422040951137417e-06	-0.0003456456601036	Anxa4
101772	0.0	0.0	0.0	Ano1
14221	0.000662978486176	0.0003507304973793	0.0007262537382454	Fjx1
16431	0.0011732645263583	-0.0035593503896488	0.0011072549373693	Itm2a
21356	-0.0047039421280879	-0.0021523138850286	-0.0013624340277585	Tapbp
67211	0.0015995398326394	0.0011328312571409	0.0016494726980614	Armc10
64918	0.0084997553338635	0.009015170921801	0.0125119787129983	Bhmt2
67963	0.0033741568872118	0.001080601141212	0.0037913328630216	Npc2
78134	0.0011026751183616	-0.0015139172775977	0.0034134259957263	Lpar4
66824	-0.000458032070229	-0.0004667041558643	-0.0003979591815395	Pycard
14313	-0.0001657301422663	-0.003231735938951	-0.0004030786119743	Fst
18667	0.0	0.0	0.0	Pgr
13032	-0.0042737945727838	-0.0063371166586271	-0.006939522927884	Ctsc
211228	-0.0001408184826659	-0.0002998493499291	0.0003502869079888	Lrrc25
18415	0.0021242559870771	5.177755892648294e-05	0.0016724432691552	Hspa4l
72349	0.0	0.0	0.0	Dusp3
100705	0.000107575623031	-0.0047605145936792	-0.0015290585231932	Acacb
233246	-0.0	-0.0	-0.0	Ano5
22042	-0.001781895656149	-0.0015196572833711	-0.0022827949369049	Tfrc
12826	0.0108014227326749	-0.0032099127744552	0.0045163253925575	Col4a1
226861	0.0002194132145589	0.0002001347163692	0.0002436688309258	Hhat
225266	0.0034952684336591	0.007249835595719	0.004378420148002	Klhl14
207565	-0.0021189641025919	-0.0019078194298864	-0.0019810293827998	Camkk2
19275	0.0012877533331077	-4.286081435463692e-05	-0.0005633165762749	Ptprn
67178	-0.0011383699670872	-0.0003933583234549	-0.0013041862250719	Zmat5
68846	-0.0	-0.0	-0.0	Rnf208
11459	-0.0002160660805047	0.0004941149461445	-0.0010019312151251	Acta1
110075	-0.0015063298839098	-0.0013605840179773	-0.0027434166871796	Bmp3
12822	0.0	0.0	0.0	Col18a1
21334	-0.0037505113399977	-0.0028232550787602	-0.0030125629869482	Tac2
232946	0.0016616639054287	0.0034519259948324	-0.0010850656682061	Bloc1s3
17880	0.0064387947159517	0.0072445262233599	0.0071968373746346	Myh11
230582	4.550180436880117e-05	-7.004910823381711e-05	5.0606347409675e-05	Cyb5rl
208154	0.0049680077700815	0.0066061939887947	0.005898567330803	Btla
11602	0.0	0.0	0.0	Angpt4
67374	0.0111997495713823	0.0040911001755453	0.0078954746021442	Jam2
29817	-0.0026645448472486	-0.0028994350001312	-0.0035267436305243	Igfbp7
68016	-0.0	-0.0	-0.0	Cavin4
67295	-0.0005630786672467	-0.0003870382406641	0.0007396872776526	Rab3c
15450	0.0	0.0	0.0	Lipc
14773	0.0001776475934754	-0.001124893905522	0.0010895805535198	Grk5
277468	0.0	0.0	0.0	Slc39a12
269019	-0.0	-0.0	-0.0	Stk32a
109019	0.0008372129337553	0.0010851280185729	0.0013003680198611	Nabp1
20969	1.268192603867735e-05	2.622507232942221e-05	4.462899387025342e-05	Sdc1
73379	0.0008268368173602	0.0001698033617042	0.0003113224630213	Dcbld2
20288	0.0026943113560749	0.0067293066854641	0.0048010685159099	Msr1
110446	-0.0061579407533705	-0.0110465625993654	-0.0066904659600144	Acat1
15939	0.0019077511405452	0.0026266447615512	0.0022958094870098	Ier5
234857	0.0012580581597115	0.0005423880180824	0.0016245459046364	Spire2
14761	0.0008032305056812	0.0018191210021142	0.0019485096418751	Gpr27
245595	0.0005688857394453	-0.0008651958905888	0.00012494761786	Zfp711
70405	0.0	0.0	0.0	Calml3
21389	0.0	0.0	0.0	Tbx6
218341	9.561320993211448e-05	-0.0003899767288825	0.0003627836656707	Rfesd
21960	-0.0	-0.0	-0.0	Tnr
20447	-0.0001201114183119	-3.832519807291139e-05	-0.0002418593246133	St6galnac3
110893	0.0	0.0	0.0	Slc8a3
381853	0.0	0.0	0.0	Gipr
104943	-0.0023029625261542	-0.0024263532183332	-0.002949830355033	Fam110c
29862	0.0094222241623449	0.0080344614100713	0.0087881069260594	Ninj2
65963	-0.0	-0.0	-0.0	Tmem176b
16525	-0.0036748263333348	-0.0024117554545617	-0.0037730012815079	Kcnk1
11839	-0.0	-0.0	-0.0	Areg
21816	0.0	0.0	0.0	Tgm1
11307	0.0037752928513921	0.0006280848133229	-1.7360474155425765e-05	Abcg1
16493	0.0	0.0	0.0	Kcna5
20536	0.0008440664483537	0.0001498165488135	0.0003736352933806	Slc4a3
16181	-0.0	-0.0	-0.0	Il1rn
53321	-0.0021760107933282	-0.000863887451079	-0.0015109748788483	Cntnap1
15118	1.966805562433282e-05	0.0001983644601615	4.806256809219644e-05	Has3
110876	0.0	0.0	0.0	Scn2a
68099	0.0010936059397373	-3.214664776571785e-05	0.0006394034741111	Cibar1
627049	0.0011268470810239	0.0019871793865962	0.0023624505835299	Zfp800
20377	0.0018878815133201	0.0056409900333975	0.0047577241307672	Sfrp1
76547	-0.0005807136639719	0.0001335204170438	-5.743853683520739e-05	Tmem101
20423	4.6731981977286005e-06	1.011680933291673e-05	-8.554664289111696e-06	Shh
80976	0.0	0.0	0.0	Syt13
54326	0.0008525112264806	-0.0039417285897458	0.0006883239436654	Elovl2
11684	0.0001122897683585	-0.000163108639864	0.00013395324218	Alox12
16772	-0.001084523287595	-9.650138566743164e-05	-0.0013867591490222	Lama1
21786	-0.0	-0.0	-0.0	Tff3
77593	-8.038342714334394e-05	0.0002703678400516	0.0004160833077482	Usp45
64340	-0.0003364973520729	0.0007702284141166	0.0007242266336586	Dhx38
330671	0.0001842525227817	6.048962390209505e-05	0.000145310096983	B4galnt4
209212	0.0029803202557247	0.0022876793097637	0.0012931740953487	Osgin2
19245	0.0016941854702655	0.0038659180422207	-0.0004251421672134	Ptp4a3
382913	0.0004940484114392	0.0005238561833218	0.0008874068008227	Neil2
68070	0.0004246369697994	-0.00047319273234	-9.279074204549968e-05	Pdzd2
320974	-0.005083004873897	-2.2523172438963263e-05	-0.0048188861663609	Lrrn4
74490	-0.0	-0.0	-0.0	Mamstr
18548	0.0	0.0	0.0	Pcsk1
213469	-0.0	-0.0	-0.0	Lgi3
72310	0.0	0.0	0.0	Nkg7
105243	0.0002309718458701	0.0001050419102723	0.0002581129312226	Slc9a3
22063	0.0010556025624803	0.0040302504914381	0.0007236586056452	Trpc1
105675	-0.0020011422197312	0.0009634086746256	-0.0006643033632069	Ppif
432530	-0.0014108575034423	-0.00125908589357	-0.0013632643466843	Adcy1
58222	-0.0	-0.0	-0.0	Rab37
68082	0.0037008704840148	0.0023778995957242	0.0043735763600526	Dusp19
110033	-0.0009717649314547	-2.393019642333727e-05	-0.0009904279121811	Kif22
108052	0.0	0.0	0.0	Slc14a1
66513	-0.0	-0.0	-0.0	Tab1
216292	-0.0005595893679814	-0.0013128002407949	-0.0007261874663785	Mettl25
116837	0.0017139457241251	-0.0006534883474992	0.0005593546911974	Rims1
67819	0.0011186588927729	0.0005253242115871	-0.0003401750415046	Derl1
27261	-0.0	-0.0	-0.0	Dok3
320865	-0.0005412405923051	-0.0014046236615207	-0.0035337110076042	Cdh18
239188	-0.0014077874522347	-0.0009492226598048	-0.001206446264586	Enox1
245555	-0.0028213171930617	-0.0020752199107743	-0.002524483239789	Nexmif
67703	0.000365085599659	0.0009128983453256	0.000429856746425	Kirrel3
84035	0.0006072811696536	3.5012445897051625e-05	0.0004157258161171	Kremen1
235041	-0.0006282769327858	-0.0017143424935875	-0.000989803774269	Kank2
56461	0.0	0.0	0.0	Kcnip3
66109	6.478547392908356e-06	-4.907713844041926e-08	3.79879579781118e-06	Tspan13
216856	0.0	0.0	0.0	Nlgn2
26377	0.0005405881973154	-0.0002784072819073	0.0005362870378638	Dapp1
208795	-0.0054479330875104	-0.0028139674181325	-0.0056433284269082	Tmem63a
497097	-0.0	-0.0	-0.0	Xkr4
68010	0.0002836161440774	-0.0002116471220274	-0.0004738128546864	Bambi
23850	-0.0004184198983722	-0.000788626738856	0.0010820235119953	Pappa2
330908	0.0001464146510636	-1.3018681547918769e-05	0.0003554373842761	Opcml
20776	0.0	0.0	0.0	Tmie
73747	0.00074886399656	0.0005670787337505	0.0006676779631182	Shld1
94091	0.0005817478073937	0.0020229135517046	0.0010443556136143	Trim11
246104	0.005106440412052	0.0057750483455176	0.0082884153674013	Rhbdl3
319660	0.0	0.0	0.0	Agmo
14681	-0.0009062290890925	-0.0031561068418532	-0.0053615852413454	Gnao1
16373	-0.0019051574533862	0.0016891765027497	0.0007382761087289	Irx3
12643	-0.0	-0.0	-0.0	Chad
12311	0.0001090362432242	0.0001885999619077	0.0001244130380259	Calcr
53972	0.0006032969765014	0.0009063910264198	0.0009495641725916	Ngef
105827	-0.0	-0.0	-0.0	Amigo2
72685	9.183489998143972e-05	0.0019582697870826	-0.0001929397213193	Dnajc6
75568	-0.0041936328229299	-0.0004934426538206	-0.003619973286755	Capsl
114713	0.0001526333148907	5.353223967956055e-06	8.266446747760515e-05	Rasa2
268747	0.0	0.0	0.0	Carmil3
229699	0.0089581514378813	0.0035643495087148	0.0022737813351983	Slc16a4
14420	-0.0027870110713622	-0.002568344741284	-0.0030165604352159	Galc
19725	-0.0002854292663224	0.0001020240497977	-0.0001488184816211	Rfx2
12700	-0.0	-0.0	-0.0	Cish
279766	0.0	0.0	0.0	Rhbdd3
15430	0.0	0.0	0.0	Hoxd10
243755	-0.0010884947847752	-0.0029466972688854	-0.0005632179997013	Slc13a4
50874	0.0004410663686457	0.0011024820592884	-0.0007598287664441	Tmod4
408022	0.0005716937075554	0.0001495165498656	0.0007181048920247	Primpol
67893	-0.0042115357421676	0.001884197111702	-0.002036228721978	Tmem86a
208228	6.09949480759669e-05	-0.0003030028018908	0.0001522043255268	Mob3a
77889	-0.0011638258313707	0.0027297035477838	0.001727018451821	Lbh
13082	-0.0015504184475914	0.0008224091824386	0.000112133153146	Cyp26a1
209966	0.0014368161721744	0.0005430028476826	0.0009232013430776	Pgbd5
77056	-0.0013773934374063	0.0012809266225834	-0.0018597029955441	Tmco4
16147	0.0	0.0	0.0	Ihh
245827	-0.0	-0.0	-0.0	Fat2
140742	-0.0058276523960519	-0.0039779463777608	-0.0080628032593289	Sesn1
101497	-0.0009424867259378	-0.000780554839456	-0.0009857396480931	Plekhg2
71240	-0.0002584911948816	-0.0001438322855252	2.6920725521782958e-05	Osbpl7
231050	-0.0052514713154621	-0.0010115898042046	-0.003330237274109	Galnt11
11601	-0.0006321514944171	-0.0026612937054245	-0.003246038530883	Angpt2
223917	-0.0	-0.0	-0.0	Krt79
209584	0.0001390469655808	-0.001551461987996	0.0003325086696872	Tyw3
74895	-0.0030296595936248	-0.0026256889631821	-0.0034675173948888	Ccdc181
338403	-0.0003529684087316	0.0001565209252967	-0.0003092674475377	Cndp1
14373	0.0	0.0	0.0	G0s2
12458	-0.0	-0.0	-0.0	Ccr6
72003	0.0041577874357726	0.0017848934252034	0.0041938950199743	Synpr
72780	0.0	0.0	0.0	Rspo3
18534	-0.0	-0.0	-0.0	Pck1
20229	-0.0082938055851275	-0.0057509849714513	-0.0104896081908249	Sat1
64242	0.0	0.0	0.0	Ngb
13850	0.0007982106848034	-0.0002527739509386	0.0020513914468585	Ephx2
19876	-0.0052332096960185	0.0007001357308274	-0.0032158559558887	Robo1
13363	-0.0004465662664336	-0.0009889512909083	-0.0006799322496843	Dhh
54650	-0.0007626124049328	-0.0003200286071769	-0.0005606269652857	Sfmbt1
320560	-0.0011723038718194	0.0048492337148663	0.0011625700875234	Dennd5b
232333	-1.5469124631286957e-05	-0.0003033586229337	0.0004191249579438	Slc6a1
108153	-0.0009182552678038	0.0022523021877643	0.0018500440231783	Adamts7
68642	-0.000155107507817	0.0003532024909798	-7.317257914795547e-05	Tmem216
80901	0.0	0.0	0.0	Cxcr6
78286	-0.0003873431255243	-6.201568229024357e-05	-0.0002083394043393	Nav2
22342	0.0009814632184194	-0.0019575437922663	-0.0027632584706863	Lin7b
77782	-0.0003504962106412	-7.760778690356008e-05	-0.0002953595339173	Polq
22412	7.305616508069821e-07	1.3525754865833831e-06	5.4405327069613575e-06	Wnt9b
18453	0.0008972592200301	0.0003119893999238	0.0009888057912916	P4hb
407823	-5.563837175504381e-05	-5.137463144468652e-05	-6.503817171753603e-05	Baz2b
14067	0.0006207989979306	0.0009357563952084	0.0015254268413862	F5
16535	-0.0002020237094935	-0.0003328869582769	-0.0007593701792643	Kcnq1
192187	0.000101082588417	-0.0026961748680069	0.0011935506627178	Stab1
28146	0.0012448357216978	0.0008887240042571	0.0013248977886717	Serp1
239743	-0.0018707468360276	-0.0002084621530729	-0.0037437997666364	Klhl6
12971	-0.0017959957438543	-0.0014094121734829	-0.0016910649302302	Crym
74386	-0.0005141881947512	-0.0003479303087539	-0.0005247957941068	Rmi1
109294	-0.0041228135542983	-0.0027806420469706	-0.0064382161255944	Prex2
70454	0.0005227335841636	0.0003880537392186	0.0005960540918044	Cenpl
79235	0.0	0.0	0.0	Lrat
20296	0.0003126097869242	0.0002115667423467	0.0003016838414357	Ccl2
17885	-0.0	-0.0	-0.0	Myh8
14080	-0.0	-0.0	-0.0	Fabp1
66990	0.000153627463158	-3.9718506836953607e-05	4.901727666025632e-05	Tmem134
15368	-0.0035398355425727	-0.0005731625892548	-0.0013034208933754	Hmox1
216560	-0.0013469344963104	-0.0018920525848467	-0.0012329501838658	Wdpcp
14114	-0.0060127640960459	-0.0044734998250573	-0.0090255556202717	Fbln1
58198	-0.0017778156683436	-0.0052530312413397	-0.0045600959709839	Sall1
76566	-0.0008081031358995	-0.0006126673269655	-0.0004160607648206	Rflnb
17193	7.899768723091616e-06	-1.9467547769302e-05	-1.848445449458752e-06	Mbd4
99010	0.0003828453028465	0.000504795551027	0.0003227035107065	Lpcat4
52463	-0.0025661814882245	-0.0026085284614252	-0.0033397770797997	Tet1
231207	0.0047155278666353	0.0062735729722338	0.0076329118630311	Cpeb2
71839	-0.0017734761294532	-0.0015778421643085	-0.0024732083066985	Osgin1
13003	0.0	0.0	0.0	Vcan
242523	0.0	0.0	0.0	Dmrta1
380713	0.0011010440467578	0.0002558304044163	0.0011916890043547	Scarf1
14120	-0.0011811188569636	-0.0017083057925007	-0.0025762614026054	Fbp2
270192	-0.0	-0.0	-0.0	Rab6b
225358	0.0003894846817301	0.0002196709871216	0.0003788878530922	Fam13b
22350	0.0002508802857458	0.0011479301165232	0.0016112048713936	Ezr
104346	0.0006755705076413	0.0020438156961504	0.001407759155683	Gas8
77630	0.0	0.0	0.0	Prdm8
74199	9.756672864781676e-05	9.335463913824332e-05	-1.8899069448285735e-05	Vit
11927	-0.0002005277127111	-0.0003515862685467	-0.000403886140068	Atox1
103511	0.0	0.0	0.0	Calhm5
30059	-0.0049685092760906	-0.0008925801500605	-0.0038872994706095	Timm10
231134	-0.0	-0.0	-0.0	Dok7
94229	0.0001438870442179	-7.369666575755598e-05	0.0001386115594983	Slc4a10
240023	-0.0010895207142569	-0.0007311063223414	-0.0012480161437093	Pnldc1
16404	0.0011572955376695	0.003117420616999	0.0003118893686391	Itga7
54131	-0.0009451172637958	0.0008967616325199	-0.0003809877279792	Irf3
240185	-0.0008981528297111	-0.0011040077826779	0.0009082674054848	Jcad
67196	3.599161606775467e-05	3.4765310409293975e-05	0.0001036803873054	Ube2t
14919	0.0043317705172416	-0.0010943464589506	0.0007824057900268	Gucy2e
12840	0.0	0.0	0.0	Col9a2
12825	-0.0	-0.0	-0.0	Col3a1
72930	0.0001524478607557	0.0001543017357882	0.0001206487783887	Ppp2r2b
243574	0.0001992511065723	9.336151353774204e-05	0.000129063275019	Kbtbd8
67419	0.0021904579054728	0.0005568400383229	-0.0026594196167163	Armh4
242607	-4.821881664497773e-06	1.3057821528711028e-06	-5.530423762826571e-06	Slc1a7
71911	0.0035144900326109	0.0029481928785389	0.0049670078242601	Bdh1
20202	0.0	0.0	0.0	S100a9
80890	0.0004677541696105	0.0005982447913611	-0.0002131064637232	Trim2
12810	-0.000132745162005	-0.001454345133172	-0.0008443621225956	Coch
13008	0.0007193664705616	0.0004264067595239	0.0003728488053502	Csrp2
12326	0.0008926014659085	0.0020594598700444	0.0020631704077368	Camk4
218772	-0.0023890909504151	-0.0014958054859838	-0.0008660955686158	Rarb
77577	-0.0002118733949743	-0.0017912125529341	0.0003586611613486	Spns3
226830	-0.017971778509605	-0.0138832739829025	-0.0130082934373441	Smyd2
333088	0.0	0.0	0.0	Kcp
17228	-0.0	-0.0	-0.0	Cma1
12827	0.0005871445596336	-4.206937581109138e-05	0.0002749977286871	Col4a2
16403	0.0002298107613224	-8.86719618817558e-05	0.0001766536708035	Itga6
66591	-0.0007104651417192	-0.000970740707499	-0.0027929567026126	Mad2l1bp
233875	-0.0001360036204102	0.0006372250865126	0.0008015891267728	Ino80e
21426	0.0029111826798574	0.0065266457623272	0.0043570438544454	Tfec
14687	-4.808699923733853e-05	-9.721478987277812e-06	2.0100225011451177e-05	Gnaz
211798	-8.487478457106076e-05	-9.814475723727672e-06	-7.244492089628216e-05	Mfsd9
217306	-0.0	-0.0	-0.0	Cd300e
224674	0.0001630092167795	-0.0004890719525959	-0.0001521932597568	Slc37a1
20618	0.0	0.0	0.0	Sncg
75141	1.5570504281393033e-05	1.5749375423354152e-05	2.872510491182734e-05	Rasd2
16399	0.0	0.0	0.0	Itga2b
15442	-0.0029588880408886	-0.0016831664155427	-0.0026033357082648	Hpse
52857	-0.0	-0.0	-0.0	Gramd1a
219228	7.410485965493473e-05	-0.0007646316949736	0.0008081629321619	Pcdh17
22403	0.0	0.0	0.0	Ccn5
22249	-0.000157699414089	-0.0009943385632768	-0.000820993939302	Unc13b
14081	-0.0002032793415728	-3.225190754955502e-05	-0.0001032123759378	Acsl1
230379	0.0055212621875307	-0.0029534318252851	0.0029471114644441	Acer2
140580	0.0002478326620695	0.0001699241331168	0.0002306278895242	Elmo1
16438	-0.0007580026530303	-0.0004253486964982	-0.0006239510598982	Itpr1
240087	0.0011161710048212	-0.0001032319597425	0.0003083550954979	Mdc1
73728	0.0	0.0	0.0	Psd
193838	0.0021006308329099	0.0017429980241298	0.0019990522355052	Eme2
50784	0.0018767631527427	0.0010971838951379	0.002311020501666	Plpp2
56316	-0.0005552094698084	0.0004112925028473	0.0037407496980734	Ggcx
116939	-0.0019451707645921	-0.0040436466262643	-0.0026950469991283	Pnpla3
12448	-0.0012423758999798	-0.0005464364566151	-0.0002886232341522	Ccne2
242860	0.00590574771221	0.0045355094501721	0.0058912057480047	Rsbn1l
20419	4.746283297844993e-05	0.0004054506265411	-0.0003606756776472	Shcbp1
228482	0.0003014728903413	-2.884440276609332e-05	0.0001565655076934	Arhgap11a
16768	0.0	0.0	0.0	Lag3
108797	-0.0003708008760294	-0.0015319114841952	-0.0015370517937045	Mex3b
234854	-0.0055306854787978	-2.871129651793052e-05	-0.0039503131199674	Cdk10
66771	2.5562812857824287e-05	-1.0342170408374852e-05	9.658183105540246e-06	Gid4
14732	0.0002148514906019	0.0001554325169276	0.0001126072889516	Gpam
218877	0.0	0.0	0.0	Sema3g
11606	0.0026965135682481	0.0008384058785128	0.0013493715686268	Agt
76960	6.189748798775736e-05	6.747283748289702e-05	6.126434592706367e-05	Bcas1
14412	-0.0	-0.0	-0.0	Slc6a13
66522	-0.0044037808447407	-0.0036530759796249	-0.0018799130122194	Pgpep1
226409	-0.0002241527691584	-0.000357566120935	-0.0006138066638233	Zranb3
109245	0.0030759120863627	0.0006043152764188	-0.0002969254276401	Lrrc39
78797	-0.0025728142854284	1.3375753269708277e-05	-0.0021822563543813	Ndor1
544963	-0.0004022032356228	-0.0003612258788835	-0.0004176139807353	Iqgap2
54634	0.0	0.0	0.0	Magix
84004	0.0	0.0	0.0	Mcam
20273	-3.743130713717899e-05	-9.215091580818582e-06	-2.2486506524557603e-05	Scn8a
384214	-4.63329751304912e-05	-0.0003561291066283	-0.0003421661808904	Ephx4
67198	-0.000199838231829	-0.0008150612370493	0.0003492358956133	Spats2l
57344	-0.0003628648750165	0.0022182310072818	-0.0010714616277018	As3mt
269643	0.0053223053051624	0.0037109045973122	0.0067655807461219	Ppp2r2c
21898	0.0	0.0	0.0	Tlr4
17389	0.0006897032919047	-0.0001928480888384	0.0007374161606541	Mmp16
56700	-3.302096580578325e-05	-4.101538089386447e-05	-3.658922343046023e-05	Glmp
11745	-0.0008614422056175	0.0012063524644459	0.0008636974612683	Anxa3
225742	-0.0	-0.0	-0.0	St8sia5
29857	-0.0004146321117678	0.0012604473997045	-0.0027418886969251	Mapk12
268451	6.587486457178202e-06	1.8805705273581327e-05	1.1546599030781326e-05	Rab11fip4
286942	-0.0	-0.0	-0.0	Kif19a
243328	-0.0	-0.0	-0.0	Slc29a4
271786	-0.0007045334884992	-0.0005492388530044	-0.0009028196593366	Galnt13
16909	-0.0	-0.0	-0.0	Lmo2
27419	0.0	0.0	0.0	Naglu
271005	0.001148804661126	0.0001746561923805	0.0008618872640549	Klhdc1
170768	-0.0055175650174643	-0.0020437252926148	-0.004597911028964	Pfkfb3
72287	0.0002006815776412	0.0034701083497934	0.0019495191356146	Plekhf1
68566	0.0	0.0	0.0	Caly
54195	-0.0	-0.0	-0.0	Gucy1b1
14613	-4.691551940324595e-05	-0.0002943093521407	-0.0003795290317678	Gja5
19273	-0.0014153870948106	0.0005156190590433	-0.0007829746567545	Ptpru
68393	0.0029041962739244	-0.0003697879797602	0.0027749997077611	Mogat1
268527	0.0001574239286683	-0.0001625179439683	0.0009787819313506	Greb1
71781	-0.0	-0.0	-0.0	Slc16a14
14183	-0.0001402996081602	0.0001600354391843	-8.719663371365685e-05	Fgfr2
18784	-0.0	-0.0	-0.0	Pla2g5
18526	0.0007986683198009	-0.0003281591934725	0.0005171444955193	Pcdh10
11363	-0.0057776700807118	0.0041966888862592	-0.0024955303311569	Acadl
72016	0.0001729834572781	-1.7473123986886998e-05	0.0001024807188987	Tedc2
75668	0.0005915476522428	0.0006758184043189	0.0008949215965666	Rasl10a
14432	-0.0	-0.0	-0.0	Gap43
29877	0.0005606530039413	0.00135548734529	0.0011328137642329	Hdgfl3
11513	-0.001996975016474	-0.0049591690705351	-0.0014736271442284	Adcy7
14534	-0.0039608519615405	0.0012953198929038	-0.0014413778785313	Kat2a
13011	0.0358769214293096	0.0281184817684518	0.0495639073435484	Cst7
93835	-0.0026423551928773	-0.0023958545436936	-0.0056215458458514	Amn
14560	-0.0	-0.0	-0.0	Gdf10
231691	-0.0	-0.0	-0.0	Sds
20319	0.0	0.0	0.0	Sfrp2
269615	-0.0	-0.0	-0.0	Plch2
67138	-0.0030105726827847	-0.0023533162765574	-0.0013403745772604	Herc6
65970	0.000883009833291	0.0003510138109402	0.0002083571099177	Lima1
72002	-0.0	-0.0	-0.0	Slc39a5
74020	-0.0047800626180896	-0.0025995534120615	-0.0062254443753251	Cpne4
67580	0.0	0.0	0.0	Lrrc18
15370	0.0	0.0	0.0	Nr4a1
110962	-8.384984642892976e-05	-0.0010611505721502	-0.0004841867062356	Mbd6
20295	-0.0	-0.0	-0.0	Ccl17
380863	-3.57689937892219e-05	-1.239396265760442e-05	-2.7507079178881248e-05	Tmem171
271711	0.0016254036002301	0.0006316391285544	0.0015159370467639	Tmem169
71532	0.0029142292079603	0.0018634086886888	0.0035694705861466	Fam217b
94040	7.166178424607931e-05	0.0007341044519128	0.0033137118712054	Clmn
353282	-0.0015697865935612	-0.0024940076766858	-0.0030891369448297	Sfmbt2
67216	0.0001226919107247	5.906123345394972e-05	0.00026395576549	Mboat2
54353	-0.0114569316612072	-0.005082797722497	-0.0085924544776194	Skap2
83946	-0.0008666424888453	-0.0003795506599936	-0.0009500188420441	Phip
574402	-0.0	-0.0	-0.0	Gpr17
18400	0.0	0.0	0.0	Slc22a18
22351	-0.0	-0.0	-0.0	Vill
22370	0.0010659988050862	0.0049708206588934	-0.0009630420611676	Vtn
20350	9.220555451123084e-05	-0.0047239504260615	-0.0037077672435169	Sema3f
245026	0.000149376136435	0.0001970121819037	0.0001885556481697	Col6a6
27060	-0.0123170474635272	-0.0092606401259414	-0.0160636593450169	Tcirg1
242939	0.0	0.0	0.0	Cpz
71994	0.0001420799598386	0.0001613612108264	0.0001485181760586	Cnn3
16997	-0.0088398002541707	-0.0039987322884526	-0.0057899304599321	Ltbp2
210356	-0.0015695206765167	-0.0008181089909505	-0.0012906462681608	Nckap5
243780	-7.731542798111023e-05	-0.0001139544071716	-2.38580889176038e-06	Dennd11
241525	-0.0017519314113266	-0.0019654060662017	-0.0026861418064977	Ypel4
230775	0.0	0.0	0.0	Adgrb2
16570	-0.0069141040430528	-0.0061914241121321	-0.0069256748141873	Kif3c
319670	0.0002893112738176	0.0007838920567917	0.0007515657580934	Eml5
54720	0.0001599345876585	-0.0004574290010947	-0.0009717309653878	Rcan1
228778	0.0010318491499945	-0.000272559374633	0.0004434087986888	6820408C15Rik
56745	-0.0	-0.0	-0.0	C1qtnf1
245684	-0.001760971688336	-0.002146397579263	-0.0057907990843554	Cnksr2
319229	-0.0	-0.0	-0.0	Sctr
16842	0.011652470026695	-0.0001027936371027	0.0074655386472088	Lef1
227327	0.0010892747118504	0.0008071880557066	0.0011700888710609	B3gnt7
20391	0.0	0.0	0.0	Sgca
319953	0.0023318977333509	0.0008696863419441	0.0013729414025949	Ttll1
170745	7.898594940777034e-05	0.0001307145124527	0.000186947198477	Xpnpep2
23985	-0.0007017980329357	-0.0053815474484402	-0.0022923841182085	Slc26a4
50779	-0.0	-0.0	-0.0	Rgs6
15277	0.0084640844768718	0.0009366291745078	0.0006119903935693	Hk2
234740	-0.0024256464468284	0.0008083470771959	-7.237430061990214e-05	Tmem231
52589	0.0007315194358842	0.0005296395483327	0.0006456335757136	Ncald
20389	-0.0	-0.0	-0.0	Sftpc
320840	0.0	0.0	0.0	Negr1
14605	0.0010245440963799	-0.0051511355494574	-0.0045732299649772	Tsc22d3
103710	3.384013631982743e-05	-4.593993076176791e-05	2.406481700099148e-05	Slc35e4
16513	9.061330024540076e-05	-0.0001099010440825	-3.498218871115319e-05	Kcnj10
381798	-0.0	-0.0	-0.0	4930590J08Rik
27226	0.0	0.0	0.0	Pla2g7
214580	-0.0007395010991771	0.0007141971128013	-4.5900995705107474e-05	Pstk
78977	0.000894908525079	0.0003224220172608	0.0033307344208548	Popdc3
17060	-0.0004822978679016	0.0028856289992906	0.001300478633542	Blnk
53313	0.0	0.0	0.0	Atp2a3
12550	-0.000153953306766	0.0003704316175485	0.0003243207669308	Cdh1
18769	0.0016692061196458	0.0003604517136587	0.0020837345082808	Pkig
53324	-0.0008282552987335	0.0005174310769097	-0.0005848964797949	Nptx2
13131	-0.0001412935273232	-0.0001330829807621	-0.0001324799048961	Dab1
229595	-0.0005271238715604	0.0003682383383175	-0.0001292376560965	Adamtsl4
320100	0.0	0.0	0.0	Relt
68802	0.0007764582997569	0.0008060034427461	0.0008925589658557	Mypn
103968	7.775453332610474e-05	-1.3590124369724644e-06	2.5280381932911182e-05	Plin1
66902	-0.0007123617990687	-0.000673382243636	-0.0006988100630566	Mtap
12449	0.0019529504037717	0.0005605898018505	0.0017906992069141	Ccnf
70928	0.0011602482576573	0.0017044351973405	0.0020796182289647	Trim69
53374	0.0008912814440638	-2.143490118769722e-05	-0.000305587562319	Chst3
245945	-0.0005571359785146	-0.0013042272713388	0.0003817596993994	Rbm47
21935	-0.0032032233715436	-0.0019725350295112	-0.0021818959722641	Tnfrsf17
50490	0.0007445061755267	-0.0041282688005667	0.0004743521305208	Nox4
75869	-0.0010319860360776	-0.0031838078971852	-0.0005027673403578	Arl5b
245269	-0.0008980525167753	-0.0021886142024837	0.0006044920712315	Nim1k
14017	0.0	0.0	0.0	Evi2a
140577	-0.001290674801491	-0.0006347235043221	-0.0003119604784545	Ankrd6
20343	0.002248242412777	-0.0014729547474116	0.0019084654163825	Sell
66548	0.0	0.0	0.0	Adamtsl5
230103	0.0	0.0	0.0	Npr2
231503	-0.001514704253556	-0.0005827608000196	-0.0015923606607782	Tmem150c
68352	0.0	0.0	0.0	Aspdh
29818	-0.0	-0.0	-0.0	Hspb7
24053	-0.0	-0.0	-0.0	Sgcg
70370	0.0	0.0	0.0	Fbln7
76142	0.0045957094924014	0.0047650963565937	0.0051509268115909	Ppp1r14c
76757	0.0	0.0	0.0	Trdn
24001	-0.0022941256998086	-0.0027162078996639	-0.0030115870806228	Tiam2
12931	-0.0001475208633599	-0.0001960520764988	-0.0001738348060864	Crlf1
67993	3.565288468539786e-05	-0.0001578757286716	5.232467003778297e-05	Nudt12
16162	0.0035117293414507	0.0004727502118997	0.0028063141039169	Il12rb2
16658	-0.0004307844907825	0.0010175010989162	-0.0003636601788171	Mafb
100502698	-0.0061773325876605	-0.0107834374825587	-0.0102984917651468	Rubcn
22359	-0.0005124018618341	-0.0011301718799537	-0.000708707380077	Vldlr
22116	-0.0054032717446066	0.0017896673732859	-0.0027218494624322	Tsks
232078	-0.0	-0.0	-0.0	Thnsl2
71091	-0.0012956015901901	0.0001379954139222	-0.0003418984798467	Cdkl1
13195	-0.0006930405578533	-0.0016367283120137	-0.0010584373322971	Ddc
20474	0.0026928677495318	0.0059993721889398	0.0037914232136758	Six4
12505	0.0	0.0	0.0	Cd44
56737	-0.0017167233762366	-0.0003317710262927	-0.0005857790028028	Alg2
53604	0.0	0.0	0.0	Zpbp
67728	-0.0048519122971712	-0.001438867190702	-0.0048493188362963	Dph2
77113	-8.218536903594702e-05	-7.395785255374048e-05	0.0003051179891826	Klhl2
74580	0.0	0.0	0.0	Pyroxd2
71720	-8.348095806397223e-06	4.6425556018763336e-05	-0.0002122497505852	Osbpl3
18976	-0.0045175117341033	-0.0050059349433775	-0.0066177828182083	Pomc
217125	0.0	0.0	0.0	Samd14
12903	0.0004678942820879	-0.0024303656357522	-0.0030847260337676	Crabp1
64705	0.0027828942423045	0.0017920595253265	0.0024095053349932	Dpys
12323	0.0033376307557318	0.0008626517118403	0.0017522694564132	Camk2b
20512	-0.0093236512045264	-0.0114882470571115	-0.0035951327802149	Slc1a3
319504	0.0013865847858188	0.0021333490627125	0.0042428966645908	Nrcam
23821	-0.0008314199922704	1.9786510296717507e-05	0.0007227101630867	Bace1
109620	4.148548653484286e-05	-0.0003726606666943	-0.0003572016326568	Dsp
19288	-0.0	-0.0	-0.0	Ptx3
19700	-0.0	-0.0	-0.0	Rem1
56224	1.3734124258939283e-05	2.5754240027745124e-05	2.9082688605877066e-05	Tspan5
16889	0.0068671393627597	0.0025788930884044	0.0030193855646611	Lipa
244653	0.0027975965511643	0.0010250578011132	0.0025141841996997	Hydin
240261	-0.0005380804076164	-0.0013358790713923	-0.0017186494970612	Ccdc112
74166	0.0014125186925477	0.0037064984656887	0.0018144801701577	Tmem38a
17528	-0.0	-0.0	-0.0	Mpz
246728	0.0	0.0	0.0	Oas2
104080	-0.0	-0.0	-0.0	Nxph4
17387	0.0001101813976015	5.629969722182726e-06	0.0001673797038299	Mmp14
71998	0.0006596179292145	0.0024319423685721	0.0018976362923304	Slc25a35
12236	-1.3667437244418084e-05	-0.0002032761580491	-0.0006155636638477	Bub1b
216795	-0.0	-0.0	-0.0	Wnt9a
225825	-0.0004687967704902	-0.0004168280545959	-0.0006289726635204	Cd226
13838	0.003149084691666	0.0014199182871295	0.0026742946604562	Epha4
666048	0.0002192454670207	0.0007794238395553	0.0018714534109611	Trabd2b
83671	0.0012248466386207	0.0010433269739913	0.0012455827922703	Sytl2
12568	0.0104091196649283	0.0131868425935299	0.0097472579222786	Cdk5
223774	-0.0009975849995438	0.0008843417680654	2.7771493365056676e-05	Alg12
378431	0.0003672558862763	-8.524471920604437e-05	0.0002365487782988	Txlnb
170743	0.0	0.0	0.0	Tlr7
75209	-0.0	-0.0	-0.0	Sv2c
218271	-0.0008324061930556	-0.0013192815372202	-0.0002466809869547	B4galt7
18791	-0.0020848499135559	-0.0014766644497176	-0.0022284027708779	Plat
329278	0.0015824564485165	0.0023618218323014	0.0021028934874167	Tnn
14763	0.0002760520294161	-0.0004241365305744	0.0009862888215598	Gpr37
17873	-0.0031002931298015	-0.0048601838001927	-0.0040453259502263	Gadd45b
73683	-0.0015614409677775	-0.0011728448336042	-0.0012543183526482	Atg16l2
11480	0.0004372080236677	0.0001639783317323	0.0003671345173546	Acvr2a
16527	-0.0	-0.0	-0.0	Kcnk3
16950	0.0	0.0	0.0	Loxl3
16170	-0.0	-0.0	-0.0	Il16
77794	0.0	0.0	0.0	Adamtsl2
64297	-0.0	-0.0	-0.0	Gprc5b
170725	-0.0	-0.0	-0.0	Capn8
68631	-0.0017223217242668	-0.0021390045079883	-0.0021162550376613	Cryl1
23794	0.0	0.0	0.0	Adamts5
16371	0.0	0.0	0.0	Irx1
65964	-0.001926428214139	-0.0011470663872003	-0.0020077331326616	Map3k20
55988	3.947853327062128e-05	2.0158212084350647e-05	3.2764819230115034e-05	Snx12
329941	-0.0043981067926593	-0.001734528961808	-0.0026831282632842	Col8a2
30794	-0.0	-0.0	-0.0	Pdlim4
75597	-0.0010472933307332	-0.0008972732245235	-0.0008543556548865	Ndufaf2
67426	0.0001830190303405	9.465036671202033e-05	-6.756430761346883e-05	Coq8a
54519	0.0007799900823191	0.0005132179679978	-0.002111151729749	Apbb1ip
223646	-0.0	-0.0	-0.0	Naprt
24057	-1.5771949573986806e-05	-9.031147522898904e-06	-1.2627114238126e-05	Sh3yl1
53328	-6.512717561490623e-05	-0.0003728016798361	-0.0002088496429105	Pgrmc1
63993	-0.0	-0.0	-0.0	Slc5a7
108147	0.0002455949228415	0.0027789251842213	0.0052714849441844	Atic
16159	0.0006876404200576	9.331734648940066e-05	0.0005836176442866	Il12a
11803	0.0	0.0	0.0	Aplp1
71609	-0.0	-0.0	-0.0	Tradd
93838	0.0015295046837183	0.000521493205956	8.213405755071403e-05	Dqx1
105439	-0.0001912865453314	0.0010444718042289	0.0003565700090233	Slain1
52588	0.002945415868809	0.0031562959665206	0.0026432074659733	Tspan14
13058	0.00012635015982	-0.0012410701602148	-0.0006867523567812	Cybb
12654	0.0	0.0	0.0	Chil1
11720	0.0018777470961288	0.0015424258443769	0.0020919150704778	Mat1a
72301	9.064589804874264e-05	-0.0006041953100585	-0.0008635098802226	Shisal1
17189	0.002671746882984	0.0017187427990854	0.0029730552016854	Mb
76459	0.0004001104629708	-0.001848070575979	0.0023494915991398	Car12
60594	0.002853529140955	0.0003037907358855	0.0055148483859093	Capn12
272636	0.0003850296912315	0.0006552145171161	0.0010870691312197	Esyt3
76884	-0.0038615675160756	-0.0035109364965449	-0.0040982858272979	Cyfip2
13982	-8.1669524050608e-05	-7.275833819233253e-05	-0.0001144336155864	Esr1
11352	0.0004425276691945	-0.0002784610556462	-9.711102681693698e-05	Abl2
55927	-0.0034582633034763	-0.0020430544554634	-0.003337631086352	Hes6
192678	0.0002134872765067	-3.9793736602201553e-05	9.4229102493573e-05	Rassf3
338369	-0.0	-0.0	-0.0	Tmem220
100198	0.0	0.0	0.0	H6pd
21956	0.0	0.0	0.0	Tnnt2
21940	-0.0004784091117151	-0.0005064515797501	0.0008786795555591	Cd27
74202	0.0015683317587765	0.0011618359940438	0.0009989479030071	Fblim1
23882	0.0012650984877249	-0.0009532892928568	0.0005865138178364	Gadd45g
16881	7.023920758260602e-06	1.2077264300039094e-05	1.184820403611248e-05	Lig1
230163	-0.0	-0.0	-0.0	Aldob
242202	-0.0040676318122419	-0.007038276048467	0.0062983922875391	Pde5a
74241	0.0025667727790413	0.0031144011387109	0.0013569487991228	Chpf
66901	0.0	0.0	0.0	Proz
233744	-0.0014765442536565	0.0001626146656244	-0.001531716341593	Spon1
242585	-0.0050779148241044	-0.0008162470071008	-0.0007719771215146	Slc35d1
70223	-2.3690049554193728e-05	-1.2937193786360934e-05	5.439153076846318e-05	Nars
244550	0.0	0.0	0.0	Podnl1
108927	0.0001892616440983	4.712985037460995e-05	0.0001349041214148	Lhfp
22324	0.0	0.0	0.0	Vav1
94088	0.0033128832679856	0.0040441846297469	0.0022660802849894	Trim6
59308	0.0	0.0	0.0	Emcn
101565	-2.6351894155761852e-05	8.068437276460073e-06	-0.0001005884410332	Ccp110
19263	4.697381534339292e-05	-1.8097311728976724e-05	0.0001397204064712	Ptprb
223435	-0.0021461540696302	-0.0008084290457829	-0.001802507033195	Trio
213760	-0.0007456329461264	-0.0005704303281799	-0.0006860079549833	Prepl
104271	0.0002937018148308	-0.000260735663687	-3.4156061890395444e-06	Tex15
170459	-0.0002908892245395	0.0001279177003394	-6.767691439217222e-05	Stard4
102436	-0.0002539500489411	0.0009085896560387	0.0004113783240747	Lars2
232441	0.0032053899209359	0.0016945673960057	0.0020627952786765	Rerg
17085	0.0	0.0	0.0	Ly9
16323	0.0	0.0	0.0	Inhba
107527	-0.0	-0.0	-0.0	Il1rl2
66269	0.0065692950262688	0.0041852278631784	0.0080599537101756	Tmed6
13681	0.0027109278162186	0.0044407557175564	0.0032664059551051	Eif4a1
320343	-0.001173213931834	-0.0003599897710962	-0.0009850273463117	Lypd6
54725	-0.0002286850364102	-0.0001136117509303	-0.0003217074455092	Cadm1
18782	-0.0	-0.0	-0.0	Pla2g2d
27660	-0.0010023082946827	-0.0008934848773612	-0.0005158214163098	1700088E04Rik
69217	-0.0006723078008528	0.0002382279069014	0.0001256988904599	Plekha4
13685	-0.001667718490904	-0.0046923480121469	-0.0054495354985568	Eif4ebp1
13869	-0.0010977161921151	-0.0003320544391263	-0.0003994895152146	Erbb4
20616	-0.000872036687153	0.0003917750593845	-0.0003965711106975	Snap91
16149	-0.0058888189810742	0.0208164638951493	0.0182008061331822	Cd74
381644	-0.0004180282623566	0.0001719931019671	-0.0004491356867096	Cep135
77976	0.0001903771373814	0.0015598267068457	-0.0002703365487969	Nuak1
17756	0.0005597627163602	0.0001284683211945	0.0005991653258607	Map2
70261	0.0001333393352105	3.226356988660448e-05	0.0001452481466421	Chp2
73884	-0.0032527940098536	-0.0065274714732483	0.0006576079611896	Zdbf2
52245	0.0005891673067638	0.0007562516175182	0.0005512689916771	Commd2
214137	0.0009770521883525	-0.0007551004235807	0.0006725098739078	Arhgap29
28113	-0.0014576844206002	0.000531774309165	-0.0014387635141497	Tinf2
18205	0.0009997280643583	0.0001722158835425	0.0007350273060852	Ntf3
76261	-0.0001426712308697	0.0004014799444242	-0.0009565400696742	0610040J01Rik
14264	-0.0	-0.0	-0.0	Fmod
320438	0.0099028090609898	0.0029010536749828	0.0067491330019444	Alg6
15945	0.0004121623352213	-0.0025272849451685	-0.0013459578612095	Cxcl10
73852	-0.0004570397290216	-0.0009134697786332	-0.0015186199859009	D3Ertd751e
103711	-0.0025070965861727	-0.0097544882369594	-0.0032748354976521	Pnpo
320495	0.0014614627868951	0.0009922409757894	0.0015267250000724	Ipcef1
270906	-8.766858115488961e-05	-7.875700323992724e-05	-8.913392341055744e-05	Prr11
30935	0.0013802648260135	0.0021903234610212	0.0037070984854267	Tor3a
53422	0.0162231448144997	0.0033198120747669	0.0114588135035759	Ybx2
320747	0.0	0.0	0.0	Lingo4
234199	0.0001884177310366	0.0014072543822356	-0.0004453781917854	Fgl1
19260	-0.0009797472613351	-0.000305171174894	-0.0008906421982278	Ptpn22
64706	0.00113148729814	-0.0021168834650116	0.0005994710893067	Scube1
22113	-1.3614798548038752e-05	1.9174895157631884e-05	2.6495094084376072e-05	Phlda2
241070	-0.0058705790062997	-0.0044121715310377	-0.0056559442882459	Gpr1
76441	-0.0	-0.0	-0.0	Daam2
226791	-0.0011902118804672	-0.0008754374451333	-0.0010364448218295	Lyplal1
236539	-9.520633139271726e-05	0.0001478393787095	0.000199509477531	Phgdh
18585	0.005825020755433	0.0005605108335415	0.0041601234047306	Pde9a
14945	0.0	0.0	0.0	Gzmk
434130	-0.0020435221581969	1.4647531607040932e-05	0.0035355754222837	Ccdc8
71228	-0.0009838093419008	-0.0045216465674264	-0.0019710382154529	Dlg5
330286	-7.648666276224285e-05	-0.0004850129209922	-0.0001520593963691	D630045J12Rik
106869	0.0005113723941826	-5.074771225393193e-05	0.0003408896630048	Tnfaip8
69684	-0.0011326938317455	0.0006156546000669	0.0031233896219125	Aarsd1
231162	0.0	0.0	0.0	Cytl1
72244	-0.0	-0.0	-0.0	1600014C10Rik
64929	0.0009225691348162	7.717690287978765e-05	0.0005194435754553	Scel
170721	0.0	0.0	0.0	Papln
107449	0.0001497120715438	0.0005891959039609	0.0002882416111755	Unc5b
76527	-0.0028362005925311	-0.0028399932077702	-0.002554267258722	Il34
18212	0.0003129360945451	0.0051681518492509	0.0033571334358483	Ntrk2
208715	0.0006995605342653	0.000833634383076	0.0007020305566664	Hmgcs1
26903	0.0138754188030207	0.0175445681046944	0.0075850421981765	Dysf
20928	0.0	0.0	0.0	Abcc9
18162	0.0002232745579133	-0.0019012069120205	-0.0009197736621972	Npr3
74748	0.0	0.0	0.0	Slamf8
12322	-0.0	-0.0	-0.0	Camk2a
67739	0.0045302859549205	0.0022327342637862	0.0054364678071856	Slc48a1
102502	-0.001240002960875	-0.0005164119245133	-0.0010671481188206	Pls1
55987	0.0008965592593691	0.0006024400068367	0.0005645365219017	Cpxm2
75564	7.461894186601939e-06	-4.934278747108114e-05	-0.0001383540052777	Rsph9
13522	0.0017505221248698	0.0008064611382451	0.0028812227210137	Adam28
17082	-0.0	-0.0	-0.0	Il1rl1
22401	-0.0004005779753168	0.0025058748304944	-0.0010758352332858	Zmat3
22417	0.0007705061167236	0.0019842194803228	0.0006090575011094	Wnt4
319634	0.0018120737304034	0.0002797658619379	0.002267989783574	Efcab5
69219	-0.0012534776144023	-0.0002759152795185	-0.0009842805165086	Ddah1
19736	0.0069835564031964	0.0032466027921888	0.0061532529311576	Rgs4
217082	-0.007538096387441	-0.01049545122728	-0.0051362116723802	Hlf
239364	0.0002789218351593	0.0002272532852145	0.0003994374466261	Tspyl5
26878	0.0009366165158016	0.0007913154194352	0.0042330602326259	B3galt2
216049	0.0013922446050214	0.0007307014274455	0.0014238224381338	Zfp365
78100	-0.0007225021319568	-0.0001626437269718	-0.0006580383915071	Msantd4
19769	0.0002118903888264	0.0008638609930659	-0.0023411851189172	Rit1
50934	-0.0001886242545589	0.0008961925859256	-0.0007210130936095	Slc7a8
15186	-0.0003644812353601	0.0006383813299897	-0.0002038216475453	Hdc
19173	-0.0132123703548997	-0.0032061391464446	-0.0102363319128447	Psmb5
14027	-0.0007430593578126	0.000770962976779	0.0003434478731308	Evpl
56811	1.899603137846792e-05	0.0004527431458433	0.0014653876947427	Dkk2
231130	-0.001736499029602	-0.0006424845976811	-0.0034269379369017	Tnip2
14632	-0.0	-0.0	-0.0	Gli1
69671	0.0	0.0	0.0	Tmem52
17079	0.0001555625364674	4.356398040667654e-05	0.0001761233308382	Cd180
14805	7.82975732462752e-05	4.740510918131429e-05	0.0001298651924698	Grik1
15505	-0.0094626215929634	-0.0017595548959121	-0.0088991674075035	Hsph1
109254	-0.0018128964839614	-0.0015237473415129	-0.0021563327129732	Adtrp
12824	0.0	0.0	0.0	Col2a1
11600	-0.0003211002031977	-9.833331734024892e-05	-0.0003355798661296	Angpt1
224697	-0.0	-0.0	-0.0	Adamts10
13497	0.0004078487383391	-0.0008489421002622	0.0004136506083009	Drp2
210573	0.0	0.0	0.0	Tmem151b
75669	0.0001729831855999	0.0002417332698495	0.0002531061493381	Pik3r4
69129	0.000632726221477	0.0001505837388642	0.0005017083749114	Pex11g
17127	0.0002729003153177	0.0004081202030607	0.0003685652816787	Smad3
22234	-3.987603323525511e-05	0.0023651893528137	0.0011361360820521	Ugcg
229791	-0.0	-0.0	-0.0	Plppr4
74470	-0.0003609214859463	-0.0001319119520554	0.0001010995007435	Cep72
330355	0.0003138377114153	0.00017990860781	0.0002640807507119	Dnah6
214106	-0.0006912034293699	-0.0006385011510647	-0.0003570848610088	4933430I17Rik
217558	0.0023763928732598	0.0027684367411456	0.0031613826103857	G2e3
19124	-0.0	-0.0	-0.0	Procr
21789	-4.6465961391063e-07	-0.0002191852885358	-0.0001992260564497	Tfpi2
13841	-0.0004015303005718	-0.0014667799714691	-0.0009756406013799	Epha7
17537	-0.0	-0.0	-0.0	Meis3
54381	-0.0046848227847047	-0.001885082333817	-0.0050825053693082	Cpq
23845	0.0	0.0	0.0	Clec5a
171180	-0.0	-0.0	-0.0	Syt12
27219	0.0	0.0	0.0	Sgk2
72902	-0.0010799775338766	-0.0003030806821226	-0.0008453860374987	Spock3
11689	-0.0	-0.0	-0.0	Alox5
330812	0.0005961414192181	-0.0051672923803089	-0.0002928077347707	Rnf150
14049	0.0	0.0	0.0	Eya2
11807	-0.0	-0.0	-0.0	Apoa2
94185	0.0042011350218689	-0.0007332528052015	0.0066505616982942	Tnfrsf21
109225	0.0	0.0	0.0	Ms4a7
545192	0.0	0.0	0.0	Baiap3
12986	0.0030493188922358	0.0024449771714514	0.0019526653494259	Csf3r
18476	0.0001128835249826	1.1731021687308984e-05	0.0008489525496229	Pafah1b3
14595	-0.0019544564727028	-0.0020626911242084	-0.0033552113800655	B4galt1
110385	-0.0007685033257862	-0.0005778056568853	-0.0006603845603914	Pde4c
170952	0.0	0.0	0.0	Prima1
74387	-0.0012398073590856	-0.0062789499128752	-0.0033293534240215	4932438H23Rik
70129	0.000271203030808	0.0011361387803189	0.0016107626181347	Slc44a4
72776	4.539001963980124e-05	-0.0008556458838584	-0.0003281811146636	Sass6
53625	0.0018953731296144	0.0023452069498277	0.0006293323912727	B3gnt2
71310	0.0078209564737443	0.0052403033817505	0.0073716732547905	Tbc1d9
21942	-0.0002446064326699	-0.0008446259236992	-0.0006355178401374	Tnfrsf9
56526	-0.0011613100815493	-0.0020170934982084	-0.0018356698109951	Septin6
216760	6.174065997590578e-05	1.479805463211132e-05	6.268423560852512e-05	Mfap3
319520	-0.0001653161962901	0.0002448614424643	0.0001573869939438	Dusp4
20750	-0.0032903108584643	0.0001254237713933	-0.0017867691195623	Spp1
12038	0.0003594121048134	-0.0011946565559989	0.0010448843922806	Bche
19249	-8.050815659632083e-05	-0.000143133470706	-0.0001188173260319	Ptpn13
72415	0.0001942812428988	-0.0002196306167679	0.0001229777670294	Sgo1
76866	-0.0022241420821897	0.0008754625799355	-0.0023754210845784	Morn1
19130	0.0012712979451711	-0.0005192754351576	0.0020433015915364	Prox1
20191	-5.890066404387309e-05	-2.2148806763547053e-05	-0.0001518279398291	Ryr2
12007	0.0	0.0	0.0	Azgp1
71755	0.0004131587923501	-0.0005020040086621	-0.0002433751877071	Dhdh
23831	-0.0	-0.0	-0.0	Car14
53601	0.0	0.0	0.0	Pcdh12
170706	-0.0011165477255029	-0.0038976337219305	-0.0026471831876983	Tmem37
72472	-0.0003647559038542	-9.938739826677189e-05	-0.0001335907018868	Slc16a10
170835	-0.0	-0.0	-0.0	Inpp5j
64176	0.0	0.0	0.0	Sv2b
66421	-0.0013669768364595	-0.0003636200372815	-0.0005703635813879	2410004B18Rik
77318	0.0	0.0	0.0	Ankrd55
67669	-0.0076236109815087	-0.0029847140366493	-0.003845511715246	Hikeshi
80909	0.0004000634354197	0.0005222445167896	0.0006199973918289	Castor2
231125	0.0002612593138685	0.0011118811566575	0.0014764165093803	Zfyve28
16847	-0.0001336634678976	-0.000162888367687	-0.0002317658397348	Lepr
74464	-0.004719871863155	-0.0004510419942681	-0.0035024417966079	Zswim5
72568	-0.0014427037804984	0.000930830931547	-0.0004652157352713	Lin9
56078	0.0003893029154928	0.0023257269556222	0.0009855774899077	Car5b
269423	-0.0002414643143594	9.0753042820277e-05	-0.0003908404909242	Abhd18
21847	0.0001793327490259	-0.0006394594712972	-0.000400078739794	Klf10
17390	0.0033748195192988	0.0005957702531233	0.0019337601581961	Mmp2
70676	0.0004515472971208	0.0003790285158751	0.0004794482693509	Gulp1
13041	0.0	0.0	0.0	Ctsw
320129	-0.0	-0.0	-0.0	Grk3
72017	0.0003095200054395	-0.0025065357392401	-0.0015952648529483	Cyb5r1
12266	0.0	0.0	0.0	C3
68764	-0.0	-0.0	-0.0	Cdhr3
232035	-0.0012423587264248	-0.0015863278982264	-7.897011099063976e-05	Ccser1
20104	0.0017160079033511	0.0008758459914265	0.0018089615225703	Rps6
114886	0.0	0.0	0.0	Cygb
104458	0.0059735401167718	0.003211915479852	0.0045725012650754	Rars
22780	0.0	0.0	0.0	Ikzf3
18933	-0.0022464917244679	-0.0018181603158131	-0.003113139750271	Prrx1
12525	0.0007610958035317	0.0053802049048697	0.0019825479228106	Cd8a
73825	0.0016978970610277	0.0013124843113376	0.0016483403686527	Ppp1r21
107766	-0.0	-0.0	-0.0	Haao
74513	-0.0236888571158173	-0.0027891074947943	-0.0078853389577352	Neto2
21743	-0.0	-0.0	-0.0	Inmt
17380	3.18708189474367e-05	-0.0005885413756095	-0.0003425873177065	Mme
214685	0.0006541934683944	-0.0034015576451952	-0.0018816784521856	Chadl
22637	0.0	0.0	0.0	Zap70
237073	-3.2387110964864826e-05	-5.457481763043287e-05	-9.261251281801296e-05	Rbm41
54698	0.0030559163588527	-0.005221571300901	0.0018868840020785	Crtam
78892	-1.3713807331767837e-05	-0.0008822485125138	-0.0007603929938829	Crispld2
381379	0.0003812038609991	-0.001154965212899	-1.2605970070392914e-05	Med19
22271	6.198747119354649e-05	0.0104176279968066	0.0116190699182465	Upp1
72778	0.0003542838354116	0.001087829739963	-0.0002635309530925	Dnajc22
72050	0.0019433070160337	0.0023303810239398	0.002115684913477	Poglut2
210808	0.0	0.0	0.0	Lacc1
18984	-0.0002637679696908	0.0001009054048692	-0.0001993273589565	Por
228852	-0.0003047555455926	-0.0035223916201927	-0.0006471487465251	Ppp1r16b
64817	0.0	0.0	0.0	Svep1
233752	0.0	0.0	0.0	Insc
67163	-0.0004217459488963	-0.0001191680212169	-0.000248112307966	Ccdc47
11931	0.000135056761928	0.001053271470138	0.0016899992353883	Atp1b1
268481	-3.2421358224835964e-05	-0.0001518674957724	-0.0005419143628691	Krt222
232370	0.0	0.0	0.0	Clstn3
104871	5.285655147388309e-05	-9.678317105358584e-05	7.79735910610534e-05	Spata7
114679	0.0	0.0	0.0	Selenom
13836	5.211586796344274e-05	7.513880410004973e-05	-2.8938697080343043e-05	Epha2
12842	-0.0001888341355759	-0.0005526862698424	4.6275550193798304e-05	Col1a1
73327	5.917961655584958e-06	0.0001712991927435	8.022988257450967e-05	Pradc1
20856	-0.0023691740295888	-0.0014277028921687	-0.0011365338490342	Stc2
19011	-0.0	-0.0	-0.0	Endou
207495	-0.0020681183552197	-0.0026031832944516	-0.0027540948409202	Baiap2l2
16531	0.00200303668949	0.0015573240907415	0.0022304996130888	Kcnma1
20907	-0.0061182133918971	-0.0037526962875326	-0.0070670222449114	Stx1a
83433	0.0020365469274342	0.0009017138447077	0.0007702937630229	Trem2
192216	-0.0017605526000127	0.0024973142317056	-0.0027964865208675	Tmem47
12166	0.0023379778518015	0.0014985667250419	0.0011925187617461	Bmpr1a
22378	-0.0013850822955301	0.0013415545275653	-0.0008476297288957	Wbp2
14735	0.0027459927143028	0.0095809005622804	0.0142565281679125	Gpc4
106564	-0.0080098369643459	-0.0052364365703971	-0.0081765714207331	Ppcs
74186	-0.0065984820721188	-0.0058985040318199	-0.0090376340536062	Ccdc3
11423	0.0	0.0	0.0	Ache
109674	1.1478276338818325e-05	2.618975911832897e-05	0.000242617809613	Ampd2
20893	-0.0024656084666127	-0.0005507283509445	-0.0011526570320943	Bhlhe40
80914	-7.61773718163933e-05	0.0001139824964718	-3.758281799741009e-05	Uck2
207792	0.0020363427770171	0.0040269964427012	0.0033798332858855	BC034090
22371	-0.0099919481345672	-0.0043409092247459	-0.0165708467545539	Vwf
208092	-0.0	-0.0	-0.0	Chmp6
18389	0.0	0.0	0.0	Oprl1
11717	-0.0023256916208849	-0.0028667193304619	-0.0028978789515356	Ampd3
227632	-0.0	-0.0	-0.0	Kcnt1
100019	0.0061801084672725	0.0041099317796701	0.0052781063757227	Mdn1
12307	-0.00091144042372	-0.0005570850174901	-0.0008931770135469	Calb1
20317	-0.0	-0.0	-0.0	Serpinf1
94180	0.001219424846608	0.0029095553852427	0.0008362488486059	Acsbg1
54486	-9.073875260352038e-05	-4.230294182050684e-05	-4.226687117093406e-05	Hpgds
75782	0.0027734089499835	0.0015070328428588	0.0030933841055012	Lca5
107587	-0.0065896217213027	-0.0012367972237021	-0.0026233000482114	Osr2
20912	0.0003959924537467	0.0004364963919172	0.0004669648745852	Stxbp3
70727	-0.0	-0.0	-0.0	Rasgef1a
16764	0.0008847391873079	0.0002272224815375	0.0006091656286702	Aff3
272031	-0.0	-0.0	-0.0	Plppr1
74717	0.0002852428510653	0.0005096739196415	0.0004901538285491	Spata17
118449	-0.000105331823305	0.0014203086710016	-0.0010888276346468	Synpo2
101502	-0.0066890332459943	-0.0039522925915853	-0.0058850764712263	Hsd3b7
240055	-0.0012450623931471	0.0002605537569025	-0.0027859519867824	Neurl1b
22771	-0.0001058989102765	0.000547949144079	0.0001012194957102	Zic1
57738	-0.0001277937955051	-3.563649758940984e-05	-0.000128350777836	Slc15a2
67512	-0.001042940660047	-0.0019436360789934	0.0004346350693025	Agpat2
193034	-0.0	-0.0	-0.0	Trpv1
381511	-0.0009386970639751	-0.0004999880887816	-0.000648809708846	Pdp1
14229	-0.0018738603652011	0.0020966808180634	-0.0011333825011807	Fkbp5
74589	0.0009621129740332	0.0012926168182316	0.0034568103629788	Kbtbd12
18768	-0.0003858024924312	-6.214853379052357e-05	-0.0002746031130719	Pkib
11733	0.0008523996456009	0.0011058982842977	0.000588377183567	Ank1
104601	-0.0	-0.0	-0.0	Mycbpap
207728	-0.0	-0.0	-0.0	Pde2a
23936	-0.0	-0.0	-0.0	Lynx1
109050	0.0	0.0	0.0	Inka2
12831	-0.0	-0.0	-0.0	Col5a1
67800	0.0002946861660096	-4.992140937772303e-05	0.0002515400478297	Dgat2
16591	0.0005770846279952	-0.0002941686685953	0.0008874017775375	Kl
19215	0.0	0.0	0.0	Ptgds
214359	-0.0	-0.0	-0.0	Tmem51
239554	0.0009176201439238	-0.0006503629024148	-0.0006376607588839	Foxred2
71699	0.0024212169113221	0.0019250259124104	0.0018915976356596	Slc41a3
66412	0.0007218334910887	0.0011264715237636	0.001729658174778	Arrdc4
65221	0.0	0.0	0.0	Slc15a3
22376	-0.0005627498235087	-0.0001234903541214	-0.0004056019336046	Was
102124	0.0015587398986252	0.0009063821978597	0.0037723748916637	Enkd1
108899	-0.0003502539001692	-0.0008686124878947	-0.0004349887075269	2700081O15Rik
104445	0.0007274182716256	0.000984359804023	0.0015780442472044	Cdc42ep1
66673	-0.0021690832616584	-0.001995456698647	-0.0033289347504922	Sorcs3
17064	0.0001283075533383	0.0004382145111849	0.0002825206021897	Cd93
67422	-0.0001108672462832	0.0058727987343095	0.0005581076917714	Dhdds
70951	-9.494726711035607e-05	-0.0004344896358385	0.0001405765836902	Spata1
399548	0.0	0.0	0.0	Scn4b
629499	-0.0062235978726936	-0.0044458748789084	-0.0052472036556902	Mroh8
70350	-0.0037365541847526	-0.0029946821530759	-0.001623417473441	Basp1
56362	-0.0	-0.0	-0.0	Sult1b1
20200	-0.0158126168472709	0.004777748282399	-0.0018611354418071	S100a6
20430	-0.0003168459241736	-2.5501997749894104e-05	-0.0003760044567965	Cyfip1
66329	0.0027065244270286	-0.000976180501986	0.0011951992111452	Susd3
15894	0.0042491190824253	0.014912322330461	0.0161722477319894	Icam1
18584	-0.0003063464089237	-0.0001563762426697	-0.0002354777037607	Pde8a
22256	1.478727457310622e-06	-3.229939233102943e-05	-1.579997705289518e-05	Ung
278180	0.0	0.0	0.0	Vsig4
107305	3.15715926129415e-05	4.835462233206375e-05	3.053669038409092e-05	Vps37c
244864	-0.0	-0.0	-0.0	Layn
279028	-0.0	-0.0	-0.0	Adamts13
234515	0.0028586556600087	0.000160651022657	0.0031503656750582	Inpp4b
13849	0.0	0.0	0.0	Ephx1
15163	0.0	0.0	0.0	Hcls1
12823	0.0001439623753523	0.0001111740546018	0.0003076711786351	Col19a1
103551	-7.297133988577592e-07	1.1699116203056504e-06	3.143655926738292e-06	Epop
100048534	0.0002583608751619	-0.0034980700109355	8.080105569235912e-05	Cfap43
100038882	-0.0	-0.0	-0.0	Isg15
14938	-0.0	-0.0	-0.0	Gzma
20475	-0.0018634606060035	0.000761429298081	-0.0020421593275104	Six5
100040591	0.0007376072739351	-0.0008150700886487	-0.0001241741668987	Kcnj13
214253	-0.0	-0.0	-0.0	Etnk2
69693	0.0	0.0	0.0	Pof1b
330301	0.0001980449655402	0.0006253003557573	0.0008722877734933	Zfp786
245638	-0.0011367728650855	-0.0001592185576309	-0.0003206885976696	Tbc1d8b
14623	-0.0003419507130862	0.000216238014941	-0.0005030074400128	Gjb6
208158	0.0	0.0	0.0	Map6d1
18823	0.0017224158119639	-0.000903586002909	0.0032140834796851	Plp1
71607	0.0022299752736062	0.0044863624776078	0.0044117353180621	Snx20
242297	-0.0011077565522247	-0.0014994061250555	-0.0004954816412525	Fam110b
19713	-0.0036885938005882	-0.0031074656496418	-0.001552338816966	Ret
347722	0.000336604202626	-1.6223929148571567e-06	0.0001954419814273	Agap1
242466	-0.0080623109172047	-0.0079401208187369	-0.0003692089637306	Zfp462
12298	-0.0004113953403907	0.0014151082486467	-0.0010450000645242	Cacnb4
56358	-0.0009149078994196	-0.0002758838471167	-0.0006723646023248	Copz2
238024	-2.769898963542364e-05	-0.0001983450572259	-0.0001511198408188	Fn3krp
17381	-0.0003733991240222	-0.0002424872534373	-0.0003302979174192	Mmp12
18294	0.0080141546008775	0.0062907117950161	0.00746271599398	Ogg1
13603	0.003561314491761	0.0017801111249898	0.0035781091006599	Opn3
16956	-0.0070225385883862	-0.0019469800764421	-0.0054296028046335	Lpl
56264	-0.0	-0.0	-0.0	Cpxm1
22352	-0.0003569325035143	0.0080492603167612	0.0044023403359392	Vim
11489	0.0014479378131681	0.0012720147246308	0.0021011391995297	Adam12
58998	0.0061469388556051	0.0012726891086691	0.0028296706998928	Nectin3
13643	-0.0017579609818678	-0.0014248022134633	0.0006518877872649	Efnb3
235040	9.656086755535045e-06	9.332268714701184e-07	5.424738982460323e-06	Atg4d
98170	-0.0	-0.0	-0.0	Tmem132a
58208	-0.0	-0.0	-0.0	Bcl11b
641376	-0.0	-0.0	-0.0	Tomm40l
22779	0.0006291301253248	-0.0002920482751183	0.0023277910005879	Ikzf2
110521	0.0051941935819489	0.0047822698348658	0.0055364697313905	Hivep1
23921	-4.481627864230142e-05	-1.078151636186407e-05	-1.575863035506917e-05	Sh2b2
227197	0.0005284776644787	0.000691788583496	0.0003379436509402	Ndufs1
21664	0.0001162801201137	-0.0004082787165167	-0.0001683994274473	Phlda1
16173	0.0	0.0	0.0	Il18
211712	-0.0011729684694081	-0.0005012865711239	-0.0008239545281348	Pcdh9
59030	-0.0015982792508233	0.0008351607602236	-0.0011716719659708	Mkks
28040	5.546981142425256e-05	-5.94157909372518e-05	9.751143077003456e-05	D6Wsu163e
74091	0.0008604754804669	0.0003463911708722	0.0007155448697428	Npl
17342	0.0059260362778188	0.0069837949867866	0.0067726718615383	Mitf
65115	-0.0	-0.0	-0.0	Bean1
93874	0.0	0.0	0.0	Pcdhb3
77034	-0.0013294047108727	-0.0002678992786608	-0.001401074391379	2510039O18Rik
13386	0.0	0.0	0.0	Dlk1
27762	-0.0012268568982814	-0.0016640575365586	-0.0016011331103143	Vwa7
170483	0.0	0.0	0.0	Grin3b
72008	0.0005107993003538	0.0004306152094548	0.0006601723074004	Zfyve19
217262	0.0005500811098938	-0.0002088414284414	0.0005187625153121	Abca9
237175	0.0002029126932853	0.0018939275882984	0.0002446676450476	Adgrg2
30806	-0.0	-0.0	-0.0	Adamts8
75769	-0.0052386361353303	0.0019296615020962	-0.0038388045399394	Plppr5
84036	6.094910496845354e-05	0.0001795831099607	0.0003846975768903	Kcnn1
21825	0.0007419227740446	0.0032245519030704	-0.0017847888348026	Thbs1
13710	0.0007944760917094	0.0003025964380699	-0.0010537128346732	Elf3
380924	3.940976302594946e-05	-2.8884527301104287e-05	3.757930638904825e-05	Olfm4
208890	-0.0	-0.0	-0.0	Slc26a7
67480	0.0014972718666725	-0.0006982860180451	0.001399227985179	Cwc25
13655	-0.0	-0.0	-0.0	Egr3
232146	5.259548950822027e-05	0.0001557523861583	0.0001641181031405	Eva1a
67976	0.0004010782114138	0.0021667987868957	0.0012590699546519	Trabd
236904	0.0016058457379988	-0.0006754429319885	0.0013332347136088	Klhl15
215456	-0.0	-0.0	-0.0	Gpat2
50765	0.0003207614312071	0.001168591155945	2.384547406911877e-05	Tfr2
338370	-0.0018015390631441	-0.0042307935276419	-0.0020344864600452	Nalcn
18441	0.0003466897780321	-0.0017568850697135	-0.0008410864267652	P2ry1
68799	0.0024613260246067	0.0020344457857576	0.0038882212602745	Rgmb
14823	-0.0003419990312419	-0.0003683175394663	-0.0004724162511654	Grm8
235281	-0.0	-0.0	-0.0	Scn3b
213208	0.0026110190346947	0.0058857155207361	0.0022334601910117	Il20rb
67865	0.0008338779194275	0.0005995200505226	-0.0001903483469695	Rgs10
15936	0.0001296935646653	0.0016049576379005	0.0017635214807525	Ier2
21828	-5.8250029238179335e-05	1.2856107852777702e-05	-5.985217280065316e-05	Thbs4
18413	-0.0005023746435875	-0.0003736112262134	-0.0002425665629167	Osm
67937	-0.0	-0.0	-0.0	Tmem59l
52033	-9.000267142157891e-05	0.0001239184226271	-3.775354411580335e-05	Pbk
54167	-0.0	-0.0	-0.0	Icos
171166	-0.0	-0.0	-0.0	Mcoln3
28240	1.3067925012276176e-05	-0.0001066274036951	-6.03665663231926e-05	Trpm2
13516	-0.0	-0.0	-0.0	Epyc
23948	-4.361031563673997e-05	-0.0001290429994378	-0.000150955297931	Mmp17
50500	0.0003677731144474	0.0001846075038262	-0.0002792362805389	Ttpa
66395	-0.001831121303025	0.0022274999726501	-0.0012534999815726	Ahnak
14545	-0.0011657278330094	0.0020799111607533	0.000148712690859	Gdap1
14119	0.0049456456139669	-0.007071719678134	-0.0009362815542021	Fbn2
207181	-0.0	-0.0	-0.0	Rbms3
14050	0.0029623034638429	0.0037751427937429	0.0052862666008984	Eya3
27999	2.4583647415158032e-05	0.0001124834120564	-1.0234496284271115e-05	Fam3c
66972	-0.0003622752979197	-0.0006945113557264	-0.0002643454105263	Slc25a23
18974	-0.0002100883601282	-0.0002821953202387	-0.0003311544851606	Pole2
235587	0.016359586041561	0.0203730179221174	0.0396234646305708	Parp3
238271	0.0135552937181689	0.0135140902227533	0.0145941874194442	Kcnh5
227059	-0.0006751602834494	-0.0001648493125821	-0.0004713073489649	Slc39a10
23967	-0.0	-0.0	-0.0	Osr1
30954	-0.0019893620197024	7.458929840395498e-06	-0.0004776788107997	Siva1
269774	0.0009241648738419	-0.0005034320045196	-0.0008762287948052	Aak1
13370	-0.0012821279848915	-2.061819017338213e-05	0.0006892569886849	Dio1
70466	-0.0016841225797874	3.339069900494508e-05	-0.0014108761962055	Ckap2l
170790	-0.0	-0.0	-0.0	Mlc1
66930	7.820964195809509e-05	2.0309387177130405e-05	7.593019084174657e-05	Fank1
13867	-0.000891527149471	-0.0016312404271477	-0.0019338488348037	Erbb3
18951	-0.0	-0.0	-0.0	Septin5
11496	-0.0003223449138564	-0.0005709327847648	-0.0010649082380438	Adam22
268465	-0.0036625282875125	0.001693315179905	-0.0048494928481958	Eme1
19416	0.0	0.0	0.0	Rasd1
66349	0.0003538694605472	0.0004944528391551	0.0003472890878576	Dmac2
12333	0.000389753460401	0.0005995231453316	0.0002519807954283	Capn1
268567	-0.0055797841156804	-0.0017182664017912	-0.0079048449208829	Tmem229b
217410	0.0001765391490327	-3.5508294739022535e-05	0.0001568313120051	Trib2
330890	0.0	0.0	0.0	Piwil4
21652	-0.0005176766651343	-0.0004079966913006	-0.0004296793149665	Phf1
209032	-0.000170771711521	-0.0004504502696907	-0.0002144017103355	Zc3hav1l
68479	-0.0002121688957957	-0.000445493124683	-0.0002292432937872	Phf5a
320696	-0.0014295045253862	0.0008076323319099	-0.0001309236486114	Ccdc158
224171	0.0005074659804536	0.0008773542887024	-0.0013657754902912	Cip2a
11881	-0.0047547001635129	-0.0046991664166887	-0.0030883421876201	Arsb
13139	-0.0003260394346926	-0.0036750979734437	-0.0015935113455114	Dgka
16797	0.0044214214219356	0.0013191410236275	0.0029093793538686	Lat
18150	-6.524372090413778e-05	0.0019469571398328	0.0026401993647391	Npm3
18779	-0.0004423687375192	-0.0006708702041773	-0.0009354493483462	Pla2r1
11815	-0.010924411570231	-8.794396362748408e-05	-0.0061492277207013	Apod
170711	0.0017785335794755	0.0025370291540708	-0.001691387297114	Otud7a
232560	-9.020188106432322e-05	-0.0017512797724047	-0.000626280546225	Caprin2
16891	-0.0013408628051204	-0.0036742001787249	-0.0005659037235635	Lipg
12805	-9.000013185087918e-05	-7.804394835164279e-05	-0.0001495601035037	Cntn1
74182	-0.0039720741977061	-0.0006489337961812	-0.0040295373926822	Gpcpd1
243277	-0.002899680993477	0.0009272952248664	-0.0030713741183265	Adgrd1
20371	0.0	0.0	0.0	Foxp3
227394	-0.0036664647829538	-0.0023936203085109	-0.0037826625545192	Slco4c1
16975	0.0006715238045583	0.0011306088888765	0.0006367338223878	Lrp8
226841	0.0028883995376893	0.0011862579483473	-0.0011926630494418	Vash2
104885	-0.0001379840880661	-0.0001215698730075	-0.0001118962015651	Tmem179
244723	0.0	0.0	0.0	Olfm2
67573	-0.0	-0.0	-0.0	Loxl4
15111	0.0	0.0	0.0	Hand2
19881	0.0	0.0	0.0	Rom1
108159	-0.0052538471908052	-0.0015515873248843	-0.0042345514286266	Ubxn8
67375	0.0003683826654325	9.00992765459811e-05	-0.0006743592756627	Qprt
20778	0.0005235803280967	0.0002409960069394	0.0001411812981273	Scarb1
20449	0.0003161939516291	-0.0002854424657453	0.0004737815368984	St8sia1
11554	0.0001783556581793	-0.0007752664927905	0.0004049063466146	Adrb1
53791	0.0053233726513011	0.0067909931027774	0.0037495272282688	Tlr5
27056	-0.0027699000067588	-0.0005260026102616	-0.0013774182410089	Irf5
14766	-0.001165155485807	-0.0029003326672932	-0.0031248790775231	Adgrg1
72948	0.0024500054752263	-0.0032911697453927	-0.0023016818731496	Tppp
633640	0.0008153481553869	0.0011918391809722	0.0011240967136537	Tmem267
99512	-0.0005800727043795	-0.0002231176078894	-0.0004629074341776	Wdr47
12702	0.0015721456405541	0.0024965481763344	0.0029358274018282	Socs3
238257	-0.0010841108199514	-0.000994019656319	-0.0005735208892672	Tmem30b
13175	-0.0008782660881941	-0.0010474531103467	6.649648628783832e-05	Dclk1
78284	0.0036695793674564	0.0020117924810902	0.0026309076472217	Creb3l4
384763	0.0001813243460622	3.082743519895986e-05	0.0001753362940776	Zfp667
58223	-0.002855385471047	-0.00197362381492	-0.0034679892824867	Mmp19
216867	0.0003981868611094	0.0002766872437972	2.7560111652304763e-05	Slc16a11
18227	0.0001790738761142	-0.0001814111982814	0.0001608275177745	Nr4a2
67103	6.770235602303725e-05	-0.0001823388463398	-9.502624338782208e-05	Ptgr1
22671	-0.0	-0.0	-0.0	Rnf112
105727	0.0024681524792646	0.002209006495766	0.0026670300895773	Slc38a1
54561	-0.0111246168737817	-0.0024484956061146	-0.0072763699825163	Nap1l3
12501	0.0	0.0	0.0	Cd3e
56533	-0.0003715142065685	-8.311721062587908e-05	-0.0002752807427944	Rgs17
81904	-0.0	-0.0	-0.0	Cacng7
231470	0.0011337899314488	0.0004680495423144	0.0017233577090531	Fras1
320664	-0.0009231451438016	0.0005059807940367	-0.0004034639967805	Cass4
72584	0.0001788906543757	7.519224899546255e-05	-3.3621988999251766e-05	Cul4b
22785	8.766942482385679e-05	-0.0004812331450681	4.776989761644214e-05	Slc30a4
192192	0.0039689400099632	0.0005829621214651	0.0020833275483528	Shkbp1
546611	-0.0033031050584564	-0.0029409643459153	-0.0004453155253488	Klhl33
20277	-0.0	-0.0	-0.0	Scnn1b
140571	-6.862173479879116e-05	-0.0003179767641635	-0.0001607847038858	Plxnb3
106572	-0.000129079872749	-5.736747680396085e-05	-7.691037595257896e-05	Rab31
100072	-0.0042966709668352	-0.0017809153659396	-0.003450371130965	Camta1
101685	0.0004369743973106	-0.0002538519836483	-0.0007710561586704	Spty2d1
77579	4.788469585020568e-05	-0.0017898367854694	-0.0019363803137163	Myh10
12876	-0.0002550590665325	-4.2845453810947975e-05	-0.0006647534657245	Cpe
226591	-0.0021850571776477	-0.0011367498699645	-0.0021681601154088	Tiprl
108811	-0.0119115502757478	-0.0122691516783846	-0.0122670298962202	Ccdc122
83674	1.1755264917421155e-05	1.5827647542954898e-05	8.234154849044626e-06	Cnnm1
14733	0.0	0.0	0.0	Gpc1
18619	0.0	0.0	0.0	Penk
17117	0.0064756480272096	0.0050272889643166	0.0061954958843562	Amacr
13506	0.0001379340368754	0.0001308304071642	0.0002296583410907	Dsc2
435965	-0.0	-0.0	-0.0	Lrp3
14675	-0.0001429633380197	-6.197939847269943e-05	-0.0001116463003298	Gna14
18563	0.0004074773179319	0.0046551684254782	-2.497892867607819e-05	Pcx
102871	-0.0059102811786522	-0.0009646957840178	-0.0072620011573208	Radx
14261	-5.322407424276598e-05	-0.0001350771587891	-2.475370700378144e-05	Fmo1
209837	-0.0	-0.0	-0.0	Slc38a5
78560	-0.0	-0.0	-0.0	Adgra2
98752	0.0	0.0	0.0	Fcrla
110351	0.0	0.0	0.0	Rap1gap
12902	-0.0034717712610671	-0.0041310845024499	-0.0028070292401044	Cr2
27273	-0.0	-0.0	-0.0	Pdk4
230514	0.0022556624518548	-0.0005744854162335	0.0015596110349665	Leprot
235402	-0.0004833362794602	-0.0005515702232364	-0.0008203307627685	Lingo1
22409	0.0	0.0	0.0	Wnt10a
67784	0.0009343516672075	0.0003245398584235	-0.000701811511711	Plxnd1
234267	0.0007492779904849	0.0001563875780373	0.0006065647586353	Gpm6a
58180	0.0049051035518865	0.0019349505936569	0.0044082151820185	Hic2
68760	6.874968365882525e-05	2.129749514925508e-05	4.988254625934992e-05	Synpo2l
58802	0.0001301592981447	-9.364087103070476e-05	3.984153964810299e-06	Kcnmb4
105193	-0.0	-0.0	-0.0	Nhlrc1
59009	9.333690674855348e-05	3.0036800516897464e-06	7.765619813623649e-05	Sh3rf1
66279	0.0018553742307588	0.0016282651608586	0.0021908907308939	Tmem218
238328	-0.0	-0.0	-0.0	Vash1
56485	0.0	0.0	0.0	Slc2a5
102545	-0.0006666582620581	-0.0013848574529158	-0.000591506270055	Cmtm7
23966	0.0	0.0	0.0	Tenm4
22223	0.0008164303709207	0.0003110047724552	0.0004806061062043	Uchl1
110197	-0.0007465551556048	4.913562549837815e-05	-0.0004729404766501	Dgkg
12351	-0.0	-0.0	-0.0	Car4
232821	-0.0008062907726816	9.258174170816372e-05	0.0002651956233219	Ccdc106
17868	-0.0	-0.0	-0.0	Mybpc3
238799	-1.4367999499424467e-05	2.6926224861502703e-06	-2.1405913350342165e-05	Tnpo1
211484	0.0005498208951969	0.0002943089432235	0.0004864922905031	Tsga10
70381	-0.0001351976894618	-0.0001186121429626	6.576702611825321e-05	Tecpr1
22029	-0.0009018694307029	-0.0002442375625817	-0.0001750012445882	Traf1
77015	0.0003262127413658	-0.0001756864584055	0.0004780952229091	Mpped2
233878	-0.0004445434069012	2.622839258898925e-05	-0.0003015372704232	Sez6l2
54710	1.3392240560949368e-05	-7.644837121618667e-06	-5.993890869971043e-07	Hs3st3b1
75906	-0.00031707143656	-0.0001916648145544	-0.0004585696632964	Fam184a
83921	0.0011407035268748	0.0007813304289802	0.0003871195410873	Cemip2
56534	0.0	0.0	0.0	Hspb3
22695	-0.0045064991831321	-0.0033969116011437	-0.0048570692141427	Zfp36
53619	-0.004436842226635	-0.0034445074246357	-0.0030874309953342	Blcap
23836	0.0002626733465018	0.0002632509096033	0.0001708915473062	Cdh20
27801	-1.010163888996996e-05	-1.4227948106685329e-05	-1.2681316856861312e-05	Zdhhc8
83965	-0.0074535721533157	-0.0060878947737406	-0.0068875595678574	Enpp5
15460	-0.0	-0.0	-0.0	Hr
54598	-0.0064421037990288	-0.0079968868079668	-0.0076827190600184	Calcrl
194388	0.0025212050345489	0.0028666559046672	0.0028957089152813	Tet3
69454	-0.0	-0.0	-0.0	Clic3
20897	0.0	0.0	0.0	Stra6
50766	0.0	0.0	0.0	Crim1
330627	0.0	0.0	0.0	Trim66
104156	-0.0014751651481749	-0.0010703585502595	-0.0015357872718517	Etv5
58994	-0.0019116620391314	-0.0021285062797231	-0.0015680483776114	Smpd3
67564	-0.0	-0.0	-0.0	Tmem35a
16176	-0.0	-0.0	-0.0	Il1b
105239	-0.0001470308048171	0.0001144384567369	-5.890183122467576e-05	Rnf44
71803	0.0	0.0	0.0	Slc25a18
12294	-0.0052740900092564	-0.0049761541308504	-0.0057417171509086	Cacna2d3
12346	-0.0	-0.0	-0.0	Car1
14184	0.0021522205072391	0.0041707040392055	0.004654866969176	Fgfr3
225724	0.0	0.0	0.0	Mapk4
27276	-0.0106638061005815	-0.0002495176947144	-0.0064426296274984	Plekhb1
319655	-0.0	-0.0	-0.0	Podxl2
231724	-0.0006055340272903	-0.0013074906480156	-0.0008424229659221	Rad9b
