Unnamed: 0	coef	c_control	c_perturbed	delta	symbol	label	log2FC_control_L2C_vs_E2C
106564	-0.0135232414082074	-0.0242285731873341	-0.0184971262320425	0.0057314469552915	Ppcs	zygotic	3.68209304625334
16601	-0.0199327545924369	-0.0241336283521928	-0.023050318545831	0.0010833098063618	Klf9	neither	3.5689305517331613
27060	-0.0197553981590382	-0.018126725940914	-0.0117394966187317	0.0063872293221822	Tcirg1	neither	2.494366082701327
100515	-0.0159699150769967	-0.0173483578562486	-0.0136690591287385	0.0036792987275101	Zfp518b	neither	3.183372712030688
64660	-0.0172252482723226	-0.0143911501622775	-0.0060476570992525	0.0083434930630249	Mrps24	neither	2.4976648336743312
11932	-0.0123935746219988	-0.0141920222080346	-0.0183565869205358	-0.0041645647125012	Atp1b2	neither	2.634704110497529
84095	-0.0159147928360484	-0.0140003007093814	-0.0132883381288194	0.0007119625805619	Pi4k2a	neither	2.687972699307372
71461	-0.012004434760982	-0.0138958865195154	-0.0109838039074888	0.0029120826120266	Ptk7	neither	2.9996025222964957
93689	-0.0124910575885697	-0.0130151704791604	-0.0118369074462848	0.0011782630328755	Lmod1	neither	2.609312451972909
93695	0.0208409516036422	-0.0127708776170601	-0.0079406966179796	0.0048301809990805	Gpnmb	neither	-1.4149865900968823
74513	-0.0226848081242841	-0.0127229557367983	-0.0088269606864861	0.0038959950503122	Neto2	neither	1.9045112131847493
14114	-0.0109996770248664	-0.012382312834787	-0.011558543202003	0.0008237696327839	Fbln1	neither	2.607715182033137
105193	-0.0145408987117117	-0.0118557692177069	-0.0076091355556542	0.0042466336620527	Nhlrc1	neither	1.2133362851763
15507	-0.0124378493375378	-0.0118293500559436	-0.0060756772335388	0.0057536728224047	Hspb1	neither	2.553387734905313
66614	-0.0135171916648691	-0.0114390782682141	-0.0044251030991288	0.0070139751690852	Gpatch4	neither	2.747256212594745
15505	-0.0148239561167266	-0.0113281600464549	-0.0078023291512662	0.0035258308951886	Hsph1	neither	2.489329719814067
108811	0.0117628958452925	-0.010965161610287	-0.004874990547795	0.0060901710624919	Ccdc122	neither	-1.7857339098018197
54561	0.0126995911372371	-0.0109186130762505	-0.0073439110904192	0.0035747019858313	Nap1l3	neither	-1.8785786177339845
101502	0.0069236226098607	-0.0108613641646487	-0.005645022948634	0.0052163412160147	Hsd3b7	maternal	-2.851646990035836
11363	0.0146639410091333	-0.0106557813419868	-0.006731838628022	0.0039239427139647	Acadl	neither	-0.8666670815682292
22371	0.0318652630901548	-0.0095851968308141	-0.0032385672991089	0.0063466295317051	Vwf	neither	-0.4798499734589456
226830	0.0318049534532745	-0.009535884209851	-0.0117529808418292	-0.0022170966319781	Smyd2	neither	-0.398169932683516
242466	-0.0108558451370657	-0.0095066357044001	-0.0103789085573238	-0.0008722728529237	Zfp462	neither	2.7289713897231955
72825	-0.0081923167922336	-0.0092379786628296	-0.0068135025991048	0.0024244760637247	Mon1a	neither	3.335057772426198
11815	0.0168541970635297	-0.0091752500418635	-0.0057301920772081	0.0034450579646554	Apod	neither	-0.8854469701280948
227656	-0.0118473669001416	-0.0091611972398491	-0.0086870914152832	0.0004741058245658	Rexo4	neither	2.5313746595377187
19173	-0.0089547029370377	-0.0090519633671296	-0.0100471005149964	-0.0009951371478667	Psmb5	neither	2.724972032514702
12824	0.0070570131308979	-0.0090490020260629	-0.0047254589496047	0.0043235430764581	Col2a1	neither	-1.8091012260299115
269615	-0.0128410093257001	-0.0088619939779669	-0.0115664494315857	-0.0027044554536188	Plch2	neither	1.576150427561842
70099	-0.0343869985651042	-0.0085814755366898	-0.0030192689480025	0.0055622065886872	Smc4	neither	0.9655708166193212
100502698	0.0173069640644666	-0.0084815629822563	-0.0109518953265212	-0.0024703323442649	Rubcn	neither	-1.2173090583796309
66522	0.0115780449164405	-0.0083454057248466	-0.0047847871297945	0.003560618595052	Pgpep1	neither	-1.3907181789604917
71913	-0.0062678211586407	-0.0081349888867301	-0.0066145252471861	0.0015204636395439	Tmem79	neither	3.782083417971572
228852	-0.0054356918886461	-0.0079681103338643	-0.0046619622203701	0.0033061481134942	Ppp1r16b	neither	4.264402611969291
330171	0.0220652463980956	-0.0079339109081632	-0.007088705289364	0.0008452056187992	Kctd10	neither	-0.8052517257315942
381101	-0.006083071094564	-0.0079266491817116	-0.0071488240928456	0.000777825088866	Dnph1	neither	2.196125675970317
12266	0.0073561039700999	-0.0078991435659775	-0.0015010439366895	0.006398099629288	C3	neither	-1.4145378986586137
74186	0.0069277151550042	-0.00757375340325	-0.0058061106001033	0.0017676428031467	Ccdc3	neither	-2.2009526085355007
330627	0.0143465561100924	-0.0072355256946015	-0.004024762631865	0.0032107630627365	Trim66	neither	-0.5184537807080837
21356	-0.0121541664744577	-0.0072225084670212	-0.0022808439540511	0.0049416645129701	Tapbp	neither	1.7178197731139486
224008	0.0119401617634068	-0.0070504332859743	-0.0059584353561819	0.0010919979297924	Spidr	neither	-1.4881671507121528
75695	-0.0139715720778124	-0.0069997465497646	-0.0053163191442286	0.001683427405536	Rilpl1	neither	1.3568300418809704
20229	-0.0094159956848959	-0.006939686779868	-0.0059140072341295	0.0010256795457384	Sat1	neither	2.418734114112923
16453	0.0170701989453279	-0.0065727885051213	0.0025292164805945	0.0091020049857158	Jak3	neither	-0.3277117127020754
74020	0.0082013251748854	-0.0064031027447396	-0.0001452413847905	0.006257861359949	Cpne4	neither	-0.6144297052508388
16147	0.0105067355380972	-0.0063644336213253	0.0056044263971133	0.0119688600184387	Ihh	neither	-0.3465897381650668
12023	0.0081905962649039	-0.0062549832026858	-0.0060151315120144	0.0002398516906713	Barx2	neither	-0.9183831412520724
654812	-0.0053645519748345	-0.0061739958958192	-0.0003290368013549	0.0058449590944642	Angptl7	neither	1.2057925812519523
22403	0.0114625168675366	-0.0061572235461945	-0.004601967219917	0.0015552563262775	Ccn5	neither	-1.47420263112715
13602	0.0144363158362076	-0.0060716493172806	-0.0059956924999231	7.595681735751095e-05	Sparcl1	neither	-0.6198352190568629
74414	-0.0252309299812885	-0.0060599402187425	-0.0042343321171009	0.0018256081016416	Polr3c	neither	1.0637277471259343
212547	-0.007450619538041	-0.0060198530672448	-0.0052043127073739	0.0008155403598708	Nepro	neither	2.5559817357216934
16956	0.0100407562732165	-0.0059621998816078	-0.003330808259091	0.0026313916225167	Lpl	neither	-1.4183005316580186
27276	0.0286733961106819	-0.0057981380590021	-0.0074776807700456	-0.0016795427110434	Plekhb1	neither	-0.284849911400339
67669	-0.0132658419321509	-0.0057331220486125	-0.0056622558937535	7.086615485899818e-05	Hikeshi	neither	1.4689536791158118
16570	-0.0051326129753833	-0.0056637731842126	-0.0042618690332097	0.0014019041510028	Kif3c	neither	3.3058132774172995
67728	-0.0055209489354074	-0.0056586523199586	-0.004798307695172	0.0008603446247865	Dph2	neither	3.0154618736702696
20474	0.014164964321789	-0.005646969927168	0.0001714770635541	0.0058184469907222	Six4	neither	-1.0446410369102963
72486	0.0056550793371337	-0.005636900779879	-0.0044698339396035	0.0011670668402754	Obi1	neither	-2.5806249814498967
20500	-0.004906357302801	-0.0056228069026446	-0.0042425145148671	0.0013802923877775	Slc13a2	neither	2.216236734708018
16997	0.0076858443602156	-0.0055891358856831	-0.0064768980044677	-0.0008877621187846	Ltbp2	neither	-1.6180212600554336
22352	0.0064519669796076	-0.0055843168260344	-0.0021389069119903	0.0034454099140441	Vim	neither	-1.8583864651197468
75568	-0.0057397308471646	-0.0055688164676886	-0.003579329770298	0.0019894866973905	Capsl	neither	1.116244449963743
94214	0.014128147653853	-0.0055148946371794	0.0024291461917791	0.0079440408289585	Spock2	neither	-0.5166682735239421
333088	0.0077089311174519	-0.0054257495148996	-0.0021220534980734	0.0033036960168262	Kcp	neither	-1.123469284705118
241070	0.0042688501823929	-0.0053815835895065	-0.0038780291247759	0.0015035544647306	Gpr1	maternal	-3.00414114816337
69215	-0.0065722881969924	-0.0052650057776089	-0.0067829246663886	-0.0015179188887797	Sat2	neither	2.0285574239958577
20564	0.0131897510562176	-0.0052559076853401	-0.0059191402366679	-0.0006632325513277	Slit3	neither	-0.6157969735158063
68458	-0.007295165131602	-0.0052349808348828	-0.0052559978324045	-2.101699752170109e-05	Ppp1r14a	neither	1.4175574617994495
16450	0.0153344759666431	-0.0052173128848178	-0.0065886827987859	-0.0013713699139681	Jag2	neither	-0.7245154017300078
66513	-0.0058727146058333	-0.0052000059200884	-0.0042343757765016	0.0009656301435867	Tab1	neither	1.8815218418339663
68611	-0.0083811550794758	-0.005184790179538	-0.0035592370426901	0.0016255531368479	Mrpl28	neither	1.8846192355187923
13685	-0.0090876729400328	-0.0051396590199485	-0.0059305307034622	-0.0007908716835137	Eif4ebp1	neither	1.7659953934055632
108699	0.0215830813307895	-0.0051170910728526	-0.0022728749267342	0.0028442161461184	Chn1	neither	-0.4648898612949028
54353	0.0201600645841081	-0.0049660883919461	-0.0023621445979302	0.0026039437940159	Skap2	neither	-0.4898791187567199
16373	0.0053907611700252	-0.0049070444391158	-0.001377667363886	0.0035293770752297	Irx3	neither	-1.0509472219185467
15559	-0.0067175269337704	-0.0048515860329216	-0.0042883596454956	0.000563226387426	Htr2b	neither	0.875536165501422
59083	0.0046518311739354	-0.0048135275849284	-0.0033068246763977	0.0015067029085306	Fetub	neither	-2.43389889558711
50794	-0.0101896636029432	-0.0047942980953455	-0.0022692321905644	0.002525065904781	Klf13	neither	1.587127037668506
30059	-0.0035929002790336	-0.0047913142064647	-0.0056916677533608	-0.000900353546896	Timm10	zygotic	3.5765206602560227
13032	-0.002722166970166	-0.0047858629441394	-0.004294781821779	0.0004910811223603	Ctsc	neither	5.134997424027517
16007	0.0048639311053445	-0.0047611157237183	-0.0009173598198011	0.0038437559039171	Ccn1	neither	-1.714281347214382
242509	0.0121625090009995	-0.0047329411196	-0.00285360543021	0.0018793356893899	Bnc2	neither	-0.911912843629803
320974	-0.0073728989782958	-0.0047145705425617	-0.0031632894095435	0.0015512811330181	Lrrn4	neither	2.013972045054913
170768	-0.0051223167767096	-0.0046929939963815	-0.0034896087179593	0.0012033852784221	Pfkfb3	neither	3.071439139686327
20750	0.0033498433035269	-0.0046924153825025	-0.0021215047283373	0.0025709106541651	Spp1	neither	-2.008552112016371
66169	-0.0078608269084648	-0.0046626425891352	-0.0050644297366403	-0.000401787147505	Tomm7	neither	1.850464969746198
100072	0.0068007936569947	-0.0046482948215268	-0.003654651962652	0.0009936428588747	Camta1	neither	-1.7479994116662323
77065	-0.003435615552911	-0.0045197751934555	-0.002735719157073	0.0017840560363824	Ints7	neither	3.846606408480898
110446	0.0135073548993139	-0.004485848737548	-0.0041671384888327	0.0003187102487152	Acat1	neither	-0.7326096740010178
54598	-0.0117849926477313	-0.0044790007698279	-0.0057150813212944	-0.0012360805514664	Calcrl	neither	0.8661231318767839
192216	0.0102290707136155	-0.0043603152101978	-0.0032258640157518	0.0011344511944459	Tmem47	neither	-0.8765150366484249
104943	0.003000564844127	-0.0043522708212469	-0.0034021975371855	0.0009500732840614	Fam110c	maternal	-3.417735646176133
83965	0.0084129559894151	-0.0043396467752632	-0.0031299394732073	0.0012097073020558	Enpp5	neither	-1.2138421381040765
17916	0.0066294198549797	-0.004252284190026	-0.0014123603521907	0.0028399238378353	Myo1f	neither	-0.5942380246071268
70350	-0.0051854278735059	-0.004222222420882	0.0008060789732747	0.0050283013941567	Basp1	neither	2.119087205016203
268465	-0.0052766296532564	-0.0041720099031758	-0.0029919284253268	0.001180081477849	Eme1	neither	2.478379529035552
14534	-0.0099278063097291	-0.0041340594061557	-0.0026850937106728	0.0014489656954829	Kat2a	neither	1.527440346521184
14580	0.0087059070092148	-0.0041205700130343	-0.0054369220575963	-0.0013163520445619	Gfap	neither	-0.6518857970738575
12525	0.0065046972148966	-0.0040613960736628	-0.0030439076052356	0.0010174884684272	Cd8a	neither	-0.6116280417181619
170799	0.009901439231426	-0.0040576969782866	-0.005132016473798	-0.0010743194955113	Rtkn2	neither	-0.849090145691101
18976	-0.0090411235816724	-0.0040400894472488	-0.005368234311407	-0.0013281448641581	Pomc	neither	0.4067406691393514
74464	0.0089643429680888	-0.0040339951037714	-0.0033629273142446	0.0006710677895268	Zswim5	neither	-1.038520103075005
12294	0.0099765784009577	-0.0040243819870085	-0.0021857701613994	0.001838611825609	Cacna2d3	neither	-0.8506839411823784
381798	-0.0039278449959554	-0.0040216857208979	-0.0027823345575443	0.0012393511633536	4930590J08Rik	neither	1.843262787157791
16854	0.0136400492405075	-0.0039919973630471	0.0050061753852507	0.0089981727482978	Lgals3	neither	-0.068318534336184
76884	0.0051735112695876	-0.003985954816611	-0.0023417723735573	0.0016441824430536	Cyfip2	neither	-1.9343751325385228
20692	-0.0087963625981467	-0.0039850374045225	0.0010622916124611	0.0050473290169837	Sparc	neither	1.1894205509666769
76267	-0.0118025045079892	-0.0039774252078437	-0.0056042447514348	-0.001626819543591	Fads1	neither	0.9454321422075364
13631	0.0044155846831341	-0.0039729320795959	-0.002401138977715	0.0015717931018808	Eef2k	neither	-2.34850663432987
20893	0.0061395216515705	-0.003937695955707	-0.0028101885332198	0.0011275074224872	Bhlhe40	neither	-1.5551097580150923
20371	0.0068142796391156	-0.0039370650693013	-0.005244655774394	-0.0013075907050926	Foxp3	neither	-0.8179972250545902
29877	0.0081379440796228	-0.0039151517520404	-0.0008392948645355	0.0030758568875048	Hdgfl3	neither	-0.5408336765918872
77630	0.0110900813438394	-0.0038589124795361	-0.0061595047174912	-0.0023005922379551	Prdm8	neither	-0.0749594834006051
231050	-0.0086772570753825	-0.0038306564577338	-0.0036270782832389	0.0002035781744948	Galnt11	neither	1.5019410086770966
381853	0.0030852480269386	-0.0037810711080784	-0.0013741037213422	0.0024069673867361	Gipr	neither	-1.597568683876684
18142	-0.0094200342833246	-0.0037587802832335	0.0011705954889084	0.0049293757721419	Npas1	neither	0.6044111368015352
102774	0.0051238684122304	-0.0037265864362236	-0.0043027340342112	-0.0005761475979876	Bbs4	neither	-1.9077740231010505
16870	0.0075983812527356	-0.0036723535056255	-0.002995270506574	0.0006770829990515	Lhx2	neither	-0.907944101703934
329941	-0.0045183161788474	-0.003668619243055	-0.0037160897570447	-4.747051398970234e-05	Col8a2	neither	1.628238795104446
69487	-0.0037302144684479	-0.0036467401845519	-0.0027071619832867	0.0009395782012652	Ndufaf5	neither	2.348832726833479
26878	-0.0090800091508821	-0.0035810457980683	-0.0016409044488229	0.0019401413492453	B3galt2	neither	1.2538217732246697
83453	-0.0115256302973916	-0.0035379409237447	0.0069335400095414	0.0104714809332862	Chrdl1	neither	0.6563853695789804
20613	-0.0047248607329138	-0.0035369991800437	-0.0030362178065721	0.0005007813734716	Snai1	neither	2.2353293713678752
234854	-0.0084927408938308	-0.0035360404017125	-0.0013012423626176	0.0022347980390948	Cdk10	neither	1.2813197253906314
58223	-0.002220312595728	-0.0034706696790261	-0.0036539554912184	-0.0001832858121922	Mmp19	neither	3.974860569514886
226841	0.0050382193838479	-0.0034502646605959	0.000612818268578	0.004063082929174	Vash2	neither	-0.5785809400028228
12298	0.0055443728420321	-0.0034164012152312	-0.0019955482286804	0.0014208529865508	Cacnb4	neither	-0.79562459891039
268567	-0.0078754544043507	-0.0034100379605482	-0.0021064177001891	0.0013036202603591	Tmem229b	neither	1.57632179852278
55927	0.0059587541706369	-0.003383832234046	-0.00206863169396	0.001315200540086	Hes6	neither	-1.059219197944504
26939	-0.0025403781480784	-0.0033706477677092	-0.0028147183556755	0.0005559294120336	Polr3e	neither	4.178311089476739
78797	-0.012601554221279	-0.0033405571370741	-0.0009923296469047	0.0023482274901694	Ndor1	neither	1.173702306686588
57444	-0.0048294262298283	-0.0033030732247251	-0.0004982118620776	0.0028048613626474	Isg20	neither	1.4712373031407475
77609	0.0086840302023088	-0.0033026658174123	-0.0102871619477676	-0.0069844961303553	Ccdc151	neither	-0.4444173369349817
140742	-0.0155481829539036	-0.0032778659339814	-0.0076739497434301	-0.0043960838094487	Sesn1	neither	1.0955300913715609
59030	-0.0075628284356263	-0.0032777735709607	-0.0004496138625329	0.0028281597084277	Mkks	neither	1.4957127874063538
22271	0.0111983487245259	-0.0032110086987021	-0.0015211148201088	0.0016898938785933	Upp1	neither	-0.4568610169295806
57344	0.0046512919178934	-0.0031866258372082	-0.0026713309404335	0.0005152948967746	As3mt	neither	-0.5844836767766781
245555	0.0044225121336441	-0.0031652714049203	-0.0010181148807798	0.0021471565241404	Nexmif	neither	-1.6223375458075475
19275	-0.0034613958656814	-0.0031403182345854	-0.0001057437417086	0.0030345744928767	Ptprn	neither	1.083269678481233
20907	-0.0064486937687304	-0.0031063292731195	-0.0039110690258967	-0.0008047397527771	Stx1a	neither	1.078035140709115
231147	0.0042612119941628	-0.0030942353452002	-0.0042202183372857	-0.0011259829920854	Sh3tc1	neither	-1.2165509226579587
73852	0.0063915264915353	-0.0030789984363968	-0.0014229250585746	0.0016560733778222	D3Ertd751e	neither	-0.7744495014763972
100061	-0.0128711007001872	-0.0030653778775315	-0.000961783014272	0.0021035948632594	Lrrc19	neither	0.6575392454134174
225845	-0.0109497674033013	-0.0030353514270438	-0.0027007603704406	0.0003345910566031	Plaat3	neither	1.0023254214786983
14766	0.0049487416734817	-0.0029815406258241	-0.0025036983028206	0.0004778423230035	Adgrg1	neither	-1.5048282126442782
77889	0.0072375675349063	-0.0029273115808176	-0.0008834835656614	0.0020438280151561	Lbh	neither	-0.5742992376410878
11881	0.0063812477197798	-0.0029077965122127	-0.001666093744704	0.0012417027675086	Arsb	neither	-1.0283040285707938
52463	-0.0025895754085666	-0.002897915719021	-0.0027845461526926	0.0001133695663284	Tet1	neither	3.4952060760640444
52009	0.0066003997543273	-0.0028627097851487	-0.0010560624614958	0.0018066473236529	Jpt2	neither	-1.0532956762506651
21940	-0.0073410363036049	-0.0028369854977206	-0.0018413806976587	0.0009956048000619	Cd27	neither	0.6479955996925559
21334	0.0035245664890807	-0.002823594372539	-0.0008126478445906	0.0020109465279483	Tac2	neither	-1.5637685197421154
67755	-0.0039597444971752	-0.0028129498110916	-0.0021654889103783	0.0006474609007133	Ddx47	neither	2.341476809796317
73884	-0.0071310949379209	-0.0028010023232054	-0.0016997029635607	0.0011012993596446	Zdbf2	neither	1.2511057466845794
64706	-0.0083265505735371	-0.0027996901342494	-0.0009197350289167	0.0018799551053326	Scube1	neither	0.9618677873059356
12142	0.0034672677064413	-0.0027889337551204	-0.0021256499758317	0.0006632837792887	Prdm1	neither	-2.026596070618824
73668	-0.0066224482088027	-0.0027760125312135	0.0012770047689135	0.004053017300127	Ttc21b	neither	0.1993323988598768
102871	0.0094136498386132	-0.0027622592533464	-0.0032569833509524	-0.0004947240976059	Radx	neither	0.0335435754282857
58226	0.0059348267349075	-0.0027482370394025	-0.002171246292932	0.0005769907464705	Cacna1h	neither	-1.2063746029271063
71648	0.0029872723063853	-0.002733916367112	-0.0018608973975888	0.0008730189695232	Optn	neither	-2.2788014540627226
12971	0.0019979133332783	-0.0027297069216801	-0.0016539895398002	0.0010757173818799	Crym	neither	-1.496004218728765
74039	-0.0055898712462706	-0.0027269810082231	-0.0014515583535179	0.0012754226547052	Nfam1	neither	1.2438835939383677
93888	0.010272403002463	-0.0027119595555556	-0.004190043966529	-0.0014780844109734	Pcdhb17	neither	-0.4384194759117659
14595	-0.0036051530920514	-0.0027105485694694	-0.0036626689717748	-0.0009521204023054	B4galt1	neither	1.944296741325964
227394	-0.0031462402300806	-0.0026614180343926	-0.0021263740344068	0.0005350439999858	Slco4c1	neither	2.6518583555598547
58994	-0.0038191031848101	-0.002654403298928	-0.0028559754690363	-0.0002015721701082	Smpd3	neither	1.97441246315376
20216	0.0044060653832232	-0.002648316672876	-0.0010936275366285	0.0015546891362475	Acsm3	neither	-1.0115548259950349
15936	0.0027293642901533	-0.0026373497745748	-3.369004208603072e-05	0.0026036597324888	Ier2	neither	-1.5294201949822663
235587	0.0441080735611641	-0.0026212307286354	0.0233980493860074	0.0260192801146428	Parp3	neither	-0.5280151577576468
50765	0.0032073677371489	-0.0025675676255296	5.910297292036487e-05	0.0026266705984499	Tfr2	neither	-0.7977282026745809
338365	0.011331598948295	-0.0025598790427445	-0.0035895305278773	-0.0010296514851328	Slc41a2	neither	-0.3148507867813707
353282	-0.003042383817519	-0.0025300086590711	-0.0021439261305819	0.0003860825284892	Sfmbt2	neither	1.5998858505435114
78560	-0.0029676289340674	-0.0025221162209894	-0.0008499658259279	0.0016721503950614	Adgra2	neither	2.1916872115319603
12183	0.003607809762465	-0.0025079720380935	-0.0010703482469012	0.0014376237911922	Bpgm	neither	-1.7996125216492629
15200	-0.0078281967782354	-0.002481159758757	-0.0033532529345831	-0.0008720931758261	Hbegf	neither	1.0669267685647332
66673	0.0048331561953118	-0.0024621079018104	-0.0042120295572234	-0.001749921655413	Sorcs3	neither	-0.979698655086355
20856	0.0042816150779381	-0.0024581242777707	-0.0034204461097094	-0.0009623218319387	Stc2	neither	-1.1956510853529825
13809	0.0038047492033331	-0.0024563203252362	-0.0021726511475847	0.0002836691776514	Enpep	neither	-0.5668248211547134
74895	0.0055577808847298	-0.0024545084906262	-0.0033134668739489	-0.0008589583833227	Ccdc181	neither	-1.0205396637646906
22042	-0.0018325817130129	-0.0024512849893954	-0.002610810980997	-0.0001595259916015	Tfrc	neither	4.196164986283265
74770	0.0044426993609604	-0.0024339393608149	-0.0044811860809901	-0.0020472467201752	Hhatl	neither	-0.6409386033834275
110417	-0.0024154235182933	-0.0024322767871768	-0.001696191454898	0.0007360853322788	Pigh	neither	2.692695388670468
67795	0.0018137066172813	-0.0024299739203608	-0.0019281254236858	0.0005018484966749	Rnls	neither	-1.86481971120736
83603	-0.0049799743548108	-0.0024129345857418	-0.0041119163692262	-0.0016989817834844	Elovl4	neither	1.2294630482892714
18553	0.0068757415278268	-0.0024089671030325	-0.0007543113900033	0.0016546557130291	Pcsk6	neither	-0.6231766363578154
14229	0.0118376923474065	-0.0023854197075105	-0.0013026412855841	0.0010827784219264	Fkbp5	neither	-0.38278670131741
12834	-0.0078987736097285	-0.0023822524102973	0.0062569264677292	0.0086391788780266	Col6a2	neither	0.4295934039420817
74393	-0.0051660066126887	-0.0023597708297492	-0.00264937890275	-0.0002896080730008	Map10	neither	1.6595255464486984
66416	-0.0068789799355438	-0.0023461104945258	-0.0029018724723226	-0.0005557619777967	Ndufa7	neither	1.0286634218191943
109254	0.0026360720055703	-0.0023418552295084	-0.0012364813399684	0.00110537388954	Adtrp	neither	-1.842625870964832
231130	-0.0038553976596541	-0.0023334320132832	-0.0021025354413971	0.0002308965718861	Tnip2	neither	1.7373999515511749
75769	-0.0055123052838251	-0.0023327986273646	0.0010469126752288	0.0033797113025935	Plppr5	neither	0.7348478658753664
207181	-0.0088685810502215	-0.0023214768943045	0.0028495668019398	0.0051710436962443	Rbms3	neither	0.3705377086230219
382045	0.0031289150091769	-0.0023101736960922	-0.00173308297184	0.0005770907242521	Adgrg5	neither	-1.2443992936774897
94040	-0.0056827065581541	-0.0023013198310953	0.0001175115712776	0.0024188314023729	Clmn	neither	1.0995501241473578
20391	0.0023670772325921	-0.0022679700908666	-0.0022479612363906	2.0008854476070807e-05	Sgca	neither	-1.0494427775214263
12227	0.0035194256547509	-0.0022676371865287	-0.0007476254955889	0.0015200116909397	Btg2	neither	-1.4116908223485491
15939	0.0034449330439678	-0.0022501406578483	0.0021139191295304	0.0043640597873788	Ier5	neither	-0.7233186698305805
240667	0.0033283368530879	-0.0022440845049196	-0.0014109760597163	0.0008331084452032	Sec31b	neither	-0.6308162165687765
67419	0.0088408815961932	-0.00223394571826	-0.0022494069141471	-1.5461195887164162e-05	Armh4	neither	-0.2675315112537563
76527	0.0048900911844903	-0.0022147909596202	-0.0020657026177079	0.0001490883419123	Il34	neither	-0.883218131368596
15442	0.007972589690845	-0.002214753448248	0.0008240687139919	0.00303882216224	Hpse	neither	-0.5021740428622387
213435	-0.0049276229915091	-0.0022140114921536	0.0009890241268957	0.0032030356190494	Mylk3	neither	0.6765977433138368
240185	-0.0166519600190286	-0.0022081342093445	0.0015297111184195	0.003737845327764	Jcad	neither	0.597453289337796
16011	0.0071815632894081	-0.0022001257032778	-0.0026040433814866	-0.0004039176782087	Igfbp5	neither	-0.5815928874801756
110893	0.0036217304758033	-0.0021999964482328	-0.0006422307799303	0.0015577656683025	Slc8a3	neither	-0.3656998968053346
72685	0.0031573871900615	-0.002192533569686	0.0007557374903994	0.0029482710600855	Dnajc6	neither	-0.857967499029482
15114	0.0079218522771848	-0.0021706499914084	-0.0062469731141767	-0.0040763231227683	Hap1	neither	-0.4698258868979945
100705	0.0110256421265972	-0.0021577375008906	-0.0039149309039784	-0.0017571934030878	Acacb	neither	-0.349304566502159
237711	0.0059229663975063	-0.0021445492553843	-0.0011176662937104	0.0010268829616738	Eml6	neither	-0.8073488523473604
228775	-0.0021459013234134	-0.0021265901135076	-0.0026656638308028	-0.0005390737172952	Trib3	neither	2.886072368967162
170711	-0.0063884030865727	-0.0021252135168057	-0.0028105853298245	-0.0006853718130187	Otud7a	neither	0.9823176327366314
238257	0.0046193012286029	-0.0021196188781216	-0.0022486179351799	-0.0001289990570582	Tmem30b	neither	-0.7866631864756095
231004	-0.0048999903255847	-0.0021105731321899	-0.0023805411166695	-0.0002699679844796	Samd11	neither	1.0318317202655587
16776	0.0057541760199107	-0.0021063120309948	-0.0019411505301796	0.0001651615008151	Lama5	neither	-0.8217863231270958
216560	0.0049281641779402	-0.0020921133508094	0.0022583247396739	0.0043504380904833	Wdpcp	neither	-0.6073782339930391
14027	0.0032361659784272	-0.0020825994489296	-0.0020282161111527	5.438333777692652e-05	Evpl	neither	-1.0099142726622046
20350	-0.0073023407028875	-0.0020506138513321	-0.0021136452427126	-6.303139138057754e-05	Sema3f	neither	0.8588140584013364
77505	-0.0038036660445294	-0.0020330514811339	-0.0013920222710744	0.0006410292100595	Dnhd1	neither	1.74940434981987
22151	0.004035142885398	-0.0020197283449313	-0.0014881472630511	0.0005315810818802	Tubb2a	neither	-1.2381467404289417
227094	0.0074465333604815	-0.0020192538262229	-0.003008165149862	-0.0009889113236391	Nemp2	neither	-0.3183424963804585
66011	-0.0100628050889383	-0.0020174048306203	-0.0024111551217138	-0.0003937502910934	Ranbp17	neither	0.8158865185093226
71839	0.0022966660529638	-0.0020029685100748	-0.0013636288587548	0.0006393396513199	Osgin1	neither	-2.1637979870471287
23821	-0.0059689713279545	-0.0019871870393748	-0.0002920119389286	0.0016951751004461	Bace1	neither	1.379647022586259
59126	-0.010257811255748	-0.0019864138913915	0.0002073834878241	0.0021937973792156	Nek6	neither	0.2662050739921733
18933	0.0039935736715475	-0.0019750435205435	-0.0020152127603039	-4.016923976034878e-05	Prrx1	neither	-1.1087272555130467
12373	0.0025110662445923	-0.0019427003262039	-0.0009061180291015	0.0010365822971023	Casq2	neither	-1.642465821510551
214253	-0.0025737234187639	-0.0019359147490459	-0.0025015124316625	-0.0005655976826165	Etnk2	neither	0.9043156861619076
14773	-0.0125979680924513	-0.0019354270672135	-0.0003675233271824	0.001567903740031	Grk5	neither	0.7355455785481776
53418	0.0046350872810782	-0.0019330990478972	-0.0019862610377964	-5.316198989920029e-05	B4galt2	neither	-0.9314876947430296
104346	0.0029858326805612	-0.0019211586656672	-0.0015868731038556	0.0003342855618116	Gas8	neither	-1.5577784298461403
14917	0.0026693707033887	-0.0019206044828017	-0.0012777905640793	0.0006428139187223	Gucy2c	neither	-1.6506860303097852
20515	0.0077288996886011	-0.0019132439878522	-0.0003301642279703	0.0015830797598818	Slc20a1	neither	-0.4496234191519256
224938	0.003616742481379	-0.0018963882234325	-0.0014949780659714	0.0004014101574611	Pja2	neither	-1.2113218699553665
78908	0.0042594663390151	-0.001893029999115	-0.0020101206792755	-0.0001170906801605	Igsf3	neither	-1.1026613946694284
279028	-0.003543028669425	-0.0018836898779424	0.0022682469458949	0.0041519368238374	Adamts13	neither	0.6997325021481879
15430	0.0024350654816322	-0.001872301899317	-0.0009541501896633	0.0009181517096537	Hoxd10	neither	-0.7188856633977754
58206	0.0050584496050834	-0.0018722321339341	-0.00041008381703	0.0014621483169041	Zbtb32	neither	-0.6738103258774063
20512	-0.0125845368986331	-0.0018692108314136	0.0020153844794456	0.0038845953108593	Slc1a3	neither	0.502691918214633
224093	0.0040941711383227	-0.0018642900784614	0.0015983540281115	0.003462644106573	Fam43a	neither	-0.6208279137580708
77034	-0.0013047447167564	-0.0018602538163088	-0.0012428253409546	0.0006174284753542	2510039O18Rik	neither	4.00637683531966
23876	0.0015531274289997	-0.0018568334296605	-0.0013363563528622	0.0005204770767983	Fbln5	neither	-1.6296898275985217
223864	0.0023912778188218	-0.0018486195612541	-0.0031126760969638	-0.0012640565357097	Rapgef3	neither	-0.94096960204498
225266	-0.0066149498238733	-0.0018171120753965	0.0049677630127797	0.0067848750881763	Klhl14	neither	0.1028809637302144
15284	0.0173524879317765	-0.0018151619602704	-0.0055947774913532	-0.0037796155310827	Hlx	neither	-0.0553967281090539
217198	0.0077899012015674	-0.0017949772170229	-0.0037094797863658	-0.0019145025693429	Plekhh3	neither	-0.2715036987320415
69684	-0.0038246760532558	-0.0017879551585584	-0.0011160207844968	0.0006719343740616	Aarsd1	neither	1.335602749778015
218271	-0.0032711914956202	-0.0017856260758726	-0.0015417169521914	0.0002439091236812	B4galt7	neither	1.2862232655909425
12845	0.0021517264548561	-0.0017855111573207	-0.0007671121870197	0.0010183989703009	Comp	neither	-1.1769894319794565
83771	-0.0024000069164409	-0.0017775295598708	-0.000408909743461	0.0013686198164097	Tas1r3	neither	1.829205195824308
29817	0.0026482962479856	-0.0017750039563095	-0.0015547413461479	0.0002202626101616	Igfbp7	neither	-1.1157313060514762
269855	0.0035170999760288	-0.0017655904749909	-0.0041460710302772	-0.0023804805552863	Ssc5d	neither	-0.7195499394345686
229595	-0.0018679085529802	-0.0017603516314603	-0.0011499213864623	0.000610430244998	Adamtsl4	neither	1.5252308089214062
15490	0.0024646349060037	-0.0017471322757719	-0.0008441587923134	0.0009029734834585	Hsd17b7	neither	-1.6698559769792405
320664	0.0025892153335907	-0.0017420584902277	7.191896809831494e-05	0.001813977458326	Cass4	neither	-0.6260569422269173
67893	-0.0037427124031268	-0.0017341716351628	-0.0028337176598711	-0.0010995460247082	Tmem86a	neither	1.3332939070358916
232223	0.0019851864614795	-0.0017322561028238	-0.0014863640942831	0.0002458920085406	Txnrd3	neither	-2.24253387346838
75593	-0.0021949280008066	-0.0017306708697351	-0.000265679294924	0.001464991574811	Malsu1	neither	1.078917681708678
224697	-0.0101281937439339	-0.0017269078877518	0.0013347109241919	0.0030616188119437	Adamts10	neither	0.4493768721491593
245049	0.0033006711428191	-0.0017243164648409	-0.0014471389610059	0.0002771775038349	Myrip	neither	-1.2944240181544393
245638	0.0022889932323633	-0.0017098831948278	-0.0013161000488202	0.0003937831460076	Tbc1d8b	neither	-1.2977134901577738
320696	0.0025394491662286	-0.0017075307532196	-0.0018125520595337	-0.0001050213063141	Ccdc158	neither	-1.5766046379691172
244954	-0.0060960229780084	-0.0016978383809029	-0.0007924404449622	0.0009053979359406	Prss35	neither	0.6658557205974801
13003	0.0041514910297809	-0.0016906784024316	-0.0001454709414154	0.0015452074610162	Vcan	neither	-0.4262402367877434
72244	-0.0123029092176167	-0.0016693412540367	0.0122413843025515	0.0139107255565882	1600014C10Rik	neither	0.5681151754827226
207565	-0.0089190075489276	-0.0016659978999943	-0.0016781364523488	-1.2138552354551066e-05	Camkk2	neither	0.7024939093529138
53321	0.0050154147036	-0.0016499972299665	-0.0014633376929985	0.000186659536968	Cntnap1	neither	-0.7461713631236331
65964	0.0055089218872454	-0.0016446804053468	-0.0009474970747413	0.0006971833306055	Map3k20	neither	-0.5519727736778641
223435	0.0033848293786587	-0.0016426840231395	-0.0014226044759913	0.0002200795471482	Trio	neither	-1.2130942690043534
236900	0.0077233732216576	-0.0016337407546777	0.0001024176969219	0.0017361584515997	Pdk3	neither	-0.2960829277872419
272428	0.0048438065928563	-0.0016238962004951	-0.0026982361667825	-0.0010743399662873	Acsm5	neither	-0.4244805072628615
68393	0.0029577360073985	-0.0016009143418005	0.001878471452325	0.0034793857941255	Mogat1	neither	-0.4248723512074168
11423	0.001527162699088	-0.0015926083205149	-0.0004870524267511	0.0011055558937638	Ache	neither	-2.154215242595261
19395	0.0026028048967766	-0.0015918577292196	-0.0005561056703653	0.0010357520588543	Rasgrp2	neither	-0.7847631362006231
18164	-0.0025015946564734	-0.0015788374186889	-0.000689987597912	0.0008888498207768	Nptx1	neither	1.0639715060657342
75869	-0.0107981182833404	-0.0015585369303885	-0.0015690134380984	-1.0476507709908768e-05	Arl5b	neither	0.6591119015384163
15368	0.0033464293768657	-0.0015515225470088	-0.0004171237585393	0.0011343987884694	Hmox1	neither	-0.9891614205789444
233744	0.003880022442686	-0.0015385445727572	-0.0010870797699556	0.0004514648028015	Spon1	neither	-0.8332710324612866
26561	0.0077295170657753	-0.0015215046901805	-0.0016457168363724	-0.0001242121461919	Mmp23	neither	-0.1293625429470864
104156	-0.0016290618157138	-0.0015133845165615	-0.0006488607822032	0.0008645237343583	Etv5	neither	2.8871042464232244
103711	0.009802471952582	-0.0015131540474051	-0.0015221055118897	-8.951464484619484e-06	Pnpo	neither	-0.1451843062764883
14733	0.0048105245966497	-0.0015102940403803	-0.0022483375820491	-0.0007380435416687	Gpc1	neither	-0.5508249063548368
66421	-0.0050192475774366	-0.0014909458102438	-0.0007338748923546	0.0007570709178891	2410004B18Rik	neither	1.135491728400412
76917	-0.0046870807252534	-0.0014863095976842	-0.0039409322528487	-0.0024546226551644	Flywch2	neither	0.7180924255530257
238328	-0.0083762278664767	-0.0014802264108001	0.0019255249499936	0.0034057513607938	Vash1	neither	0.5437687363881554
16979	-0.0023315376082948	-0.0014639187370164	-0.0009982876397095	0.0004656310973069	Lrrn1	neither	0.4585998702349105
93735	0.002954551452792	-0.0014610077441664	0.0004016966270414	0.0018627043712078	Wnt16	neither	-0.2695941862618374
104601	-0.005334392917703	-0.0014490278483086	-0.0002245097956424	0.0012245180526662	Mycbpap	neither	0.7181548648495892
225998	0.0114220656105093	-0.0014446626256669	0.0039710307396793	0.0054156933653462	Rorb	neither	-0.4427562431751058
18187	0.0126612032455928	-0.0014392455692605	-0.0030589849294422	-0.0016197393601816	Nrp2	neither	0.2113635288994089
72301	0.0013010889685819	-0.0014322574514744	-0.0005465346416379	0.0008857228098365	Shisal1	neither	-0.8752070315582661
72287	0.0044207491487283	-0.0014208434465982	-0.0002723138285016	0.0011485296180965	Plekhf1	neither	-0.3562893593434068
18784	-0.0009342959503738	-0.0014168079720705	-0.0001594774692951	0.0012573305027753	Pla2g5	neither	2.0926447153819665
74182	-0.0188876792587953	-0.0014109366030284	-0.0026976652384216	-0.0012867286353932	Gpcpd1	neither	0.4231689588634764
20528	-0.0028735325913163	-0.0014098278512371	-0.0017611034019023	-0.0003512755506651	Slc2a4	neither	0.4430703203999391
226591	-0.0020692551011047	-0.0014097289291023	-0.0011211531915809	0.0002885757375213	Tiprl	neither	2.230384280853301
15904	0.0083031951651222	-0.0014042923435074	0.0034622913097978	0.0048665836533052	Id4	neither	0.2892092452697021
329502	0.0100359991032139	-0.0014038658380525	-0.0016008259577507	-0.0001969601196982	Pla2g4e	neither	-0.0941914134842353
13867	-0.0015433665414137	-0.0013960769667628	-0.0010249152307316	0.0003711617360312	Erbb3	neither	2.760455877230014
240752	0.0046699449701865	-0.0013943177390156	-0.0010106094129497	0.0003837083260659	Pik3c2b	neither	-0.63969863953372
16772	0.0034705766213741	-0.001389290840018	-0.0012395072515378	0.0001497835884801	Lama1	neither	-0.7864124556579021
245269	-0.0050259420623895	-0.0013817259820409	-0.0001333235181054	0.0012484024639355	Nim1k	neither	0.8943275157244023
22393	0.0017652409909828	-0.0013805563980766	-0.0012115077173154	0.0001690486807612	Wfs1	neither	-1.8801533690045529
101497	-0.0043348631827155	-0.0013710441783451	0.0001039049280019	0.0014749491063471	Plekhg2	neither	1.0284257423092666
170706	-0.0027578140580678	-0.0013635468333057	-0.0007264235943511	0.0006371232389546	Tmem37	neither	0.5235413273406473
72404	-0.0012370145425532	-0.0013587086035076	-0.0007959133016847	0.0005627953018229	Wdr44	neither	3.3729736170672777
76179	-0.0098079850779365	-0.0013307792221476	-0.0007309330078884	0.0005998462142591	Usp31	neither	0.6460677177946006
68845	-0.0031334201893406	-0.0013283690675425	-0.0002119834456986	0.0011163856218439	Pih1d1	neither	1.146447544731021
55985	0.0039966970602652	-0.0013249222240473	-0.0002179355416349	0.0011069866824124	Cxcl13	neither	-0.4832484703682963
641376	-0.0023967652624112	-0.0013001296315141	0.0005472891854002	0.0018474188169143	Tomm40l	neither	0.4895885495325802
22063	0.004781300785543	-0.001297012495259	0.001136864248018	0.002433876743277	Trpc1	neither	-0.0586655333811739
240261	0.0021045350143351	-0.001293257334283	-0.00095721549474	0.000336041839543	Ccdc112	neither	-1.3961556368841783
320343	0.0024014320452295	-0.001291386907736	-0.000362830440074	0.000928556467662	Lypd6	neither	-1.0909574945934497
108159	-0.0082589598432114	-0.0012784523946789	0.0010613753473805	0.0023398277420595	Ubxn8	neither	0.7961293356777506
268481	0.0018754697952405	-0.0012768561074744	4.02379820867054e-05	0.0013170940895611	Krt222	neither	-0.3454070585379498
268860	0.0089579640640288	-0.0012748160479186	-8.991157469347117e-05	0.0011849044732252	Abat	neither	-0.1527299462158052
14560	-0.0095940556386522	-0.0012659401398305	0.0001930039289571	0.0014589440687876	Gdf10	neither	0.329745503769146
320204	-0.0039835246246184	-0.0012562979913741	0.0011663847591825	0.0024226827505566	Etfbkmt	neither	0.2501911356307934
67178	-0.0012509106319127	-0.0012542174573968	-0.0008261884640018	0.0004280289933949	Zmat5	neither	2.8973425530925074
208213	0.0028236297048986	-0.001244418332361	0.000670680774487	0.0019150991068481	Tmem132c	neither	-0.4265911452050177
14281	0.0009186966770447	-0.0012423108230041	-0.0008747961185969	0.0003675147044072	Fos	neither	-1.5864902478572924
76566	-0.000723289339593	-0.0012422828718062	-0.0005245507407025	0.0007177321311037	Rflnb	neither	3.2594356800522784
17005	-0.0022501323884331	-0.0012404292488599	-0.0017387156962749	-0.0004982864474149	Ltk	neither	1.3394164163837612
17189	-0.0035234859335387	-0.0012378693875395	0.0055331500666107	0.0067710194541503	Mb	neither	0.3249184452411746
231503	-0.0011580490131977	-0.0012377524624795	-0.0014753058564601	-0.0002375533939805	Tmem150c	neither	3.143813340145809
64293	0.0027208646524248	-0.0012366034741159	-0.0007508366833127	0.0004857667908031	Stk32b	neither	-1.0363976864930335
244723	0.0038425926275573	-0.0012362329792458	0.0002930417168996	0.0015292746961454	Olfm2	neither	0.1032916094520665
19215	0.0020717222214787	-0.0012353771024703	-0.0003563390592957	0.0008790380431746	Ptgds	neither	-0.4177682891886631
15932	-0.0040334547502544	-0.0012352878540834	-0.0005134038834381	0.0007218839706453	Idua	neither	1.011318140455942
54634	0.0027088186504533	-0.0012315659777882	0.0007527088765191	0.0019842748543073	Magix	neither	-0.400160021250323
16525	0.0040426907725308	-0.0012268736283632	-0.0019488690494534	-0.0007219954210902	Kcnk1	neither	-0.4278362286167528
68067	0.0032057174910675	-0.0012092732459459	-0.0010618206638658	0.0001474525820801	Mrnip	neither	-0.8087977204389403
224171	0.0078796511004105	-0.0012059461441253	-0.0012487337764435	-4.278763231819636e-05	Cip2a	neither	-0.2161739856444651
53374	0.0054574790679506	-0.0011990363490333	-0.0015736845950818	-0.0003746482460485	Chst3	neither	-0.3340195405955108
242297	0.0015144357903715	-0.0011938409956942	-0.0006917498216331	0.0005020911740611	Fam110b	neither	-0.9418283053604756
14681	0.0079182702703053	-0.0011929040890749	-0.0017467585057704	-0.0005538544166954	Gnao1	neither	-0.3099060909313043
67971	0.0042226474962693	-0.0011850830151527	0.0006711809881411	0.0018562640032939	Tppp3	neither	-0.5293414593087536
69219	0.0033595608605545	-0.001170438995213	0.0018829823944496	0.0030534213896626	Ddah1	neither	-0.1442053066546159
11717	0.0047922166874169	-0.0011612072776251	-0.0003455259387912	0.0008156813388338	Ampd3	neither	-0.4592195500705433
21339	-0.0069370241457776	-0.0011536425497776	0.0011679276822911	0.0023215702320687	Taf1a	neither	0.7131975441029239
218772	0.001716457023863	-0.001151262054159	-0.0004184159234661	0.0007328461306929	Rarb	neither	-0.4717504722397682
22640	-0.0010380003794355	-0.0011399653102958	-0.0012527322440701	-0.0001127669337742	Zfp1	neither	3.1617002595867385
24053	-0.0052404347415645	-0.0011396916743591	-0.0024205399592729	-0.0012808482849138	Sgcg	neither	0.5829818215291667
108897	-0.0022381575462689	-0.0011387593415575	-0.0012617533057986	-0.000122993964241	Aif1l	neither	1.1090733491123492
57890	0.0050746835884468	-0.0011322742807064	0.000970523013861	0.0021027972945675	Il17re	neither	-0.0412455255285585
19183	-0.001175536136266	-0.0011235257360107	-0.0011334428871376	-9.917151126963937e-06	Psmc3ip	neither	2.955555773728194
56434	-0.0060929069598156	-0.0011232258991615	0.0013916715481209	0.0025148974472825	Tspan3	neither	0.7097879716538263
67168	-0.0024642344044495	-0.0011208684735446	-0.0020252510889328	-0.0009043826153882	Lpar6	neither	1.1622587236487836
98256	-0.0108755571010303	-0.00111980159026	-0.0027051720897237	-0.0015853704994636	Kmo	neither	0.1684346063762563
109242	0.0048084033936922	-0.0011018505848401	-0.0011327573233293	-3.090673848922293e-05	Kif24	neither	-0.3991698678769374
12972	0.0033009763849929	-0.0010928232348422	-0.00170404215838	-0.0006112189235377	Cryz	neither	-0.2878438384421131
100978	0.0028385827990852	-0.0010873006490196	-0.00097772785087	0.0001095727981495	Nfxl1	neither	-0.9204139992318036
14613	0.0008968215416116	-0.0010861588091889	-7.687450398865656e-05	0.0010092843052002	Gja5	neither	-1.7531244337947094
13170	-0.002074180488864	-0.001074767273978	-0.0019610107061615	-0.0008862434321834	Dbp	neither	1.0306881257293607
234199	0.0020965150094842	-0.0010606868055262	-0.0014120073998442	-0.000351320594318	Fgl1	neither	-0.8262446225823709
226791	0.0014006026180919	-0.0010581049898535	-0.0006793450101087	0.0003787599797447	Lyplal1	neither	-1.8630271129968017
226409	0.0026196064526806	-0.0010560993698131	-0.0010662678489255	-1.016847911240455e-05	Zranb3	neither	-0.8542478582710242
231238	-0.0072045602811646	-0.0010526323870972	0.0031807240673728	0.00423335645447	Sel1l3	neither	0.3844909102498049
116838	0.0082108669325518	-0.0010465110501511	-0.0016887423644506	-0.0006422313142994	Rims2	neither	-0.1267939508002281
17153	-0.004166422553111	-0.0010455178218234	0.000940352557584	0.0019858703794075	Mal	neither	0.4637357522374438
14012	-0.0017690566938174	-0.0010441418478739	0.00112361234666	0.0021677541945339	Mpzl2	neither	1.1635696148080483
70423	-0.0014049744419728	-0.0010432014829216	-0.0004449972517425	0.0005982042311791	Tspan15	neither	0.9605518629781512
66591	-0.0033083463629748	-0.0010388791582561	-0.0022600835117902	-0.001221204353534	Mad2l1bp	neither	1.149661965809894
103988	-0.0040106529922927	-0.0010356838303731	-0.0027238415833511	-0.001688157752978	Gck	neither	0.8907656810273438
22378	0.0046479549845692	-0.0010314658955217	-0.0009911880077856	4.0277887736093424e-05	Wbp2	neither	-0.4102284934433371
21802	0.0038371257659305	-0.0010310646932526	-0.0016788161506126	-0.0006477514573599	Tgfa	neither	-0.212560536531052
21935	-0.0029339801623055	-0.0010269179194917	-0.001297253186143	-0.0002703352666513	Tnfrsf17	neither	1.0119948321039522
194655	0.0109910188991393	-0.0010246606206205	-0.0012170450391963	-0.0001923844185757	Klf11	neither	-0.0309565297976642
52906	0.0026810750878427	-0.0010161448993668	-0.0002269897077147	0.0007891551916521	Ahi1	neither	-0.5536820565447161
70546	-0.0021106744896014	-0.0010120861356141	0.0007291021184872	0.0017411882541014	Zdhhc2	neither	0.4322243635420129
268902	0.000776779826672	-0.0009985549855549	-4.583625149893087e-05	0.000952718734056	Robo2	neither	-1.0489047519132306
665563	0.0065751230362238	-0.000990350399004	-0.0007714990358137	0.0002188513631902	Mthfd2l	neither	-0.4353541806022411
102502	0.0012903447231001	-0.0009860637714594	-0.0003844904875299	0.0006015732839295	Pls1	neither	-1.7469868050209332
14251	0.0029964890273323	-0.000976778123508	-0.0003915961212133	0.0005851820022946	Flot1	neither	-0.500472673355653
22350	0.0035580662913961	-0.00097626120867	-0.0006009212422653	0.0003753399664046	Ezr	neither	-0.481796986176289
70061	0.0028039022155655	-0.000971471391363	-0.0006320038339927	0.0003394675573702	Sdr9c7	neither	-0.165077535141902
408022	0.0040696011679663	-0.0009637444726137	0.000156086340958	0.0011198308135718	Primpol	neither	-0.3743404620571881
14120	0.0023712146753597	-0.0009622663846159	-0.0012664056632322	-0.0003041392786162	Fbp2	neither	-0.4125998167775166
12307	0.0011861948664377	-0.0009573886682507	-0.000182853549985	0.0007745351182657	Calb1	neither	-1.7235684436111272
56526	-0.0022921986257442	-0.0009498265433524	-0.0017628311357155	-0.000813004592363	Septin6	neither	1.4853759779591629
102436	0.0019791140382622	-0.000944559218085	-0.0001377619162152	0.0008067973018697	Lars2	neither	-1.4372597559110103
70129	0.0032796631096677	-0.0009336048980599	-0.0016317933184144	-0.0006981884203545	Slc44a4	neither	-0.2650577999720004
54720	-0.0053856314306607	-0.0009113468050661	-0.0006883015141977	0.0002230452908683	Rcan1	neither	0.755959019957161
234740	-0.0077403066953391	-0.0009109432907322	-0.0010439507207831	-0.0001330074300508	Tmem231	neither	0.6160807940177337
381511	0.0011853207353457	-0.0009098921744869	-0.0004473898016797	0.0004625023728071	Pdp1	neither	-1.85183836709992
19260	0.0014479676940967	-0.0008990600360819	-0.0006116181104356	0.0002874419256462	Ptpn22	neither	-1.4125776780046124
387314	0.0055743416426519	-0.0008965198329859	-0.0004720303206528	0.0004244895123331	Tmtc1	neither	-0.2693017827931524
74386	0.0016075355822	-0.0008807747841022	-0.0005201738972772	0.0003606008868249	Rmi1	neither	-1.3541654543117303
12448	0.0025934795777736	-0.0008794646504333	-0.0001112588693862	0.000768205781047	Ccne2	neither	-0.6728782463434515
17537	-0.0029157280331656	-0.0008741677383702	0.0004284387671937	0.001302606505564	Meis3	neither	0.2532178940312272
102545	-0.002247351357383	-0.0008732063373093	4.8250101187086807e-05	0.0009214564384964	Cmtm7	neither	1.0046357386844684
67784	0.0022667960297604	-0.0008704784184576	-0.0014597964915526	-0.000589318073095	Plxnd1	neither	-0.8273108513032942
78177	-0.0016294265474739	-0.0008676953299212	-0.0001388239343274	0.0007288713955937	Ninl	neither	1.7920505310821535
272465	0.0013128896888041	-0.0008673320590313	-0.0008805988620054	-1.326680297411109e-05	Tmem255b	neither	-1.5060304591109366
52585	0.0007653805797685	-0.0008652725681057	-0.0003852315146884	0.0004800410534172	Dhrs1	maternal	-2.698948747186573
20419	0.0025584097133607	-0.0008649117179816	-0.0012063873309812	-0.0003414756129996	Shcbp1	neither	-0.5988142327872159
19734	0.0019986047155409	-0.0008605386184605	0.0001087436347851	0.0009692822532457	Rgs16	neither	-0.8395334505510773
240913	0.0026045172568846	-0.0008600517920167	-0.0009129547439691	-5.290295195239643e-05	Adamts4	neither	-0.604568400907157
68631	0.0030491731921466	-0.0008574997480476	-0.0006401010191826	0.000217398728865	Cryl1	neither	-0.4703035159436398
63954	-0.0017077621314314	-0.0008569321745242	-0.0010123363657007	-0.0001554041911764	Rbp7	neither	1.03723704802598
210356	0.0022911233205895	-0.0008533099588351	-0.0003955052084087	0.0004578047504263	Nckap5	neither	-0.822894404589251
19057	0.0022106274506618	-0.0008521802415179	-0.0015194366975532	-0.0006672564560353	Ppp3cc	neither	-0.4319987129891743
13823	0.0017732467194543	-0.000851680200994	-0.0004714400601461	0.0003802401408479	Epb41l3	neither	-1.1099201701521666
12986	0.0095842279976092	-0.0008465431048256	0.0025903083348963	0.003436851439722	Csf3r	neither	0.0300338411883372
56358	0.001321966073617	-0.0008424541403044	-0.0003967729178372	0.0004456812224672	Copz2	neither	-1.2261253362254807
72568	-0.0061228006380014	-0.000841910912301	-0.0013572156306887	-0.0005153047183877	Lin9	neither	0.655896634379405
320563	0.0011389585326953	-0.0008411295360521	-0.0004588091449605	0.0003823203910916	Islr2	neither	-0.6662974506064703
66395	0.0061014225909711	-0.0008380493544289	-0.0005197192041762	0.0003183301502527	Ahnak	neither	-0.088095708235557
16658	0.0011455681745916	-0.0008367534509456	-0.0010369607638698	-0.0002002073129241	Mafb	neither	-0.8358579202769436
54131	-0.0015282698995234	-0.0008340217208763	-0.0012398458667909	-0.0004058241459146	Irf3	neither	1.6389592869761969
74470	0.0032715657119859	-0.0008272527190101	-0.0016234243511401	-0.00079617163213	Cep72	neither	-0.352034492025908
321007	0.0023083330957763	-0.0008253998577335	-0.0004069715107292	0.0004184283470043	Serac1	neither	-0.6614816972661802
13400	0.0034126889683893	-0.0008239577268036	-0.0011754861115158	-0.0003515283847121	Dmpk	neither	-0.4125626168112798
56047	0.0016056470770758	-0.0008235508694822	0.00024041397274	0.0010639648422223	Msln	neither	-1.3793319879206027
77113	-0.0052938269577489	-0.0008220295007352	-0.0011371148103258	-0.0003150853095905	Klhl2	neither	0.7056726174064772
208092	-0.0013332046092182	-0.0008215635045518	-0.0013372676320866	-0.0005157041275347	Chmp6	neither	0.9542017867907924
665113	0.0023974912710907	-0.0008179364800882	-0.000666900257527	0.0001510362225611	Tnik	neither	-0.7402295808748363
12630	0.0045552599096877	-0.0008096724604425	0.0001567346359214	0.000966407096364	Cfi	neither	-0.1317391586426672
240023	-0.0010850835575919	-0.0007807933801412	-0.0008331529395881	-5.235955944697516e-05	Pnldc1	neither	2.1035718937744146
12482	0.0014619519121043	-0.0007760637499265	-0.0006841975555177	9.186619440880092e-05	Ms4a1	neither	-1.2633201659703437
27660	-0.0029625392178021	-0.0007748415688335	-0.0010898035275562	-0.0003149619587226	1700088E04Rik	neither	0.806980017999691
50490	-0.0106693347465659	-0.0007745607216144	-0.0009930096267595	-0.0002184489051451	Nox4	neither	0.5350211255702749
235534	0.0030454392423406	-0.0007695132634652	-0.0002364344752801	0.0005330787881851	Pxylp1	neither	-0.2006171138158046
19769	-0.0044820293298284	-0.0007669087500063	-0.0010290775676603	-0.000262168817654	Rit1	neither	0.7509000246713341
634731	-0.001158034532057	-0.0007663471253173	0.0007450062112452	0.0015113533365626	Susd1	neither	0.8519239893288978
17885	-0.001318984792905	-0.0007566975890814	-9.393910211606378e-05	0.0006627584869654	Myh8	neither	0.6290947524516625
622434	-0.0021273874739582	-0.0007521736506755	-0.0012662152053678	-0.0005140415546922	Arhgef26	neither	1.3214217685714789
70223	0.0024024572112152	-0.0007426656641762	-0.0010135152114755	-0.0002708495472992	Nars	neither	-0.6261856512037354
50773	-0.0006124708087416	-0.0007401616876402	-0.0005089051246628	0.0002312565629773	Nt5c	neither	2.3145285277559218
75590	-0.00281752810481	-0.0007385041012747	-0.0016850107721588	-0.0009465066708841	Dusp9	neither	0.9505616909936464
68846	-0.0007298196014974	-0.0007380023728424	0.0002186679403797	0.0009566703132221	Rnf208	neither	0.9780972510853552
110033	-0.0015497550106404	-0.0007349544862551	-0.0001833048847035	0.0005516496015516	Kif22	neither	1.7740183692593572
75597	0.0018219025099965	-0.000733656385191	-0.0003792475334301	0.0003544088517608	Ndufaf2	neither	-0.8649029223563561
67758	0.0018350015259774	-0.000731921594802	-0.000429340683356	0.0003025809114459	Aadac	neither	-0.6502621476976801
12029	0.0007606354762191	-0.0007258019144376	0.0002137569795435	0.0009395588939812	Bcl6b	neither	-1.0357801026832771
72902	0.0028695798600114	-0.0007213597643865	-0.0002406486671976	0.0004807110971889	Spock3	neither	-0.3905564144498744
66902	0.000771345706854	-0.0007208565840109	-0.000451862548257	0.0002689940357539	Mtap	neither	-2.2779007895549053
77976	0.003236289143026	-0.0007175837865411	-0.0007248152737762	-7.2314872351211855e-06	Nuak1	neither	-0.5672292462803539
207495	0.0047323492304439	-0.0007167303966167	0.0002532576903165	0.0009699880869332	Baiap2l2	neither	-0.0781106723105172
233199	0.0007439974721052	-0.0007141982905536	-0.0003119570659441	0.0004022412246095	Mybpc2	neither	-0.7983828683401132
109660	-0.0034311745780329	-0.0007097752535684	0.0007094382782197	0.0014192135317882	Ctrl	neither	1.0543053351359353
12831	-0.004705142240588	-0.0007070036072845	0.0016500826351214	0.0023570862424059	Col5a1	neither	0.2116020586406342
235041	0.0021154732238451	-0.0007047219292398	-0.00066607827474	3.864365449974898e-05	Kank2	neither	-0.6945323828836185
243897	0.0037612493069798	-0.000703529179315	-0.0012663337452601	-0.0005628045659451	Ggn	neither	-0.1624353944457641
74694	0.0009589745296348	-0.0007010775261266	-0.0005669106824083	0.0001341668437183	Tbc1d30	neither	-1.585716080953594
68440	0.0022087737123438	-0.0006979305329025	-0.0004411166533328	0.0002568138795697	Dusp23	neither	-0.5578283609172949
20354	-0.0074931884884466	-0.0006818174099607	-0.0002811746409327	0.0004006427690279	Sema4d	neither	0.5584248188983552
239188	0.001352263201315	-0.0006816213514223	-0.0004945787735401	0.0001870425778821	Enox1	neither	-1.2356422541234928
19876	-0.01201912463761	-0.0006772800703229	-0.0011396096983671	-0.0004623296280441	Robo1	neither	0.445531146467689
214663	-0.0042380212881834	-0.0006750520811437	-0.0010498041305886	-0.0003747520494449	Slc25a29	neither	0.6822889300268868
101685	0.0019151042769537	-0.0006735448392518	-0.0010984301597866	-0.0004248853205347	Spty2d1	neither	-0.6494363012769959
53625	-0.0029459242271584	-0.000672428565277	-0.0009159177484121	-0.0002434891831351	B3gnt2	neither	0.944650532323211
75690	0.0032182088178681	-0.0006701431394448	-0.0011873357851782	-0.0005171926457334	Vsig10l	neither	-0.2791870725329156
241494	0.0009785828085575	-0.0006693671506109	-0.0007384363063632	-6.906915575232385e-05	Zfp385b	neither	-1.461079931156834
211712	0.0022402083855228	-0.000666058736172	-0.0003347938810598	0.0003312648551121	Pcdh9	neither	-0.6696086142006688
338403	0.0013368536961442	-0.0006545422288719	-0.0002874538947584	0.0003670883341135	Cndp1	neither	-0.9554494600575316
11931	0.0041632612078136	-0.0006525328681041	-0.0006325829819189	1.994988618521528e-05	Atp1b1	neither	-0.19180360565613
140488	-0.0065041709966445	-0.0006517104765904	-0.000279810966684	0.0003718995099064	Igf2bp3	neither	0.5247967064757982
110310	-0.0042757593967375	-0.000645205158186	0.0009896989179175	0.0016349040761036	Krt7	neither	0.6945108697604196
232035	0.0058419629567002	-0.0006421841927955	-0.0003259904719417	0.0003161937208538	Ccser1	neither	-0.0656861643900114
22031	-0.019281953812954	-0.0006420331787184	0.0029774253158411	0.0036194584945595	Traf3	neither	0.3460692165581537
83946	0.0024461748863189	-0.0006414503146409	-0.0001325188650815	0.0005089314495593	Phip	neither	-0.5315756757721639
320865	0.0030571058347324	-0.0006343726138947	-0.0002447745287368	0.0003895980851579	Cdh18	neither	-0.1685531249508088
12795	-0.0016214016991517	-0.0006254462699836	-0.0005386418750582	8.68043949253704e-05	Plk3	neither	1.474343700793162
22771	0.0008944978239577	-0.0006220751471876	0.0001561023172147	0.0007781774644023	Zic1	neither	-0.6563184951356993
320633	-0.0022282258744347	-0.0006201946461692	-0.0006234316184952	-3.236972326016137e-06	Zbtb26	neither	1.1273972497640548
213760	0.0010517382701854	-0.000617650582894	-0.0005896659880891	2.798459480495138e-05	Prepl	neither	-1.4413027530028253
78100	0.0024589243559444	-0.0006167965234102	-0.0004609652352124	0.0001558312881977	Msantd4	neither	-0.4830358093125606
12850	0.0047198795459725	-0.0006102233557115	-0.0006824935202349	-7.227016452337847e-05	Coq7	neither	0.0436177263536029
20682	0.0030961289015451	-0.0006088993789475	-0.0014165181112612	-0.0008076187323137	Sox9	neither	0.1239748023653428
11927	-0.0022553528566774	-0.0005942395088287	-0.0004154093220671	0.0001788301867615	Atox1	neither	0.9050263324604912
18791	0.0038581120048062	-0.0005807287745836	-0.0004213094690377	0.0001594193055459	Plat	neither	-0.1935085300269765
17427	0.007238343446025	-0.0005723797186884	0.0019094418402226	0.002481821558911	Mns1	neither	0.0115502086481
70466	-0.0040263900443725	-0.0005692701883726	-0.0007459418792758	-0.0001766716909031	Ckap2l	neither	0.6436661818775011
56533	0.0006751355142739	-0.0005623797788621	-0.0002865767138907	0.0002758030649713	Rgs17	neither	-2.143949957236269
98170	-0.0196946892088697	-0.0005556300514878	0.0208998333635035	0.0214554634149913	Tmem132a	neither	0.7393150705537128
54650	0.0011701297872947	-0.0005537020428481	-0.0002700619749798	0.0002836400678682	Sfmbt1	neither	-1.2114828772099693
12876	0.00129023348044	-0.0005510080685944	-0.0008318777436507	-0.0002808696750563	Cpe	neither	-0.2674828639332913
20616	0.0021855165984349	-0.0005503805232933	-0.0005323213772323	1.80591460609581e-05	Snap91	neither	-0.4341679154125497
74761	-0.0042236424359027	-0.0005488904894541	0.0001862871128822	0.0007351776023363	Mxra8	neither	0.5527099534352364
228778	-0.002647640678089	-0.0005420730071644	-0.0006332607036959	-9.118769653146874e-05	6820408C15Rik	neither	0.8340742896933777
19204	-0.0025940996562887	-0.0005416483372308	-1.7046898034399183e-05	0.0005246014391964	Ptafr	neither	0.5263157549048502
14536	-0.006016418031923	-0.0005380705271983	-0.0005525219060636	-1.4451378865344333e-05	Nr6a1	neither	0.4889101733004434
18779	0.0010391249890563	-0.0005338672067389	-0.0005043728285064	2.949437823258341e-05	Pla2r1	neither	-0.7216692001471541
18712	-0.0012239177320744	-0.0005316343560484	-0.0005000625080658	3.157184798259071e-05	Pim1	neither	1.5489971371606313
14420	0.0076912812612621	-0.0005289996902901	-0.0013044575473985	-0.0007754578571084	Galc	neither	0.1206654090339241
224661	0.0027710060382611	-0.000526846627316	-8.416903673549931e-05	0.0004426775905805	Slc26a8	neither	0.0908704099566304
27261	-0.0009346762084211	-0.000519826353246	-0.0004563341650214	6.349218822462567e-05	Dok3	neither	1.4532788569544577
12902	-0.0084500804371202	-0.0005196021886	0.0029024391316542	0.0034220413202542	Cr2	neither	0.2932874453823416
17897	-0.0026570987257376	-0.0005159231126248	-0.0016903586445232	-0.0011744355318983	Myl3	neither	0.4905207870315555
15213	0.0015118743554934	-0.0005113801249191	-4.174560079205851e-05	0.000469634524127	Hey1	neither	-0.6438232228664177
73683	-0.001977538171934	-0.0005094623387512	0.0001716045260255	0.0006810668647768	Atg16l2	neither	0.6574366628939243
11513	-0.0051044220868954	-0.0005086489177739	0.0005242820196848	0.0010329309374588	Adcy7	neither	0.4784823060903179
110197	0.0013422596973942	-0.0005069665734313	-0.0006818900763743	-0.0001749235029429	Dgkg	neither	-0.5314317938807331
108899	-0.0007634332110802	-0.0005017656255146	0.000114027945884	0.0006157935713987	2700081O15Rik	neither	1.415264337238939
235281	-0.0018411524887378	-0.0004959017022212	0.0011775305811367	0.0016734322833579	Scn3b	neither	0.3789548288208506
241230	0.0016679575035964	-0.0004915229617211	0.0001192045653346	0.0006107275270557	St8sia6	neither	-0.4534459106313005
66953	-0.0023070601993675	-0.000479673268866	0.0001524520881839	0.0006321253570499	Cdca7	neither	0.8891324540917316
15186	0.0012767381345365	-0.0004792144540612	3.744027337140399e-05	0.0005166547274326	Hdc	neither	-0.6452376674013669
70717	0.0103892609265486	-0.0004732101878656	0.0024617982144333	0.0029350084022989	Medag	neither	-0.295019734787079
100198	0.0023524232034681	-0.0004725485630843	-0.0008682935544495	-0.0003957449913652	H6pd	neither	0.0612258369522744
20897	0.0032399085346318	-0.0004723496443592	-0.0023921120051201	-0.0019197623607608	Stra6	neither	-0.2867469367745658
18039	0.0023145431654496	-0.0004704778930722	0.003145980555317	0.0036164584483893	Nefl	neither	-0.1396650865918261
21823	0.0053989161642781	-0.0004692351097609	0.000197808191765	0.000667043301526	Th	neither	0.0105964101717602
170459	0.0006001768375616	-0.0004659762481684	-0.0001546735073116	0.0003113027408568	Stard4	neither	-1.421226338846058
56811	-0.0056280158730933	-0.0004633563158565	0.0033144306159215	0.0037777869317781	Dkk2	neither	0.2034798105528566
23794	0.0012297393731091	-0.0004624655803942	-0.0006733121896652	-0.0002108466092709	Adamts5	neither	-1.092748566122479
71755	-0.0011392538348109	-0.0004573123844099	-0.0003052179026022	0.0001520944818076	Dhdh	neither	1.3374239731404978
14400	0.0013834505279064	-0.0004528757199882	-0.0009899563926401	-0.0005370806726518	Gabrb1	neither	-0.3220935899266547
76223	0.002443385283829	-0.0004523211046353	0.0003697994042716	0.000822120508907	Agbl3	neither	-0.3200078114699397
217341	0.0008649899263756	-0.0004522889506925	-9.328803188787364e-05	0.0003590009188046	Qrich2	neither	-0.86315792222542
227632	-0.0010111670827596	-0.0004508129422799	3.161800531900815e-05	0.0004824309475989	Kcnt1	neither	0.4283308665561013
225724	0.0012605572828537	-0.0004455515525436	-0.0001811389919734	0.0002644125605701	Mapk4	neither	-0.3748112891007643
228357	0.0006878582186599	-0.0004417509281304	-0.0002629593626896	0.0001787915654407	Lrp4	neither	-1.1144501536013842
118449	0.0025059166461629	-0.0004397698409903	-0.0010428543467126	-0.0006030845057223	Synpo2	neither	-0.0931975610085818
71240	-0.0009014044302681	-0.0004394945614168	-3.0859128355347554e-05	0.0004086354330614	Osbpl7	neither	1.565354518112392
68667	0.001250611300973	-0.0004363145260517	-0.0002515786505551	0.0001847358754965	Trpm4	neither	-0.5901572524419398
330908	-0.0035142315805061	-0.0004285010659964	0.0019095223043264	0.0023380233703228	Opcml	neither	0.5902862961518432
18769	-0.0090977820868938	-0.000422506132801	-0.0007931766618336	-0.0003706705290325	Pkig	neither	0.3887658907552984
219228	-0.0021865018903331	-0.0004174890977511	0.0010960444100727	0.0015135335078239	Pcdh17	neither	0.8796869217766997
70726	-0.0042737531720396	-0.000416925157326	0.0034716396313341	0.0038885647886602	Angptl6	neither	-0.1700088937486564
107513	0.0020455595606778	-0.0004136318157213	-0.0002818471438997	0.0001317846718215	Ssr1	neither	-0.3347136022783334
432530	0.0021488379541261	-0.0004108153381767	-0.001040307333496	-0.0006294919953192	Adcy1	neither	-0.0827966640243743
236904	-0.009613946015577	-0.0004014895263384	-0.0012326018974063	-0.0008311123710678	Klhl15	neither	0.3614341403259853
170737	-0.0061227082984601	-0.0003949163430932	0.0001990696825626	0.0005939860256559	Znrf1	neither	0.6010796413151112
103967	0.0012587139662107	-0.0003937771928283	-0.0003712051796587	2.2572013169646743e-05	Dnm3	neither	-0.6340742097279591
241525	-0.001718847003135	-0.0003926929159361	-0.0010309325378079	-0.0006382396218717	Ypel4	neither	0.9618410790084772
18768	0.0011614129721794	-0.0003923498198681	-0.0003918644326297	4.853872383368211e-07	Pkib	neither	-0.5744190655145396
20656	-0.0017909472494701	-0.0003912306566548	-0.0005229923534262	-0.0001317616967714	Sod2	neither	0.880584817489311
219114	-0.0007292270736885	-0.0003877062715705	-0.0003002934154432	8.74128561272954e-05	Ska3	neither	1.72973270747859
140571	0.0007394878527404	-0.0003862301808132	-0.0002963834440247	8.984673678843981e-05	Plxnb3	neither	-1.053559628084283
12810	-0.0010220540775802	-0.0003861805079696	-0.0002064742960177	0.0001797062119519	Coch	neither	0.706769973047788
75641	-0.0040863274526894	-0.0003860357478515	0.0009429968817783	0.0013290326296299	1700029I15Rik	neither	0.2816438680581302
56631	-0.0009667859892389	-0.0003843753338975	-0.000531379179413	-0.0001470038455155	Trim17	neither	1.209762718570439
72472	-0.0026769542774594	-0.0003829603164674	-0.0002973967977623	8.556351870505735e-05	Slc16a10	neither	0.6646878957660881
18413	-0.0005066821483293	-0.0003798295810447	-0.0005979223944433	-0.0002180928133985	Osm	neither	1.1455702712607545
381644	0.002515623998463	-0.0003795263371113	-4.502605788577878e-05	0.0003345002792255	Cep135	neither	-0.1996343755284798
270192	-0.0074708161102057	-0.0003788140711433	0.0021651195029784	0.0025439335741217	Rab6b	neither	0.398827015895238
66824	-0.0010493031651035	-0.0003768276758384	-0.0001379405907103	0.000238887085128	Pycard	neither	1.1630196857087864
13058	0.0030533884628477	-0.0003719602349377	-5.518467272313457e-05	0.0003167755622146	Cybb	neither	-0.0239657334070803
24001	0.0059183912313932	-0.0003710126889244	-0.000373759760018	-2.747071093589721e-06	Tiam2	neither	0.0018517239608247
544963	0.0004947875837109	-0.0003694259065607	-0.0001480876569926	0.000221338249568	Iqgap2	neither	-1.9329974292191163
16768	0.0005693507314988	-0.0003684717748211	2.414597159430477e-05	0.0003926177464154	Lag3	neither	-0.6673138101714245
216867	-0.0021835826552008	-0.0003530271052686	0.000187835727803	0.0005408628330716	Slc16a11	neither	0.6651907921161514
71228	0.0057919791226868	-0.0003513730465162	-0.0013131307603731	-0.0009617577138568	Dlg5	neither	0.017026413009783
16438	0.0047316770158215	-0.0003468308914601	2.0319812521107528e-05	0.0003671507039812	Itpr1	neither	-0.0300083879409204
70551	0.0005284756590021	-0.0003448820900297	-0.0001728432166082	0.0001720388734214	Tmtc4	neither	-1.5650066668507767
109272	0.0010242412081732	-0.000344641420671	0.0002293875123291	0.0005740289330001	Mybpc1	neither	-0.5645510310389055
216292	0.0016084341496701	-0.000344203380483	-0.0004263044252806	-8.210104479760774e-05	Mettl25	neither	-0.2771378998288961
338370	0.0077765876121573	-0.0003438106183577	0.0008264410549979	0.0011702516733556	Nalcn	neither	0.1013831812712466
71279	0.0010822080844695	-0.0003436498657205	-0.0002943114670006	4.9338398719875375e-05	Slc29a3	neither	-0.4929984099807202
216856	0.0013342881696881	-0.0003361914368931	0.0001023728917486	0.0004385643286417	Nlgn2	neither	-0.0607910830370692
14183	0.0006808373663003	-0.0003357597539027	-0.0002999960792757	3.5763674627012256e-05	Fgfr2	neither	-1.1347219662020176
233878	-0.0005525984113965	-0.0003317437250434	-0.0004470134361661	-0.0001152697111227	Sez6l2	neither	1.7457815465420727
244895	0.0036713798046242	-0.000330155016892	-4.112045671376402e-05	0.0002890345601782	Peak1	neither	-0.08746753571543
107503	0.0034991973607352	-0.0003268301153536	-0.0001517904019766	0.0001750397133769	Atf5	neither	-0.0673486522062732
207911	0.0075944631498931	-0.0003224770759186	-0.0025489528516335	-0.0022264757757148	Mchr1	neither	-0.0881584833697919
18984	-0.0004677289850941	-0.0003220252947645	-0.0002055468509525	0.000116478443812	Por	neither	2.307559814659814
232821	-0.0032634807311706	-0.0003208571709273	-0.0003691930465054	-4.833587557806691e-05	Ccdc106	neither	0.4686386708887703
101772	0.0017360240759573	-0.0003193748196045	-0.0008932982188554	-0.0005739233992509	Ano1	neither	-0.1163740025991233
77782	-0.0003035151227903	-0.0003155314867737	-0.000205229132608	0.0001103023541656	Polq	neither	3.310049642867801
319901	0.0010920378210227	-0.000315522472226	6.01262442082116e-05	0.0003756487164342	Dsel	neither	-0.2202512078406047
51801	0.0004794973252296	-0.0003129944483569	-0.0002651075519425	4.7886896414365394e-05	Ramp1	neither	-1.2419734248578975
17387	0.0010959731920619	-0.0003097847355615	-0.0003732591325664	-6.34743970049305e-05	Mmp14	neither	-0.1227544218408802
16971	0.0061061359585741	-0.0003079449192221	-0.0007912402587992	-0.0004832953395771	Lrp1	neither	0.0119290615056258
14081	0.0008164402953713	-0.0003022358605171	-0.0002247093585313	7.752650198582293e-05	Acsl1	neither	-0.8237980188019884
73728	0.00140556085559	-0.0003019185326521	-0.0002915195560479	1.0398976604241384e-05	Psd	neither	-0.2826013230975479
56485	0.0008366872199686	-0.0002996765728247	-2.6700473766722188e-05	0.000272976099058	Slc2a5	neither	-0.2902093196119823
16511	0.0004312124202089	-0.0002981125464499	-0.0002607107673501	3.740177909979396e-05	Kcnh2	neither	-1.6515673403791125
319520	0.0005273626898562	-0.000294221243322	0.0001801823076981	0.0004744035510202	Dusp4	neither	-1.062459945928531
76547	-0.0006754156420136	-0.000291414437416	-0.000418012552339	-0.000126598114923	Tmem101	neither	1.0986333947078524
320051	0.0004233069196647	-0.0002900228311995	0.0001152455656307	0.0004052683968303	Exph5	neither	-0.8930755569081658
218341	-0.0010543739461016	-0.0002881097618433	0.0005602883399402	0.0008483981017835	Rfesd	neither	0.8662436266903177
225825	0.0005078507302929	-0.000287417505162	-9.403734596673584e-05	0.0001933801591953	Cd226	neither	-0.8002597102375013
12643	-0.0058678547846495	-0.0002862205964949	0.0029167567131779	0.0032029773096728	Chad	neither	-0.5333225823702533
666048	0.0014527465935809	-0.0002799953959492	0.00099845183808	0.0012784472340293	Trabd2b	neither	-0.2940621448560171
18584	0.0015519245091677	-0.0002766813968231	-0.0003706656076596	-9.398421083653028e-05	Pde8a	neither	-0.2628734705663665
18974	0.000507655707474	-0.0002737025894204	-0.000215847296116	5.785529330444412e-05	Pole2	neither	-1.2306370342639366
68567	0.0006420846529014	-0.0002735778555952	-0.0006594358799006	-0.0003858580243054	Cgref1	neither	-0.2049654129801094
171531	0.00221587513073	-0.0002688427581558	-0.0009961638222526	-0.0007273210640967	Mlph	neither	0.006649736715327
30954	0.0060955857995219	-0.0002688388319895	0.0010362738624354	0.001305112694425	Siva1	neither	0.1127956795039347
330409	-0.0013515279801102	-0.0002687889083723	-2.6211282757892425e-05	0.0002425776256144	Cecr2	neither	0.8005682214719106
11746	0.0012756968459107	-0.0002656157665368	0.0001811321269921	0.0004467478935289	Anxa4	neither	-0.27647485950082
16975	0.0031652427299693	-0.0002645245586724	-0.0012315917634352	-0.0009670672047628	Lrp8	neither	0.0310880552750983
238024	-0.0003832270511714	-0.0002637612175746	-3.154572116723887e-05	0.0002322154964074	Fn3krp	neither	1.5690343168081935
99512	0.0015303992770483	-0.0002627866148084	-3.641608210977997e-05	0.0002263705326986	Wdr47	neither	-0.2866610128665224
14545	0.0077131092742914	-0.0002620206530608	0.0005941336008425	0.0008561542539033	Gdap1	neither	0.081020967757657
12236	0.0034665519958645	-0.0002613230642454	-0.0002228905284519	3.843253579351196e-05	Bub1b	neither	0.045367704191857
20509	-0.0006291634706259	-0.0002603647440945	0.0001703595537647	0.0004307242978592	Slc19a1	neither	1.3226884363462854
16535	0.0019316343281472	-0.0002544889093581	-0.0004023416395756	-0.0001478527302175	Kcnq1	neither	-0.072971386732474
72585	-0.0011194375224351	-0.0002531189744342	0.0002410387158956	0.0004941576903299	Lypd1	neither	0.4965668642475074
72008	-0.002089547764498	-0.0002472724240509	0.0002915839528344	0.0005388563768853	Zfyve19	neither	0.6593958567681284
234515	0.0051676187537788	-0.0002416155784042	-0.0027162712123024	-0.0024746556338981	Inpp4b	neither	0.8309465239541027
22171	-0.0009303149585737	-0.0002411152631255	-2.0575471459536557e-05	0.0002205397916659	Tyms	neither	0.9802194049534496
22785	-0.0016775671903552	-0.000239256872734	-0.0001563093876517	8.294748508226379e-05	Slc30a4	neither	0.6366257305556147
26949	0.0065651066948202	-0.0002382944812336	-0.0008535280596658	-0.0006152335784321	Vat1	neither	0.1932910619662252
54725	0.0010425560666997	-0.0002352128464075	-0.0001189954623107	0.0001162173840967	Cadm1	neither	-0.4064092647990762
14632	-0.0007526653687386	-0.0002346789989225	-0.0001717707771599	6.290822176266295e-05	Gli1	neither	0.8991008115286498
11600	0.0005205492579753	-0.0002339013086104	-0.0001956423162463	3.825899236406126e-05	Angpt1	neither	-0.5242784945497216
237353	-0.0046209775348425	-0.0002336101339723	0.0001001004806467	0.0003337106146191	Sh3rf3	neither	0.3512195066723589
12162	0.0045959286573822	-0.0002324569932036	-0.00103457583681	-0.0008021188436063	Bmp7	neither	0.1983069443583025
269423	0.0021107358348142	-0.0002322363638958	-0.0003746703952051	-0.0001424340313093	Abhd18	neither	-0.0204457849790018
81904	-0.0022474126240373	-0.0002294789673238	0.0002817986880735	0.0005112776553973	Cacng7	neither	0.5343501822906578
76217	-0.0012338729172829	-0.0002291188257657	0.0002164169698089	0.0004455357955746	Jakmip2	neither	0.3631935722612689
54381	0.0096874100910201	-0.0002289495129448	-0.0018264521815281	-0.0015975026685833	Cpq	neither	0.1921199523752136
110351	0.0018741135849771	-0.0002284089498995	-0.0013315083326968	-0.0011030993827973	Rap1gap	neither	0.223563478827998
69217	-0.0039044720712377	-0.0002276381465233	-7.579774529517346e-05	0.0001518404012281	Plekha4	neither	0.390633964859284
108153	0.0039993485799083	-0.0002270341745732	0.0010391279462171	0.0012661621207903	Adamts7	neither	-0.057028382048968
225913	-0.005632875624605	-0.0002248079282338	0.0003223446553512	0.0005471525835851	Tkfc	neither	0.3754852217239126
109019	0.0020314768566399	-0.0002239593314865	0.0006211785793257	0.0008451379108123	Nabp1	neither	-0.0384694611493753
236539	-0.0004227675054912	-0.0002168410730178	-3.520969747780593e-05	0.00018163137554	Phgdh	neither	1.952897269567655
22780	0.0012759102174221	-0.000214151170397	-0.0004691586462624	-0.0002550074758653	Ikzf3	neither	-0.0041257478451162
80914	-0.0002823358093053	-0.000208350546247	-0.0001852373830036	2.3113163243405427e-05	Uck2	neither	2.40566839780583
67603	0.0006829025897217	-0.0002076788920241	0.0003498878443921	0.0005575667364163	Dusp6	neither	0.0058274495660008
66446	-0.0017546603836974	-0.0002041870880058	8.725655699996746e-05	0.0002914436450058	Exosc7	neither	0.7140980421190705
17381	0.0003035694259773	-0.000203462410633	-0.0002030935885929	3.688220401071752e-07	Mmp12	neither	-1.2572485878165651
210044	-0.0018429166625334	-0.0002018090933139	-0.0001055717685543	9.623732475956925e-05	Adcy2	neither	0.3953187440869884
27371	0.0026101974186344	-0.0002015095328563	-0.0006207915802388	-0.0004192820473824	Sh2d2a	neither	0.0200913977017393
12550	0.0018985996381031	-0.0002009933026812	0.0001417608667298	0.0003427541694111	Cdh1	neither	-0.0368914609133561
17930	0.0005938628757678	-0.0001972976159764	-0.0001488085060923	4.848910988409431e-05	Myom2	neither	-0.7593377891383996
17868	-0.0003824948392255	-0.000194465471458	0.0001479187586787	0.0003423842301367	Mybpc3	neither	0.7977176514275787
76854	0.0005478726555752	-0.0001935282466225	-0.0002403227317386	-4.679448511604999e-05	Gper1	neither	-0.0339593036870086
67163	0.0019987751529852	-0.0001902226173846	-0.0001946095934336	-4.386976049050822e-06	Ccdc47	neither	-0.0564577249767575
215456	-0.0009213885566244	-0.0001827738058327	-0.0003047005673709	-0.0001219267615382	Gpat2	neither	0.6174843372242852
56078	0.0042749664000178	-0.000181221920402	-0.0002254891046943	-4.426718429230826e-05	Car5b	neither	0.1625389828042164
23948	-0.0002662106163576	-0.0001797164310044	-7.2346409539501e-05	0.0001073700214649	Mmp17	neither	1.56997470194183
14160	0.0007606719216915	-0.000178876003688	-4.028774361935253e-06	0.000174847229326	Lgr5	neither	-0.4086176487161487
320472	-0.0027642250428269	-0.000178244404056	-3.1534729285800024e-05	0.0001467096747702	Ppm1e	neither	0.505469059092109
16371	0.0008213407794916	-0.0001767977037139	0.0005233263360908	0.0007001240398048	Irx1	neither	-0.0651537429153555
19725	0.0016377170605158	-0.0001758332216302	-0.00030226728388	-0.0001264340622497	Rfx2	neither	-0.0622496979263399
237175	0.0024627210036267	-0.0001751522348303	-0.0001100814809736	6.507075385679547e-05	Adgrg2	neither	0.6657722773930435
14823	0.0008291661961882	-0.0001746119078851	-5.6232343577288805e-05	0.0001183795643078	Grm8	neither	-0.3412563539910374
107448	0.0053743093173577	-0.0001710447313613	-0.0018853526196764	-0.0017143078883151	Unc5a	neither	0.1678415987213033
242585	-0.0072119199282595	-0.0001703673300195	0.0014201754495993	0.0015905427796189	Slc35d1	neither	0.1223092747808879
13363	-0.0010614838431869	-0.000169716483273	2.9410364979938824e-05	0.0001991268482529	Dhh	neither	0.2412594554616599
58208	-0.0012971804324741	-0.0001694538016814	0.000685290956518	0.0008547447581995	Bcl11b	neither	0.2696774922810284
230721	-0.0020749508132526	-0.0001687670502728	-3.792213531748752e-06	0.0001649748367411	Pabpc4	neither	0.4478884062212754
237073	-0.0002278068740197	-0.0001670663069254	-0.0001004851977522	6.658110917321197e-05	Rbm41	neither	2.194900330424826
105239	-0.0002503838321787	-0.0001661723436255	-9.406597951632504e-05	7.210636410923009e-05	Rnf44	neither	2.200938642480273
19249	-0.0008694275196386	-0.0001648032163291	-5.971859975328304e-05	0.0001050846165758	Ptpn13	neither	0.8255386488690606
209032	-0.0005246124539789	-0.0001644079346061	-1.0798915353071297e-05	0.000153609019253	Zc3hav1l	neither	0.8390993270171343
243780	-0.0024139746898909	-0.0001636126476345	-0.000198340190706	-3.4727543071489926e-05	Dennd11	neither	0.4313269866466896
22417	0.0030393788937929	-0.0001601567485829	0.0001786553359854	0.0003388120845684	Wnt4	neither	0.0418973436319063
216527	-0.0018883295630187	-0.0001552801860826	0.0003138017205553	0.0004690819066379	Ccm2	neither	0.5478782760156033
53324	-0.0020589467764193	-0.0001532301160468	-0.0003371185773683	-0.0001838884613215	Nptx2	neither	0.4746576222518625
64340	-0.0035880001080771	-0.0001525863797818	0.0003104904019518	0.0004630767817337	Dhx38	neither	0.3601925112679293
17874	-0.0009966061341048	-0.000148327922792	-0.0001186662683663	2.96616544256898e-05	Myd88	neither	0.6967144389558334
78286	0.0006323939724851	-0.0001466949359208	-9.51456093128642e-05	5.154932660796976e-05	Nav2	neither	-0.5292530505136921
433938	-0.0016161345282928	-0.0001466013468804	0.000198181951946	0.0003447832988265	Mn1	neither	0.4772609406995893
17196	-0.0026565579997708	-0.000144354256508	0.0009643344041574	0.0011086886606654	Mbp	neither	0.3141167363645097
66329	-0.0084333049104349	-0.0001418904124731	-0.0007296185152445	-0.0005877281027713	Susd3	neither	0.2290654957649064
19273	0.0040220338596236	-0.00014184275742	-0.0009223178591509	-0.0007804751017309	Ptpru	neither	0.1394681374738294
74134	-0.0004551249408279	-0.0001406088252615	-0.0001037878654427	3.682095981880091e-05	Cyp2s1	neither	0.9700934945682655
64424	-0.0001163163406077	-0.0001399907674204	-8.476635635748526e-05	5.5224411062944966e-05	Polr1e	neither	3.617132647562957
57738	0.0002040085424904	-0.0001375024756084	-6.41352617201456e-05	7.336721388829343e-05	Slc15a2	neither	-1.3318487095148146
13982	0.0006735497829876	-0.0001370692686054	-0.0001618347976434	-2.4765529038013427e-05	Esr1	neither	-0.3420293880395431
20191	0.000549010709741	-0.0001356866411508	-8.181329349047225e-05	5.387334766033935e-05	Ryr2	neither	-0.4431235678869704
68479	0.000609132827519	-0.0001351598264486	-0.0001394731455237	-4.313319075051114e-06	Phf5a	neither	-0.4126569733560195
16402	0.0022884778982329	-0.0001329048299171	0.0005440528528038	0.000676957682721	Itga5	neither	0.180032976228649
12416	-0.0012518766486659	-0.0001290376861037	9.514095882629606e-06	0.0001385517819863	Cbx2	neither	0.4907404674815147
93835	-0.0046400845865235	-0.0001289489470782	0.0015977538389179	0.0017267027859961	Amn	neither	0.2698490511246023
73747	-0.0016494007387478	-0.0001275227007469	0.0006918675141882	0.0008193902149351	Shld1	neither	0.432569355805806
329650	-0.0018999328544522	-0.0001254982463824	5.982629192315584e-05	0.0001853245383056	Med12l	neither	0.4577480655074368
22359	-0.0012225924242933	-0.0001240077069576	-1.906194448380554e-05	0.0001049457624738	Vldlr	neither	0.3781550532701352
216739	0.0015826697576074	-0.0001237899336652	-0.001025825782085	-0.0009020358484197	Acsl6	neither	0.0512482753206658
231724	-0.0020106571332046	-0.0001233449702147	-0.0005141410239184	-0.0003907960537036	Rad9b	neither	0.421677876000928
20964	-0.0008413932816784	-0.0001231893838038	-1.845841947177249e-05	0.000104730964332	Syn1	neither	0.4993478672368767
15945	-0.0023669889064387	-0.0001223606449764	-0.0015268617112073	-0.0014045010662309	Cxcl10	neither	0.4144381697357745
20447	0.0003970678315768	-0.0001198540507121	-8.8630044261193e-05	3.122400645095548e-05	St6galnac3	neither	-0.5326270027977761
52033	-0.0006454752461329	-0.0001178131365295	-0.0002157511448908	-9.79380083612605e-05	Pbk	neither	0.7709089621692021
67196	0.0004203486396378	-0.000113768527137	-0.0001243675727629	-1.0599045625915287e-05	Ube2t	neither	-0.544503162323342
268395	0.0004937824593092	-0.0001134932846358	-0.0001424871890443	-2.899390440852783e-05	Mpg	neither	-0.1736688861464695
233875	-0.0028469625121748	-0.0001124025094863	0.0005422954174464	0.0006546979269327	Ino80e	neither	0.3984142050685442
236930	-0.0013599569968207	-0.0001100560275809	-6.85249257680317e-05	4.15311018129133e-05	Ercc6l	neither	0.4676578323066396
75209	-0.001262769075308	-0.0001097930305154	0.0006397296586361	0.0007495226891516	Sv2c	neither	0.620150192014832
80901	0.0005664520643509	-0.0001090311662087	-3.203962974850913e-05	7.699153646022326e-05	Cxcr6	neither	0.0460401716107988
381379	0.0042376548187564	-0.000108409043442	-0.0008436024308892	-0.0007351933874471	Med19	neither	0.1792095841137544
384569	-0.004099459461435	-0.0001062093908598	0.0008078213328345	0.0009140307236943	Nova2	neither	0.6228967489921086
270906	-0.0001145367848268	-0.000101166334678	-0.0001047782922321	-3.611957554180468e-06	Prr11	neither	2.785999060972882
70310	0.0003437419230341	-9.971010013263152e-05	4.798140597606544e-05	0.0001476915061086	Plscr3	neither	-0.3426466743033401
77015	-0.0007936592397233	-9.738973180157576e-05	0.0004056352366818	0.0005030249684834	Mpped2	neither	0.0803742156848768
13131	0.0002426752484083	-9.380669727694512e-05	-8.17136422419089e-05	1.2093055035036217e-05	Dab1	neither	-0.7006816637275671
23966	0.0002621929674886	-9.348474166901567e-05	-7.115756249123889e-05	2.2327179177776787e-05	Tenm4	neither	-0.4054838506842403
56532	-0.0003456546405641	-9.293328387024107e-05	-0.0001608888701752	-6.795558630500461e-05	Ripk3	neither	0.7852942241117524
171282	0.0005508338698102	-9.25954753530468e-05	-5.483908083755043e-05	3.775639451549637e-05	Acot4	neither	-0.1873216307461775
20745	0.0003134318532035	-9.069817045350608e-05	-0.0001832329844936	-9.25348140401592e-05	Spock1	neither	-0.3913835726683916
68039	-0.0057425085014432	-7.58663511503538e-05	-0.0066846089961077	-0.0066087426449574	Nmb	neither	0.2788300387671851
14675	0.0001510872888351	-7.446744249010844e-05	-4.37000148600023e-05	3.076742763010614e-05	Gna14	neither	-1.1540252968238542
407823	0.0003269959391781	-7.393681206319034e-05	-3.545036564295709e-05	3.848644642023325e-05	Baz2b	neither	-0.4227035994133957
234214	0.0001453752612662	-7.334344467003612e-05	-3.258657824638456e-05	4.075686642365156e-05	Sorbs2	neither	-1.1712346348913711
210530	0.0032058989465447	-7.273935932138982e-05	-0.0020131537417116	-0.0019404143823902	P3h2	neither	0.5434650939211071
12842	-0.0015254770435705	-7.243525146383044e-05	0.0007573516831007	0.0008297869345646	Col1a1	neither	0.3292610580677326
218440	-0.0027615996858228	-7.211966073346475e-05	-0.0014175496812161	-0.0013454300204826	Ankrd34b	neither	0.3602830970638006
17345	-0.0011538563094566	-6.660376446440936e-05	-0.0002129425149458	-0.0001463387504814	Mki67	neither	0.3724029795429538
218820	0.0002094042601364	-6.592513791268273e-05	0.0001806209992203	0.000246546137133	Zfp503	neither	-0.4159485520207644
22276	-0.0001703366085443	-6.504957013632648e-05	4.27544253674442e-05	0.0001078039955037	Uros	neither	1.111911389967516
17921	0.0004195722649286	-6.318621264793427e-05	-3.710781902850365e-05	2.6078393619430626e-05	Myo7a	neither	-0.1700751092669482
241770	-0.0001178891535024	-6.193710994083649e-05	-3.5341174347316965e-05	2.6595935593519526e-05	Rims4	neither	0.667738756731225
330355	-0.0005198025193304	-6.174444683627895e-05	8.189434045724113e-05	0.0001436387872935	Dnah6	neither	0.4629442248987553
22637	0.0003676286198011	-5.8197385945085805e-05	-0.0001030294539254	-4.48320679803706e-05	Zap70	neither	0.4828155904345113
80890	0.0023001912103539	-5.670723336764474e-05	-0.0002013469394909	-0.0001446397061232	Trim2	neither	0.1171496863962824
329324	-0.0003304676030335	-5.613914985725432e-05	5.47565629883305e-05	0.0001108957128455	Syt14	neither	0.643676185713915
236285	0.0005301002500192	-5.506709839310709e-05	0.0004149257630223	0.0004699928614154	Lancl3	neither	-0.2596353764087249
67426	0.0004989569757984	-5.417871761301563e-05	7.375236806041282e-05	0.0001279310856734	Coq8a	neither	0.0312018904281378
110385	-0.0020277436991259	-4.872195675169042e-05	-0.0005322358058368	-0.0004835138490851	Pde4c	neither	0.2398144399921452
78412	0.0007369525054508	-4.871923593585719e-05	-0.0006444304028787	-0.0005957111669429	Cyren	neither	0.1414809294287847
21828	5.3926414618514494e-05	-4.5975045232634776e-05	-4.564656260565556e-05	3.284826269792148e-07	Thbs4	neither	-1.6303271268690127
12805	0.0003790908710382	-4.580069377523151e-05	-1.4288326596763668e-05	3.151236717846784e-05	Cntn1	neither	-0.0945409178806052
170745	-0.0006731727787803	-4.525103079011559e-05	-0.000218208680426	-0.0001729576496358	Xpnpep2	neither	-0.1061030534529163
227059	0.0032357594128017	-4.476102384352924e-05	0.0004980538062324	0.000542814830076	Slc39a10	neither	0.1907096951258137
56177	0.0003222290815016	-4.463194403707669e-05	-3.147149932513017e-05	1.3160444711946516e-05	Olfm1	neither	-0.1860755147945522
12931	0.0008341359136735	-4.4032224440054217e-05	-9.10073701652482e-05	-4.697514572519397e-05	Crlf1	neither	0.2467095528138579
22062	6.567534754703616e-05	-4.392334111147202e-05	-3.673038114541668e-05	7.192959966055339e-06	Trp73	neither	-1.5740545539962056
319582	-0.0022553017710975	-4.37229364255962e-05	-0.0008315440508081	-0.0007878211143825	Trmt9b	neither	0.2613155531456096
244058	-0.0014307322266055	-4.257081562797112e-05	-0.0008023229662716	-0.0007597521506436	Rgma	neither	-0.145289007648353
54609	0.0065611712775945	-4.208392757531683e-05	-8.678295253322701e-05	-4.469902495791018e-05	Ubqln2	neither	0.2381854763688425
74199	-0.0009594570032992	-4.127555466934851e-05	0.0001603133022386	0.000201588856908	Vit	neither	0.4693432305458566
73327	-0.0003190136388396	-4.027143334392537e-05	5.703159536562602e-05	9.73030287095514e-05	Pradc1	neither	0.4882460851974585
56224	-0.000748891352223	-4.011227678484867e-05	-1.896440322880552e-05	2.1147873556043148e-05	Tspan5	neither	0.3839256405416556
17193	0.0002880967066578	-3.972945255442099e-05	-3.4049921961467774e-05	5.679530592953218e-06	Mbd4	neither	-0.0620233271981701
101565	0.0006445549746747	-3.8603138147246114e-05	6.37441155982548e-05	0.0001023472537455	Ccp110	neither	0.0477211926338355
380924	-0.0002291295677785	-3.527148172385604e-05	4.240996612389828e-05	7.768144784775431e-05	Olfm4	neither	0.5234707149711924
380863	4.49965439895278e-05	-3.381322550273416e-05	2.98196814626199e-07	3.4111422317360355e-05	Tmem171	neither	-1.2992503579239538
22324	0.0001011127110527	-3.376868456382317e-05	-5.09286914269029e-05	-1.716000686307973e-05	Vav1	neither	0.0931134885137121
69066	4.92412002215819e-05	-2.9549223541797223e-05	-7.205324486019846e-06	2.234389905577738e-05	1810010H24Rik	neither	-1.1064487830615557
56419	-0.0011723002985214	-2.921878696226216e-05	-0.0001711532857479	-0.0001419344987856	Diaph3	neither	0.276059070235894
75906	0.0021176019018658	-2.8128895874792257e-05	0.0001044025969978	0.0001325314928726	Fam184a	neither	0.1914682174314282
56700	-5.588172938799767e-05	-2.77547945568323e-05	-6.93923811861681e-06	2.081555643821549e-05	Glmp	neither	1.5353833266705832
22113	5.969289689907885e-05	-2.7558574470416294e-05	3.529513071413249e-05	6.285370518454879e-05	Phlda2	neither	-0.7467954330711218
546611	-0.0101468079141216	-2.645425560227943e-05	-0.0023780373977139	-0.0023515831421116	Klhl33	neither	0.3007480883650371
14805	-0.0001958694344667	-2.594782176533728e-05	2.7764747662047295e-05	5.3712569427384575e-05	Grik1	neither	0.4713649112028994
16404	0.0055167951947922	-2.540342818690073e-05	-0.0003129948901649	-0.000287591461978	Itga7	neither	0.277885840265376
21987	0.0053638842751321	-2.5270118009258297e-05	-0.0021859366373297	-0.0021606665193205	Tpd52l1	neither	0.2270520772731736
238799	0.000167877867987	-2.466208231168197e-05	-4.012565074427492e-06	2.064951723725448e-05	Tnpo1	neither	-0.2518334062203337
242819	-0.0014433281483562	-2.4502982559785504e-05	-0.0003192226563785	-0.0002947196738188	Rundc3b	neither	0.2970325092330725
107351	6.629878310186463e-05	-2.3721611254494007e-05	-1.5397564003070608e-05	8.3240472514234e-06	Kank1	neither	-0.7640762769392871
72415	0.0023801668778237	-2.273650237204247e-05	-2.0286310323255183e-05	2.450192048787289e-06	Sgo1	neither	0.1989725968467529
28240	-0.000131813148184	-2.1363997345785188e-05	-7.016158807171343e-05	-4.879759072592824e-05	Trpm2	neither	0.3434630902938875
56794	0.0033760513910366	-2.0569496640796155e-05	-0.0001292505014577	-0.0001086810048169	Hacl1	neither	-0.0183363573669479
14163	-0.0013407798003773	-2.031845764788848e-05	0.0003404864012193	0.0003608048588672	Fgd1	neither	0.2247037582858391
211798	0.0001006223231022	-1.888522907844013e-05	-2.956262558827705e-05	-1.067739650983692e-05	Mfsd9	neither	-0.2722365173678733
21816	0.0004892529269154	-1.8813901936505487e-05	-0.0003997149500482	-0.0003809010481117	Tgm1	neither	0.3222422545089187
54710	0.0001834912734954	-1.8669649491191237e-05	1.6870689767779602e-05	3.554033925897084e-05	Hs3st3b1	neither	0.0949677320758965
546336	0.0002896886269916	-1.7823849361859845e-05	4.5488628231008585e-05	6.331247759286843e-05	Prrg1	neither	0.1222480979741395
110902	-0.0001029027495992	-1.6260357329859543e-05	-1.7600577179726736e-05	-1.3402198498671938e-06	Chrna2	neither	0.5876123989594092
19258	-3.779176427833585e-05	-1.599533244666781e-05	-2.258895240367311e-05	-6.593619957005301e-06	Ptpn4	neither	1.4641920832922783
16881	9.316604164897052e-05	-1.5930974532594455e-05	-2.2709943949190435e-05	-6.77896941659598e-06	Lig1	neither	-0.3525825351140748
19416	4.576908015655224e-05	-1.591180751447936e-05	-2.63029283194905e-06	1.328151468253031e-05	Rasd1	neither	-0.5141655762147096
20273	6.398431231755789e-05	-1.3885348325097183e-05	-2.6250833370662525e-05	-1.236548504556534e-05	Scn8a	neither	-0.2998353080275757
20516	0.0004504089305679	-1.328541491969732e-05	-1.088973793004668e-05	2.39567698965064e-06	Slc20a2	neither	0.5683445881260198
171463	-0.0001066027182789	-1.2301630807000832e-05	1.0543353561714528e-05	2.284498436871536e-05	Il17rd	neither	0.592327722472335
78892	-0.001204979086061	-1.0468412021233131e-05	-0.0002610763552605	-0.0002506079432392	Crispld2	neither	0.2042481866008781
20532	0.0004248266622277	-1.018469056464714e-05	0.0001460885385841	0.0001562732291487	Slc3a1	neither	0.1118894159181097
24057	5.074515671905569e-05	-9.725359683934396e-06	-1.2637531351224642e-06	8.46160654881193e-06	Sh3yl1	neither	-0.2869327935398164
22256	5.178410535622279e-05	-7.536776390844989e-06	-1.0690619811521158e-05	-3.153843420676169e-06	Ung	neither	-0.1298574859063136
68760	-0.0001738852975695	-6.279601272760936e-06	4.9277432339403416e-05	5.555703361216435e-05	Synpo2l	neither	0.4260350578143003
83674	2.4865615853220064e-05	-6.210399169026843e-06	9.413082987063796e-06	1.562348215609064e-05	Cnnm1	neither	-0.3673209344553836
18190	0.0001296311839348	-5.542813451052848e-06	-3.396200821925044e-05	-2.8419194768197596e-05	Nrxn2	neither	-0.0796690078900157
192678	0.0006640384235313	-4.431045680347443e-06	-9.727160801974828e-05	-9.284056233940085e-05	Rassf3	neither	0.2354302250846005
108797	-0.0022280513149601	-3.9641671741093086e-06	-0.0006225938420704	-0.0006186296748963	Mex3b	neither	0.3787102671187776
20277	-8.802779787777327e-05	-3.2046482790097143e-06	-1.6876343336001708e-05	-1.3671695056991991e-05	Scnn1b	neither	0.1431396504860281
21664	-0.0012829720239321	-3.1892311999993063e-06	0.0002251546956449	0.0002283439268449	Phlda1	neither	0.221114242807474
20423	4.279915117566326e-05	-2.924811459263746e-06	2.422795804282109e-05	2.715276950208484e-05	Shh	neither	0.0630688704031291
27801	4.5130705474174775e-05	-2.6275637808718213e-06	-8.384244891993606e-06	-5.756681111121785e-06	Zdhhc8	neither	0.0673855156697687
11941	0.0006076751205491	-2.184917410089419e-06	-0.0001767598187282	-0.0001745749013182	Atp2b2	neither	0.7373591700961191
19041	0.0001497601686586	-2.0717448683640096e-06	3.234004123439463e-05	3.441178610275864e-05	Ppl	neither	0.3232832268252492
286942	-0.0003382094677525	-1.7160431319436536e-06	5.791952404597666e-05	5.963556717792032e-05	Kif19a	neither	0.0541614588692009
353242	-2.29018577255522e-07	-3.2586068267495804e-08	1.0857274594949744e-08	4.3443342862445556e-08	Mrpl21	neither	0.7071118237172804
23985	-0.0045532260922048	-0.0	-0.0	0.0	Slc26a4	not_expressed	
50528	0.0004481769160458	0.0	0.0	0.0	Tmprss2	not_expressed	
18654	-0.0015535243256292	-0.0	-0.0	0.0	Pgf	not_expressed	
100038882	-0.009095807097917	-0.0	-0.0	0.0	Isg15	not_expressed	
15163	0.0040963943072099	0.0	0.0	0.0	Hcls1	not_expressed	
70779	-0.0024081911841082	-0.0	-0.0	0.0	Prdm5	not_expressed	
14049	0.0050773080994142	0.0	0.0	0.0	Eya2	not_expressed	
53601	0.0086983325075059	0.0	0.0	0.0	Pcdh12	not_expressed	
230103	9.861151436467484e-05	0.0	0.0	0.0	Npr2	not_expressed	
320840	0.0014714154754235	0.0	0.0	0.0	Negr1	not_expressed	
20389	-0.0008732044257588	-0.0	-0.0	0.0	Sftpc	not_expressed	
19225	-0.0021456692578609	-0.0	-0.0	0.0	Ptgs2	not_expressed	
70928	0.0028476235249753	0.0	0.0	0.0	Trim69	not_expressed	
73407	-0.0012461850373465	-0.0	-0.0	0.0	Tepp	not_expressed	
210719	0.0021777978609484	0.0	0.0	0.0	Mkx	not_expressed	
20202	0.0051745719364124	0.0	0.0	0.0	S100a9	not_expressed	
242607	1.5894647840067298e-05	0.0	0.0	0.0	Slc1a7	not_expressed	
20618	0.0044762204305266	0.0	0.0	0.0	Sncg	not_expressed	
19713	-0.0044845404627094	-0.0	-0.0	0.0	Ret	not_expressed	
71607	-0.0106977802292157	-0.0	-0.0	0.0	Snx20	not_expressed	
14623	0.0006618851137078	0.0	0.0	0.0	Gjb6	not_expressed	
399548	0.0034021700373909	0.0	0.0	0.0	Scn4b	not_expressed	
242939	0.0023935184911101	0.0	0.0	0.0	Cpz	not_expressed	
20200	0.024399101043478	0.0	0.0	0.0	S100a6	not_expressed	
56362	-0.0012410907891444	-0.0	-0.0	0.0	Sult1b1	not_expressed	
94180	0.0029566313049797	0.0	0.0	0.0	Acsbg1	not_expressed	
20317	-0.0044401180139191	-0.0	-0.0	0.0	Serpinf1	not_expressed	
214359	-0.0069376569580782	-0.0	-0.0	0.0	Tmem51	not_expressed	
109050	7.407145924361123e-05	0.0	0.0	0.0	Inka2	not_expressed	
23936	-0.0048440282216145	-0.0	-0.0	0.0	Lynx1	not_expressed	
207728	-0.0092083133651582	-0.0	-0.0	0.0	Pde2a	not_expressed	
208164	0.0010214737458073	0.0	0.0	0.0	Fam180a	not_expressed	
11670	-0.0132144471075267	-0.0	-0.0	0.0	Aldh3a1	not_expressed	
65221	0.0121998757488988	0.0	0.0	0.0	Slc15a3	not_expressed	
66208	-0.0060630957897393	-0.0	-0.0	0.0	Nenf	not_expressed	
24110	0.0028095706115958	0.0	0.0	0.0	Usp18	not_expressed	
70415	-0.0059375925810631	-0.0	-0.0	0.0	Stk26	not_expressed	
21817	0.0071484732900091	0.0	0.0	0.0	Tgm2	not_expressed	
27226	0.0049085590173217	0.0	0.0	0.0	Pla2g7	not_expressed	
233752	0.0002385258665533	0.0	0.0	0.0	Insc	not_expressed	
210808	0.000386983001598	0.0	0.0	0.0	Lacc1	not_expressed	
193034	-0.003420602613287	-0.0	-0.0	0.0	Trpv1	not_expressed	
237387	0.0010584049736308	0.0	0.0	0.0	Lrrc3	not_expressed	
19124	-0.0034250675702858	-0.0	-0.0	0.0	Procr	not_expressed	
244864	-0.0001741653508069	-0.0	-0.0	0.0	Layn	not_expressed	
278180	0.01319095237317	0.0	0.0	0.0	Vsig4	not_expressed	
14205	0.0038928793732465	0.0	0.0	0.0	Vegfd	not_expressed	
12830	-0.0106186733755562	-0.0	-0.0	0.0	Col4a5	not_expressed	
16491	0.0003733906437508	0.0	0.0	0.0	Kcna3	not_expressed	
14017	0.0049152695627905	0.0	0.0	0.0	Evi2a	not_expressed	
16846	0.0036091488609017	0.0	0.0	0.0	Lep	not_expressed	
14419	-0.0031341042953762	-0.0	-0.0	0.0	Gal	not_expressed	
12007	0.0019541867009001	0.0	0.0	0.0	Azgp1	not_expressed	
21789	-0.000397550584315	-0.0	-0.0	0.0	Tfpi2	not_expressed	
13849	0.0040742937888434	0.0	0.0	0.0	Ephx1	not_expressed	
229791	-0.0049620059408301	-0.0	-0.0	0.0	Plppr4	not_expressed	
64103	0.0043381434371975	0.0	0.0	0.0	Tnmd	not_expressed	
14080	-0.0002308026139538	-0.0	-0.0	0.0	Fabp1	not_expressed	
20296	-0.0004562274707448	-0.0	-0.0	0.0	Ccl2	not_expressed	
79235	0.0013902856613694	0.0	0.0	0.0	Lrat	not_expressed	
13386	0.0020716323048637	0.0	0.0	0.0	Dlk1	not_expressed	
69693	0.0053623904392227	0.0	0.0	0.0	Pof1b	not_expressed	
12351	-0.0112805986368103	-0.0	-0.0	0.0	Car4	not_expressed	
14938	-0.0132543505607484	-0.0	-0.0	0.0	Gzma	not_expressed	
70370	0.0009340327333792	0.0	0.0	0.0	Fbln7	not_expressed	
217306	-0.0017780685501065	-0.0	-0.0	0.0	Cd300e	not_expressed	
12825	-0.0344329957360639	-0.0	-0.0	0.0	Col3a1	not_expressed	
231134	-0.0038497234361843	-0.0	-0.0	0.0	Dok7	not_expressed	
103511	0.0064764792960298	0.0	0.0	0.0	Calhm5	not_expressed	
17228	-0.0033718179666494	-0.0	-0.0	0.0	Cma1	not_expressed	
170952	0.0010045141402356	0.0	0.0	0.0	Prima1	not_expressed	
58243	0.0132205425230254	0.0	0.0	0.0	Nap1l5	not_expressed	
12505	0.007725886894818	0.0	0.0	0.0	Cd44	not_expressed	
53313	0.0025818924958064	0.0	0.0	0.0	Atp2a3	not_expressed	
76757	0.0015588758167414	0.0	0.0	0.0	Trdn	not_expressed	
242050	-0.0021023049110264	-0.0	-0.0	0.0	Igsf10	not_expressed	
29818	-0.0023690314329773	-0.0	-0.0	0.0	Hspb7	not_expressed	
68352	0.00099820003738	0.0	0.0	0.0	Aspdh	not_expressed	
66528	-0.0003997993480331	-0.0	-0.0	0.0	Smim5	not_expressed	
21928	0.0003745342925	0.0	0.0	0.0	Tnfaip2	not_expressed	
11807	-0.0037422148365263	-0.0	-0.0	0.0	Apoa2	not_expressed	
21924	0.002382933735899	0.0	0.0	0.0	Tnnc1	not_expressed	
171469	-0.0011385458888329	-0.0	-0.0	0.0	Gpr37l1	not_expressed	
19039	-0.0043739911456854	-0.0	-0.0	0.0	Lgals3bp	not_expressed	
93761	-0.0046557092215254	-0.0	-0.0	0.0	Smarca1	not_expressed	
18389	0.0039896567159186	0.0	0.0	0.0	Oprl1	not_expressed	
12654	0.0027004214488884	0.0	0.0	0.0	Chil1	not_expressed	
11803	0.0001477944947557	0.0	0.0	0.0	Aplp1	not_expressed	
226999	-0.0054502652483215	-0.0	-0.0	0.0	Slc9a2	not_expressed	
18596	0.0064082311601653	0.0	0.0	0.0	Pdgfrb	not_expressed	
114644	0.0041880721071191	0.0	0.0	0.0	Slc13a3	not_expressed	
209837	-0.0124465135311709	-0.0	-0.0	0.0	Slc38a5	not_expressed	
56745	-6.775146498161375e-05	-0.0	-0.0	0.0	C1qtnf1	not_expressed	
230775	0.0035934664137159	0.0	0.0	0.0	Adgrb2	not_expressed	
15370	0.0095483123547723	0.0	0.0	0.0	Nr4a1	not_expressed	
67580	0.0009954603507748	0.0	0.0	0.0	Lrrc18	not_expressed	
17085	0.0127198539100017	0.0	0.0	0.0	Ly9	not_expressed	
54698	-0.0136062577984731	-0.0	-0.0	0.0	Crtam	not_expressed	
17380	-0.0007137359791419	-0.0	-0.0	0.0	Mme	not_expressed	
19011	-0.0095123617304121	-0.0	-0.0	0.0	Endou	not_expressed	
114679	0.0006664101413451	0.0	0.0	0.0	Selenom	not_expressed	
20319	0.002925097274565	0.0	0.0	0.0	Sfrp2	not_expressed	
231691	-0.0079891393496253	-0.0	-0.0	0.0	Sds	not_expressed	
22370	-0.0039316180911807	-0.0	-0.0	0.0	Vtn	not_expressed	
22351	-0.0011440573160459	-0.0	-0.0	0.0	Vill	not_expressed	
18400	0.0050251429895019	0.0	0.0	0.0	Slc22a18	not_expressed	
574402	-0.0103638245392547	-0.0	-0.0	0.0	Gpr17	not_expressed	
14126	-0.0025796831875114	-0.0	-0.0	0.0	Ms4a2	not_expressed	
69454	-0.0031588022373844	-0.0	-0.0	0.0	Clic3	not_expressed	
211739	-0.0128175438666536	-0.0	-0.0	0.0	Vstm2a	not_expressed	
224024	0.02099834010635	0.0	0.0	0.0	Scarf2	not_expressed	
14840	-0.0066184684593797	-0.0	-0.0	0.0	Gsg1	not_expressed	
14125	2.384261224093583e-05	0.0	0.0	0.0	Fcer1a	not_expressed	
21956	0.00051111507099	0.0	0.0	0.0	Tnnt2	not_expressed	
338369	-0.0027311365241415	-0.0	-0.0	0.0	Tmem220	not_expressed	
106878	-0.0036591046063334	-0.0	-0.0	0.0	Smim3	not_expressed	
14264	-0.0016636916555187	-0.0	-0.0	0.0	Fmod	not_expressed	
56534	0.0072999360506465	0.0	0.0	0.0	Hspb3	not_expressed	
68566	0.0014381291196681	0.0	0.0	0.0	Caly	not_expressed	
12346	-0.0059722932132305	-0.0	-0.0	0.0	Car1	not_expressed	
21786	-0.0004111983145191	-0.0	-0.0	0.0	Tff3	not_expressed	
70405	0.0059270066364576	0.0	0.0	0.0	Calml3	not_expressed	
71690	0.0010935050848377	0.0	0.0	0.0	Esm1	not_expressed	
11688	0.0025435968314431	0.0	0.0	0.0	Alox8	not_expressed	
12501	0.0009412524141092	0.0	0.0	0.0	Cd3e	not_expressed	
59308	9.873402897350302e-05	0.0	0.0	0.0	Emcn	not_expressed	
19329	-0.0036068036682958	-0.0	-0.0	0.0	Rab17	not_expressed	
107527	-0.0045567300795717	-0.0	-0.0	0.0	Il1rl2	not_expressed	
14412	-0.0015493154259774	-0.0	-0.0	0.0	Slc6a13	not_expressed	
56644	0.0129643582765535	0.0	0.0	0.0	Clec7a	not_expressed	
11450	-0.0028917209086234	-0.0	-0.0	0.0	Adipoq	not_expressed	
245020	0.0008883933100928	0.0	0.0	0.0	Slc35g2	not_expressed	
56496	0.0040473080111728	0.0	0.0	0.0	Tspan6	not_expressed	
15572	-0.0015828267368123	-0.0	-0.0	0.0	Elavl4	not_expressed	
114886	0.0321127463839161	0.0	0.0	0.0	Cygb	not_expressed	
272031	-0.000235844125914	-0.0	-0.0	0.0	Plppr1	not_expressed	
70727	-0.000290956727472	-0.0	-0.0	0.0	Rasgef1a	not_expressed	
17130	0.0082216504072058	0.0	0.0	0.0	Smad6	not_expressed	
71781	-0.0030288748832892	-0.0	-0.0	0.0	Slc16a14	not_expressed	
71099	0.0039193624714234	0.0	0.0	0.0	Tssk4	not_expressed	
11606	-0.003653639429833	-0.0	-0.0	0.0	Agt	not_expressed	
218877	0.0057758785561519	0.0	0.0	0.0	Sema3g	not_expressed	
16909	-0.0050087002547276	-0.0	-0.0	0.0	Lmo2	not_expressed	
271786	0.0009083580889922	0.0	0.0	0.0	Galnt13	not_expressed	
243328	-0.0059781525278392	-0.0	-0.0	0.0	Slc29a4	not_expressed	
17984	-0.0008412085075686	-0.0	-0.0	0.0	Ndn	not_expressed	
18121	-0.0041941169113088	-0.0	-0.0	0.0	Nog	not_expressed	
21384	0.0073289973071939	0.0	0.0	0.0	Tbx15	not_expressed	
212032	-0.0124690104628883	-0.0	-0.0	0.0	Hk3	not_expressed	
19711	-0.0044102817591692	-0.0	-0.0	0.0	Resp18	not_expressed	
13609	-0.0175326157597476	-0.0	-0.0	0.0	S1pr1	not_expressed	
22422	-0.0053643024407865	-0.0	-0.0	0.0	Wnt7b	not_expressed	
12839	-0.0162627762741861	-0.0	-0.0	0.0	Col9a1	not_expressed	
118454	-0.0012164662041103	-0.0	-0.0	0.0	Gjc2	not_expressed	
225742	-0.0001536227761397	-0.0	-0.0	0.0	St8sia5	not_expressed	
11745	0.0024201405795673	0.0	0.0	0.0	Anxa3	not_expressed	
21898	0.0156133852170318	0.0	0.0	0.0	Tlr4	not_expressed	
14432	-0.0004330525285978	-0.0	-0.0	0.0	Gap43	not_expressed	
11829	-0.0019824311512359	-0.0	-0.0	0.0	Aqp4	not_expressed	
12978	-0.0223048047318469	-0.0	-0.0	0.0	Csf1r	not_expressed	
100040591	-0.000744190611746	-0.0	-0.0	0.0	Kcnj13	not_expressed	
241452	-0.0018107039539332	-0.0	-0.0	0.0	Dhrs9	not_expressed	
69590	-0.0242444556371421	-0.0	-0.0	0.0	Gpx8	not_expressed	
23923	-0.0059986867844755	-0.0	-0.0	0.0	Aadat	not_expressed	
77318	0.000784433178302	0.0	0.0	0.0	Ankrd55	not_expressed	
64176	0.0032499053615832	0.0	0.0	0.0	Sv2b	not_expressed	
21743	-0.0025531958325965	-0.0	-0.0	0.0	Inmt	not_expressed	
107766	-0.0005725902207392	-0.0	-0.0	0.0	Haao	not_expressed	
16197	0.0015445969099378	0.0	0.0	0.0	Il7r	not_expressed	
19220	0.0042066653257325	0.0	0.0	0.0	Ptgfr	not_expressed	
239364	-0.0002854609839297	-0.0	-0.0	0.0	Tspyl5	not_expressed	
27056	-0.0041669529394962	-0.0	-0.0	0.0	Irf5	not_expressed	
15896	-0.0008528886979406	-0.0	-0.0	0.0	Icam2	not_expressed	
26874	0.006828872779183	0.0	0.0	0.0	Abcd2	not_expressed	
231162	0.0006514799137715	0.0	0.0	0.0	Cytl1	not_expressed	
21922	-0.0003598334847815	-0.0	-0.0	0.0	Clec3b	not_expressed	
80837	-0.0161689311222765	-0.0	-0.0	0.0	Rhoj	not_expressed	
72925	-0.002810239365664	-0.0	-0.0	0.0	Marchf1	not_expressed	
170743	0.0045757466781604	0.0	0.0	0.0	Tlr7	not_expressed	
233733	-0.0014539853717963	-0.0	-0.0	0.0	Galnt18	not_expressed	
57814	0.0080616778197084	0.0	0.0	0.0	Kcne4	not_expressed	
22671	-0.0023154056810551	-0.0	-0.0	0.0	Rnf112	not_expressed	
14945	0.0027592233013788	0.0	0.0	0.0	Gzmk	not_expressed	
67375	0.0014520560367894	0.0	0.0	0.0	Qprt	not_expressed	
16431	-0.0053737773612696	-0.0	-0.0	0.0	Itm2a	not_expressed	
225341	-0.00147353466527	-0.0	-0.0	0.0	Lims2	not_expressed	
27409	-0.0049230217845846	-0.0	-0.0	0.0	Abcg5	not_expressed	
233246	-0.0005610828458386	-0.0	-0.0	0.0	Ano5	not_expressed	
16493	0.0059431090335874	0.0	0.0	0.0	Kcna5	not_expressed	
11839	-0.0016220013208219	-0.0	-0.0	0.0	Areg	not_expressed	
68680	0.0035051679136171	0.0	0.0	0.0	Fitm1	not_expressed	
18548	0.0013747373407898	0.0	0.0	0.0	Pcsk1	not_expressed	
22229	-0.0077503450535639	-0.0	-0.0	0.0	Ucp3	not_expressed	
211550	0.0036347328043977	0.0	0.0	0.0	Tifa	not_expressed	
11687	0.0017693632828224	0.0	0.0	0.0	Alox15	not_expressed	
20339	-0.0015373320494498	-0.0	-0.0	0.0	Sele	not_expressed	
78376	0.0021734515237224	0.0	0.0	0.0	Sapcd1	not_expressed	
18113	-0.010358738092473	-0.0	-0.0	0.0	Nnmt	not_expressed	
105827	-0.0022342172819376	-0.0	-0.0	0.0	Amigo2	not_expressed	
12311	0.0003180782824586	0.0	0.0	0.0	Calcr	not_expressed	
319660	0.0121372025393373	0.0	0.0	0.0	Agmo	not_expressed	
20776	0.0007760833339599	0.0	0.0	0.0	Tmie	not_expressed	
94332	-0.0029133977023192	-0.0	-0.0	0.0	Cadm3	not_expressed	
15111	0.0007787408212777	0.0	0.0	0.0	Hand2	not_expressed	
67573	-0.0006384531519178	-0.0	-0.0	0.0	Loxl4	not_expressed	
104885	-0.0002094439394106	-0.0	-0.0	0.0	Tmem179	not_expressed	
13370	-0.0017617086806428	-0.0	-0.0	0.0	Dio1	not_expressed	
56461	0.0001105018919704	0.0	0.0	0.0	Kcnip3	not_expressed	
108052	0.0060426893419233	0.0	0.0	0.0	Slc14a1	not_expressed	
58222	-0.002706197361455	-0.0	-0.0	0.0	Rab37	not_expressed	
72310	0.0003350175881513	0.0	0.0	0.0	Nkg7	not_expressed	
213469	-0.0023303637966147	-0.0	-0.0	0.0	Lgi3	not_expressed	
18667	0.000319574119377	0.0	0.0	0.0	Pgr	not_expressed	
212974	-0.0083809210988921	-0.0	-0.0	0.0	Pgghg	not_expressed	
67564	-0.0012811923586953	-0.0	-0.0	0.0	Tmem35a	not_expressed	
237010	0.0035568900338991	0.0	0.0	0.0	Klhl4	not_expressed	
109857	0.0037585991758464	0.0	0.0	0.0	Cbr3	not_expressed	
16176	-0.0014507993962377	-0.0	-0.0	0.0	Il1b	not_expressed	
241568	-0.0064976256218819	-0.0	-0.0	0.0	Lrrc4c	not_expressed	
98752	0.0025523877988346	0.0	0.0	0.0	Fcrla	not_expressed	
20680	-0.0018954159672823	-0.0	-0.0	0.0	Sox7	not_expressed	
12723	0.0001832472830696	0.0	0.0	0.0	Clcn1	not_expressed	
211228	-0.0012732265558844	-0.0	-0.0	0.0	Lrrc25	not_expressed	
12390	0.0016448283503712	0.0	0.0	0.0	Cav2	not_expressed	
14313	-0.0049734358565739	-0.0	-0.0	0.0	Fst	not_expressed	
78134	-0.0070385671697138	-0.0	-0.0	0.0	Lpar4	not_expressed	
15450	0.0003038108093553	0.0	0.0	0.0	Lipc	not_expressed	
68016	-0.0014565446118356	-0.0	-0.0	0.0	Cavin4	not_expressed	
11602	0.0003456204475102	0.0	0.0	0.0	Angpt4	not_expressed	
68764	-0.0006652796653737	-0.0	-0.0	0.0	Cdhr3	not_expressed	
320129	-4.490783114365123e-05	-0.0	-0.0	0.0	Grk3	not_expressed	
13041	0.0043912741471773	0.0	0.0	0.0	Ctsw	not_expressed	
20295	-0.0029187572739268	-0.0	-0.0	0.0	Ccl17	not_expressed	
380785	0.0021559500868169	0.0	0.0	0.0	Begain	not_expressed	
12683	0.0028433735161836	0.0	0.0	0.0	Cidea	not_expressed	
12494	-0.0015554217751928	-0.0	-0.0	0.0	Cd38	not_expressed	
213417	0.0028309639389006	0.0	0.0	0.0	Klhdc8a	not_expressed	
19659	-0.0024349050675833	-0.0	-0.0	0.0	Rbp1	not_expressed	
18782	-0.0062111202385564	-0.0	-0.0	0.0	Pla2g2d	not_expressed	
320747	0.0041197044255368	0.0	0.0	0.0	Lingo4	not_expressed	
66901	0.0001167018897951	0.0	0.0	0.0	Proz	not_expressed	
230163	-0.0043505268576862	-0.0	-0.0	0.0	Aldob	not_expressed	
63993	-0.001045278180905	-0.0	-0.0	0.0	Slc5a7	not_expressed	
54519	0.0045524289637986	0.0	0.0	0.0	Apbb1ip	not_expressed	
13516	-0.0056145927835043	-0.0	-0.0	0.0	Epyc	not_expressed	
319229	-0.0008092546690677	-0.0	-0.0	0.0	Sctr	not_expressed	
435965	-0.0013475620916915	-0.0	-0.0	0.0	Lrp3	not_expressed	
277468	0.005485086802136	0.0	0.0	0.0	Slc39a12	not_expressed	
110876	0.0006088464265199	0.0	0.0	0.0	Scn2a	not_expressed	
16181	-0.0051406880564207	-0.0	-0.0	0.0	Il1rn	not_expressed	
20201	0.0034932011503744	0.0	0.0	0.0	S100a8	not_expressed	
76156	-0.0045744146502432	-0.0	-0.0	0.0	Fam131b	not_expressed	
18619	0.0020388848359228	0.0	0.0	0.0	Penk	not_expressed	
22409	0.0038381090752157	0.0	0.0	0.0	Wnt10a	not_expressed	
216795	-0.0007303846592747	-0.0	-0.0	0.0	Wnt9a	not_expressed	
80286	-0.0015000243238622	-0.0	-0.0	0.0	Tusc3	not_expressed	
13040	0.0089853975769634	0.0	0.0	0.0	Ctss	not_expressed	
223917	-0.0010737301347815	-0.0	-0.0	0.0	Krt79	not_expressed	
245827	-0.0010955810731179	-0.0	-0.0	0.0	Fat2	not_expressed	
63828	0.0024353484420055	0.0	0.0	0.0	Fn3k	not_expressed	
20928	0.012252394919807	0.0	0.0	0.0	Abcc9	not_expressed	
216049	-0.0017077367499248	-0.0	-0.0	0.0	Zfp365	not_expressed	
16527	-0.0026006411235394	-0.0	-0.0	0.0	Kcnk3	not_expressed	
217125	0.0008092843271993	0.0	0.0	0.0	Samd14	not_expressed	
74580	0.0010642740261138	0.0	0.0	0.0	Pyroxd2	not_expressed	
216616	0.0112527108442784	0.0	0.0	0.0	Efemp1	not_expressed	
67272	-0.005175421020445	-0.0	-0.0	0.0	Cmtm5	not_expressed	
23893	0.004360934723449	0.0	0.0	0.0	Grem2	not_expressed	
14961	-0.0026018151114437	-0.0	-0.0	0.0	H2-Ab1	not_expressed	
12481	0.0049694430888387	0.0	0.0	0.0	Cd2	not_expressed	
17082	-0.0020767842967292	-0.0	-0.0	0.0	Il1rl1	not_expressed	
218763	-0.0043364374205868	-0.0	-0.0	0.0	Lrrc3b	not_expressed	
12143	0.0031533163091541	0.0	0.0	0.0	Blk	not_expressed	
93874	0.0074164607856151	0.0	0.0	0.0	Pcdhb3	not_expressed	
65115	-0.009370815297574	-0.0	-0.0	0.0	Bean1	not_expressed	
68428	-0.0064253972856939	-0.0	-0.0	0.0	Steap3	not_expressed	
104080	-0.0047395840828937	-0.0	-0.0	0.0	Nxph4	not_expressed	
71091	0.0036621688603496	0.0	0.0	0.0	Cdkl1	not_expressed	
232078	-0.0024368784963787	-0.0	-0.0	0.0	Thnsl2	not_expressed	
16889	-0.0116124538270101	-0.0	-0.0	0.0	Lipa	not_expressed	
19288	-0.0042100553332789	-0.0	-0.0	0.0	Ptx3	not_expressed	
109225	0.0121132494120482	0.0	0.0	0.0	Ms4a7	not_expressed	
69671	0.0064732010453966	0.0	0.0	0.0	Tmem52	not_expressed	
23845	0.000846794222801	0.0	0.0	0.0	Clec5a	not_expressed	
64242	0.0088958482467939	0.0	0.0	0.0	Ngb	not_expressed	
20537	-0.0013069154531838	-0.0	-0.0	0.0	Slc5a1	not_expressed	
13346	0.0043502027785434	0.0	0.0	0.0	Des	not_expressed	
27280	0.0170264222103097	0.0	0.0	0.0	Phlda3	not_expressed	
16173	0.0042502093922794	0.0	0.0	0.0	Il18	not_expressed	
13655	-0.0026634505038659	-0.0	-0.0	0.0	Egr3	not_expressed	
434341	0.0082212950408709	0.0	0.0	0.0	Nlrc5	not_expressed	
50915	0.0102418508574101	0.0	0.0	0.0	Grb14	not_expressed	
327957	0.0010382147761095	0.0	0.0	0.0	Scimp	not_expressed	
17313	-0.0028054800981771	-0.0	-0.0	0.0	Mgp	not_expressed	
228550	-0.0004706584556636	-0.0	-0.0	0.0	Itpka	not_expressed	
14758	-0.0033212227001742	-0.0	-0.0	0.0	Gpm6b	not_expressed	
56471	-0.0079726062245315	-0.0	-0.0	0.0	Stmn4	not_expressed	
12796	-0.0011531313463753	-0.0	-0.0	0.0	Camp	not_expressed	
232333	-0.0011265855526666	-0.0	-0.0	0.0	Slc6a1	not_expressed	
13082	0.0042102606394801	0.0	0.0	0.0	Cyp26a1	not_expressed	
243616	-0.0041382092284097	-0.0	-0.0	0.0	Slc6a11	not_expressed	
30955	0.0014238022533828	0.0	0.0	0.0	Pik3cg	not_expressed	
23967	-0.0045134732145798	-0.0	-0.0	0.0	Osr1	not_expressed	
74748	0.0014527409387158	0.0	0.0	0.0	Slamf8	not_expressed	
20965	-0.0014425507694198	-0.0	-0.0	0.0	Syn2	not_expressed	
56221	-0.0027300477904092	-0.0	-0.0	0.0	Ccl24	not_expressed	
13654	-0.001693156508679	-0.0	-0.0	0.0	Egr2	not_expressed	
14173	0.0016828698354253	0.0	0.0	0.0	Fgf2	not_expressed	
16159	0.0008741771945066	0.0	0.0	0.0	Il12a	not_expressed	
246728	0.0003855872928974	0.0	0.0	0.0	Oas2	not_expressed	
17528	-0.0027309204802756	-0.0	-0.0	0.0	Mpz	not_expressed	
77794	0.0014194859653779	0.0	0.0	0.0	Adamtsl2	not_expressed	
16950	0.005754953614734	0.0	0.0	0.0	Loxl3	not_expressed	
68777	0.0010889048134901	0.0	0.0	0.0	Tmem53	not_expressed	
20198	0.0073314580788197	0.0	0.0	0.0	S100a4	not_expressed	
14373	0.0041785822601565	0.0	0.0	0.0	G0s2	not_expressed	
72780	0.0043901953559097	0.0	0.0	0.0	Rspo3	not_expressed	
18534	-0.0078697362474166	-0.0	-0.0	0.0	Pck1	not_expressed	
12458	-0.0024463541603393	-0.0	-0.0	0.0	Ccr6	not_expressed	
16426	0.0026616276029228	0.0	0.0	0.0	Itih3	not_expressed	
22268	-0.0009430437440126	-0.0	-0.0	0.0	Upk1b	not_expressed	
69903	-0.0001626228954456	-0.0	-0.0	0.0	Rasip1	not_expressed	
20274	-0.0003985657264568	-0.0	-0.0	0.0	Scn9a	not_expressed	
12700	-0.0041698847066586	-0.0	-0.0	0.0	Cish	not_expressed	
208890	-0.0003283052837745	-0.0	-0.0	0.0	Slc26a7	not_expressed	
30806	-0.0007852460784285	-0.0	-0.0	0.0	Adamts8	not_expressed	
171166	-0.0033013937230299	-0.0	-0.0	0.0	Mcoln3	not_expressed	
54167	-0.0003064576590709	-0.0	-0.0	0.0	Icos	not_expressed	
67937	-0.002421608628877	-0.0	-0.0	0.0	Tmem59l	not_expressed	
237831	0.0014193762293791	0.0	0.0	0.0	Slc13a5	not_expressed	
223881	-1.21508841223099e-05	2.264537869607416e-07	-1.6315722483036328e-06	-1.8580260352643744e-06	Rnd1	neither	0.3054856921450634
103551	4.327533090292805e-06	2.682963942388461e-07	2.2912295036138784e-06	2.022933109375032e-06	Epop	neither	0.0771309281537316
12393	5.777825956809684e-05	3.5134301264955266e-07	-1.7695606944344206e-05	-1.804694995699376e-05	Runx2	neither	0.280626383415871
320557	0.0013468677751383	3.8109950101748777e-07	3.753869118738587e-05	3.715759168636838e-05	Fam169a	neither	0.1961293300667428
23850	-0.0052027439090074	2.23463900555706e-06	0.0028514012237921	0.0028491665847865	Pappa2	neither	0.2665954592661321
22412	8.252951919150984e-06	3.548677688897245e-06	9.137183492203698e-06	5.588505803306453e-06	Wnt9b	neither	0.971681436772532
268451	-6.570922396106152e-05	3.757450291109862e-06	1.8314357257348174e-05	1.4556906966238312e-05	Rab11fip4	neither	0.0246928436983425
497097	-6.97963948485608e-05	4.186688320405749e-06	2.1297508123585183e-05	1.7110819803179433e-05	Xkr4	neither	-0.029874136713188
242700	0.0003976931105357	4.338659037444833e-06	-7.843401182472057e-06	-1.2182060219916887e-05	Ifnlr1	neither	0.1635748779667103
66109	-9.34508188016716e-06	4.389074470845479e-06	3.301224175812569e-06	-1.0878502950329098e-06	Tspan13	neither	-0.6203772926080808
327954	2.073028905506065e-05	4.410795432384969e-06	3.1050401645315766e-06	-1.3057552678533928e-06	Dnah2	neither	0.8294916099892956
70381	-0.0004833433871135	5.052255416715493e-06	0.0001145594794047	0.000109507223988	Tecpr1	neither	0.2694402753360018
235040	6.977697723967504e-06	5.935657244285779e-06	7.249069098871575e-06	1.313411854585796e-06	Atg4d	neither	2.0088392422448558
107508	0.0002480690616455	8.810921735077206e-06	-3.217272067663115e-05	-4.098364241170835e-05	Eprs	neither	0.3807435150260551
66771	-9.802583980063468e-05	9.29388527332168e-06	-4.700179681937156e-07	-9.763903241515397e-06	Gid4	neither	-0.0339401294434276
23921	-6.370493650188129e-05	9.771544059245884e-06	-1.998143141624603e-05	-2.975297547549192e-05	Sh2b2	neither	-0.0228670468135636
22376	-0.001089399298402	1.047043360070242e-05	5.646434737072673e-05	4.599391377002431e-05	Was	neither	0.0286530985947966
54486	-0.0001863647349927	1.0594389492260422e-05	-5.6813369206948e-05	-6.740775869920843e-05	Hpgds	neither	-0.0538888525623252
72151	-0.0001169909862304	1.0656357449849645e-05	-6.233419853973653e-06	-1.6889777303823297e-05	Rfc5	neither	-0.0153337185423332
208228	0.0007341034111717	1.1044842222287984e-05	-8.370454145362554e-05	-9.474938367591352e-05	Mob3a	neither	0.3630671515565648
21960	-0.0001269887123332	1.1509301606748968e-05	3.598184357552008e-05	2.447254196877111e-05	Tnr	neither	0.3214053186008543
20650	4.0106014341979744e-05	1.1656533670293332e-05	5.6339881387100784e-06	-6.022545531583254e-06	Sntb2	neither	1.1255569284573697
106389	2.9315275962699005e-05	1.2209537318634842e-05	-2.4320369823314097e-05	-3.6529907141948935e-05	Eaf2	neither	0.7404138080515081
110962	0.0025727256471333	1.3059521672737965e-05	-0.0003448519963902	-0.000357911518063	Mbd6	neither	0.233823891452392
20969	0.0002179221705485	1.4378781209939123e-05	8.077802933222203e-06	-6.30097827671692e-06	Sdc1	neither	0.3966399532693802
107305	-6.078337305999052e-05	1.4524493865508893e-05	3.854364849568557e-05	2.4019154630176676e-05	Vps37c	neither	-0.3038794752925074
76044	0.0001552722847139	1.6404693235187063e-05	3.602026078699092e-05	1.961556755180385e-05	Ncapg2	neither	0.5221699259799305
16847	-0.0005886061180659	1.7686197796370198e-05	-0.000112929251819	-0.0001306154496154	Lepr	neither	0.1710298428087595
55988	-0.0001089139590137	2.2863996438418144e-05	7.430124698557146e-06	-1.5433871739860998e-05	Snx12	neither	-0.348825088084479
208158	0.0004981672648706	2.3023465048956222e-05	6.503165441653632e-05	4.20081893675801e-05	Map6d1	neither	0.0628283438901506
75141	4.605682886033847e-05	2.343687886962936e-05	1.9169427106676444e-05	-4.267451762952912e-06	Rasd2	neither	1.733197355281617
71720	0.0006184427728497	2.3446774148323112e-05	-0.0002916913741097	-0.000315138148258	Osbpl3	neither	0.358285922290161
15118	-0.0003515438265554	2.582654718269478e-05	5.7888092552205393e-05	3.206154536951061e-05	Has3	neither	0.1038007193585343
75564	-0.0001557378103562	2.6549443710080013e-05	3.309568166955906e-05	6.546237959479044e-06	Rsph9	neither	-0.1555718495153998
109205	-0.0018699660606842	2.8008061578475494e-05	0.0008161641225467	0.0007881560609682	Sobp	neither	0.1396177949617577
239319	0.0002318346755141	2.817842961032285e-05	-3.841421786498272e-05	-6.659264747530558e-05	Card6	neither	0.6256537523649938
74666	0.0012504873824964	2.9240588680092077e-05	9.201982096150684e-06	-2.0038606583941388e-05	4930432K21Rik	neither	0.3967021639175802
67216	-0.0009631871282383	3.264752374882135e-05	0.0001076319644568	7.498444070800679e-05	Mboat2	neither	0.1546529673230873
52276	-0.0020016107223409	3.3534697386510534e-05	-2.1561617008784847e-05	-5.509631439529538e-05	Cdca8	neither	0.172441390147957
100039795	0.0003273328250734	3.4860146113743346e-05	-4.6483094434149535e-05	-8.134324054789288e-05	Ildr2	neither	0.2305433541105055
16526	0.0001922061435883	3.688196852934972e-05	6.356908085059468e-05	2.668711232124496e-05	Kcnk2	neither	0.7187030488484528
208650	-0.0013734816780931	3.8307123770391706e-05	0.0002989793430024	0.000260672219232	Cblb	neither	0.1749866299313503
14268	-0.0004150388185437	3.985340449241848e-05	8.248940397442984e-05	4.263599948201136e-05	Fn1	neither	0.0049638260389207
230582	-0.0003030550831182	3.99731460918001e-05	5.427376434802314e-06	-3.4545769656997784e-05	Cyb5rl	neither	0.0003544568763628
16574	0.0009045766973767	4.3521182731741006e-05	5.7333333191804735e-05	1.3812150460063727e-05	Kif5c	neither	0.3593876861023615
232146	0.0001039625646304	4.479068364198017e-05	6.549516721156675e-05	2.070448356958658e-05	Eva1a	neither	1.305883779672224
77411	-0.0004501266989311	4.816879709926449e-05	6.379139432549518e-05	1.5622597226230683e-05	Esrp2	neither	-0.0023812159645646
268709	-0.0031862413832543	4.848979262432224e-05	-1.9262278471294207e-05	-6.775207109561645e-05	Fam107a	neither	0.1800499670988474
21652	0.0031997481346069	5.05093008286298e-05	0.0001008045512172	5.029525038861047e-05	Phf1	neither	0.2060907406844536
384763	-0.0004607967055774	5.1171285552321895e-05	-9.279999330812758e-06	-6.0451284883134655e-05	Zfp667	neither	-0.0266139589103767
216760	-0.0002021475497227	5.245989936076708e-05	4.356309397307633e-05	-8.896805387690747e-06	Mfap3	neither	-0.4873488730513033
70261	-0.0001869485784874	5.389135941376904e-05	0.0001581171839878	0.0001042258245741	Chp2	neither	-0.2620839273092339
17079	-0.0001310140752252	5.396104166235072e-05	8.444201371769602e-05	3.04809720553453e-05	Cd180	neither	-0.8469962649849774
19087	0.0018459304051558	5.491889034593994e-05	2.1826189118919625e-05	-3.3092701227020326e-05	Prkar2a	neither	0.3150820502546604
21389	0.0027053970824123	5.6895124000547647e-05	0.0001635973590369	0.0001067022350364	Tbx6	neither	0.0825742951017408
76960	-0.0001042356994386	6.138945650944408e-05	5.431981090210104e-05	-7.069645607343041e-06	Bcas1	neither	-1.318820561786331
18823	-0.0076879223116547	6.277229579792627e-05	-0.0023508435353068	-0.0024136158311048	Plp1	neither	-0.3276341011526273
14261	-0.0002597241432734	6.368632481221177e-05	0.0001261895539859	6.250322917375858e-05	Fmo1	neither	-0.4743266497566001
319991	0.0003003597125369	6.53299332586008e-05	-0.0001256327808337	-0.0001909627140923	Kif6	neither	0.6770204977383365
109674	-0.0003786813401396	6.630908510272389e-05	0.0001445644417869	7.825535668421142e-05	Ampd2	neither	-0.3148982551348236
66930	-0.0002517798632059	6.639927227868556e-05	4.380751819245559e-05	-2.259175408622997e-05	Fank1	neither	-0.5028107605702915
17127	-0.0019037317571818	6.667038039288631e-05	0.0002190717564653	0.0001524013760724	Smad3	neither	0.1270223986223818
108927	-0.0007700731869396	6.792790847478887e-05	0.0001289048886532	6.097698017842166e-05	Lhfp	neither	0.0315327693572946
75669	-0.0003752868897341	6.797470537706746e-05	0.0001461384277769	7.81637223998394e-05	Pik3r4	neither	-0.289300099085945
71145	0.0007167083909899	6.83598334323433e-05	-3.370725282747601e-05	-0.0001020670862598	Scara5	neither	0.3652701243629502
214685	0.0062038902086723	6.837829216183784e-05	-0.0008437981488522	-0.000912176441014	Chadl	neither	0.1408358532658808
13048	0.0005574628918258	6.992208512540363e-05	-5.4423339827336346e-05	-0.0001243454249527	Cux2	neither	0.6195181111056882
72016	0.0004390529508501	7.174522274114058e-05	4.013563822231705e-06	-6.773165891890888e-05	Tedc2	neither	0.7188078593974943
69574	0.0019446246212597	7.342296088617394e-05	0.0001856800259552	0.000112257065069	Cmbl	neither	-0.0431428993069568
108000	-0.0002648209648709	7.674409780936778e-05	5.894470360022833e-05	-1.779939420913945e-05	Cenpf	neither	-0.6553743673626878
269016	-0.0001171632064844	7.719058020086778e-05	3.75947375716268e-05	-3.959584262924098e-05	Sh3rf2	neither	-1.596253088465948
170638	-0.0001606320986316	7.760854576081234e-05	-2.471167779449601e-05	-0.0001023202235553	Hpcal4	neither	-0.1165664660537241
13844	-0.0007243386929802	7.800311788360876e-05	0.0004209024920612	0.0003428993741776	Ephb2	neither	-0.0657859861667902
268859	-0.0004432808091186	7.980265716965388e-05	8.264019973046622e-05	2.837542560812345e-06	Rbfox1	neither	-0.2883942592231082
27999	0.0008504388008744	8.26811225592483e-05	8.637736857466577e-05	3.6962460154174695e-06	Fam3c	neither	0.536749739540479
114713	-0.0003737606634746	8.299977715049963e-05	-1.805791052111165e-05	-0.0001010576876716	Rasa2	neither	-0.4255623494134796
50779	-0.0041986589197836	8.309029120200057e-05	0.0002706647091619	0.0001875744179599	Rgs6	neither	-0.2367657538183165
328365	-0.0011000386038156	8.376409415867175e-05	0.0002140893889717	0.0001303252948131	Zmiz1	neither	0.1071829705361877
13643	-0.0057931785726445	8.765906060393865e-05	-0.0011365515488061	-0.0012242106094101	Efnb3	neither	-0.0520455558088891
11684	0.0004310721315761	9.041942506217292e-05	9.135275544718482e-05	9.333303850118962e-07	Alox12	neither	0.8262445802981461
53328	-0.0006008226618397	9.101823428313764e-05	0.0001162406785562	2.522244427306602e-05	Pgrmc1	neither	-0.1710769278232057
668940	0.0011153821602815	9.15185062092232e-05	-0.0002458698751807	-0.0003373883813899	Myh7b	neither	0.731314639715411
105171	-0.0012091203632268	9.168820019455192e-05	-0.0001525755212046	-0.0002442637213991	Arrdc3	neither	0.1008087245346667
100434	0.0014878054089542	9.17057975077488e-05	0.0001252375024868	3.353170497914738e-05	Slc44a1	neither	0.4396620518990377
72584	-0.0008955477859143	9.240068448775308e-05	-9.330806220384964e-05	-0.0001857087466916	Cul4b	neither	-0.1071362579259369
16513	-0.0002421238790622	9.299541111833928e-05	7.93750707113e-05	-1.3620340407039276e-05	Kcnj10	neither	-0.3271737164632759
16420	-0.0011875117427647	9.351693608480944e-05	0.0001124709328238	1.8953996739027733e-05	Itgb6	neither	0.1179241404795729
72930	-0.0002835026248241	9.370019207026952e-05	0.0001264946724468	3.279448037661076e-05	Ppp2r2b	neither	-0.5016843123572282
14184	0.0038457720679741	9.4496923484358e-05	-0.0015557863891813	-0.0016502833126656	Fgfr3	neither	0.1783826304350492
18616	-0.0052197920620557	9.678931618745694e-05	0.0003183897977533	0.0002216004815658	Peg3	neither	0.178469618976304
27219	0.0009555188958457	9.92312649810197e-05	0.0004562651634021	0.0003570338984211	Sgk2	neither	0.3234642449664532
28040	-0.0003328291253301	0.0001008750694581	0.0001423437270766	4.146865761841551e-05	D6Wsu163e	neither	-0.551881535167279
545192	0.0032158543338076	0.0001017329521649	-0.0009473390800477	-0.0010490720322126	Baiap3	neither	0.4982532327604119
103710	0.0002610365297794	0.0001064431452664	6.978480787185236e-05	-3.6658337394591487e-05	Slc35e4	neither	1.3591526443914046
330301	0.0023707319366773	0.0001107940347144	0.0002852484453302	0.0001744544106157	Zfp786	neither	0.3325160647653892
54672	-0.003115413336927	0.0001112622401149	-0.0001828216932746	-0.0002940839333896	Adgrg3	neither	-0.0462857805084331
16399	0.0024751993370011	0.0001131310976575	-0.0005724559748165	-0.000685587072474	Itga2b	neither	-0.369329073467764
68010	-0.0013567672359673	0.0001138818228097	-0.0006112456507541	-0.0007251274735639	Bambi	neither	0.2325902368716529
259302	0.0032725309431856	0.0001147205368424	0.0007275950073402	0.0006128744704978	Srgap3	neither	0.4128932380839423
77116	-0.0004650021172061	0.00011716334987	-1.2920539351828462e-06	-0.0001184554038052	Mtmr2	neither	-0.5218598068000919
16510	-0.0003384127875002	0.0001190586137425	9.888544829463076e-05	-2.017316544793962e-05	Kcnh1	neither	-0.8357088717353379
66990	-0.0005617124698063	0.0001193933572327	-7.257176763400881e-06	-0.0001266505339961	Tmem134	neither	-0.2266592766338981
28113	0.0062141185799648	0.0001197250631297	-0.0002601278242908	-0.0003798528874206	Tinf2	neither	0.2801225080477868
319266	0.0033206083451662	0.0001208359389158	-0.000712902604727	-0.0008337385436428	A130010J15Rik	neither	0.3994559857179484
243574	-0.0003967791485516	0.0001208554520074	-3.0616218220080304e-05	-0.0001514716702275	Kbtbd8	neither	-0.6896105858882796
56279	-0.0029393002027875	0.0001208655900921	0.0015062494547682	0.0013853838646761	Dipk1b	neither	0.3568260728200507
54126	-0.0006721716767594	0.0001214322641403	0.0002121367738411	9.070450970087523e-05	Arhgef7	neither	-0.2589151302056848
21426	-0.0044826224171226	0.0001214415181894	-0.0003772837956337	-0.0004987253138231	Tfec	neither	0.1437226690490663
104871	-0.0002732783625152	0.0001220603056225	0.0001837728637387	6.171255811615334e-05	Spata7	neither	-0.9757910751854136
23969	-0.0005653249674946	0.0001260219637029	0.0001434487851243	1.7426821421385682e-05	Pacsin1	neither	-0.3981793990095197
224674	-0.0021219563330426	0.0001262581510209	-0.0002728654859051	-0.0003991236369261	Slc37a1	neither	0.1354956259600674
14687	-0.000462839050075	0.0001298405819441	9.232263554219392e-05	-3.751794640197762e-05	Gnaz	neither	-0.5158147926731631
59009	-0.001229004498767	0.000130916312989	0.0001251302242725	-5.786088716496336e-06	Sh3rf1	neither	-0.0881923768765519
13836	0.0001744902538813	0.0001331296006257	4.431752106807996e-05	-8.881207955769179e-05	Epha2	neither	1.364611873301771
16497	0.0041434411280233	0.0001338999846845	-0.0010383642542098	-0.0011722642388943	Kcnab1	neither	0.2571430627968637
226861	-0.0003381309418485	0.0001367411760324	7.012437018527249e-05	-6.661680584717848e-05	Hhat	neither	-0.6993420048081295
103968	0.0001381592473734	0.0001379827399499	0.0001302766867568	-7.706053193079807e-06	Plin1	neither	2.165767832964608
71994	-0.0002141420158166	0.0001396899753721	5.785688367351785e-05	-8.183309169858429e-05	Cnn3	neither	-1.6124536443032476
234593	-0.0002063475636644	0.0001403877243822	0.000131606741866	-8.780982516207615e-06	Ndrg4	neither	-1.703526566227831
66349	-0.0006189036492562	0.0001408131074831	0.0001981527521243	5.733964464114022e-05	Dmac2	neither	-0.3416937178212619
223272	-0.000496469058567	0.0001415164064332	0.0003713642954183	0.0002298478889851	Itgbl1	neither	-0.0534271274864883
73094	0.0012847665911951	0.0001438234239254	0.0003112070199244	0.0001673835959989	Sgip1	neither	0.534250644600134
66972	-0.0013430290511753	0.0001446946724656	0.0001347563228146	-9.9383496510706e-06	Slc25a23	neither	-0.0643191801846447
12350	-0.0014183116782503	0.0001449457969194	-0.0001998623545907	-0.0003448081515102	Car3	neither	0.1824494942729131
245026	-0.0003444765265654	0.0001480662650989	0.0001363565737784	-1.170969132054388e-05	Col6a6	neither	-1.0666311156927972
272636	0.0012933806980816	0.0001527002849435	0.0001087560499192	-4.394423502426665e-05	Esyt3	neither	0.582532662794039
233406	0.0016142175112017	0.0001532550725629	0.0002357442083687	8.248913580581339e-05	Prc1	neither	0.4620464803061123
239554	0.0036387256031312	0.0001587035249435	0.0001934886963629	3.478517141945788e-05	Foxred2	neither	0.3917807809133041
214106	-0.0010751992112403	0.0001601476035892	-9.246179122863472e-05	-0.0002526093948179	4933430I17Rik	neither	-0.1892910573343449
76787	-0.0066274050708468	0.0001607783023091	0.0026441492941921	0.0024833709918829	Ppfia3	neither	0.1016036284752796
66526	-0.000976888997465	0.0001614910543683	0.0001775805142392	1.6089459870939914e-05	Tceanc2	neither	-0.2062646353511149
58802	-0.0004120333594294	0.0001618962880423	1.5412208720207544e-05	-0.0001464840793221	Kcnmb4	neither	-0.1120302455724706
12840	0.0003102316079342	0.0001627108008588	0.0001365167782404	-2.6194022618438694e-05	Col9a2	neither	0.7874419903468125
22224	0.0006919671496428	0.0001640896728358	-0.0001189091146429	-0.0002829987874787	Usp10	neither	1.1121122900677785
26556	-0.0040924769820966	0.0001654658162422	-0.0004990677322488	-0.000664533548491	Homer1	neither	0.1324699731422272
71819	-0.0008387531929798	0.0001659653425223	0.0002119591343931	4.599379187085489e-05	Kif23	neither	-0.359435522803544
23831	-0.0008396119131525	0.0001671825657531	2.1128601937284957e-05	-0.0001460539638158	Car14	neither	-0.1239061850549649
279766	0.0059139994051894	0.0001687525472721	0.0015076654416358	0.0013389128943637	Rhbdd3	neither	0.3337531977703575
20343	-0.006314444021553	0.0001709080129138	-0.006005709916471	-0.0061766179293848	Sell	neither	0.0633673684414622
243362	-0.000158645096931	0.0001711581823787	0.0001046396119894	-6.651857038926828e-05	Stard13	maternal	-2.818117301066172
192187	-0.0049914621010736	0.0001734390929425	0.0001260915739064	-4.734751903607404e-05	Stab1	neither	-0.0593708157837812
19126	-0.000349671891483	0.0001742564194018	0.0001376660017902	-3.659041761164394e-05	Prom1	neither	-1.1980871523351004
67103	-0.000310684888918	0.0001774440619044	0.0001743083698071	-3.135692097284759e-06	Ptgr1	neither	-0.7830864439563604
107449	0.0010941613435209	0.0001778670370534	0.0004500583511748	0.0002721913141214	Unc5b	neither	0.5817861370368365
97440	0.0005329203965258	0.0001831639401805	0.0002792362139044	9.607227372397092e-05	B3gnt9	neither	1.011858954292451
23836	-0.0002225158956698	0.0001845181597126	7.98900969627225e-05	-0.0001046280627498	Cdh20	neither	-1.4585612626246158
106572	0.0007015554977154	0.0001865400210836	6.267536387343936e-05	-0.0001238646572102	Rab31	neither	0.9572618764414472
12297	-0.0005263881594772	0.0001891963245004	0.0001664962684101	-2.270005609036538e-05	Cacnb3	neither	-0.7825989217112449
19263	-0.0002888093844298	0.0001903108433895	0.0001908922340516	5.813906620832357e-07	Ptprb	neither	-1.437673521360759
104271	-0.0028239366354709	0.0001946399143649	-0.0001577373919731	-0.0003523773063381	Tex15	neither	0.0674750609291107
217410	-0.0006656211469932	0.0001978293350428	-7.595816217401289e-05	-0.0002737874972168	Trib2	neither	-0.5859984384110069
140721	-0.0014978082489133	0.0001982708097211	0.0004666125685047	0.0002683417587835	Caskin2	neither	-0.1321190848280473
11352	-0.0048148434425327	0.0001999998345565	0.0006723306914796	0.0004723308569231	Abl2	neither	0.0716311378046852
16590	-0.0017703467796176	0.0002004696287333	0.0002804920346935	8.002240596019785e-05	Kit	neither	-0.1147245150261457
18602	-0.0011574592623503	0.0002009992459912	-0.000115661772094	-0.0003166610180852	Padi4	neither	-0.1272032606757536
105243	-0.0005353766346111	0.0002063214195836	0.0001884607521959	-1.786066738772952e-05	Slc9a3	neither	-0.8559866787127128
106347	-0.0002216920981459	0.0002069563788554	0.0001767898248817	-3.016655397373175e-05	Ildr1	neither	-2.1630414740433226
74013	-0.0005863168586459	0.0002072260591789	0.0002867072714377	7.948121225886796e-05	Rftn2	neither	-0.4271915533849931
94229	-0.000889379355016	0.0002081508582535	-3.79015969274108e-05	-0.000246052455181	Slc4a10	neither	-0.3470141692699254
21942	-0.0016423505990859	0.0002102565058788	-9.956861885086384e-05	-0.0003098251247297	Tnfrsf9	neither	0.322026886739614
29859	-0.0002179580713866	0.0002103859921578	5.1658844981066026e-05	-0.0001587271471768	Sult4a1	neither	-2.0566444379663524
74100	-0.0018329420881908	0.0002127506303838	-0.0005825467360529	-0.0007952973664367	Arpp21	neither	-0.0304188302686397
54420	-0.0001357141657937	0.0002141357218606	0.0001002668218871	-0.0001138688999735	Cldn8	maternal	-2.956250845924533
26415	0.0004964043637653	0.0002172198332682	0.000194726933026	-2.2492900242151025e-05	Mapk13	neither	1.0587543237112842
67425	-0.001940494883883	0.0002192070679168	0.0019017301851112	0.0016825231171943	Eps8l1	neither	-0.59577027400091
57340	0.0014506471849769	0.0002194975564111	-0.0005259925667548	-0.000745490123166	Jph3	neither	0.3830041098154093
226098	-0.0008968726981349	0.0002233852665302	3.209615377346459e-05	-0.0001912891127567	Hectd2	neither	-0.4495672421296035
546134	0.0002880583948747	0.0002248640655286	0.000155411117865	-6.945294766354498e-05	Gramd2	neither	2.141856522423365
319613	-0.0007446909207476	0.000224973310934	0.0002654939874458	4.0520676511866734e-05	Sybu	neither	-0.5146306932320432
140580	-0.0005294406619213	0.0002272996173837	0.0001692890323086	-5.8010585075086925e-05	Elmo1	neither	-0.8886101058767978
18227	-0.0004933005680279	0.0002273631119488	3.839978150965464e-05	-0.0001889633304391	Nr4a2	neither	-0.8599416561550308
70454	0.0009338571843711	0.0002291052038882	0.0005128038123079	0.0002836986084197	Cenpl	neither	0.864947213245317
71766	0.0032846753820177	0.0002306383742184	4.1865942178732216e-05	-0.0001887724320397	Raver1	neither	0.4224833008573995
76261	-0.0033673938337737	0.0002354285282061	-0.0003555614331149	-0.0005909899613211	0610040J01Rik	neither	0.1525448230033179
80909	-0.0020329677401231	0.0002365122274457	0.0002030917612881	-3.342046615760708e-05	Castor2	neither	-0.1597636258763495
12287	-0.0012826010088328	0.000237071296741	0.0009472467501691	0.0007101754534281	Cacna1b	neither	-0.1244117712933058
70951	-0.0018968545611443	0.000239447269749	-8.216952548752286e-05	-0.0003216167952365	Spata1	neither	-0.0522524656472158
235134	0.001184840131558	0.0002416264285295	-0.0003514568321979	-0.0005930832607275	Nfrkb	neither	0.7838197010855215
67422	-0.0117936747166984	0.000243248424214	0.0014909934289385	0.0012477450047244	Dhdds	neither	0.2032079697766775
68728	-0.0039716980596176	0.0002432541833064	-0.0001640485849948	-0.0004073027683013	Trp53inp2	neither	0.0448145485865243
20912	0.0008013748241933	0.0002466961971193	0.0006046270888107	0.0003579308916913	Stxbp3	neither	1.0830084339039276
16403	-0.0021747929304467	0.0002477398837496	0.0002947762801495	4.703639639994458e-05	Itga6	neither	-0.1276018933400997
69129	0.0011655765724924	0.0002487443108947	0.0001755081806351	-7.323613025962754e-05	Pex11g	neither	0.7534577325693858
12823	-0.0008973013166765	0.0002492300440995	4.4444666751146926e-05	-0.0002047853773484	Col19a1	neither	-0.4041798647016189
225358	0.0005454835428515	0.0002517990523169	0.0001834301253044	-6.8368927012495e-05	Fam13b	neither	1.5879096054010218
17433	-0.0010842030418145	0.0002522338773767	0.0006256938630733	0.0003734599856966	Mobp	neither	-0.2747449934604947
140792	-0.0006305023745388	0.0002523997780136	0.0001966644794126	-5.573529860101266e-05	Colec12	neither	-0.7745738226576871
17756	-0.0015540358209771	0.0002595034226131	0.0002369213607384	-2.2582061874630712e-05	Map2	neither	-0.2248989812536888
76441	-0.0010334008571052	0.0002606616583716	0.0002906520197347	2.9990361363086023e-05	Daam2	neither	-0.5577516982718806
268780	-0.0009988213164651	0.0002622761078739	5.253152830013186e-05	-0.0002097445795738	Egflam	neither	-0.3013055861464203
13506	-0.0004231433608447	0.0002639119085275	0.0001730312540372	-9.088065449023384e-05	Dsc2	neither	-1.3483092595538393
23792	-0.0005853015454201	0.0002689763836569	-7.997626280189217e-05	-0.0003489526464588	Adam23	neither	-0.7555231681356804
14221	0.0012545978228629	0.0002700319721899	-4.685828136534765e-06	-0.0002747178003265	Fjx1	neither	0.6448672453408534
20449	-0.0011562764980828	0.0002715580961651	0.0001364184937865	-0.0001351396023786	St8sia1	neither	-0.2264437471460524
246707	-0.0006936055506402	0.0002729746060238	0.0002073728293801	-6.560177664375309e-05	Emilin2	neither	-0.9195460516651308
330671	0.0001508882068024	0.0002795505500627	0.0002155533754232	-6.399717463947594e-05	B4galnt4	zygotic	3.521556625039753
235402	-0.0025351709997859	0.0002846036943079	-0.0012538552034792	-0.0015384588977872	Lingo1	neither	-0.2535651206438425
18476	0.0023944165493719	0.0002862344598332	0.0006662045822169	0.0003799701223837	Pafah1b3	neither	0.4066165458239594
216350	0.0041736367707046	0.0002907625478632	-0.0001599040708353	-0.0004506666186985	Tspan8	neither	0.2307949582309925
208518	-0.0008037581737813	0.0002927080428443	8.954276643932389e-05	-0.000203165276405	Cep78	neither	-0.8080809647919522
67238	0.0036211440264902	0.0002965929626924	0.0008794687451804	0.0005828757824879	Fam220a	neither	0.5045013330290348
74901	-0.0005583429267028	0.0003056519980505	0.0002697694414642	-3.588255658633458e-05	Kbtbd11	neither	-0.5919499893748932
330890	0.0008913667680086	0.0003096360798678	-6.331021081505732e-05	-0.0003729462906829	Piwil4	neither	0.6178414935335111
105439	0.0051152058091766	0.0003099022359336	0.0008037701620622	0.0004938679261286	Slain1	neither	0.3751162421501398
328381	-0.0011000236085044	0.000312443935894	0.0001247891377339	-0.0001876547981601	Sh2d4b	neither	-0.4726149375744093
20430	-0.0008353777118703	0.0003125039591537	0.0003450883485791	3.258438942539644e-05	Cyfip1	neither	-0.8295759464455553
19881	0.0014948424394665	0.0003136087162627	0.0009666059949844	0.0006529972787217	Rom1	neither	0.6422224635755946
70676	-0.000568498782472	0.0003159885390068	3.3124589612977884e-05	-0.0002828639493938	Gulp1	neither	-0.5898346862253927
19338	0.0011087606525971	0.0003161156444281	0.0002194834362016	-9.663220822650516e-05	Rab33b	neither	1.081295328204043
99010	-0.0010290214405114	0.0003267250010293	0.0003232106951525	-3.514305876806611e-06	Lpcat4	neither	-0.6665297756457228
94091	-0.0014343834533188	0.0003272838374181	0.0008365693913956	0.0005092855539775	Trim11	neither	-0.257972077407704
228482	0.0009767504640355	0.0003277331429676	0.0002288916953367	-9.88414476309706e-05	Arhgap11a	neither	1.2677338701804262
83921	0.0032367512161241	0.0003296145627174	-0.0008127825477326	-0.0011423971104501	Cemip2	neither	0.5750741182596608
107587	0.0102782671108732	0.000333117288037	-0.0013395433746475	-0.0016726606626846	Osr2	neither	0.2969351140431947
73379	-0.0045272261385345	0.0003352434780491	0.0003163470060375	-1.889647201156017e-05	Dcbld2	neither	0.0248191819521089
12140	-0.0004053903538182	0.0003358514990129	0.0001679660778844	-0.0001678854211284	Fabp7	neither	-0.838538623862461
12333	-0.001209640909488	0.0003371377121331	0.0001923599860541	-0.0001447777260789	Capn1	neither	-0.4734763985694645
11496	0.0033738056804938	0.0003449589218569	6.29175826160776e-05	-0.0002820413392408	Adam22	neither	0.5671570270093126
13106	0.0017090553972166	0.0003466836267535	0.0001824494368751	-0.0001642341898783	Cyp2e1	neither	0.3403521057269673
77593	-0.0023483278213595	0.0003486862951897	0.000154056243539	-0.0001946300516506	Usp45	neither	-0.2115207384649423
211484	-0.00078869385171	0.0003511118690453	9.921720504951748e-05	-0.0002518946639957	Tsga10	neither	-0.9930612992719268
245684	0.0112433893505365	0.0003517687519189	-0.0024333216636454	-0.0027850904155644	Cnksr2	neither	0.310733090829531
217203	0.0013544303124446	0.0003567014450547	0.0001445711665629	-0.0002121302784918	Tmem106a	neither	0.9828362520055256
109620	-0.0004663579999906	0.0003572945476323	-2.517125270407977e-05	-0.0003824658003364	Dsp	neither	-1.5458644010681906
20778	-0.0020979413894266	0.0003605013620702	5.467432362774263e-05	-0.0003058270384424	Scarb1	neither	-0.1228461392193793
14760	0.0052339027685761	0.0003606481790413	0.0012197200003222	0.0008590718212808	Gpr19	neither	0.4851389920138174
347722	-0.0008658909857863	0.0003624852176952	0.0003046865102866	-5.779870740862833e-05	Agap1	neither	-1.0169722850321732
60363	-0.0004780536474805	0.000363652455649	0.0001390303882865	-0.0002246220673625	Cldn15	neither	-1.3380037022301376
226777	0.0002624876761754	0.0003646855516225	0.0003865885387121	2.1902987089610758e-05	C130074G19Rik	neither	3.8682659556738064
192976	-0.0007409077531757	0.0003691260206396	0.0003570610029801	-1.206501765942396e-05	Lrrc75a	neither	-0.9724143734997754
75668	0.0007990310373892	0.0003695446020081	0.0006270545707652	0.000257509968757	Rasl10a	neither	1.364243262192457
12827	-0.0010218474747388	0.0003710312654755	0.0004671965854085	9.616531993297312e-05	Col4a2	neither	-0.6250240125965474
330286	-0.0015680286730329	0.0003730148886934	0.0004801015857731	0.0001070866970797	D630045J12Rik	neither	-0.4363537490845849
192192	-0.0111470654429061	0.0003735503472355	0.0012246562779036	0.0008511059306681	Shkbp1	neither	0.2086656924759902
11593	0.0011276261999284	0.0003776960577051	0.0010230194287936	0.0006453233710884	Aga	neither	0.4640516306745445
19099	-0.0020227744971823	0.0003841247998128	0.0004105011130625	2.6376313249684268e-05	Mapk8ip1	neither	-0.4893677812803568
68642	-0.0017516443746837	0.0003847235087375	-4.3707104194818646e-05	-0.0004284306129323	Tmem216	neither	-0.3372004152571371
13869	0.0019792244283782	0.0003853445687383	-0.0005954224151031	-0.0009807669838414	Erbb4	neither	-0.1392329147277234
11480	0.0006609843508642	0.0003854842753883	0.000289814023992	-9.567025139630689e-05	Acvr2a	neither	1.8401653491248715
80976	0.0007720514924393	0.0003869961641593	-0.0001270187429075	-0.0005140149070669	Syt13	neither	0.7814076985245763
19246	0.0003004552012101	0.0003895710885073	0.0003387517039872	-5.081938452002364e-05	Ptpn1	neither	4.011027149319042
18510	-0.0010282449606611	0.0003902050336654	0.0006761094479416	0.0002859044142761	Pax8	neither	-0.0912162820363804
93838	0.0025314270009881	0.0003904899155044	0.0011687046021334	0.000778214686629	Dqx1	neither	0.4715987118163884
21847	-0.0010274185791204	0.0003943233421597	-0.000165788886979	-0.0005601122291388	Klf10	neither	-0.3909597673753333
207259	-0.0022749419703152	0.0004079556697057	0.0007498126052758	0.00034185693557	Zbtb7c	neither	-0.3097636133377472
74490	-0.0018062115212602	0.0004124239225063	0.0003898870627362	-2.253685977004886e-05	Mamstr	neither	-0.2024312897782756
53619	0.012614892258853	0.0004136720642276	0.000714903763255	0.0003012316990274	Blcap	neither	0.3450283975485529
72774	-0.0031883137165194	0.000422308765432	-0.000527615707528	-0.00094992447296	Neil1	neither	0.3811652680815522
22223	-0.0009367254610629	0.0004225148972443	0.0002170012510851	-0.0002055136461591	Uchl1	neither	-1.043973228768909
11459	0.0021539017868998	0.0004297841336739	-0.0012071053964587	-0.0016368895301326	Acta1	neither	0.148718052822669
52589	-0.0007071468597128	0.0004344098341903	0.0003715810636791	-6.282877051125979e-05	Ncald	neither	-1.4403883397814106
50874	0.0017413999888668	0.0004344113442699	-0.0006580305481153	-0.0010924418923852	Tmod4	neither	0.2299569066246873
104816	0.0013999422553265	0.0004377694320423	-2.056050568932678e-06	-0.0004398254826112	Aspg	neither	0.9900537880580594
228785	-0.0006284738262071	0.0004379519886047	0.0001436596262163	-0.0002942923623884	Mylk2	neither	-0.6469555824518829
107227	0.011416499864896	0.0004381511981846	0.0002354645880257	-0.0002026866101588	Macrod1	neither	0.4477164424999709
50500	-0.0016699376797602	0.0004384132655029	-0.0005098941359037	-0.0009483074014066	Ttpa	neither	-0.2670770640286355
73075	-0.0004274632700654	0.0004410315718609	0.0002598704207308	-0.0001811611511301	Ppil6	neither	-0.9156854219898364
56513	-0.0021081749750987	0.0004544734032716	0.0002218330871602	-0.0002326403161114	Pard6a	neither	-0.1109762802304778
239273	-0.0015090343807004	0.0004557257780022	0.0007880298914294	0.0003323041134271	Abcc4	neither	-0.5654412224333797
76025	-0.006453775257745	0.0004580013088901	0.000979240849865	0.0005212395409749	Cant1	neither	0.0454332763580601
14605	-0.0054975631303811	0.0004586200227595	-0.0026763256919329	-0.0031349457146924	Tsc22d3	neither	0.0370487442144215
228730	0.0051554452599604	0.0004599998371894	0.0001108885433217	-0.0003491112938676	Kiz	neither	0.4899374211656279
223646	-0.0014731351600599	0.0004621087012722	0.000720419654212	0.0002583109529398	Naprt	neither	-0.3745130888105321
29857	0.0049716981375839	0.000462122355343	0.00156531836443	0.0011031960090869	Mapk12	neither	0.2505808908943802
13175	-0.0032516932001666	0.0004645477068479	-0.0011373872848866	-0.0016019349917345	Dclk1	neither	-0.1605771167040519
216850	-0.0019442713023656	0.0004655985264698	0.0005869550171714	0.0001213564907015	Kdm6b	neither	-0.5105608723058482
11733	-0.002627797085687	0.0004682277007219	0.000813545098713	0.0003453173979911	Ank1	neither	-0.219103979964344
434130	-0.0082506819033915	0.0004694456852889	-0.0013908330005948	-0.0018602786858837	Ccdc8	neither	-0.0089088176491172
72948	-0.0052797494942937	0.000474143255443	-0.0015135061784121	-0.0019876494338551	Tppp	neither	0.142772447494178
20475	-0.0023391652683205	0.0004758951629379	0.0002395324537189	-0.0002363627092189	Six5	neither	-0.0307441675770208
67138	-0.0054763383818573	0.0004791043162776	0.0002646537798557	-0.0002144505364219	Herc6	neither	0.0178159592685606
106869	-0.0007589313507146	0.0004831086921603	0.0003472334412118	-0.0001358752509485	Tnfaip8	neither	-1.657756975113764
240087	0.0021594488507303	0.0004917129934424	0.0003430221462458	-0.0001486908471965	Mdc1	neither	0.887774390868174
353502	-0.0042126302508519	0.0004936563059132	0.0013487388567344	0.0008550825508212	Hcfc1r1	neither	-0.0399942548851585
320100	0.0008554580175275	0.0004965363083629	0.0002618850061082	-0.0002346513022546	Relt	neither	1.0208582338504633
67800	0.0005715348906211	0.0004975077426919	0.0001570884463125	-0.0003404192963794	Dgat2	neither	2.268909276779934
192232	-0.0014637902824931	0.0005003143142596	0.0006011427546966	0.0001008284404369	Hps4	neither	-0.6227755785587263
77056	-0.003772383063813	0.0005008250638769	0.0006025046982305	0.0001016796343535	Tmco4	neither	-0.0886556857651951
217946	-0.0017863302763744	0.0005038233827014	0.0005622032515734	5.837986887202761e-05	Cdca7l	neither	-0.5767148945681712
140577	0.0121214170836016	0.0005136076292912	0.0007542096242107	0.0002406019949195	Ankrd6	neither	0.3479875572404099
19153	-0.0057224326753582	0.000514864083647	0.0012090622213919	0.0006941981377448	Prx	neither	0.0533356806294436
72017	-0.0020875346576473	0.0005218348137857	0.0001177980323696	-0.0004040367814161	Cyb5r1	neither	-0.1984745819357879
72042	-0.0067782527569106	0.0005336933834303	-8.034996571629107e-05	-0.0006140433491466	Cotl1	neither	0.091483584439084
57443	-0.0008244282836233	0.0005345386692519	0.0003766129188913	-0.0001579257503606	Fbxo3	neither	-1.5812853028827838
227197	0.0017729504880728	0.000535819246073	0.0005760410060013	4.022175992833956e-05	Ndufs1	neither	1.1741387429499448
13195	-0.0024771269372937	0.0005408342080622	-0.0004818291171625	-0.0010226633252247	Ddc	neither	-0.22930347334405
214804	0.0008166008937323	0.0005411339042235	0.0003296387811621	-0.0002114951230614	Syde2	neither	1.7906246684918006
12190	0.0027018860080149	0.0005417244286821	0.0006119902576258	7.026582894366395e-05	Brca2	neither	0.7887774290292151
319670	0.0034438889568593	0.0005488599957259	0.0006711421277882	0.0001222821320622	Eml5	neither	0.5913315095743847
217082	-0.0123913551024566	0.0005502062520741	-0.0017526421847858	-0.0023028484368599	Hlf	neither	0.1089198066002568
14128	-0.0012401438322674	0.0005535333762892	0.0004982307272603	-5.53026490289273e-05	Fcer2a	neither	-0.5780575779996294
11364	0.0031315530794885	0.0005571786014577	0.0006072217661716	5.004316471387334e-05	Acadm	neither	0.8078583825994563
240058	-0.0020606292237137	0.000557940169467	0.000431784674327	-0.00012615549514	Cpne5	neither	-0.6032512200743874
52245	-0.0008244398861402	0.0005606073694172	0.0003220584367942	-0.0002385489326229	Commd2	neither	-1.6364255003779644
22228	-0.0053147142050549	0.0005716865926186	-0.0021725805754017	-0.0027442671680203	Ucp2	neither	0.0255563750093853
232946	0.0058687487966832	0.00059261966883	0.0007493445081594	0.0001567248393293	Bloc1s3	neither	0.5509546508458589
234267	-0.0029375181340175	0.000604529915009	8.910191790180666e-05	-0.0005154279971072	Gpm6a	neither	-0.3140603153792147
217262	-0.0010831596432872	0.0006105736881162	0.0003501771239548	-0.0002603965641614	Abca9	neither	-1.129151916594512
14544	-0.002205410763167	0.0006138626648519	0.0002177287754449	-0.0003961338894069	Gda	neither	-0.6107771547007613
83429	-0.0015296129649884	0.0006156910485524	0.000690971941971	7.52808934185587e-05	Ctns	neither	-0.6606567368574849
378431	-0.0006121674863635	0.0006157123664832	-2.9067982771341925e-05	-0.0006447803492545	Txlnb	neither	-1.4716776903143194
268527	-0.00325486889198	0.0006223083421245	-6.035818192695271e-05	-0.0006826665240514	Greb1	neither	-0.2542689491893249
14732	0.000454223908575	0.0006240835836521	0.0001518319087429	-0.0004722516749091	Gpam	neither	3.082791717067222
18230	-0.0034022261423522	0.0006293560350539	0.0009888757927613	0.0003595197577074	Nxn	neither	-0.1718727902316084
18441	-0.0027300879047574	0.0006388914580279	0.0005394414751593	-9.94499828685686e-05	P2ry1	neither	-0.3632152172959342
67703	0.0012268250833582	0.0006418693024224	0.0003712239759333	-0.0002706453264891	Kirrel3	neither	0.9647473617862756
633640	0.0028721497537908	0.0006419211998494	0.0004500186173183	-0.0001919025825311	Tmem267	neither	0.3861253222802646
240055	-0.0076384039008041	0.0006487603341244	-0.0022589135340924	-0.0029076738682168	Neurl1b	neither	-0.0516759075809075
12326	-0.0023228433488682	0.0006512561416708	0.0007838763011804	0.0001326201595096	Camk4	neither	-0.4085181552738274
66412	0.0035813300899124	0.0006589601928635	0.0010239062494296	0.000364946056566	Arrdc4	neither	0.5319163551352077
68082	-0.0041799016084614	0.0006595897607956	0.0001904253588569	-0.0004691644019387	Dusp19	neither	-0.1597811949410484
72748	0.0027519406908945	0.0006641228726286	-0.0011921490298914	-0.00185627190252	Hdhd3	neither	0.5000605608678148
64929	-0.0011705210642434	0.0006678071609299	0.0002963746464185	-0.0003714325145113	Scel	neither	-1.296119833577106
17060	0.0032874114924015	0.0006721795734759	-0.0017531417714056	-0.0024253213448816	Blnk	neither	0.5433733510908393
14802	-0.0025935521761749	0.0006871620159258	3.797813968102005e-05	-0.0006491838762448	Gria4	neither	-0.4789557753915673
75750	0.00488671936107	0.0006894425721121	0.0025439469662539	0.0018545043941417	Slc10a6	neither	0.8354946604979562
229228	-0.0012003140002168	0.0006899588516069	0.0004469838911119	-0.0002429749604949	Nudt6	neither	-1.1046784749062235
71532	0.0091665089565543	0.000692751689415	0.0019155183808933	0.0012227666914783	Fam217b	neither	0.2464829034391382
13522	-0.0050126166832665	0.0006964088268126	0.0015436094595253	0.0008472006327126	Adam28	neither	-0.1222934579266371
13841	-0.005106914732646	0.0006966614423359	0.0003390807221824	-0.0003575807201534	Epha7	neither	-0.0094843869683686
26411	-0.0071466725426052	0.0006988241145386	0.0011200723184272	0.0004212482038885	Map4k1	neither	-0.0473566438072795
50997	-0.0021082851446958	0.0007013723641969	0.0016425414949873	0.0009411691307903	Mpp2	neither	-0.1446398101976117
214580	0.0018471252981068	0.0007013953728746	0.0004534514603122	-0.0002479439125623	Pstk	neither	0.6975335987293618
14276	0.0007967225477717	0.0007014022051643	0.0006458122899671	-5.558991519718072e-05	Folr2	neither	1.7519073999409929
84004	0.0133716493197516	0.0007047771460548	0.0006098324761591	-9.49446698957127e-05	Mcam	neither	0.3067521714214595
218461	-0.0023508942068451	0.0007076752012184	0.0006189798643002	-8.869533691818483e-05	Pde8b	neither	-0.5380590057049931
17389	-0.0020349926651443	0.0007114069691639	0.0002711706187858	-0.000440236350378	Mmp16	neither	-0.7969608959113805
235028	-0.0090335494914004	0.0007152705737236	0.0022810591648703	0.0015657885911467	Zfp426	neither	0.1721586927569289
19417	0.0019269570906073	0.0007165762305132	-0.0005633685611982	-0.0012799447917114	Rasgrf1	neither	1.1409452577225772
56737	0.0052090766218717	0.0007215503430139	-0.0006798758756158	-0.0014014262186297	Alg2	neither	0.8119007639984581
67993	0.002673807190432	0.0007257448567525	0.0003638730955877	-0.0003618717611648	Nudt12	neither	1.0565646536960247
17300	-0.0032352272645287	0.0007323575188301	0.0011682214103742	0.0004358638915441	Foxc1	neither	-0.3655991793664243
53972	-0.0013746757336526	0.0007416111807046	0.0008317375972676	9.012641656300028e-05	Ngef	neither	-1.2455213699726724
67059	0.0015030128061036	0.0007444063174768	0.0006618981027455	-8.250821473131087e-05	Ola1	neither	1.8982304593139856
208715	-0.001308219043953	0.0007451618341089	0.0004678273391773	-0.0002773344949316	Hmgcs1	neither	-1.4723433041713672
16797	0.0052879470786232	0.0007621842127187	0.000954884230238	0.0001927000175192	Lat	neither	0.627475698855532
244653	-0.0040350932369482	0.0007624548881346	0.0012502355692683	0.0004877806811337	Hydin	neither	-0.1645614612934726
20525	-0.0016085662006271	0.000762494012994	0.0006992545048473	-6.323950814678765e-05	Slc2a1	neither	-1.0611943910125623
170790	-0.0048937690435761	0.0007655124305513	0.0005734510258655	-0.0001920614046857	Mlc1	neither	-0.0491154960787064
14763	-0.0029470598312699	0.000771431617957	0.0015390544051824	0.0007676227872254	Gpr37	neither	-0.2937095768969042
84036	-0.0013599364994244	0.0007735541036663	0.0009108027347421	0.0001372486310758	Kcnn1	neither	-0.9191547648879792
73836	0.0016585600508738	0.0007760117569842	0.0008066777132468	3.066595626257155e-05	Slc35b2	neither	1.3654403506832642
67976	0.0054987351331529	0.0007804853402061	0.0019120550306621	0.001131569690456	Trabd	neither	0.4169388051110566
73822	0.000651395915621	0.0007837046128653	0.0004994307885016	-0.0002842738243636	Mfsd12	zygotic	3.1633495126577054
71876	-0.0011390438770681	0.0007882524163037	0.0004696304763001	-0.0003186219400036	Cenpu	neither	-1.6424913299827852
17064	-0.0028342965927825	0.0007978266058401	0.0009225485819815	0.0001247219761414	Cd93	neither	-0.0483399839733705
72776	0.0034061986463031	0.0007994344544287	-0.0001561492063759	-0.0009555836608047	Sass6	neither	0.906140179804498
268747	0.0037471045716356	0.0008008528227054	-0.0015456448013985	-0.002346497624104	Carmil3	neither	0.5839900732363593
319953	-0.0031729842277237	0.0008011700026778	0.0005922639236175	-0.0002089060790603	Ttll1	neither	-0.3980981297428965
13497	-0.0016437865306014	0.0008044390794631	0.0011854627584516	0.0003810236789885	Drp2	neither	-0.6260857038715044
16591	-0.0021804549500178	0.0008204722400324	0.0002589402673311	-0.0005615319727012	Kl	neither	-0.5736212879186743
65963	-0.0013280834746467	0.0008261727400566	0.0015302430869024	0.0007040703468457	Tmem176b	neither	-0.5602635277759453
30935	0.0026616933059681	0.0008303240078384	0.0006611255155143	-0.0001691984923241	Tor3a	neither	1.2180903860391623
74717	-0.0012136673713165	0.0008397672605989	0.0004494413403876	-0.0003903259202112	Spata17	neither	-0.9071486806132
106042	0.0076555078610391	0.0008516344382971	0.0004853839219764	-0.0003662505163206	Prickle1	neither	0.5419153871383544
67512	0.0043294545821557	0.0008740520157685	4.138853365224658e-05	-0.0008326634821163	Agpat2	neither	0.7561052237537972
271005	-0.0028781842705836	0.0008754830380036	0.0003003299022035	-0.0005751531358	Klhdc1	neither	-0.6575277637040141
68099	-0.0028487119245171	0.0008755151773517	4.42030245061896e-05	-0.0008313121528456	Cibar1	neither	-0.5727606825378085
14062	0.0029113761536593	0.0008778765291841	0.0030619105279748	0.0021840339987906	F2r	neither	0.9028614247869152
19739	-0.0017777076338108	0.0008791118103852	0.0007688336139886	-0.0001102781963965	Rgs9	neither	-0.805557080927067
13008	-0.0009004463165433	0.0008807698339644	0.0008029498194561	-7.782001450834704e-05	Csrp2	neither	-1.334116860519233
11554	-0.0028946196496915	0.0008841086384335	-0.0001984066429335	-0.001082515281367	Adrb1	neither	-0.2775506875134571
68802	0.0014000762974884	0.0008907073212563	0.0007455817426872	-0.000145125578569	Mypn	neither	2.024660110902897
231125	0.0053873826753826	0.0008908329313469	-0.0019316986524871	-0.002822531583834	Zfyve28	neither	0.8750285543041777
12449	0.0026245478725624	0.0008968200467202	0.000651772666472	-0.0002450473802481	Ccnf	neither	1.287210800625055
213484	-0.0045545862259229	0.0009004086160899	0.0025508106089046	0.0016504019928147	Nudt18	neither	-0.1978152708594005
380713	0.0008003747912227	0.0009129786412884	0.0008269299480381	-8.604869325038074e-05	Scarf1	zygotic	2.789767203352042
77579	-0.00805102727475	0.0009149239301865	0.0011878380106585	0.000272914080472	Myh10	neither	-0.1141436808818774
17350	0.0032431445070781	0.0009210003626035	0.0016760691669592	0.0007550688043556	Mlh1	neither	0.9774461382360058
382913	-0.002074496036832	0.0009216495467228	0.0005341513030992	-0.0003874982436236	Neil2	neither	-1.025446416339573
242702	-0.0013856792456364	0.000930904338637	0.0012455067410486	0.0003146024024116	Myom3	neither	-0.6017762702253968
65970	0.0021022324207259	0.0009342988722621	0.0010551215493556	0.0001208226770935	Lima1	neither	1.5541945659392633
13824	-0.0012323149632313	0.0009419600474196	0.0005000482648632	-0.0004419117825563	Epb41l4a	neither	-1.7052630730751304
14369	0.0018160946365038	0.0009473709025766	0.0010245382157032	7.716731312664056e-05	Fzd7	neither	1.769742974452008
23999	-0.0014442593021896	0.0009512059441044	0.000605158554349	-0.0003460473897553	Twf2	neither	-1.4931444382616488
55987	-0.0014006851450045	0.0009515724258564	0.0008664343666606	-8.513805919585819e-05	Cpxm2	neither	-1.5180477903900715
18205	-0.0007240739038279	0.0009528540535892	0.0001414992010461	-0.000811354852543	Ntf3	neither	-1.214467021466363
23928	0.0007958263939249	0.0009577053166366	0.0008129395741426	-0.0001447657424939	Lamc3	neither	1.6415623689311196
170725	-0.002397466664412	0.0009598098168518	0.0013989250051223	0.0004391151882705	Capn8	neither	-0.6925536446816978
209966	-0.0024976055051378	0.0009636009662431	0.0005210905223119	-0.0004425104439311	Pgbd5	neither	-0.9269503305525904
57746	0.0009688329029287	0.0009687585602843	0.0008517165199489	-0.0001170420403353	Piwil2	neither	3.1035916954902323
15460	-0.0040121078226132	0.000972748863173	0.0019599941055363	0.0009872452423633	Hr	neither	-0.0281711313373888
19268	-0.0051055726078708	0.0009751488127657	0.0011074221449408	0.0001322733321751	Ptprf	neither	-0.3156237163368184
244757	0.0021600227938497	0.0009753868872969	-0.0013272812643322	-0.0023026681516292	Glb1l2	neither	1.0213893050920888
27273	-0.0100710687966405	0.0009791863690374	0.0014009235619549	0.0004217371929175	Pdk4	neither	-0.7010631857250329
381217	-0.0027521306042979	0.0009863075293568	0.0010950513088765	0.0001087437795196	Fam189a2	neither	-0.7736412852659338
320662	-0.0009049474603932	0.0009876484015908	0.0006698330973104	-0.0003178153042804	Casc1	neither	-2.6694151795679333
72097	0.0016563726458312	0.0009877340484956	0.0002426075853993	-0.0007451264630962	Cracdl	neither	1.715992251125263
67582	-0.0024671825337252	0.0009908347520151	0.0008692994452802	-0.0001215353067349	Slc25a26	neither	-0.7171298715932768
245945	-0.0048483369797794	0.0009909015479004	-9.985148295976475e-05	-0.0010907530308602	Rbm47	neither	-0.3691154442192969
230904	0.0025308871814791	0.0009912217349072	0.0006046772711315	-0.0003865444637757	Fbxo2	neither	0.3251720762390209
13850	0.0038959261063235	0.0009932409001407	-6.003171690613297e-05	-0.0010532726170468	Ephx2	neither	0.700500694276584
56264	-0.0063906143664834	0.0009942001938826	0.0033145572753516	0.0023203570814689	Cpxm1	neither	0.2524103017259997
320139	-0.0029167334948454	0.0010002782627307	-0.0001595095026487	-0.0011597877653794	Ptpn7	neither	-0.2674032794115281
19419	-0.0017836163918988	0.0010078752728953	0.000404314891179	-0.0006035603817162	Rasgrp1	neither	-0.7380100082731785
70574	-0.0070457674219587	0.001013168852329	0.0011723271483221	0.000159158295993	Cpm	neither	-0.1319200974933184
14067	-0.0021424137751309	0.0010146628903163	0.0014774567064437	0.0004627938161273	F5	neither	-0.393955542630956
213208	0.0056425774520545	0.0010156938536056	0.0015344427000465	0.0005187488464409	Il20rb	neither	0.365706529723728
243755	-0.0062252235666035	0.0010160185262878	0.0004052860783692	-0.0006107324479185	Slc13a4	neither	-0.5250325841833997
17926	-0.001107132471385	0.0010266011637221	0.001351145102077	0.0003245439383549	Myoc	neither	-1.0243801390239626
68070	-0.0051667621806836	0.0010369914802298	0.0016880744954559	0.0006510830152261	Pdzd2	neither	-0.4051930739813202
22401	0.0104015670387849	0.0010531136186148	-0.0002460127363068	-0.0012991263549217	Zmat3	neither	0.6122774969788647
22029	-0.0043857622031602	0.0010550834527057	0.0001329810245278	-0.0009221024281779	Traf1	neither	-0.4884525030398825
16323	0.007087798228743	0.0010554990543279	-0.0037795619126158	-0.0048350609669438	Inhba	neither	0.2712645709592505
52857	-0.0023297013053854	0.0010708211514692	0.0017854335679131	0.0007146124164439	Gramd1a	neither	-0.6638053543697391
16656	-0.003470155932084	0.0010858453818611	0.0011972413016088	0.0001113959197477	Hivep3	neither	-0.5661974182627534
74202	0.0014017423376302	0.0010930205593859	0.0010603859088306	-3.2634650555235685e-05	Fblim1	neither	1.8221228862977528
72050	-0.0023336966251233	0.0010937475304239	0.0003009794752819	-0.000792768055142	Poglut2	neither	-0.8288775358515391
18453	0.0010856504738018	0.0010954439240394	0.0011140712629677	1.862733892829733e-05	P4hb	neither	3.199770229544187
105675	0.0056388089721713	0.0010964057647127	-0.0004810310426264	-0.0015774368073392	Ppif	neither	0.7403800739846672
67198	-0.0032359148175666	0.0010979342385094	0.0016304001650374	0.000532465926528	Spats2l	neither	-0.6140578333436482
19130	-0.002967646524087	0.001097977262133	0.0012832053247818	0.0001852280626488	Prox1	neither	-0.5827365178758064
74147	-0.003086577204317	0.0010995755316548	-0.000864972773123	-0.0019645483047779	Ehhadh	neither	-0.4465466906443104
75782	-0.0039200688188964	0.0011054351892726	-0.0001904100692558	-0.0012958452585285	Lca5	neither	-0.5251837940945278
76866	-0.0068738050320283	0.0011138931475966	0.0013666874232156	0.000252794275619	Morn1	neither	-0.351595878174628
210573	0.0024849012995948	0.001114302930024	0.0001788685718518	-0.0009354343581721	Tmem151b	neither	0.8573156671235298
83671	-0.0022772852782786	0.0011175469566538	0.0004682973179699	-0.0006492496386838	Sytl2	neither	-1.158162867121866
26377	-0.0026342150851283	0.0011186842725678	0.0004326798918878	-0.0006860043806799	Dapp1	neither	-0.7046216592524407
243277	0.0059216120109161	0.0011366483455898	-0.0026005542203895	-0.0037372025659793	Adgrd1	neither	0.5351514523821733
20462	0.0038345450895223	0.0011368345279659	0.0007403890304727	-0.0003964454974932	Tra2b	neither	1.098144320307908
329278	-0.0051976902756611	0.0011432843853242	0.0010981460902031	-4.513829512109262e-05	Tnn	neither	-0.2277561937166699
64945	0.0052855210336182	0.0011481588922941	4.316156691793794e-05	-0.0011049973253762	Cldn12	neither	0.878262836187729
223774	-0.0068710969122901	0.0011624876034169	0.000322890417976	-0.0008395971854409	Alg12	neither	-0.1815889803101069
67739	-0.0115624736667335	0.0011731899389391	0.0011508927914006	-2.229714753849434e-05	Slc48a1	neither	-0.0181329544503768
74091	0.0006558626441455	0.0011796220623668	0.0010146634773022	-0.0001649585850646	Npl	neither	5.048763174439099
110075	0.0036557315052644	0.0011851408503715	0.00104211314271	-0.0001430277076614	Bmp3	neither	0.8880188296480652
242523	0.0180769210743963	0.001188459810764	0.0018698817683736	0.0006814219576096	Dmrta1	neither	0.2765926976292662
12348	-0.0050265044039672	0.0011935503971972	0.0026780348527909	0.0014844844555936	Car11	neither	0.0074051458041212
13710	-0.0028229416453769	0.0011979054653699	0.0001503675902567	-0.0010475378751131	Elf3	neither	-0.8215601664646326
54123	0.0020664127570795	0.0011979751251521	0.0023316722505628	0.0011336971254106	Irf7	neither	1.1527903956615098
12286	0.0064115202786051	0.0011991955914732	0.0020039581312155	0.0008047625397423	Cacna1a	neither	0.573109775445751
384214	-0.001424181203937	0.0012046541674456	0.0004920516845946	-0.0007126024828509	Ephx4	neither	-0.7179760840407621
226255	-0.01921962334603	0.0012095153002596	-0.0016550523583182	-0.0028645676585778	Atrnl1	neither	0.0183459111899207
54195	-0.0015775761551681	0.0012179491935854	-0.000786135024137	-0.0020040842177224	Gucy1b1	neither	-0.7248902795894591
14026	-0.0080228447508619	0.0012265922182842	0.0009450464916338	-0.0002815457266504	Evl	neither	-0.2290818489678292
243983	-0.0019247351890772	0.0012382297173894	0.0011784237931123	-5.980592427706462e-05	Zdhhc13	neither	-1.4318751951748627
18526	-0.0017124074227849	0.0012410937354109	0.0003776133380357	-0.0008634803973751	Pcdh10	neither	-1.6213381603567432
27419	0.0047500403362648	0.0012468235151009	0.0020122733912541	0.0007654498761531	Naglu	neither	0.5857953556350386
67211	-0.0021485599464974	0.0012638960519374	0.0006440084249991	-0.0006198876269383	Armc10	neither	-1.4694317867965736
240354	0.0091094510605277	0.001265702856236	0.002997857145244	0.0017321542890079	Malt1	neither	0.4689388288424569
78558	-0.0009336141258847	0.0012688395600375	0.0010685007866592	-0.0002003387733783	Htra3	neither	-2.1939980275682167
15894	0.0255745988298709	0.0012757235051215	0.0065229763622452	0.0052472528571236	Icam1	neither	0.4420281139549268
18150	-0.003491654126683	0.0012802633376045	0.0002728229524639	-0.0010074403851405	Npm3	neither	-0.7512282059532794
22249	0.0058090955608042	0.0012809427201876	0.0012345567707572	-4.638594943047057e-05	Unc13b	neither	0.8839823687662011
16764	-0.0033216816039464	0.001291968141051	0.0011169076835603	-0.0001750604574907	Aff3	neither	-0.7817349696050764
193838	0.0055224466687154	0.0013010804168686	0.0001500213560828	-0.0011510590607857	Eme2	neither	0.8322061574569473
78977	0.0087548413677471	0.00131011323073	0.0016934647191996	0.0003833514884696	Popdc3	neither	0.6404863215354316
56523	0.0028442280896821	0.0013114419392914	0.0002542484588009	-0.0010571934804904	Pmfbp1	neither	1.5525673155149509
56017	0.0046459870826227	0.0013221328034045	0.0019618890920349	0.0006397562886304	Slc2a8	neither	0.7602656928586702
73825	-0.0027264981671103	0.0013326683574907	0.0004247809175906	-0.0009078874399001	Ppp1r21	neither	-1.153283077466292
108098	-0.0030325096757613	0.0013334817420001	0.0005280527755361	-0.0008054289664639	Med21	neither	-1.0554751184866211
72778	0.0021131770469986	0.0013358007412206	0.0011800104369083	-0.0001557903043122	Dnajc22	neither	0.7331403337007535
20393	-0.0072317063633319	0.0013358847338132	0.0023952725887344	0.0010593878549211	Sgk1	neither	-0.1230891019491355
114606	-0.0043799054401333	0.0013403794626977	0.0013798165516964	3.943708899868301e-05	Tle6	neither	-0.6708573229652439
68799	0.0125786528289367	0.0013466262260313	0.0025668124099062	0.0012201861838748	Rgmb	neither	0.5327348214065906
14612	-0.0025983095248141	0.0013476150793214	0.0017044583492731	0.0003568432699516	Gja4	neither	-1.1668069093384814
71820	0.0014365558660302	0.0013587933135907	0.0009885726882794	-0.0003702206253113	Wdr34	neither	2.15568043443666
239743	-0.0055186633363872	0.0013825920340698	-0.0004964549117075	-0.0018790469457773	Klhl6	neither	-0.2258773492242739
23959	-0.0072070703700322	0.0013906867395601	-0.0022927327016599	-0.0036834194412201	Nt5e	neither	0.0675338873544995
330189	0.0034070041998769	0.0013962610271644	0.0004842893370283	-0.000911971690136	Tmem120b	neither	1.4841909586008029
235472	-0.0057677935532337	0.0013976084448599	0.0007907190437627	-0.0006068894010971	Prtg	neither	-0.2723536228828197
108147	-0.0083350498054794	0.0013988788217968	0.0035306318412419	0.002131753019445	Atic	neither	-0.2394989322067255
16598	0.0018638993462405	0.0014054401891607	0.0008630945235033	-0.0005423456656573	Klf2	neither	2.3628096297390617
272347	0.0054410710784466	0.0014170178356612	-0.0012018742064472	-0.0026188920421084	Zfp398	neither	1.03083272430009
67295	-0.0020168565722623	0.0014185581494424	0.0009366789179152	-0.0004818792315272	Rab3c	neither	-1.246305012636453
17883	0.0057398809596016	0.0014222177466717	-0.0001846723008705	-0.0016068900475422	Myh3	neither	1.2369411409805424
269774	0.0060546260563126	0.0014259032978099	-0.0002270372352927	-0.0016529405331026	Aak1	neither	0.9553618323144076
245595	-0.0016358922894475	0.0014303291323257	0.0004661540906392	-0.0009641750416864	Zfp711	neither	-0.6282073410340815
50934	0.002924093180386	0.001431531137116	-0.0005001361700107	-0.0019316673071268	Slc7a8	neither	1.513039922324677
66999	-0.0033702226195834	0.0014337037801553	0.0010964580148002	-0.0003372457653551	Med28	neither	-1.013423919485463
67819	0.0045440495701114	0.0014406475981361	0.0012464159715395	-0.0001942316265966	Derl1	neither	1.1544331808610735
271711	-0.0032944620976383	0.0014538724637651	0.0012461522520534	-0.0002077202117117	Tmem169	neither	-1.0111115340617949
18595	-0.0086021581398884	0.0014556507989004	0.0014849223841664	2.9271585265977597e-05	Pdgfra	neither	-0.1472967022547295
170835	-0.0041557435330595	0.0014560045070018	0.0019421383249843	0.0004861338179825	Inpp5j	neither	-1.3700380101393597
279561	0.0015560855046492	0.0014565511314985	0.0007797324913685	-0.0006768186401299	Wnk3	neither	2.95965035725973
78619	-0.004067467382231	0.0014642753750863	0.0019604227850226	0.0004961474099362	Zfp449	neither	-0.6614477781222275
208768	0.0032384401264482	0.0014740146137801	0.0017042233835456	0.0002302087697654	Sde2	neither	1.5625713099437308
20104	0.0020659067142241	0.0014835009082694	0.0010982222844925	-0.0003852786237768	Rps6	neither	2.335433236597129
83433	0.0066823913177917	0.001483564420855	-0.0015321986630389	-0.0030157630838939	Trem2	neither	0.5223119162239613
14761	-0.0030125815196076	0.0014860106597101	0.001983032239096	0.0004970215793859	Gpr27	neither	-0.941403062962708
319504	-0.0076860159913551	0.0014863544971452	-9.011838923722564e-05	-0.0015764728863824	Nrcam	neither	-0.2740853307870846
81006	-0.0045982837438542	0.0014890103496982	0.0009539474746993	-0.0005350628749988	Gpr63	neither	-0.6334999424324546
229599	0.0070302659641367	0.0014939159125354	0.0045854127529262	0.0030914968403907	Ciart	neither	0.7438805061896764
14050	-0.0118416082253918	0.0014982120287514	0.0017903339336609	0.0002921219049094	Eya3	neither	-0.1216259221219546
67480	0.0030081995270178	0.0015014465733397	0.0012088667424062	-0.0002925798309334	Cwc25	neither	1.6909885308445602
105727	-0.0159555585853755	0.0015197124472111	-0.000989198213008	-0.0025089106602191	Slc38a1	neither	0.1444942545607401
13618	-0.0019226293445313	0.0015242263565508	0.001111456076867	-0.0004127702796837	Ednrb	neither	-1.419644732618932
70008	-0.0015262548076944	0.0015296874062849	0.0007799636091608	-0.0007497237971241	Ace2	neither	-1.3119937202203156
244550	0.0026597834466659	0.0015315499122331	0.0017669507134315	0.0002354008011984	Podnl1	neither	0.7591948375813894
14735	0.0131296786487852	0.0015322820498514	-0.0010939703646064	-0.0026262524144578	Gpc4	neither	0.668210513017498
207792	-0.0033837076878875	0.0015371747587254	0.0030388254771947	0.0015016507184692	BC034090	neither	-0.8001860841704542
93840	-0.0108332661984494	0.0015377335601046	0.0043852332610189	0.0028474997009142	Vangl2	neither	0.1296853085815711
104445	0.0015365705196738	0.0015507328517239	0.0006825385203279	-0.000868194331396	Cdc42ep1	neither	2.082977669050805
231470	-0.0036083931314847	0.0015547825133293	0.0001875793427821	-0.0013672031705471	Fras1	neither	-0.9486396858786972
18563	-0.0126569129472779	0.0015555337811605	0.001509030928629	-4.650285253154592e-05	Pcx	neither	-0.0792713051438969
11489	-0.0053463110969576	0.0015557330061774	0.0014798360057964	-7.589700038097488e-05	Adam12	neither	-0.557818393750919
320495	-0.0024621061411695	0.001575075674397	0.0011379545313741	-0.0004371211430228	Ipcef1	neither	-1.685977705133424
214137	0.0076509820440547	0.0015775748477038	0.0022563006929091	0.0006787258452053	Arhgap29	neither	0.8249417383008235
241226	-0.0053737796711307	0.0015803375242733	0.0003427896297453	-0.0012375478945279	Itga8	neither	-0.5846000151461404
227327	-0.0025416235103792	0.001584145277047	0.0018134885171912	0.0002293432401441	B3gnt7	neither	-0.949429960173894
17873	-0.0078018517478813	0.0016110279150727	-0.0033064507583575	-0.0049174786734302	Gadd45b	neither	-0.0936772276643373
64297	-0.0058764118957314	0.0016134908062727	0.0014215276008346	-0.000191963205438	Gprc5b	neither	-0.2395549145231228
627049	0.0025569861462101	0.0016148138190009	0.0024718738190134	0.0008570600000124	Zfp800	neither	1.8344196655899048
71998	-0.0039009683878662	0.0016159788427871	0.000231485547848	-0.001384493294939	Slc25a35	neither	-0.5416814405982826
28146	0.0028669882325522	0.0016288125170654	0.0016149312864673	-1.388123059815915e-05	Serp1	neither	1.901065715927243
13681	-0.0055038447365249	0.0016358045767713	0.0010286184032186	-0.0006071861735526	Eif4a1	neither	-0.6759740530292665
84035	-0.0038409825084361	0.0016729742123511	0.0013479257144189	-0.0003250484979321	Kremen1	neither	-1.017486488471381
27762	-0.005186681476149	0.0016768888588297	1.835178666449245e-05	-0.0016585370721652	Vwa7	neither	-0.3404284100002165
194309	0.0021343401349056	0.0017030789451309	0.0015516562647355	-0.0001514226803953	Vps37d	neither	1.0397109716691495
232976	0.0046541524193351	0.0017066847553398	0.0009588604864496	-0.0007478242688902	Zfp574	neither	1.2961196270216089
67865	-0.0035409631507576	0.0017100897396475	0.0019801061186656	0.000270016379018	Rgs10	neither	-0.8866565794894304
12903	-0.0026501421823725	0.0017114274743261	-0.0005903874562895	-0.0023018149306157	Crabp1	neither	-0.3337069347652338
22779	-0.006153550227625	0.0017209455041471	0.0005030910019311	-0.0012178545022159	Ikzf2	neither	-0.4359021655402541
74241	-0.0055542654829567	0.0017268708149628	0.0020543753015309	0.000327504486568	Chpf	neither	-0.3721720555904231
22381	0.0018031686239911	0.0017450150975659	0.001208591997769	-0.0005364230997968	Tceal9	neither	1.180143545030247
11720	-0.0017878327102936	0.0017495018401518	0.0014799910748665	-0.0002695107652853	Mat1a	neither	-2.1858329925603104
60594	-0.0040580555485818	0.0017522460459702	0.001374146182883	-0.0003780998630871	Capn12	neither	-0.4577819139891368
319634	-0.005694700085309	0.0017535935996396	0.0019024774716888	0.0001488838720492	Efcab5	neither	0.2770424004306001
22021	0.004202416649387	0.001767210007744	0.0023353420629486	0.0005681320552046	Tpst1	neither	1.295500321047774
20536	0.0018479748386271	0.0017898904129738	0.0012853516310778	-0.000504538781896	Slc4a3	neither	2.0170585790504614
12822	0.0033096674491104	0.001792992371854	-0.0009310591260374	-0.0027240514978914	Col18a1	neither	1.0564538716344931
11568	0.0059727897855097	0.0017938858715603	0.00217121592857	0.0003773300570096	Aebp1	neither	0.4043470899046366
16531	-0.005402889730599	0.0018040051352537	0.0015756696282131	-0.0002283355070405	Kcnma1	neither	-0.7283130891975675
16162	-0.0020684782647974	0.0018143188966381	0.0005661237387394	-0.0012481951578986	Il12rb2	neither	-1.9689774298381384
22116	-0.0043283283422206	0.0018247016181904	0.0006869824982627	-0.0011377191199277	Tsks	neither	-0.4803404692826596
629499	-0.0068936946980939	0.001825993596879	0.0012415835186983	-0.0005844100781806	Mroh8	neither	-0.3709770505631302
12323	0.0028611527286083	0.0018326433343111	0.0014073494362344	-0.0004252938980766	Camk2b	neither	1.474279878428023
381175	-0.002018547579411	0.0018402282761861	0.0012791372235393	-0.0005610910526467	Ccdc68	neither	-1.1954502065397308
234857	-0.0019615619253407	0.0018615408510745	0.0015523907924372	-0.0003091500586372	Spire2	neither	-1.900540519133182
232560	-0.0044221334413218	0.0018642378147218	0.0014591398090683	-0.0004050980056535	Caprin2	neither	-1.0163997775252889
211949	0.0024223353101353	0.0018660190006544	0.0018974382211033	3.141922044888612e-05	Spsb4	neither	1.7363901590257431
12322	-0.0026494394183396	0.0018770077062522	-4.192941676215761e-05	-0.0019189371230143	Camk2a	neither	-1.1204508213758209
269643	0.0077418994890678	0.001878148954659	0.0012506506607339	-0.000627498293925	Ppp2r2c	neither	0.6071698991930269
72349	0.0027439801256552	0.0018793136426892	0.0009393551218749	-0.0009399585208143	Dusp3	neither	0.9308766414487052
72607	-0.0052899840213983	0.00189071720709	-0.0001529204570367	-0.0020436376641268	Usp13	neither	-0.6261809967154364
24131	0.0038705863907382	0.0019025714000322	-0.000200468495254	-0.0021030398952863	Ldb3	neither	0.7790398316326134
237211	-0.0027016591007328	0.001909018039246	0.0006501322859964	-0.0012588857532496	Fancb	neither	-1.651913075208506
30794	-0.004185922076649	0.0019127158282241	-0.0022866359184383	-0.0041993517466624	Pdlim4	neither	-0.7759903455058482
215798	-0.0029299607208081	0.0019347503976422	0.002094253550872	0.0001595031532298	Adgrg6	neither	-0.9792597620658512
12166	0.0034439904685178	0.0019402511158534	0.0007859333613662	-0.0011543177544871	Bmpr1a	neither	1.9122568364588424
54326	-0.0071906887398226	0.0019418437547586	0.0031153614601817	0.0011735177054231	Elovl2	neither	-0.0643922051442559
26912	-0.003929352773975	0.001942134087361	0.0024503252601562	0.0005081911727952	Gcat	neither	-0.5646880313821132
320508	-0.0060495370423269	0.0019521075435285	0.0020194298063628	6.732226283430193e-05	Cachd1	neither	-0.6740156071552968
12483	0.0122009079473339	0.0019666687601614	-0.0027678770749736	-0.0047345458351351	Cd22	neither	0.4098335993164122
15902	-0.0015061563148796	0.0019755503542545	0.0003360838401158	-0.0016394665141386	Id2	neither	-2.147636260618174
11601	0.0039694144933767	0.0019906672605024	0.0001015813214912	-0.0018890859390112	Angpt2	neither	1.6941515349651786
102124	0.0084749054655787	0.0020005716349869	-0.001249957690712	-0.003250529325699	Enkd1	neither	0.916224159209903
55963	0.0019436090613441	0.002001920583959	0.0012939812080035	-0.0007079393759555	Slc1a4	neither	2.578200827026522
225997	-0.0016202238168732	0.0020407882087562	0.0008779943425949	-0.0011627938661612	Trpm6	neither	-1.7709762933892808
19703	0.0017880744756484	0.0020460415368968	0.0019617648405817	-8.4276696315166e-05	Renbp	neither	3.4125943288654548
20533	0.0071440288046163	0.0020509197538004	-0.001346911786115	-0.0033978315399154	Slc4a1	neither	0.4977326352842336
209558	0.0026771427329281	0.002052386630874	0.000348357223144	-0.00170402940773	Enpp3	neither	2.242983930325055
625249	0.0026223540685092	0.0020563240511406	0.00185889870137	-0.0001974253497706	Gpx4	neither	2.463753622683899
116939	0.0031108281050702	0.0020759481473495	0.0018667607064571	-0.0002091874408923	Pnpla3	neither	0.8091997223806714
21825	0.0050966354382378	0.0020797991468938	0.0003406639556797	-0.0017391351912141	Thbs1	neither	0.7660805547049542
12062	0.0062182432767431	0.0020946041254697	-0.0048909617241964	-0.0069855658496662	Bdkrb2	neither	0.6174634265773321
17390	-0.0045672084281365	0.0021007885187999	0.0008546486052202	-0.0012461399135797	Mmp2	neither	-0.9822440485329668
109594	-0.004379981123918	0.0021106596663501	0.0004533244263559	-0.0016573352399941	Lmo1	neither	-1.0954386168359551
116837	-0.0037354133480657	0.002111301809043	0.0004566009760939	-0.001654700832949	Rims1	neither	-1.356717121905223
232370	0.0025155855789613	0.0021203002129256	0.0011671012924049	-0.0009531989205206	Clstn3	neither	1.407724112625853
54366	-0.0072663114955779	0.0021335281345945	3.117517394288464e-05	-0.0021023529606516	Ctnnal1	neither	-0.6222657005604725
23882	-0.0030773111512576	0.0021364050957519	0.00133574315898	-0.0008006619367719	Gadd45g	neither	-1.1030522138187755
56316	-0.0070668931434766	0.0021592044699098	0.0012012039864738	-0.000958000483436	Ggcx	neither	-0.6220046535474578
18415	-0.0062161827696671	0.0021726134985633	0.0005965966634284	-0.0015760168351349	Hspa4l	neither	-0.7769464364121966
230514	0.0050063755852804	0.002176979846723	0.0022003544051713	2.337455844828463e-05	Leprot	neither	0.971779797370719
232441	-0.0051502531805561	0.0021847945335978	0.0007121037012904	-0.0014726908323073	Rerg	neither	-0.5026856063380252
14919	0.0054806032966343	0.0021852740176967	-0.0009847552047383	-0.003170029222435	Gucy2e	neither	1.4888316776870083
108089	-0.0043266971996787	0.0021901070706786	-6.825809292236748e-05	-0.002258365163601	Rnf144a	neither	-0.4979296250448763
12477	0.0039026845308445	0.0022562889668318	-0.0013502467525333	-0.0036065357193652	Ctla4	neither	0.9517190188118776
209584	0.0026483850388579	0.0022679722268562	-0.0002376939085569	-0.0025056661354131	Tyw3	neither	1.2638796138724897
71609	-0.0080365651872876	0.0023215281825683	0.0013895499848141	-0.0009319781977542	Tradd	neither	-0.0347944661716582
18951	-0.0041282616131547	0.0023532751143228	0.0005329187130758	-0.001820356401247	Septin5	neither	-0.8089910804827348
20288	-0.0050884140253661	0.0023615793385494	0.0031448764488014	0.000783297110252	Msr1	neither	-0.4851701829741102
170721	0.0023125278338037	0.0023624447035487	0.0008737822126838	-0.0014886624908649	Papln	neither	2.297459549451796
50784	-0.0034021401255449	0.0024108318443019	0.0030077690598288	0.0005969372155268	Plpp2	neither	-1.301119750749278
268297	-0.007127045486208	0.0024150395875683	0.0029096178536931	0.0004945782661247	Scml4	neither	-0.7447559501871487
13139	-0.0065760363784251	0.0024173223871758	-0.0017038635892533	-0.0041211859764292	Dgka	neither	-0.7290352094929767
116847	-0.0056876792572359	0.0024337952005334	0.0014942305059504	-0.000939564694583	Prelp	neither	-0.9425327927937168
228576	-0.0027039447794265	0.0024371845499481	0.0001370478810916	-0.0023001366688565	Mall	neither	-0.856264236163206
56508	-0.0051787809131544	0.0024682432546807	0.0008640872003412	-0.0016041560543395	Rapgef4	neither	-1.1036552932797812
19342	-0.0033262694284043	0.0024683070937424	0.0017690469507414	-0.000699260143001	Rab4b	neither	-1.52963643610245
56213	-0.0031873991151654	0.0024700466417699	0.0020537990431743	-0.0004162475985956	Htra1	neither	-1.9290811840292588
217558	0.0031517562964326	0.0024723059292016	0.0032633927253015	0.0007910867960998	G2e3	neither	2.501582303050861
18212	0.0112542907940069	0.0024890687514443	0.0012675823515262	-0.001221486399918	Ntrk2	neither	0.7732712334816901
13603	-0.007865874455591	0.0024897092146202	0.0004383712648304	-0.0020513379497897	Opn3	neither	-0.3620899499096323
171285	0.0070824624342558	0.0025147095536905	0.0028392861945672	0.0003245766408767	Havcr2	neither	0.706082988366278
56720	-0.0034941703913912	0.0025284774176582	0.0014487650284373	-0.0010797123892209	Tdo2	neither	-0.7295450204601268
12038	-0.0051167085817389	0.0025553971994789	0.0014634955944008	-0.001091901605078	Bche	neither	-0.5443968814690163
17219	0.007829148872561	0.0025556717191831	0.0024561622010969	-9.950951808618746e-05	Mcm6	neither	1.241287720663922
330812	-0.0107569950993474	0.0025651140345546	0.0039325697637451	0.0013674557291904	Rnf150	neither	-0.2501773082485742
194388	-0.0043826762919593	0.0025748370975101	0.002010941324262	-0.0005638957732481	Tet3	neither	-1.553209917098798
12519	-0.0034479931396581	0.0025822462030782	-0.0005596399783414	-0.0031418861814196	Cd80	neither	-1.1091315680826768
13074	0.0044103089737884	0.0026004333086831	-0.0031268564342995	-0.0057272897429827	Cyp17a1	neither	1.0523856704698094
18816	0.0051205813817675	0.0026146984023401	0.0016072220592647	-0.0010074763430754	Serpinf2	neither	0.860710372639003
66083	-0.0036536128536047	0.002639802599371	0.0015931233197693	-0.0010466792796016	Setd6	neither	-1.664807274633488
13838	-0.0047087981234595	0.0026424603446631	0.0018122660140134	-0.0008301943306497	Epha4	neither	-1.3703147099754158
237611	-0.007538656899673	0.002658435116668	0.0011077879072887	-0.0015506472093793	Stac3	neither	-0.8751946591848743
22695	-0.0150264196498332	0.0026891088725908	0.0042486283703995	0.0015595194978086	Zfp36	neither	-0.2362536809191746
171180	-0.0076563726313718	0.0026939515637829	-0.0003722663403023	-0.0030662179040852	Syt12	neither	-0.1068658509037099
14696	-0.0059751544948393	0.002722253348128	0.001546021651187	-0.0011762316969409	Gnb4	neither	-1.019969604079615
26922	-0.0081093893916824	0.0027314050711289	0.0034202576909958	0.0006888526198669	Mecr	neither	-0.441253291678387
75345	0.0033042370512131	0.0027835650634203	0.0002615831231019	-0.0025219819403183	Slamf7	neither	2.513598128317957
20540	-0.006229449114538	0.0027839688448914	-0.0006932464836051	-0.0034772153284965	Slc7a7	neither	-0.2603177918406543
19245	0.0049297172758834	0.0028009552074266	0.0031979502214684	0.0003969950140418	Ptp4a3	neither	1.359917276386472
17260	0.0089562071533293	0.0028162066332869	-0.004377945489476	-0.007194152122763	Mef2c	neither	0.8111362115236421
52588	-0.0050472185972916	0.0028179493320867	0.0026749632159217	-0.000142986116165	Tspan14	neither	-1.3462083907041908
229003	-0.0085707920050172	0.0028550564201454	-0.0027704401614485	-0.005625496581594	Helz2	neither	-0.3119817574705357
71803	0.0058936067944503	0.0028554817400692	9.09063172961891e-05	-0.002764575422773	Slc25a18	neither	1.2181990276798824
66336	0.0109760007611447	0.0028555620860838	0.0019685761278575	-0.0008869859582263	Cenpp	neither	0.8624951629398819
384061	-0.0078547503234614	0.002879232265771	-0.001259101089513	-0.004138333355284	Fndc5	neither	-0.5071879763492286
74166	-0.0060202357324019	0.0029112827320325	0.0029016331992672	-9.649532765306291e-06	Tmem38a	neither	-1.019120201362551
64705	-0.0024508475666303	0.0029188918351044	0.0021611795010293	-0.0007577123340751	Dpys	neither	-1.8319319609997091
64817	0.0134748179799478	0.0029204399805855	0.0008701887814187	-0.0020502511991668	Svep1	neither	0.666493901567981
207521	-0.0049784834466942	0.0029804404475111	0.004840414198751	0.0018599737512399	Dtx4	neither	-0.5770625059586133
18750	0.0069767696530665	0.0030394982520394	0.0002821899177844	-0.002757308334255	Prkca	neither	0.9892113116050404
246048	-0.0029480764520864	0.0030397016882647	-0.0003674138934397	-0.0034071155817044	Chodl	neither	-1.071787460274092
74387	0.0090099426764952	0.0030416898394435	-0.0014680731172007	-0.0045097629566442	4932438H23Rik	neither	0.5941348305800092
57265	0.0037810615238172	0.0030481029665431	0.0023176062296647	-0.0007304967368783	Fzd2	neither	1.9518938079385637
240518	0.0049183980053834	0.0030528374376428	0.0040722112650167	0.0010193738273738	Peli3	neither	1.3792105251991575
18162	-0.004031748801313	0.0030845278373332	0.0030973070917085	1.2779254375352902e-05	Npr3	neither	-0.6977156257034711
16467	0.0028618674220715	0.003128671951504	0.0019400573831993	-0.0011886145683046	Atcay	neither	2.968235070349323
16826	-0.0043430333356362	0.0031409680876322	0.0017885590864103	-0.0013524090012219	Ldb2	neither	-1.5289047591962732
231760	-0.0073280707830053	0.0032225188590312	0.0033155718836151	9.3053024583894e-05	Rimbp2	neither	-0.9637912494888682
110784	0.0186827031285817	0.0032382558386939	-0.0123182733344766	-0.0155565291731705	Nr3c2	neither	0.3203790601893815
74589	-0.0060176855534832	0.0032474406636847	0.000544615124037	-0.0027028255396476	Kbtbd12	neither	-0.8161595786423492
11307	-0.0058907735664452	0.0032912220537752	0.002916661339378	-0.0003745607143972	Abcg1	neither	-1.1826932579071312
78284	-0.0042732689312036	0.0033260250804367	0.0015092391949499	-0.0018167858854868	Creb3l4	neither	-1.705669189541518
17117	-0.0049489263670107	0.0033364304424873	0.0018626238735976	-0.0014738065688896	Amacr	neither	-1.0175638275953314
19736	-0.0071139013329061	0.0033437732255025	0.0073884933812105	0.0040447201557079	Rgs4	neither	-0.5640959219008939
170483	0.0045099930647878	0.003388996247708	0.0035949388497633	0.0002059426020553	Grin3b	neither	1.2127942016737867
16400	-0.0051277008975905	0.0033937430158625	0.0013848869158404	-0.002008856100022	Itga3	neither	-0.516707112661868
18985	0.0066771074960605	0.0034230980358523	0.0047997288842215	0.0013766308483691	Pou2af1	neither	0.9136798737005484
71699	-0.0033153804829627	0.0034277132012694	0.0007322911351945	-0.0026954220660748	Slc41a3	neither	-0.8093985909037968
59288	-0.0048325413185708	0.0034661812871268	0.0026816473120585	-0.0007845339750682	Dctn5	neither	-1.6891261791363463
58198	-0.0053294420255087	0.0034735927299698	-0.0037313805017123	-0.0072049732316821	Sall1	neither	-0.7929123170886848
14119	-0.0133988937567138	0.0034762970191174	0.00761784301592	0.0041415459968026	Fbn2	neither	-0.3919705910848939
67369	0.0068298131612945	0.003483233243896	0.0038743179625865	0.0003910847186904	Qpctl	neither	1.6094120144021729
19696	-0.006009701862807	0.0035460992780182	0.0013734950173217	-0.0021726042606964	Rel	neither	-1.2775624093725848
53791	-0.0077581538914668	0.0035515739212164	0.0029714913773939	-0.0005800825438224	Tlr5	neither	-0.7935420235536393
23871	-0.0103991078918873	0.0035730222984492	0.0024254220509008	-0.0011476002475484	Ets1	neither	-0.1827431120221339
19700	-0.0037433876817895	0.0036369928333674	0.0021864717831274	-0.0014505210502399	Rem1	neither	-0.9916240014054478
67963	0.014715421813589	0.0036790338657182	0.0009769722620706	-0.0027020616036476	Npc2	neither	1.0285358257615358
18294	-0.0077965334204764	0.0037353143444554	0.0033280968413924	-0.0004072175030629	Ogg1	neither	-1.0335292849227902
68801	-0.0085599398477625	0.0037582705926536	0.0029852944597302	-0.0007729761329233	Elovl5	neither	-0.9356686018083616
67374	-0.0138898606512713	0.0037806916505401	0.0045745100529346	0.0007938184023945	Jam2	neither	-0.5155622014632161
16170	-0.0111774330616285	0.0037972082916734	0.0020219989405523	-0.001775209351121	Il16	neither	-0.608288596445266
217935	-0.0087546812663766	0.0038109152273643	0.0045678600754074	0.0007569448480431	Wdr60	neither	-0.9339668906574732
22342	-0.0065680810694288	0.0038497735448883	0.0033574170502867	-0.0004923564946015	Lin7b	neither	-0.6830535860342004
12702	0.0038888184503313	0.0038762777388021	0.0027492909037709	-0.0011269868350311	Socs3	neither	3.374995220189228
56399	0.0047989645114559	0.0038991136967226	0.0038046921167597	-9.442157996284112e-05	Akap8	neither	2.6259602216421616
231207	0.0065451438616329	0.0038996171045584	0.0005505469451602	-0.0033490701593981	Cpeb2	neither	1.8651604442893412
17342	-0.0097847856981827	0.0039083492089167	0.0024768694104471	-0.0014314797984695	Mitf	neither	-0.8801842662533079
269019	-0.0072721071888958	0.0039275183628815	0.002309043201584	-0.0016184751612974	Stk32a	neither	-0.7626014520594306
242505	0.0061472846331382	0.0039439996038677	0.000691468531526	-0.0032525310723417	Rasef	neither	1.619472072191859
242202	-0.01258969765732	0.0040108480298526	0.0025450195656944	-0.0014658284641581	Pde5a	neither	-0.3218800714415526
320560	0.0098083421093068	0.0040451252657645	0.0039182556269789	-0.0001268696387855	Dennd5b	neither	1.4864940265933406
66279	-0.0100984665948104	0.0040813893427119	0.0053225867269504	0.0012411973842385	Tmem218	neither	-0.5632253089637044
22234	0.0090118060728891	0.0040873259977419	0.0040702760672542	-1.7049930487705e-05	Ugcg	neither	1.6202964185171314
100048534	-0.0065290008364661	0.0041401790267469	0.0003944257222794	-0.0037457533044674	Cfap43	neither	-1.1571342059407668
229658	-0.007117063389499	0.0041599214336263	0.0055179288149875	0.0013580073813612	Vangl1	neither	-0.6679624053281018
76491	0.0044109562330335	0.0041813717841477	0.0064705066564317	0.0022891348722839	Abhd14b	neither	2.1174555795851697
110521	-0.0068697710236639	0.0042289129066466	0.0033657648942785	-0.000863148012368	Hivep1	neither	-1.597989551007581
229699	0.0094733652600512	0.0042622022940692	0.0008071557928314	-0.0034550465012378	Slc16a4	neither	0.9187269091127106
56527	0.0032116009816665	0.0044098057216689	0.0030528600936442	-0.0013569456280247	Mast1	neither	4.001973245191688
227674	0.0042081453908032	0.0044286725609548	0.002787954089844	-0.0016407184711108	Ddx31	neither	3.3312757246240112
109245	0.0051506522627367	0.0044627353722048	0.0014391953837661	-0.0030235399884387	Lrrc39	neither	1.7264756083510904
74194	-0.0050648087842423	0.0044890536519679	0.0018829532395614	-0.0026061004124065	Rnd3	neither	-2.0100663396486897
72003	0.005524261480502	0.0044964208429438	0.0010625629890694	-0.0034338578538743	Synpr	neither	1.8376977475429224
242860	0.0074507624536287	0.0044977653665702	0.0042756811362768	-0.0002220842302933	Rsbn1l	neither	1.98888709437222
104458	0.0042176698605866	0.0045583179016031	0.0024235457949566	-0.0021347721066464	Rars	neither	3.470828396043504
209212	0.0044980962484541	0.0045963910363902	0.0040400819568434	-0.0005563090795468	Osgin2	neither	1.6364595092815732
66464	-0.011367801839264	0.0046368934156747	0.0022652234213367	-0.0023716699943379	Taf12	neither	-0.9517932047054052
15273	-0.0064014385562509	0.0046445515445541	0.0030496209795892	-0.0015949305649649	Hivep2	neither	-1.7911816841574713
72690	0.0095698316143383	0.0046764458109252	0.0060673459617823	0.0013909001508571	Grrp1	neither	1.3695377834153462
76459	-0.0045544076139227	0.0047121530742386	0.0018434680133306	-0.0028686850609079	Car12	neither	-1.134323449451919
240638	-0.0051023020749655	0.0047295443561764	0.0024147699813603	-0.002314774374816	Slc16a12	neither	-1.1850133192761263
12575	0.0232750687775979	0.0047655262198246	0.0148724553979574	0.0101069291781328	Cdkn1a	neither	0.7924434752073993
53604	0.0066243727791868	0.0048409056982035	-6.390587584173538e-05	-0.0049048115740452	Zpbp	neither	0.6090244332854464
246104	0.0068381368735121	0.0048691549168827	0.0043100262580149	-0.0005591286588677	Rhbdl3	neither	1.3872169034448496
338362	-0.0059186095446967	0.0048816566969509	0.0022700842466854	-0.0026115724502654	Ust	neither	-1.8453198240566555
50766	0.0102165231051744	0.0049295985898163	-0.0031313441795753	-0.0080609427693917	Crim1	neither	0.937626389840764
68259	-0.0087636001671159	0.0049529622979669	0.0030692665146043	-0.0018836957833626	Ift80	neither	-1.348106310370052
71911	-0.0066529705500787	0.0049595652060258	0.0029845194033714	-0.0019750458026544	Bdh1	neither	-1.8875268998400192
58998	-0.0161336871704887	0.0049877089846627	0.0035037222486878	-0.0014839867359748	Nectin3	neither	-0.6951615446958118
20377	0.0060292072379185	0.0050069604007754	0.0059246431907013	0.0009176827899259	Sfrp1	neither	1.6685608708539057
231712	-0.0091459047608694	0.0050636725668269	0.0037813536416217	-0.0012823189252051	Trafd1	neither	-1.3807612793135748
77577	0.0046169457349456	0.0052015307319346	0.0012562942188028	-0.0039452365131318	Spns3	neither	1.856086571303228
58176	-0.0084990665971116	0.0053419363462458	0.0045961167634302	-0.0007458195828156	Rhbg	neither	-0.5789868528228087
78749	0.0084106989731881	0.0055339718078796	0.0011158279082788	-0.0044181438996007	Filip1l	neither	1.7787358415506946
94185	-0.0065279850541969	0.0056385151474254	0.0053524419783594	-0.0002860731690659	Tnfrsf21	neither	-1.2742602224258432
76142	-0.0075806693124951	0.0056883158499928	0.005374297007334	-0.0003140188426588	Ppp1r14c	neither	-0.7096894021535409
66269	0.0035353229930318	0.0059128993145278	0.0037205121853833	-0.0021923871291445	Tmed6	neither	2.824249094355816
208154	-0.0111766401124571	0.0059250533725147	0.0010848323127484	-0.0048402210597662	Btla	neither	-0.3749321447144555
16891	-0.0057784640516042	0.0059339585611029	0.0012730946758944	-0.0046608638852085	Lipg	neither	-0.9658443512475564
72002	-0.0126553242000014	0.0060532231157463	0.0005465863323421	-0.0055066367834042	Slc39a5	neither	-0.9729157761704958
58180	0.0106467739143597	0.006131385900188	0.0044561206537621	-0.0016752652464259	Hic2	neither	1.9345696087611477
18762	0.0071357710841947	0.0062050889014674	0.0053943166334826	-0.0008107722679848	Prkcz	neither	2.511958222897434
67848	0.0093528456603296	0.0062311443292416	0.0017508898263238	-0.0044802545029177	Ddx55	neither	2.047340959730097
17880	-0.0083852108544706	0.0062639066214366	0.0049270271915916	-0.0013368794298449	Myh11	neither	-1.986691637498445
109294	-0.0145145839858227	0.0063224206584114	0.0025851847779268	-0.0037372358804845	Prex2	neither	-0.9539926217506784
26903	0.0117310369955264	0.0063312866259408	0.0107862534117029	0.004454966785762	Dysf	neither	1.418894803313942
230784	0.0045966843493102	0.0063365550037079	0.0062246854011148	-0.000111869602593	Sesn2	neither	4.283742975452591
319655	-0.0123704902796115	0.0063957257254738	0.0056872158325404	-0.0007085098929334	Podxl2	neither	-0.806875988599762
12818	-0.0137921909168934	0.0068733427188254	-0.00165556168298	-0.0085289044018054	Col14a1	neither	-0.5611517151846586
71835	-0.0104438373549711	0.0069425758306552	0.0046781972041964	-0.0022643786264587	Lancl2	neither	-1.4537964201249172
16456	0.0075038899479591	0.0070261470529226	0.005326014223052	-0.0017001328298706	F11r	neither	2.887831962381733
17436	-0.0136099756516818	0.0071469599008943	0.0047224306846606	-0.0024245292162337	Me1	neither	-1.3405299070494634
320438	0.0131388306507291	0.0073074138108652	0.0058739432429111	-0.0014334705679541	Alg6	neither	1.8375102148180027
29862	-0.0062773048171114	0.0073076780769308	0.0042649188432436	-0.0030427592336872	Ninj2	maternal	-2.508180213510504
94088	0.0075984872113862	0.0074684881687708	0.0040792045162501	-0.0033892836525207	Trim6	neither	3.018861293731799
12826	-0.0210759944269124	0.0075083678027961	0.0082491073622285	0.0007407395594324	Col4a1	neither	-0.671456818533116
208795	-0.0096133776977503	0.0075770005333998	0.0046471490929603	-0.0029298514404395	Tmem63a	neither	-0.8718601473310905
18585	-0.0096986235426908	0.0076571456659735	0.0043547810409859	-0.0033023646249875	Pde9a	neither	-1.2419967142324937
217154	0.0061822195265944	0.0077393238850513	0.0072143681521766	-0.0005249557328747	Stac2	neither	3.8363777834298074
66548	0.0102365162948576	0.0082290607556586	0.0073740345166845	-0.000855026238974	Adamtsl5	neither	1.0313197493684156
15212	0.0055617217833202	0.0084342838257265	0.0081801381853086	-0.0002541456404179	Hexb	neither	4.437639315199068
16008	0.0094508294208115	0.0087061495229874	0.0105391735019052	0.0018330239789178	Igfbp2	neither	1.2700449116254675
381157	0.0121847614155514	0.0087745124497419	0.0075799861480485	-0.0011945263016934	Greb1l	neither	1.8255032958589168
16842	-0.0118860259442171	0.008883923359075	0.0043690103892034	-0.0045149129698715	Lef1	neither	-1.8647914158957244
12512	0.0065102879651303	0.0089592246697029	0.0091440371708476	0.0001848125011447	Cd63	neither	4.132747015869168
319974	-0.020025048636872	0.0092477449277441	0.007435561952403	-0.0018121829753411	Auts2	neither	-1.1524450711503325
214901	0.0141725406592963	0.0092580976531797	0.0046443483279333	-0.0046137493252463	Chtf18	neither	1.7799642860465283
29856	0.0086662614361391	0.0093071302736842	0.0040071879441052	-0.0052999423295789	Smtn	neither	3.254541359620504
71310	0.0051515063796388	0.0094651657018291	0.0081370089835534	-0.0013281567182756	Tbc1d9	neither	4.958319485866439
230379	0.0165961273275295	0.0096963486681674	0.0056563743299857	-0.0040399743381816	Acer2	neither	1.8920783302724644
245527	0.0161423622268539	0.0099169748315769	0.0044187106111156	-0.0054982642204613	Eda2r	neither	0.6710133490234631
27528	-0.0208814486359638	0.0100287927496139	-0.0022711044449229	-0.0122998971945369	Nrep	neither	-0.8849962674710518
11689	-0.0195970288290682	0.0101121460245954	0.0109252859095715	0.0008131398849761	Alox5	neither	-0.5728388203066063
16149	0.0223536812315986	0.0103523451156322	0.0085332684608546	-0.0018190766547776	Cd74	neither	0.7202423044156853
215632	0.0099298968673233	0.0103859126074732	0.0006083911511832	-0.0097775214562899	Psd4	neither	2.0800597076712104
12568	-0.0110209414963796	0.0103968768113644	0.0105638235088353	0.0001669466974709	Cdk5	neither	-2.164630381625396
14115	-0.0187402917570964	0.0109132424152589	0.0076344355708556	-0.0032788068444033	Fbln2	neither	-0.4385422818607632
12398	-0.014895824765749	0.0114424855748502	0.0110989992913537	-0.0003434862834964	Cbfa2t3	neither	-1.980922840967516
64918	0.0120879065023946	0.0114834142470116	0.0077612043201557	-0.0037222099268558	Bhmt2	neither	2.184200436141402
15277	-0.0179570218306475	0.0115438759816523	0.0097671051796842	-0.001776770801968	Hk2	neither	-1.4925447058755874
238271	-0.011651361278638	0.0117674842365769	0.0169303874181735	0.0051629031815965	Kcnh5	neither	-1.32221501282074
100019	0.0095078837310098	0.0129639065626514	0.0120481046122672	-0.0009158019503841	Mdn1	neither	4.108842286798512
53422	-0.0262358367707887	0.0144979329203014	0.0099180724472106	-0.0045798604730907	Ybx2	neither	-1.3830991112988134
23805	0.0122934114235114	0.0166398706555092	0.013960814579947	-0.0026790560755621	Apc2	neither	4.173215408848083
68603	0.0213096699249767	0.0167202823792792	0.0070565144979637	-0.0096637678813154	Pmvk	neither	1.2679341248327052
13011	0.0227113566017114	0.0273528240837445	0.0297497850265708	0.0023969609428263	Cst7	zygotic	2.8264604880718904
