Unnamed: 0	coef	c_control	c_perturbed	delta	symbol	label	log2FC_control_L2C_vs_E2C
16601	-0.0199327545924369	-0.0326970673403386	-0.017290242005618	0.0154068253347205	Klf9	neither	4.476413635946091
74513	-0.0226848081242841	-0.0236888571158173	-0.0027891074947943	0.020899749621023	Neto2	neither	2.9249381584915533
84095	-0.0159147928360484	-0.0181943466417629	-0.0032162273373832	0.0149781193043797	Pi4k2a	neither	3.025947207409379
226830	0.0318049534532745	-0.017971778509605	-0.0138832739829025	0.0040885045267025	Smyd2	neither	-0.8696167992682061
93695	0.0208409516036422	-0.0175144073420924	-0.0055770229320016	0.0119373844100907	Gpnmb	neither	-1.5724924368904754
66614	-0.0135171916648691	-0.0161059600110873	-0.0035865297186926	0.0125194302923946	Gpatch4	neither	2.88513713840648
20200	0.024399101043478	-0.0158126168472709	0.004777748282399	0.0205903651296699	S100a6	neither	-0.7228353823855429
100515	-0.0159699150769967	-0.0147230796456762	-0.0193580325688179	-0.0046349529231416	Zfp518b	neither	2.0557523579177617
108699	0.0215830813307895	-0.0132901036103467	-0.0049912007320201	0.0082989028783265	Chn1	neither	-1.52725090437056
19173	-0.0089547029370377	-0.0132123703548997	-0.0032061391464446	0.010006231208455	Psmb5	neither	3.812705196004668
27060	-0.0197553981590382	-0.0123170474635272	-0.0092606401259414	0.0030564073375858	Tcirg1	neither	1.546004544681597
108811	0.0117628958452925	-0.0119115502757478	-0.0122691516783846	-0.0003576014026367	Ccdc122	neither	-2.653806559555456
227656	-0.0118473669001416	-0.0115425137478689	-0.0062496376076756	0.0052928761401932	Rexo4	neither	2.495940667637492
54353	0.0201600645841081	-0.0114569316612072	-0.005082797722497	0.0063741339387101	Skap2	neither	-1.4442387519753614
54561	0.0126995911372371	-0.0111246168737817	-0.0024484956061146	0.0086761212676671	Nap1l3	neither	-1.4154585728709494
64660	-0.0172252482723226	-0.0111037811691375	-0.0036116212940274	0.0074921598751101	Mrps24	neither	1.8604010569185008
11815	0.0168541970635297	-0.010924411570231	-8.794396362748408e-05	0.0108364676066035	Apod	neither	-1.223773287951214
93689	-0.0124910575885697	-0.0106679706228909	-0.0087331250198459	0.001934845603045	Lmod1	neither	1.050925882444874
27276	0.0286733961106819	-0.0106638061005815	-0.0002495176947144	0.0104142884058671	Plekhb1	neither	-0.909998300465673
11932	-0.0123935746219988	-0.0106230104086417	-0.0132826334591711	-0.0026596230505294	Atp1b2	neither	1.586561495872447
22371	0.0318652630901548	-0.0099919481345672	-0.0043409092247459	0.0056510389098213	Vwf	neither	-0.6990751168297503
381101	-0.006083071094564	-0.0095000761776026	-0.0052646757249731	0.0042354004526295	Dnph1	neither	2.655501802157957
15505	-0.0148239561167266	-0.0094626215929634	-0.0017595548959121	0.0077030666970513	Hsph1	neither	1.9676409873206668
20512	-0.0125845368986331	-0.0093236512045264	-0.0114882470571115	-0.0021645958525851	Slc1a3	neither	1.3921986213883497
16997	0.0076858443602156	-0.0088398002541707	-0.0039987322884526	0.0048410679657181	Ltbp2	neither	-2.173615112314755
70099	-0.0343869985651042	-0.0085936033845748	-0.0101705221385569	-0.0015769187539821	Smc4	neither	0.8989311119963819
20229	-0.0094159956848959	-0.0082938055851275	-0.0057509849714513	0.0025428206136762	Sat1	neither	2.7657573793140955
330171	0.0220652463980956	-0.008095915521736	-0.0079341126005689	0.0001618029211671	Kctd10	neither	-0.8806048359100066
242466	-0.0108558451370657	-0.0080623109172047	-0.0079401208187369	0.0001221900984677	Zfp462	neither	0.9915874820799916
106564	-0.0135232414082074	-0.0080098369643459	-0.0052364365703971	0.0027734003939488	Ppcs	neither	1.5319286581155689
72825	-0.0081923167922336	-0.0076590674824003	-0.0044642382992206	0.0031948291831797	Mon1a	neither	2.3765775041695765
67669	-0.0132658419321509	-0.0076236109815087	-0.0029847140366493	0.0046388969448593	Hikeshi	neither	1.7621419644953855
217082	-0.0123913551024566	-0.007538096387441	-0.01049545122728	-0.0029573548398389	Hlf	neither	1.1647514166050887
58243	0.0132205425230254	-0.0074982461956878	0.0022147468655384	0.0097129930612263	Nap1l5	neither	-0.470693001604811
83965	0.0084129559894151	-0.0074535721533157	-0.0060878947737406	0.001365677379575	Enpp5	neither	-2.255263815047549
224008	0.0119401617634068	-0.0071567202972634	-0.0084795956833803	-0.0013228753861168	Spidr	neither	-1.5868920500417414
216616	0.0112527108442784	-0.0071539832628911	-0.0137658764376263	-0.0066118931747352	Efemp1	neither	-0.6291189272723783
100061	-0.0128711007001872	-0.0070315295769256	-0.0005672547298121	0.0064642748471134	Lrrc19	neither	0.5660911084382494
16956	0.0100407562732165	-0.0070225385883862	-0.0019469800764421	0.0050755585119441	Lpl	neither	-1.8121738805270788
68611	-0.0083811550794758	-0.0069475907176974	0.0011968733342071	0.0081444640519045	Mrpl28	neither	2.072955626404902
16570	-0.0051326129753833	-0.0069141040430528	-0.0061914241121321	0.0007226799309207	Kif3c	neither	3.1405014152896604
242509	0.0121625090009995	-0.0067206589840984	-0.0028049368871376	0.0039157220969607	Bnc2	neither	-1.386508828300688
101502	0.0069236226098607	-0.0066890332459943	-0.0039522925915853	0.0027367406544089	Hsd3b7	neither	-2.5392589920178605
217198	0.0077899012015674	-0.0066215157834154	-0.0064788630866142	0.0001426526968012	Plekhh3	neither	-1.408852562079853
74186	0.0069277151550042	-0.0065984820721188	-0.0058985040318199	0.0006999780402989	Ccdc3	neither	-2.0197217251125155
107587	0.0102782671108732	-0.0065896217213027	-0.0012367972237021	0.0053528244976006	Osr2	neither	-1.436735732779966
54598	-0.0117849926477313	-0.0064421037990288	-0.0079968868079668	-0.0015547830089379	Calcrl	neither	1.020581161894638
20500	-0.004906357302801	-0.0063633467968867	-0.0031078682195734	0.0032554785773132	Slc13a2	neither	1.931460169718688
76917	-0.0046870807252534	-0.006231171238045	-0.006578227071804	-0.0003470558337589	Flywch2	neither	2.7348398888131835
629499	-0.0068936946980939	-0.0062235978726936	-0.0044458748789084	0.0017777229937851	Mroh8	neither	1.718766714798282
100502698	0.0173069640644666	-0.0061773325876605	-0.0107834374825587	-0.0046061048948981	Rubcn	neither	-0.9030682933865646
110446	0.0135073548993139	-0.0061579407533705	-0.0110465625993654	-0.0048886218459948	Acat1	neither	-1.1319936161880295
20907	-0.0064486937687304	-0.0061182133918971	-0.0037526962875326	0.0023655171043645	Stx1a	neither	1.593071691804943
14114	-0.0109996770248664	-0.0060127640960459	-0.0044734998250573	0.0015392642709886	Fbln1	neither	0.973895845425684
212547	-0.007450619538041	-0.0059341138638355	-0.0046064417263888	0.0013276721374467	Nepro	neither	2.323683374120592
102871	0.0094136498386132	-0.0059102811786522	-0.0009646957840178	0.0049455853946343	Radx	neither	-1.0735348120920492
16149	0.0223536812315986	-0.0058888189810742	0.0208164638951493	0.0267052828762236	Cd74	neither	-0.555105405976226
241070	0.0042688501823929	-0.0058705790062997	-0.0044121715310377	0.0014584074752619	Gpr1	maternal	-3.474449543319262
140742	-0.0155481829539036	-0.0058276523960519	-0.0039779463777608	0.001849706018291	Sesn1	neither	1.0065020231717297
11363	0.0146639410091333	-0.0057776700807118	0.0041966888862592	0.0099743589669711	Acadl	neither	-0.8073186634073488
66416	-0.0068789799355438	-0.005733692712058	-0.0013860817529682	0.0043476109590897	Ndufa7	neither	2.302445164756704
50915	0.0102418508574101	-0.0056529764586794	-0.0017190857713035	0.0039338906873758	Grb14	neither	-1.239508311860016
268567	-0.0078754544043507	-0.0055797841156804	-0.0017182664017912	0.0038615177138892	Tmem229b	neither	1.859879117611864
66169	-0.0078608269084648	-0.0055604101256661	-0.0012352604620413	0.0043251496636247	Tomm7	neither	2.0863421008175047
234854	-0.0084927408938308	-0.0055306854787978	-2.871129651793052e-05	0.0055019741822798	Cdk10	neither	1.1319504891402872
170768	-0.0051223167767096	-0.0055175650174643	-0.0020437252926148	0.0034738397248495	Pfkfb3	neither	2.591371060672925
208795	-0.0096133776977503	-0.0054479330875104	-0.0028139674181325	0.0026339656693779	Tmem63a	neither	0.6217438269337512
22116	-0.0043283283422206	-0.0054032717446066	0.0017896673732859	0.0071929391178926	Tsks	neither	1.806595379112023
12294	0.0099765784009577	-0.0052740900092564	-0.0049761541308504	0.000297935878406	Cacna2d3	neither	-1.304726283312453
108159	-0.0082589598432114	-0.0052538471908052	-0.0015515873248843	0.0037022598659209	Ubxn8	neither	1.8479077002895443
231050	-0.0086772570753825	-0.0052514713154621	-0.0010115898042046	0.0042398815112575	Galnt11	neither	1.6126361011885313
75769	-0.0055123052838251	-0.0052386361353303	0.0019296615020962	0.0071682976374266	Plppr5	neither	2.2461757379723863
19876	-0.01201912463761	-0.0052332096960185	0.0007001357308274	0.0059333454268459	Robo1	neither	1.3036959242365962
59083	0.0046518311739354	-0.0052125638065163	-0.0011847381754761	0.0040278256310402	Fetub	neither	-2.5759952554142247
18553	0.0068757415278268	-0.0051489077035019	-0.0024509001556447	0.0026980075478571	Pcsk6	neither	-1.5331206320294184
74414	-0.0252309299812885	-0.0051061490927696	0.0060482185557269	0.0111543676484965	Polr3c	neither	0.5599840784993546
320974	-0.0073728989782958	-0.005083004873897	-2.2523172438963263e-05	0.005060481701458	Lrrn4	neither	1.7579765395915006
242585	-0.0072119199282595	-0.0050779148241044	-0.0008162470071008	0.0042616678170035	Slc35d1	neither	0.9555758685171304
16450	0.0153344759666431	-0.0050669301366993	-0.0050846989357031	-1.7768799003769e-05	Jag2	neither	-0.8050366590561372
12023	0.0081905962649039	-0.0050459684205404	-0.0056921893998284	-0.000646220979288	Barx2	neither	-0.6959125615624142
74393	-0.0051660066126887	-0.0050187028124295	0.000382714586729	0.0054014173991586	Map10	neither	1.7621162344769234
75695	-0.0139715720778124	-0.0050058000492121	0.0050201853362918	0.010025985385504	Rilpl1	neither	0.8598833616506802
30059	-0.0035929002790336	-0.0049685092760906	-0.0008925801500605	0.0040759291260301	Timm10	neither	3.744959870273554
93840	-0.0108332661984494	-0.0048617428433343	-0.0067024327714143	-0.0018406899280799	Vangl2	neither	0.6249734479952664
67728	-0.0055209489354074	-0.0048519122971712	-0.001438867190702	0.0034130451064691	Dph2	neither	2.272426815784767
74020	0.0082013251748854	-0.0047800626180896	-0.0025995534120615	0.0021805092060281	Cpne4	neither	-0.842207194835499
11881	0.0063812477197798	-0.0047547001635129	-0.0046991664166887	5.5533746824190135e-05	Arsb	neither	-1.6914241927296598
74464	0.0089643429680888	-0.004719871863155	-0.0004510419942681	0.0042688298688869	Zswim5	neither	-0.9879843360419982
21356	-0.0121541664744577	-0.0047039421280879	-0.0021523138850286	0.0025516282430592	Tapbp	neither	0.7868631038096686
54381	0.0096874100910201	-0.0046848227847047	-0.001885082333817	0.0027997404508877	Cpq	neither	-0.7015873671221705
237711	0.0059229663975063	-0.0046359336970226	-0.0041206195991746	0.0005153140978479	Eml6	neither	-1.9055923790165223
72486	0.0056550793371337	-0.0045998767401048	-0.0060936452352376	-0.0014937684951327	Obi1	neither	-2.141299971374012
18976	-0.0090411235816724	-0.0045175117341033	-0.0050059349433775	-0.0004884232092742	Pomc	neither	1.0800012130143943
22695	-0.0150264196498332	-0.0045064991831321	-0.0033969116011437	0.0011095875819883	Zfp36	neither	0.796184421104216
20692	-0.0087963625981467	-0.0044580935070756	-0.0062705080134355	-0.0018124145063598	Sparc	neither	0.7940836768579836
53619	0.012614892258853	-0.004436842226635	-0.0034445074246357	0.0009923348019992	Blcap	neither	-0.9025640721881308
66522	0.0115780449164405	-0.0044037808447407	-0.0036530759796249	0.0007507048651158	Pgpep1	neither	-0.840010016479929
329941	-0.0045183161788474	-0.0043981067926593	-0.001734528961808	0.0026635778308512	Col8a2	neither	1.09246887259617
69215	-0.0065722881969924	-0.0043903032320178	-0.0052722768057789	-0.0008819735737611	Sat2	neither	1.6146055126023966
13631	0.0044155846831341	-0.0043240094199304	-0.003624942556804	0.0006990668631263	Eef2k	neither	-2.4799460998740845
107227	0.011416499864896	-0.0043106731132351	-0.0112319667117752	-0.00692129359854	Macrod1	neither	-0.5546363201786207
21339	-0.0069370241457776	-0.0043005028762758	0.0004005838676726	0.0047010867439485	Taf1a	neither	1.883679872544712
100072	0.0068007936569947	-0.0042966709668352	-0.0017809153659396	0.0025157556008956	Camta1	neither	-1.5999666929940235
13032	-0.002722166970166	-0.0042737945727838	-0.0063371166586271	-0.0020633220858432	Ctsc	neither	4.354082266957753
71913	-0.0062678211586407	-0.0042714328414179	-0.0010165217259452	0.0032549111154727	Tmem79	neither	1.57149179432978
116838	0.0082108669325518	-0.0042360159374635	-0.0031649126042038	0.0010711033332597	Rims2	neither	-0.8513802348847741
67893	-0.0037427124031268	-0.0042115357421676	0.001884197111702	0.0060957328538697	Tmem86a	neither	1.1713236820818684
75568	-0.0057397308471646	-0.0041936328229299	-0.0004934426538206	0.0037001901691092	Capsl	neither	1.8173775492436184
109294	-0.0145145839858227	-0.0041228135542983	-0.0027806420469706	0.0013421715073277	Prex2	neither	0.9474884431521206
242202	-0.01258969765732	-0.0040676318122419	-0.007038276048467	-0.002970644236225	Pde5a	neither	1.0194920628234194
50794	-0.0101896636029432	-0.0040083432380173	-6.045895960429482e-05	0.003947884278413	Klf13	neither	1.1520601691721968
74182	-0.0188876792587953	-0.0039720741977061	-0.0006489337961812	0.0033231404015248	Gpcpd1	neither	0.8185670067571413
14534	-0.0099278063097291	-0.0039608519615405	0.0012953198929038	0.0052561718544443	Kat2a	neither	1.1272452158716793
170737	-0.0061227082984601	-0.0039091597476148	-0.0006844657406774	0.0032246940069373	Znrf1	neither	1.288340482384268
59126	-0.010257811255748	-0.0038947588402535	-0.0026779564730605	0.001216802367193	Nek6	neither	0.4523049557202886
76884	0.0051735112695876	-0.0038615675160756	-0.0035109364965449	0.0003506310195306	Cyfip2	neither	-1.803018007233896
21334	0.0035245664890807	-0.0037505113399977	-0.0028232550787602	0.0009272562612374	Tac2	maternal	-2.6935116414796307
70350	-0.0051854278735059	-0.0037365541847526	-0.0029946821530759	0.0007418720316767	Basp1	neither	1.1078505967825725
19713	-0.0044845404627094	-0.0036885938005882	-0.0031074656496418	0.0005811281509463	Ret	neither	1.199485475055635
16525	0.0040426907725308	-0.0036748263333348	-0.0024117554545617	0.0012630708787731	Kcnk1	neither	-1.8811305067304915
227394	-0.0031462402300806	-0.0036664647829538	-0.0023936203085109	0.0012728444744429	Slco4c1	neither	3.1810115855582595
268465	-0.0052766296532564	-0.0036625282875125	0.001693315179905	0.0053558434674176	Eme1	neither	1.7301959102179778
18187	0.0126612032455928	-0.0036235619841651	0.0047957613656144	0.0084193233497796	Nrp2	neither	-0.3980487674754923
227094	0.0074465333604815	-0.0035843231666756	-0.0049056516095052	-0.0013213284428295	Nemp2	neither	-0.7084980806654045
15368	0.0033464293768657	-0.0035398355425727	-0.0005731625892548	0.0029666729533179	Hmox1	neither	-1.707739715388791
109660	-0.0034311745780329	-0.0035351487129725	-0.0021166766757139	0.0014184720372585	Ctrl	neither	1.094532628030948
67755	-0.0039597444971752	-0.0035139546608918	-2.625575272017609e-05	0.0034876989081716	Ddx47	neither	2.4656429303999867
12902	-0.0084500804371202	-0.0034717712610671	-0.0041310845024499	-0.0006593132413828	Cr2	neither	0.7738494387572953
55927	0.0059587541706369	-0.0034582633034763	-0.0020430544554634	0.0014152088480129	Hes6	neither	-1.340813549273902
546611	-0.0101468079141216	-0.0033031050584564	-0.0029409643459153	0.0003621407125411	Klhl33	neither	0.8400723481172272
93888	0.010272403002463	-0.0033025184890953	-0.0019551170370203	0.0013474014520749	Pcdhb17	neither	-0.809723710232284
20750	0.0033498433035269	-0.0032903108584643	0.0001254237713933	0.0034157346298576	Spp1	neither	-1.9577721131371693
26939	-0.0025403781480784	-0.0032641320272676	-0.003071905182716	0.0001922268445515	Polr3e	neither	3.2569777151537007
73884	-0.0071310949379209	-0.0032527940098536	-0.0065274714732483	-0.0032746774633946	Zdbf2	neither	1.0630269987817194
21935	-0.0029339801623055	-0.0032032233715436	-0.0019725350295112	0.0012306883420324	Tnfrsf17	neither	1.4868631058692905
17873	-0.0078018517478813	-0.0031002931298015	-0.0048601838001927	-0.0017598906703911	Gadd45b	neither	1.0991514819568842
22151	0.004035142885398	-0.0030903223926932	0.0001873170437681	0.0032776394364614	Tubb2a	neither	-2.0080029919106197
21802	0.0038371257659305	-0.0030375714778942	-0.0017599873874908	0.0012775840904034	Tgfa	neither	-1.0719903995440232
236900	0.0077233732216576	-0.0030338892283413	0.0001194812008175	0.0031533704291589	Pdk3	neither	-0.9473586802019992
74895	0.0055577808847298	-0.0030296595936248	-0.0026256889631821	0.0004039706304427	Ccdc181	neither	-1.3892793582799297
77065	-0.003435615552911	-0.0030150380941622	-0.0015470209842293	0.0014680171099328	Ints7	neither	2.3144839993185173
67138	-0.0054763383818573	-0.0030105726827847	-0.0023533162765574	0.0006572564062273	Herc6	neither	0.9933467954641724
108897	-0.0022381575462689	-0.0030070007413804	-0.0001390980465578	0.0028679026948225	Aif1l	neither	1.5913035484313296
110417	-0.0024154235182933	-0.0030028459956268	-0.0010483728612953	0.0019544731343314	Pigh	neither	2.6521323579389864
71648	0.0029872723063853	-0.0029831197062951	-0.0015193694083037	0.0014637502979914	Optn	neither	-2.44741154492537
15442	0.007972589690845	-0.0029588880408886	-0.0016831664155427	0.0012757216253458	Hpse	neither	-0.8931353142331997
76267	-0.0118025045079892	-0.002917664459772	-0.0023097147034832	0.0006079497562888	Fads1	neither	0.2610902493562045
243277	0.0059216120109161	-0.002899680993477	0.0009272952248664	0.0038269762183434	Adgrd1	neither	-0.492130986971684
225845	-0.0109497674033013	-0.0028597598996877	-0.0093546871973781	-0.0064949272976903	Plaat3	neither	0.8010881964086539
15507	-0.0124378493375378	-0.0028574416947934	-0.00834605962125	-0.0054886179264566	Hspb1	neither	0.751493070568068
58223	-0.002220312595728	-0.002855385471047	-0.00197362381492	0.0008817616561269	Mmp19	neither	2.911974674072504
22422	-0.0053643024407865	-0.0028382962637783	-0.0038802225735291	-0.0010419263097507	Wnt7b	neither	0.3896241726079102
76527	0.0048900911844903	-0.0028362005925311	-0.0028399932077702	-3.792615239074388e-06	Il34	neither	-1.296806026690319
245555	0.0044225121336441	-0.0028213171930617	-0.0020752199107743	0.0007460972822873	Nexmif	neither	-1.5706626041956222
14420	0.0076912812612621	-0.0027870110713622	-0.002568344741284	0.0002186663300781	Galc	neither	-0.8566077974298404
74039	-0.0055898712462706	-0.0027711395060591	8.72201006551463e-05	0.0028583596067143	Nfam1	neither	1.063241487424484
27056	-0.0041669529394962	-0.0027699000067588	-0.0005260026102616	0.0022438973964971	Irf5	neither	1.255846119342382
213435	-0.0049276229915091	-0.0027579850884224	-0.0032544395742484	-0.0004964544858259	Mylk3	neither	0.7071733926660078
29817	0.0026482962479856	-0.0026645448472486	-0.0028994350001312	-0.0002348901528825	Igfbp7	neither	-2.375898797074017
16011	0.0071815632894081	-0.002657379402808	-0.0019706039874705	0.0006867754153374	Igfbp5	neither	-0.3708274043052013
93835	-0.0046400845865235	-0.0026423551928773	-0.0023958545436936	0.0002465006491836	Amn	neither	0.7613054989067553
19220	0.0042066653257325	-0.0025749418514071	-0.0008587448718731	0.001716196979534	Ptgfr	neither	-0.506245760943806
78797	-0.012601554221279	-0.0025728142854284	1.3375753269708277e-05	0.0025861900386981	Ndor1	neither	0.4973955516394956
52463	-0.0025895754085666	-0.0025661814882245	-0.0026085284614252	-4.234697320066932e-05	Tet1	neither	2.8421959855827708
170799	0.009901439231426	-0.002555227399669	-0.0003746007667753	0.0021806266328936	Rtkn2	neither	-0.63206132446284
12162	0.0045959286573822	-0.0025503830698784	-0.0004140998837032	0.0021362831861752	Bmp7	neither	-1.0171651864001163
18595	-0.0086021581398884	-0.0025288939992746	-0.0084014721298185	-0.0058725781305438	Pdgfra	neither	0.6659999808761475
103711	0.009802471952582	-0.0025070965861727	-0.0097544882369594	-0.0072473916507866	Pnpo	neither	-0.6905968610159405
69487	-0.0037302144684479	-0.0025046614119241	-0.0041269024039853	-0.0016222409920611	Ndufaf5	neither	1.9049477516073885
55985	0.0039966970602652	-0.0024759857070571	-0.0009685780038697	0.0015074077031873	Cxcl13	neither	-1.5261735115096544
20893	0.0061395216515705	-0.0024656084666127	-0.0005507283509445	0.0019148801156681	Bhlhe40	neither	-0.9880728743065904
12142	0.0034672677064413	-0.0024396103723274	-0.0010302143525828	0.0014093960197446	Prdm1	neither	-1.7373854047800188
234740	-0.0077403066953391	-0.0024256464468284	0.0008083470771959	0.0032339935240244	Tmem231	neither	0.9783077459505982
16776	0.0057541760199107	-0.0024018272943669	-0.0012093295888631	0.0011924977055037	Lama5	neither	-0.8672046023691661
218772	0.001716457023863	-0.0023890909504151	-0.0014958054859838	0.0008932854644313	Rarb	neither	-1.415137198125533
93761	-0.0046557092215254	-0.0023817877149309	0.0030704349100075	0.0054522226249385	Smarca1	neither	0.5346348211761167
20856	0.0042816150779381	-0.0023691740295888	-0.0014277028921687	0.0009414711374201	Stc2	neither	-1.1776053201091594
12227	0.0035194256547509	-0.0023651770755359	-0.0003693767526339	0.001995800322902	Btg2	neither	-1.7075483781004404
64293	0.0027208646524248	-0.0023258640638254	-0.0007524745285983	0.0015733895352271	Stk32b	neither	-1.9305683576689143
11717	0.0047922166874169	-0.0023256916208849	-0.0028667193304619	-0.0005410277095769	Ampd3	neither	-1.1560196440884865
21987	0.0053638842751321	-0.0023105244375627	-0.001154139005715	0.0011563854318477	Tpd52l1	neither	-1.073992175325443
104943	0.003000564844127	-0.0023029625261542	-0.0024263532183332	-0.000123390692179	Fam110c	neither	-1.686759724791321
24001	0.0059183912313932	-0.0022941256998086	-0.0027162078996639	-0.0004220821998552	Tiam2	neither	-0.9160433350842686
67795	0.0018137066172813	-0.0022637895242163	-0.0015248262213705	0.0007389633028458	Rnls	neither	-1.9873279947026024
18933	0.0039935736715475	-0.0022464917244679	-0.0018181603158131	0.0004283314086548	Prrx1	neither	-0.6710980846035599
224938	0.003616742481379	-0.0022362188625757	-0.0012082361817294	0.0010279826808463	Pja2	neither	-1.5905373883574006
76866	-0.0068738050320283	-0.0022241420821897	0.0008754625799355	0.0030996046621252	Morn1	neither	0.2713135196552886
20528	-0.0028735325913163	-0.0022104997524995	-0.0028186305596774	-0.0006081308071778	Slc2a4	neither	1.11381242527261
223864	0.0023912778188218	-0.0022064871258314	-0.001822797309289	0.0003836898165424	Rapgef3	neither	-1.3775878849278014
52009	0.0066003997543273	-0.0021974599229834	-0.0011266506694655	0.0010708092535178	Jpt2	neither	-0.8098078676699417
226591	-0.0020692551011047	-0.0021850571776477	-0.0011367498699645	0.0010483073076832	Tiprl	neither	3.147064984459959
53321	0.0050154147036	-0.0021760107933282	-0.000863887451079	0.0013121233422492	Cntnap1	neither	-1.0580707273990058
20613	-0.0047248607329138	-0.0021748573043607	-0.0013523269213944	0.0008225303829662	Snai1	neither	1.311164414983596
66673	0.0048331561953118	-0.0021690832616584	-0.001995456698647	0.0001736265630113	Sorcs3	neither	-0.8577775122059871
223435	0.0033848293786587	-0.0021461540696302	-0.0008084290457829	0.0013377250238472	Trio	neither	-1.5443688082635858
12972	0.0033009763849929	-0.0021339923288007	-0.002837841447222	-0.0007038491184213	Cryz	neither	-0.5801551060897381
207565	-0.0089190075489276	-0.0021189641025919	-0.0019078194298864	0.0002111446727055	Camkk2	neither	0.4344823817432558
26411	-0.0071466725426052	-0.0021105651584587	0.0010076901686209	0.0031182553270796	Map4k1	neither	0.598245344395009
18791	0.0038581120048062	-0.0020848499135559	-0.0014766644497176	0.0006081854638383	Plat	neither	-1.4519603370720953
207495	0.0047323492304439	-0.0020681183552197	-0.0026031832944516	-0.0005350649392318	Baiap2l2	neither	-0.6733160441218693
53418	0.0046350872810782	-0.0020477498726123	-0.0017864079594226	0.0002613419131896	B4galt2	neither	-1.0681942575689674
434130	-0.0082506819033915	-0.0020435221581969	1.4647531607040932e-05	0.002058169689804	Ccdc8	neither	0.2854126140196819
20515	0.0077288996886011	-0.0020254903384185	0.0003834518745267	0.0024089422129453	Slc20a1	neither	-0.584707687965017
105675	0.0056388089721713	-0.0020011422197312	0.0009634086746256	0.0029645508943569	Ppif	neither	-0.9457997054264814
11513	-0.0051044220868954	-0.001996975016474	-0.0049591690705351	-0.002962194054061	Adcy7	neither	0.7805943468202137
30954	0.0060955857995219	-0.0019893620197024	7.458929840395498e-06	0.0019968209495428	Siva1	neither	-0.6720412710214481
12183	0.003607809762465	-0.0019856938891309	-0.0006684428964396	0.0013172509926913	Bpgm	neither	-1.2722501227731622
194655	0.0109910188991393	-0.0019786377736664	-0.0031229299337817	-0.0011442921601153	Klf11	neither	-0.3507976029900622
58226	0.0059348267349075	-0.0019544810019739	-0.000333605176475	0.0016208758254989	Cacna1h	neither	-0.6819482210239354
14595	-0.0036051530920514	-0.0019544564727028	-0.0020626911242084	-0.0001082346515055	B4galt1	neither	1.5256590945600763
116939	0.0031108281050702	-0.0019451707645921	-0.0040436466262643	-0.0020984758616721	Pnpla3	neither	-1.0998907926573804
17897	-0.0026570987257376	-0.0019349758532407	-0.0014474039476794	0.0004875719055612	Myl3	neither	0.4752819251233499
65964	0.0055089218872454	-0.001926428214139	-0.0011470663872003	0.0007793618269386	Map3k20	neither	-0.8006618824031664
58994	-0.0038191031848101	-0.0019116620391314	-0.0021285062797231	-0.0002168442405917	Smpd3	neither	0.9404094068126176
16373	0.0053907611700252	-0.0019051574533862	0.0016891765027497	0.003594333956136	Irx3	neither	-0.7313734913406118
245049	0.0033006711428191	-0.0018991336666979	-0.0022405407894648	-0.0003414071227669	Myrip	neither	-1.334877736646954
14229	0.0118376923474065	-0.0018738603652011	0.0020966808180634	0.0039705411832645	Fkbp5	neither	-0.2687906894878129
239743	-0.0055186633363872	-0.0018707468360276	-0.0002084621530729	0.0016622846829547	Klhl6	neither	0.8745480498472441
22393	0.0017652409909828	-0.0018661032964589	-0.0015618521049738	0.0003042511914851	Wfs1	maternal	-2.5137488727612944
20475	-0.0023391652683205	-0.0018634606060035	0.000761429298081	0.0026248899040845	Six5	neither	0.7760229687448639
20216	0.0044060653832232	-0.0018431447647411	-0.0008245888256952	0.0010185559390458	Acsm3	neither	-0.4524517963437194
66395	0.0061014225909711	-0.001831121303025	0.0022274999726501	0.0040586212756752	Ahnak	neither	-0.7437071617733119
109254	0.0026360720055703	-0.0018128964839614	-0.0015237473415129	0.0002891491424485	Adtrp	neither	-1.7753614165637217
218763	-0.0043364374205868	-0.0018124637220375	0.002005469040761	0.0038179327627986	Lrrc3b	neither	0.5591175479549376
21823	0.0053989161642781	-0.0018058130747375	0.000257007233694	0.0020628203084315	Th	neither	-0.8316337681717397
338370	0.0077765876121573	-0.0018015390631441	-0.0042307935276419	-0.0024292544644978	Nalcn	neither	-0.4743442239355616
12971	0.0019979133332783	-0.0017959957438543	-0.0014094121734829	0.0003865835703713	Crym	neither	-2.188693751989683
22042	-0.0018325817130129	-0.001781895656149	-0.0015196572833711	0.0002622383727779	Tfrc	neither	2.908618441307865
58198	-0.0053294420255087	-0.0017778156683436	-0.0052530312413397	-0.003475215572996	Sall1	neither	0.482435795591248
71839	0.0022966660529638	-0.0017734761294532	-0.0015778421643085	0.0001956339651447	Osgin1	neither	-1.4383725748589218
245684	0.0112433893505365	-0.001760971688336	-0.002146397579263	-0.000385425890927	Cnksr2	neither	-0.3075132799360578
192216	0.0102290707136155	-0.0017605526000127	0.0024973142317056	0.0042578668317183	Tmem47	neither	-0.3768741991510323
13643	-0.0057931785726445	-0.0017579609818678	-0.0014248022134633	0.0003331587684045	Efnb3	neither	0.4775329543361176
381157	0.0121847614155514	-0.0017567514221227	0.0057113542033617	0.0074681056254844	Greb1l	neither	-0.2997376836061153
18164	-0.0025015946564734	-0.0017550887921691	-0.0036437443452674	-0.0018886555530982	Nptx1	neither	0.741789409622306
241525	-0.001718847003135	-0.0017519314113266	-0.0019654060662017	-0.0002134746548751	Ypel4	neither	0.9665292269408876
231130	-0.0038553976596541	-0.001736499029602	-0.0006424845976811	0.0010940144319209	Tnip2	neither	0.8609544744189652
207521	-0.0049784834466942	-0.0017284029084131	-0.0019644122975047	-0.0002360093890916	Dtx4	neither	0.431107932255734
272465	0.0013128896888041	-0.0017254450930617	-0.0014276972326697	0.000297747860392	Tmem255b	neither	-2.938779170066218
68631	0.0030491731921466	-0.0017223217242668	-0.0021390045079883	-0.0004166827837215	Cryl1	neither	-1.5404666732218353
56737	0.0052090766218717	-0.0017167233762366	-0.0003317710262927	0.0013849523499438	Alg2	neither	-0.7537326473910472
387314	0.0055743416426519	-0.001699743611996	-2.380074366868686e-05	0.0016759428683273	Tmtc1	neither	-0.6480834098711648
231238	-0.0072045602811646	-0.001689119863008	0.0004368494316197	0.0021259692946278	Sel1l3	neither	0.2547356817242288
70466	-0.0040263900443725	-0.0016841225797874	3.339069900494508e-05	0.0017175132787923	Ckap2l	neither	1.2467768241474282
14917	0.0026693707033887	-0.0016820845834922	3.124237599229176e-05	0.0017133269594845	Gucy2c	neither	-1.187435494817392
13685	-0.0090876729400328	-0.001667718490904	-0.0046923480121469	-0.0030246295212429	Eif4ebp1	neither	0.593828219716369
13809	0.0038047492033331	-0.0016567378781808	-0.0016992022081464	-4.246432996553046e-05	Enpep	neither	-0.6923248230975054
228775	-0.0021459013234134	-0.0016225103337612	-0.0019191684475902	-0.0002966581138289	Trib3	neither	1.897730838693079
59030	-0.0075628284356263	-0.0015982792508233	0.0008351607602236	0.0024334400110469	Mkks	neither	0.641787367524297
20393	-0.0072317063633319	-0.0015834569129705	-0.0019548832152293	-0.0003714263022588	Sgk1	neither	0.7030407551796662
353282	-0.003042383817519	-0.0015697865935612	-0.0024940076766858	-0.0009242210831246	Sfmbt2	neither	1.0067971049575752
210356	0.0022911233205895	-0.0015695206765167	-0.0008181089909505	0.0007514116855661	Nckap5	neither	-1.68240183423316
319582	-0.0022553017710975	-0.0015669445129225	-0.0005167113560065	0.0010502331569159	Trmt9b	neither	1.1328680839745051
73683	-0.001977538171934	-0.0015614409677775	-0.0011728448336042	0.0003885961341733	Atg16l2	neither	1.6534919814774232
13082	0.0042102606394801	-0.0015504184475914	0.0008224091824386	0.0023728276300301	Cyp26a1	neither	-0.9600879579545446
98256	-0.0108755571010303	-0.0015498528433176	-0.0026858861166343	-0.0011360332733167	Kmo	neither	-0.0091228526336578
20354	-0.0074931884884466	-0.0015489371604571	-0.0004946359007972	0.0010543012596599	Sema4d	neither	0.5525349518631228
100978	0.0028385827990852	-0.0015481826382985	-0.002026844841617	-0.0004786622033184	Nfxl1	neither	-1.3920542185012628
78908	0.0042594663390151	-0.0015388953145026	-3.424993012904786e-06	0.0015354703214897	Igsf3	neither	-0.8112945981707027
232223	0.0019851864614795	-0.001517300088967	-0.0003904717234148	0.0011268283655521	Txnrd3	neither	-1.7143673574009717
231503	-0.0011580490131977	-0.001514704253556	-0.0005827608000196	0.0009319434535363	Tmem150c	neither	3.377982650013876
110075	0.0036557315052644	-0.0015063298839098	-0.0013605840179773	0.0001457458659325	Bmp3	neither	-0.3372723119538873
58206	0.0050584496050834	-0.001504979160528	-0.0027914009230888	-0.0012864217625608	Zbtb32	neither	-0.6709976881070181
23876	0.0015531274289997	-0.0015002330015878	-0.000325871182722	0.0011743618188657	Fbln5	neither	-0.9677687149142808
22228	-0.0053147142050549	-0.0014898983233926	-0.0023846718020818	-0.0008947734786891	Ucp2	neither	0.392563435437763
12373	0.0025110662445923	-0.0014894131045719	-0.0008725035730285	0.0006169095315434	Casq2	neither	-1.4602732504547822
70717	0.0103892609265486	-0.0014892507651125	0.0026527528444188	0.0041420036095313	Medag	neither	-0.2617722314944016
233744	0.003880022442686	-0.0014765442536565	0.0001626146656244	0.0016391589192809	Spon1	neither	-0.8350763654438494
104156	-0.0016290618157138	-0.0014751651481749	-0.0010703585502595	0.0004048065979153	Etv5	neither	2.2995652810645746
28113	0.0062141185799648	-0.0014576844206002	0.000531774309165	0.0019894587297652	Tinf2	neither	-0.5483209286959905
83771	-0.0024000069164409	-0.0014571877217824	0.0004082394748466	0.001865427196629	Tas1r3	neither	0.9023805062701684
72568	-0.0061228006380014	-0.0014427037804984	0.000930830931547	0.0023735347120455	Lin9	neither	0.8132923580702923
320696	0.0025394491662286	-0.0014295045253862	0.0008076323319099	0.0022371368572962	Ccdc158	neither	-1.348879732773279
19273	0.0040220338596236	-0.0014153870948106	0.0005156190590433	0.001931006153854	Ptpru	neither	-0.2971852037615446
432530	0.0021488379541261	-0.0014108575034423	-0.00125908589357	0.0001517716098723	Adcy1	neither	-1.1613353783240066
239188	0.001352263201315	-0.0014077874522347	-0.0009492226598048	0.0004585647924299	Enox1	neither	-2.752652825329034
19204	-0.0025940996562887	-0.0013919937344985	-0.0004104903455448	0.0009815033889537	Ptafr	neither	0.8960227764685017
22378	0.0046479549845692	-0.0013850822955301	0.0013415545275653	0.0027266368230955	Wbp2	neither	-0.7071177842391718
77056	-0.003772383063813	-0.0013773934374063	0.0012809266225834	0.0026583200599898	Tmco4	neither	0.9284886300075368
72404	-0.0012370145425532	-0.0013734452396837	-0.0015943773506006	-0.0002209321109169	Wdr44	neither	3.1781621219571536
66421	-0.0050192475774366	-0.0013669768364595	-0.0003636200372815	0.001003356799178	2410004B18Rik	neither	0.91335056106712
14758	-0.0033212227001742	-0.0013513242166958	-0.0001175690821487	0.0012337551345471	Gpm6b	neither	0.1841943335454051
216560	0.0049281641779402	-0.0013469344963104	-0.0018920525848467	-0.0005451180885362	Wdpcp	neither	-0.4088594972384559
16891	-0.0057784640516042	-0.0013408628051204	-0.0036742001787249	-0.0023333373736045	Lipg	neither	0.3558117410056262
240752	0.0046699449701865	-0.0013294084458464	-0.0012363942821544	9.301416369199312e-05	Pik3c2b	neither	-0.6704471920868166
77034	-0.0013047447167564	-0.0013294047108727	-0.0002678992786608	0.0010615054322118	2510039O18Rik	neither	2.4111012679844928
68845	-0.0031334201893406	-0.0013114064143035	0.0019049573747623	0.0032163637890658	Pih1d1	neither	0.8928769667505463
71091	0.0036621688603496	-0.0012956015901901	0.0001379954139222	0.0014335970041124	Cdkl1	neither	-0.6252739039390812
140577	0.0121214170836016	-0.001290674801491	-0.0006347235043221	0.0006559512971688	Ankrd6	neither	-0.1261017532432103
13370	-0.0017617086806428	-0.0012821279848915	-2.061819017338213e-05	0.0012615097947182	Dio1	neither	0.9965190489947846
67758	0.0018350015259774	-0.001258992762685	-0.0009406344994231	0.0003183582632619	Aadac	neither	-1.7287768367344438
56496	0.0040473080111728	-0.0012577366653757	0.0009300678353327	0.0021878045007084	Tspan6	neither	-0.6596371232792053
69219	0.0033595608605545	-0.0012534776144023	-0.0002759152795185	0.0009775623348837	Ddah1	neither	-0.6800313208316167
68039	-0.0057425085014432	-0.0012521276089804	-0.0023182803478753	-0.0010661527388948	Nmb	neither	0.5106280836126695
16971	0.0061061359585741	-0.0012460979893075	-0.0012457523318765	3.456574310240195e-07	Lrp1	neither	-0.4111845820377534
240055	-0.0076384039008041	-0.0012450623931471	0.0002605537569025	0.0015056161500496	Neurl1b	neither	0.2318880650846528
12448	0.0025934795777736	-0.0012423758999798	-0.0005464364566151	0.0006959394433647	Ccne2	neither	-1.1256535468508977
232035	0.0058419629567002	-0.0012423587264248	-0.0015863278982264	-0.0003439691718016	Ccser1	neither	-0.3830524163317217
102502	0.0012903447231001	-0.001240002960875	-0.0005164119245133	0.0007235910363616	Pls1	neither	-2.492534798441609
74387	0.0090099426764952	-0.0012398073590856	-0.0062789499128752	-0.0050391425537896	4932438H23Rik	neither	-0.1831740591505477
27762	-0.005186681476149	-0.0012268568982814	-0.0016640575365586	-0.0004372006382772	Vwa7	neither	0.5200257189591962
19183	-0.001175536136266	-0.0012212252657882	-3.70085836702988e-06	0.0012175244074211	Psmc3ip	neither	2.8805276831233764
76223	0.002443385283829	-0.0012114590228443	-8.742395660210145e-05	0.0011240350662422	Agbl3	neither	-1.1836611781511135
226791	0.0014006026180919	-0.0011902118804672	-0.0008754374451333	0.0003147744353339	Lyplal1	neither	-2.270132587655669
665113	0.0023974912710907	-0.0011896534868963	-0.0002174635098617	0.0009721899770345	Tnik	neither	-1.1168779630955188
14120	0.0023712146753597	-0.0011811188569636	-0.0017083057925007	-0.0005271869355371	Fbp2	neither	-0.8965264012189169
235472	-0.0057677935532337	-0.0011800526580157	-0.0058063839553111	-0.0046263312972954	Prtg	neither	0.3004763905613689
320343	0.0024014320452295	-0.001173213931834	-0.0003599897710962	0.0008132241607377	Lypd6	neither	-1.2340615750923365
211712	0.0022402083855228	-0.0011729684694081	-0.0005012865711239	0.0006716818982842	Pcdh9	neither	-1.3459863926554023
320560	0.0098083421093068	-0.0011723038718194	0.0048492337148663	0.0060215375866858	Dennd5b	neither	-0.1025714764376269
14545	0.0077131092742914	-0.0011657278330094	0.0020799111607533	0.0032456389937628	Gdap1	neither	-0.1760259930321937
14766	0.0049487416734817	-0.001165155485807	-0.0029003326672932	-0.0017351771814862	Adgrg1	neither	-0.5903969196724006
77889	0.0072375675349063	-0.0011638258313707	0.0027297035477838	0.0038935293791545	Lbh	neither	-0.3978782676927554
56526	-0.0022921986257442	-0.0011613100815493	-0.0020170934982084	-0.0008557834166591	Septin6	neither	0.9951039353202
382045	0.0031289150091769	-0.0011533289425612	-0.0018438479881747	-0.0006905190456134	Adgrg5	neither	-0.3689221190539004
17883	0.0057398809596016	-0.0011446569752486	0.0036958741501956	0.0048405311254442	Myh3	neither	-0.0565580393785576
67178	-0.0012509106319127	-0.0011383699670872	-0.0003933583234549	0.0007450116436322	Zmat5	neither	2.5210266016474376
245638	0.0022889932323633	-0.0011367728650855	-0.0001592185576309	0.0009775543074545	Tbc1d8b	neither	-1.1350072838645069
16870	0.0075983812527356	-0.0011353713113879	-0.0025954727479422	-0.0014601014365542	Lhx2	neither	-0.2642749983938943
69684	-0.0038246760532558	-0.0011326938317455	0.0006156546000669	0.0017483484318124	Aarsd1	neither	0.5330751405995569
170706	-0.0027578140580678	-0.0011165477255029	-0.0038976337219305	-0.0027810859964275	Tmem37	neither	0.8062605296381963
242297	0.0015144357903715	-0.0011077565522247	-0.0014994061250555	-0.0003916495728308	Fam110b	neither	-0.9966914848241912
13869	0.0019792244283782	-0.0010977161921151	-0.0003320544391263	0.0007656617529887	Erbb4	neither	-1.0317549784828215
320139	-0.0029167334948454	-0.0010940018094438	-0.0013707306348275	-0.0002767288253836	Ptpn7	neither	0.5064214024553109
240023	-0.0010850835575919	-0.0010895207142569	-0.0007311063223414	0.0003584143919155	Pnldc1	neither	2.6805537040518126
243755	-0.0062252235666035	-0.0010884947847752	-0.0029466972688854	-0.0018582024841102	Slc13a4	neither	0.5558282904358585
16772	0.0034705766213741	-0.001084523287595	-9.650138566743164e-05	0.0009880219019276	Lama1	neither	-0.709367281466484
238257	0.0046193012286029	-0.0010841108199514	-0.000994019656319	9.009116363244793e-05	Tmem30b	neither	-0.4401231476766787
72902	0.0028695798600114	-0.0010799775338766	-0.0003030806821226	0.000776896851754	Spock3	neither	-0.8555295041476325
19225	-0.0021456692578609	-0.0010769131147631	-0.0006619836010726	0.0004149295136904	Ptgs2	neither	0.380199604851153
12482	0.0014619519121043	-0.0010609126968796	-0.0003020583802293	0.0007588543166502	Ms4a1	neither	-1.8641488896944065
78177	-0.0016294265474739	-0.0010505042823033	-0.001359909464312	-0.0003094051820087	Ninl	neither	1.2467854735287414
75597	0.0018219025099965	-0.0010472933307332	-0.0008972732245235	0.0001500201062096	Ndufaf2	neither	-1.4087728206101944
67512	0.0043294545821557	-0.001042940660047	-0.0019436360789934	-0.0009006954189464	Agpat2	neither	-0.6092043355843021
75869	-0.0107981182833404	-0.0010319860360776	-0.0031838078971852	-0.0021518218611075	Arl5b	neither	0.3641501730131236
19057	0.0022106274506618	-0.0010314862946425	-0.0001051040551769	0.0009263822394656	Ppp3cc	neither	-0.9847374924384104
244895	0.0036713798046242	-0.0010210277581208	0.0006706939686743	0.0016917217267951	Peak1	neither	-0.5294400460558978
107448	0.0053743093173577	-0.0010045629322284	-0.0032041123395988	-0.0021995494073704	Unc5a	neither	-0.2067580434737687
27660	-0.0029625392178021	-0.0010023082946827	-0.0008934848773612	0.0001088234173214	1700088E04Rik	neither	0.8038889139588383
223774	-0.0068710969122901	-0.0009975849995438	0.0008843417680654	0.0018819267676093	Alg12	neither	0.3628257803406711
71228	0.0057919791226868	-0.0009838093419008	-0.0045216465674264	-0.0035378372255256	Dlg5	neither	-0.3709485860312608
19260	0.0014479676940967	-0.0009797472613351	-0.000305171174894	0.000674576086441	Ptpn22	neither	-1.7130565917617293
214663	-0.0042380212881834	-0.0009764441048892	0.0002306948989033	0.0012071390037925	Slc25a29	neither	0.1630626966519438
110033	-0.0015497550106404	-0.0009717649314547	-2.393019642333727e-05	0.0009478347350314	Kif22	neither	1.835389776270084
68067	0.0032057174910675	-0.0009640358053424	-0.0030381531166932	-0.0020741173113508	Mrnip	neither	-0.9309914324773793
15490	0.0024646349060037	-0.0009625786161244	-0.0007995759102323	0.0001630027058921	Hsd17b7	neither	-1.0206937822719782
75593	-0.0021949280008066	-0.0009478490302535	-0.0004982361336136	0.0004496128966398	Malsu1	neither	1.199726370510886
54131	-0.0015282698995234	-0.0009451172637958	0.0008967616325199	0.0018418788963157	Irf3	neither	1.342174429888409
101497	-0.0043348631827155	-0.0009424867259378	-0.000780554839456	0.0001619318864818	Plekhg2	neither	0.3572220880219765
381511	0.0011853207353457	-0.0009386970639751	-0.0004999880887816	0.0004387089751934	Pdp1	neither	-1.9896175199711728
52585	0.0007653805797685	-0.0009282816491231	-0.0009846169698381	-5.6335320714982914e-05	Dhrs1	maternal	-3.2472857089481235
63954	-0.0017077621314314	-0.0009248635209961	-0.0018329682486299	-0.0009081047276338	Rbp7	neither	1.3333856906227
320664	0.0025892153335907	-0.0009231451438016	0.0005059807940367	0.0014291259378383	Cass4	neither	-0.3275280956442821
15932	-0.0040334547502544	-0.0009224467912214	0.0012982809197038	0.0022207277109252	Idua	neither	0.6872502571099289
108153	0.0039993485799083	-0.0009182552678038	0.0022523021877643	0.0031705574555681	Adamts7	neither	-0.3429308319710103
22031	-0.019281953812954	-0.0009173467949123	0.0020502446352677	0.00296759143018	Traf3	neither	0.1261773176608347
244954	-0.0060960229780084	-0.0009155402696662	0.0014296096043423	0.0023451498740086	Prss35	neither	0.2671970892676789
56358	0.001321966073617	-0.0009149078994196	-0.0002758838471167	0.0006390240523029	Copz2	neither	-1.6942882391630607
70546	-0.0021106744896014	-0.0009145822294041	-0.0004795993429808	0.0004349828864232	Zdhhc2	neither	0.416594192514889
12307	0.0011861948664377	-0.00091144042372	-0.0005570850174901	0.0003543554062298	Calb1	neither	-1.9289163205610764
14681	0.0079182702703053	-0.0009062290890925	-0.0031561068418532	-0.0022498777527606	Gnao1	neither	-0.1946732548535596
22029	-0.0043857622031602	-0.0009018694307029	-0.0002442375625817	0.0006576318681212	Traf1	neither	0.1181512879409955
240185	-0.0166519600190286	-0.0008981528297111	-0.0011040077826779	-0.0002058549529668	Jcad	neither	0.1379480501557431
245269	-0.0050259420623895	-0.0008980525167753	-0.0021886142024837	-0.0012905616857084	Nim1k	neither	0.3867098703152311
106042	0.0076555078610391	-0.0008958475247335	0.0003254730621501	0.0012213205868837	Prickle1	neither	-0.0777890527053668
13867	-0.0015433665414137	-0.000891527149471	-0.0016312404271477	-0.0007397132776766	Erbb3	neither	1.493119495256349
13175	-0.0032516932001666	-0.0008782660881941	-0.0010474531103467	-0.0001691870221525	Dclk1	neither	0.1935930421901972
20616	0.0021855165984349	-0.000872036687153	0.0003917750593845	0.0012638117465375	Snap91	neither	-0.966970566233076
83946	0.0024461748863189	-0.0008666424888453	-0.0003795506599936	0.0004870918288516	Phip	neither	-0.8233905107763658
11745	0.0024201405795673	-0.0008614422056175	0.0012063524644459	0.0020677946700635	Anxa3	neither	-0.29293769002687
14012	-0.0017690566938174	-0.0008589576403911	-0.0010008150610498	-0.0001418574206587	Mpzl2	neither	1.2201360553723473
244058	-0.0014307322266055	-0.0008423425273035	-0.0012090728509193	-0.0003667303236158	Rgma	neither	0.6731725147948098
218271	-0.0032711914956202	-0.0008324061930556	-0.0013192815372202	-0.0004868753441646	B4galt7	neither	0.7435753022465427
23821	-0.0059689713279545	-0.0008314199922704	1.9786510296717507e-05	0.0008512065025671	Bace1	neither	0.4673885890338355
53324	-0.0020589467764193	-0.0008282552987335	0.0005174310769097	0.0013456863756432	Nptx2	neither	1.1376091614409838
171531	0.00221587513073	-0.0008249467748394	-0.0012525462006339	-0.0004275994257944	Mlph	neither	-0.7885684071856635
229658	-0.007117063389499	-0.0008217049425766	-0.0028299816207428	-0.0020082766781661	Vangl1	neither	0.0233709941078435
622434	-0.0021273874739582	-0.0008172727518622	-0.0008239422086199	-6.669456757647384e-06	Arhgef26	neither	1.2547783610247147
76566	-0.000723289339593	-0.0008081031358995	-0.0006126673269655	0.0001954358089339	Rflnb	zygotic	2.4673270235682265
232821	-0.0032634807311706	-0.0008062907726816	9.258174170816372e-05	0.0008988725143897	Ccdc106	neither	0.6320383501020196
13823	0.0017732467194543	-0.0007784010170565	0.0003352524220668	0.0011136534391233	Epb41l3	neither	-1.127880229074916
103967	0.0012587139662107	-0.0007719805400725	-0.0002431481112167	0.0005288324288558	Dnm3	neither	-1.4579622890033062
110385	-0.0020277436991259	-0.0007685033257862	-0.0005778056568853	0.0001906976689009	Pde4c	neither	0.8776422975531516
54650	0.0011701297872947	-0.0007626124049328	-0.0003200286071769	0.0004425837977559	Sfmbt1	neither	-1.5987006336861247
16438	0.0047316770158215	-0.0007580026530303	-0.0004253486964982	0.0003326539565321	Itpr1	neither	-0.2821894237376594
110197	0.0013422596973942	-0.0007465551556048	4.913562549837815e-05	0.0007956907811032	Dgkg	neither	-0.9540754128739242
213760	0.0010517382701854	-0.0007456329461264	-0.0005704303281799	0.0001752026179464	Prepl	neither	-1.7485033173794469
208213	0.0028236297048986	-0.0007450682385336	-0.000334074344337	0.0004109938941965	Tmem132c	neither	-0.5822451485029015
14027	0.0032361659784272	-0.0007430593578126	0.000770962976779	0.0015140223345917	Evpl	neither	-0.2347774130133034
14281	0.0009186966770447	-0.0007413485298083	-0.0002722440657434	0.0004691044640649	Fos	neither	-0.9985935695548956
214580	0.0018471252981068	-0.0007395010991771	0.0007141971128013	0.0014536982119785	Pstk	neither	-0.9621649838776914
240913	0.0026045172568846	-0.0007346381817914	-0.0004842057859974	0.0002504323957939	Adamts4	neither	-0.6186548425368212
68440	0.0022087737123438	-0.0007346032509185	-0.0003833124439406	0.0003512908069778	Dusp23	neither	-0.8222482387597175
78100	0.0024589243559444	-0.0007225021319568	-0.0001626437269718	0.000559858404985	Msantd4	neither	-0.7077497482630576
66902	0.000771345706854	-0.0007123617990687	-0.000673382243636	3.8979555432737205e-05	Mtap	neither	-2.4580745838841467
66591	-0.0033083463629748	-0.0007104651417192	-0.000970740707499	-0.0002602755657797	Mad2l1bp	neither	0.8752473292080754
271786	0.0009083580889922	-0.0007045334884992	-0.0005492388530044	0.0001552946354948	Galnt13	neither	-1.561096376942113
23985	-0.0045532260922048	-0.0007017980329357	-0.0053815474484402	-0.0046797494155045	Slc26a4	neither	0.2267884747866844
26874	0.006828872779183	-0.0006982354469314	0.002437280313064	0.0031355157599955	Abcd2	neither	-0.1550240244245243
22640	-0.0010380003794355	-0.0006937132788213	-0.0003292993281412	0.00036441395068	Zfp1	neither	1.8101525831567136
13195	-0.0024771269372937	-0.0006930405578533	-0.0016367283120137	-0.0009436877541604	Ddc	neither	0.5246298216786902
214106	-0.0010751992112403	-0.0006912034293699	-0.0006385011510647	5.270227830517487e-05	4933430I17Rik	neither	1.4521387004654616
19099	-0.0020227744971823	-0.0006844507092006	-0.0008442969946397	-0.000159846285439	Mapk8ip1	neither	0.5286175395376469
227059	0.0032357594128017	-0.0006751602834494	-0.0001648493125821	0.0005103109708673	Slc39a10	neither	-0.3479857018990946
69217	-0.0039044720712377	-0.0006723078008528	0.0002382279069014	0.0009105357077543	Plekha4	neither	0.3212093819439841
102545	-0.002247351357383	-0.0006666582620581	-0.0013848574529158	-0.0007181991908576	Cmtm7	neither	0.6231209752541778
77505	-0.0038036660445294	-0.0006591985936089	0.0014140396380742	0.0020732382316832	Dnhd1	neither	0.1306085759904104
216527	-0.0018883295630187	-0.0006553866569714	-0.0002321827395705	0.0004232039174008	Ccm2	neither	0.7283632338413378
14251	0.0029964890273323	-0.0006512948494893	-0.0014550905178134	-0.0008037956683241	Flot1	neither	-0.4904154994862559
11601	0.0039694144933767	-0.0006321514944171	-0.0026612937054245	-0.0020291422110073	Angpt2	neither	-0.442523376721591
110310	-0.0042757593967375	-0.0006303320375343	-0.0023810837828922	-0.0017507517453579	Krt7	neither	0.4583896120047646
235041	0.0021154732238451	-0.0006282769327858	-0.0017143424935875	-0.0010860655608017	Kank2	neither	-0.6952254415653701
13170	-0.002074180488864	-0.0006220902971019	-0.0007013042427451	-7.921394564322222e-05	Dbp	neither	0.9483769247309264
18712	-0.0012239177320744	-0.0006198695685545	-0.0002099011511647	0.0004099684173897	Pim1	neither	1.4497737774235202
231724	-0.0020106571332046	-0.0006055340272903	-0.0013074906480156	-0.0007019566207253	Rad9b	neither	0.7895823899709044
240058	-0.0020606292237137	-0.0005831183640659	-0.0008142847027061	-0.0002311663386401	Cpne5	neither	0.6918424165219048
76547	-0.0006754156420136	-0.0005807136639719	0.0001335204170438	0.0007142340810158	Tmem101	neither	1.2597292613804465
99512	0.0015303992770483	-0.0005800727043795	-0.0002231176078894	0.0003569550964901	Wdr47	neither	-0.8869411227173147
329502	0.0100359991032139	-0.000573455843454	-0.0008819365205064	-0.0003084806770524	Pla2g4e	neither	-0.1421908089757463
241494	0.0009785828085575	-0.0005687717858374	-0.000296549061734	0.0002722227241034	Zfp385b	neither	-1.287690930770233
12795	-0.0016214016991517	-0.0005678139155758	-0.0004517219670652	0.0001160919485106	Plk3	neither	0.8411608799369059
665563	0.0065751230362238	-0.0005668473657991	-0.0022393489686325	-0.0016725016028333	Mthfd2l	neither	-0.1908030893577337
67295	-0.0020168565722623	-0.0005630786672467	-0.0003870382406641	0.0001760404265826	Rab3c	neither	0.3742404988993256
22376	-0.001089399298402	-0.0005627498235087	-0.0001234903541214	0.0004392594693872	Was	neither	1.0450215007847254
216292	0.0016084341496701	-0.0005595893679814	-0.0013128002407949	-0.0007532108728135	Mettl25	neither	-0.8133143460533295
107513	0.0020455595606778	-0.0005589941621113	-0.0006714696172931	-0.0001124754551817	Ssr1	neither	-0.6439265009828381
245945	-0.0048483369797794	-0.0005571359785146	-0.0013042272713388	-0.0007470912928241	Rbm47	neither	0.4879906147275865
56316	-0.0070668931434766	-0.0005552094698084	0.0004112925028473	0.0009665019726557	Ggcx	neither	0.0818808550062015
12477	0.0039026845308445	-0.0005551498205785	-0.0018740775279117	-0.0013189277073332	Ctla4	neither	-0.2611549553107143
19734	0.0019986047155409	-0.0005513498428761	0.0006364515601176	0.0011878014029937	Rgs16	neither	-0.253319921892462
320865	0.0030571058347324	-0.0005412405923051	-0.0014046236615207	-0.0008633830692156	Cdh18	neither	-0.6696270468506591
74694	0.0009589745296348	-0.000540746129977	-0.0006900236489831	-0.000149277519006	Tbc1d30	neither	-1.0192125358308484
240261	0.0021045350143351	-0.0005380804076164	-0.0013358790713923	-0.0007977986637759	Ccdc112	neither	-0.6715452550774105
229595	-0.0018679085529802	-0.0005271238715604	0.0003682383383175	0.000895362209878	Adamtsl4	neither	0.4801868842747359
21652	0.0031997481346069	-0.0005176766651343	-0.0004079966913006	0.0001096799738337	Phf1	neither	-0.2975737640037112
74386	0.0016075355822	-0.0005141881947512	-0.0003479303087539	0.0001662578859973	Rmi1	neither	-0.806430055512456
16007	0.0048639311053445	-0.0005129420684137	0.0003794543441706	0.0008923964125843	Ccn1	neither	0.0111919478915141
22359	-0.0012225924242933	-0.0005124018618341	-0.0011301718799537	-0.0006177700181196	Vldlr	neither	0.7895385856881232
18413	-0.0005066821483293	-0.0005023746435875	-0.0003736112262134	0.000128763417374	Osm	neither	1.098597376786926
321007	0.0023083330957763	-0.0004958074813048	-0.000616568351892	-0.0001207608705872	Serac1	neither	-0.3766315642046485
13400	0.0034126889683893	-0.000490003472507	-0.0004566559376211	3.334753488594693e-05	Dmpk	neither	-0.2623805763123608
15213	0.0015118743554934	-0.0004880832075446	0.0001120111686741	0.0006000943762187	Hey1	neither	-0.7804544296044471
52906	0.0026810750878427	-0.0004850266636583	-0.0005511585433466	-6.613187968836082e-05	Ahi1	neither	-0.3224837398305693
235402	-0.0025351709997859	-0.0004833362794602	-0.0005515702232364	-6.823394377612876e-05	Lingo1	neither	0.3864784505797659
17060	0.0032874114924015	-0.0004822978679016	0.0028856289992906	0.0033679268671923	Blnk	neither	-0.360549324712803
21940	-0.0073410363036049	-0.0004784091117151	-0.0005064515797501	-2.8042468034931544e-05	Cd27	neither	0.005247894194668
230721	-0.0020749508132526	-0.0004698610665295	0.0005237785788692	0.0009936396453987	Pabpc4	neither	0.8810539139498282
225825	0.0005078507302929	-0.0004687967704902	-0.0004168280545959	5.196871589430017e-05	Cd226	neither	-1.7756384394891822
66824	-0.0010493031651035	-0.000458032070229	-0.0004667041558643	-8.672085635283953e-06	Pycard	neither	0.392868029317571
73852	0.0063915264915353	-0.0004570397290216	-0.0009134697786332	-0.0004564300496116	D3Ertd751e	neither	-0.1554531501437589
13363	-0.0010614838431869	-0.0004465662664336	-0.0009889512909083	-0.0005423850244746	Dhh	neither	0.5895670587122608
233878	-0.0005525984113965	-0.0004445434069012	2.622839258898925e-05	0.0004707717994902	Sez6l2	neither	1.4532003703349967
22171	-0.0009303149585737	-0.0004440684828289	-0.0001922600625203	0.0002518084203085	Tyms	neither	1.4011273266010384
18779	0.0010391249890563	-0.0004423687375192	-0.0006708702041773	-0.0002285014666581	Pla2r1	neither	-0.7879905604841033
245020	0.0008883933100928	-0.0004351064949957	-5.262004657023123e-05	0.0003824864484255	Slc35g2	neither	-0.49942458340646
11364	0.0031315530794885	-0.0004331969022296	0.0005476214093842	0.0009808183116138	Acadm	neither	-0.1916987867276516
16658	0.0011455681745916	-0.0004307844907825	0.0010175010989162	0.0014482855896988	Mafb	neither	-0.5221369443129713
219114	-0.0007292270736885	-0.0004264149971215	-0.0003508747468028	7.554025031868687e-05	Ska3	neither	1.7699022681131915
74134	-0.0004551249408279	-0.0004256479343823	0.0001445538206909	0.0005702017550733	Cyp2s1	neither	1.6434489564782062
67163	0.0019987751529852	-0.0004217459488963	-0.0001191680212169	0.0003025779276793	Ccdc47	neither	-0.3944423447819503
23850	-0.0052027439090074	-0.0004184198983722	-0.000788626738856	-0.0003702068404838	Pappa2	neither	0.0172230157561315
381644	0.002515623998463	-0.0004180282623566	0.0001719931019671	0.0005900213643237	Cep135	neither	-0.3161392524585198
29857	0.0049716981375839	-0.0004146321117678	0.0012604473997045	0.0016750795114723	Mapk12	neither	-0.2366489980014734
12298	0.0055443728420321	-0.0004113953403907	0.0014151082486467	0.0018265035890374	Cacnb4	neither	-0.1728186847961485
268902	0.000776779826672	-0.0004042010079239	-0.0001595149194468	0.0002446860884771	Robo2	neither	-1.1403666187788437
544963	0.0004947875837109	-0.0004022032356228	-0.0003612258788835	4.097735673931846e-05	Iqgap2	neither	-2.1090635642484785
13841	-0.005106914732646	-0.0004015303005718	-0.0014667799714691	-0.0010652496708972	Epha7	neither	0.1938275908045702
76217	-0.0012338729172829	-0.0004012055839628	-0.0007044493627026	-0.0003032437787397	Jakmip2	neither	0.6399647279458895
22401	0.0104015670387849	-0.0004005779753168	0.0025058748304944	0.0029064528058113	Zmat3	neither	-0.0200703728500801
78286	0.0006323939724851	-0.0003873431255243	-6.201568229024357e-05	0.0003253274432341	Nav2	neither	-1.462252737127757
76787	-0.0066274050708468	-0.0003859834786384	-0.00153027119364	-0.0011442877150015	Ppfia3	neither	0.1085438646569681
18768	0.0011614129721794	-0.0003858024924312	-6.214853379052357e-05	0.0003236539586407	Pkib	neither	-0.804269805702092
12575	0.0232750687775979	-0.0003805022651371	0.0143245602642468	0.0147050625293839	Cdkn1a	neither	0.0236236297144525
17381	0.0003035694259773	-0.0003733991240222	-0.0002424872534373	0.0001309118705848	Mmp12	maternal	-2.952662369535625
56533	0.0006751355142739	-0.0003715142065685	-8.311721062587908e-05	0.0002883969959426	Rgs17	neither	-1.3329306098528468
108797	-0.0022280513149601	-0.0003708008760294	-0.0015319114841952	-0.0011611106081658	Mex3b	neither	0.4542462812937772
72472	-0.0026769542774594	-0.0003647559038542	-9.938739826677189e-05	0.0002653685055874	Slc16a10	neither	0.5001631829726062
15186	0.0012767381345365	-0.0003644812353601	0.0006383813299897	0.0010028625653499	Hdc	neither	-0.3320100700766403
57344	0.0046512919178934	-0.0003628648750165	0.0022182310072818	0.0025810958822983	As3mt	neither	-0.162898154396819
66972	-0.0013430290511753	-0.0003622752979197	-0.0006945113557264	-0.0003322360578067	Slc25a23	neither	0.8916887809302418
74470	0.0032715657119859	-0.0003609214859463	-0.0001319119520554	0.0002290095338909	Cep72	neither	-0.1995001849694128
22352	0.0064519669796076	-0.0003569325035143	0.0080492603167612	0.0084061928202756	Vim	neither	-0.1173660477899646
64945	0.0052855210336182	-0.0003550006088176	0.0008736800289216	0.0012286806377393	Cldn12	neither	-0.1727758200418816
338403	0.0013368536961442	-0.0003529684087316	0.0001565209252967	0.0005094893340284	Cndp1	neither	-0.572504857539904
77782	-0.0003035151227903	-0.0003504962106412	-7.760778690356008e-05	0.0002728884237376	Polq	neither	3.207804275981861
108899	-0.0007634332110802	-0.0003502539001692	-0.0008686124878947	-0.0005183585877255	2700081O15Rik	neither	0.5575112516770443
236930	-0.0013599569968207	-0.0003483193909432	0.0001620347051429	0.0005103540960861	Ercc6l	neither	0.8333333368694906
14823	0.0008291661961882	-0.0003419990312419	-0.0003683175394663	-2.6318508224360384e-05	Grm8	neither	-0.9784951851799314
14623	0.0006618851137078	-0.0003419507130862	0.000216238014941	0.0005581887280272	Gjb6	neither	-0.4341065510776768
20509	-0.0006291634706259	-0.0003402514343143	-0.0001068118345797	0.0002334395997345	Slc19a1	neither	0.7864593494736181
64340	-0.0035880001080771	-0.0003364973520729	0.0007702284141166	0.0011067257661895	Dhx38	neither	0.3098603371260519
13139	-0.0065760363784251	-0.0003260394346926	-0.0036750979734437	-0.003349058538751	Dgka	neither	0.3495745758761319
11496	0.0033738056804938	-0.0003223449138564	-0.0005709327847648	-0.0002485878709084	Adam22	neither	-0.225383391821067
11600	0.0005205492579753	-0.0003211002031977	-9.833331734024892e-05	0.0002227668858574	Angpt1	neither	-1.1001558662649384
75906	0.0021176019018658	-0.00031707143656	-0.0001916648145544	0.0001254066220056	Fam184a	neither	-0.2755372776115684
20430	-0.0008353777118703	-0.0003168459241736	-2.5501997749894104e-05	0.0002913439264237	Cyfip1	neither	1.1619428173277522
320472	-0.0027642250428269	-0.0003156636066349	0.0004144323450799	0.0007300959517148	Ppm1e	neither	0.3082317941301845
67168	-0.0024642344044495	-0.0003138042931357	-0.0014602565299652	-0.0011464522368295	Lpar6	neither	0.5209302983577391
71279	0.0010822080844695	-0.000310873545137	-4.7998104217622606e-05	0.0002628754409194	Slc29a3	neither	-0.5685140770373375
18584	0.0015519245091677	-0.0003063464089237	-0.0001563762426697	0.000149970166254	Pde8a	neither	-0.4805203289548587
228852	-0.0054356918886461	-0.0003047555455926	-0.0035223916201927	-0.0032176360746001	Ppp1r16b	neither	0.3723743086149637
72748	0.0027519406908945	-0.0002997629387191	0.000494230373014	0.0007939933117332	Hdhd3	neither	-0.2326548812993092
18750	0.0069767696530665	-0.0002986604947301	3.034463510638481e-05	0.0003290051298365	Prkca	neither	-0.1593062686502337
11688	0.0025435968314431	-0.0002936205475893	1.010293344418282e-05	0.0003037234810335	Alox8	neither	-0.2246284278955772
170459	0.0006001768375616	-0.0002908892245395	0.0001279177003394	0.0004188069248789	Stard4	neither	-1.215676694736144
244757	0.0021600227938497	-0.000290216632449	-0.0001282370754686	0.0001619795569803	Glb1l2	neither	-0.3354987227832052
19725	0.0016377170605158	-0.0002854292663224	0.0001020240497977	0.0003874533161202	Rfx2	neither	-0.3961692291216689
634731	-0.001158034532057	-0.0002758386626559	-0.0002630322535503	1.2806409105593991e-05	Susd1	neither	0.5081366811340975
241230	0.0016679575035964	-0.0002733510575475	1.6092768720764033e-05	0.0002894438262683	St8sia6	neither	-0.3328438738456152
216739	0.0015826697576074	-0.0002693428737134	-0.0001207607085518	0.0001485821651615	Acsl6	neither	0.0881991888778262
70551	0.0005284756590021	-0.0002680781049829	-0.0001391205147726	0.0001289575902103	Tmtc4	neither	-1.2030818945662096
19338	0.0011087606525971	-0.0002667085063608	0.000177269429618	0.0004439779359789	Rab33b	neither	-0.4269049675573927
18984	-0.0004677289850941	-0.0002637679696908	0.0001009054048692	0.00036467337456	Por	neither	1.225657922447748
68667	0.001250611300973	-0.0002637148497544	0.0006781406249534	0.0009418554747078	Trpm4	neither	-0.3594632734258677
71240	-0.0009014044302681	-0.0002584911948816	-0.0001438322855252	0.0001146589093564	Osbpl7	neither	0.6334646966232831
12876	0.00129023348044	-0.0002550590665325	-4.2845453810947975e-05	0.0002122136127215	Cpe	neither	-0.3818281890153012
102436	0.0019791140382622	-0.0002539500489411	0.0009085896560387	0.0011625397049799	Lars2	neither	0.0706550835826751
69574	0.0019446246212597	-0.0002489363101557	0.0002760571842111	0.0005249934943668	Cmbl	neither	-0.2254331363354851
21942	-0.0016423505990859	-0.0002446064326699	-0.0008446259236992	-0.0006000194910292	Tnfrsf9	neither	0.2782028816913026
269423	0.0021107358348142	-0.0002414643143594	9.0753042820277e-05	0.0003322173571797	Abhd18	neither	-0.2015463793082496
19087	0.0018459304051558	-0.0002336240839155	-0.0002306469294481	2.977154467459693e-06	Prkar2a	neither	-0.1554253448965795
54725	0.0010425560666997	-0.0002286850364102	-0.0001136117509303	0.0001150732854799	Cadm1	neither	-0.49357916684893
226409	0.0026196064526806	-0.0002241527691584	-0.000357566120935	-0.0001334133517766	Zranb3	neither	-0.1906586242050681
56177	0.0003222290815016	-0.0002224521720965	-0.0001460141561337	7.643801596283917e-05	Olfm1	neither	-1.742906532484844
12287	-0.0012826010088328	-0.0002210499271495	-0.0003683609468344	-0.0001473110196848	Cacna1b	neither	0.1994198358734878
218440	-0.0027615996858228	-0.000218422527041	-0.0026111246448849	-0.0023927021178438	Ankrd34b	neither	0.0434537129319402
11459	0.0021539017868998	-0.0002160660805047	0.0004941149461445	0.0007101810266493	Acta1	neither	-0.1821376696477176
66526	-0.000976888997465	-0.0002152675272971	-0.0002979680382182	-8.270051092103793e-05	Tceanc2	neither	0.6280358062713642
11746	0.0012756968459107	-0.0002122751688456	4.422040951137417e-06	0.0002166972097967	Anxa4	neither	-0.3798796284217059
68479	0.000609132827519	-0.0002121688957957	-0.000445493124683	-0.0002333242288873	Phf5a	neither	-0.7453157021334024
77577	0.0046169457349456	-0.0002118733949743	-0.0017912125529341	-0.0015793391579598	Spns3	neither	-0.0842202954651296
18974	0.000507655707474	-0.0002100883601282	-0.0002821953202387	-7.210696011056086e-05	Pole2	neither	-1.06709974763103
14081	0.0008164402953713	-0.0002032793415728	-3.225190754955502e-05	0.0001710274340233	Acsl1	neither	-0.6020802861732879
330409	-0.0013515279801102	-0.0002026950088107	6.371624505127754e-05	0.000266411253862	Cecr2	neither	0.6899096166527412
16535	0.0019316343281472	-0.0002020237094935	-0.0003328869582769	-0.0001308632487833	Kcnq1	neither	-0.2231794111373987
11927	-0.0022553528566774	-0.0002005277127111	-0.0003515862685467	-0.0001510585558355	Atox1	neither	0.3644925850695004
67198	-0.0032359148175666	-0.000199838231829	-0.0008150612370493	-0.0006152230052202	Spats2l	neither	0.1376871258584283
105439	0.0051152058091766	-0.0001912865453314	0.0010444718042289	0.0012357583495603	Slain1	neither	0.1812019355538389
20656	-0.0017909472494701	-0.0001897411974238	-0.0004405960037455	-0.0002508548063216	Sod2	neither	0.4644850192926433
12842	-0.0015254770435705	-0.0001888341355759	-0.0005526862698424	-0.0003638521342664	Col1a1	neither	0.0611561057783379
50934	0.002924093180386	-0.0001886242545589	0.0008961925859256	0.0010848168404846	Slc7a8	neither	-0.1392676378257177
17345	-0.0011538563094566	-0.0001879957591705	0.000260381933266	0.0004483776924366	Mki67	neither	0.6926073646806891
72585	-0.0011194375224351	-0.0001792681477691	-0.0004079604608106	-0.0002286923130414	Lypd1	neither	0.4012234800521435
66446	-0.0017546603836974	-0.0001788680717731	0.00163874542912	0.0018176135008931	Exosc7	neither	0.4076100339708592
210044	-0.0018429166625334	-0.0001711929361061	0.0002828220353195	0.0004540149714256	Adcy2	neither	0.4661047929145531
209032	-0.0005246124539789	-0.000170771711521	-0.0004504502696907	-0.0002796785581696	Zc3hav1l	neither	0.6599609171546892
14313	-0.0049734358565739	-0.0001657301422663	-0.003231735938951	-0.0030660057966847	Fst	neither	-0.0952418086064538
319520	0.0005273626898562	-0.0001653161962901	0.0002448614424643	0.0004101776387544	Dusp4	neither	-0.4589523614422778
319266	0.0033206083451662	-0.0001594980307369	0.0013722433531697	0.0015317413839066	A130010J15Rik	neither	-0.0487365682100416
22249	0.0058090955608042	-0.000157699414089	-0.0009943385632768	-0.0008366391491877	Unc13b	neither	0.0627685251007188
68642	-0.0017516443746837	-0.000155107507817	0.0003532024909798	0.0005083099987969	Tmem216	neither	0.368945572440938
12550	0.0018985996381031	-0.000153953306766	0.0003704316175485	0.0005243849243145	Cdh1	neither	-0.1136015930410646
14419	-0.0031341042953762	-0.0001536456256729	-0.0021323614659849	-0.0019787158403119	Gal	neither	-0.1400609676188851
57340	0.0014506471849769	-0.0001512837317299	-0.0002415424952428	-9.025876351283742e-05	Jph3	neither	-0.1731524787623924
12494	-0.0015554217751928	-0.0001504619699491	-0.0010414047596633	-0.0008909427897142	Cd38	neither	0.1670701463785511
12931	0.0008341359136735	-0.0001475208633599	-0.0001960520764988	-4.8531213138837024e-05	Crlf1	neither	-0.4200175637131739
105239	-0.0002503838321787	-0.0001470308048171	0.0001144384567369	0.000261469261554	Rnf44	neither	1.7390244938788797
14675	0.0001510872888351	-0.0001429633380197	-6.197939847269943e-05	8.098393954707208e-05	Gna14	neither	-2.4713147058271705
76261	-0.0033673938337737	-0.0001426712308697	0.0004014799444242	0.000544151175294	0610040J01Rik	neither	0.2616957675158714
17930	0.0005938628757678	-0.000142069745959	0.0002822435406459	0.0004243132866049	Myom2	neither	-0.48825689188922
13131	0.0002426752484083	-0.0001412935273232	-0.0001330829807621	8.210546561067487e-06	Dab1	neither	-1.4648676175798114
211228	-0.0012732265558844	-0.0001408184826659	-0.0002998493499291	-0.0001590308672631	Lrrc25	neither	0.1531398966556845
14183	0.0006808373663003	-0.0001402996081602	0.0001600354391843	0.0003003350473445	Fgfr2	neither	-0.4871266997193266
67603	0.0006829025897217	-0.0001393729921264	0.0004025061739403	0.0005418791660667	Dusp6	neither	-0.6216262597568969
12850	0.0047198795459725	-0.0001388167824785	-0.0019692022388464	-0.0018303854563678	Coq7	neither	-0.0713440016798637
104885	-0.0002094439394106	-0.0001379840880661	-0.0001215698730075	1.641421505856485e-05	Tmem179	neither	1.1519854761999566
233875	-0.0028469625121748	-0.0001360036204102	0.0006372250865126	0.0007732287069228	Ino80e	neither	0.1825360234684375
70381	-0.0004833433871135	-0.0001351976894618	-0.0001186121429626	1.6585546499173746e-05	Tecpr1	neither	0.5956408528631502
16847	-0.0005886061180659	-0.0001336634678976	-0.000162888367687	-2.9224899789399107e-05	Lepr	neither	0.7977720735527647
12810	-0.0010220540775802	-0.000132745162005	-0.001454345133172	-0.0013215999711669	Coch	neither	0.1401316595419209
64424	-0.0001163163406077	-0.0001296922374348	-5.239622287616172e-05	7.729601455867531e-05	Polr1e	neither	3.124511213210797
106572	0.0007015554977154	-0.000129079872749	-5.736747680396085e-05	7.171239594510614e-05	Rab31	neither	-0.449072844959732
20516	0.0004504089305679	-0.0001279806448683	-0.0003703175403896	-0.0002423368955212	Slc20a2	neither	-0.6052642333686552
57738	0.0002040085424904	-0.0001277937955051	-3.563649758940984e-05	9.215729791570864e-05	Slc15a2	neither	-1.2127793130988285
78619	-0.004067467382231	-0.0001262766924694	0.0005000911470716	0.0006263678395411	Zfp449	neither	0.1444071363308229
20447	0.0003970678315768	-0.0001201114183119	-3.832519807291139e-05	8.178622023899035e-05	St6galnac3	neither	-0.5481179961730637
75590	-0.00281752810481	-0.0001181504619091	-0.0016558482225242	-0.001537697760615	Dusp9	neither	-0.0282205565657866
268395	0.0004937824593092	-0.0001151287381259	-8.968543659099379e-05	2.544330153498545e-05	Mpg	neither	-0.4281392468540713
234214	0.0001453752612662	-0.0001125902899256	-3.079428181181523e-05	8.179600811382344e-05	Sorbs2	neither	-1.967592342157312
67422	-0.0117936747166984	-0.0001108672462832	0.0058727987343095	0.0059836659805928	Dhdds	neither	0.1035017567293836
22381	0.0018031686239911	-0.0001070694679536	0.0011609402637481	0.0012680097317018	Tceal9	neither	0.1789244737083496
22771	0.0008944978239577	-0.0001058989102765	0.000547949144079	0.0006538480543556	Zic1	neither	-0.0217805550749944
118449	0.0025059166461629	-0.000105331823305	0.0014203086710016	0.0015256404943067	Synpo2	neither	-0.1177075626401357
236539	-0.0004227675054912	-9.520633139271726e-05	0.0001478393787095	0.0002430457101023	Phgdh	neither	0.5215954011049818
70951	-0.0018968545611443	-9.494726711035607e-05	-0.0004344896358385	-0.0003395423687281	Spata1	neither	0.1734225665272462
54486	-0.0001863647349927	-9.073875260352038e-05	-4.230294182050684e-05	4.843581078301354e-05	Hpgds	neither	0.9744093950361632
228730	0.0051554452599604	-9.022644773341046e-05	-0.0005347354300187	-0.0004445089822852	Kiz	neither	0.0135789285043334
232560	-0.0044221334413218	-9.020188106432322e-05	-0.0017512797724047	-0.0016610778913404	Caprin2	neither	0.2426287609452729
52033	-0.0006454752461329	-9.000267142157891e-05	0.0001239184226271	0.0002139210940487	Pbk	neither	0.5911416033283143
12805	0.0003790908710382	-9.000013185087918e-05	-7.804394835164279e-05	1.1956183499236389e-05	Cntn1	neither	-0.5598870710063274
328365	-0.0011000386038156	-8.775437138158994e-05	-0.0003152834626151	-0.0002275290912336	Zmiz1	neither	0.3388563358052456
270906	-0.0001145367848268	-8.766858115488961e-05	-7.875700323992724e-05	8.911577914962369e-06	Prr11	neither	2.301288406105077
17921	0.0004195722649286	-8.528289874202831e-05	-3.9440978575207935e-05	4.5841920166820375e-05	Myo7a	neither	-0.4242261597881162
211798	0.0001006223231022	-8.487478457106076e-05	-9.814475723727672e-06	7.506030884733309e-05	Mfsd9	neither	-0.757039635044343
16574	0.0009045766973767	-8.442030875458294e-05	0.0001102239111935	0.0001946442199481	Kif5c	neither	-0.092918008225078
110962	0.0025727256471333	-8.384984642892976e-05	-0.0010611505721502	-0.0009773007257213	Mbd6	neither	-0.0335972102139536
20745	0.0003134318532035	-8.259067024903072e-05	-0.0001668835660761	-8.42928958270851e-05	Spock1	neither	-0.3844470117675919
77113	-0.0052938269577489	-8.218536903594702e-05	-7.395785255374048e-05	8.227516482206545e-06	Klhl2	neither	0.1622722748001007
71819	-0.0008387531929798	-8.174615164230539e-05	-1.288520013323042e-05	6.886095150907497e-05	Kif23	neither	0.4753032721017015
13982	0.0006735497829876	-8.1669524050608e-05	-7.275833819233253e-05	8.911185858275462e-06	Esr1	neither	-0.2131258358671096
19249	-0.0008694275196386	-8.050815659632083e-05	-0.000143133470706	-6.262531410977384e-05	Ptpn13	neither	0.3780164302717986
77593	-0.0023483278213595	-8.038342714334394e-05	0.0002703678400516	0.0003507512671949	Usp45	neither	0.1923840051011486
243780	-0.0024139746898909	-7.731542798111023e-05	-0.0001139544071716	-3.663897919057212e-05	Dennd11	neither	0.281057519191831
330286	-0.0015680286730329	-7.648666276224285e-05	-0.0004850129209922	-0.00040852625823	D630045J12Rik	neither	0.2601011071928146
80914	-0.0002823358093053	-7.61773718163933e-05	0.0001139824964718	0.0001901598682882	Uck2	neither	0.9467024134323628
319901	0.0010920378210227	-7.467049336772444e-05	6.774563212708551e-05	0.0001424161254948	Dsel	neither	-0.1339879928603971
56279	-0.0029393002027875	-7.269481485091666e-05	0.0006185613133952	0.0006912561282461	Dipk1b	neither	-0.2253549663705832
26556	-0.0040924769820966	-6.97695392750592e-05	-0.0010381141880452	-0.0009683446487701	Homer1	neither	0.2038559078190209
140571	0.0007394878527404	-6.862173479879116e-05	-0.0003179767641635	-0.0002493550293647	Plxnb3	neither	-0.1848192457063148
18150	-0.003491654126683	-6.524372090413778e-05	0.0019469571398328	0.0020122008607369	Npm3	neither	0.0259863817680347
53328	-0.0006008226618397	-6.512717561490623e-05	-0.0003728016798361	-0.0003076745042212	Pgrmc1	neither	0.4044445163763426
70310	0.0003437419230341	-6.480088912882306e-05	8.976358107262598e-05	0.0001545644702014	Plscr3	neither	-0.2356520348561701
26949	0.0065651066948202	-5.969883738633024e-05	-0.0029563310964826	-0.0028966322590963	Vat1	neither	-0.0237723097952949
20191	0.000549010709741	-5.890066404387309e-05	-2.2148806763547053e-05	3.675185728032604e-05	Ryr2	neither	-0.2254959409204213
14961	-0.0026018151114437	-5.859608053258132e-05	-0.0017072600232151	-0.0016486639426825	H2-Ab1	neither	-0.0908057961586973
13844	-0.0007243386929802	-5.85044852896798e-05	0.0002382267608757	0.0002967312461653	Ephb2	neither	0.0526939563223401
21828	5.3926414618514494e-05	-5.8250029238179335e-05	1.2856107852777702e-05	7.110613709095704e-05	Thbs4	neither	-1.350048111175653
407823	0.0003269959391781	-5.563837175504381e-05	-5.137463144468652e-05	4.263740310357291e-06	Baz2b	neither	-0.3365753022644013
66953	-0.0023070601993675	-5.539801984644685e-05	-0.0003786909806936	-0.0003232929608471	Cdca7	neither	0.0887328226063784
12630	0.0045552599096877	-5.345404401434333e-05	0.0001802948425179	0.0002337488865323	Cfi	neither	0.0641974707224423
22062	6.567534754703616e-05	-5.329243263084578e-05	-6.007354678661232e-05	-6.781114155766533e-06	Trp73	neither	-1.632507149767907
14261	-0.0002597241432734	-5.322407424276598e-05	-0.0001350771587891	-8.185308454638856e-05	Fmo1	neither	0.3335236107861597
77411	-0.0004501266989311	-5.192356403172931e-05	-0.0001312778425059	-7.935427847417204e-05	Esrp2	neither	0.2008010394500707
12297	-0.0005263881594772	-5.073922092316119e-05	3.987392423808946e-05	9.061314516125064e-05	Cacnb3	neither	0.3103301183282869
14687	-0.000462839050075	-4.808699923733853e-05	-9.721478987277812e-06	3.836552025006072e-05	Gnaz	neither	0.3216539731253087
14613	0.0008968215416116	-4.691551940324595e-05	-0.0002943093521407	-0.0002473938327374	Gja5	neither	-0.2200293798777302
384214	-0.001424181203937	-4.63329751304912e-05	-0.0003561291066283	-0.0003097961314978	Ephx4	neither	0.0682362490038537
23921	-6.370493650188129e-05	-4.481627864230142e-05	-1.078151636186407e-05	3.4034762280437346e-05	Sh2b2	neither	1.0832143119063504
14160	0.0007606719216915	-4.380838920969858e-05	0.0003339665855014	0.0003777749747111	Lgr5	neither	-0.1987399846815735
23948	-0.0002662106163576	-4.361031563673997e-05	-0.0001290429994378	-8.543268380106366e-05	Mmp17	neither	0.2119999249777485
218820	0.0002094042601364	-4.108146055964769e-05	0.0001285505359483	0.0001696319965079	Zfp503	neither	-0.5498249100552306
22234	0.0090118060728891	-3.987603323525511e-05	0.0023651893528137	0.002405065386049	Ugcg	neither	0.2238092889380152
20273	6.398431231755789e-05	-3.743130713717899e-05	-9.215091580818582e-06	2.821621555636041e-05	Scn8a	neither	-1.323425093591326
11941	0.0006076751205491	-3.68263159813694e-05	8.911735269401606e-06	4.573805125077101e-05	Atp2b2	neither	-0.0602728824742051
380863	4.49965439895278e-05	-3.57689937892219e-05	-1.239396265760442e-05	2.337503113161748e-05	Tmem171	neither	-1.9303208432284544
546336	0.0002896886269916	-3.3701230578452566e-05	1.3379683521797254e-05	4.708091410024982e-05	Prrg1	neither	-0.1448470911420664
171282	0.0005508338698102	-3.320990524925377e-05	0.0001046878296562	0.0001378977349055	Acot4	neither	-0.0918239173817714
56700	-5.588172938799767e-05	-3.302096580578325e-05	-4.101538089386447e-05	-7.994415088081222e-06	Glmp	neither	1.6275720912321554
268481	0.0018754697952405	-3.2421358224835964e-05	-0.0001518674957724	-0.0001194461375476	Krt222	neither	-0.0148479398574323
237073	-0.0002278068740197	-3.2387110964864826e-05	-5.457481763043287e-05	-2.218770666556804e-05	Rbm41	neither	0.3775876795685077
171463	-0.0001066027182789	-3.118412028226132e-05	7.125196315622447e-06	3.830931659788377e-05	Il17rd	neither	0.9367512207052596
242700	0.0003976931105357	-3.014720370778077e-05	-0.0002131307647819	-0.0001829835610741	Ifnlr1	neither	-0.2054762742286684
69066	4.92412002215819e-05	-2.770193998385604e-05	-3.9179356965948864e-05	-1.1477416982092828e-05	1810010H24Rik	neither	-0.6931070406987898
238024	-0.0003832270511714	-2.769898963542364e-05	-0.0001983450572259	-0.0001706460675904	Fn3krp	neither	0.1233917882076152
101565	0.0006445549746747	-2.6351894155761852e-05	8.068437276460073e-06	3.442033143222193e-05	Ccp110	neither	0.0289315002323637
12393	5.777825956809684e-05	-2.5494581056608163e-05	-2.4780125845217304e-05	7.144552113908599e-07	Runx2	neither	-0.9468505993607385
70223	0.0024024572112152	-2.3690049554193728e-05	-1.2937193786360934e-05	1.0752855767832794e-05	Nars	neither	0.0942946229810871
19258	-3.779176427833585e-05	-1.9483166636470023e-05	-1.2941647073715656e-05	6.541519562754367e-06	Ptpn4	neither	1.4289744485555984
320557	0.0013468677751383	-1.578946010450089e-05	0.0005995805168654	0.0006153699769699	Fam169a	neither	0.050240416649482
24057	5.074515671905569e-05	-1.5771949573986806e-05	-9.031147522898904e-06	6.740802051087903e-06	Sh3yl1	neither	-0.7562884792837283
232333	-0.0011265855526666	-1.5469124631286957e-05	-0.0003033586229337	-0.0002878894983024	Slc6a1	neither	-0.0225010067371179
238799	0.000167877867987	-1.4367999499424467e-05	2.6926224861502703e-06	1.706062198557474e-05	Tnpo1	neither	-0.0253065877996532
78892	-0.001204979086061	-1.3713807331767837e-05	-0.0008822485125138	-0.0008685347051821	Crispld2	neither	0.0135225944519418
12236	0.0034665519958645	-1.3667437244418084e-05	-0.0002032761580491	-0.0001896087208047	Bub1b	neither	0.079434667093797
22113	5.969289689907885e-05	-1.3614798548038752e-05	1.9174895157631884e-05	3.278969370567064e-05	Phlda2	neither	-0.4956916734294173
13048	0.0005574628918258	-1.1525142028036556e-05	-8.959879290716413e-05	-7.807365087912757e-05	Cux2	neither	0.0469039092386321
27801	4.5130705474174775e-05	-1.010163888996996e-05	-1.4227948106685329e-05	-4.1263092167153695e-06	Zdhhc8	neither	-0.4982913626425696
71720	0.0006184427728497	-8.348095806397223e-06	4.6425556018763336e-05	5.477365182516056e-05	Osbpl3	neither	0.0808875672182551
228357	0.0006878582186599	-6.0843567534534445e-06	0.0001089892780761	0.0001150736348296	Lrp4	neither	-0.0832587243798901
242607	1.5894647840067298e-05	-4.821881664497773e-06	1.3057821528711028e-06	6.127663817368876e-06	Slc1a7	neither	-0.2010712000389388
67971	0.0042226474962693	-4.275108787847345e-06	0.0009231659704552	0.0009274410792431	Tppp3	neither	-0.156477809427371
338365	0.011331598948295	-1.3957004697010002e-06	-0.0028974750702332	-0.0028960793697635	Slc41a2	neither	-0.0470457270263829
107351	6.629878310186463e-05	-1.211392369379333e-06	1.40323345597753e-05	1.5243726929154632e-05	Kank1	neither	-0.0435519445473976
103551	4.327533090292805e-06	-7.297133988577592e-07	1.1699116203056504e-06	1.8996250191634096e-06	Epop	neither	-0.3319065311929673
21789	-0.000397550584315	-4.6465961391063e-07	-0.0002191852885358	-0.0002187206289219	Tfpi2	neither	-0.0328036084741995
353242	-2.29018577255522e-07	-1.0065747554536169e-07	1.3080030184460634e-07	2.31457777389968e-07	Mrpl21	neither	1.2250978361741256
237831	0.0014193762293791	0.0	0.0	0.0	Slc13a5	not_expressed	
64103	0.0043381434371975	0.0	0.0	0.0	Tnmd	not_expressed	
170952	0.0010045141402356	0.0	0.0	0.0	Prima1	not_expressed	
216795	-0.0007303846592747	-0.0	-0.0	0.0	Wnt9a	not_expressed	
193034	-0.003420602613287	-0.0	-0.0	0.0	Trpv1	not_expressed	
73728	0.00140556085559	0.0	0.0	0.0	Psd	not_expressed	
211550	0.0036347328043977	0.0	0.0	0.0	Tifa	not_expressed	
14400	0.0013834505279064	0.0	0.0	0.0	Gabrb1	not_expressed	
217306	-0.0017780685501065	-0.0	-0.0	0.0	Cd300e	not_expressed	
272031	-0.000235844125914	-0.0	-0.0	0.0	Plppr1	not_expressed	
70727	-0.000290956727472	-0.0	-0.0	0.0	Rasgef1a	not_expressed	
214359	-0.0069376569580782	-0.0	-0.0	0.0	Tmem51	not_expressed	
19215	0.0020717222214787	0.0	0.0	0.0	Ptgds	not_expressed	
12831	-0.004705142240588	-0.0	-0.0	0.0	Col5a1	not_expressed	
109050	7.407145924361123e-05	0.0	0.0	0.0	Inka2	not_expressed	
23936	-0.0048440282216145	-0.0	-0.0	0.0	Lynx1	not_expressed	
17926	-0.001107132471385	-0.0	-0.0	0.0	Myoc	not_expressed	
110902	-0.0001029027495992	-0.0	-0.0	0.0	Chrna2	not_expressed	
22229	-0.0077503450535639	-0.0	-0.0	0.0	Ucp3	not_expressed	
16768	0.0005693507314988	0.0	0.0	0.0	Lag3	not_expressed	
11423	0.001527162699088	0.0	0.0	0.0	Ache	not_expressed	
233733	-0.0014539853717963	-0.0	-0.0	0.0	Galnt18	not_expressed	
17537	-0.0029157280331656	-0.0	-0.0	0.0	Meis3	not_expressed	
399548	0.0034021700373909	0.0	0.0	0.0	Scn4b	not_expressed	
77630	0.0110900813438394	0.0	0.0	0.0	Prdm8	not_expressed	
11687	0.0017693632828224	0.0	0.0	0.0	Alox15	not_expressed	
19153	-0.0057224326753582	-0.0	-0.0	0.0	Prx	not_expressed	
12350	-0.0014183116782503	-0.0	-0.0	0.0	Car3	not_expressed	
74770	0.0044426993609604	0.0	0.0	0.0	Hhatl	not_expressed	
70061	0.0028039022155655	0.0	0.0	0.0	Sdr9c7	not_expressed	
16426	0.0026616276029228	0.0	0.0	0.0	Itih3	not_expressed	
227632	-0.0010111670827596	-0.0	-0.0	0.0	Kcnt1	not_expressed	
20964	-0.0008413932816784	-0.0	-0.0	0.0	Syn1	not_expressed	
20680	-0.0018954159672823	-0.0	-0.0	0.0	Sox7	not_expressed	
242702	-0.0013856792456364	-0.0	-0.0	0.0	Myom3	not_expressed	
71690	0.0010935050848377	0.0	0.0	0.0	Esm1	not_expressed	
14432	-0.0004330525285978	-0.0	-0.0	0.0	Gap43	not_expressed	
118454	-0.0012164662041103	-0.0	-0.0	0.0	Gjc2	not_expressed	
66208	-0.0060630957897393	-0.0	-0.0	0.0	Nenf	not_expressed	
18510	-0.0010282449606611	-0.0	-0.0	0.0	Pax8	not_expressed	
84004	0.0133716493197516	0.0	0.0	0.0	Mcam	not_expressed	
54634	0.0027088186504533	0.0	0.0	0.0	Magix	not_expressed	
114679	0.0006664101413451	0.0	0.0	0.0	Selenom	not_expressed	
232370	0.0025155855789613	0.0	0.0	0.0	Clstn3	not_expressed	
16846	0.0036091488609017	0.0	0.0	0.0	Lep	not_expressed	
12062	0.0062182432767431	0.0	0.0	0.0	Bdkrb2	not_expressed	
20317	-0.0044401180139191	-0.0	-0.0	0.0	Serpinf1	not_expressed	
17228	-0.0033718179666494	-0.0	-0.0	0.0	Cma1	not_expressed	
18389	0.0039896567159186	0.0	0.0	0.0	Oprl1	not_expressed	
208092	-0.0013332046092182	-0.0	-0.0	0.0	Chmp6	not_expressed	
14412	-0.0015493154259774	-0.0	-0.0	0.0	Slc6a13	not_expressed	
218877	0.0057758785561519	0.0	0.0	0.0	Sema3g	not_expressed	
27419	0.0047500403362648	0.0	0.0	0.0	Naglu	not_expressed	
16909	-0.0050087002547276	-0.0	-0.0	0.0	Lmo2	not_expressed	
57814	0.0080616778197084	0.0	0.0	0.0	Kcne4	not_expressed	
20965	-0.0014425507694198	-0.0	-0.0	0.0	Syn2	not_expressed	
56221	-0.0027300477904092	-0.0	-0.0	0.0	Ccl24	not_expressed	
19700	-0.0037433876817895	-0.0	-0.0	0.0	Rem1	not_expressed	
19288	-0.0042100553332789	-0.0	-0.0	0.0	Ptx3	not_expressed	
217125	0.0008092843271993	0.0	0.0	0.0	Samd14	not_expressed	
74580	0.0010642740261138	0.0	0.0	0.0	Pyroxd2	not_expressed	
171469	-0.0011385458888329	-0.0	-0.0	0.0	Gpr37l1	not_expressed	
79235	0.0013902856613694	0.0	0.0	0.0	Lrat	not_expressed	
270192	-0.0074708161102057	-0.0	-0.0	0.0	Rab6b	not_expressed	
242523	0.0180769210743963	0.0	0.0	0.0	Dmrta1	not_expressed	
13003	0.0041514910297809	0.0	0.0	0.0	Vcan	not_expressed	
12825	-0.0344329957360639	-0.0	-0.0	0.0	Col3a1	not_expressed	
12840	0.0003102316079342	0.0	0.0	0.0	Col9a2	not_expressed	
231134	-0.0038497234361843	-0.0	-0.0	0.0	Dok7	not_expressed	
17005	-0.0022501323884331	-0.0	-0.0	0.0	Ltk	not_expressed	
27280	0.0170264222103097	0.0	0.0	0.0	Phlda3	not_expressed	
58176	-0.0084990665971116	-0.0	-0.0	0.0	Rhbg	not_expressed	
208158	0.0004981672648706	0.0	0.0	0.0	Map6d1	not_expressed	
12143	0.0031533163091541	0.0	0.0	0.0	Blk	not_expressed	
14115	-0.0187402917570964	-0.0	-0.0	0.0	Fbln2	not_expressed	
210530	0.0032058989465447	0.0	0.0	0.0	P3h2	not_expressed	
14080	-0.0002308026139538	-0.0	-0.0	0.0	Fabp1	not_expressed	
17885	-0.001318984792905	-0.0	-0.0	0.0	Myh8	not_expressed	
13074	0.0044103089737884	0.0	0.0	0.0	Cyp17a1	not_expressed	
65221	0.0121998757488988	0.0	0.0	0.0	Slc15a3	not_expressed	
14938	-0.0132543505607484	-0.0	-0.0	0.0	Gzma	not_expressed	
100038882	-0.009095807097917	-0.0	-0.0	0.0	Isg15	not_expressed	
15163	0.0040963943072099	0.0	0.0	0.0	Hcls1	not_expressed	
13849	0.0040742937888434	0.0	0.0	0.0	Ephx1	not_expressed	
279028	-0.003543028669425	-0.0	-0.0	0.0	Adamts13	not_expressed	
268709	-0.0031862413832543	-0.0	-0.0	0.0	Fam107a	not_expressed	
15896	-0.0008528886979406	-0.0	-0.0	0.0	Icam2	not_expressed	
18142	-0.0094200342833246	-0.0	-0.0	0.0	Npas1	not_expressed	
12029	0.0007606354762191	0.0	0.0	0.0	Bcl6b	not_expressed	
56534	0.0072999360506465	0.0	0.0	0.0	Hspb3	not_expressed	
229791	-0.0049620059408301	-0.0	-0.0	0.0	Plppr4	not_expressed	
14840	-0.0066184684593797	-0.0	-0.0	0.0	Gsg1	not_expressed	
170725	-0.002397466664412	-0.0	-0.0	0.0	Capn8	not_expressed	
15114	0.0079218522771848	0.0	0.0	0.0	Hap1	not_expressed	
333088	0.0077089311174519	0.0	0.0	0.0	Kcp	not_expressed	
20202	0.0051745719364124	0.0	0.0	0.0	S100a9	not_expressed	
22403	0.0114625168675366	0.0	0.0	0.0	Ccn5	not_expressed	
52857	-0.0023297013053854	-0.0	-0.0	0.0	Gramd1a	not_expressed	
16399	0.0024751993370011	0.0	0.0	0.0	Itga2b	not_expressed	
20618	0.0044762204305266	0.0	0.0	0.0	Sncg	not_expressed	
103511	0.0064764792960298	0.0	0.0	0.0	Calhm5	not_expressed	
207728	-0.0092083133651582	-0.0	-0.0	0.0	Pde2a	not_expressed	
104601	-0.005334392917703	-0.0	-0.0	0.0	Mycbpap	not_expressed	
106878	-0.0036591046063334	-0.0	-0.0	0.0	Smim3	not_expressed	
19329	-0.0036068036682958	-0.0	-0.0	0.0	Rab17	not_expressed	
56362	-0.0012410907891444	-0.0	-0.0	0.0	Sult1b1	not_expressed	
104080	-0.0047395840828937	-0.0	-0.0	0.0	Nxph4	not_expressed	
246728	0.0003855872928974	0.0	0.0	0.0	Oas2	not_expressed	
17528	-0.0027309204802756	-0.0	-0.0	0.0	Mpz	not_expressed	
241568	-0.0064976256218819	-0.0	-0.0	0.0	Lrrc4c	not_expressed	
69671	0.0064732010453966	0.0	0.0	0.0	Tmem52	not_expressed	
14632	-0.0007526653687386	-0.0	-0.0	0.0	Gli1	not_expressed	
11689	-0.0195970288290682	-0.0	-0.0	0.0	Alox5	not_expressed	
27219	0.0009555188958457	0.0	0.0	0.0	Sgk2	not_expressed	
171180	-0.0076563726313718	-0.0	-0.0	0.0	Syt12	not_expressed	
23845	0.000846794222801	0.0	0.0	0.0	Clec5a	not_expressed	
244864	-0.0001741653508069	-0.0	-0.0	0.0	Layn	not_expressed	
278180	0.01319095237317	0.0	0.0	0.0	Vsig4	not_expressed	
22268	-0.0009430437440126	-0.0	-0.0	0.0	Upk1b	not_expressed	
69903	-0.0001626228954456	-0.0	-0.0	0.0	Rasip1	not_expressed	
384569	-0.004099459461435	-0.0	-0.0	0.0	Nova2	not_expressed	
207911	0.0075944631498931	0.0	0.0	0.0	Mchr1	not_expressed	
71461	-0.012004434760982	-0.0	-0.0	0.0	Ptk7	not_expressed	
63828	0.0024353484420055	0.0	0.0	0.0	Fn3k	not_expressed	
17130	0.0082216504072058	0.0	0.0	0.0	Smad6	not_expressed	
109225	0.0121132494120482	0.0	0.0	0.0	Ms4a7	not_expressed	
11807	-0.0037422148365263	-0.0	-0.0	0.0	Apoa2	not_expressed	
16491	0.0003733906437508	0.0	0.0	0.0	Kcna3	not_expressed	
16197	0.0015445969099378	0.0	0.0	0.0	Il7r	not_expressed	
228785	-0.0006284738262071	-0.0	-0.0	0.0	Mylk2	not_expressed	
56644	0.0129643582765535	0.0	0.0	0.0	Clec7a	not_expressed	
27226	0.0049085590173217	0.0	0.0	0.0	Pla2g7	not_expressed	
381798	-0.0039278449959554	-0.0	-0.0	0.0	4930590J08Rik	not_expressed	
320840	0.0014714154754235	0.0	0.0	0.0	Negr1	not_expressed	
14049	0.0050773080994142	0.0	0.0	0.0	Eya2	not_expressed	
53601	0.0086983325075059	0.0	0.0	0.0	Pcdh12	not_expressed	
23831	-0.0008396119131525	-0.0	-0.0	0.0	Car14	not_expressed	
12007	0.0019541867009001	0.0	0.0	0.0	Azgp1	not_expressed	
212032	-0.0124690104628883	-0.0	-0.0	0.0	Hk3	not_expressed	
242050	-0.0021023049110264	-0.0	-0.0	0.0	Igsf10	not_expressed	
545192	0.0032158543338076	0.0	0.0	0.0	Baiap3	not_expressed	
11829	-0.0019824311512359	-0.0	-0.0	0.0	Aqp4	not_expressed	
19711	-0.0044102817591692	-0.0	-0.0	0.0	Resp18	not_expressed	
76757	0.0015588758167414	0.0	0.0	0.0	Trdn	not_expressed	
70370	0.0009340327333792	0.0	0.0	0.0	Fbln7	not_expressed	
24053	-0.0052404347415645	-0.0	-0.0	0.0	Sgcg	not_expressed	
20389	-0.0008732044257588	-0.0	-0.0	0.0	Sftpc	not_expressed	
319229	-0.0008092546690677	-0.0	-0.0	0.0	Sctr	not_expressed	
56745	-6.775146498161375e-05	-0.0	-0.0	0.0	C1qtnf1	not_expressed	
230775	0.0035934664137159	0.0	0.0	0.0	Adgrb2	not_expressed	
64176	0.0032499053615832	0.0	0.0	0.0	Sv2b	not_expressed	
170835	-0.0041557435330595	-0.0	-0.0	0.0	Inpp5j	not_expressed	
56532	-0.0003456546405641	-0.0	-0.0	0.0	Ripk3	not_expressed	
13609	-0.0175326157597476	-0.0	-0.0	0.0	S1pr1	not_expressed	
12839	-0.0162627762741861	-0.0	-0.0	0.0	Col9a1	not_expressed	
238328	-0.0083762278664767	-0.0	-0.0	0.0	Vash1	not_expressed	
237010	0.0035568900338991	0.0	0.0	0.0	Klhl4	not_expressed	
16176	-0.0014507993962377	-0.0	-0.0	0.0	Il1b	not_expressed	
228576	-0.0027039447794265	-0.0	-0.0	0.0	Mall	not_expressed	
16453	0.0170701989453279	0.0	0.0	0.0	Jak3	not_expressed	
243897	0.0037612493069798	0.0	0.0	0.0	Ggn	not_expressed	
14580	0.0087059070092148	0.0	0.0	0.0	Gfap	not_expressed	
109857	0.0037585991758464	0.0	0.0	0.0	Cbr3	not_expressed	
67564	-0.0012811923586953	-0.0	-0.0	0.0	Tmem35a	not_expressed	
330627	0.0143465561100924	0.0	0.0	0.0	Trim66	not_expressed	
50766	0.0102165231051744	0.0	0.0	0.0	Crim1	not_expressed	
20897	0.0032399085346318	0.0	0.0	0.0	Stra6	not_expressed	
11450	-0.0028917209086234	-0.0	-0.0	0.0	Adipoq	not_expressed	
16402	0.0022884778982329	0.0	0.0	0.0	Itga5	not_expressed	
23966	0.0002621929674886	0.0	0.0	0.0	Tenm4	not_expressed	
56485	0.0008366872199686	0.0	0.0	0.0	Slc2a5	not_expressed	
237611	-0.007538656899673	-0.0	-0.0	0.0	Stac3	not_expressed	
105193	-0.0145408987117117	-0.0	-0.0	0.0	Nhlrc1	not_expressed	
319655	-0.0123704902796115	-0.0	-0.0	0.0	Podxl2	not_expressed	
16511	0.0004312124202089	0.0	0.0	0.0	Kcnh2	not_expressed	
75641	-0.0040863274526894	-0.0	-0.0	0.0	1700029I15Rik	not_expressed	
71099	0.0039193624714234	0.0	0.0	0.0	Tssk4	not_expressed	
50779	-0.0041986589197836	-0.0	-0.0	0.0	Rgs6	not_expressed	
320100	0.0008554580175275	0.0	0.0	0.0	Relt	not_expressed	
53313	0.0025818924958064	0.0	0.0	0.0	Atp2a3	not_expressed	
97440	0.0005329203965258	0.0	0.0	0.0	B3gnt9	not_expressed	
50528	0.0004481769160458	0.0	0.0	0.0	Tmprss2	not_expressed	
18654	-0.0015535243256292	-0.0	-0.0	0.0	Pgf	not_expressed	
194309	0.0021343401349056	0.0	0.0	0.0	Vps37d	not_expressed	
13041	0.0043912741471773	0.0	0.0	0.0	Ctsw	not_expressed	
77318	0.000784433178302	0.0	0.0	0.0	Ankrd55	not_expressed	
66548	0.0102365162948576	0.0	0.0	0.0	Adamtsl5	not_expressed	
67580	0.0009954603507748	0.0	0.0	0.0	Lrrc18	not_expressed	
72002	-0.0126553242000014	-0.0	-0.0	0.0	Slc39a5	not_expressed	
269615	-0.0128410093257001	-0.0	-0.0	0.0	Plch2	not_expressed	
20319	0.002925097274565	0.0	0.0	0.0	Sfrp2	not_expressed	
231691	-0.0079891393496253	-0.0	-0.0	0.0	Sds	not_expressed	
14560	-0.0095940556386522	-0.0	-0.0	0.0	Gdf10	not_expressed	
54672	-0.003115413336927	-0.0	-0.0	0.0	Adgrg3	not_expressed	
24110	0.0028095706115958	0.0	0.0	0.0	Usp18	not_expressed	
70415	-0.0059375925810631	-0.0	-0.0	0.0	Stk26	not_expressed	
19419	-0.0017836163918988	-0.0	-0.0	0.0	Rasgrp1	not_expressed	
21817	0.0071484732900091	0.0	0.0	0.0	Tgm2	not_expressed	
19011	-0.0095123617304121	-0.0	-0.0	0.0	Endou	not_expressed	
29818	-0.0023690314329773	-0.0	-0.0	0.0	Hspb7	not_expressed	
68352	0.00099820003738	0.0	0.0	0.0	Aspdh	not_expressed	
230103	9.861151436467484e-05	0.0	0.0	0.0	Npr2	not_expressed	
15370	0.0095483123547723	0.0	0.0	0.0	Nr4a1	not_expressed	
14017	0.0049152695627905	0.0	0.0	0.0	Evi2a	not_expressed	
241452	-0.0018107039539332	-0.0	-0.0	0.0	Dhrs9	not_expressed	
17433	-0.0010842030418145	-0.0	-0.0	0.0	Mobp	not_expressed	
72774	-0.0031883137165194	-0.0	-0.0	0.0	Neil1	not_expressed	
66528	-0.0003997993480331	-0.0	-0.0	0.0	Smim5	not_expressed	
100039795	0.0003273328250734	0.0	0.0	0.0	Ildr2	not_expressed	
21928	0.0003745342925	0.0	0.0	0.0	Tnfaip2	not_expressed	
243328	-0.0059781525278392	-0.0	-0.0	0.0	Slc29a4	not_expressed	
286942	-0.0003382094677525	-0.0	-0.0	0.0	Kif19a	not_expressed	
225742	-0.0001536227761397	-0.0	-0.0	0.0	St8sia5	not_expressed	
21898	0.0156133852170318	0.0	0.0	0.0	Tlr4	not_expressed	
380785	0.0021559500868169	0.0	0.0	0.0	Begain	not_expressed	
103988	-0.0040106529922927	-0.0	-0.0	0.0	Gck	not_expressed	
217341	0.0008649899263756	0.0	0.0	0.0	Qrich2	not_expressed	
233752	0.0002385258665533	0.0	0.0	0.0	Insc	not_expressed	
21743	-0.0025531958325965	-0.0	-0.0	0.0	Inmt	not_expressed	
107766	-0.0005725902207392	-0.0	-0.0	0.0	Haao	not_expressed	
22780	0.0012759102174221	0.0	0.0	0.0	Ikzf3	not_expressed	
14126	-0.0025796831875114	-0.0	-0.0	0.0	Ms4a2	not_expressed	
229003	-0.0085707920050172	-0.0	-0.0	0.0	Helz2	not_expressed	
12845	0.0021517264548561	0.0	0.0	0.0	Comp	not_expressed	
77609	0.0086840302023088	0.0	0.0	0.0	Ccdc151	not_expressed	
12390	0.0016448283503712	0.0	0.0	0.0	Cav2	not_expressed	
67425	-0.001940494883883	-0.0	-0.0	0.0	Eps8l1	not_expressed	
242939	0.0023935184911101	0.0	0.0	0.0	Cpz	not_expressed	
22351	-0.0011440573160459	-0.0	-0.0	0.0	Vill	not_expressed	
114886	0.0321127463839161	0.0	0.0	0.0	Cygb	not_expressed	
68764	-0.0006652796653737	-0.0	-0.0	0.0	Cdhr3	not_expressed	
12266	0.0073561039700999	0.0	0.0	0.0	C3	not_expressed	
320129	-4.490783114365123e-05	-0.0	-0.0	0.0	Grk3	not_expressed	
19124	-0.0034250675702858	-0.0	-0.0	0.0	Procr	not_expressed	
64817	0.0134748179799478	0.0	0.0	0.0	Svep1	not_expressed	
210808	0.000386983001598	0.0	0.0	0.0	Lacc1	not_expressed	
22637	0.0003676286198011	0.0	0.0	0.0	Zap70	not_expressed	
18400	0.0050251429895019	0.0	0.0	0.0	Slc22a18	not_expressed	
574402	-0.0103638245392547	-0.0	-0.0	0.0	Gpr17	not_expressed	
20391	0.0023670772325921	0.0	0.0	0.0	Sgca	not_expressed	
53604	0.0066243727791868	0.0	0.0	0.0	Zpbp	not_expressed	
12505	0.007725886894818	0.0	0.0	0.0	Cd44	not_expressed	
232078	-0.0024368784963787	-0.0	-0.0	0.0	Thnsl2	not_expressed	
18784	-0.0009342959503738	-0.0	-0.0	0.0	Pla2g5	not_expressed	
71781	-0.0030288748832892	-0.0	-0.0	0.0	Slc16a14	not_expressed	
54195	-0.0015775761551681	-0.0	-0.0	0.0	Gucy1b1	not_expressed	
68566	0.0014381291196681	0.0	0.0	0.0	Caly	not_expressed	
20295	-0.0029187572739268	-0.0	-0.0	0.0	Ccl17	not_expressed	
22671	-0.0023154056810551	-0.0	-0.0	0.0	Rnf112	not_expressed	
213417	0.0028309639389006	0.0	0.0	0.0	Klhdc8a	not_expressed	
233246	-0.0005610828458386	-0.0	-0.0	0.0	Ano5	not_expressed	
50773	-0.0006124708087416	-0.0	-0.0	0.0	Nt5c	not_expressed	
434341	0.0082212950408709	0.0	0.0	0.0	Nlrc5	not_expressed	
74748	0.0014527409387158	0.0	0.0	0.0	Slamf8	not_expressed	
12654	0.0027004214488884	0.0	0.0	0.0	Chil1	not_expressed	
71609	-0.0080365651872876	-0.0	-0.0	0.0	Tradd	not_expressed	
244550	0.0026597834466659	0.0	0.0	0.0	Podnl1	not_expressed	
66901	0.0001167018897951	0.0	0.0	0.0	Proz	not_expressed	
230163	-0.0043505268576862	-0.0	-0.0	0.0	Aldob	not_expressed	
21956	0.00051111507099	0.0	0.0	0.0	Tnnt2	not_expressed	
100198	0.0023524232034681	0.0	0.0	0.0	H6pd	not_expressed	
14264	-0.0016636916555187	-0.0	-0.0	0.0	Fmod	not_expressed	
72244	-0.0123029092176167	-0.0	-0.0	0.0	1600014C10Rik	not_expressed	
12501	0.0009412524141092	0.0	0.0	0.0	Cd3e	not_expressed	
20564	0.0131897510562176	0.0	0.0	0.0	Slit3	not_expressed	
76441	-0.0010334008571052	-0.0	-0.0	0.0	Daam2	not_expressed	
338369	-0.0027311365241415	-0.0	-0.0	0.0	Tmem220	not_expressed	
107527	-0.0045567300795717	-0.0	-0.0	0.0	Il1rl2	not_expressed	
16323	0.007087798228743	0.0	0.0	0.0	Inhba	not_expressed	
17085	0.0127198539100017	0.0	0.0	0.0	Ly9	not_expressed	
59308	9.873402897350302e-05	0.0	0.0	0.0	Emcn	not_expressed	
22324	0.0001011127110527	0.0	0.0	0.0	Vav1	not_expressed	
21384	0.0073289973071939	0.0	0.0	0.0	Tbx15	not_expressed	
20201	0.0034932011503744	0.0	0.0	0.0	S100a8	not_expressed	
76156	-0.0045744146502432	-0.0	-0.0	0.0	Fam131b	not_expressed	
259302	0.0032725309431856	0.0	0.0	0.0	Srgap3	not_expressed	
15559	-0.0067175269337704	-0.0	-0.0	0.0	Htr2b	not_expressed	
114644	0.0041880721071191	0.0	0.0	0.0	Slc13a3	not_expressed	
16979	-0.0023315376082948	-0.0	-0.0	0.0	Lrrn1	not_expressed	
15284	0.0173524879317765	0.0	0.0	0.0	Hlx	not_expressed	
14945	0.0027592233013788	0.0	0.0	0.0	Gzmk	not_expressed	
21389	0.0027053970824123	0.0	0.0	0.0	Tbx6	not_expressed	
70405	0.0059270066364576	0.0	0.0	0.0	Calml3	not_expressed	
19416	4.576908015655224e-05	0.0	0.0	0.0	Rasd1	not_expressed	
18951	-0.0041282616131547	-0.0	-0.0	0.0	Septin5	not_expressed	
170790	-0.0048937690435761	-0.0	-0.0	0.0	Mlc1	not_expressed	
210719	0.0021777978609484	0.0	0.0	0.0	Mkx	not_expressed	
20371	0.0068142796391156	0.0	0.0	0.0	Foxp3	not_expressed	
269019	-0.0072721071888958	-0.0	-0.0	0.0	Stk32a	not_expressed	
277468	0.005485086802136	0.0	0.0	0.0	Slc39a12	not_expressed	
110876	0.0006088464265199	0.0	0.0	0.0	Scn2a	not_expressed	
16181	-0.0051406880564207	-0.0	-0.0	0.0	Il1rn	not_expressed	
16493	0.0059431090335874	0.0	0.0	0.0	Kcna5	not_expressed	
21816	0.0004892529269154	0.0	0.0	0.0	Tgm1	not_expressed	
11839	-0.0016220013208219	-0.0	-0.0	0.0	Areg	not_expressed	
231162	0.0006514799137715	0.0	0.0	0.0	Cytl1	not_expressed	
80286	-0.0015000243238622	-0.0	-0.0	0.0	Tusc3	not_expressed	
19881	0.0014948424394665	0.0	0.0	0.0	Rom1	not_expressed	
15111	0.0007787408212777	0.0	0.0	0.0	Hand2	not_expressed	
72349	0.0027439801256552	0.0	0.0	0.0	Dusp3	not_expressed	
18667	0.000319574119377	0.0	0.0	0.0	Pgr	not_expressed	
233199	0.0007439974721052	0.0	0.0	0.0	Mybpc2	not_expressed	
12481	0.0049694430888387	0.0	0.0	0.0	Cd2	not_expressed	
23959	-0.0072070703700322	-0.0	-0.0	0.0	Nt5e	not_expressed	
241770	-0.0001178891535024	-0.0	-0.0	0.0	Rims4	not_expressed	
226999	-0.0054502652483215	-0.0	-0.0	0.0	Slc9a2	not_expressed	
15450	0.0003038108093553	0.0	0.0	0.0	Lipc	not_expressed	
68016	-0.0014565446118356	-0.0	-0.0	0.0	Cavin4	not_expressed	
11602	0.0003456204475102	0.0	0.0	0.0	Angpt4	not_expressed	
12822	0.0033096674491104	0.0	0.0	0.0	Col18a1	not_expressed	
68846	-0.0007298196014974	-0.0	-0.0	0.0	Rnf208	not_expressed	
72925	-0.002810239365664	-0.0	-0.0	0.0	Marchf1	not_expressed	
27273	-0.0100710687966405	-0.0	-0.0	0.0	Pdk4	not_expressed	
225724	0.0012605572828537	0.0	0.0	0.0	Mapk4	not_expressed	
12346	-0.0059722932132305	-0.0	-0.0	0.0	Car1	not_expressed	
17868	-0.0003824948392255	-0.0	-0.0	0.0	Mybpc3	not_expressed	
12351	-0.0112805986368103	-0.0	-0.0	0.0	Car4	not_expressed	
435965	-0.0013475620916915	-0.0	-0.0	0.0	Lrp3	not_expressed	
18619	0.0020388848359228	0.0	0.0	0.0	Penk	not_expressed	
14733	0.0048105245966497	0.0	0.0	0.0	Gpc1	not_expressed	
211739	-0.0128175438666536	-0.0	-0.0	0.0	Vstm2a	not_expressed	
12834	-0.0078987736097285	-0.0	-0.0	0.0	Col6a2	not_expressed	
78558	-0.0009336141258847	-0.0	-0.0	0.0	Htra3	not_expressed	
224024	0.02099834010635	0.0	0.0	0.0	Scarf2	not_expressed	
93735	0.002954551452792	0.0	0.0	0.0	Wnt16	not_expressed	
71803	0.0058936067944503	0.0	0.0	0.0	Slc25a18	not_expressed	
107503	0.0034991973607352	0.0	0.0	0.0	Atf5	not_expressed	
22409	0.0038381090752157	0.0	0.0	0.0	Wnt10a	not_expressed	
81904	-0.0022474126240373	-0.0	-0.0	0.0	Cacng7	not_expressed	
70726	-0.0042737531720396	-0.0	-0.0	0.0	Angptl6	not_expressed	
170638	-0.0001606320986316	-0.0	-0.0	0.0	Hpcal4	not_expressed	
12723	0.0001832472830696	0.0	0.0	0.0	Clcn1	not_expressed	
320747	0.0041197044255368	0.0	0.0	0.0	Lingo4	not_expressed	
94214	0.014128147653853	0.0	0.0	0.0	Spock2	not_expressed	
20274	-0.0003985657264568	-0.0	-0.0	0.0	Scn9a	not_expressed	
13346	0.0043502027785434	0.0	0.0	0.0	Des	not_expressed	
215632	0.0099298968673233	0.0	0.0	0.0	Psd4	not_expressed	
212974	-0.0083809210988921	-0.0	-0.0	0.0	Pgghg	not_expressed	
18782	-0.0062111202385564	-0.0	-0.0	0.0	Pla2g2d	not_expressed	
230904	0.0025308871814791	0.0	0.0	0.0	Fbxo2	not_expressed	
69454	-0.0031588022373844	-0.0	-0.0	0.0	Clic3	not_expressed	
15460	-0.0040121078226132	-0.0	-0.0	0.0	Hr	not_expressed	
94332	-0.0029133977023192	-0.0	-0.0	0.0	Cadm3	not_expressed	
18113	-0.010358738092473	-0.0	-0.0	0.0	Nnmt	not_expressed	
18816	0.0051205813817675	0.0	0.0	0.0	Serpinf2	not_expressed	
30955	0.0014238022533828	0.0	0.0	0.0	Pik3cg	not_expressed	
320563	0.0011389585326953	0.0	0.0	0.0	Islr2	not_expressed	
20277	-8.802779787777327e-05	-0.0	-0.0	0.0	Scnn1b	not_expressed	
243616	-0.0041382092284097	-0.0	-0.0	0.0	Slc6a11	not_expressed	
24131	0.0038705863907382	0.0	0.0	0.0	Ldb3	not_expressed	
101772	0.0017360240759573	0.0	0.0	0.0	Ano1	not_expressed	
225341	-0.00147353466527	-0.0	-0.0	0.0	Lims2	not_expressed	
27409	-0.0049230217845846	-0.0	-0.0	0.0	Abcg5	not_expressed	
80837	-0.0161689311222765	-0.0	-0.0	0.0	Rhoj	not_expressed	
27371	0.0026101974186344	0.0	0.0	0.0	Sh2d2a	not_expressed	
67573	-0.0006384531519178	-0.0	-0.0	0.0	Loxl4	not_expressed	
244723	0.0038425926275573	0.0	0.0	0.0	Olfm2	not_expressed	
68680	0.0035051679136171	0.0	0.0	0.0	Fitm1	not_expressed	
77794	0.0014194859653779	0.0	0.0	0.0	Adamtsl2	not_expressed	
110351	0.0018741135849771	0.0	0.0	0.0	Rap1gap	not_expressed	
98752	0.0025523877988346	0.0	0.0	0.0	Fcrla	not_expressed	
78560	-0.0029676289340674	-0.0	-0.0	0.0	Adgra2	not_expressed	
209837	-0.0124465135311709	-0.0	-0.0	0.0	Slc38a5	not_expressed	
20533	0.0071440288046163	0.0	0.0	0.0	Slc4a1	not_expressed	
50997	-0.0021082851446958	-0.0	-0.0	0.0	Mpp2	not_expressed	
56471	-0.0079726062245315	-0.0	-0.0	0.0	Stmn4	not_expressed	
21924	0.002382933735899	0.0	0.0	0.0	Tnnc1	not_expressed	
17313	-0.0028054800981771	-0.0	-0.0	0.0	Mgp	not_expressed	
228550	-0.0004706584556636	-0.0	-0.0	0.0	Itpka	not_expressed	
17260	0.0089562071533293	0.0	0.0	0.0	Mef2c	not_expressed	
14125	2.384261224093583e-05	0.0	0.0	0.0	Fcer1a	not_expressed	
21922	-0.0003598334847815	-0.0	-0.0	0.0	Clec3b	not_expressed	
231004	-0.0048999903255847	-0.0	-0.0	0.0	Samd11	not_expressed	
170483	0.0045099930647878	0.0	0.0	0.0	Grin3b	not_expressed	
654812	-0.0053645519748345	-0.0	-0.0	0.0	Angptl7	not_expressed	
641376	-0.0023967652624112	-0.0	-0.0	0.0	Tomm40l	not_expressed	
58208	-0.0012971804324741	-0.0	-0.0	0.0	Bcl11b	not_expressed	
279766	0.0059139994051894	0.0	0.0	0.0	Rhbdd3	not_expressed	
12700	-0.0041698847066586	-0.0	-0.0	0.0	Cish	not_expressed	
269855	0.0035170999760288	0.0	0.0	0.0	Ssc5d	not_expressed	
30806	-0.0007852460784285	-0.0	-0.0	0.0	Adamts8	not_expressed	
27261	-0.0009346762084211	-0.0	-0.0	0.0	Dok3	not_expressed	
268747	0.0037471045716356	0.0	0.0	0.0	Carmil3	not_expressed	
105827	-0.0022342172819376	-0.0	-0.0	0.0	Amigo2	not_expressed	
12643	-0.0058678547846495	-0.0	-0.0	0.0	Chad	not_expressed	
319660	0.0121372025393373	0.0	0.0	0.0	Agmo	not_expressed	
20776	0.0007760833339599	0.0	0.0	0.0	Tmie	not_expressed	
98170	-0.0196946892088697	-0.0	-0.0	0.0	Tmem132a	not_expressed	
56264	-0.0063906143664834	-0.0	-0.0	0.0	Cpxm1	not_expressed	
14173	0.0016828698354253	0.0	0.0	0.0	Fgf2	not_expressed	
13386	0.0020716323048637	0.0	0.0	0.0	Dlk1	not_expressed	
93874	0.0074164607856151	0.0	0.0	0.0	Pcdhb3	not_expressed	
65115	-0.009370815297574	-0.0	-0.0	0.0	Bean1	not_expressed	
16173	0.0042502093922794	0.0	0.0	0.0	Il18	not_expressed	
56461	0.0001105018919704	0.0	0.0	0.0	Kcnip3	not_expressed	
215456	-0.0009213885566244	-0.0	-0.0	0.0	Gpat2	not_expressed	
13655	-0.0026634505038659	-0.0	-0.0	0.0	Egr3	not_expressed	
208890	-0.0003283052837745	-0.0	-0.0	0.0	Slc26a7	not_expressed	
210573	0.0024849012995948	0.0	0.0	0.0	Tmem151b	not_expressed	
224697	-0.0101281937439339	-0.0	-0.0	0.0	Adamts10	not_expressed	
12824	0.0070570131308979	0.0	0.0	0.0	Col2a1	not_expressed	
21960	-0.0001269887123332	-0.0	-0.0	0.0	Tnr	not_expressed	
170743	0.0045757466781604	0.0	0.0	0.0	Tlr7	not_expressed	
11803	0.0001477944947557	0.0	0.0	0.0	Aplp1	not_expressed	
17916	0.0066294198549797	0.0	0.0	0.0	Myo1f	not_expressed	
64297	-0.0058764118957314	-0.0	-0.0	0.0	Gprc5b	not_expressed	
16170	-0.0111774330616285	-0.0	-0.0	0.0	Il16	not_expressed	
16950	0.005754953614734	0.0	0.0	0.0	Loxl3	not_expressed	
16527	-0.0026006411235394	-0.0	-0.0	0.0	Kcnk3	not_expressed	
20537	-0.0013069154531838	-0.0	-0.0	0.0	Slc5a1	not_expressed	
68428	-0.0064253972856939	-0.0	-0.0	0.0	Steap3	not_expressed	
72690	0.0095698316143383	0.0	0.0	0.0	Grrp1	not_expressed	
18534	-0.0078697362474166	-0.0	-0.0	0.0	Pck1	not_expressed	
72780	0.0043901953559097	0.0	0.0	0.0	Rspo3	not_expressed	
12458	-0.0024463541603393	-0.0	-0.0	0.0	Ccr6	not_expressed	
14373	0.0041785822601565	0.0	0.0	0.0	G0s2	not_expressed	
223917	-0.0010737301347815	-0.0	-0.0	0.0	Krt79	not_expressed	
245827	-0.0010955810731179	-0.0	-0.0	0.0	Fat2	not_expressed	
19039	-0.0043739911456854	-0.0	-0.0	0.0	Lgals3bp	not_expressed	
75209	-0.001262769075308	-0.0	-0.0	0.0	Sv2c	not_expressed	
110784	0.0186827031285817	0.0	0.0	0.0	Nr3c2	not_expressed	
14128	-0.0012401438322674	-0.0	-0.0	0.0	Fcer2a	not_expressed	
231147	0.0042612119941628	0.0	0.0	0.0	Sh3tc1	not_expressed	
80901	0.0005664520643509	0.0	0.0	0.0	Cxcr6	not_expressed	
64242	0.0088958482467939	0.0	0.0	0.0	Ngb	not_expressed	
69590	-0.0242444556371421	-0.0	-0.0	0.0	Gpx8	not_expressed	
272428	0.0048438065928563	0.0	0.0	0.0	Acsm5	not_expressed	
56631	-0.0009667859892389	-0.0	-0.0	0.0	Trim17	not_expressed	
16147	0.0105067355380972	0.0	0.0	0.0	Ihh	not_expressed	
15430	0.0024350654816322	0.0	0.0	0.0	Hoxd10	not_expressed	
69693	0.0053623904392227	0.0	0.0	0.0	Pof1b	not_expressed	
214253	-0.0025737234187639	-0.0	-0.0	0.0	Etnk2	not_expressed	
20339	-0.0015373320494498	-0.0	-0.0	0.0	Sele	not_expressed	
20198	0.0073314580788197	0.0	0.0	0.0	S100a4	not_expressed	
110893	0.0036217304758033	0.0	0.0	0.0	Slc8a3	not_expressed	
23893	0.004360934723449	0.0	0.0	0.0	Grem2	not_expressed	
21786	-0.0004111983145191	-0.0	-0.0	0.0	Tff3	not_expressed	
236285	0.0005301002500192	0.0	0.0	0.0	Lancl3	not_expressed	
668940	0.0011153821602815	0.0	0.0	0.0	Myh7b	not_expressed	
63993	-0.001045278180905	-0.0	-0.0	0.0	Slc5a7	not_expressed	
11670	-0.0132144471075267	-0.0	-0.0	0.0	Aldh3a1	not_expressed	
23967	-0.0045134732145798	-0.0	-0.0	0.0	Osr1	not_expressed	
207181	-0.0088685810502215	-0.0	-0.0	0.0	Rbms3	not_expressed	
80976	0.0007720514924393	0.0	0.0	0.0	Syt13	not_expressed	
66513	-0.0058727146058333	-0.0	-0.0	0.0	Tab1	not_expressed	
108052	0.0060426893419233	0.0	0.0	0.0	Slc14a1	not_expressed	
58222	-0.002706197361455	-0.0	-0.0	0.0	Rab37	not_expressed	
65963	-0.0013280834746467	-0.0	-0.0	0.0	Tmem176b	not_expressed	
381853	0.0030852480269386	0.0	0.0	0.0	Gipr	not_expressed	
208164	0.0010214737458073	0.0	0.0	0.0	Fam180a	not_expressed	
18596	0.0064082311601653	0.0	0.0	0.0	Pdgfrb	not_expressed	
330890	0.0008913667680086	0.0	0.0	0.0	Piwil4	not_expressed	
14205	0.0038928793732465	0.0	0.0	0.0	Vegfd	not_expressed	
68458	-0.007295165131602	-0.0	-0.0	0.0	Ppp1r14a	not_expressed	
11568	0.0059727897855097	0.0	0.0	0.0	Aebp1	not_expressed	
26561	0.0077295170657753	0.0	0.0	0.0	Mmp23	not_expressed	
18121	-0.0041941169113088	-0.0	-0.0	0.0	Nog	not_expressed	
20928	0.012252394919807	0.0	0.0	0.0	Abcc9	not_expressed	
170721	0.0023125278338037	0.0	0.0	0.0	Papln	not_expressed	
76854	0.0005478726555752	0.0	0.0	0.0	Gper1	not_expressed	
13654	-0.001693156508679	-0.0	-0.0	0.0	Egr2	not_expressed	
12796	-0.0011531313463753	-0.0	-0.0	0.0	Camp	not_expressed	
17082	-0.0020767842967292	-0.0	-0.0	0.0	Il1rl1	not_expressed	
54167	-0.0003064576590709	-0.0	-0.0	0.0	Icos	not_expressed	
223646	-0.0014731351600599	-0.0	-0.0	0.0	Naprt	not_expressed	
30794	-0.004185922076649	-0.0	-0.0	0.0	Pdlim4	not_expressed	
16371	0.0008213407794916	0.0	0.0	0.0	Irx1	not_expressed	
23794	0.0012297393731091	0.0	0.0	0.0	Adamts5	not_expressed	
17984	-0.0008412085075686	-0.0	-0.0	0.0	Ndn	not_expressed	
72310	0.0003350175881513	0.0	0.0	0.0	Nkg7	not_expressed	
213469	-0.0023303637966147	-0.0	-0.0	0.0	Lgi3	not_expressed	
18548	0.0013747373407898	0.0	0.0	0.0	Pcsk1	not_expressed	
13516	-0.0056145927835043	-0.0	-0.0	0.0	Epyc	not_expressed	
171166	-0.0033013937230299	-0.0	-0.0	0.0	Mcoln3	not_expressed	
67272	-0.005175421020445	-0.0	-0.0	0.0	Cmtm5	not_expressed	
67937	-0.002421608628877	-0.0	-0.0	0.0	Tmem59l	not_expressed	
235281	-0.0018411524887378	-0.0	-0.0	0.0	Scn3b	not_expressed	
13602	0.0144363158362076	0.0	0.0	0.0	Sparcl1	not_expressed	
12322	-0.0026494394183396	-0.0	-0.0	0.0	Camk2a	not_expressed	
216856	0.0013342881696881	0.0	0.0	0.0	Nlgn2	not_expressed	
497097	-6.97963948485608e-05	-0.0	-0.0	0.0	Xkr4	not_expressed	
240667	0.0033283368530879	0.0	0.0	0.0	Sec31b	not_expressed	
15572	-0.0015828267368123	-0.0	-0.0	0.0	Elavl4	not_expressed	
74490	-0.0018062115212602	-0.0	-0.0	0.0	Mamstr	not_expressed	
22412	8.252951919150984e-06	7.305616508069821e-07	1.3525754865833831e-06	6.22013835776401e-07	Wnt9b	neither	-0.0162273122864591
22256	5.178410535622279e-05	1.478727457310622e-06	-3.229939233102943e-05	-3.377811978834005e-05	Ung	neither	0.1740490825493115
20423	4.279915117566326e-05	4.6731981977286005e-06	1.011680933291673e-05	5.443611135188129e-06	Shh	neither	0.1836189435527858
73327	-0.0003190136388396	5.917961655584958e-06	0.0001712991927435	0.0001653812310879	Pradc1	neither	-0.0746188446386119
76044	0.0001552722847139	6.073368056763124e-06	3.875187161291594e-05	3.267850355615282e-05	Ncapg2	neither	0.3358242151322169
223881	-1.21508841223099e-05	6.298662458795136e-06	-1.8061321054520376e-06	-8.104794564247174e-06	Rnd1	neither	-0.9776412734801472
66109	-9.34508188016716e-06	6.478547392908356e-06	-4.907713844041926e-08	-6.527624531348775e-06	Tspan13	neither	-1.7321837410807324
268451	-6.570922396106152e-05	6.587486457178202e-06	1.8805705273581327e-05	1.2218218816403125e-05	Rab11fip4	neither	-0.201177461042338
16881	9.316604164897052e-05	7.023920758260602e-06	1.2077264300039094e-05	5.053343541778492e-06	Lig1	neither	0.2612984004773939
75564	-0.0001557378103562	7.461894186601939e-06	-4.934278747108114e-05	-5.680468165768308e-05	Rsph9	neither	-0.097170239956041
17193	0.0002880967066578	7.899768723091616e-06	-1.9467547769302e-05	-2.736731649239361e-05	Mbd4	neither	0.1167499085118851
235040	6.977697723967504e-06	9.656086755535045e-06	9.332268714701184e-07	-8.722859884064925e-06	Atg4d	neither	1.8270460918964773
327954	2.073028905506065e-05	1.138312499914791e-05	7.90272661981659e-06	-3.48039837933132e-06	Dnah2	neither	1.1142355130170989
109674	-0.0003786813401396	1.1478276338818325e-05	2.618975911832897e-05	1.4711482779510647e-05	Ampd2	neither	-0.0748358118406555
83674	2.4865615853220064e-05	1.1755264917421155e-05	1.5827647542954898e-05	4.072382625533741e-06	Cnnm1	neither	0.5089998674713802
20969	0.0002179221705485	1.268192603867735e-05	2.622507232942221e-05	1.354314629074486e-05	Sdc1	neither	0.2894320501619857
68567	0.0006420846529014	1.3050478229450332e-05	0.0003484470217466	0.0003353965435172	Cgref1	neither	0.2452084530739051
28240	-0.000131813148184	1.3067925012276176e-05	-0.0001066274036951	-0.0001196953287074	Trpm2	neither	0.0633981656938886
54710	0.0001834912734954	1.3392240560949368e-05	-7.644837121618667e-06	-2.1037077682568035e-05	Hs3st3b1	neither	0.1713365188684279
56224	-0.000748891352223	1.3734124258939283e-05	2.5754240027745124e-05	1.202011576880584e-05	Tspan5	neither	0.0754644682290032
75141	4.605682886033847e-05	1.5570504281393033e-05	1.5749375423354152e-05	1.788711419611193e-07	Rasd2	neither	0.8190453478864997
14268	-0.0004150388185437	1.7101053135020842e-05	-0.0002469099261967	-0.0002640109793317	Fn1	neither	0.0455000014398117
19268	-0.0051055726078708	1.84776822267359e-05	0.0012296404102405	0.0012111627280137	Ptprf	neither	0.0941025366747042
56811	-0.0056280158730933	1.899603137846792e-05	0.0004527431458433	0.0004337471144648	Dkk2	neither	-0.0735113245038548
15118	-0.0003515438265554	1.966805562433282e-05	0.0001983644601615	0.0001786964045372	Has3	neither	-0.1751098965718453
108000	-0.0002648209648709	2.128868784860372e-05	1.677743177048426e-05	-4.511256078119458e-06	Cenpf	neither	0.0294492136502241
22276	-0.0001703366085443	2.205129478496856e-05	7.896974800776597e-05	5.691845322279741e-05	Uros	neither	-0.2820430579291093
20650	4.0106014341979744e-05	2.243259971251021e-05	8.05557378244977e-07	-2.162704233426523e-05	Sntb2	neither	1.5671917163558406
70779	-0.0024081911841082	2.396050197695946e-05	-0.0009226590525563	-0.0009466195545332	Prdm5	neither	-0.065996385038572
19041	0.0001497601686586	2.4017019950202525e-05	0.000143560529816	0.0001195435098658	Ppl	neither	0.2619513537122354
27999	0.0008504388008744	2.4583647415158032e-05	0.0001124834120564	8.789976464129645e-05	Fam3c	neither	0.2254399844869312
66771	-9.802583980063468e-05	2.5562812857824287e-05	-1.0342170408374852e-05	-3.590498326619914e-05	Gid4	neither	-0.5423135466255233
106389	2.9315275962699005e-05	2.582015810997285e-05	2.4751124178412315e-05	-1.06903393156054e-06	Eaf2	neither	1.5437386172387422
72151	-0.0001169909862304	2.6546990993936417e-05	5.422335542912302e-06	-2.1124655451024117e-05	Rfc5	neither	-0.5565057773391444
107305	-6.078337305999052e-05	3.15715926129415e-05	4.835462233206375e-05	1.678302971912225e-05	Vps37c	neither	-1.027166888327769
17380	-0.0007137359791419	3.18708189474367e-05	-0.0005885413756095	-0.0006204121945569	Mme	neither	-0.0520190652582356
73836	0.0016585600508738	3.207400772877374e-05	-0.0001398999808817	-0.0001719739886104	Slc35b2	neither	0.0830721080215586
71145	0.0007167083909899	3.321408450861784e-05	0.0002745117332041	0.0002412976486955	Scara5	neither	0.0149285684578077
103710	0.0002610365297794	3.384013631982743e-05	-4.593993076176791e-05	-7.978006708159534e-05	Slc35e4	neither	0.339811062673455
67993	0.002673807190432	3.565288468539786e-05	-0.0001578757286716	-0.000193528613357	Nudt12	neither	0.0783509196531124
71766	0.0032846753820177	3.596398334950411e-05	-0.0017422981869478	-0.0017782621702973	Raver1	neither	0.1340297764046012
67196	0.0004203486396378	3.599161606775467e-05	3.4765310409293975e-05	-1.2263056584606917e-06	Ube2t	neither	0.4208045132408757
380924	-0.0002291295677785	3.940976302594946e-05	-2.8884527301104287e-05	-6.829429032705375e-05	Olfm4	neither	-0.4068214791837096
55988	-0.0001089139590137	3.947853327062128e-05	2.0158212084350647e-05	-1.9320321186270635e-05	Snx12	neither	-0.8902575194241015
109620	-0.0004663579999906	4.148548653484286e-05	-0.0003726606666943	-0.0004141461532291	Dsp	neither	0.0198393798832807
72776	0.0034061986463031	4.539001963980124e-05	-0.0008556458838584	-0.0009010359034982	Sass6	neither	0.1400977165778504
230582	-0.0003030550831182	4.550180436880117e-05	-7.004910823381711e-05	-0.0001155509126026	Cyb5rl	neither	-0.1760618684576382
107508	0.0002480690616455	4.594671874610397e-05	4.6069031186567335e-05	1.2231244046336336e-07	Eprs	neither	0.7034193554702676
19263	-0.0002888093844298	4.697381534339292e-05	-1.8097311728976724e-05	-6.507112707236965e-05	Ptprb	neither	-0.347981807775123
20419	0.0025584097133607	4.746283297844993e-05	0.0004054506265411	0.0003579877935627	Shcbp1	neither	0.1593456250774511
77579	-0.00805102727475	4.788469585020568e-05	-0.0017898367854694	-0.0018377214813196	Myh10	neither	0.0671306387648084
13836	0.0001744902538813	5.211586796344274e-05	7.513880410004973e-05	2.3022936136606985e-05	Epha2	neither	0.6870061483883152
232146	0.0001039625646304	5.259548950822027e-05	0.0001557523861583	0.00010315689665	Eva1a	neither	1.2879605512179482
104871	-0.0002732783625152	5.285655147388309e-05	-9.678317105358584e-05	-0.0001496397225274	Spata7	neither	-0.4183180405355663
240638	-0.0051023020749655	5.325232845772e-05	0.0015379219030429	0.0014846695745851	Slc16a12	neither	-0.1504229950395785
109242	0.0048084033936922	5.339228732018272e-05	-0.0019715893820878	-0.002024981669408	Kif24	neither	0.0565448783896201
18190	0.0001296311839348	5.545797522018177e-05	6.509076754706225e-05	9.632792326880475e-06	Nrxn2	neither	0.447911247623294
28040	-0.0003328291253301	5.546981142425256e-05	-5.94157909372518e-05	-0.0001148856023615	D6Wsu163e	neither	-0.418593750384391
74100	-0.0018329420881908	5.789125927987885e-05	-0.0015494925440848	-0.0016073838033647	Arpp21	neither	-0.0506142771128338
84036	-0.0013599364994244	6.094910496845354e-05	0.0001795831099607	0.0001186340049923	Kcnn1	neither	-0.2243396778903372
208228	0.0007341034111717	6.09949480759669e-05	-0.0003030028018908	-0.0003639977499667	Mob3a	neither	0.1495786472101883
216760	-0.0002021475497227	6.174065997590578e-05	1.479805463211132e-05	-4.694260534379447e-05	Mfap3	neither	-0.7274114292516773
76960	-0.0001042356994386	6.189748798775736e-05	6.747283748289702e-05	5.5753494951396565e-06	Bcas1	neither	-1.5678993706891584
22271	0.0111983487245259	6.198747119354649e-05	0.0104176279968066	0.010355640525613	Upp1	neither	0.122099639749179
67103	-0.000310684888918	6.770235602303725e-05	-0.0001823388463398	-0.0002500412023629	Ptgr1	neither	-0.3215583934613084
68760	-0.0001738852975695	6.874968365882525e-05	2.129749514925508e-05	-4.745218850957017e-05	Synpo2l	neither	-0.528498021173292
16526	0.0001922061435883	6.960089372195751e-05	8.942077963319312e-05	1.981988591123561e-05	Kcnk2	neither	0.3116326817571354
29859	-0.0002179580713866	6.988628631872128e-05	3.986195573311669e-05	-3.0024330585604595e-05	Sult4a1	neither	-0.6986863098052969
17874	-0.0009966061341048	7.161188956155257e-05	0.0001021160546905	3.050416512900237e-05	Myd88	neither	-0.1617705320438505
94040	-0.0056827065581541	7.166178424607931e-05	0.0007341044519128	0.0006624426676667	Clmn	neither	-0.1579352427425545
219228	-0.0021865018903331	7.410485965493473e-05	-0.0007646316949736	-0.0008387365546285	Pcdh17	neither	-0.1477867003330803
269016	-0.0001171632064844	7.607912200400366e-05	4.305172072749327e-05	-3.302740127651039e-05	Sh3rf2	neither	-1.382425939332898
103968	0.0001381592473734	7.775453332610474e-05	-1.3590124369724644e-06	-7.911354576307721e-05	Plin1	neither	1.1806987676966914
66930	-0.0002517798632059	7.820964195809509e-05	2.0309387177130405e-05	-5.790025478096469e-05	Fank1	neither	-0.7752963678786783
14805	-0.0001958694344667	7.82975732462752e-05	4.740510918131429e-05	-3.0892464064960906e-05	Grik1	neither	-0.8005701846867675
170745	-0.0006731727787803	7.898594940777034e-05	0.0001307145124527	5.172856304498527e-05	Xpnpep2	neither	-0.248350859817653
320051	0.0004233069196647	8.654415930282613e-05	0.0002291047623835	0.0001425606030807	Exph5	neither	0.2842272139240612
22785	-0.0016775671903552	8.766942482385679e-05	-0.0004812331450681	-0.000568902569892	Slc30a4	neither	-0.0709838586904247
16513	-0.0002421238790622	9.061330024540076e-05	-0.0001099010440825	-0.0002005143443279	Kcnj10	neither	-0.3183622212350098
72301	0.0013010889685819	9.064589804874264e-05	-0.0006041953100585	-0.0006948412081073	Shisal1	neither	0.1278840857753722
72685	0.0031573871900615	9.183489998143972e-05	0.0019582697870826	0.0018664348871011	Dnajc6	neither	-0.0325383321672618
20350	-0.0073023407028875	9.220555451123084e-05	-0.0047239504260615	-0.0048161559805727	Sema3f	neither	-0.1177548069506922
59009	-0.001229004498767	9.333690674855348e-05	3.0036800516897464e-06	-9.033322669686372e-05	Sh3rf1	neither	-0.050671202735879
242819	-0.0014433281483562	9.53452638051382e-05	-0.0002060890403497	-0.0003014343041548	Rundc3b	neither	-0.0280490495918554
218341	-0.0010543739461016	9.561320993211448e-05	-0.0003899767288825	-0.0004855899388146	Rfesd	neither	-0.1310734490251865
74199	-0.0009594570032992	9.756672864781676e-05	9.335463913824332e-05	-4.212089509573452e-06	Vit	neither	-0.185674056123418
268859	-0.0004432808091186	9.75771308179506e-05	0.000161665760271	6.408862945309223e-05	Rbfox1	neither	-0.445745191652836
140792	-0.0006305023745388	0.0001000272866455	-0.0001437540176965	-0.0002437813043421	Colec12	neither	-0.3583470053918378
192187	-0.0049914621010736	0.000101082588417	-0.0026961748680069	-0.002797257456424	Stab1	neither	0.0544838381124389
51801	0.0004794973252296	0.0001024404096633	0.0001774766837478	7.50362740845312e-05	Ramp1	neither	0.2299246507182903
60363	-0.0004780536474805	0.0001039040915659	-7.901666718788633e-06	-0.0001118057582847	Cldn15	neither	-0.3598537250615852
52276	-0.0020016107223409	0.0001062196012278	0.001793385415523	0.0016871658142952	Cdca8	neither	0.0411502405878033
77116	-0.0004650021172061	0.0001069837247241	-0.0001203819712419	-0.000227365695966	Mtmr2	neither	-0.4265080515758345
100705	0.0110256421265972	0.000107575623031	-0.0047605145936792	-0.0048680902167103	Acacb	neither	-0.0171996103182853
19126	-0.000349671891483	0.0001079639228952	-3.93443630340309e-05	-0.0001473082859292	Prom1	neither	-0.6769076917771608
12311	0.0003180782824586	0.0001090362432242	0.0001885999619077	7.956371868346866e-05	Calcr	neither	0.749256677298711
17387	0.0010959731920619	0.0001101813976015	5.629969722182726e-06	-0.0001045514278794	Mmp14	neither	0.1762276246401191
234593	-0.0002063475636644	0.0001121251241898	8.217075912737997e-05	-2.995436506248441e-05	Ndrg4	neither	-1.34260652389514
11684	0.0004310721315761	0.0001122897683585	-0.000163108639864	-0.0002753984082226	Alox12	neither	0.8452328956735362
239319	0.0002318346755141	0.0001124796718182	-0.0001398437852043	-0.0002523234570226	Card6	neither	1.259893692904373
18476	0.0023944165493719	0.0001128835249826	1.1731021687308984e-05	-0.0001011525032953	Pafah1b3	neither	0.1071077147812901
16510	-0.0003384127875002	0.0001138225319229	6.262979342212171e-06	-0.0001075595525807	Kcnh1	neither	-0.7519068355901272
21664	-0.0012829720239321	0.0001162801201137	-0.0004082787165167	-0.0005245588366305	Phlda1	neither	-0.2176392766295732
13106	0.0017090553972166	0.000120402261779	0.0006219725392548	0.0005015702774758	Cyp2e1	neither	0.221230204404108
12416	-0.0012518766486659	0.0001205191169972	0.0003451719486939	0.0002246528316967	Cbx2	neither	-0.1179176612934069
23792	-0.0005853015454201	0.0001208485023951	-0.0002615197982146	-0.0003823683006097	Adam23	neither	-0.1915014212512185
67216	-0.0009631871282383	0.0001226919107247	5.906123345394972e-05	-6.363067727084298e-05	Mboat2	neither	-0.3326082542788813
13058	0.0030533884628477	0.00012635015982	-0.0012410701602148	-0.0013674203200349	Cybb	neither	-0.0060549299316978
17064	-0.0028342965927825	0.0001283075533383	0.0004382145111849	0.0003099069578466	Cd93	neither	-0.0698072628006882
15936	0.0027293642901533	0.0001296935646653	0.0016049576379005	0.0014752640732352	Ier2	neither	0.1276438725824558
58802	-0.0004120333594294	0.0001301592981447	-9.364087103070476e-05	-0.0002238001691754	Kcnmb4	neither	-0.7626194254779455
70261	-0.0001869485784874	0.0001333393352105	3.226356988660448e-05	-0.0001010757653239	Chp2	neither	-0.8507618692171989
11931	0.0041632612078136	0.000135056761928	0.001053271470138	0.0009182147082099	Atp1b1	neither	0.1804847328056538
329324	-0.0003304676030335	0.0001353853438923	-7.007061373155252e-06	-0.0001423924052654	Syt14	neither	-0.8588578181737503
13506	-0.0004231433608447	0.0001379340368754	0.0001308304071642	-7.1036297111597385e-06	Dsc2	neither	-0.8226535376387554
209584	0.0026483850388579	0.0001390469655808	-0.001551461987996	-0.0016905089535769	Tyw3	neither	0.196216936932463
320633	-0.0022282258744347	0.000140042158959	-0.0003788320118916	-0.0005188741708507	Zbtb26	neither	-0.1236585364219482
56513	-0.0021081749750987	0.000141922823921	0.0007126963353965	0.0005707735114754	Pard6a	neither	-0.3163703109619084
71994	-0.0002141420158166	0.0001420799598386	0.0001613612108264	1.9281250987787256e-05	Cnn3	neither	-1.676138146119
94229	-0.000889379355016	0.0001438870442179	-7.369666575755598e-05	-0.0002175837099755	Slc4a10	neither	-0.3858964838355508
12823	-0.0008973013166765	0.0001439623753523	0.0001111740546018	-3.2788320750424646e-05	Col19a1	neither	-0.3260102391690769
330908	-0.0035142315805061	0.0001464146510636	-1.3018681547918769e-05	-0.0001594333326115	Opcml	neither	-0.155659212874569
546134	0.0002880583948747	0.0001492290340722	0.0001357951416749	-1.3433892397358351e-05	Gramd2	neither	0.8521076801332728
245026	-0.0003444765265654	0.000149376136435	0.0001970121819037	4.763604546868618e-05	Col6a6	neither	-0.9881671566394614
107449	0.0010941613435209	0.0001497120715438	0.0005891959039609	0.0004394838324171	Unc5b	neither	0.3049287722876386
72930	-0.0002835026248241	0.0001524478607557	0.0001543017357882	1.85387503250385e-06	Ppp2r2b	neither	-1.4159821713864078
114713	-0.0003737606634746	0.0001526333148907	5.353223967956055e-06	-0.0001472800909227	Rasa2	neither	-0.8634321326219676
66990	-0.0005617124698063	0.000153627463158	-3.9718506836953607e-05	-0.0001933459699949	Tmem134	neither	-0.6775321076545633
17079	-0.0001310140752252	0.0001555625364674	4.356398040667654e-05	-0.0001119985560607	Cd180	neither	-1.3454866978208342
268527	-0.00325486889198	0.0001574239286683	-0.0001625179439683	-0.0003199418726367	Greb1	neither	-0.0977473539030261
74901	-0.0005583429267028	0.0001576910331731	0.0001255419783036	-3.2149054869543134e-05	Kbtbd11	neither	-0.7325754331277942
54720	-0.0053856314306607	0.0001599345876585	-0.0004574290010947	-0.0006173635887532	Rcan1	neither	-0.0247328005861219
192976	-0.0007409077531757	0.0001620707670397	0.0002094552846243	4.738451758455416e-05	Lrrc75a	neither	-0.2256657769525108
224674	-0.0021219563330426	0.0001630092167795	-0.0004890719525959	-0.0006520811693754	Slc37a1	neither	0.007544300760861
56419	-0.0011723002985214	0.0001641248991489	0.0002592651019559	9.514020280696685e-05	Diaph3	neither	-0.2286672996980134
12683	0.0028433735161836	0.000166070188681	0.0032728368697113	0.0031067666810303	Cidea	neither	-0.0599205028599234
73094	0.0012847665911951	0.0001688097285466	-0.0001664118610874	-0.0003352215896341	Sgip1	neither	0.4587651626189643
16420	-0.0011875117427647	0.0001688534157023	0.0001695932206518	7.398049494898291e-07	Itgb6	neither	-0.3161885993614801
384061	-0.0078547503234614	0.0001694001010062	-0.0006146703618058	-0.000784070462812	Fndc5	neither	-0.0299675515170807
75669	-0.0003752868897341	0.0001729831855999	0.0002417332698495	6.875008424963824e-05	Pik3r4	neither	-1.205467646868296
72016	0.0004390529508501	0.0001729834572781	-1.7473123986886998e-05	-0.000190456581265	Tedc2	neither	1.0035527128964457
217410	-0.0006656211469932	0.0001765391490327	-3.5508294739022535e-05	-0.0002120474437717	Trib2	neither	-0.6239215542163038
243362	-0.000158645096931	0.0001772896555246	0.000198281928129	2.099227260430608e-05	Stard13	maternal	-2.972893341818019
14773	-0.0125979680924513	0.0001776475934754	-0.001124893905522	-0.0013025414989974	Grk5	neither	0.0483679158716683
11554	-0.0028946196496915	0.0001783556581793	-0.0007752664927905	-0.0009536221509698	Adrb1	neither	-0.0203434588167756
72584	-0.0008955477859143	0.0001788906543757	7.519224899546255e-05	-0.0001036984053803	Cul4b	neither	-0.2943593151284422
18227	-0.0004933005680279	0.0001790738761142	-0.0001814111982814	-0.0003604850743957	Nr4a2	neither	-0.817023014253029
21847	-0.0010274185791204	0.0001793327490259	-0.0006394594712972	-0.0008187922203231	Klf10	neither	-0.3363380089534495
384763	-0.0004607967055774	0.0001813243460622	3.082743519895986e-05	-0.0001504969108633	Zfp667	neither	-0.7653872356132342
140721	-0.0014978082489133	0.0001816435978121	0.0003741040391665	0.0001924604413544	Caskin2	neither	-0.2796210530163799
67426	0.0004989569757984	0.0001830190303405	9.465036671202033e-05	-8.836866362857616e-05	Coq8a	neither	0.6764514273831039
330671	0.0001508882068024	0.0001842525227817	6.048962390209505e-05	-0.0001237628988796	B4galnt4	neither	1.5571104401843388
54420	-0.0001357141657937	0.0001874541073247	0.0002351998444376	4.774573711299293e-05	Cldn8	neither	-3.130002482443408
234199	0.0020965150094842	0.0001884177310366	0.0014072543822356	0.001218836651199	Fgl1	neither	0.247532079761538
108927	-0.0007700731869396	0.0001892616440983	4.712985037460995e-05	-0.0001421317937236	Lhfp	neither	-0.5646536258489868
68777	0.0010889048134901	0.0001893302950315	-0.0001536913272232	-0.0003430216222547	Tmem53	neither	0.2292194079561996
77976	0.003236289143026	0.0001903771373814	0.0015598267068457	0.0013694495694643	Nuak1	neither	0.2084679217034966
16854	0.0136400492405075	0.0001915670546009	0.0090819468123251	0.0088903797577242	Lgals3	neither	0.0257480489310975
18039	0.0023145431654496	0.0001930816054098	0.0005160827772065	0.0003230011717967	Nefl	neither	0.2193420253558916
72415	0.0023801668778237	0.0001942812428988	-0.0002196306167679	-0.0004139118596668	Sgo1	neither	0.4374638059727796
217203	0.0013544303124446	0.0001978756508543	-0.0007942791787206	-0.000992154829575	Tmem106a	neither	0.3804761095369299
330301	0.0023707319366773	0.0001980449655402	0.0006253003557573	0.000427255390217	Zfp786	neither	0.1330553209093338
243574	-0.0003967791485516	0.0001992511065723	9.336151353774204e-05	-0.0001058895930346	Kbtbd8	neither	-1.1108400801330376
72287	0.0044207491487283	0.0002006815776412	0.0034701083497934	0.0032694267721522	Plekhf1	neither	0.0273924091858747
237175	0.0024627210036267	0.0002029126932853	0.0018939275882984	0.001691014895013	Adgrg2	neither	0.1165176962396357
19769	-0.0044820293298284	0.0002118903888264	0.0008638609930659	0.0006519706042394	Rit1	neither	0.0020971154570618
192678	0.0006640384235313	0.0002134872765067	-3.9793736602201553e-05	-0.0002532810131089	Rassf3	neither	1.047646698395672
108089	-0.0043266971996787	0.0002141158085405	0.0002698629460821	5.574713754158398e-05	Rnf144a	neither	-0.1128211046598969
14732	0.000454223908575	0.0002148514906019	0.0001554325169276	-5.941897367430678e-05	Gpam	neither	0.889039089264358
70008	-0.0015262548076944	0.0002159294838097	0.0004213170617107	0.000205387577901	Ace2	neither	-0.1899535905933612
666048	0.0014527465935809	0.0002192454670207	0.0007794238395553	0.0005601783725345	Trabd2b	neither	0.3536806397870992
226861	-0.0003381309418485	0.0002194132145589	0.0002001347163692	-1.927849818971901e-05	Hhat	neither	-1.6253422053838753
18162	-0.004031748801313	0.0002232745579133	-0.0019012069120205	-0.0021244814699339	Npr3	neither	-0.0723073135549638
106347	-0.0002216920981459	0.0002246305432633	0.0001358333919976	-8.87971512656778e-05	Ildr1	neither	-2.5336731994319868
246707	-0.0006936055506402	0.0002265750031242	0.0002067128070323	-1.98621960919086e-05	Emilin2	neither	-0.8176837941968618
214804	0.0008166008937323	0.0002274293764746	0.0003705026930376	0.0001430733165629	Syde2	neither	0.6740087130377267
16403	-0.0021747929304467	0.0002298107613224	-8.86719618817558e-05	-0.0003184827232042	Itga6	neither	-0.1087172903442803
105243	-0.0005353766346111	0.0002309718458701	0.0001050419102723	-0.0001259299355977	Slc9a3	neither	-1.0060746341162297
433938	-0.0016161345282928	0.000242093010521	0.0001483069615341	-9.378604898685224e-05	Mn1	neither	-0.2585769175144721
223272	-0.000496469058567	0.0002446682618455	0.0002582837933681	1.361553152259571e-05	Itgbl1	neither	-0.7956313603070758
108147	-0.0083350498054794	0.0002455949228415	0.0027789251842213	0.0025333302613798	Atic	neither	-0.0830740365286736
140580	-0.0005294406619213	0.0002478326620695	0.0001699241331168	-7.790852895277165e-05	Elmo1	neither	-0.9708746409996128
22350	0.0035580662913961	0.0002508802857458	0.0011479301165232	0.0008970498307774	Ezr	neither	0.2042185507237257
17196	-0.0026565579997708	0.0002512324175588	-0.001043953030285	-0.0012951854478438	Mbp	neither	-0.2354750208782887
329650	-0.0018999328544522	0.0002518734599107	0.0001663243979525	-8.554906195816392e-05	Med12l	neither	-0.2806568392022603
100048534	-0.0065290008364661	0.0002583608751619	-0.0034980700109355	-0.0037564308860974	Cfap43	neither	-0.2194315183877939
231125	0.0053873826753826	0.0002612593138685	0.0011118811566575	0.0008506218427889	Zfyve28	neither	0.0333817719799608
71820	0.0014365558660302	0.0002623240276902	0.0008790461085091	0.0006167220808189	Wdr34	neither	0.6032219295016202
23836	-0.0002225158956698	0.0002626733465018	0.0002632509096033	5.775631014215345e-07	Cdh20	neither	-1.41405278231655
319991	0.0003003597125369	0.0002639442935443	0.0001857954438229	-7.814884972141888e-05	Kif6	neither	0.7661022322125326
23969	-0.0005653249674946	0.0002678531288581	0.0001004271559922	-0.0001674259728658	Pacsin1	neither	-1.3041630979278045
224093	0.0040941711383227	0.0002704099175888	0.0017063509207898	0.0014359410032009	Fam43a	neither	-0.0094094641820063
70129	0.0032796631096677	0.000271203030808	0.0011361387803189	0.0008649357495109	Slc44a4	neither	0.1686514675343647
17127	-0.0019037317571818	0.0002729003153177	0.0004081202030607	0.0001352198877429	Smad3	neither	-0.2476264818777804
83603	-0.0049799743548108	0.0002732968370079	-0.0040137366506384	-0.0042870334876463	Elovl4	neither	-0.1772690203315669
14763	-0.0029470598312699	0.0002760520294161	-0.0004241365305744	-0.0007001885599906	Gpr37	neither	-0.2181933452064919
74013	-0.0005863168586459	0.0002775615997721	0.0002657155227287	-1.1846077043344342e-05	Rftn2	neither	-0.7185320208257256
239364	-0.0002854609839297	0.0002789218351593	0.0002272532852145	-5.166854994475528e-05	Tspyl5	neither	-0.9559337461381484
13618	-0.0019226293445313	0.0002798178260681	-2.7652297086459422e-05	-0.0003074701231546	Ednrb	neither	-0.2804653788048988
68010	-0.0013567672359673	0.0002836161440774	-0.0002116471220274	-0.0004952632661049	Bambi	neither	-0.4754769134889575
74717	-0.0012136673713165	0.0002852428510653	0.0005096739196415	0.0002244310685761	Spata17	neither	-0.5532997074882375
319670	0.0034438889568593	0.0002893112738176	0.0007838920567917	0.000494580782974	Eml5	neither	0.268896337400691
16497	0.0041434411280233	0.0002904564964822	0.0008149990182724	0.0005245425217902	Kcnab1	neither	0.0993389916401243
104271	-0.0028239366354709	0.0002937018148308	-0.000260735663687	-0.0005544374785178	Tex15	neither	-0.1410904434135196
67800	0.0005715348906211	0.0002946861660096	-4.992140937772303e-05	-0.0003446075753873	Dgat2	neither	1.0217945373593602
54126	-0.0006721716767594	0.0002961907563279	0.0001530121936617	-0.0001431785626661	Arhgef7	neither	-1.1038124166997825
26415	0.0004964043637653	0.0002987235007331	7.976435445841741e-05	-0.0002189591462747	Mapk13	neither	1.1722711169453564
14760	0.0052339027685761	0.0002988178074601	0.0008051898390264	0.0005063720315663	Gpr19	neither	0.1616439489224141
235134	0.001184840131558	0.0002993751046706	0.0002640602406594	-3.5314864011271106e-05	Nfrkb	neither	0.7749501471537005
228482	0.0009767504640355	0.0003014728903413	-2.884440276609332e-05	-0.0003303172931074	Arhgap11a	neither	1.065092624122585
72017	-0.0020875346576473	0.0003095200054395	-0.0025065357392401	-0.0028160557446796	Cyb5r1	neither	-0.106978295773685
102774	0.0051238684122304	0.000312381516242	0.0009317883161242	0.0006194067998821	Bbs4	neither	0.3060129650299806
20296	-0.0004562274707448	0.0003126097869242	0.0002115667423467	-0.0001010430445774	Ccl2	neither	-1.2235055597565063
20532	0.0004248266622277	0.0003128941643009	0.0002021302399313	-0.0001107639243696	Slc3a1	neither	0.8330357634411336
18212	0.0112542907940069	0.0003129360945451	0.0051681518492509	0.0048552157547057	Ntrk2	neither	0.2097394613450043
226777	0.0002624876761754	0.0003135267801888	0.0002296385010948	-8.38882790939835e-05	C130074G19Rik	neither	2.672521301581617
330355	-0.0005198025193304	0.0003138377114153	0.00017990860781	-0.0001339291036053	Dnah6	neither	-1.342999227701634
20449	-0.0011562764980828	0.0003161939516291	-0.0002854424657453	-0.0006016364173745	St8sia1	neither	-0.4064159878221852
70423	-0.0014049744419728	0.0003183903625811	-0.0003141333794953	-0.0006325237420764	Tspan15	neither	-0.5439266510332083
50765	0.0032073677371489	0.0003207614312071	0.001168591155945	0.0008478297247379	Tfr2	neither	0.3158070122745306
327957	0.0010382147761095	0.000324149761731	0.0007058673991184	0.0003817176373874	Scimp	neither	0.5122993684145879
77015	-0.0007936592397233	0.0003262127413658	-0.0001756864584055	-0.0005018991997714	Mpped2	neither	-0.8031456642178858
66011	-0.0100628050889383	0.0003336444097316	0.0012914922665128	0.0009578478567811	Ranbp17	neither	-0.0163349416118024
347722	-0.0008658909857863	0.000336604202626	-1.6223929148571567e-06	-0.0003382265955408	Agap1	neither	-0.9304009707117482
73075	-0.0004274632700654	0.0003366352682569	0.0002655055000505	-7.11297682064349e-05	Ppil6	neither	-1.760543237963013
57444	-0.0048294262298283	0.0003383995288229	0.0013093439581443	0.0009709444293213	Isg20	neither	-0.2200747735178596
19246	0.0003004552012101	0.0003388778249683	8.641763791534216e-05	-0.0002524601870529	Ptpn1	neither	3.083063834880881
18441	-0.0027300879047574	0.0003466897780321	-0.0017568850697135	-0.0021035748477457	P2ry1	neither	-0.3109820974586737
66349	-0.0006189036492562	0.0003538694605472	0.0004944528391551	0.0001405833786079	Dmac2	neither	-1.5512204244819563
72778	0.0021131770469986	0.0003542838354116	0.001087829739963	0.0007335459045514	Dnajc22	neither	0.280582818016876
12038	-0.0051167085817389	0.0003594121048134	-0.0011946565559989	-0.0015540686608124	Bche	neither	-0.2404868557173483
74761	-0.0042236424359027	0.0003634706603432	0.0005245759522212	0.000161105291878	Mxra8	neither	-0.2476745279133217
67703	0.0012268250833582	0.000365085599659	0.0009128983453256	0.0005478127456666	Kirrel3	neither	0.3950314879751469
378431	-0.0006121674863635	0.0003672558862763	-8.524471920604437e-05	-0.0004525006054824	Txlnb	neither	-0.5054782891478604
50500	-0.0016699376797602	0.0003677731144474	0.0001846075038262	-0.0001831656106211	Ttpa	neither	-0.4483872882348723
67375	0.0014520560367894	0.0003683826654325	9.00992765459811e-05	-0.0002782833888865	Qprt	neither	0.2979800468642391
381379	0.0042376548187564	0.0003812038609991	-0.001154965212899	-0.0015361690738981	Med19	neither	0.3561947012957167
99010	-0.0010290214405114	0.0003828453028465	0.000504795551027	0.0001219502481804	Lpcat4	neither	-1.0771790825518803
272636	0.0012933806980816	0.0003850296912315	0.0006552145171161	0.0002701848258845	Esyt3	neither	0.6917404513019859
237387	0.0010584049736308	0.0003856119429344	0.0004109941782497	2.5382235315305556e-05	Lrrc3	neither	0.4796435196723174
235534	0.0030454392423406	0.0003864247546367	0.0002551934571901	-0.0001312312974465	Pxylp1	neither	0.126799742698928
56078	0.0042749664000178	0.0003893029154928	0.0023257269556222	0.0019364240401293	Car5b	neither	0.2988221194337808
225358	0.0005454835428515	0.0003894846817301	0.0002196709871216	-0.0001698136946084	Fam13b	neither	2.023912476719723
12333	-0.001209640909488	0.000389753460401	0.0005995231453316	0.0002097696849305	Capn1	neither	-0.6807331102314444
207259	-0.0022749419703152	0.0003926004772509	-0.0001387425519161	-0.000531343029167	Zbtb7c	neither	-0.2738717405582392
20912	0.0008013748241933	0.0003959924537467	0.0004364963919172	4.05039381705463e-05	Stxbp3	neither	1.4123026291914096
216867	-0.0021835826552008	0.0003981868611094	0.0002766872437972	-0.0001214996173122	Slc16a11	neither	-0.4352817686524406
80909	-0.0020329677401231	0.0004000634354197	0.0005222445167896	0.0001221810813699	Castor2	neither	-0.4324250371753099
76459	-0.0045544076139227	0.0004001104629708	-0.001848070575979	-0.0022481810389498	Car12	neither	-0.2341071395130045
67976	0.0054987351331529	0.0004010782114138	0.0021667987868957	0.0017657205754818	Trabd	neither	0.0186284090404175
226098	-0.0008968726981349	0.0004041081859344	0.0002237261187987	-0.0001803820671357	Hectd2	neither	-1.1239352312454642
18563	-0.0126569129472779	0.0004074773179319	0.0046551684254782	0.0042476911075462	Pcx	neither	-0.0675207135365153
13497	-0.0016437865306014	0.0004078487383391	-0.0008489421002622	-0.0012567908386013	Drp2	neither	-0.1902743882766641
109205	-0.0018699660606842	0.0004120913628018	-0.0008942589963808	-0.0013063503591827	Sobp	neither	-0.3341708244733398
15945	-0.0023669889064387	0.0004121623352213	-0.0025272849451685	-0.0029394472803898	Cxcl10	neither	-0.3073727817944292
71755	-0.0011392538348109	0.0004131587923501	-0.0005020040086621	-0.0009151628010122	Dhdh	neither	-0.735951629213664
208518	-0.0008037581737813	0.0004162171833871	0.0003343988148396	-8.181836854752995e-05	Cep78	neither	-1.2906045832110875
22224	0.0006919671496428	0.000418536416533	-0.0001641875361756	-0.0005827239527087	Usp10	neither	1.7763347251185966
74666	0.0012504873824964	0.0004246101628666	-0.0004568895016665	-0.0008814996645332	4930432K21Rik	neither	0.964528524190066
68070	-0.0051667621806836	0.0004246369697994	-0.00047319273234	-0.0008978297021394	Pdzd2	neither	-0.0381920739783586
16590	-0.0017703467796176	0.0004294569959795	0.0002909864308756	-0.0001384705651039	Kit	neither	-0.5057055221684902
319613	-0.0007446909207476	0.0004319309097795	0.0003705824684987	-6.1348441280733e-05	Sybu	neither	-1.2925487711082106
78412	0.0007369525054508	0.0004364250780599	-0.0003260714880126	-0.0007624965660726	Cyren	neither	0.8402631439639047
101685	0.0019151042769537	0.0004369743973106	-0.0002538519836483	-0.0006908263809589	Spty2d1	neither	0.7492305770922585
11480	0.0006609843508642	0.0004372080236677	0.0001639783317323	-0.0002732296919353	Acvr2a	neither	1.775333127940269
12190	0.0027018860080149	0.0004393617379616	-0.0001454272144012	-0.0005847889523629	Brca2	neither	0.7592117984271917
50874	0.0017413999888668	0.0004410663686457	0.0011024820592884	0.0006614156906426	Tmod4	neither	0.3780486957659122
11352	-0.0048148434425327	0.0004425276691945	-0.0002784610556462	-0.0007209887248408	Abl2	neither	-0.0270731740466613
14163	-0.0013407798003773	0.0004459279297896	0.0001485534752484	-0.0002973744545412	Fgd1	neither	-0.7585302562089203
75345	0.0033042370512131	0.0004483460204623	-0.0017327360686431	-0.0021810820891055	Slamf7	neither	0.3351866587126155
105171	-0.0012091203632268	0.0004485004338169	-0.0004288156900828	-0.0008773161238997	Arrdc3	neither	-0.8608140326965218
70676	-0.000568498782472	0.0004515472971208	0.0003790285158751	-7.251878124562953e-05	Gulp1	neither	-1.7541202414316073
75690	0.0032182088178681	0.0004524077086155	-0.0010119406792145	-0.00146434838783	Vsig10l	neither	0.2338761316380987
216350	0.0041736367707046	0.0004565705163742	0.002058166438658	0.0016015959222838	Tspan8	neither	0.2840532520897728
100434	0.0014878054089542	0.0004569863477407	0.0002336250484843	-0.0002233612992563	Slc44a1	neither	0.9350154334213228
14276	0.0007967225477717	0.0004592293732618	-0.0001040561525272	-0.000563285525789	Folr2	neither	1.0261257978153902
80890	0.0023001912103539	0.0004677541696105	0.0005982447913611	0.0001304906217506	Trim2	neither	0.4048360657278385
12903	-0.0026501421823725	0.0004678942820879	-0.0024303656357522	-0.0028982599178402	Crabp1	neither	-0.2988775058016009
73407	-0.0012461850373465	0.0004863794218148	-0.0007041616181556	-0.0011905410399704	Tepp	neither	-0.4404656380303942
12140	-0.0004053903538182	0.0004930851045484	0.0003178756146786	-0.0001752094898697	Fabp7	neither	-1.9106777205549788
382913	-0.002074496036832	0.0004940484114392	0.0005238561833218	2.980777188262712e-05	Neil2	neither	-0.5903196886823104
68801	-0.0085599398477625	0.0005067376420559	-0.0003264878071338	-0.0008332254491897	Elovl5	neither	-0.0930284297947461
224171	0.0078796511004105	0.0005074659804536	0.0008773542887024	0.0003698883082487	Cip2a	neither	0.3489560068569547
72008	-0.002089547764498	0.0005107993003538	0.0004306152094548	-8.018409089899007e-05	Zfyve19	neither	-0.6200339164014732
106869	-0.0007589313507146	0.0005113723941826	-5.074771225393193e-05	-0.0005621201064365	Tnfaip8	neither	-1.731166358899646
328381	-0.0011000236085044	0.000517103537073	0.0006015813951165	8.447785804345596e-05	Sh2d4b	neither	-0.7705073857379819
70454	0.0009338571843711	0.0005227335841636	0.0003880537392186	-0.0001346798449449	Cenpl	neither	1.532855224088276
14536	-0.006016418031923	0.0005235710722693	-0.001125497051008	-0.0016490681232774	Nr6a1	neither	-0.0286301114618393
20778	-0.0020979413894266	0.0005235803280967	0.0002409960069394	-0.0002825843211573	Scarb1	neither	-0.6414812660349088
227197	0.0017729504880728	0.0005284776644787	0.000691788583496	0.0001633109190173	Ndufs1	neither	0.8669416364754776
20682	0.0030961289015451	0.000539680244386	0.001627426678517	0.001087746434131	Sox9	neither	0.1879939656083791
26377	-0.0026342150851283	0.0005405881973154	-0.0002784072819073	-0.0008189954792227	Dapp1	neither	-0.4631069647051665
211484	-0.00078869385171	0.0005498208951969	0.0002943089432235	-0.0002555119519734	Tsga10	neither	-1.756407094900098
217262	-0.0010831596432872	0.0005500811098938	-0.0002088414284414	-0.0007589225383353	Abca9	neither	-0.9178072172379682
57443	-0.0008244282836233	0.00055160122734	0.0002961479358934	-0.0002554532914466	Fbxo3	neither	-1.7011467519314556
17756	-0.0015540358209771	0.0005597627163602	0.0001284683211945	-0.0004312943951656	Map2	neither	-0.8694397501783765
29877	0.0081379440796228	0.0005606530039413	0.00135548734529	0.0007948343413486	Hdgfl3	neither	0.073126431328841
72097	0.0016563726458312	0.0005634459571353	0.0005347324593891	-2.8713497746251965e-05	Cracdl	neither	0.4661211785578606
245595	-0.0016358922894475	0.0005688857394453	-0.0008651958905888	-0.0014340816300342	Zfp711	neither	-0.6581976579097472
408022	0.0040696011679663	0.0005716937075554	0.0001495165498656	-0.0004221771576898	Primpol	neither	0.46099235094741
16591	-0.0021804549500178	0.0005770846279952	-0.0002941686685953	-0.0008712532965905	Kl	neither	-0.2676418123809913
94091	-0.0014343834533188	0.0005817478073937	0.0020229135517046	0.0014411657443108	Trim11	neither	-0.9545930840964384
16656	-0.003470155932084	0.0005851948934097	0.0012591848243212	0.0006739899309114	Hivep3	neither	-0.3658600628162974
12827	-0.0010218474747388	0.0005871445596336	-4.206937581109138e-05	-0.0006292139354447	Col4a2	neither	-0.8359172996631866
15200	-0.0078281967782354	0.0005884967850062	-0.0061183638147789	-0.0067068605997851	Hbegf	neither	-0.1465759544122139
52245	-0.0008244398861402	0.0005891673067638	0.0007562516175182	0.0001670843107543	Commd2	neither	-1.8231166542835584
192232	-0.0014637902824931	0.0005891704113907	0.000637682184471	4.8511773080278935e-05	Hps4	neither	-0.8559601451061581
75668	0.0007990310373892	0.0005915476522428	0.0006758184043189	8.427075207610279e-05	Rasl10a	neither	1.1134582104719195
330812	-0.0107569950993474	0.0005961414192181	-0.0051672923803089	-0.005763433799527	Rnf150	neither	-0.1269878344010075
53972	-0.0013746757336526	0.0006032969765014	0.0009063910264198	0.0003030940499184	Ngef	neither	-0.9829171319563236
84035	-0.0038409825084361	0.0006072811696536	3.5012445897051625e-05	-0.0005722687237565	Kremen1	neither	-0.3620133157195221
15904	0.0083031951651222	0.0006161437881522	0.0032762601591416	0.0026601163709893	Id4	neither	0.2210528205028012
268780	-0.0009988213164651	0.0006174321737526	0.0006356624959055	1.82303221528395e-05	Egflam	neither	-1.0331699494563276
14067	-0.0021424137751309	0.0006207989979306	0.0009357563952084	0.0003149573972777	F5	neither	-0.5501519529478729
76179	-0.0098079850779365	0.0006261004589464	0.0010251979341042	0.0003990974751578	Usp31	neither	-0.0503297138422397
22779	-0.006153550227625	0.0006291301253248	-0.0002920482751183	-0.0009211784004432	Ikzf2	neither	-0.261036898028733
69129	0.0011655765724924	0.000632726221477	0.0001505837388642	-0.0004821424826127	Pex11g	neither	1.0003171675661529
108098	-0.0030325096757613	0.0006477444116199	0.0019027227888629	0.0012549783772429	Med21	neither	-0.3902293813217524
214685	0.0062038902086723	0.0006541934683944	-0.0034015576451952	-0.0040557511135897	Chadl	neither	0.1441529855430678
71998	-0.0039009683878662	0.0006596179292145	0.0024319423685721	0.0017723244393575	Slc25a35	neither	-0.3441531051194542
14221	0.0012545978228629	0.000662978486176	0.0003507304973793	-0.0003122479887967	Fjx1	neither	0.7481369215068334
56047	0.0016056470770758	0.0006657398036201	0.0007332048987205	6.746509510038932e-05	Msln	neither	1.0820835366655055
217946	-0.0017863302763744	0.00066716796527	0.0002666050407274	-0.0004005629245426	Cdca7l	neither	-0.9171653595013318
233406	0.0016142175112017	0.0006686918463112	-7.866396025561297e-06	-0.0006765582423367	Prc1	neither	1.4142249106961913
16975	0.0031652427299693	0.0006715238045583	0.0011306088888765	0.0004590850843182	Lrp8	neither	0.559964959722359
208650	-0.0013734816780931	0.000672491373325	-3.037806673889585e-05	-0.0007028694400639	Cblb	neither	-0.8743409154918649
104346	0.0029858326805612	0.0006755705076413	0.0020438156961504	0.0013682451885091	Gas8	neither	0.7428962792131255
246048	-0.0029480764520864	0.0006793472944023	0.0017183013558985	0.0010389540614962	Chodl	neither	-0.4238494514193381
18602	-0.0011574592623503	0.0006805235702183	0.0002264981205568	-0.0004540254496614	Padi4	neither	-0.7180089683347283
16159	0.0008741771945066	0.0006876404200576	9.331734648940066e-05	-0.0005943230735682	Il12a	neither	0.974317613894241
17389	-0.0020349926651443	0.0006897032919047	-0.0001928480888384	-0.0008825513807431	Mmp16	neither	-0.824886957105775
208715	-0.001308219043953	0.0006995605342653	0.000833634383076	0.0001340738488107	Hmgcs1	neither	-1.2771632507966142
13008	-0.0009004463165433	0.0007193664705616	0.0004264067595239	-0.0002929597110376	Csrp2	neither	-1.479883693765156
66412	0.0035813300899124	0.0007218334910887	0.0011264715237636	0.0004046380326749	Arrdc4	neither	0.4958631788301609
229228	-0.0012003140002168	0.0007238874364661	0.0006076734937771	-0.000116213942689	Nudt6	neither	-1.4529297123247626
104445	0.0015365705196738	0.0007274182716256	0.000984359804023	0.0002569415323974	Cdc42ep1	neither	0.4930146582804178
52589	-0.0007071468597128	0.0007315194358842	0.0005296395483327	-0.0002018798875515	Ncald	neither	-2.672350366290334
100040591	-0.000744190611746	0.0007376072739351	-0.0008150700886487	-0.0015526773625838	Kcnj13	neither	-2.03720627185409
12519	-0.0034479931396581	0.0007388337549336	-0.0041159810880539	-0.0048548148429875	Cd80	neither	-0.3151570644039417
21825	0.0050966354382378	0.0007419227740446	0.0032245519030704	0.0024826291290257	Thbs1	neither	0.2080060184297507
50490	-0.0106693347465659	0.0007445061755267	-0.0041282688005667	-0.0048727749760934	Nox4	neither	-0.0806102526329177
73747	-0.0016494007387478	0.00074886399656	0.0005670787337505	-0.0001817852628095	Shld1	neither	-0.952438541327428
234267	-0.0029375181340175	0.0007492779904849	0.0001563875780373	-0.0005928904124476	Gpm6a	neither	-0.5442335249494198
12525	0.0065046972148966	0.0007610958035317	0.0053802049048697	0.0046191091013379	Cd8a	neither	0.1509219251780941
22417	0.0030393788937929	0.0007705061167236	0.0019842194803228	0.0012137133635991	Wnt4	neither	0.4285374862163426
68802	0.0014000762974884	0.0007764582997569	0.0008060034427461	2.9545142989140452e-05	Mypn	neither	0.9301192726366798
54519	0.0045524289637986	0.0007799900823191	0.0005132179679978	-0.0002667721143212	Apbb1ip	neither	0.1619483338765851
57265	0.0037810615238172	0.000784374256309	0.0001525185003145	-0.0006318557559944	Fzd2	neither	0.3790121513015481
19417	0.0019269570906073	0.0007845996784031	0.0003691221668585	-0.0004154775115446	Rasgrf1	neither	0.8145874756940773
19395	0.0026028048967766	0.0007909113605852	0.0012011895776132	0.000410278217028	Rasgrp2	neither	0.5508683209621333
13710	-0.0028229416453769	0.0007944760917094	0.0003025964380699	-0.0004918796536394	Elf3	neither	-0.634931289063541
109272	0.0010242412081732	0.0007981389432828	0.001335676532723	0.0005375375894401	Mybpc1	neither	1.4312395820323227
13850	0.0038959261063235	0.0007982106848034	-0.0002527739509386	-0.0010509846357421	Ephx2	neither	0.3769423076024489
18526	-0.0017124074227849	0.0007986683198009	-0.0003281591934725	-0.0011268275132734	Pcdh10	neither	-1.036701654452315
14761	-0.0030125815196076	0.0008032305056812	0.0018191210021142	0.0010158904964329	Gpr27	neither	-0.5575515987294533
633640	0.0028721497537908	0.0008153481553869	0.0011918391809722	0.0003764910255853	Tmem267	neither	0.892733142591488
22223	-0.0009367254610629	0.0008164303709207	0.0003110047724552	-0.0005054255984654	Uchl1	neither	-2.183174236809055
73379	-0.0045272261385345	0.0008268368173602	0.0001698033617042	-0.0006570334556559	Dcbld2	neither	-0.3379249828903986
72042	-0.0067782527569106	0.0008286873776224	-0.0018204734372091	-0.0026491608148316	Cotl1	neither	-0.3127212849286399
67865	-0.0035409631507576	0.0008338779194275	0.0005995200505226	-0.0002343578689049	Rgs10	neither	-0.5544628741991345
109019	0.0020314768566399	0.0008372129337553	0.0010851280185729	0.0002479150848176	Nabp1	neither	1.3359618118300105
14062	0.0029113761536593	0.0008381947583553	0.0021030162358815	0.0012648214775262	F2r	neither	0.519333460186291
20536	0.0018479748386271	0.0008440664483537	0.0001498165488135	-0.0006942498995402	Slc4a3	neither	0.7455711220247859
320662	-0.0009049474603932	0.0008491736206184	0.0005594982931575	-0.0002896753274608	Casc1	neither	-2.2972709241934184
11733	-0.002627797085687	0.0008523996456009	0.0011058982842977	0.0002534986386967	Ank1	neither	-0.500014426252347
54326	-0.0071906887398226	0.0008525112264806	-0.0039417285897458	-0.0047942398162265	Elovl2	neither	-0.2527044075750166
74091	0.0006558626441455	0.0008604754804669	0.0003463911708722	-0.0005140843095947	Npl	neither	3.665876669376845
83429	-0.0015296129649884	0.0008748401157448	0.0004767070879282	-0.0003981330278166	Ctns	neither	-0.9321183652617866
65970	0.0021022324207259	0.000883009833291	0.0003510138109402	-0.0005319960223508	Lima1	neither	1.1219365732453297
16764	-0.0033216816039464	0.0008847391873079	0.0002272224815375	-0.0006575167057703	Aff3	neither	-0.656778909188058
53374	0.0054574790679506	0.0008912814440638	-2.143490118769722e-05	-0.0009127163452515	Chst3	neither	0.2434964494007889
12326	-0.0023228433488682	0.0008926014659085	0.0020594598700444	0.0011668584041359	Camk4	neither	-0.3127546679869302
78977	0.0087548413677471	0.000894908525079	0.0003224220172608	-0.0005724865078181	Popdc3	neither	0.3169980272877499
55987	-0.0014006851450045	0.0008965592593691	0.0006024400068367	-0.0002941192525323	Cpxm2	neither	-1.116029082683191
18453	0.0010856504738018	0.0008972592200301	0.0003119893999238	-0.0005852698201063	P4hb	neither	2.4787844023120758
14544	-0.002205410763167	0.0009052922068184	0.0002771060716696	-0.0006281861351487	Gda	neither	-0.957017334986586
73822	0.000651395915621	0.0009071128129141	0.0001652987625719	-0.0007418140503422	Mfsd12	neither	2.014154380831796
16400	-0.0051277008975905	0.0009157506028107	-0.0015026989585164	-0.0024184495613272	Itga3	neither	-0.0697741015706782
239554	0.0036387256031312	0.0009176201439238	-0.0006503629024148	-0.0015679830463386	Foxred2	neither	0.4770924605223444
64929	-0.0011705210642434	0.0009225691348162	7.717690287978765e-05	-0.0008453922319364	Scel	neither	-1.9723717228857047
269774	0.0060546260563126	0.0009241648738419	-0.0005034320045196	-0.0014275968783616	Aak1	neither	0.5083617674378273
67784	0.0022667960297604	0.0009343516672075	0.0003245398584235	-0.0006098118087839	Plxnd1	neither	0.4926438411326627
11593	0.0011276261999284	0.0009350902937124	0.0006826250949894	-0.0002524651987229	Aga	neither	1.045267696664894
26878	-0.0090800091508821	0.0009366165158016	0.0007913154194352	-0.0001453010963664	B3galt2	neither	-0.1076679853648872
74589	-0.0060176855534832	0.0009621129740332	0.0012926168182316	0.0003305038441984	Kbtbd12	neither	-0.2758983326412375
71876	-0.0011390438770681	0.0009681660376639	0.0008727381070871	-9.542793057679904e-05	Cenpu	neither	-2.267672917614067
12483	0.0122009079473339	0.0009745352181194	0.0019245534922619	0.0009500182741425	Cd22	neither	0.0879458168891336
214137	0.0076509820440547	0.0009770521883525	-0.0007551004235807	-0.0017321526119333	Arhgap29	neither	0.5578627027145627
22342	-0.0065680810694288	0.0009814632184194	-0.0019575437922663	-0.0029390070106858	Lin7b	neither	-0.0134904546942512
239273	-0.0015090343807004	0.0009855739493383	0.0003558840698733	-0.000629689879465	Abcc4	neither	-1.3454124920776451
19659	-0.0024349050675833	0.000998206879586	-0.0012054207179797	-0.0022036275975657	Rbp1	neither	-0.5671310554829989
18205	-0.0007240739038279	0.0009997280643583	0.0001722158835425	-0.0008275121808157	Ntf3	neither	-1.9799746649660692
243983	-0.0019247351890772	0.0010099546101807	0.0010112054149754	1.250804794770922e-06	Zdhhc13	neither	-1.3843660278686682
14605	-0.0054975631303811	0.0010245440963799	-0.0051511355494574	-0.0061756796458373	Tsc22d3	neither	-0.367457526267509
228778	-0.002647640678089	0.0010318491499945	-0.000272559374633	-0.0013044085246275	6820408C15Rik	neither	-0.5944089443588593
19739	-0.0017777076338108	0.0010320589387153	0.0004943236488129	-0.0005377352899023	Rgs9	neither	-0.75475071812458
209558	0.0026771427329281	0.0010370642186388	0.0027491323708817	0.0017120681522429	Enpp3	neither	0.7962229936465852
242505	0.0061472846331382	0.0010465377821156	0.0022989681623938	0.0012524303802781	Rasef	neither	0.3981280969166609
22063	0.004781300785543	0.0010556025624803	0.0040302504914381	0.0029746479289577	Trpc1	neither	0.4163701029272045
57746	0.0009688329029287	0.0010607232354221	0.0008487782007549	-0.0002119450346671	Piwil2	neither	2.682035975396793
17350	0.0032431445070781	0.0010618190507743	0.0011676533586652	0.0001058343078908	Mlh1	neither	0.5676196862479804
22370	-0.0039316180911807	0.0010659988050862	0.0049708206588934	0.0039048218538071	Vtn	neither	-0.4964011370940617
17300	-0.0032352272645287	0.0010663040695381	0.0004102344890908	-0.0006560695804473	Foxc1	neither	-0.7450180220576431
227327	-0.0025416235103792	0.0010892747118504	0.0008071880557066	-0.0002820866561437	B3gnt7	neither	-1.0347272424275975
74147	-0.003086577204317	0.0010925293114741	-0.0009683168321799	-0.0020608461436541	Ehhadh	neither	-0.5017463824839872
68099	-0.0028487119245171	0.0010936059397373	-3.214664776571785e-05	-0.001125752587503	Cibar1	neither	-0.8931601357351096
279561	0.0015560855046492	0.0011000260903033	0.0004521198584733	-0.0006479062318299	Wnk3	neither	1.9538700623212617
380713	0.0008003747912227	0.0011010440467578	0.0002558304044163	-0.0008452136423414	Scarf1	neither	1.9106482626638088
54609	0.0065611712775945	0.0011010447778043	-0.0011716630670612	-0.0022727078448655	Ubqln2	neither	0.6140283716444491
78134	-0.0070385671697138	0.0011026751183616	-0.0015139172775977	-0.0026165923959593	Lpar4	neither	-0.0025906795371617
235028	-0.0090335494914004	0.0011046556369766	0.0006780729814289	-0.0004265826555477	Zfp426	neither	-0.2641724990544049
13824	-0.0012323149632313	0.0011083270358663	2.568644513070761e-05	-0.0010826405907356	Epb41l4a	neither	-2.289335523152465
240087	0.0021594488507303	0.0011161710048212	-0.0001032319597425	-0.0012194029645638	Mdc1	neither	1.5225712306919683
237353	-0.0046209775348425	0.0011163361331389	0.0009253665529114	-0.0001909695802274	Sh3rf3	neither	-0.553643016648067
67819	0.0045440495701114	0.0011186588927729	0.0005253242115871	-0.0005933346811857	Derl1	neither	0.5866564027911997
23999	-0.0014442593021896	0.0011242848955484	0.000735993665098	-0.0003882912304503	Twf2	neither	-1.907726519065204
627049	0.0025569861462101	0.0011268470810239	0.0019871793865962	0.0008603323055723	Zfp800	neither	0.9962737520378688
64706	-0.0083265505735371	0.00113148729814	-0.0021168834650116	-0.0032483707631517	Scube1	neither	-0.1216600974261864
231470	-0.0036083931314847	0.0011337899314488	0.0004680495423144	-0.0006657403891344	Fras1	neither	-0.7885200174543533
83921	0.0032367512161241	0.0011407035268748	0.0007813304289802	-0.0003593730978945	Cemip2	neither	0.9057512360107888
20525	-0.0016085662006271	0.001144957799818	0.0009325583075339	-0.000212399492284	Slc2a1	neither	-1.7964994808189505
271005	-0.0028781842705836	0.001148804661126	0.0001746561923805	-0.0009741484687455	Klhdc1	neither	-0.9664556272111356
16404	0.0055167951947922	0.0011572955376695	0.003117420616999	0.0019601250793294	Itga7	neither	0.4104416832387044
70928	0.0028476235249753	0.0011602482576573	0.0017044351973405	0.0005441869396832	Trim69	neither	0.6289571690766472
16431	-0.0053737773612696	0.0011732645263583	-0.0035593503896488	-0.0047326149160071	Itm2a	neither	-0.2452085117566829
18616	-0.0052197920620557	0.0011862192658677	-0.0019564614772349	-0.0031426807431027	Peg3	neither	-0.4092547648472968
218461	-0.0023508942068451	0.0011926306699675	0.0002618735783553	-0.0009307570916121	Pde8b	neither	-0.9212640097720924
17427	0.007238343446025	0.0011968016612843	0.0044407387216122	0.0032439370603278	Mns1	neither	0.5097941383552721
140488	-0.0065041709966445	0.0012003600653234	-0.001149801576552	-0.0023501616418755	Igf2bp3	neither	-0.3110340514266949
216850	-0.0019442713023656	0.0012079902433133	0.0006424679587003	-0.0005655222846129	Kdm6b	neither	-1.4936493972728075
94180	0.0029566313049797	0.001219424846608	0.0029095553852427	0.0016901305386347	Acsbg1	neither	0.2613598268150942
67582	-0.0024671825337252	0.0012225061119638	0.0014008004841973	0.0001782943722334	Slc25a26	neither	-1.2522462469438562
320508	-0.0060495370423269	0.0012237445377495	0.0023722108658528	0.0011484663281032	Cachd1	neither	-0.4894938182546459
83671	-0.0022772852782786	0.0012248466386207	0.0010433269739913	-0.0001815196646294	Sytl2	neither	-1.39190576271199
14802	-0.0025935521761749	0.0012414884780296	0.0005563592847117	-0.0006851291933178	Gria4	neither	-1.193598834335306
28146	0.0028669882325522	0.0012448357216978	0.0008887240042571	-0.0003561117174406	Serp1	neither	1.433946300948165
23928	0.0007958263939249	0.0012568316559773	0.0002654745884604	-0.0009913570675168	Lamc3	neither	2.0308178132457995
234857	-0.0019615619253407	0.0012580581597115	0.0005423880180824	-0.0007156701416291	Spire2	neither	-0.9322322852126717
23882	-0.0030773111512576	0.0012650984877249	-0.0009532892928568	-0.0022183877805817	Gadd45g	neither	-0.9512953712496848
19130	-0.002967646524087	0.0012712979451711	-0.0005192754351576	-0.0017905733803288	Prox1	neither	-0.866108932853137
19275	-0.0034613958656814	0.0012877533331077	-4.286081435463692e-05	-0.0013306141474623	Ptprn	neither	-0.4548582312847824
381217	-0.0027521306042979	0.001295783480889	-0.0009599708050127	-0.0022557542859018	Fam189a2	neither	-0.6338772370653154
225997	-0.0016202238168732	0.0013036472176979	0.000295795321936	-0.0010078518957618	Trpm6	neither	-1.1369504436944249
15902	-0.0015061563148796	0.0013057039175418	-0.0006177631230305	-0.0019234670405723	Id2	neither	-2.2716860412231847
57890	0.0050746835884468	0.0013218732955861	0.001388589056755	6.67157611688755e-05	Il17re	neither	0.2739526534322998
213484	-0.0045545862259229	0.0013381453560337	-0.0012530950372717	-0.0025912403933055	Nudt18	neither	-0.1672000227870948
208768	0.0032384401264482	0.0013589641726815	-0.0001835305222836	-0.0015424946949652	Sde2	neither	1.3350960466742323
56794	0.0033760513910366	0.0013727898586475	0.0010914806169834	-0.000281309241664	Hacl1	neither	0.7423824064435073
30935	0.0026616933059681	0.0013802648260135	0.0021903234610212	0.0008100586350077	Tor3a	neither	1.2047391509084606
319504	-0.0076860159913551	0.0013865847858188	0.0021333490627125	0.0007467642768936	Nrcam	neither	-0.3230353528585819
216049	-0.0017077367499248	0.0013922446050214	0.0007307014274455	-0.0006615431775759	Zfp365	neither	-0.8577879068802805
74166	-0.0060202357324019	0.0014125186925477	0.0037064984656887	0.002293979773141	Tmem38a	neither	-0.5925531542521155
67059	0.0015030128061036	0.0014274518952175	0.0006167943463987	-0.0008106575488187	Ola1	neither	2.7093815172242497
14369	0.0018160946365038	0.0014288253131946	0.0011505102822895	-0.000278315030905	Fzd7	neither	2.1923521186365997
12348	-0.0050265044039672	0.0014341639268257	0.0020957629637169	0.0006615990368911	Car11	neither	-0.4655794229574968
209966	-0.0024976055051378	0.0014368161721744	0.0005430028476826	-0.0008938133244918	Pgbd5	neither	-1.350822832201378
11489	-0.0053463110969576	0.0014479378131681	0.0012720147246308	-0.0001759230885372	Adam12	neither	-0.5327541122823739
320495	-0.0024621061411695	0.0014614627868951	0.0009922409757894	-0.0004692218111057	Ipcef1	neither	-1.5125489167717474
16467	0.0028618674220715	0.0014644684124617	0.0012709040263517	-0.0001935643861099	Atcay	neither	0.8859560516246334
211949	0.0024223353101353	0.0014686432105774	0.001819796387519	0.0003511531769415	Spsb4	neither	1.3459499488219986
268297	-0.007127045486208	0.001476053179332	-0.0006865510649855	-0.0021626042443175	Scml4	neither	-0.4678504791008631
54123	0.0020664127570795	0.0014773670945223	0.0018892479055054	0.000411880810983	Irf7	neither	1.0541687490428802
16598	0.0018638993462405	0.0014786038463578	0.0011513372919826	-0.0003272665543751	Klf2	neither	2.0743944881972864
226255	-0.01921962334603	0.0014800932388965	-0.0028405834959403	-0.0043206767348369	Atrnl1	neither	-0.1940657021279685
67480	0.0030081995270178	0.0014972718666725	-0.0006982860180451	-0.0021955578847177	Cwc25	neither	1.4688635782335075
104816	0.0013999422553265	0.0014989741339842	0.000196752102219	-0.0013022220317652	Aspg	neither	1.94895994939526
93838	0.0025314270009881	0.0015295046837183	0.000521493205956	-0.0010080114777623	Dqx1	neither	1.2078667565149943
12286	0.0064115202786051	0.0015372474621414	0.0039571480490076	0.0024199005868661	Cacna1a	neither	0.3216859180658935
102124	0.0084749054655787	0.0015587398986252	0.0009063821978597	-0.0006523577007654	Enkd1	neither	0.2574836751206649
74202	0.0014017423376302	0.0015683317587765	0.0011618359940438	-0.0004064957647327	Fblim1	neither	1.9892381831239652
12702	0.0038888184503313	0.0015721456405541	0.0024965481763344	0.0009244025357803	Socs3	neither	1.156475523490409
329278	-0.0051976902756611	0.0015824564485165	0.0023618218323014	0.0007793653837849	Tnn	neither	-0.6653098016462212
17153	-0.004166422553111	0.0015895676292032	-0.0056890220775706	-0.0072785897067739	Mal	neither	-0.0971984005273604
237211	-0.0027016591007328	0.0015928658770997	0.0006020191052869	-0.0009908467718127	Fancb	neither	-1.4668029540609089
67211	-0.0021485599464974	0.0015995398326394	0.0011328312571409	-0.0004667085754984	Armc10	neither	-1.934330586362228
236904	-0.009613946015577	0.0016058457379988	-0.0006754429319885	-0.0022812886699874	Klhl15	neither	-0.2878265330117019
12978	-0.0223048047318469	0.0016203381757829	0.0072052806181681	0.0055849424423852	Csf1r	neither	0.142405839542726
271711	-0.0032944620976383	0.0016254036002301	0.0006316391285544	-0.0009937644716757	Tmem169	neither	-1.2276564570081605
381175	-0.002018547579411	0.0016277847222655	0.000256346979305	-0.0013714377429605	Ccdc68	neither	-1.4350376056052392
330189	0.0034070041998769	0.0016423088214216	-0.003773253388863	-0.0054155622102847	Tmem120b	neither	0.9535128741105128
18230	-0.0034022261423522	0.001649494027454	0.0011420424463813	-0.0005074515810727	Nxn	neither	-0.9683519706989224
232946	0.0058687487966832	0.0016616639054287	0.0034519259948324	0.0017902620894037	Bloc1s3	neither	0.788851856677515
625249	0.0026223540685092	0.0016681280715367	0.0004237670654893	-0.0012443610060473	Gpx4	neither	1.7436223641186768
18769	-0.0090977820868938	0.0016692061196458	0.0003604517136587	-0.001308754405987	Pkig	neither	-0.4188344112710398
215798	-0.0029299607208081	0.001673626831174	0.000485606894758	-0.0011880199364159	Adgrg6	neither	-1.1345898405584267
19245	0.0049297172758834	0.0016941854702655	0.0038659180422207	0.0021717325719552	Ptp4a3	neither	0.7369497433415069
73825	-0.0027264981671103	0.0016978970610277	0.0013124843113376	-0.0003854127496901	Ppp1r21	neither	-1.5781361082060454
232976	0.0046541524193351	0.0017062386602837	-0.0005125141785118	-0.0022187528387955	Zfp574	neither	1.0752539093756188
116837	-0.0037354133480657	0.0017139457241251	-0.0006534883474992	-0.0023674340716244	Rims1	neither	-1.056585038625231
20104	0.0020659067142241	0.0017160079033511	0.0008758459914265	-0.0008401619119245	Rps6	neither	2.554678673692493
18823	-0.0076879223116547	0.0017224158119639	-0.000903586002909	-0.0026260018148729	Plp1	neither	-0.2794131971589539
13522	-0.0050126166832665	0.0017505221248698	0.0008064611382451	-0.0009440609866247	Adam28	neither	-0.7348285573646854
170711	-0.0063884030865727	0.0017785335794755	0.0025370291540708	0.0007584955745953	Otud7a	neither	-0.4355999753111994
18985	0.0066771074960605	0.0017873458128906	0.003876363208004	0.0020890173951134	Pou2af1	neither	0.2868810219442916
14026	-0.0080228447508619	0.0018063297877055	0.0005209419930939	-0.0012853877946115	Evl	neither	-0.4971733691800178
319634	-0.005694700085309	0.0018120737304034	0.0002797658619379	-0.0015323078684654	Efcab5	neither	-0.5859764109085686
20462	0.0038345450895223	0.0018140010459129	0.0019543478871899	0.000140346841277	Tra2b	neither	1.5941010072791375
66279	-0.0100984665948104	0.0018553742307588	0.0016282651608586	-0.0002271090699002	Tmem218	neither	-0.4163450438717845
50784	-0.0034021401255449	0.0018767631527427	0.0010971838951379	-0.0007795792576047	Plpp2	neither	-0.9650322363772568
11720	-0.0017878327102936	0.0018777470961288	0.0015424258443769	-0.0003353212517519	Mat1a	neither	-2.0737706171062107
72607	-0.0052899840213983	0.0018828724407964	0.0005316420595849	-0.0013512303812114	Usp13	neither	-0.8331474741150089
26912	-0.003929352773975	0.0018856388673421	0.0012978970912069	-0.0005877417761352	Gcat	neither	-0.7591292697062655
20377	0.0060292072379185	0.0018878815133201	0.0056409900333975	0.0037531085200774	Sfrp1	neither	0.6979252182281376
53625	-0.0029459242271584	0.0018953731296144	0.0023452069498277	0.0004498338202133	B3gnt2	neither	-1.593521103069624
225913	-0.005632875624605	0.0019019179553902	0.0004044004451503	-0.0014975175102398	Tkfc	neither	-0.3976382845986391
15939	0.0034449330439678	0.0019077511405452	0.0026266447615512	0.000718893621006	Ier5	neither	1.5374899384742349
72050	-0.0023336966251233	0.0019433070160337	0.0023303810239398	0.000387074007906	Poglut2	neither	-1.892324832170856
12449	0.0026245478725624	0.0019529504037717	0.0005605898018505	-0.0013923606019212	Ccnf	neither	2.112849008507726
66999	-0.0033702226195834	0.0019749946918688	0.0011191523294644	-0.0008558423624044	Med28	neither	-1.3948507509559742
67238	0.0036211440264902	0.0019962640887949	0.0016637714400419	-0.000332492648753	Fam220a	neither	1.0101864496701165
16531	-0.005402889730599	0.00200303668949	0.0015573240907415	-0.0004457125987485	Kcnma1	neither	-0.9366245210289276
272347	0.0054410710784466	0.0020124316839244	-0.0004470622704563	-0.0024594939543808	Zfp398	neither	1.014795089222902
78376	0.0021734515237224	0.002033548423868	0.0002682934998643	-0.0017652549240037	Sapcd1	neither	1.1635873904330438
207792	-0.0033837076878875	0.0020363427770171	0.0040269964427012	0.0019906536656841	BC034090	neither	-0.6130651473895963
83433	0.0066823913177917	0.0020365469274342	0.0009017138447077	-0.0011348330827265	Trem2	neither	0.3925274663480727
240354	0.0091094510605277	0.0020420644380498	0.0034591499210245	0.0014170854829747	Malt1	neither	0.6376236707589729
22021	0.004202416649387	0.0020536790568797	0.0020313843142214	-2.2294742658338432e-05	Tpst1	neither	1.1270599162160215
66083	-0.0036536128536047	0.0020612997524099	0.0007281710347784	-0.0013331287176315	Setd6	neither	-1.426835544856137
75750	0.00488671936107	0.0020643013905767	0.0013453418623907	-0.0007189595281859	Slc10a6	neither	1.2539381073830682
55963	0.0019436090613441	0.0020655367115904	0.000802105865554	-0.0012634308460364	Slc1a4	neither	2.057133417982552
19342	-0.0033262694284043	0.0020821749921931	0.0016853558311025	-0.0003968191610905	Rab4b	neither	-1.1353239508276567
70574	-0.0070457674219587	0.0020894802575322	0.0012724031632119	-0.0008170770943202	Cpm	neither	-0.7678416408096446
193838	0.0055224466687154	0.0021006308329099	0.0017429980241298	-0.0003576328087801	Eme2	neither	0.6107995849770397
245527	0.0161423622268539	0.0021148050793869	-0.0022680257881509	-0.0043828308675378	Eda2r	neither	0.3127957758502238
18415	-0.0062161827696671	0.0021242559870771	5.177755892648294e-05	-0.0020724784281506	Hspa4l	neither	-0.8280761548285066
114606	-0.0043799054401333	0.0021261668364877	0.0013167138023278	-0.0008094530341599	Tle6	neither	-1.3536029965578968
14184	0.0038457720679741	0.0021522205072391	0.0041707040392055	0.0020184835319664	Fgfr3	neither	1.2173243125844315
68728	-0.0039716980596176	0.0021735518850008	0.0003010905975966	-0.0018724612874042	Trp53inp2	neither	-1.3402504455893989
67419	0.0088408815961932	0.0021904579054728	0.0005568400383229	-0.0016336178671499	Armh4	neither	0.4430955031823902
56523	0.0028442280896821	0.0021962281395323	0.0009829791063736	-0.0012132490331586	Pmfbp1	neither	1.3974036042530138
241226	-0.0053737796711307	0.0022258617212432	0.0005884028471364	-0.0016374588741067	Itga8	neither	-1.0153279515137004
71607	-0.0106977802292157	0.0022299752736062	0.0044863624776078	0.0022563872040015	Snx20	neither	-0.3597039512351516
20343	-0.006314444021553	0.002248242412777	-0.0014729547474116	-0.0037211971601886	Sell	neither	-0.4200037336654572
230514	0.0050063755852804	0.0022556624518548	-0.0005744854162335	-0.0028301478680883	Leprot	neither	0.9788836736240356
268860	0.0089579640640288	0.0023159142778172	-4.630408129177229e-05	-0.002362218359109	Abat	neither	0.4857710057556492
319953	-0.0031729842277237	0.0023318977333509	0.0008696863419441	-0.0014622113914068	Ttll1	neither	-1.7273814589821324
56213	-0.0031873991151654	0.002335461545565	0.0025734154620258	0.0002379539164608	Htra1	neither	-2.0635022794343456
12166	0.0034439904685178	0.0023379778518015	0.0014985667250419	-0.0008394111267595	Bmpr1a	neither	1.9837469533531729
56527	0.0032116009816665	0.0023703561571455	0.0008374517598196	-0.0015329043973259	Mast1	neither	0.9088940921765688
217558	0.0031517562964326	0.0023763928732598	0.0027684367411456	0.0003920438678858	G2e3	neither	2.15945462926688
23871	-0.0103991078918873	0.002386122700065	5.3238832235961306e-05	-0.0023328838678291	Ets1	neither	-0.3840326072679336
71699	-0.0033153804829627	0.0024212169113221	0.0019250259124104	-0.0004961909989117	Slc41a3	neither	-0.6865882115796318
72948	-0.0052797494942937	0.0024500054752263	-0.0032911697453927	-0.0057411752206191	Tppp	neither	-0.6859481503194558
68799	0.0125786528289367	0.0024613260246067	0.0020344457857576	-0.000426880238849	Rgmb	neither	0.5877492536176139
105727	-0.0159555585853755	0.0024681524792646	0.002209006495766	-0.0002591459834985	Slc38a1	neither	-0.3189591952496323
19703	0.0017880744756484	0.0024694913994145	0.0028491746356991	0.0003796832362846	Renbp	neither	3.3881522559665167
194388	-0.0043826762919593	0.0025212050345489	0.0028666559046672	0.0003454508701183	Tet3	neither	-1.4255449457952225
56017	0.0046459870826227	0.0025611227343204	0.0039937183283043	0.0014325955939838	Slc2a8	neither	1.036621984847317
74241	-0.0055542654829567	0.0025667727790413	0.0031144011387109	0.0005476283596695	Chpf	neither	-0.5149389040668961
213208	0.0056425774520545	0.0026110190346947	0.0058857155207361	0.0032746964860414	Il20rb	neither	0.6009688132543716
17189	-0.0035234859335387	0.002671746882984	0.0017187427990854	-0.0009530040838986	Mb	neither	-1.12588950917799
229599	0.0070302659641367	0.0026731224628851	-0.0009604897612228	-0.0036336122241079	Ciart	neither	0.8414598861613123
12830	-0.0106186733755562	0.0026822324427205	0.0033461658023999	0.0006639333596794	Col4a5	neither	-0.2651985879998986
224661	0.0027710060382611	0.0026860427399017	0.0014072780592562	-0.0012787646806455	Slc26a8	neither	1.754796025371934
20474	0.014164964321789	0.0026928677495318	0.0059993721889398	0.0033065044394079	Six4	neither	0.5598468566670978
20288	-0.0050884140253661	0.0026943113560749	0.0067293066854641	0.0040349953293891	Msr1	neither	-0.6282701402691101
11606	-0.003653639429833	0.0026965135682481	0.0008384058785128	-0.0018581076897353	Agt	neither	-0.7991648312747924
66329	-0.0084333049104349	0.0027065244270286	-0.000976180501986	-0.0036827049290147	Susd3	neither	-0.8317870663192124
13681	-0.0055038447365249	0.0027109278162186	0.0044407557175564	0.0017298279013378	Eif4a1	neither	-1.1620071072306413
54366	-0.0072663114955779	0.0027428920771399	-0.0008172326741524	-0.0035601247512924	Ctnnal1	neither	-0.8195127849023508
14735	0.0131296786487852	0.0027459927143028	0.0095809005622804	0.0068349078479775	Gpc4	neither	0.3791150417650262
75782	-0.0039200688188964	0.0027734089499835	0.0015070328428588	-0.0012663761071247	Lca5	neither	-1.6504711261830842
64705	-0.0024508475666303	0.0027828942423045	0.0017920595253265	-0.0009908347169779	Dpys	maternal	-2.853445633313044
244653	-0.0040350932369482	0.0027975965511643	0.0010250578011132	-0.0017725387500511	Hydin	neither	-1.574395201831973
60594	-0.0040580555485818	0.002853529140955	0.0003037907358855	-0.0025497384050695	Capn12	neither	-1.0259037031084908
234515	0.0051676187537788	0.0028586556600087	0.000160651022657	-0.0026980046373516	Inpp4b	neither	1.3535477842665369
17219	0.007829148872561	0.0028653289611033	-0.0009229460676614	-0.0037882750287647	Mcm6	neither	1.188357812719279
109594	-0.004379981123918	0.0028840501171189	-8.522137433669615e-05	-0.0029692714914556	Lmo1	neither	-1.5545921197688743
226841	0.0050382193838479	0.0028883995376893	0.0011862579483473	-0.0017021415893419	Vash2	neither	0.4791578705500534
56720	-0.0034941703913912	0.0028916344209142	0.0020123646594429	-0.0008792697614712	Tdo2	neither	-1.651429652690478
68393	0.0029577360073985	0.0029041962739244	-0.0003697879797602	-0.0032739842536847	Mogat1	neither	1.4327217710342803
21426	-0.0044826224171226	0.0029111826798574	0.0065266457623272	0.0036154630824698	Tfec	neither	-1.4919297419341613
71532	0.0091665089565543	0.0029142292079603	0.0018634086886888	-0.0010508205192714	Fam217b	neither	0.418117240841544
20540	-0.006229449114538	0.0029160310540765	0.0004754496313819	-0.0024405814226946	Slc7a7	neither	-0.4472218423440142
19696	-0.006009701862807	0.0029395128620836	0.0011705635721372	-0.0017689492899463	Rel	neither	-1.2029680287601996
353502	-0.0042126302508519	0.0029420836607873	0.0009910360910608	-0.0019510475697265	Hcfc1r1	neither	-1.6233167477296249
52588	-0.0050472185972916	0.002945415868809	0.0031562959665206	0.0002108800977116	Tspan14	neither	-1.5372900325110916
14050	-0.0118416082253918	0.0029623034638429	0.0037751427937429	0.0008128393299	Eya3	neither	-0.6313356698770798
209212	0.0044980962484541	0.0029803202557247	0.0022876793097637	-0.000692640945961	Osgin2	neither	1.5116326874345387
14612	-0.0025983095248141	0.0030189860585454	0.0028496510604716	-0.0001693349980737	Gja4	neither	-2.783072636901156
74194	-0.0050648087842423	0.003021749568614	-0.0014555386263079	-0.0044772881949219	Rnd3	neither	-1.4619009398244285
12986	0.0095842279976092	0.0030493188922358	0.0024449771714514	-0.0006043417207843	Csf3r	neither	0.5820627062928707
54698	-0.0136062577984731	0.0030559163588527	-0.005221571300901	-0.0082774876597538	Crtam	neither	-0.271944035680944
109245	0.0051506522627367	0.0030759120863627	0.0006043152764188	-0.0024715968099438	Lrrc39	neither	1.1540903080783242
81006	-0.0045982837438542	0.0030967462753087	0.0026067431775748	-0.0004900030977339	Gpr63	neither	-1.2184472838409577
13838	-0.0047087981234595	0.003149084691666	0.0014199182871295	-0.0017291664045365	Epha4	neither	-1.7766381006806826
232441	-0.0051502531805561	0.0032053899209359	0.0016945673960057	-0.0015108225249301	Rerg	neither	-1.512561175450187
56508	-0.0051787809131544	0.0032454145676899	0.001831149215514	-0.0014142653521759	Rapgef4	neither	-1.5676005259003556
227674	0.0042081453908032	0.0032552716488869	0.0030236549867938	-0.0002316166620931	Ddx31	neither	1.997840114476089
94088	0.0075984872113862	0.0033128832679856	0.0040441846297469	0.0007313013617613	Trim6	neither	1.2973941306100545
16826	-0.0043430333356362	0.0033184024211695	0.0011551691181857	-0.0021632333029838	Ldb2	neither	-1.7257550843933789
14696	-0.0059751544948393	0.0033320560849446	0.0018810945856684	-0.0014509614992762	Gnb4	neither	-1.4047388684812523
12323	0.0028611527286083	0.0033376307557318	0.0008626517118403	-0.0024749790438914	Camk2b	neither	1.4456592051619117
67963	0.014715421813589	0.0033741568872118	0.001080601141212	-0.0022935557459997	Npc2	neither	0.7681423156752215
17390	-0.0045672084281365	0.0033748195192988	0.0005957702531233	-0.0027790492661755	Mmp2	neither	-1.828825414294705
26922	-0.0081093893916824	0.0034259993139306	0.0037402192416855	0.0003142199277548	Mecr	neither	-1.0694014656831696
320204	-0.0039835246246184	0.0034275319641452	0.0021142532084177	-0.0013132787557275	Etfbkmt	neither	-2.0162739969860968
240518	0.0049183980053834	0.0034709259113881	-0.0002358900381532	-0.0037068159495413	Peli3	neither	1.016592063290006
225266	-0.0066149498238733	0.0034952684336591	0.007249835595719	0.0037545671620599	Klhl14	neither	-1.3541855005201864
16162	-0.0020684782647974	0.0035117293414507	0.0004727502118997	-0.003038979129551	Il12rb2	neither	-2.6249018894394003
71911	-0.0066529705500787	0.0035144900326109	0.0029481928785389	-0.000566297154072	Bdh1	neither	-1.352075312097714
13603	-0.007865874455591	0.003561314491761	0.0017801111249898	-0.0017812033667711	Opn3	neither	-1.1121315706492985
78284	-0.0042732689312036	0.0036695793674564	0.0020117924810902	-0.0016577868863661	Creb3l4	neither	-2.2375097693277968
68082	-0.0041799016084614	0.0037008704840148	0.0023778995957242	-0.0013229708882906	Dusp19	neither	-2.043896834333033
171285	0.0070824624342558	0.003746380681266	0.0075023436610833	0.0037559629798172	Havcr2	neither	0.7948533263391836
11307	-0.0058907735664452	0.0037752928513921	0.0006280848133229	-0.0031472080380692	Abcg1	neither	-1.612050968874602
338362	-0.0059186095446967	0.0038397625462879	0.0004523705994459	-0.003387391946842	Ust	neither	-1.3715546073138338
12818	-0.0137921909168934	0.0038744083772134	0.0011826852433949	-0.0026917231338185	Col14a1	neither	-0.487321622296576
217154	0.0061822195265944	0.0038837996394338	0.0055157991996521	0.0016319995602182	Stac2	neither	1.6420467960940368
231760	-0.0073280707830053	0.0039596403591258	0.0015499914107972	-0.0024096489483286	Rimbp2	neither	-0.9336786308928452
192192	-0.0111470654429061	0.0039689400099632	0.0005829621214651	-0.003385977888498	Shkbp1	neither	-0.4913470990915712
83453	-0.0115256302973916	0.0041361847667516	0.0104775133735576	0.006341328606806	Chrdl1	neither	-0.6208596461678056
230784	0.0045966843493102	0.0041518462813383	0.0028714258140655	-0.0012804204672727	Sesn2	neither	2.4849510888698227
72003	0.005524261480502	0.0041577874357726	0.0017848934252034	-0.0023728940105691	Synpr	neither	1.694015673788265
56434	-0.0060929069598156	0.0041902970290342	0.0047926914215726	0.0006023943925383	Tspan3	neither	-1.4544268647045853
59288	-0.0048325413185708	0.0042007568571541	0.0026346548748132	-0.0015661019823409	Dctn5	neither	-2.3362988574837265
94185	-0.0065279850541969	0.0042011350218689	-0.0007332528052015	-0.0049343878270705	Tnfrsf21	neither	-0.5579776425561432
116847	-0.0056876792572359	0.0042340164627391	0.0030519959449898	-0.0011820205177493	Prelp	neither	-1.8492249667522365
67369	0.0068298131612945	0.0042428717521404	0.0048260755491614	0.000583203797021	Qpctl	neither	1.6647045138647087
15894	0.0255745988298709	0.0042491190824253	0.014912322330461	0.0106632032480356	Icam1	neither	0.3682935679729086
68259	-0.0087636001671159	0.0043246260330188	-0.0008153920110048	-0.0051400180440237	Ift80	neither	-1.2399690062929385
14919	0.0054806032966343	0.0043317705172416	-0.0010943464589506	-0.0054261169761923	Gucy2e	neither	1.7958038610552225
16797	0.0052879470786232	0.0044214214219356	0.0013191410236275	-0.0031022803983081	Lat	neither	1.4544300563484172
67739	-0.0115624736667335	0.0045302859549205	0.0022327342637862	-0.0022975516911342	Slc48a1	neither	-0.8439492661396141
76142	-0.0075806693124951	0.0045957094924014	0.0047650963565937	0.0001693868641922	Ppp1r14c	neither	-1.0987682197088753
56399	0.0047989645114559	0.0046079249223602	0.0029315575041079	-0.0016763674182523	Akap8	neither	2.8065976783852147
231207	0.0065451438616329	0.0047155278666353	0.0062735729722338	0.0015580451055984	Cpeb2	neither	1.9220595913616985
66464	-0.011367801839264	0.0047531004337134	0.0036877448744129	-0.0010653555593004	Taf12	neither	-0.9915409078754844
15273	-0.0064014385562509	0.0048913544038691	0.0030070303540725	-0.0018843240497966	Hivep2	neither	-1.5625058478573088
58180	0.0106467739143597	0.0049051035518865	0.0019349505936569	-0.0029701529582296	Hic2	neither	1.4616992450031103
14119	-0.0133988937567138	0.0049456456139669	-0.007071719678134	-0.012017365292101	Fbn2	neither	-0.7704175470032013
208154	-0.0111766401124571	0.0049680077700815	0.0066061939887947	0.0016381862187132	Btla	neither	-0.552058272784717
217935	-0.0087546812663766	0.0050155152020108	0.0040273885023886	-0.0009881266996222	Wdr60	neither	-0.9582498954014408
76491	0.0044109562330335	0.0050425046998275	0.0041135231138012	-0.0009289815860262	Abhd14b	neither	1.2762600622846187
246104	0.0068381368735121	0.005106440412052	0.0057750483455176	0.0006686079334655	Rhbdl3	neither	1.29836184718373
231712	-0.0091459047608694	0.0051463936789845	0.0075691274022488	0.0024227337232643	Trafd1	neither	-1.4361750185707027
110521	-0.0068697710236639	0.0051941935819489	0.0047822698348658	-0.000411923747083	Hivep1	neither	-1.977837917221665
269643	0.0077418994890678	0.0053223053051624	0.0037109045973122	-0.0016114007078502	Ppp2r2c	neither	1.2601827650189854
53791	-0.0077581538914668	0.0053233726513011	0.0067909931027774	0.0014676204514763	Tlr5	neither	-0.7304211462638711
78749	0.0084106989731881	0.0054095280472203	0.0050644977827695	-0.0003450302644508	Filip1l	neither	1.494043504076283
225998	0.0114220656105093	0.0055071887969927	0.0016880962473575	-0.0038190925496352	Rorb	neither	0.4577291418448706
230379	0.0165961273275295	0.0055212621875307	-0.0029534318252851	-0.0084746940128159	Acer2	neither	0.9706010297054974
23923	-0.0059986867844755	0.0055218419340814	0.0066903489415041	0.0011685070074227	Aadat	neither	-1.874494284856729
18762	0.0071357710841947	0.0055595208055162	0.0033495109042815	-0.0022100099012346	Prkcz	neither	1.9902098208277048
73668	-0.0066224482088027	0.0058027302479469	-0.0008037625198408	-0.0066064927677877	Ttc21b	neither	-1.651322779814118
18585	-0.0096986235426908	0.005825020755433	0.0005605108335415	-0.0052645099218914	Pde9a	neither	-1.234779196470003
16456	0.0075038899479591	0.0058605381468389	0.0067191889077844	0.0008586507609455	F11r	neither	1.9170525614921976
12512	0.0065102879651303	0.0058670851263419	0.0054266530953847	-0.0004404320309572	Cd63	neither	2.5795044579513715
242860	0.0074507624536287	0.00590574771221	0.0045355094501721	-0.0013702382620379	Rsbn1l	neither	2.3360234371033197
17342	-0.0097847856981827	0.0059260362778188	0.0069837949867866	0.0010577587089677	Mitf	neither	-1.5318593985834932
104458	0.0042176698605866	0.0059735401167718	0.003211915479852	-0.0027616246369197	Rars	neither	4.004896824194189
76025	-0.006453775257745	0.0059829493752333	0.0043382567715912	-0.0016446926036421	Cant1	neither	-2.398966052255352
71835	-0.0104438373549711	0.0060434640492716	0.006947230396181	0.0009037663469094	Lancl2	neither	-1.3728535925019525
58998	-0.0161336871704887	0.0061469388556051	0.0012726891086691	-0.0048742497469359	Nectin3	neither	-0.8976120353823662
100019	0.0095078837310098	0.0061801084672725	0.0041099317796701	-0.0020701766876023	Mdn1	neither	1.952346023786239
27528	-0.0208814486359638	0.006231354929582	-0.0017839555705296	-0.0080153105001116	Nrep	neither	-0.7129320394004511
17880	-0.0083852108544706	0.0064387947159517	0.0072445262233599	0.0008057315074082	Myh11	neither	-1.9676497514182325
17117	-0.0049489263670107	0.0064756480272096	0.0050272889643166	-0.001448359062893	Amacr	neither	-2.4531677719035456
66269	0.0035353229930318	0.0065692950262688	0.0041852278631784	-0.0023840671630904	Tmed6	neither	4.43022651462972
16889	-0.0116124538270101	0.0068671393627597	0.0025788930884044	-0.0042882462743552	Lipa	neither	-0.4789740816548076
15212	0.0055617217833202	0.0069799507788954	0.0070985951833415	0.0001186444044461	Hexb	neither	3.5345963904048605
19736	-0.0071139013329061	0.0069835564031964	0.0032466027921888	-0.0037369536110075	Rgs4	neither	-1.1668985741648294
16008	0.0094508294208115	0.0070046135646628	0.0070152194615881	1.0605896925282646e-05	Igfbp2	neither	1.1233934679045814
29856	0.0086662614361391	0.0072196113265447	0.001125602811253	-0.0060940085152916	Smtn	neither	1.383052531156712
66336	0.0109760007611447	0.0074531764091611	-0.0034069370798854	-0.0108601134890465	Cenpp	neither	1.8096132429717149
71310	0.0051515063796388	0.0078209564737443	0.0052403033817505	-0.0025806530919938	Tbc1d9	neither	3.2542531595789743
12398	-0.014895824765749	0.0078655850598486	0.0059088764344521	-0.0019567086253965	Cbfa2t3	neither	-1.28548105400639
18294	-0.0077965334204764	0.0080141546008775	0.0062907117950161	-0.0017234428058613	Ogg1	neither	-2.1638622211789778
13040	0.0089853975769634	0.0080894260372679	0.0085697292280517	0.0004803031907838	Ctss	neither	1.319903125450275
15277	-0.0179570218306475	0.0084640844768718	0.0009366291745078	-0.0075274553023639	Hk2	neither	-1.1151706251508582
64918	0.0120879065023946	0.0084997553338635	0.009015170921801	0.0005154155879375	Bhmt2	neither	1.498407259817878
319974	-0.020025048636872	0.0088817748536104	0.001494984753421	-0.0073867901001894	Auts2	neither	-1.0660556108637584
229699	0.0094733652600512	0.0089581514378813	0.0035643495087148	-0.0053938019291665	Slc16a4	neither	1.957494158956913
29862	-0.0062773048171114	0.0094222241623449	0.0080344614100713	-0.0013877627522736	Ninj2	maternal	-3.987031513470167
17436	-0.0136099756516818	0.009524102115133	0.0016593221356825	-0.0078647799794505	Me1	neither	-1.8159228886847067
320438	0.0131388306507291	0.0099028090609898	0.0029010536749828	-0.007001755386007	Alg6	neither	1.9861792280356283
67848	0.0093528456603296	0.010153186903033	0.0041324820857161	-0.0060207048173168	Ddx55	neither	2.675783788897645
12568	-0.0110209414963796	0.0104091196649283	0.0131868425935299	0.0027777229286016	Cdk5	neither	-2.423930058544332
12826	-0.0210759944269124	0.0108014227326749	-0.0032099127744552	-0.0140113355071301	Col4a1	neither	-0.8553329664176684
214901	0.0141725406592963	0.0109069360005014	0.0031311139288054	-0.007775822071696	Chtf18	neither	1.932009845015604
67374	-0.0138898606512713	0.0111997495713823	0.0040911001755453	-0.007108649395837	Jam2	neither	-2.058342238310058
16842	-0.0118860259442171	0.011652470026695	-0.0001027936371027	-0.0117552636637978	Lef1	neither	-2.5317049764426134
23805	0.0122934114235114	0.0116570176682972	0.0026910488081146	-0.0089659688601825	Apc2	neither	2.1844649035629797
238271	-0.011651361278638	0.0135552937181689	0.0135140902227533	-4.120349541561312e-05	Kcnh5	neither	-2.260022938620085
26903	0.0117310369955264	0.0138754188030207	0.0175445681046944	0.0036691493016736	Dysf	neither	2.2100688149101484
53422	-0.0262358367707887	0.0162231448144997	0.0033198120747669	-0.0129033327397328	Ybx2	neither	-1.5040128797971597
235587	0.0441080735611641	0.016359586041561	0.0203730179221174	0.0040134318805563	Parp3	neither	0.4356459456877516
68603	0.0213096699249767	0.0206318268540014	0.0080624431383931	-0.0125693837156082	Pmvk	neither	1.4693220102261226
13011	0.0227113566017114	0.0358769214293096	0.0281184817684518	-0.0077584396608577	Cst7	neither	3.5033112517705907
