0	event_type	dPSI_control	p_diffsplice	zsa
ENSMUSG00000000441;A3:6:115597308-115598777:115597288-115598777:-	A3	0.03165342003274685	0.4495504496	False
ENSMUSG00000000441;AF:6:115621603-115652650:115652925:115621603-115653197:115653596:-	AF	-0.003982645389325233	0.4495504496	False
ENSMUSG00000000441;RI:6:115597170:115597288-115598777:115598823:-	RI	6.144075377693334e-05	0.4495504496	False
ENSMUSG00000000441;SE:6:115603927-115607602:115607661-115608176:-	SE	0.0	0.4495504496	False
ENSMUSG00000000441;SE:6:115603927-115608176:115608329-115609858:-	SE	-6.144075377700897e-05	0.4495504496	False
ENSMUSG00000000568;A5:5:100109192-100109957:100109192-100109993:-	A5	0.4013308902675875	0.1293706294	False
ENSMUSG00000000568;AF:5:100115246-100124393:100124410:100115246-100126251:100126776:-	AF	0.07854038414674083	0.2181818182	False
ENSMUSG00000000568;SE:5:100109192-100109957:100110063-100110374:-	SE	0.014220857004202371	0.3136863137	False
ENSMUSG00000000568;SE:5:100109192-100109993:100110063-100110374:-	SE	-0.025644092248777117	0.2820512821	False
ENSMUSG00000000568;SE:5:100110471-100111590:100111736-100111843:-	SE	-0.1761006752756642	0.1293706294	False
ENSMUSG00000000568;SE:5:100114042-100115078:100115246-100126251:-	SE	-0.05968095098779935	0.2181818182	False
ENSMUSG00000000568;SE:5:100115246-100124393:100124449-100126251:-	SE	-0.0628716547896303	0.2181818182	False
ENSMUSG00000000787;RI:X:13153464:13153622-13153703:13153802:+	RI	-0.07389849436515855	0.1728271728	False
ENSMUSG00000000787;RI:X:13154518:13154603-13154812:13154910:+	RI	-0.005806768012186766	0.3506493506	False
ENSMUSG00000000827;A3:2:181144728-181149959:181144728-181149966:+	A3	0.007899165168297584	0.3811188811	False
ENSMUSG00000000827;SE:2:181139125-181141096:181141246-181141638:+	SE	-0.005393678352935267	0.3811188811	False
ENSMUSG00000000827;SE:2:181139125-181141638:181141783-181143698:+	SE	-0.03794604803144985	0.3516483516	False
ENSMUSG00000000827;SE:2:181143846-181144669:181144728-181149959:+	SE	0.11912695232394299	0.2584082584	False
ENSMUSG00000000827;SE:2:181150060-181152297:181152323-181153367:+	SE	0.15340670737630857	0.2584082584	False
ENSMUSG00000000827;SE:2:181150060-181153367:181153408-181154832:+	SE	-0.16040438535802704	0.2584082584	False
ENSMUSG00000001036;A5:11:61423518-61424397:61423518-61424415:-	A5	-0.002411897456972678	0.3981018981	False
ENSMUSG00000001036;AF:11:61426209-61434984:61435139:61426209-61436976:61437368:-	AF	-0.008705764875402089	0.3981018981	False
ENSMUSG00000001036;MX:11:61437737-61438696:61438809-61470393:61437737-61456648:61456720-61470393:-	MX	0.04401316639836264	0.3981018981	False
ENSMUSG00000001036;SE:11:61424507-61425404:61425439-61426097:-	SE	-0.05272060266916584	0.3981018981	False
ENSMUSG00000001036;SE:11:61426209-61434984:61435154-61436976:-	SE	-0.029536646538994293	0.3981018981	False
ENSMUSG00000001036;SE:11:61437737-61438696:61438809-61470393:-	SE	0.008162056504622737	0.3981018981	False
ENSMUSG00000001036;SE:11:61437737-61438834:61438868-61456648:-	SE	0.033695747403378884	0.3981018981	False
ENSMUSG00000001036;SE:11:61437737-61456648:61456720-61470393:-	SE	-0.04346493171400359	0.3981018981	False
ENSMUSG00000001036;SE:11:61438868-61444336:61444405-61456648:-	SE	0.022912505307711883	0.3981018981	False
ENSMUSG00000001103;A5:11:78394411-78394565:78394403-78394565:+	A5	0.038663407836572086	0.2007992008	False
ENSMUSG00000001175;AF:12:100165694:100165975-100168652:100166403:100166564-100168652:+	AF	0.006029995367940466	0.3701298701	False
ENSMUSG00000001289;A5:15:102235284-102236957:102234970-102236957:+	A5	0.0993821083012771	0.2985014985	False
ENSMUSG00000001289;AF:15:102234583:102234695-102235253:102234845:102234970-102235253:+	AF	-0.0010211834087797654	0.4235764236	False
ENSMUSG00000001289;AF:15:102234624:102234695-102236957:102234818:102234970-102236957:+	AF	0.4089690870111835	0.2985014985	False
ENSMUSG00000001289;MX:15:102234695-102234868:102234970-102236957:102234695-102235253:102235284-102236957:+	MX	-0.02736977184323508	0.4141483516	False
ENSMUSG00000001289;RI:15:102234868:102234970-102235253:102235284:+	RI	0.12079622139697192	0.2985014985	False
ENSMUSG00000001289;SE:15:102234695-102234868:102234970-102235253:+	SE	-0.008318444461867469	0.4141483516	False
ENSMUSG00000001289;SE:15:102234695-102234868:102234970-102236957:+	SE	-0.1536424305254157	0.2985014985	False
ENSMUSG00000001289;SE:15:102234970-102235253:102235284-102236957:+	SE	0.009172646277613827	0.4141483516	False
ENSMUSG00000001517;A3:6:128348048-128349494:128348048-128349497:+	A3	-0.06167418339446857	0.2311022311	False
ENSMUSG00000001517;A3:6:128348975-128349494:128348975-128349497:+	A3	-0.0001499896256866584	0.3951048951	False
ENSMUSG00000001517;SE:6:128348048-128348931:128348975-128349494:+	SE	0.2820517076683045	0.2311022311	False
ENSMUSG00000001517;SE:6:128348048-128348931:128348975-128349497:+	SE	0.0830518505193576	0.2311022311	False
ENSMUSG00000001521;SE:6:128314748-128325086:128325169-128332701:-	SE	-0.02443365362489352	0.2702297702	False
ENSMUSG00000001729;A3:12:112628768-112637950:112628742-112637950:-	A3	0.0	0.4400599401	False
ENSMUSG00000001729;AF:12:112638088-112640140:112640378:112638088-112640434:112640710:-	AF	-0.008538923451637828	0.4400599401	False
ENSMUSG00000001729;AF:12:112638088-112640140:112640378:112638088-112641156:112641318:-	AF	0.13597705966314638	0.4400599401	False
ENSMUSG00000001729;AF:12:112638088-112640434:112640710:112638088-112641156:112641318:-	AF	0.10513393366776913	0.4400599401	False
ENSMUSG00000001729;SE:12:112623425-112623502:112623630-112623702:-	SE	0.0018120433684262194	0.4400599401	False
ENSMUSG00000001847;AF:5:143502984-143503210:143503363:143502984-143503812:143503937:-	AF	0.005148576581824983	0.3711288711	False
ENSMUSG00000001847;AF:5:143502984-143503210:143503363:143502984-143513518:143513748:-	AF	0.015927665814391336	0.3711288711	False
ENSMUSG00000001847;AF:5:143502984-143503210:143503363:143502984-143513518:143513791:-	AF	0.09117464935722835	0.3711288711	False
ENSMUSG00000001847;AF:5:143502984-143503812:143503937:143502984-143513518:143513748:-	AF	0.008983678737725875	0.3711288711	False
ENSMUSG00000001847;AF:5:143502984-143503812:143503937:143502984-143513518:143513791:-	AF	-0.013251599267665504	0.3711288711	False
ENSMUSG00000001847;SE:5:143493913-143495352:143495408-143500424:-	SE	-0.011179058158897082	0.3711288711	False
ENSMUSG00000001855;A3:2:31928184-31929332:31928184-31929335:+	A3	0.0022794512915754947	0.4120879121	False
ENSMUSG00000001855;SE:2:31879151-31880247:31880373-31881276:+	SE	0.057736628302589965	0.4120879121	False
ENSMUSG00000001855;SE:2:31892690-31892893:31893042-31894325:+	SE	-0.0030320884345124144	0.4120879121	False
ENSMUSG00000001855;SE:2:31932581-31937415:31937586-31941021:+	SE	-0.013768675736164582	0.4120879121	False
ENSMUSG00000001910;A5:8:85402887-85402970:85402887-85403051:-	A5	0.029445213360635325	0.3200799201	False
ENSMUSG00000001910;AF:8:85403881-85413677:85413782:85403881-85413998:85414220:-	AF	0.44541669701537395	0.1228771229	False
ENSMUSG00000001910;AF:8:85403881-85413677:85413782:85403881-85414304:85414531:-	AF	0.1425820512430805	0.1568431568	False
ENSMUSG00000001910;AF:8:85403881-85413998:85414220:85403881-85414304:85414531:-	AF	-0.08507671597084593	0.2165334665	False
ENSMUSG00000001910;AF:8:85403881-85414019:85414220:85403881-85414304:85414531:-	AF	-0.0060860985419708	0.3736263736	False
ENSMUSG00000001924;AF:X:20524565:20524765-20534688:20525666:20525805-20534688:+	AF	0.0045615408298397275	0.3651348651	False
ENSMUSG00000001924;AF:X:20524565:20524765-20534688:20529137:20529364-20534688:+	AF	-0.024163393159041785	0.3651348651	False
ENSMUSG00000001924;AF:X:20525666:20525805-20534688:20529137:20529364-20534688:+	AF	-0.00920368708152922	0.3651348651	False
ENSMUSG00000001924;SE:X:20524765-20525439:20525535-20534688:+	SE	0.2721679051942355	0.2157842158	False
ENSMUSG00000002297;A3:5:8454916-8455802:8454913-8455802:-	A3	-0.0048866725389967725	0.457042957	False
ENSMUSG00000002297;AL:5:8446973:8448162-8449688:8448325:8448669-8449688:-	AL	0.007286857525481194	0.457042957	False
ENSMUSG00000002297;AL:5:8447011:8448162-8449688:8448325:8448669-8449688:-	AL	0.0006837688671195163	0.457042957	False
ENSMUSG00000002297;SE:5:8448162-8449688:8449812-8453080:-	SE	-1.9887678093244432e-07	0.457042957	False
ENSMUSG00000002365;SE:17:5891821-5920943:5921228-5937272:+	SE	0.0008933286969872792	0.4360639361	False
ENSMUSG00000002372;A3:17:57003789-57008023:57003789-57009763:+	A3	-0.0009653293581830674	0.4020979021	False
ENSMUSG00000002372;SE:17:56993061-56998745:56998882-56999521:+	SE	0.030912545892609538	0.3643023643	False
ENSMUSG00000002372;SE:17:56993061-56999521:56999721-57003602:+	SE	-0.19432129623156924	0.1018981019	False
ENSMUSG00000002372;SE:17:57013965-57014163:57014238-57014851:+	SE	-0.10811831256701543	0.1638361638	False
ENSMUSG00000002489;A3:16:89586479-89589890:89584053-89589890:-	A3	-0.005595558697758407	0.3676323676	False
ENSMUSG00000002489;AF:16:89752995-89757565:89757625:89752995-89770682:89770787:-	AF	0.2062523885120469	0.2074592075	False
ENSMUSG00000002489;AF:16:89752995-89757565:89757625:89752995-89771472:89771587:-	AF	0.029532157972923065	0.3154623155	False
ENSMUSG00000002489;AF:16:89752995-89757565:89757625:89752995-89776871:89776968:-	AF	-0.12744162198884912	0.3154623155	False
ENSMUSG00000002489;AF:16:89752995-89757565:89757715:89752995-89770682:89770787:-	AF	0.024797485001228303	0.3676323676	False
ENSMUSG00000002489;AF:16:89752995-89757565:89757715:89752995-89771472:89771587:-	AF	0.005953509083428591	0.3676323676	False
ENSMUSG00000002489;AF:16:89752995-89757565:89757715:89752995-89776871:89776968:-	AF	-0.0626995367331496	0.3676323676	False
ENSMUSG00000002489;AF:16:89752995-89770682:89770787:89752995-89771472:89771587:-	AF	-0.06221781570707477	0.3062937063	False
ENSMUSG00000002489;AF:16:89752995-89770682:89770787:89752995-89776871:89776968:-	AF	-0.2246028954175595	0.2074592075	False
ENSMUSG00000002489;AF:16:89752995-89771472:89771587:89752995-89776871:89776968:-	AF	-0.06737011062515752	0.3062937063	False
ENSMUSG00000002489;AL:16:89584004:89584053-89589890:89584746:89586479-89589890:-	AL	0.03889784380509866	0.3154623155	False
ENSMUSG00000002489;AL:16:89695239:89695466-89752824:89705109:89705603-89752824:-	AL	-0.008332835903326341	0.3676323676	False
ENSMUSG00000002489;AL:16:89695239:89695466-89752824:89705436:89705603-89752824:-	AL	0.2062523885120469	0.2074592075	False
ENSMUSG00000002489;SE:16:89695466-89705435:89705603-89752824:-	SE	-0.02888627596979465	0.3154623155	False
ENSMUSG00000002496;A3:17:24816111-24816179:24816037-24816179:-	A3	0.0	0.4458041958	False
ENSMUSG00000002496;A3:17:24823966-24825198:24823963-24825198:-	A3	0.0	0.4458041958	False
ENSMUSG00000002496;A3:17:24823966-24826411:24823963-24826411:-	A3	-0.24607680223659067	0.4458041958	False
ENSMUSG00000002496;A3:17:24851085-24851512:24851080-24851512:-	A3	-0.002271770907070869	0.453046953	False
ENSMUSG00000002496;A5:17:24849973-24850919:24849973-24850971:-	A5	-0.004374394562019046	0.453046953	False
ENSMUSG00000002496;A5:17:24851085-24851188:24851085-24851512:-	A5	0.0	0.453046953	False
ENSMUSG00000002496;RI:17:24816020:24816111-24816179:24816257:-	RI	0.05010714240475823	0.4458041958	False
ENSMUSG00000002496;SE:17:24819439-24820363:24820431-24821068:-	SE	-0.2991198911527637	0.4458041958	False
ENSMUSG00000002496;SE:17:24823966-24825198:24825326-24826411:-	SE	-0.2267304307499931	0.4458041958	False
ENSMUSG00000002797;A3:6:54963953-54966485:54963945-54966485:-	A3	-0.055614903594223164	0.2367632368	False
ENSMUSG00000002797;A5:6:54963953-54966397:54963953-54966485:-	A5	0.005691777210112978	0.3841158841	False
ENSMUSG00000002797;A5:6:54966542-54969555:54966542-54969680:-	A5	0.10059939639531101	0.2257742258	False
ENSMUSG00000002797;SE:6:54963953-54966397:54966542-54969680:-	SE	0.0013928024853633314	0.3841158841	False
ENSMUSG00000002870;A3:6:88869199-88869927:88869177-88869927:-	A3	0.0	0.4225774226	False
ENSMUSG00000002870;A3:6:88874498-88875627:88874373-88875627:-	A3	-0.03662549537164439	0.3199300699	False
ENSMUSG00000002870;SE:6:88870495-88874269:88874498-88875627:-	SE	0.1591678419057898	0.1198801199	False
ENSMUSG00000003068;A3:10:79962936-79963738:79962936-79963792:+	A3	0.0028192268213736993	0.4105894106	False
ENSMUSG00000003068;A5:10:79952741-79960636:79952550-79960636:+	A5	-0.0394300745060453	0.2803862804	False
ENSMUSG00000003068;RI:10:79961867:79961999-79962067:79962203:+	RI	0.0427419117287591	0.2803862804	False
ENSMUSG00000003068;SE:10:79963934-79964225:79965534-79965739:+	SE	0.06084323007915922	0.2803862804	False
ENSMUSG00000003119;A3:11:98136495-98140509:98136495-98140536:+	A3	-0.03451029085773316	0.2237762238	False
ENSMUSG00000003234;A3:16:20369437-20370224:20369437-20370229:+	A3	-0.04959446063426787	0.3321678322	False
ENSMUSG00000003234;A3:16:20370904-20371009:20370904-20371073:+	A3	0.0	0.4140859141	False
ENSMUSG00000003234;A5:16:20367863-20367985:20367845-20367985:+	A5	0.24557938881408692	0.1773226773	False
ENSMUSG00000003234;A5:16:20377579-20378041:20377498-20378041:+	A5	-0.07433768190915624	0.3321678322	False
ENSMUSG00000003234;SE:16:20368851-20368952:20369074-20369171:+	SE	0.024256239204972663	0.3515234765	False
ENSMUSG00000003779;A5:18:34758113-34758511:34757905-34758511:+	A5	0.10756991689801043	0.2657342657	False
ENSMUSG00000003779;A5:18:34758316-34758511:34758113-34758511:+	A5	-0.09550791271914716	0.2657342657	False
ENSMUSG00000003779;AF:18:34757666:34757905-34758511:34758060:34758113-34758511:+	AF	-0.10875878324319121	0.2657342657	False
ENSMUSG00000003779;AF:18:34757666:34757905-34758511:34758086:34758316-34758511:+	AF	-0.03136724565218918	0.2657342657	False
ENSMUSG00000003779;RI:18:34761438:34761475-34761558:34761632:+	RI	-0.031287269551493635	0.2657342657	False
ENSMUSG00000003779;RI:18:34761728:34761839-34761938:34762006:+	RI	0.031287269551493614	0.2657342657	False
ENSMUSG00000003810;A3:4:116165534-116165844:116165531-116165844:-	A3	-0.11619850200533499	0.2597402597	False
ENSMUSG00000003810;A3:4:116167239-116167654:116167151-116167654:-	A3	1.1102230246251565e-16	0.4190809191	False
ENSMUSG00000003810;A3:4:116173228-116173660:116173203-116173660:-	A3	0.01161975714593555	0.4190809191	False
ENSMUSG00000003810;SE:4:116187666-116190610:116190630-116194619:-	SE	0.11522677503028231	0.2597402597	False
ENSMUSG00000003810;SE:4:116210261-116225933:116225981-116248800:-	SE	0.021860497547814734	0.4190809191	False
ENSMUSG00000003824;A3:8:85598882-85599331:85598882-85599349:+	A3	-0.011740084355931768	0.3026973027	False
ENSMUSG00000003824;SE:8:85599461-85610060:85610213-85612564:+	SE	-0.04197599136406663	0.2697302697	False
ENSMUSG00000004096;A5:9:14412077-14413212:14412039-14413212:+	A5	-0.14328378557964427	0.0839160839	False
ENSMUSG00000004096;AF:9:14411913:14412077-14413212:14412182:14412597-14413212:+	AF	-0.0267562208769635	0.2352647353	False
ENSMUSG00000004096;AF:9:14411943:14412039-14413212:14412182:14412597-14413212:+	AF	-0.043050620036402476	0.2352647353	False
ENSMUSG00000004099;A3:9:20851850-20852669:20851847-20852669:-	A3	0.17094503345047773	0.1423576424	False
ENSMUSG00000004099;AF:9:20853915-20863142:20863901:20853915-20864004:20864275:-	AF	-0.0009781138060673614	0.4000999001	False
ENSMUSG00000004099;AF:9:20853915-20863142:20863901:20853915-20871029:20871184:-	AF	0.021842570848618327	0.4000999001	False
ENSMUSG00000004099;AF:9:20853915-20863142:20863919:20853915-20864004:20864275:-	AF	0.005157786115348467	0.4000999001	False
ENSMUSG00000004099;AF:9:20853915-20863142:20863919:20853915-20871029:20871184:-	AF	0.0040185413426943335	0.4000999001	False
ENSMUSG00000004099;AF:9:20853915-20864004:20864275:20853915-20871029:20871184:-	AF	0.17164036471483968	0.1423576424	False
ENSMUSG00000004591;A3:3:142516248-142516452:142516195-142516452:-	A3	-0.001485206949964346	0.4355644356	False
ENSMUSG00000004591;A5:3:142526407-142527280:142526407-142527328:-	A5	0.19328036820047279	0.0999000999	False
ENSMUSG00000004591;MX:3:142517363-142517675:142517818-142527280:142517363-142526298:142526407-142527280:-	MX	0.021289785791348836	0.4355644356	False
ENSMUSG00000004591;SE:3:142517363-142517675:142517818-142526298:-	SE	-0.1922168405779704	0.0999000999	False
ENSMUSG00000004591;SE:3:142517818-142526298:142526407-142527280:-	SE	-0.001979202439145844	0.4355644356	False
ENSMUSG00000004591;SE:3:142526407-142527280:142527465-142534642:-	SE	-0.0010918645363821033	0.4355644356	False
ENSMUSG00000004591;SE:3:142526407-142527328:142527465-142534642:-	SE	-0.004753556896724853	0.4355644356	False
ENSMUSG00000004591;SE:3:142545123-142559175:142559475-142587372:-	SE	0.010252005314990487	0.4355644356	False
ENSMUSG00000004642;AL:5:33792296:33792519-33799245:33797399:33798272-33799245:-	AL	0.049433586678191976	0.4375624376	False
ENSMUSG00000004642;AL:5:33792296:33792519-33799245:33797730:33798272-33799245:-	AL	0.0009017420589820802	0.4375624376	False
ENSMUSG00000004642;RI:5:33802844:33802981-33803354:33803413:-	RI	0.006025735511820833	0.4375624376	False
ENSMUSG00000004642;SE:5:33802981-33803354:33803413-33807087:-	SE	0.0008121525432140952	0.4375624376	False
ENSMUSG00000004771;A5:9:64624270-64632735:64624270-64632784:-	A5	-0.0076211628023969	0.4070929071	False
ENSMUSG00000004771;AF:9:64635711-64643422:64643793:64635711-64644866:64644905:-	AF	0.011382544572114808	0.4070929071	False
ENSMUSG00000004771;AF:9:64635711-64643422:64643793:64635711-64644866:64645034:-	AF	0.01197019630598124	0.4070929071	False
ENSMUSG00000004771;AF:9:64635711-64643422:64643793:64635711-64644866:64645040:-	AF	-0.0015050934330050891	0.4070929071	False
ENSMUSG00000004771;SE:9:64624270-64632735:64632864-64633906:-	SE	-0.00374192748237145	0.4070929071	False
ENSMUSG00000004771;SE:9:64624270-64632784:64632864-64633906:-	SE	0.0299648248944836	0.4070929071	False
ENSMUSG00000004771;SE:9:64634099-64635516:64635711-64644866:-	SE	-0.04232656290893988	0.4070929071	False
ENSMUSG00000004865;A3:17:28819430-28819843:28818843-28819843:-	A3	0.29320915717341123	0.1033966034	False
ENSMUSG00000004865;RI:17:28818445:28818843-28819217:28819430:-	RI	0.0008766830050751934	0.4265734266	False
ENSMUSG00000004865;SE:17:28818843-28819217:28819430-28819843:-	SE	0.06652439282761546	0.1483516484	False
ENSMUSG00000004897;AF:3:87813628:87814021-87820398:87814157:87814472-87820398:+	AF	0.08331052181975507	0.4090909091	False
ENSMUSG00000004897;AF:3:87813628:87814021-87820398:87814359:87814472-87820398:+	AF	-0.04321253405246095	0.4090909091	False
ENSMUSG00000004897;AF:3:87813628:87814021-87820398:87814841:87814874-87820398:+	AF	-0.010644129450872675	0.4090909091	False
ENSMUSG00000004897;AF:3:87813628:87814021-87820398:87817341:87817370-87820398:+	AF	-0.002996241836707103	0.4090909091	False
ENSMUSG00000004897;AF:3:87814157:87814472-87820398:87814841:87814874-87820398:+	AF	-0.02616507635670562	0.4090909091	False
ENSMUSG00000004897;AF:3:87814157:87814472-87820398:87817341:87817370-87820398:+	AF	-0.007628921146814904	0.4090909091	False
ENSMUSG00000004897;SE:3:87820758-87821148:87821217-87821359:+	SE	0.029012986708786565	0.4090909091	False
ENSMUSG00000004947;A3:5:136050712-136055324:136050712-136057353:+	A3	0.002115761961227116	0.452047952	False
ENSMUSG00000004947;A3:5:136055461-136057353:136055461-136057356:+	A3	-0.00238271941199375	0.452047952	False
ENSMUSG00000004947;AF:5:136023654:136023820-136025144:136023960:136024178-136025144:+	AF	0.0015570396841037004	0.452047952	False
ENSMUSG00000004947;AF:5:136023665:136023820-136025144:136023960:136024178-136025144:+	AF	-0.000582314897400904	0.452047952	False
ENSMUSG00000004947;AF:5:136023731:136023820-136025144:136023960:136024178-136025144:+	AF	0.023406032404593866	0.452047952	False
ENSMUSG00000004947;RI:5:136055324:136055461-136057353:136057426:+	RI	0.009973637935993181	0.452047952	False
ENSMUSG00000004947;RI:5:136055324:136055461-136057356:136057426:+	RI	-0.08421325903362187	0.452047952	False
ENSMUSG00000004947;SE:5:136023820-136024095:136024178-136025144:+	SE	0.014229446033014034	0.452047952	False
ENSMUSG00000004947;SE:5:136023820-136024101:136024178-136025144:+	SE	0.09784149562940839	0.452047952	False
ENSMUSG00000004947;SE:5:136023820-136025144:136025306-136038868:+	SE	-0.02109723760049953	0.452047952	False
ENSMUSG00000004947;SE:5:136050712-136052523:136052597-136055324:+	SE	0.0	0.452047952	False
ENSMUSG00000004947;SE:5:136050712-136055324:136055461-136057353:+	SE	-0.01984646845375218	0.452047952	False
ENSMUSG00000004980;AL:6:51437912:51438413-51440391:51439740:51440234-51440391:-	AL	-0.004358499383205927	0.3901098901	False
ENSMUSG00000004980;SE:6:51438413-51438900:51439035-51440391:-	SE	-0.16412930442200246	0.0679320679	False
ENSMUSG00000004980;SE:6:51441191-51441408:51441527-51442159:-	SE	-0.3038707888671977	0.007992008	True
ENSMUSG00000004980;SE:6:51444275-51444371:51444406-51446651:-	SE	0.03285048770608506	0.2803862804	False
ENSMUSG00000005161;A3:8:85696391-85696781:85696391-85696869:+	A3	0.11904080547405799	0.1058941059	False
ENSMUSG00000005161;AF:8:85696240:85696391-85696869:85696396:85696637-85696869:+	AF	-0.007928609345527304	0.3726273726	False
ENSMUSG00000005225;AF:6:54572096:54572456-54590077:54580132:54580397-54590077:+	AF	-0.025513417330032984	0.2517482517	False
ENSMUSG00000005233;A3:2:69035300-69035370:69035265-69035370:-	A3	-0.0242354169543207	0.3350649351	False
ENSMUSG00000005233;A5:2:69035522-69036174:69035522-69036408:-	A5	0.286348217147966	0.0809190809	False
ENSMUSG00000005233;AF:2:69035265-69035370:69035559:69035265-69036408:69036501:-	AF	0.03396868617294768	0.3350649351	False
ENSMUSG00000005233;AF:2:69035265-69035370:69035559:69035265-69036408:69036534:-	AF	0.0	0.4145854146	False
ENSMUSG00000005233;SE:2:69035265-69035370:69035522-69036408:-	SE	0.03706245629152438	0.3350649351	False
ENSMUSG00000005233;SE:2:69035522-69036174:69036226-69036408:-	SE	0.18409974077265695	0.1228771229	False
ENSMUSG00000005312;A3:13:58327482-58330996:58327476-58330996:-	A3	0.0	0.3761238761	False
ENSMUSG00000005312;SE:13:58327482-58328636:58328719-58330996:-	SE	0.04571188621590594	0.3216783217	False
ENSMUSG00000005371;A3:17:88321978-88322827:88321975-88322827:-	A3	-0.06744471460914236	0.3791208791	False
ENSMUSG00000005371;A5:17:88323140-88372437:88323140-88372646:-	A5	-0.06360727246198156	0.3791208791	False
ENSMUSG00000005371;AF:17:88323140-88372063:88372315:88323140-88372437:88372719:-	AF	0.0019256721544591998	0.4605394605	False
ENSMUSG00000005371;AF:17:88323140-88372063:88372315:88323140-88372646:88372671:-	AF	0.0014837372911150335	0.4605394605	False
ENSMUSG00000005371;AF:17:88323140-88372437:88372456:88323140-88372646:88372671:-	AF	0.016483040611937116	0.4605394605	False
ENSMUSG00000005371;SE:17:88305063-88306961:88307055-88308200:-	SE	0.0	0.4605394605	False
ENSMUSG00000005417;A3:11:59622418-59626656:59622418-59626770:+	A3	0.023917720740725346	0.3781218781	False
ENSMUSG00000005417;A5:11:59628408-59631946:59628054-59631946:+	A5	-0.005090570966577534	0.3781218781	False
ENSMUSG00000005417;AF:11:59552131:59552244-59586952:59553321:59553774-59586952:+	AF	-0.31489907877031365	0.3781218781	False
ENSMUSG00000005417;AF:11:59552131:59552244-59586952:59553333:59553774-59586952:+	AF	-0.02464534804311765	0.3781218781	False
ENSMUSG00000005417;SE:11:59632087-59632817:59632924-59634597:+	SE	-0.022840008444108162	0.3781218781	False
ENSMUSG00000005417;SE:11:59645935-59648350:59652153-59655206:+	SE	0.007571499029352835	0.3781218781	False
ENSMUSG00000005417;SE:11:59662528-59662978:59663043-59666342:+	SE	-0.023929629075273184	0.3781218781	False
ENSMUSG00000005442;A3:7:24990390-24990477:24990390-24990480:+	A3	-0.05278789741394052	0.4115884116	False
ENSMUSG00000005442;A3:7:24991739-24991839:24991739-24991842:+	A3	0.027070071834174314	0.4115884116	False
ENSMUSG00000005442;AF:7:24967129:24967181-24970260:24967812:24967969-24970260:+	AF	0.2539285468674781	0.4115884116	False
ENSMUSG00000005442;AF:7:24977847:24978058-24984274:24981604:24982341-24984274:+	AF	0.006630537895267734	0.4115884116	False
ENSMUSG00000005442;AF:7:24977847:24978058-24984274:24982235:24982341-24984274:+	AF	0.004338329300564339	0.4115884116	False
ENSMUSG00000005442;AF:7:24977847:24978058-24984274:24982642:24982830-24984274:+	AF	0.1186187487776944	0.4115884116	False
ENSMUSG00000005442;AF:7:24979066:24979156-24984274:24981604:24982341-24984274:+	AF	0.0	0.4115884116	False
ENSMUSG00000005442;AF:7:24979066:24979156-24984274:24982235:24982341-24984274:+	AF	0.0	0.4115884116	False
ENSMUSG00000005442;AF:7:24979066:24979156-24984274:24982642:24982830-24984274:+	AF	0.0	0.4115884116	False
ENSMUSG00000005442;AF:7:24981604:24982341-24984274:24982642:24982830-24984274:+	AF	0.037550286056026505	0.4115884116	False
ENSMUSG00000005442;AF:7:24982235:24982341-24984274:24982642:24982830-24984274:+	AF	0.011048049139680605	0.4115884116	False
ENSMUSG00000005442;RI:7:24992593:24992645-24993237:24993570:+	RI	0.0	0.4115884116	False
ENSMUSG00000005566;AF:7:12733041:12733159-12759231:12758079:12758988-12759231:+	AF	-0.08751727745424587	0.2997002997	False
ENSMUSG00000005566;RI:7:12761760:12761876-12761948:12762062:+	RI	-0.018811324803071433	0.4049284049	False
ENSMUSG00000005566;RI:7:12762335:12762481-12762591:12762705:+	RI	-0.08097935468484799	0.2997002997	False
ENSMUSG00000005566;RI:7:12763015:12763051-12763134:12763179:+	RI	0.002890796965432532	0.4090909091	False
ENSMUSG00000005610;A3:7:110680840-110681992:110680778-110681992:-	A3	0.07884137060633012	0.255994006	False
ENSMUSG00000005610;AF:7:110680840-110681235:110681402:110680840-110681992:110682034:-	AF	0.18877844755858664	0.255994006	False
ENSMUSG00000005610;AF:7:110680840-110681235:110681402:110680840-110681992:110682237:-	AF	-0.049350868418517914	0.255994006	False
ENSMUSG00000005610;SE:7:110674919-110675487:110675600-110675903:-	SE	-0.002524919807102538	0.4070929071	False
ENSMUSG00000005615;A5:16:32250112-32270523:32249849-32270523:+	A5	0.03322473690553149	0.4125874126	False
ENSMUSG00000005615;A5:16:32250256-32270523:32250112-32270523:+	A5	0.007635845179456133	0.4125874126	False
ENSMUSG00000005615;AF:16:32249739:32249849-32270523:32250048:32250256-32270523:+	AF	-0.0900636653303114	0.4125874126	False
ENSMUSG00000005615;AF:16:32249739:32249849-32270523:32250067:32250112-32270523:+	AF	-0.045223475228145404	0.4125874126	False
ENSMUSG00000005615;AF:16:32249742:32249849-32270523:32250048:32250256-32270523:+	AF	0.0021634964197894124	0.4125874126	False
ENSMUSG00000005615;AF:16:32249742:32249849-32270523:32250067:32250112-32270523:+	AF	0.10217494779911332	0.4125874126	False
ENSMUSG00000005615;AF:16:32249756:32249849-32270523:32250067:32250112-32270523:+	AF	0.06153157655850624	0.4125874126	False
ENSMUSG00000005615;AF:16:32249763:32249849-32270523:32250048:32250256-32270523:+	AF	0.03564294631157383	0.4125874126	False
ENSMUSG00000005615;AF:16:32249763:32249849-32270523:32250067:32250112-32270523:+	AF	0.0015690506682011843	0.4125874126	False
ENSMUSG00000005625;A5:3:94941075-94941220:94941075-94941229:-	A5	0.12057142485388223	0.2517482517	False
ENSMUSG00000005625;A5:3:94943235-94943888:94943235-94943916:-	A5	0.0019866002049141332	0.4330669331	False
ENSMUSG00000005625;RI:3:94940016:94940295-94940793:94940857:-	RI	0.37324356057508506	0.2977022977	False
ENSMUSG00000005625;RI:3:94940944:94941075-94941220:94941337:-	RI	2.853884665050127e-06	0.4330669331	False
ENSMUSG00000005625;RI:3:94940944:94941075-94941229:94941337:-	RI	0.0032658334394755507	0.4330669331	False
ENSMUSG00000005625;SE:3:94941337-94941877:94942092-94942253:-	SE	-0.07170616539517416	0.2862137862	False
ENSMUSG00000005672;A5:5:75799818-75801153:75799806-75801153:+	A5	-0.25673982336919743	0.01998002	True
ENSMUSG00000005698;A3:8:106403982-106406703:106403982-106406706:+	A3	-0.015884002020669974	0.2917082917	False
ENSMUSG00000005698;AF:8:106363200:106363352-106370148:106363567:106363596-106370148:+	AF	-0.05851201011467311	0.2917082917	False
ENSMUSG00000005698;AF:8:106363200:106363352-106370148:106363698:106364211-106370148:+	AF	0.04981505619900539	0.2917082917	False
ENSMUSG00000005698;AF:8:106363211:106363352-106370148:106363567:106363596-106370148:+	AF	-0.029551553837995126	0.2917082917	False
ENSMUSG00000005698;AF:8:106363211:106363352-106370148:106363698:106364211-106370148:+	AF	0.04561881071471019	0.2917082917	False
ENSMUSG00000005698;AF:8:106363567:106363596-106370148:106363698:106364211-106370148:+	AF	0.5152175778633433	0.1083916084	False
ENSMUSG00000005698;AL:8:106403982-106406035:106406199:106403982-106406703:106407249:+	AL	-0.7471200861858697	0.1083916084	False
ENSMUSG00000005846;SE:16:11019294-11020182:11020321-11021015:-	SE	-0.00029049973230899084	0.4430569431	False
ENSMUSG00000005871;AF:18:34354037:34354329-34394058:34380747:34380787-34394058:+	AF	-0.006382138768788792	0.3906093906	False
ENSMUSG00000005871;AF:18:34354037:34354329-34394058:34380751:34380787-34394058:+	AF	0.027292267841421025	0.3906093906	False
ENSMUSG00000005871;AF:18:34354066:34354329-34394058:34380747:34380787-34394058:+	AF	-0.007276975075528269	0.3906093906	False
ENSMUSG00000005871;AF:18:34354066:34354329-34394058:34380751:34380787-34394058:+	AF	0.03612400139364935	0.3906093906	False
ENSMUSG00000005871;MX:18:34354329-34394058:34394210-34401351:34354329-34399111:34399275-34401351:+	MX	-0.018947398360835366	0.3906093906	False
ENSMUSG00000005871;MX:18:34412405-34415060:34415062-34429084:34412405-34422891:34422995-34429084:+	MX	-0.015208341751929644	0.3906093906	False
ENSMUSG00000005871;SE:18:34354329-34394058:34394210-34401351:+	SE	0.028314060497313775	0.3906093906	False
ENSMUSG00000005871;SE:18:34354329-34399111:34399275-34401351:+	SE	0.09825789433238435	0.3906093906	False
ENSMUSG00000005871;SE:18:34409730-34412322:34412405-34422891:+	SE	0.03195148463104902	0.3906093906	False
ENSMUSG00000005886;AF:1:13356249-13442407:13442653:13356249-13444162:13444253:-	AF	0.0005139879275818382	0.4045954046	False
ENSMUSG00000005886;AF:1:13356249-13442407:13442653:13356249-13444162:13444307:-	AF	-0.014136452284494167	0.4045954046	False
ENSMUSG00000005886;AF:1:13356249-13442407:13442663:13356249-13444162:13444253:-	AF	0.15522907682036624	0.4045954046	False
ENSMUSG00000005886;AF:1:13356249-13442407:13442663:13356249-13444162:13444307:-	AF	-0.01049008356955742	0.4045954046	False
ENSMUSG00000005886;SE:1:13232512-13235120:13235326-13237120:-	SE	-0.0033814098238154067	0.4045954046	False
ENSMUSG00000005886;SE:1:13294937-13356193:13356249-13369887:-	SE	-0.06146872038109452	0.4045954046	False
ENSMUSG00000005886;SE:1:13356249-13369887:13369946-13444162:-	SE	-0.02184940877556865	0.4045954046	False
ENSMUSG00000006005;A3:1:150321714-150321836:150321714-150321875:+	A3	0.0038089565765815347	0.4475524476	False
ENSMUSG00000006005;RI:1:150315818:150315949-150316190:150316280:+	RI	-0.011212586031124782	0.4475524476	False
ENSMUSG00000006005;RI:1:150321619:150321714-150321836:150321992:+	RI	-0.0002881799685704326	0.4475524476	False
ENSMUSG00000006005;RI:1:150323263:150323381-150324894:150324989:+	RI	0.0043532235677346005	0.4475524476	False
ENSMUSG00000006304;A5:1:74276206-74285239:74276058-74285239:+	A5	0.007491695785018633	0.3596403596	False
ENSMUSG00000006304;AF:1:74275243:74275481-74275977:74275656:74275769-74275977:+	AF	0.11936520139964465	0.2067932068	False
ENSMUSG00000006412;A3:1:171184396-171185356:171184396-171185418:+	A3	0.00024062495980821386	0.4285714286	False
ENSMUSG00000006498;A3:10:79690555-79692173:79690555-79692338:+	A3	0.0286095984437207	0.3756660007	False
ENSMUSG00000006498;A3:10:79694658-79694786:79694658-79694906:+	A3	-0.05794117071782823	0.3756660007	False
ENSMUSG00000006498;AF:10:79690261:79690555-79692338:79690872:79690997-79692338:+	AF	-0.04370384217685386	0.3756660007	False
ENSMUSG00000006498;AF:10:79690463:79690555-79692338:79690872:79690997-79692338:+	AF	-0.35252520761842376	0.3756660007	False
ENSMUSG00000006498;AF:10:79690467:79690555-79692338:79690872:79690997-79692338:+	AF	-0.1678456858007461	0.3756660007	False
ENSMUSG00000006498;AF:10:79690486:79690555-79692338:79690872:79690997-79692338:+	AF	-0.05878031681670648	0.3756660007	False
ENSMUSG00000006498;AF:10:79690501:79690555-79692338:79690872:79690997-79692338:+	AF	0.17994381431726625	0.3756660007	False
ENSMUSG00000006498;AF:10:79690502:79690555-79692338:79690872:79690997-79692338:+	AF	-0.042303770540889296	0.3756660007	False
ENSMUSG00000006498;RI:10:79694586:79694658-79694786:79695105:+	RI	0.003673474519151416	0.4495504496	False
ENSMUSG00000006498;RI:10:79694586:79694658-79694906:79695105:+	RI	-0.006050796630685293	0.4495504496	False
ENSMUSG00000006498;RI:10:79694786:79694815-79694906:79695105:+	RI	0.0	0.4495504496	False
ENSMUSG00000006498;RI:10:79694786:79694815-79694923:79695105:+	RI	0.0	0.4495504496	False
ENSMUSG00000006498;RI:10:79695186:79695356-79695436:79695546:+	RI	0.02106806981716823	0.3756660007	False
ENSMUSG00000006498;SE:10:79690555-79692173:79692368-79694586:+	SE	-0.0209875240201709	0.4495504496	False
ENSMUSG00000006498;SE:10:79690555-79692338:79692368-79694586:+	SE	-0.0853603268324864	0.3756660007	False
ENSMUSG00000006498;SE:10:79692368-79693413:79693529-79694586:+	SE	0.023912048684715633	0.3756660007	False
ENSMUSG00000006498;SE:10:79694658-79694786:79694815-79694906:+	SE	0.0	0.4495504496	False
ENSMUSG00000006498;SE:10:79695789-79695951:79696028-79696658:+	SE	-0.09581298432612978	0.3756660007	False
ENSMUSG00000006498;SE:10:79696803-79697848:79697881-79698283:+	SE	-7.969997285517394e-05	0.4495504496	False
ENSMUSG00000006527;AF:14:30436806:30436923-30487920:30437572:30437832-30487920:+	AF	-0.05578896318311333	0.3306693307	False
ENSMUSG00000006527;AF:14:30436806:30436923-30487920:30438448:30438545-30487920:+	AF	-0.03982544938047572	0.3306693307	False
ENSMUSG00000006527;AF:14:30437572:30437832-30487920:30438448:30438545-30487920:+	AF	0.01877486822395158	0.3856143856	False
ENSMUSG00000006527;SE:14:30537610-30538705:30538833-30539665:+	SE	0.0031899668727274344	0.3856143856	False
ENSMUSG00000006676;A3:9:108370682-108370760:108370682-108370763:+	A3	-0.13349803877042488	0.3196248196	False
ENSMUSG00000006676;A3:9:108372126-108372233:108372126-108372239:+	A3	0.12049913765457243	0.3196248196	False
ENSMUSG00000006676;A3:9:108375235-108375322:108375235-108375331:+	A3	-0.0042699823095014855	0.4350649351	False
ENSMUSG00000006676;A5:9:108371062-108371215:108370912-108371215:+	A5	0.038989300107874936	0.3196248196	False
ENSMUSG00000006676;A5:9:108371897-108372011:108371886-108372011:+	A5	-0.0017136153796141196	0.4350649351	False
ENSMUSG00000006676;A5:9:108375778-108375879:108375768-108375879:+	A5	-0.009445660978016357	0.4350649351	False
ENSMUSG00000006676;AL:9:108377468-108378393:108378898:108377468-108379039:108379516:+	AL	0.06181515380080477	0.3196248196	False
ENSMUSG00000006676;AL:9:108377468-108378393:108378898:108377468-108379039:108379536:+	AL	0.15537749202014806	0.3196248196	False
ENSMUSG00000006676;RI:9:108370760:108371062-108371215:108371437:+	RI	0.0880195114575535	0.3196248196	False
ENSMUSG00000006676;RI:9:108375095:108375235-108375322:108375440:+	RI	0.0042234377041722665	0.4350649351	False
ENSMUSG00000006676;RI:9:108375095:108375235-108375331:108375440:+	RI	0.12386051314028113	0.3196248196	False
ENSMUSG00000006676;SE:9:108371722-108371826:108371886-108372011:+	SE	0.14457391631804414	0.3196248196	False
ENSMUSG00000006676;SE:9:108371722-108371826:108371897-108372011:+	SE	0.03195530769856603	0.3196248196	False
ENSMUSG00000006678;SE:X:92524216-92529769:92529920-92531701:-	SE	0.10749231779546975	0.1608391608	False
ENSMUSG00000006678;SE:X:92667521-92667992:92668103-92670094:-	SE	-0.0007763548790740496	0.4225774226	False
ENSMUSG00000006715;A3:13:24941656-24944143:24941651-24944143:-	A3	-0.03466177154685901	0.2302697303	False
ENSMUSG00000006715;A5:13:24944200-24945184:24944200-24945343:-	A5	-0.3421214706667764	0.2237762238	False
ENSMUSG00000006715;A5:13:24944200-24945570:24944200-24945796:-	A5	0.033809217629362814	0.2302697303	False
ENSMUSG00000006715;AF:13:24944200-24945184:24945423:24944200-24945570:24945844:-	AF	0.07740129675923157	0.2302697303	False
ENSMUSG00000006715;AF:13:24944200-24945184:24945423:24944200-24945796:24945880:-	AF	-0.31200443786717946	0.2237762238	False
ENSMUSG00000006715;AF:13:24944200-24945184:24945423:24944200-24945796:24945906:-	AF	0.05960557787036355	0.2237762238	False
ENSMUSG00000006715;AF:13:24944200-24945343:24945459:24944200-24945570:24945844:-	AF	0.19152985064792383	0.2237762238	False
ENSMUSG00000006715;AF:13:24944200-24945343:24945459:24944200-24945796:24945906:-	AF	0.10985659172633125	0.2237762238	False
ENSMUSG00000007659;A3:2:152672040-152672306:152672022-152672306:-	A3	0.020194631890363884	0.4395604396	False
ENSMUSG00000007659;A3:2:152672040-152673523:152672022-152673523:-	A3	0.03128432796192701	0.4395604396	False
ENSMUSG00000007659;A5:2:152672022-152672306:152672022-152672461:-	A5	-0.02679420452316386	0.4395604396	False
ENSMUSG00000007659;AF:2:152672022-152672107:152672230:152672022-152672461:152672572:-	AF	0.008168230308314466	0.4395604396	False
ENSMUSG00000007659;AF:2:152672022-152672107:152672230:152672022-152673523:152673648:-	AF	0.0040889621687572	0.4395604396	False
ENSMUSG00000007659;AF:2:152672022-152672306:152672561:152672022-152673523:152673648:-	AF	0.0	0.4395604396	False
ENSMUSG00000007659;AF:2:152672022-152672306:152672586:152672022-152673523:152673648:-	AF	0.003355174922872533	0.4395604396	False
ENSMUSG00000007659;AF:2:152672022-152672306:152673032:152672022-152673523:152673648:-	AF	0.030778459286017315	0.4395604396	False
ENSMUSG00000007659;AF:2:152672022-152672461:152672572:152672022-152673523:152673648:-	AF	0.13362947073711767	0.4395604396	False
ENSMUSG00000007659;AF:2:152672040-152672306:152672538:152672040-152673523:152673630:-	AF	0.01972525265435192	0.4395604396	False
ENSMUSG00000007670;RI:17:57330505:57330593-57330827:57330936:-	RI	-0.0015029749858098836	0.4220779221	False
ENSMUSG00000007812;SE:5:145170412-145172116:145172201-145172547:+	SE	0.2832395408815226	0.241008991	False
ENSMUSG00000007812;SE:5:145170412-145172116:145172201-145173860:+	SE	-0.20729931384606287	0.241008991	False
ENSMUSG00000007812;SE:5:145170412-145172116:145172201-145179730:+	SE	0.008293021846376	0.3566433566	False
ENSMUSG00000007812;SE:5:145170412-145172547:145172673-145173860:+	SE	-0.40511840934579	0.241008991	False
ENSMUSG00000007812;SE:5:145172201-145172547:145172673-145173860:+	SE	0.15068047559894648	0.241008991	False
ENSMUSG00000007815;A5:9:108184275-108192507:108184142-108192507:+	A5	0.13489032388306432	0.1386113886	False
ENSMUSG00000007815;AF:9:108183328:108183752-108192507:108183996:108184275-108192507:+	AF	-0.08711060306386886	0.1386113886	False
ENSMUSG00000007815;AF:9:108183328:108183752-108192507:108184028:108184142-108192507:+	AF	0.0028364595496309652	0.4125874126	False
ENSMUSG00000007880;A3:4:133414690-133414849:133414687-133414849:-	A3	-0.0041702213136135	0.3776223776	False
ENSMUSG00000007880;A5:4:133413636-133413715:133413636-133413730:-	A5	0.0041702213136135535	0.3776223776	False
ENSMUSG00000007880;AF:4:133450362-133479780:133480922:133450362-133481225:133481293:-	AF	-0.012211172281915594	0.3776223776	False
ENSMUSG00000007880;AF:4:133450362-133479780:133480922:133450362-133483706:133484080:-	AF	-0.015529643344694422	0.3776223776	False
ENSMUSG00000007880;AF:4:133450362-133481225:133481293:133450362-133483706:133484080:-	AF	0.01215649226277403	0.3776223776	False
ENSMUSG00000007880;RI:4:133422883:133422972-133423227:133423467:-	RI	0.006529435167447251	0.3776223776	False
ENSMUSG00000008348;A5:5:125465328-125466761:125465328-125466974:-	A5	0.07078909313657222	0.3576423576	False
ENSMUSG00000008348;AF:5:125465328-125466164:125466250:125465328-125466761:125467078:-	AF	-0.01008404898584836	0.3576423576	False
ENSMUSG00000008348;AF:5:125465328-125466164:125466250:125465328-125466974:125467266:-	AF	0.0050390138310391075	0.3576423576	False
ENSMUSG00000008489;A3:4:91141807-91142378:91141804-91142378:-	A3	-0.0448378150231149	0.3844821845	False
ENSMUSG00000008489;A3:4:91141807-91148998:91141804-91148998:-	A3	0.06551140890567975	0.378076469	False
ENSMUSG00000008489;A3:4:91197091-91264173:91197088-91264173:-	A3	-0.005093479320828431	0.4115884116	False
ENSMUSG00000008489;A5:4:91197091-91259767:91197091-91260137:-	A5	0.0	0.4115884116	False
ENSMUSG00000008489;AF:4:91197091-91244887:91244919:91197091-91259767:91260193:-	AF	0.0	0.4115884116	False
ENSMUSG00000008489;AF:4:91197091-91244887:91244919:91197091-91260137:91260271:-	AF	-0.13719929505028	0.3512202084	False
ENSMUSG00000008489;AF:4:91197091-91244887:91244919:91197091-91260137:91260291:-	AF	-0.08185770533019832	0.378076469	False
ENSMUSG00000008489;AF:4:91197091-91244887:91244919:91197091-91264173:91264544:-	AF	0.0	0.4115884116	False
ENSMUSG00000008489;AF:4:91197091-91244887:91244919:91197091-91264173:91264733:-	AF	-0.03300226191622235	0.3844821845	False
ENSMUSG00000008489;AF:4:91197091-91259767:91260193:91197091-91264173:91264733:-	AF	0.0	0.4115884116	False
ENSMUSG00000008489;AF:4:91197091-91260137:91260271:91197091-91264173:91264544:-	AF	0.0	0.4115884116	False
ENSMUSG00000008489;AF:4:91197091-91260137:91260271:91197091-91264173:91264733:-	AF	0.13053099474785046	0.3512202084	False
ENSMUSG00000008489;AF:4:91197091-91260137:91260291:91197091-91264173:91264733:-	AF	-0.04390937810423737	0.4115884116	False
ENSMUSG00000008489;AF:4:91199900-91201548:91201640:91199900-91260137:91260306:-	AF	0.17378043654544428	0.3512202084	False
ENSMUSG00000008489;AF:4:91199900-91201548:91201640:91199900-91261129:91261267:-	AF	-0.053237385489778966	0.3844821845	False
ENSMUSG00000008489;AF:4:91199900-91201548:91201640:91199900-91264173:91264700:-	AF	-0.13889455694408637	0.3512202084	False
ENSMUSG00000008489;AF:4:91199900-91260137:91260306:91199900-91261129:91261267:-	AF	-0.2811572986999705	0.3748126873	False
ENSMUSG00000008489;AF:4:91199900-91260137:91260306:91199900-91264173:91264700:-	AF	-0.3606250883691082	0.3512202084	False
ENSMUSG00000008489;AF:4:91199900-91261129:91261267:91199900-91264173:91264700:-	AF	-0.009923167295826138	0.4115884116	False
ENSMUSG00000008489;SE:4:91141804-91142378:91142416-91148998:-	SE	0.0686296712257306	0.378076469	False
ENSMUSG00000008489;SE:4:91141807-91142378:91142416-91148998:-	SE	-0.04632530278331537	0.3844821845	False
ENSMUSG00000008489;SE:4:91197091-91199810:91199900-91260137:-	SE	-0.1686062929317047	0.3512202084	False
ENSMUSG00000008489;SE:4:91197091-91199810:91199900-91264173:-	SE	0.1883356197019102	0.3512202084	False
ENSMUSG00000008496;A3:7:24792786-24792910:24792427-24792910:-	A3	-0.15704194751688416	0.3244755245	False
ENSMUSG00000008496;A3:7:24793111-24794215:24792975-24794215:-	A3	0.0	0.4020979021	False
ENSMUSG00000008496;A3:7:24797240-24799377:24797192-24799377:-	A3	-0.05579145574975722	0.3413729128	False
ENSMUSG00000008496;A3:7:24815645-24820266:24815579-24820266:-	A3	0.018403617547525952	0.3413729128	False
ENSMUSG00000008496;SE:7:24792427-24792713:24792786-24792910:-	SE	-0.17435550261952465	0.3244755245	False
ENSMUSG00000008496;SE:7:24799668-24814896:24815174-24815463:-	SE	0.04698956168144941	0.3244755245	False
ENSMUSG00000008496;SE:7:24799668-24815463:24815579-24820266:-	SE	-0.08952708359856654	0.3244755245	False
ENSMUSG00000008683;A5:7:117714469-117714963:117714469-117715320:-	A5	0.017843277613557335	0.3316683317	False
ENSMUSG00000008683;AF:7:117714469-117714695:117714900:117714469-117714963:117715352:-	AF	-0.08712369825038768	0.2877122877	False
ENSMUSG00000008683;AF:7:117714469-117714695:117714900:117714469-117715320:117715351:-	AF	0.048872945894690684	0.2877122877	False
ENSMUSG00000008683;AF:7:117714469-117714695:117714900:117714469-117715359:117715411:-	AF	-0.02355084902263005	0.3316683317	False
ENSMUSG00000008683;AF:7:117714469-117714963:117715352:117714469-117715359:117715411:-	AF	0.41743062178574303	0.2877122877	False
ENSMUSG00000008683;AF:7:117714469-117715320:117715351:117714469-117715359:117715411:-	AF	-0.007586012556712873	0.3316683317	False
ENSMUSG00000009013;AF:5:115436892-115437359:115437494:115436892-115438572:115438971:-	AF	-0.04784762192392733	0.3226773227	False
ENSMUSG00000009013;AL:5:115435169:115436892-115438572:115437615:115437956-115438572:-	AL	-0.05710862346069623	0.3226773227	False
ENSMUSG00000009013;AL:5:115436564:115436892-115438572:115437615:115437956-115438572:-	AL	-0.014960549264481315	0.3226773227	False
ENSMUSG00000009073;AF:11:4770493-4774830:4774921:4770493-4782998:4783133:-	AF	0.32688273084596653	0.1882561883	False
ENSMUSG00000009073;AF:11:4770493-4774830:4774921:4770493-4798872:4798985:-	AF	0.3626468614846565	0.1824841825	False
ENSMUSG00000009073;AF:11:4770493-4774830:4774921:4770493-4798872:4799194:-	AF	0.503764905531345	0.1824841825	False
ENSMUSG00000009073;AF:11:4770493-4774830:4774921:4770493-4798872:4799365:-	AF	0.2533942880986176	0.1882561883	False
ENSMUSG00000009073;AF:11:4770493-4774830:4774921:4770493-4798872:4799536:-	AF	0.20653854447460948	0.1824841825	False
ENSMUSG00000009073;AF:11:4770493-4782998:4783133:4770493-4798872:4798985:-	AF	0.2499823083907899	0.1824841825	False
ENSMUSG00000009073;AF:11:4770493-4782998:4783133:4770493-4798872:4799365:-	AF	-0.07309309898857685	0.2754168908	False
ENSMUSG00000009073;AF:11:4770493-4782998:4783133:4770493-4798872:4799536:-	AF	0.13447147275541999	0.1882561883	False
ENSMUSG00000009073;AL:11:4717665:4718273-4730578:4722334:4722638-4730578:-	AL	-0.3425890171976054	0.1824841825	False
ENSMUSG00000009073;AL:11:4717665:4718273-4730578:4729814:4730034-4730578:-	AL	0.07861835992322391	0.2754168908	False
ENSMUSG00000009073;AL:11:4722334:4722638-4730578:4729814:4730034-4730578:-	AL	0.38583906071458596	0.1824841825	False
ENSMUSG00000009073;SE:11:4718273-4730578:4730622-4732187:-	SE	-0.04436573732011173	0.2754168908	False
ENSMUSG00000009073;SE:11:4744917-4749861:4749995-4753678:-	SE	-0.005063837265771753	0.4198468198	False
ENSMUSG00000009073;SE:11:4758325-4758696:4758834-4766082:-	SE	-0.02015055114910655	0.3379477665	False
ENSMUSG00000009073;SE:11:4766165-4768505:4768627-4770368:-	SE	0.00040416585227431856	0.4245754246	False
ENSMUSG00000009079;AF:11:5028952-5029485:5029899:5028952-5032253:5032340:-	AF	0.12226035109216926	0.3396603397	False
ENSMUSG00000009079;SE:11:5028952-5029485:5029519-5032253:-	SE	-0.01622149451097643	0.3396603397	False
ENSMUSG00000009079;SE:11:5038146-5041460:5041477-5041859:-	SE	-0.02952925331946392	0.3396603397	False
ENSMUSG00000009470;A5:13:99027298-99027423:99027298-99027435:-	A5	0.0012427213544407333	0.4325674326	False
ENSMUSG00000009470;A5:13:99027298-99027435:99027298-99027452:-	A5	0.004472591033384932	0.4325674326	False
ENSMUSG00000009470;AF:13:99027298-99027423:99027548:99027298-99062759:99062892:-	AF	0.003894710787603967	0.4325674326	False
ENSMUSG00000009470;AF:13:99027298-99027435:99027506:99027298-99062759:99062862:-	AF	-0.007601524459133535	0.4325674326	False
ENSMUSG00000009470;AF:13:99027298-99027435:99027506:99027298-99062759:99062892:-	AF	-0.014728544014246281	0.4325674326	False
ENSMUSG00000009470;AF:13:99027298-99027452:99027522:99027298-99062759:99062892:-	AF	-0.0100659683572226	0.4325674326	False
ENSMUSG00000009535;A5:18:68433694-68438851:68433496-68438851:+	A5	0.06387178255671211	0.3020979021	False
ENSMUSG00000009535;AF:18:68433426:68433496-68438851:68438068:68438189-68438851:+	AF	-0.11977562069095277	0.2788461538	False
ENSMUSG00000009535;AF:18:68433469:68433496-68438851:68438068:68438189-68438851:+	AF	0.2553170595574573	0.2788461538	False
ENSMUSG00000009535;AF:18:68433471:68433496-68438851:68438068:68438189-68438851:+	AF	-0.23221418246839132	0.2788461538	False
ENSMUSG00000009535;AF:18:68433493:68433694-68438851:68438068:68438189-68438851:+	AF	0.012068451529348101	0.3616383616	False
ENSMUSG00000009535;SE:18:68433496-68436503:68436566-68438851:+	SE	0.017142925571724366	0.3525641026	False
ENSMUSG00000009535;SE:18:68446917-68447059:68447223-68451065:+	SE	0.11210859594671801	0.2788461538	False
ENSMUSG00000009733;A3:15:100411052-100411910:100411046-100411910:-	A3	-0.026245688852587712	0.3366633367	False
ENSMUSG00000009733;AF:15:100449362-100449457:100449670:100449362-100449791:100449889:-	AF	0.0	0.3366633367	False
ENSMUSG00000009733;AL:15:100395893:100396182-100404087:100400628:100402324-100404087:-	AL	-0.02238856100929204	0.3366633367	False
ENSMUSG00000009733;SE:15:100418596-100420270:100420376-100423448:-	SE	-0.10923348961888113	0.3366633367	False
ENSMUSG00000009741;A3:9:113801961-113802587:113801961-113802633:+	A3	0.02239986382192971	0.3483183483	False
ENSMUSG00000009741;A5:9:113802709-113804414:113802638-113804414:+	A5	-0.02239986382192973	0.3483183483	False
ENSMUSG00000009741;RI:9:113785031:113785136-113785775:113785881:+	RI	0.004273719167666303	0.3851148851	False
ENSMUSG00000009741;SE:9:113788007-113788444:113788551-113793620:+	SE	0.017806942518774405	0.3483183483	False
ENSMUSG00000010376;A3:14:55901378-55909252:55901316-55909252:-	A3	-0.013180176629451701	0.4395604396	False
ENSMUSG00000010376;SE:14:55900082-55900872:55900954-55901269:-	SE	0.0	0.4395604396	False
ENSMUSG00000010608;A5:12:83686149-83689176:83685965-83689176:+	A5	0.33086033438798296	0.2982017982	False
ENSMUSG00000010608;RI:12:83707369:83707452-83710753:83711033:+	RI	-0.005414522927109467	0.3711288711	False
ENSMUSG00000010608;SE:12:83678396-83685902:83685965-83689403:+	SE	0.055747248684941096	0.3086913087	False
ENSMUSG00000010608;SE:12:83679191-83685902:83685965-83689176:+	SE	-0.12417379818807639	0.3086913087	False
ENSMUSG00000010608;SE:12:83679191-83685902:83685965-83689403:+	SE	0.06978891518568794	0.3086913087	False
ENSMUSG00000010608;SE:12:83679191-83689176:83689293-83689403:+	SE	0.025122632923142933	0.3389337935	False
ENSMUSG00000010608;SE:12:83685965-83689176:83689293-83689403:+	SE	-0.5689772575470242	0.1438561439	False
ENSMUSG00000010608;SE:12:83693078-83694972:83695029-83698061:+	SE	-0.09864425030785717	0.2397602398	False
ENSMUSG00000010608;SE:12:83698218-83698420:83698524-83706197:+	SE	0.09789044157862603	0.2397602398	False
ENSMUSG00000010608;SE:12:83721437-83721590:83721663-83721818:+	SE	-0.030471358907896803	0.3086913087	False
ENSMUSG00000011257;A5:4:123183006-123183992:123182867-123183992:+	A5	0.03374935284306267	0.2691058941	False
ENSMUSG00000011257;A5:4:123189114-123189543:123189066-123189543:+	A5	-0.036991253965272475	0.2887112887	False
ENSMUSG00000011257;A5:4:123189114-123189723:123189066-123189723:+	A5	0.6676509448250704	0.0024975025	True
ENSMUSG00000011257;SE:4:123189066-123189543:123189629-123189723:+	SE	0.5331705339646685	0.0074925075	True
ENSMUSG00000011257;SE:4:123189114-123189543:123189629-123189723:+	SE	-0.3992869736871657	0.004995005	True
ENSMUSG00000011831;A3:5:108020857-108022855:108020521-108022855:-	A3	0.0	0.4220779221	False
ENSMUSG00000011831;AF:5:107990166-108016104:108016254:107990166-108016657:108017034:-	AF	0.04198581484175284	0.4220779221	False
ENSMUSG00000011831;AF:5:107990166-108016104:108016254:107990166-108022855:108022973:-	AF	0.09366807413512922	0.4220779221	False
ENSMUSG00000011831;AF:5:107990166-108016657:108016765:107990166-108022855:108022973:-	AF	0.010096417666666134	0.4220779221	False
ENSMUSG00000011831;AF:5:107990166-108016657:108017034:107990166-108022855:108022973:-	AF	0.043696562694850116	0.4220779221	False
ENSMUSG00000011831;SE:5:107963757-107964466:107964499-107964640:-	SE	0.0012570342886355518	0.4220779221	False
ENSMUSG00000011831;SE:5:107969760-107985287:107985312-107989937:-	SE	0.0043322073449929	0.4220779221	False
ENSMUSG00000011831;SE:5:107990166-108020467:108020521-108022855:-	SE	0.0058212716231723985	0.4220779221	False
ENSMUSG00000012114;A5:16:17470127-17470569:17470127-17470573:-	A5	0.02880065160124943	0.3951048951	False
ENSMUSG00000012114;AF:16:17515558-17540620:17540685:17515558-17550364:17550755:-	AF	-0.21510267468433286	0.3951048951	False
ENSMUSG00000012114;AF:16:17515558-17540620:17540744:17515558-17550364:17550755:-	AF	-0.006566796191913249	0.3951048951	False
ENSMUSG00000012114;AF:16:17515558-17540620:17540761:17515558-17550364:17550755:-	AF	-0.05462450640141947	0.3951048951	False
ENSMUSG00000012114;AF:16:17515558-17540620:17540811:17515558-17550364:17550755:-	AF	-0.007180628785602328	0.3951048951	False
ENSMUSG00000012114;MX:16:17492522-17498413:17498625-17503317:17492522-17501023:17501052-17503317:-	MX	0.0050665923953054914	0.3951048951	False
ENSMUSG00000012114;SE:16:17473669-17481241:17481360-17489409:-	SE	-0.012489418936033503	0.3951048951	False
ENSMUSG00000012114;SE:16:17473669-17489409:17489537-17490933:-	SE	-0.07783283793358031	0.3951048951	False
ENSMUSG00000012114;SE:16:17492522-17498413:17498625-17501023:-	SE	-0.020294787060223585	0.3951048951	False
ENSMUSG00000012114;SE:16:17492522-17498413:17498625-17503317:-	SE	-0.015907149636586904	0.3951048951	False
ENSMUSG00000012114;SE:16:17492522-17501023:17501052-17503317:-	SE	-0.05116286533202752	0.3951048951	False
ENSMUSG00000012114;SE:16:17498625-17501023:17501052-17503317:-	SE	-0.10907349798099852	0.3951048951	False
ENSMUSG00000012114;SE:16:17515558-17515941:17516056-17524263:-	SE	0.13211108732448695	0.3951048951	False
ENSMUSG00000012114;SE:16:17515558-17524263:17524347-17540620:-	SE	-0.004447706471816534	0.3951048951	False
ENSMUSG00000013701;A3:14:31915444-31915811:31915408-31915811:-	A3	-0.008001690623405722	0.4415584416	False
ENSMUSG00000013701;SE:14:31915444-31915811:31915904-31920926:-	SE	0.0	0.4415584416	False
ENSMUSG00000014077;AF:2:119378178:119378398-119391212:119389993:119390228-119391212:+	AF	0.0904484520900285	0.3036963037	False
ENSMUSG00000014077;AF:2:119378293:119378398-119391212:119389993:119390228-119391212:+	AF	0.04631769021788412	0.3036963037	False
ENSMUSG00000014313;AF:15:35937430-35937907:35938155:35937430-35938271:35938392:-	AF	-0.016185087981397915	0.2937062937	False
ENSMUSG00000014503;AF:18:34541542:34541720-34542863:34542476:34542550-34542863:+	AF	-0.005052210229753884	0.3686313686	False
ENSMUSG00000014503;AF:18:34541542:34541720-34542863:34542479:34542550-34542863:+	AF	-0.019851667062571465	0.3446553447	False
ENSMUSG00000014503;AL:18:34571885-34574643:34574847:34571885-34575309:34577169:+	AL	0.4226666850750481	0.3446553447	False
ENSMUSG00000014767;A3:17:15720286-15721416:15720286-15721574:+	A3	0.0	0.4055944056	False
ENSMUSG00000014767;A3:17:15720286-15723224:15720286-15723227:+	A3	-0.04945571708682808	0.4055944056	False
ENSMUSG00000014767;A3:17:15721464-15723224:15721464-15723227:+	A3	0.12410416001480146	0.3296703297	False
ENSMUSG00000014767;A5:17:15720488-15721416:15720286-15721416:+	A5	0.026112343771137164	0.4055944056	False
ENSMUSG00000014767;A5:17:15721619-15723227:15721464-15723227:+	A5	-0.1187140578616375	0.3296703297	False
ENSMUSG00000014767;MX:17:15720286-15721416:15721464-15723227:15720286-15721574:15721619-15723227:+	MX	0.0	0.4055944056	False
ENSMUSG00000014767;RI:17:15721416:15721464-15721574:15721619:+	RI	-0.1068152767944821	0.3296703297	False
ENSMUSG00000014767;SE:17:15720286-15721416:15721464-15721574:+	SE	0.0	0.4055944056	False
ENSMUSG00000014767;SE:17:15720286-15721416:15721464-15723224:+	SE	0.23242134893798594	0.3296703297	False
ENSMUSG00000014767;SE:17:15720286-15721416:15721464-15723227:+	SE	-0.0935319619200724	0.3296703297	False
ENSMUSG00000014767;SE:17:15720286-15721416:15721619-15723227:+	SE	-0.20885275293597727	0.3296703297	False
ENSMUSG00000014767;SE:17:15720286-15721574:15721619-15723227:+	SE	0.0	0.4055944056	False
ENSMUSG00000014767;SE:17:15721464-15721574:15721619-15723227:+	SE	-0.013405278634177953	0.4055944056	False
ENSMUSG00000014767;SE:17:15724909-15726634:15726672-15727605:+	SE	0.08918234877651932	0.3296703297	False
ENSMUSG00000014767;SE:17:15733883-15734492:15734659-15735878:+	SE	0.004310460993691145	0.4055944056	False
ENSMUSG00000015120;A3:17:25481465-25483740:25481456-25483740:-	A3	0.08479117901922129	0.4360639361	False
ENSMUSG00000015120;A3:17:25484202-25487515:25484151-25487515:-	A3	0.043674455982598004	0.4360639361	False
ENSMUSG00000015120;A3:17:25484228-25487515:25484151-25487515:-	A3	0.22384350104069284	0.4360639361	False
ENSMUSG00000015120;A3:17:25484228-25487515:25484202-25487515:-	A3	-0.009238025099425753	0.4360639361	False
ENSMUSG00000015120;A3:17:25484377-25487515:25484202-25487515:-	A3	0.0	0.4360639361	False
ENSMUSG00000015120;A3:17:25484377-25487515:25484228-25487515:-	A3	0.0	0.4360639361	False
ENSMUSG00000015120;A3:17:25488249-25488377:25488239-25488377:-	A3	0.0002969807263848434	0.4360639361	False
ENSMUSG00000015120;A3:17:25491739-25492295:25491630-25492295:-	A3	0.002526923424658656	0.4360639361	False
ENSMUSG00000015120;A3:17:25491739-25492295:25491639-25492295:-	A3	-0.05974116800799223	0.4360639361	False
ENSMUSG00000015120;A3:17:25491739-25492295:25491648-25492295:-	A3	0.0	0.4360639361	False
ENSMUSG00000015120;A5:17:25483819-25484093:25483819-25487515:-	A5	0.0	0.4360639361	False
ENSMUSG00000015120;A5:17:25484202-25487449:25484202-25487515:-	A5	-0.00401859183023935	0.4360639361	False
ENSMUSG00000015120;A5:17:25487587-25488020:25487587-25488166:-	A5	-0.008080376493455867	0.4360639361	False
ENSMUSG00000015120;A5:17:25488249-25488354:25488249-25488377:-	A5	-0.04839787973676499	0.4360639361	False
ENSMUSG00000015120;A5:17:25488453-25491512:25488453-25491971:-	A5	0.09908993535409949	0.4360639361	False
ENSMUSG00000015120;A5:17:25488453-25491512:25488453-25492234:-	A5	0.21911392715430533	0.4360639361	False
ENSMUSG00000015120;A5:17:25488453-25491512:25488453-25492295:-	A5	0.09476970435085913	0.4360639361	False
ENSMUSG00000015120;A5:17:25488453-25491512:25488453-25492456:-	A5	0.4327767191343803	0.4360639361	False
ENSMUSG00000015120;A5:17:25488453-25491512:25488453-25492752:-	A5	0.0	0.4360639361	False
ENSMUSG00000015120;A5:17:25488453-25492234:25488453-25492295:-	A5	-0.005919138343624283	0.4360639361	False
ENSMUSG00000015120;A5:17:25488453-25492295:25488453-25492456:-	A5	0.04501478330699016	0.4360639361	False
ENSMUSG00000015120;A5:17:25488453-25492295:25488453-25492752:-	A5	0.0	0.4360639361	False
ENSMUSG00000015120;A5:17:25488453-25492456:25488453-25492752:-	A5	0.0	0.4360639361	False
ENSMUSG00000015120;A5:17:25488453-25493136:25488453-25493147:-	A5	0.20351278643299853	0.4360639361	False
ENSMUSG00000015120;A5:17:25491739-25492234:25491739-25492295:-	A5	-0.17129361095262338	0.4360639361	False
ENSMUSG00000015120;AF:17:25488453-25491432:25491474:25488453-25491512:25492844:-	AF	-0.07132766825381254	0.4360639361	False
ENSMUSG00000015120;AF:17:25488453-25491432:25491474:25488453-25491971:25492091:-	AF	0.004081635484596613	0.4360639361	False
ENSMUSG00000015120;AF:17:25488453-25491432:25491474:25488453-25492234:25492387:-	AF	0.012780835980999439	0.4360639361	False
ENSMUSG00000015120;AF:17:25488453-25491432:25491474:25488453-25492295:25492369:-	AF	0.03367464972107326	0.4360639361	False
ENSMUSG00000015120;AF:17:25488453-25491432:25491474:25488453-25492295:25492371:-	AF	0.14469867879483045	0.4360639361	False
ENSMUSG00000015120;AF:17:25488453-25491432:25491474:25488453-25492295:25492385:-	AF	-0.003121915620194482	0.4360639361	False
ENSMUSG00000015120;AF:17:25488453-25491432:25491474:25488453-25492295:25492392:-	AF	0.0010678364767169324	0.4360639361	False
ENSMUSG00000015120;AF:17:25488453-25491432:25491474:25488453-25492295:25492571:-	AF	0.0	0.4360639361	False
ENSMUSG00000015120;AF:17:25488453-25491432:25491474:25488453-25492295:25492597:-	AF	0.13550914188920404	0.4360639361	False
ENSMUSG00000015120;AF:17:25488453-25491432:25491474:25488453-25492295:25492850:-	AF	-0.05156710457584757	0.4360639361	False
ENSMUSG00000015120;AF:17:25488453-25491432:25491474:25488453-25492295:25492869:-	AF	0.0	0.4360639361	False
ENSMUSG00000015120;AF:17:25488453-25491432:25491474:25488453-25492295:25492897:-	AF	0.06487578359607782	0.4360639361	False
ENSMUSG00000015120;AF:17:25488453-25491432:25491474:25488453-25492456:25492581:-	AF	0.1276408706421206	0.4360639361	False
ENSMUSG00000015120;AF:17:25488453-25491432:25491474:25488453-25492456:25493036:-	AF	-0.02196990879873395	0.4360639361	False
ENSMUSG00000015120;AF:17:25488453-25491432:25491474:25488453-25492752:25492821:-	AF	0.0	0.4360639361	False
ENSMUSG00000015120;AF:17:25488453-25491432:25491474:25488453-25493136:25493203:-	AF	0.013712049498811663	0.4360639361	False
ENSMUSG00000015120;AF:17:25488453-25491432:25491474:25488453-25493136:25493260:-	AF	5.192561935984941e-10	0.4360639361	False
ENSMUSG00000015120;AF:17:25488453-25491432:25491474:25488453-25493136:25493280:-	AF	0.0	0.4360639361	False
ENSMUSG00000015120;AF:17:25488453-25491432:25491474:25488453-25493136:25493290:-	AF	0.0027596268073596386	0.4360639361	False
ENSMUSG00000015120;AF:17:25488453-25491432:25491474:25488453-25493136:25493338:-	AF	0.012913921115699	0.4360639361	False
ENSMUSG00000015120;AF:17:25488453-25491432:25491474:25488453-25493147:25493280:-	AF	0.011778479976370049	0.4360639361	False
ENSMUSG00000015120;AF:17:25488453-25491432:25491474:25488453-25493147:25493326:-	AF	0.0	0.4360639361	False
ENSMUSG00000015120;AF:17:25488453-25491432:25491474:25488453-25493260:25493324:-	AF	0.0	0.4360639361	False
ENSMUSG00000015120;AF:17:25488453-25491432:25491474:25488453-25493268:25493498:-	AF	0.0	0.4360639361	False
ENSMUSG00000015120;AF:17:25488453-25491432:25491474:25488453-25493497:25493597:-	AF	0.0	0.4360639361	False
ENSMUSG00000015120;AF:17:25488453-25491432:25491474:25488453-25493582:25493856:-	AF	0.01616927216149311	0.4360639361	False
ENSMUSG00000015120;AF:17:25488453-25491512:25492844:25488453-25493136:25493203:-	AF	0.28237813328936245	0.4360639361	False
ENSMUSG00000015120;AF:17:25488453-25491512:25492844:25488453-25493136:25493260:-	AF	1.2351300204826998e-08	0.4360639361	False
ENSMUSG00000015120;AF:17:25488453-25491512:25492844:25488453-25493136:25493280:-	AF	0.0	0.4360639361	False
ENSMUSG00000015120;AF:17:25488453-25491512:25492844:25488453-25493136:25493290:-	AF	0.09169871835356558	0.4360639361	False
ENSMUSG00000015120;AF:17:25488453-25491512:25492844:25488453-25493136:25493338:-	AF	0.2719660779723091	0.4360639361	False
ENSMUSG00000015120;AF:17:25488453-25491512:25492844:25488453-25493147:25493280:-	AF	0.22065433130759304	0.4360639361	False
ENSMUSG00000015120;AF:17:25488453-25491512:25492844:25488453-25493147:25493326:-	AF	0.0	0.4360639361	False
ENSMUSG00000015120;AF:17:25488453-25491512:25492844:25488453-25493260:25493324:-	AF	0.0	0.4360639361	False
ENSMUSG00000015120;AF:17:25488453-25491512:25492844:25488453-25493268:25493498:-	AF	0.0	0.4360639361	False
ENSMUSG00000015120;AF:17:25488453-25491512:25492844:25488453-25493497:25493597:-	AF	0.0	0.4360639361	False
ENSMUSG00000015120;AF:17:25488453-25491512:25492844:25488453-25493582:25493856:-	AF	0.311792572591171	0.4360639361	False
ENSMUSG00000015120;AF:17:25488453-25491971:25492091:25488453-25492295:25492371:-	AF	0.010886948887976899	0.4360639361	False
ENSMUSG00000015120;AF:17:25488453-25491971:25492091:25488453-25492295:25492850:-	AF	-0.28945916990230836	0.4360639361	False
ENSMUSG00000015120;AF:17:25488453-25491971:25492091:25488453-25492295:25492897:-	AF	0.047442882253954946	0.4360639361	False
ENSMUSG00000015120;AF:17:25488453-25491971:25492091:25488453-25492456:25493036:-	AF	-0.06976207374203655	0.4360639361	False
ENSMUSG00000015120;AF:17:25488453-25492234:25492387:25488453-25492456:25493036:-	AF	-0.28411689199816714	0.4360639361	False
ENSMUSG00000015120;AF:17:25488453-25492295:25492369:25488453-25492456:25493036:-	AF	-0.2303444344905967	0.4360639361	False
ENSMUSG00000015120;AF:17:25488453-25492295:25492371:25488453-25492456:25492581:-	AF	0.08223502159516327	0.4360639361	False
ENSMUSG00000015120;AF:17:25488453-25492295:25492371:25488453-25492456:25493036:-	AF	-0.04158894624112819	0.4360639361	False
ENSMUSG00000015120;AF:17:25488453-25492295:25492371:25488453-25492752:25492821:-	AF	0.0	0.4360639361	False
ENSMUSG00000015120;AF:17:25488453-25492295:25492371:25488453-25493136:25493203:-	AF	0.008012842460650371	0.4360639361	False
ENSMUSG00000015120;AF:17:25488453-25492295:25492371:25488453-25493136:25493260:-	AF	3.391660285956277e-10	0.4360639361	False
ENSMUSG00000015120;AF:17:25488453-25492295:25492371:25488453-25493136:25493280:-	AF	0.0	0.4360639361	False
ENSMUSG00000015120;AF:17:25488453-25492295:25492371:25488453-25493136:25493290:-	AF	0.0034069042875063404	0.4360639361	False
ENSMUSG00000015120;AF:17:25488453-25492295:25492371:25488453-25493136:25493338:-	AF	0.009339187603885857	0.4360639361	False
ENSMUSG00000015120;AF:17:25488453-25492295:25492371:25488453-25493147:25493280:-	AF	0.014360451235371996	0.4360639361	False
ENSMUSG00000015120;AF:17:25488453-25492295:25492371:25488453-25493147:25493326:-	AF	0.0	0.4360639361	False
ENSMUSG00000015120;AF:17:25488453-25492295:25492371:25488453-25493260:25493324:-	AF	0.0	0.4360639361	False
ENSMUSG00000015120;AF:17:25488453-25492295:25492371:25488453-25493268:25493498:-	AF	0.0	0.4360639361	False
ENSMUSG00000015120;AF:17:25488453-25492295:25492371:25488453-25493497:25493597:-	AF	0.0	0.4360639361	False
ENSMUSG00000015120;AF:17:25488453-25492295:25492371:25488453-25493582:25493856:-	AF	0.010172832758755801	0.4360639361	False
ENSMUSG00000015120;AF:17:25488453-25492295:25492385:25488453-25492456:25492581:-	AF	0.3035695479106323	0.4360639361	False
ENSMUSG00000015120;AF:17:25488453-25492295:25492385:25488453-25492456:25493036:-	AF	-0.046575130912957896	0.4360639361	False
ENSMUSG00000015120;AF:17:25488453-25492295:25492385:25488453-25493582:25493856:-	AF	0.2815352257313416	0.4360639361	False
ENSMUSG00000015120;AF:17:25488453-25492295:25492392:25488453-25492456:25493036:-	AF	-0.04794060547689025	0.4360639361	False
ENSMUSG00000015120;AF:17:25488453-25492295:25492597:25488453-25493136:25493290:-	AF	-0.3176981635909002	0.4360639361	False
ENSMUSG00000015120;AF:17:25488453-25492295:25492597:25488453-25493136:25493338:-	AF	-0.29467877786878194	0.4360639361	False
ENSMUSG00000015120;AF:17:25488453-25492295:25492597:25488453-25493582:25493856:-	AF	-0.28421637274267186	0.4360639361	False
ENSMUSG00000015120;AF:17:25488453-25492295:25492850:25488453-25493136:25493203:-	AF	0.9339022946877475	0.4360639361	False
ENSMUSG00000015120;AF:17:25488453-25492295:25492850:25488453-25493136:25493260:-	AF	0.5	0.4360639361	False
ENSMUSG00000015120;AF:17:25488453-25492295:25492850:25488453-25493136:25493338:-	AF	0.9012667195544729	0.4360639361	False
ENSMUSG00000015120;AF:17:25488453-25492295:25492850:25488453-25493582:25493856:-	AF	0.8900919702271143	0.4360639361	False
ENSMUSG00000015120;AF:17:25488453-25492295:25492897:25488453-25493136:25493203:-	AF	0.04533658017176012	0.4360639361	False
ENSMUSG00000015120;AF:17:25488453-25492295:25492897:25488453-25493136:25493260:-	AF	2.9471773910216825e-09	0.4360639361	False
ENSMUSG00000015120;AF:17:25488453-25492295:25492897:25488453-25493136:25493280:-	AF	0.0	0.4360639361	False
ENSMUSG00000015120;AF:17:25488453-25492295:25492897:25488453-25493136:25493290:-	AF	0.024199666161817124	0.4360639361	False
ENSMUSG00000015120;AF:17:25488453-25492295:25492897:25488453-25493136:25493338:-	AF	0.07622335242027312	0.4360639361	False
ENSMUSG00000015120;AF:17:25488453-25492295:25492897:25488453-25493147:25493280:-	AF	0.10542922272221134	0.4360639361	False
ENSMUSG00000015120;AF:17:25488453-25492295:25492897:25488453-25493147:25493326:-	AF	0.0	0.4360639361	False
ENSMUSG00000015120;AF:17:25488453-25492295:25492897:25488453-25493260:25493324:-	AF	0.0	0.4360639361	False
ENSMUSG00000015120;AF:17:25488453-25492295:25492897:25488453-25493268:25493498:-	AF	0.0	0.4360639361	False
ENSMUSG00000015120;AF:17:25488453-25492295:25492897:25488453-25493497:25493597:-	AF	0.0	0.4360639361	False
ENSMUSG00000015120;AF:17:25488453-25492295:25492897:25488453-25493582:25493856:-	AF	0.07228393820555745	0.4360639361	False
ENSMUSG00000015120;AF:17:25488453-25492456:25492581:25488453-25493136:25493203:-	AF	-0.22573677095908706	0.4360639361	False
ENSMUSG00000015120;AF:17:25488453-25492456:25493036:25488453-25493136:25493203:-	AF	0.35798463276408543	0.4360639361	False
ENSMUSG00000015120;AF:17:25488453-25492456:25493036:25488453-25493136:25493260:-	AF	2.572920743126872e-08	0.4360639361	False
ENSMUSG00000015120;AF:17:25488453-25492456:25493036:25488453-25493136:25493280:-	AF	0.0	0.4360639361	False
ENSMUSG00000015120;AF:17:25488453-25492456:25493036:25488453-25493136:25493290:-	AF	0.09413749569360985	0.4360639361	False
ENSMUSG00000015120;AF:17:25488453-25492456:25493036:25488453-25493136:25493338:-	AF	0.29314170100880255	0.4360639361	False
ENSMUSG00000015120;AF:17:25488453-25492456:25493036:25488453-25493147:25493280:-	AF	0.23418634963682416	0.4360639361	False
ENSMUSG00000015120;AF:17:25488453-25492456:25493036:25488453-25493147:25493326:-	AF	0.0	0.4360639361	False
ENSMUSG00000015120;AF:17:25488453-25492456:25493036:25488453-25493260:25493324:-	AF	0.0	0.4360639361	False
ENSMUSG00000015120;AF:17:25488453-25492456:25493036:25488453-25493268:25493498:-	AF	0.0	0.4360639361	False
ENSMUSG00000015120;AF:17:25488453-25492456:25493036:25488453-25493497:25493597:-	AF	0.0	0.4360639361	False
ENSMUSG00000015120;AF:17:25488453-25492456:25493036:25488453-25493582:25493856:-	AF	0.3328658079598559	0.4360639361	False
ENSMUSG00000015120;AF:17:25488453-25493136:25493203:25488453-25493582:25493856:-	AF	-0.14898390030134584	0.4360639361	False
ENSMUSG00000015120;AF:17:25491639-25491740:25492164:25491639-25492295:25492844:-	AF	-0.35140310057534196	0.4360639361	False
ENSMUSG00000015120;AF:17:25491739-25491971:25492238:25491739-25492295:25492378:-	AF	0.0	0.4360639361	False
ENSMUSG00000015120;AF:17:25491739-25492119:25492292:25491739-25492295:25492378:-	AF	0.14414736441792053	0.4360639361	False
ENSMUSG00000015120;AF:17:25491739-25492295:25492378:25491739-25492456:25492871:-	AF	-0.04256110265393798	0.4360639361	False
ENSMUSG00000015120;AF:17:25491739-25492295:25492378:25491739-25493136:25493284:-	AF	0.055622232413481854	0.4360639361	False
ENSMUSG00000015120;MX:17:25488453-25488550:25488876-25492295:25488453-25491512:25491739-25492295:-	MX	0.1595949565050438	0.4360639361	False
ENSMUSG00000015120;RI:17:25484093:25484151-25487515:25487587:-	RI	0.6067899294051938	0.4360639361	False
ENSMUSG00000015120;RI:17:25484093:25484202-25487449:25487587:-	RI	0.7477707429442272	0.4360639361	False
ENSMUSG00000015120;RI:17:25484093:25484202-25487515:25487587:-	RI	0.02253218823966197	0.4360639361	False
ENSMUSG00000015120;RI:17:25484093:25484228-25487515:25487587:-	RI	0.4637334822239412	0.4360639361	False
ENSMUSG00000015120;RI:17:25491512:25491639-25492295:25492844:-	RI	-0.04209935766375272	0.4360639361	False
ENSMUSG00000015120;SE:17:25483819-25484093:25484202-25487515:-	SE	0.0	0.4360639361	False
ENSMUSG00000015120;SE:17:25483819-25484093:25484228-25487515:-	SE	0.0	0.4360639361	False
ENSMUSG00000015120;SE:17:25484202-25484312:25484377-25487515:-	SE	0.0016071122805305336	0.4360639361	False
ENSMUSG00000015120;SE:17:25487587-25488166:25488249-25488377:-	SE	0.0	0.4360639361	False
ENSMUSG00000015120;SE:17:25488453-25488550:25488876-25492295:-	SE	0.006165990780493301	0.4360639361	False
ENSMUSG00000015120;SE:17:25488453-25491512:25491630-25492295:-	SE	-0.006690063629832635	0.4360639361	False
ENSMUSG00000015120;SE:17:25488453-25491512:25491639-25492295:-	SE	0.004422879523601633	0.4360639361	False
ENSMUSG00000015120;SE:17:25488453-25491512:25491648-25492295:-	SE	0.0	0.4360639361	False
ENSMUSG00000015120;SE:17:25488453-25491512:25491739-25492295:-	SE	-0.006399363636172939	0.4360639361	False
ENSMUSG00000015120;SE:17:25488453-25491512:25491739-25492456:-	SE	0.016283412918100752	0.4360639361	False
ENSMUSG00000015120;SE:17:25488453-25491512:25491739-25493136:-	SE	-0.13427367373407634	0.4360639361	False
ENSMUSG00000015176;A3:19:46067197-46067297:46067197-46067312:+	A3	0.01310633470136223	0.4110175539	False
ENSMUSG00000015176;A3:19:46067197-46067297:46067197-46067315:+	A3	0.009241851389987663	0.4110175539	False
ENSMUSG00000015176;A3:19:46067197-46067312:46067197-46067315:+	A3	0.00034541445179003816	0.4320679321	False
ENSMUSG00000015176;A3:19:46067697-46068347:46067697-46068350:+	A3	0.015610129139351003	0.4110175539	False
ENSMUSG00000015176;MX:19:46064588-46066115:46066222-46067312:46064588-46067142:46067197-46067312:+	MX	0.012773304276299502	0.4110175539	False
ENSMUSG00000015176;RI:19:46067142:46067197-46067297:46067460:+	RI	0.007097997098563735	0.4110175539	False
ENSMUSG00000015176;RI:19:46067142:46067197-46067312:46067460:+	RI	0.0574153372572185	0.4110175539	False
ENSMUSG00000015176;RI:19:46067142:46067197-46067315:46067460:+	RI	0.07422773258024881	0.4110175539	False
ENSMUSG00000015217;A3:X:70599614-70601659:70599614-70601663:+	A3	-0.009351676262427944	0.3576423576	False
ENSMUSG00000015217;A5:X:70599796-70601659:70599614-70601659:+	A5	0.0842711071578755	0.1559440559	False
ENSMUSG00000015217;A5:X:70599843-70601659:70599614-70601659:+	A5	-0.03868496537058624	0.2517482517	False
ENSMUSG00000015217;A5:X:70599843-70601659:70599796-70601659:+	A5	-0.149364930783551	0.1559440559	False
ENSMUSG00000015217;AF:X:70599524:70599614-70601659:70600552:70600714-70601659:+	AF	0.15036855106748725	0.1375291375	False
ENSMUSG00000015217;AF:X:70599534:70599796-70601659:70600552:70600714-70601659:+	AF	0.29370214122905447	0.1375291375	False
ENSMUSG00000015217;AF:X:70599596:70599843-70601659:70600552:70600714-70601659:+	AF	0.43882800398825583	0.1375291375	False
ENSMUSG00000015749;A5:3:95845351-95851619:95845315-95851619:+	A5	-0.21205234578758003	0.2943722944	False
ENSMUSG00000015749;AF:3:95836558:95836962-95841221:95837848:95837931-95841221:+	AF	-0.2595029921916474	0.2943722944	False
ENSMUSG00000015749;AF:3:95836558:95836962-95841221:95840113:95840217-95841221:+	AF	-0.08143699300991558	0.2943722944	False
ENSMUSG00000015749;AF:3:95836590:95836962-95841221:95840113:95840217-95841221:+	AF	0.03781257048636821	0.4145854146	False
ENSMUSG00000015749;AF:3:95836698:95836962-95841221:95840113:95840217-95841221:+	AF	0.005005681609527667	0.4145854146	False
ENSMUSG00000015749;AF:3:95836894:95836962-95841221:95840113:95840217-95841221:+	AF	0.0031145037319529997	0.4145854146	False
ENSMUSG00000015749;AF:3:95837848:95837931-95841221:95840113:95840217-95841221:+	AF	0.022748017170600668	0.4145854146	False
ENSMUSG00000015749;SE:3:95841370-95842088:95842210-95844336:+	SE	-0.004391535693545223	0.4145854146	False
ENSMUSG00000016559;RI:11:115914451:115914604-115914708:115914845:-	RI	0.08355416710973634	0.0734265734	False
ENSMUSG00000016619;SE:15:84807851-84808970:84809097-84811569:+	SE	0.12179615942038086	0.0584415584	False
ENSMUSG00000016664;A5:15:83286200-83316865:83286200-83316953:-	A5	0.012599000892199534	0.3382034632	False
ENSMUSG00000016664;AF:15:83286200-83307874:83307991:83286200-83316865:83317016:-	AF	-0.010495999179212845	0.3382034632	False
ENSMUSG00000016664;AF:15:83286200-83307874:83307991:83286200-83316953:83317025:-	AF	-0.03485473129720518	0.3203463203	False
ENSMUSG00000016664;AF:15:83286200-83307874:83307991:83286200-83348660:83348771:-	AF	0.03540524570586834	0.3203463203	False
ENSMUSG00000016664;AF:15:83286200-83307874:83307991:83286200-83348660:83348807:-	AF	0.024540882743219417	0.3203463203	False
ENSMUSG00000016664;AF:15:83286200-83316865:83317016:83286200-83348660:83348771:-	AF	0.6666636915349592	0.3203463203	False
ENSMUSG00000016664;AF:15:83286200-83316865:83317016:83286200-83348660:83348807:-	AF	0.03189321675995687	0.3382034632	False
ENSMUSG00000016664;AF:15:83286200-83316953:83317025:83286200-83348660:83348771:-	AF	0.07855812277819785	0.3203463203	False
ENSMUSG00000016664;AF:15:83286200-83316953:83317025:83286200-83348660:83348807:-	AF	0.060955273195006265	0.3203463203	False
ENSMUSG00000016664;RI:15:83286068:83286129-83286189:83286200:-	RI	0.02217489220337998	0.3203463203	False
ENSMUSG00000016664;SE:15:83263396-83263885:83264007-83265963:-	SE	-0.055645064517428566	0.3203463203	False
ENSMUSG00000016664;SE:15:83266084-83267824:83267829-83269188:-	SE	-0.0048909136319708	0.3591408591	False
ENSMUSG00000016664;SE:15:83286200-83337068:83337166-83348660:-	SE	0.18959060588340054	0.3203463203	False
ENSMUSG00000017119;AF:11:101442975:101443411-101444814:101443480:101443781-101444814:+	AF	0.38693066982450414	0.4225774226	False
ENSMUSG00000017119;AF:11:101442975:101443411-101444814:101443684:101443781-101444814:+	AF	0.10987738146566504	0.4225774226	False
ENSMUSG00000017119;AF:11:101442975:101443411-101444814:101443693:101443781-101444814:+	AF	0.0	0.4225774226	False
ENSMUSG00000017119;MX:11:101467235-101468020:101468077-101471411:101467235-101468758:101468863-101471411:+	MX	-0.01494427017920641	0.4225774226	False
ENSMUSG00000017119;RI:11:101465825:101465941-101466050:101466242:+	RI	0.03324998873236229	0.4225774226	False
ENSMUSG00000017119;SE:11:101443411-101444814:101444924-101446636:+	SE	-0.046959398955973564	0.4225774226	False
ENSMUSG00000017119;SE:11:101443781-101444814:101444924-101446636:+	SE	0.0	0.4225774226	False
ENSMUSG00000017119;SE:11:101447117-101447867:101447971-101450345:+	SE	0.00013368945779178298	0.4225774226	False
ENSMUSG00000017119;SE:11:101462803-101463288:101463398-101463634:+	SE	-0.04255016001400319	0.4225774226	False
ENSMUSG00000017119;SE:11:101463798-101463929:101464003-101465825:+	SE	-0.009444588117574204	0.4225774226	False
ENSMUSG00000017119;SE:11:101467235-101468020:101468077-101468758:+	SE	-0.002881627772569506	0.4225774226	False
ENSMUSG00000017119;SE:11:101468077-101468758:101468863-101471411:+	SE	0.039528882248157315	0.4225774226	False
ENSMUSG00000017386;RI:11:78052113:78052274-78052344:78052448:-	RI	0.009844117866415213	0.3426573427	False
ENSMUSG00000017478;A5:8:123137724-123138023:123135107-123138023:+	A5	0.2486808029601813	0.3476523477	False
ENSMUSG00000017478;SE:8:123103539-123105448:123105476-123110139:+	SE	-0.01365231142917935	0.3631368631	False
ENSMUSG00000017478;SE:8:123113685-123114432:123114503-123124557:+	SE	0.014160431499477766	0.3631368631	False
ENSMUSG00000017478;SE:8:123135107-123137620:123137724-123138023:+	SE	0.009292049584258666	0.3631368631	False
ENSMUSG00000017478;SE:8:123138166-123138377:123138442-123139729:+	SE	0.06583909335785276	0.3476523477	False
ENSMUSG00000017548;SE:11:79886635-79889883:79889951-79898339:+	SE	-0.01876878715380248	0.3411588412	False
ENSMUSG00000017548;SE:11:79889951-79892971:79893010-79898339:+	SE	0.0068744767903422335	0.3411588412	False
ENSMUSG00000017548;SE:11:79916137-79916623:79916780-79919974:+	SE	-0.03290009346398837	0.3411588412	False
ENSMUSG00000017776;A5:11:75583558-75591371:75583388-75591371:+	A5	-0.0431594701004383	0.2242757243	False
ENSMUSG00000017776;A5:11:75583558-75594192:75583388-75594192:+	A5	0.03763197434901022	0.2242757243	False
ENSMUSG00000017776;AL:11:75583388-75591371:75591615:75583388-75594192:75597734:+	AL	0.13615401039606345	0.20004995	False
ENSMUSG00000017776;AL:11:75583558-75591371:75591563:75583558-75594192:75596891:+	AL	-0.06344462139310014	0.20004995	False
ENSMUSG00000017776;SE:11:75570490-75583023:75583388-75594192:+	SE	0.3055154045462585	0.1333666334	False
ENSMUSG00000017776;SE:11:75570490-75583023:75583558-75594192:+	SE	0.17375665406367946	0.1333666334	False
ENSMUSG00000017843;RI:12:110534162:110534289-110535388:110535489:+	RI	-0.009001692649532402	0.3596403596	False
ENSMUSG00000017843;SE:12:110537202-110541179:110541295-110546835:+	SE	0.20735555816841925	0.0621878122	False
ENSMUSG00000017843;SE:12:110541295-110544535:110544602-110546835:+	SE	-0.252647473967207	0.0621878122	False
ENSMUSG00000017861;SE:2:162917695-162917839:162917955-162919707:+	SE	0.013294031060424814	0.3246753247	False
ENSMUSG00000018160;AF:11:98080114-98083633:98083781:98080114-98083885:98084086:-	AF	0.4887352564974774	0.0839160839	False
ENSMUSG00000018160;AF:11:98080114-98083633:98083781:98080114-98083885:98084102:-	AF	0.11965859808379964	0.1888111888	False
ENSMUSG00000018160;AF:11:98080114-98083633:98083781:98080114-98083885:98084119:-	AF	0.20337707517346718	0.1888111888	False
ENSMUSG00000018160;AL:11:98042980:98043789-98049155:98043837:98043951-98049155:-	AL	0.08401478712330868	0.2142857143	False
ENSMUSG00000018160;AL:11:98042980:98043789-98049155:98048579:98048960-98049155:-	AL	-0.17330171490974125	0.1888111888	False
ENSMUSG00000018160;AL:11:98043837:98043951-98049155:98048579:98048960-98049155:-	AL	-0.08120957755976772	0.1888111888	False
ENSMUSG00000018160;AL:11:98060189:98060278-98061774:98060737:98061266-98061774:-	AL	-0.1560539647835486	0.1888111888	False
ENSMUSG00000018362;A3:11:106888161-106890185:106888140-106890185:-	A3	0.016869794813029082	0.3646353646	False
ENSMUSG00000018362;AF:11:106888161-106889189:106889313:106888161-106890185:106890367:-	AF	0.00655283262233845	0.3646353646	False
ENSMUSG00000018362;AF:11:106888161-106889572:106889605:106888161-106890185:106890367:-	AF	0.02354916213841855	0.3646353646	False
ENSMUSG00000018362;SE:11:106882952-106883429:106883517-106887335:-	SE	0.01688915600746388	0.3646353646	False
ENSMUSG00000018362;SE:11:106888161-106888939:106889064-106890185:-	SE	0.009369056785588865	0.3646353646	False
ENSMUSG00000018379;A3:11:87940041-87940238:87940041-87940803:+	A3	-0.09554161089111102	0.2247752248	False
ENSMUSG00000018379;A5:11:87940041-87940803:87939918-87940803:+	A5	-0.00340482430917044	0.4030969031	False
ENSMUSG00000018379;SE:11:87940041-87940238:87940424-87940803:+	SE	0.058724362581652256	0.2247752248	False
ENSMUSG00000018428;AF:11:88736691-88742177:88742329:88736691-88754476:88754543:-	AF	0.03981722184854898	0.2972027972	False
ENSMUSG00000018428;AF:11:88736691-88742177:88742329:88736691-88755223:88755412:-	AF	0.08764611169883453	0.2972027972	False
ENSMUSG00000018428;AF:11:88736691-88754476:88754543:88736691-88755223:88755412:-	AF	0.01813289860789047	0.2972027972	False
ENSMUSG00000018428;SE:11:88732128-88734416:88734522-88735085:-	SE	0.020180504996269617	0.2972027972	False
ENSMUSG00000018501;A3:11:62210368-62211822:62210251-62211822:-	A3	-0.13754680412333797	0.3467121114	False
ENSMUSG00000018501;A3:11:62218075-62220267:62218072-62220267:-	A3	0.09323199278102207	0.3467121114	False
ENSMUSG00000018501;A3:11:62229894-62231234:62229891-62231234:-	A3	-0.04075776645530693	0.3467121114	False
ENSMUSG00000018501;A3:11:62234177-62235458:62233956-62235458:-	A3	0.0	0.4030969031	False
ENSMUSG00000018501;A3:11:62264400-62267461:62264280-62267461:-	A3	-0.023163606849169516	0.3467121114	False
ENSMUSG00000018501;A3:11:62264448-62267461:62264280-62267461:-	A3	-0.08891201673691024	0.3467121114	False
ENSMUSG00000018501;A3:11:62264448-62267461:62264400-62267461:-	A3	-0.06099202254651276	0.3467121114	False
ENSMUSG00000018501;A3:11:62275671-62280517:62275668-62280517:-	A3	0.006555411506834946	0.3922393396	False
ENSMUSG00000018501;A5:11:62236144-62240179:62236144-62240221:-	A5	0.06610577113927052	0.3467121114	False
ENSMUSG00000018501;A5:11:62244160-62245197:62244160-62245209:-	A5	0.04892139052313249	0.3467121114	False
ENSMUSG00000018501;A5:11:62267587-62269323:62267587-62269341:-	A5	-0.026124182713286037	0.3467121114	False
ENSMUSG00000018501;AF:11:62329341-62347974:62348149:62329341-62348262:62348632:-	AF	0.1106082372200064	0.3467121114	False
ENSMUSG00000018501;AF:11:62329341-62347974:62348149:62329341-62349281:62349367:-	AF	-0.33046419161435114	0.3467121114	False
ENSMUSG00000018501;AF:11:62329341-62347974:62348158:62329341-62348262:62348632:-	AF	0.015017199165929696	0.3785103785	False
ENSMUSG00000018501;AF:11:62329341-62347974:62348158:62329341-62349281:62349367:-	AF	-0.21377691578090185	0.3467121114	False
ENSMUSG00000018501;AF:11:62329341-62348262:62348632:62329341-62349281:62349367:-	AF	-0.2133739755214712	0.3467121114	False
ENSMUSG00000018501;SE:11:62236144-62240179:62240319-62242204:-	SE	0.031448728885282606	0.3467121114	False
ENSMUSG00000018501;SE:11:62236144-62240221:62240319-62242204:-	SE	-0.03793352302555897	0.3467121114	False
ENSMUSG00000018501;SE:11:62249841-62250587:62250760-62257790:-	SE	0.05920481586304421	0.3467121114	False
ENSMUSG00000018501;SE:11:62292093-62294262:62294288-62294625:-	SE	0.04177262959316702	0.3467121114	False
ENSMUSG00000018554;A5:11:69827074-69827723:69826783-69827723:+	A5	0.026590615936652018	0.3041958042	False
ENSMUSG00000018554;AF:11:69826622:69827074-69827723:69827153:69827291-69827723:+	AF	-0.0016518576807574847	0.4195804196	False
ENSMUSG00000018554;AF:11:69826740:69826783-69827723:69827153:69827291-69827723:+	AF	-0.3263993630339488	0.1993006993	False
ENSMUSG00000018572;A3:11:69888664-69889127:69888664-69889328:+	A3	0.025074942720225146	0.3334165834	False
ENSMUSG00000018572;AF:11:69886603:69886879-69888423:69887214:69887335-69888423:+	AF	-0.254462986000433	0.1731601732	False
ENSMUSG00000018572;AF:11:69886603:69886879-69888423:69887817:69887885-69888423:+	AF	-0.19951277982872884	0.2784715285	False
ENSMUSG00000018572;AF:11:69886702:69886879-69888423:69887214:69887335-69888423:+	AF	-0.16986873696954852	0.2547452547	False
ENSMUSG00000018572;AF:11:69886702:69886879-69888423:69887557:69887632-69888423:+	AF	0.048054781865313645	0.3334165834	False
ENSMUSG00000018572;AF:11:69886702:69886879-69888423:69887767:69887862-69888423:+	AF	0.0	0.4060939061	False
ENSMUSG00000018572;AF:11:69886702:69886879-69888423:69887783:69887877-69888423:+	AF	0.0	0.4060939061	False
ENSMUSG00000018572;AF:11:69886702:69886879-69888423:69887817:69887885-69888423:+	AF	-0.10795414397095326	0.2784715285	False
ENSMUSG00000018572;AF:11:69886820:69886879-69888423:69887214:69887335-69888423:+	AF	-0.4719524032952829	0.1731601732	False
ENSMUSG00000018572;AF:11:69887214:69887335-69888423:69887817:69887885-69888423:+	AF	0.10290750112459801	0.2797202797	False
ENSMUSG00000018572;AF:11:69887557:69887632-69888423:69887817:69887885-69888423:+	AF	-0.499988654313981	0.1731601732	False
ENSMUSG00000018648;AF:11:83941746-83957811:83957906:83941746-83959096:83959183:-	AF	0.12655515285803012	0.2847152847	False
ENSMUSG00000018648;AF:11:83941746-83957811:83957906:83941746-83959307:83959405:-	AF	0.03635286205979682	0.2847152847	False
ENSMUSG00000018648;AF:11:83941746-83959096:83959183:83941746-83959307:83959405:-	AF	-0.07270768070176203	0.2847152847	False
ENSMUSG00000018648;AF:11:83959406-83959516:83959627:83959406-83959898:83960087:-	AF	0.026563124644190972	0.2847152847	False
ENSMUSG00000019066;A3:9:21827362-21829318:21827239-21829318:-	A3	0.002320987127088295	0.4095904096	False
ENSMUSG00000019066;SE:9:21827239-21827713:21827860-21829318:-	SE	-0.008259840349560801	0.4095904096	False
ENSMUSG00000019505;AF:11:62441997:62442421-62442966:62442502:62442677-62442966:+	AF	-0.09418936110212861	0.0519480519	False
ENSMUSG00000019699;AF:1:177076447-177085015:177085158:177076447-177085712:177085769:-	AF	-0.07241651615082696	0.4130869131	False
ENSMUSG00000019699;AL:1:176847639:176847711-176859216:176849681:176853015-176859216:-	AL	-0.0030456849269346886	0.4130869131	False
ENSMUSG00000019699;AL:1:176847639:176847711-176859216:176849682:176853015-176859216:-	AL	0.0074253057097715125	0.4130869131	False
ENSMUSG00000019790;A3:10:9645454-9646194:9645278-9646194:-	A3	-0.001067609085936061	0.4230769231	False
ENSMUSG00000019790;A3:10:9653815-9665107:9653810-9665107:-	A3	-0.004366118136775676	0.4230769231	False
ENSMUSG00000019790;SE:10:9646433-9653765:9653810-9665107:-	SE	-0.43155394378561374	0.4230769231	False
ENSMUSG00000019790;SE:10:9646433-9653765:9653815-9665107:-	SE	-0.03470893414747034	0.4230769231	False
ENSMUSG00000019790;SE:10:9665172-9672682:9672765-9673866:-	SE	-0.00618666657833695	0.4230769231	False
ENSMUSG00000019843;AF:10:39244851:39245061-39271001:39245760:39246186-39271001:+	AF	0.051137830320652444	0.3281718282	False
ENSMUSG00000019843;AF:10:39244851:39245061-39271001:39245794:39246186-39271001:+	AF	-0.030846896423285863	0.3281718282	False
ENSMUSG00000019843;AF:10:39244851:39245061-39271001:39245799:39246186-39271001:+	AF	-0.08098992356992396	0.3281718282	False
ENSMUSG00000019843;AF:10:39296005:39296254-39331062:39330801:39330845-39331062:+	AF	0.021665895047151666	0.3562687313	False
ENSMUSG00000019843;AF:10:39330801:39330845-39331062:39330911:39330976-39331062:+	AF	0.0	0.3866133866	False
ENSMUSG00000019843;MX:10:39402926-39405433:39405597-39408012:39402926-39405915:39406070-39408012:+	MX	0.03988683253777359	0.3281718282	False
ENSMUSG00000019843;SE:10:39271040-39331062:39331131-39387735:+	SE	-0.04112291270928814	0.3281718282	False
ENSMUSG00000019843;SE:10:39402926-39405433:39405597-39408012:+	SE	-0.25826749814165617	0.1281218781	False
ENSMUSG00000019843;SE:10:39402926-39405915:39406070-39408012:+	SE	-0.26740198105310187	0.1281218781	False
ENSMUSG00000019907;AL:10:108110049-108113068:108113212:108110049-108120138:108120336:+	AL	-0.01585991556026689	0.3517482517	False
ENSMUSG00000019907;AL:10:108110049-108113068:108113436:108110049-108120138:108120336:+	AL	-0.06684437756499628	0.3517482517	False
ENSMUSG00000019907;AL:10:108110049-108113068:108115845:108110049-108120138:108120336:+	AL	-0.10297690007588056	0.3517482517	False
ENSMUSG00000019907;RI:10:108097106:108097277-108098171:108098292:+	RI	0.0035035086438582165	0.3771228771	False
ENSMUSG00000019907;SE:10:108087805-108088618:108088785-108089186:+	SE	-0.010143551476775259	0.3537296037	False
ENSMUSG00000019907;SE:10:108088785-108089186:108089356-108095617:+	SE	0.02284305775778983	0.3517482517	False
ENSMUSG00000019907;SE:10:108107630-108109256:108109286-108109999:+	SE	-0.04483203708895089	0.3517482517	False
ENSMUSG00000019947;SE:10:67970936-67974476:67974611-68021856:-	SE	-0.18518964123487286	0.03996004	True
ENSMUSG00000019978;A5:10:25388983-25398195:25388979-25398195:+	A5	0.004816228434964183	0.4220779221	False
ENSMUSG00000019978;AF:10:25235696:25235879-25317471:25274557:25274769-25317471:+	AF	-0.48827210211937844	0.320855615	False
ENSMUSG00000019978;AF:10:25235696:25235879-25317471:25279101:25279407-25317471:+	AF	-0.38715097837153306	0.320855615	False
ENSMUSG00000019978;AF:10:25235696:25235879-25317471:25284266:25284340-25317471:+	AF	-0.4368667514548182	0.320855615	False
ENSMUSG00000019978;AF:10:25235696:25235879-25317471:25284285:25284340-25317471:+	AF	-0.000865384329131344	0.4220779221	False
ENSMUSG00000019978;AF:10:25235696:25235879-25317471:25308497:25308760-25317471:+	AF	0.0	0.320855615	False
ENSMUSG00000019978;AF:10:25235696:25235879-25317471:25308514:25308781-25317471:+	AF	0.0	0.320855615	False
ENSMUSG00000019978;AF:10:25235754:25235879-25317471:25274557:25274769-25317471:+	AF	-0.12026036583451982	0.320855615	False
ENSMUSG00000019978;AF:10:25235754:25235879-25317471:25279101:25279407-25317471:+	AF	-0.1273459922470752	0.320855615	False
ENSMUSG00000019978;AF:10:25235754:25235879-25317471:25284266:25284340-25317471:+	AF	-0.00697982118523055	0.4220779221	False
ENSMUSG00000019978;AF:10:25235754:25235879-25317471:25284285:25284340-25317471:+	AF	-0.04911456713529172	0.320855615	False
ENSMUSG00000019978;AF:10:25235754:25235879-25317471:25308497:25308760-25317471:+	AF	0.0	0.4220779221	False
ENSMUSG00000019978;AF:10:25235754:25235879-25317471:25308514:25308781-25317471:+	AF	0.0	0.4220779221	False
ENSMUSG00000019978;AF:10:25274557:25274769-25317471:25279101:25279407-25317471:+	AF	0.201455365483948	0.320855615	False
ENSMUSG00000019978;AF:10:25274557:25274769-25317471:25284266:25284340-25317471:+	AF	0.016046119610266585	0.4220779221	False
ENSMUSG00000019978;AF:10:25274557:25274769-25317471:25284285:25284340-25317471:+	AF	0.19028852632643217	0.320855615	False
ENSMUSG00000019978;AF:10:25279101:25279407-25317471:25284266:25284340-25317471:+	AF	0.16765737366769573	0.320855615	False
ENSMUSG00000019978;AF:10:25279101:25279407-25317471:25284285:25284340-25317471:+	AF	0.18623259364177358	0.320855615	False
ENSMUSG00000019978;AF:10:25279101:25279407-25317471:25308497:25308760-25317471:+	AF	0.0	0.4220779221	False
ENSMUSG00000019978;AF:10:25279101:25279407-25317471:25308514:25308781-25317471:+	AF	0.0	0.4220779221	False
ENSMUSG00000019978;AF:10:25284285:25284340-25317471:25308497:25308760-25317471:+	AF	0.0	0.4220779221	False
ENSMUSG00000019978;AF:10:25284285:25284340-25317471:25308514:25308781-25317471:+	AF	0.0	0.4220779221	False
ENSMUSG00000019978;MX:10:25371489-25377476:25377529-25380035:25371489-25377722:25378285-25380035:+	MX	0.20464861746827856	0.320855615	False
ENSMUSG00000019978;SE:10:25371489-25375674:25375841-25377476:+	SE	0.3407578791453499	0.320855615	False
ENSMUSG00000019978;SE:10:25378285-25380035:25380157-25382073:+	SE	-0.09192514053017553	0.320855615	False
ENSMUSG00000019978;SE:10:25380157-25382073:25382171-25383675:+	SE	-0.008819754683618841	0.4220779221	False
ENSMUSG00000020023;A5:10:94386888-94414285:94386838-94414285:+	A5	0.007491805963274233	0.373081464	False
ENSMUSG00000020023;AF:10:94350719:94350966-94414285:94381293:94381430-94414285:+	AF	0.09680546962910075	0.1931818182	False
ENSMUSG00000020023;AF:10:94350719:94350966-94414285:94386714:94386888-94414285:+	AF	-0.0025516873797708506	0.4005994006	False
ENSMUSG00000020023;AF:10:94350719:94350966-94414285:94386734:94386838-94414285:+	AF	-0.05939910707432172	0.2496392496	False
ENSMUSG00000020023;AF:10:94350719:94350966-94414285:94411119:94411289-94414285:+	AF	0.0896157453632852	0.1931818182	False
ENSMUSG00000020023;AF:10:94350719:94350966-94414285:94412125:94412314-94414285:+	AF	0.09420172455881315	0.1931818182	False
ENSMUSG00000020023;AF:10:94381293:94381430-94414285:94386714:94386888-94414285:+	AF	-0.00514314679190786	0.4005994006	False
ENSMUSG00000020023;AF:10:94381293:94381430-94414285:94386734:94386838-94414285:+	AF	-0.16993897933582602	0.1931818182	False
ENSMUSG00000020023;AF:10:94381293:94381430-94414285:94411119:94411289-94414285:+	AF	0.01987296307001085	0.373081464	False
ENSMUSG00000020023;AF:10:94381293:94381430-94414285:94412125:94412314-94414285:+	AF	0.11346294269818968	0.1931818182	False
ENSMUSG00000020023;AF:10:94386734:94386838-94414285:94411119:94411289-94414285:+	AF	0.16795404899023336	0.1931818182	False
ENSMUSG00000020023;AF:10:94386734:94386838-94414285:94412125:94412314-94414285:+	AF	0.46542542640756335	0.1931818182	False
ENSMUSG00000020023;AF:10:94411119:94411289-94414285:94412125:94412314-94414285:+	AF	0.3011530643530114	0.1931818182	False
ENSMUSG00000020038;A5:10:84984662-84987077:84984662-84987092:-	A5	-0.0035986373332373978	0.3986013986	False
ENSMUSG00000020048;RI:10:86527493:86527612-86528004:86528159:-	RI	-0.004503193854402667	0.4275724276	False
ENSMUSG00000020048;SE:10:86531827-86532583:86532699-86534183:-	SE	0.0020133825932932004	0.4275724276	False
ENSMUSG00000020074;A3:10:62616413-62619013:62616390-62619013:-	A3	-0.07803541516207746	0.3471528472	False
ENSMUSG00000020074;A5:10:62626821-62627909:62626821-62627984:-	A5	0.47375892171106193	0.2372627373	False
ENSMUSG00000020074;A5:10:62626821-62627909:62626821-62627989:-	A5	-0.048698297118270506	0.3577672328	False
ENSMUSG00000020074;A5:10:62626821-62627909:62626821-62627995:-	A5	0.059876232796653474	0.3516483516	False
ENSMUSG00000020074;A5:10:62626821-62627921:62626821-62627984:-	A5	0.0	0.3585303585	False
ENSMUSG00000020074;A5:10:62626821-62627921:62626821-62627995:-	A5	0.0	0.4230769231	False
ENSMUSG00000020074;A5:10:62626821-62627984:62626821-62627989:-	A5	-0.5415922500009405	0.2372627373	False
ENSMUSG00000020074;A5:10:62626821-62627984:62626821-62627995:-	A5	-0.039145064708633576	0.3553589268	False
ENSMUSG00000020074;A5:10:62626821-62627989:62626821-62627995:-	A5	0.08860669058583914	0.3471528472	False
ENSMUSG00000020074;SE:10:62587633-62588953:62589192-62592262:-	SE	-0.029414158295720028	0.3553589268	False
ENSMUSG00000020083;A3:10:61945810-61946015:61945791-61946015:-	A3	-0.1241211611071261	0.3936063936	False
ENSMUSG00000020083;A3:10:61978161-61979649:61978128-61979649:-	A3	0.00197365900472124	0.3936063936	False
ENSMUSG00000020083;A5:10:61946093-61946377:61946093-61946738:-	A5	0.4855480605104765	0.2272727273	False
ENSMUSG00000020083;AF:10:61945791-61946015:61946275:61945791-61946738:61946829:-	AF	0.028532971551190556	0.3936063936	False
ENSMUSG00000020083;AF:10:61945791-61946485:61946724:61945791-61946738:61946829:-	AF	-0.00636153663225585	0.3936063936	False
ENSMUSG00000020083;AF:10:61946093-61946377:61946747:61946093-61970268:61970485:-	AF	0.32611618026883493	0.2272727273	False
ENSMUSG00000020083;AF:10:61946093-61946738:61946829:61946093-61970268:61970485:-	AF	-0.018780561592901424	0.3936063936	False
ENSMUSG00000020083;AF:10:61970540-61975441:61975649:61970540-61979649:61979685:-	AF	0.033322106910260496	0.3936063936	False
ENSMUSG00000020083;AL:10:61944614:61944902-61970268:61945726:61945791-61970268:-	AL	0.018455706379278	0.3936063936	False
ENSMUSG00000020083;SE:10:61944902-61945663:61945791-61970268:-	SE	-0.033322106910260385	0.3936063936	False
ENSMUSG00000020083;SE:10:61945791-61946015:61946093-61946738:-	SE	-0.006877294663891476	0.3936063936	False
ENSMUSG00000020083;SE:10:61970540-61978045:61978128-61979649:-	SE	-0.009495825964563567	0.3936063936	False
ENSMUSG00000020083;SE:10:61970540-61978045:61978161-61979649:-	SE	0.005441678660488836	0.3936063936	False
ENSMUSG00000020114;AF:10:119063451-119075057:119075208:119063451-119075546:119075960:-	AF	0.03248475469940745	0.2197802198	False
ENSMUSG00000020124;SE:10:122982843-122988946:122989032-122999498:-	SE	0.007239276400946369	0.3611388611	False
ENSMUSG00000020124;SE:10:122989032-122999498:122999559-123004132:-	SE	-0.006671033420695083	0.3611388611	False
ENSMUSG00000020130;AF:10:115076852-115087116:115087158:115076852-115087287:115087372:-	AF	0.07694801457751332	0.0809190809	False
ENSMUSG00000020171;A3:10:117056360-117056437:117056332-117056437:-	A3	0.01828112124238917	0.2617382617	False
ENSMUSG00000020184;A5:10:117541134-117545559:117541134-117545605:-	A5	0.049492502675792346	0.3527722278	False
ENSMUSG00000020184;SE:10:117530973-117531858:117531954-117532286:-	SE	0.0	0.4455544456	False
ENSMUSG00000020184;SE:10:117541134-117545559:117545689-117545851:-	SE	0.04704113282599903	0.3527722278	False
ENSMUSG00000020184;SE:10:117541134-117545605:117545689-117545851:-	SE	0.018291985416650114	0.3527722278	False
ENSMUSG00000020189;SE:10:111040701-111060533:111060569-111069414:+	SE	0.05251808752256493	0.1288711289	False
ENSMUSG00000020196;A3:10:75561238-75561383:75561219-75561383:-	A3	-0.05144284308212643	0.3296703297	False
ENSMUSG00000020196;A3:10:75561589-75562692:75561515-75562692:-	A3	-0.030216512035851628	0.3296703297	False
ENSMUSG00000020196;A3:10:75591334-75599859:75591265-75599859:-	A3	0.0	0.4245754246	False
ENSMUSG00000020196;A5:10:75535929-75549287:75535929-75549374:-	A5	0.10424093902463938	0.3296703297	False
ENSMUSG00000020196;SE:10:75562853-75564860:75564969-75568234:-	SE	0.05254953362947113	0.3296703297	False
ENSMUSG00000020257;MX:9:106053909-106057765:106057831-106061379:106053909-106060815:106060914-106061379:+	MX	0.16959314070059542	0.216033966	False
ENSMUSG00000020257;SE:9:106048578-106053812:106053909-106057765:+	SE	0.0	0.4405594406	False
ENSMUSG00000020257;SE:9:106053909-106057765:106057831-106060815:+	SE	0.02383229282208077	0.4170829171	False
ENSMUSG00000020257;SE:9:106057831-106060815:106060914-106061379:+	SE	-0.10045850376440535	0.216033966	False
ENSMUSG00000020307;A3:10:79520936-79521014:79520936-79521067:+	A3	0.010779383413047199	0.375	False
ENSMUSG00000020307;A3:10:79521201-79523683:79521201-79523687:+	A3	-0.016023548966941137	0.375	False
ENSMUSG00000020307;A3:10:79521201-79523683:79521201-79523690:+	A3	-0.041817237773822846	0.375	False
ENSMUSG00000020307;A3:10:79521201-79523687:79521201-79523690:+	A3	0.0010266235068614737	0.4210789211	False
ENSMUSG00000020307;AF:10:79518029:79518424-79520652:79520221:79520236-79520652:+	AF	-0.011662277638543661	0.375	False
ENSMUSG00000020307;AF:10:79518137:79518424-79520652:79520221:79520236-79520652:+	AF	0.009541250253783495	0.375	False
ENSMUSG00000020307;AF:10:79518238:79518424-79520652:79520221:79520236-79520652:+	AF	-0.03826329766129588	0.375	False
ENSMUSG00000020307;AF:10:79518308:79518424-79520652:79520221:79520236-79520652:+	AF	-0.0478844558755499	0.375	False
ENSMUSG00000020307;AL:10:79520936-79521014:79521095:79520936-79523683:79524109:+	AL	0.2213238055636674	0.375	False
ENSMUSG00000020307;AL:10:79520936-79521067:79521202:79520936-79523683:79524109:+	AL	-0.18635053729239465	0.375	False
ENSMUSG00000020307;RI:10:79520839:79520936-79521067:79521201:+	RI	0.03377584984649478	0.375	False
ENSMUSG00000020307;SE:10:79520936-79521067:79521201-79523683:+	SE	-0.019858634480869886	0.375	False
ENSMUSG00000020358;A3:11:51492717-51493420:51492305-51493420:-	A3	-0.08622449578876139	0.1713286713	False
ENSMUSG00000020358;SE:11:51492305-51492577:51492717-51493420:-	SE	-0.07157794297831521	0.1713286713	False
ENSMUSG00000020368;A3:11:50202611-50216320:50202607-50216320:-	A3	-0.006128632296367731	0.3751248751	False
ENSMUSG00000020409;A3:11:43329711-43329848:43329711-43329980:+	A3	0.012475956939653634	0.3851148851	False
ENSMUSG00000020409;MX:11:43324646-43325881:43326038-43328172:43324646-43327181:43327259-43328172:+	MX	0.014310771036930542	0.3851148851	False
ENSMUSG00000020409;SE:11:43324646-43325881:43326038-43328172:+	SE	0.0036143741218745834	0.3851148851	False
ENSMUSG00000020409;SE:11:43324646-43327181:43327259-43328172:+	SE	-0.04549055623333309	0.3851148851	False
ENSMUSG00000020415;A3:11:43312092-43313720:43312084-43313720:-	A3	-0.017114969181782014	0.3196803197	False
ENSMUSG00000020415;A5:11:43311235-43311855:43311235-43311934:-	A5	0.024366419881654985	0.3196803197	False
ENSMUSG00000020415;A5:11:43316508-43317001:43316508-43317016:-	A5	0.02155107964830616	0.3196803197	False
ENSMUSG00000020415;A5:11:43316508-43317001:43316508-43317028:-	A5	0.11505027037948506	0.1898101898	False
ENSMUSG00000020415;A5:11:43316508-43317016:43316508-43317028:-	A5	0.015516450419540102	0.3196803197	False
ENSMUSG00000020454;A3:11:3177885-3179869:3177885-3179968:+	A3	-0.0022462351052413565	0.4411588412	False
ENSMUSG00000020454;A3:11:3184059-3184462:3184059-3184585:+	A3	0.0	0.4411588412	False
ENSMUSG00000020454;A5:11:3152992-3153630:3152797-3153630:+	A5	0.08682040279727304	0.4411588412	False
ENSMUSG00000020454;A5:11:3153326-3153630:3153194-3153630:+	A5	0.02598151902481438	0.4411588412	False
ENSMUSG00000020454;A5:11:3180101-3183988:3180065-3183988:+	A5	0.004732309473558738	0.4411588412	False
ENSMUSG00000020454;AF:11:3152392:3152556-3153630:3152663:3152797-3153630:+	AF	-0.03329550944862236	0.4411588412	False
ENSMUSG00000020454;AF:11:3152392:3152556-3153630:3152689:3152797-3153630:+	AF	-0.004888582617394555	0.4411588412	False
ENSMUSG00000020454;AF:11:3152392:3152556-3153630:3152734:3152992-3153630:+	AF	-0.07818892129171529	0.4411588412	False
ENSMUSG00000020454;AF:11:3152392:3152556-3153630:3152995:3153194-3153630:+	AF	2.10406437014532e-05	0.45004995	False
ENSMUSG00000020454;AF:11:3152392:3152556-3153630:3153021:3153326-3153630:+	AF	-0.005729432256517675	0.4411588412	False
ENSMUSG00000020454;AF:11:3152663:3152797-3153630:3152995:3153194-3153630:+	AF	0.003031784507578572	0.4411588412	False
ENSMUSG00000020454;AF:11:3152663:3152797-3153630:3153021:3153326-3153630:+	AF	0.010069786767958222	0.4411588412	False
ENSMUSG00000020454;AF:11:3152689:3152797-3153630:3153021:3153326-3153630:+	AF	0.04805327741378803	0.4411588412	False
ENSMUSG00000020454;AF:11:3152734:3152992-3153630:3152995:3153194-3153630:+	AF	0.0007414622136793225	0.4411588412	False
ENSMUSG00000020454;AF:11:3152734:3152992-3153630:3153021:3153326-3153630:+	AF	0.12330675858036733	0.4411588412	False
ENSMUSG00000020454;SE:11:3180101-3183988:3184059-3184462:+	SE	0.01950690507595909	0.4411588412	False
ENSMUSG00000020515;AF:11:57994979:57995034-58000382:57995055:57995174-58000382:+	AF	-0.015383060494755019	0.3751248751	False
ENSMUSG00000020515;AF:11:57994979:57995034-58000382:57995192:57995620-58000382:+	AF	-0.0060173838373203115	0.3751248751	False
ENSMUSG00000020515;AF:11:57995055:57995174-58000382:57995192:57995620-58000382:+	AF	0.18961857486086947	0.3751248751	False
ENSMUSG00000020515;AL:11:58006201-58008033:58008084:58006201-58008265:58009420:+	AL	0.022435326407525817	0.3751248751	False
ENSMUSG00000020594;A3:12:8763937-8768988:8763937-8769003:+	A3	0.030038765121594313	0.3987534205	False
ENSMUSG00000020594;A3:12:8763937-8768988:8763937-8769006:+	A3	-0.013952489456972916	0.4039009771	False
ENSMUSG00000020594;A3:12:8763937-8769003:8763937-8769006:+	A3	-0.18815872234070607	0.3765058471	False
ENSMUSG00000020594;A5:12:8724839-8748091:8724826-8748091:+	A5	-0.006516035948007426	0.4039009771	False
ENSMUSG00000020594;A5:12:8724839-8748091:8724833-8748091:+	A5	0.10625080304496493	0.3765058471	False
ENSMUSG00000020594;A5:12:8794749-8797157:8794743-8797157:+	A5	0.06380458769862066	0.3765058471	False
ENSMUSG00000020594;AF:12:8724134:8724170-8748091:8724224:8724480-8748091:+	AF	0.12240368967555026	0.3765058471	False
ENSMUSG00000020594;AF:12:8724134:8724170-8748091:8724259:8724480-8748091:+	AF	0.08780902458746132	0.3765058471	False
ENSMUSG00000020594;AF:12:8724134:8724170-8748091:8724275:8724480-8748091:+	AF	0.12034268293718609	0.3770673771	False
ENSMUSG00000020594;AF:12:8724134:8724170-8748091:8724421:8724480-8748091:+	AF	-0.062424460267189064	0.3987534205	False
ENSMUSG00000020594;AF:12:8724134:8724170-8748091:8724470:8724480-8748091:+	AF	0.02406997603699848	0.4039009771	False
ENSMUSG00000020594;AF:12:8724134:8724170-8748091:8724681:8724826-8748091:+	AF	0.0024403272130761877	0.4039009771	False
ENSMUSG00000020594;AF:12:8724134:8724170-8748091:8724736:8724833-8748091:+	AF	0.2042637743183845	0.3765058471	False
ENSMUSG00000020594;AF:12:8724134:8724170-8748091:8724765:8724839-8748091:+	AF	0.12400156061977224	0.3765058471	False
ENSMUSG00000020594;AF:12:8724145:8724170-8748091:8724224:8724480-8748091:+	AF	-0.01713810321607062	0.4039009771	False
ENSMUSG00000020594;AF:12:8724145:8724170-8748091:8724259:8724480-8748091:+	AF	-0.006137572189265389	0.4039009771	False
ENSMUSG00000020594;AF:12:8724145:8724170-8748091:8724275:8724480-8748091:+	AF	0.041267193449630146	0.4039009771	False
ENSMUSG00000020594;AF:12:8724145:8724170-8748091:8724421:8724480-8748091:+	AF	-0.1829419826910767	0.3765058471	False
ENSMUSG00000020594;AF:12:8724145:8724170-8748091:8724470:8724480-8748091:+	AF	-0.043760274645956776	0.3987534205	False
ENSMUSG00000020594;AF:12:8724145:8724170-8748091:8724681:8724826-8748091:+	AF	-0.019977228823278237	0.4039009771	False
ENSMUSG00000020594;AF:12:8724145:8724170-8748091:8724736:8724833-8748091:+	AF	0.2692182086119811	0.3765058471	False
ENSMUSG00000020594;AF:12:8724145:8724170-8748091:8724765:8724839-8748091:+	AF	0.013897068797205064	0.4039009771	False
ENSMUSG00000020594;AF:12:8724224:8724480-8748091:8724681:8724826-8748091:+	AF	-0.001149684143150309	0.4039009771	False
ENSMUSG00000020594;AF:12:8724224:8724480-8748091:8724736:8724833-8748091:+	AF	0.15807076900587758	0.3765058471	False
ENSMUSG00000020594;AF:12:8724224:8724480-8748091:8724765:8724839-8748091:+	AF	0.0171331495386694	0.4039009771	False
ENSMUSG00000020594;AF:12:8724259:8724480-8748091:8724681:8724826-8748091:+	AF	-0.004785023412421485	0.4039009771	False
ENSMUSG00000020594;AF:12:8724259:8724480-8748091:8724736:8724833-8748091:+	AF	0.08501468105163079	0.3765058471	False
ENSMUSG00000020594;AF:12:8724259:8724480-8748091:8724765:8724839-8748091:+	AF	0.024685269233621354	0.4039009771	False
ENSMUSG00000020594;AF:12:8724275:8724480-8748091:8724681:8724826-8748091:+	AF	-0.11425731880275969	0.4039009771	False
ENSMUSG00000020594;AF:12:8724275:8724480-8748091:8724736:8724833-8748091:+	AF	0.3296523782125762	0.3765058471	False
ENSMUSG00000020594;AF:12:8724275:8724480-8748091:8724765:8724839-8748091:+	AF	-0.025641944465229764	0.4039009771	False
ENSMUSG00000020594;AF:12:8724421:8724480-8748091:8724681:8724826-8748091:+	AF	-0.00012965361968186873	0.4039009771	False
ENSMUSG00000020594;AF:12:8724421:8724480-8748091:8724736:8724833-8748091:+	AF	0.23829528076453432	0.3765058471	False
ENSMUSG00000020594;AF:12:8724421:8724480-8748091:8724765:8724839-8748091:+	AF	0.19307247565247515	0.3765058471	False
ENSMUSG00000020594;AF:12:8724470:8724480-8748091:8724681:8724826-8748091:+	AF	-0.001667809304309431	0.4185814186	False
ENSMUSG00000020594;AF:12:8724470:8724480-8748091:8724736:8724833-8748091:+	AF	0.07721828968137545	0.3765058471	False
ENSMUSG00000020594;AF:12:8724470:8724480-8748091:8724765:8724839-8748091:+	AF	0.09251375915257254	0.3765058471	False
ENSMUSG00000020594;AL:12:8756041-8757251:8757368:8756041-8759322:8759490:+	AL	-0.10429864809238565	0.3765058471	False
ENSMUSG00000020594;SE:12:8748159-8749064:8749188-8755933:+	SE	-0.009028666188323042	0.4039009771	False
ENSMUSG00000020594;SE:12:8749188-8750149:8750222-8755933:+	SE	-0.040466987704518856	0.4039009771	False
ENSMUSG00000020594;SE:12:8779149-8783273:8783509-8793761:+	SE	0.041487378127653074	0.3987534205	False
ENSMUSG00000020594;SE:12:8794466-8794615:8794743-8797157:+	SE	0.003496455573702817	0.4172969887	False
ENSMUSG00000020594;SE:12:8794466-8794615:8794749-8797157:+	SE	0.06950074273770757	0.3987534205	False
ENSMUSG00000020608;A3:12:11345084-11347104:11345084-11347151:+	A3	0.0	0.4525474525	False
ENSMUSG00000020608;MX:12:11321872-11323995:11324112-11329606:11321872-11326261:11326366-11329606:+	MX	0.3404641583415151	0.1698301698	False
ENSMUSG00000020608;RI:12:11341527:11341731-11344486:11344600:+	RI	0.0034471530820583173	0.4525474525	False
ENSMUSG00000020608;SE:12:11321872-11323995:11324112-11326261:+	SE	0.07632724517404976	0.3546453546	False
ENSMUSG00000020608;SE:12:11321872-11323995:11324112-11329606:+	SE	0.060364253000027984	0.3676323676	False
ENSMUSG00000020608;SE:12:11321872-11326261:11326366-11329606:+	SE	-0.10025478188919726	0.3546453546	False
ENSMUSG00000020608;SE:12:11324112-11326261:11326366-11329606:+	SE	-0.040020782680492584	0.3676323676	False
ENSMUSG00000020608;SE:12:11347286-11348263:11348343-11349260:+	SE	0.008230124276181416	0.4525474525	False
ENSMUSG00000020608;SE:12:11351668-11354516:11355287-11356079:+	SE	0.0018269733764797662	0.4525474525	False
ENSMUSG00000020608;SE:12:11364760-11366497:11366538-11366620:+	SE	0.004952597817366666	0.4525474525	False
ENSMUSG00000020715;SE:11:106325813-106327916:106327949-106349734:-	SE	0.07273601612396574	0.1153846154	False
ENSMUSG00000020719;AF:11:106679285-106679525:106679709:106679285-106679842:106680011:-	AF	0.2322589319873966	0.0529470529	False
ENSMUSG00000020719;RI:11:106673295:106673519-106674785:106674844:-	RI	0.057624412885221965	0.1568431568	False
ENSMUSG00000020849;AF:11:75623695:75623917-75642707:75623974:75624071-75642707:+	AF	0.03963020121703298	0.250999001	False
ENSMUSG00000020849;AF:11:75623739:75623917-75642707:75623974:75624071-75642707:+	AF	0.007825492083246344	0.3046953047	False
ENSMUSG00000020849;AF:11:75623787:75623917-75642707:75623974:75624071-75642707:+	AF	0.06338723387066925	0.250999001	False
ENSMUSG00000020863;A3:11:94183881-94183964:94183858-94183964:-	A3	-0.03986564520684788	0.2777222777	False
ENSMUSG00000020863;AF:11:94188746-94189776:94189857:94188746-94190782:94191057:-	AF	-0.02518164695574432	0.2777222777	False
ENSMUSG00000020863;RI:11:94181965:94183858-94183964:94184104:-	RI	-0.060276591658286416	0.2777222777	False
ENSMUSG00000020863;SE:11:94182404-94183220:94183298-94183753:-	SE	0.1734293701949212	0.2777222777	False
ENSMUSG00000020863;SE:11:94182404-94183233:94183298-94183753:-	SE	0.2529461735730273	0.2777222777	False
ENSMUSG00000020863;SE:11:94197051-94200451:94200517-94212516:-	SE	-0.036889688342888305	0.2777222777	False
ENSMUSG00000020962;AF:12:91553575-91556309:91556413:91553575-91557160:91557261:-	AF	-0.017530055210161433	0.2437562438	False
ENSMUSG00000020962;AF:12:91553575-91556309:91556783:91553575-91557160:91557261:-	AF	0.023639960501411067	0.2437562438	False
ENSMUSG00000021000;A3:12:59215821-59217044:59215821-59217048:+	A3	0.0	0.453046953	False
ENSMUSG00000021000;AF:12:59176506:59176682-59182850:59177163:59177681-59182850:+	AF	0.35188751082283964	0.3804377441	False
ENSMUSG00000021000;AF:12:59176506:59176682-59182850:59177623:59177681-59182850:+	AF	0.0	0.4137662338	False
ENSMUSG00000021000;AF:12:59176506:59176682-59182850:59177808:59177905-59182850:+	AF	0.16839252279980932	0.4137662338	False
ENSMUSG00000021000;AF:12:59176506:59176682-59182850:59178072:59178390-59182850:+	AF	0.2852085671756681	0.3804377441	False
ENSMUSG00000021000;AF:12:59176506:59176682-59182850:59178239:59178390-59182850:+	AF	0.13862266006503293	0.3804377441	False
ENSMUSG00000021000;AF:12:59176506:59176682-59182850:59178253:59178390-59182850:+	AF	0.3699852570615678	0.3804377441	False
ENSMUSG00000021000;AF:12:59176506:59176682-59182850:59178267:59178390-59182850:+	AF	0.5721271730894659	0.3804377441	False
ENSMUSG00000021000;AF:12:59176506:59176682-59182850:59178288:59178390-59182850:+	AF	-0.07486319214081028	0.4137662338	False
ENSMUSG00000021000;AF:12:59176532:59176682-59182850:59178072:59178390-59182850:+	AF	-0.11832771688293	0.4137662338	False
ENSMUSG00000021000;AF:12:59176532:59176682-59182850:59178239:59178390-59182850:+	AF	-0.01339222848650085	0.4137662338	False
ENSMUSG00000021000;AF:12:59176532:59176682-59182850:59178253:59178390-59182850:+	AF	-0.0269875242318462	0.4137662338	False
ENSMUSG00000021000;AF:12:59176532:59176682-59182850:59178288:59178390-59182850:+	AF	-0.06901541447719305	0.4137662338	False
ENSMUSG00000021000;AF:12:59176549:59176682-59182850:59178072:59178390-59182850:+	AF	0.0	0.4137662338	False
ENSMUSG00000021000;AF:12:59176549:59176682-59182850:59178239:59178390-59182850:+	AF	0.0	0.425290227	False
ENSMUSG00000021000;AF:12:59176549:59176682-59182850:59178253:59178390-59182850:+	AF	0.0	0.425290227	False
ENSMUSG00000021000;AF:12:59176549:59176682-59182850:59178288:59178390-59182850:+	AF	0.0	0.4137662338	False
ENSMUSG00000021000;AF:12:59176551:59176682-59182850:59178072:59178390-59182850:+	AF	-0.1230323276170682	0.4137662338	False
ENSMUSG00000021000;AF:12:59176551:59176682-59182850:59178239:59178390-59182850:+	AF	-0.0179870358640135	0.4137662338	False
ENSMUSG00000021000;AF:12:59176551:59176682-59182850:59178253:59178390-59182850:+	AF	-0.047178158872801	0.4137662338	False
ENSMUSG00000021000;AF:12:59176551:59176682-59182850:59178288:59178390-59182850:+	AF	-0.4810579098764486	0.3804377441	False
ENSMUSG00000021000;AF:12:59176571:59176682-59182850:59178072:59178390-59182850:+	AF	0.0	0.4137662338	False
ENSMUSG00000021000;AF:12:59176571:59176682-59182850:59178239:59178390-59182850:+	AF	0.0	0.425290227	False
ENSMUSG00000021000;AF:12:59176571:59176682-59182850:59178253:59178390-59182850:+	AF	0.0	0.425290227	False
ENSMUSG00000021000;AF:12:59176571:59176682-59182850:59178288:59178390-59182850:+	AF	0.0	0.4137662338	False
ENSMUSG00000021000;AF:12:59176596:59176682-59182850:59177808:59177905-59182850:+	AF	0.10279128343446643	0.4137662338	False
ENSMUSG00000021000;AF:12:59176596:59176682-59182850:59178072:59178390-59182850:+	AF	0.08381374368321597	0.4137662338	False
ENSMUSG00000021000;AF:12:59176596:59176682-59182850:59178239:59178390-59182850:+	AF	0.008387854437178268	0.425290227	False
ENSMUSG00000021000;AF:12:59176596:59176682-59182850:59178253:59178390-59182850:+	AF	0.10762038501236683	0.4137662338	False
ENSMUSG00000021000;AF:12:59176596:59176682-59182850:59178288:59178390-59182850:+	AF	0.06475744429182813	0.4137662338	False
ENSMUSG00000021000;AF:12:59177163:59177681-59182850:59177808:59177905-59182850:+	AF	-0.4080332244737787	0.3804377441	False
ENSMUSG00000021000;AF:12:59177163:59177681-59182850:59178072:59178390-59182850:+	AF	-0.34150864634524886	0.4137662338	False
ENSMUSG00000021000;AF:12:59177163:59177681-59182850:59178239:59178390-59182850:+	AF	-0.05360690758897868	0.4137662338	False
ENSMUSG00000021000;AF:12:59177163:59177681-59182850:59178253:59178390-59182850:+	AF	-0.09061187492877784	0.4137662338	False
ENSMUSG00000021000;AF:12:59177163:59177681-59182850:59178288:59178390-59182850:+	AF	-0.584934983656554	0.3804377441	False
ENSMUSG00000021000;AF:12:59177623:59177681-59182850:59177808:59177905-59182850:+	AF	0.0	0.4137662338	False
ENSMUSG00000021000;AF:12:59177623:59177681-59182850:59178072:59178390-59182850:+	AF	0.0	0.4137662338	False
ENSMUSG00000021000;AF:12:59177623:59177681-59182850:59178239:59178390-59182850:+	AF	0.0	0.425290227	False
ENSMUSG00000021000;AF:12:59177623:59177681-59182850:59178253:59178390-59182850:+	AF	0.0	0.425290227	False
ENSMUSG00000021000;AF:12:59177623:59177681-59182850:59178288:59178390-59182850:+	AF	0.0	0.4137662338	False
ENSMUSG00000021000;AF:12:59177808:59177905-59182850:59178072:59178390-59182850:+	AF	0.1276876855575395	0.4137662338	False
ENSMUSG00000021000;AF:12:59177808:59177905-59182850:59178239:59178390-59182850:+	AF	0.010933169384959668	0.4137662338	False
ENSMUSG00000021000;AF:12:59177808:59177905-59182850:59178253:59178390-59182850:+	AF	0.1681810908862958	0.4137662338	False
ENSMUSG00000021000;AF:12:59177808:59177905-59182850:59178267:59178390-59182850:+	AF	0.49538530002185943	0.3804377441	False
ENSMUSG00000021000;AF:12:59177808:59177905-59182850:59178288:59178390-59182850:+	AF	-0.3254411423484734	0.4076756577	False
ENSMUSG00000021000;MX:12:59184572-59191485:59191556-59193633:59184572-59193122:59193148-59193633:+	MX	0.02595094005913623	0.4137662338	False
ENSMUSG00000021000;MX:12:59219378-59220892:59220974-59226636:59219378-59223117:59223245-59226636:+	MX	-0.08736682034635168	0.4137662338	False
ENSMUSG00000021000;SE:12:59182981-59184367:59184388-59184484:+	SE	-0.0037822688437938456	0.425290227	False
ENSMUSG00000021000;SE:12:59184572-59191485:59191556-59193122:+	SE	0.042750601705673685	0.4137662338	False
ENSMUSG00000021000;SE:12:59184572-59191485:59191556-59193633:+	SE	0.12867934338750808	0.3804377441	False
ENSMUSG00000021000;SE:12:59184572-59193122:59193148-59193633:+	SE	-0.0179870358640135	0.4137662338	False
ENSMUSG00000021000;SE:12:59191556-59193122:59193148-59193633:+	SE	-0.17380170839415393	0.3804377441	False
ENSMUSG00000021000;SE:12:59219378-59220892:59220974-59223117:+	SE	-0.016812701760644644	0.4137662338	False
ENSMUSG00000021000;SE:12:59220974-59223117:59223245-59226636:+	SE	-0.024555118420157562	0.4137662338	False
ENSMUSG00000021009;AF:12:98700093-98700729:98700904:98700093-98701292:98701602:-	AF	0.04355020580003066	0.2527472527	False
ENSMUSG00000021009;AF:12:98700093-98700729:98700904:98700093-98703624:98703664:-	AF	0.033433655050321254	0.2527472527	False
ENSMUSG00000021009;AF:12:98700093-98701292:98701602:98700093-98703624:98703664:-	AF	0.03198149527567981	0.2527472527	False
ENSMUSG00000021009;SE:12:98655887-98659131:98659215-98659816:-	SE	0.02252358713710567	0.2527472527	False
ENSMUSG00000021012;A3:12:98751311-98751577:98751311-98751589:+	A3	-0.007314774988334438	0.4015984016	False
ENSMUSG00000021012;RI:12:98751577:98751665-98751894:98752000:+	RI	-0.003872852858074017	0.4015984016	False
ENSMUSG00000021012;SE:12:98713781-98719037:98719151-98722444:+	SE	-0.00869683904534202	0.4015984016	False
ENSMUSG00000021012;SE:12:98730237-98740504:98740578-98749841:+	SE	-0.040100799775244056	0.4015984016	False
ENSMUSG00000021012;SE:12:98740578-98745367:98745526-98749841:+	SE	-0.028765082860125114	0.4015984016	False
ENSMUSG00000021012;SE:12:98745526-98746307:98746539-98749841:+	SE	0.00830648881326479	0.4015984016	False
ENSMUSG00000021037;AF:12:87313253:87313432-87314929:87313472:87313695-87314929:+	AF	0.10429979939188214	0.1078921079	False
ENSMUSG00000021037;RI:12:87316649:87316731-87317111:87317228:+	RI	-0.00148399663335945	0.4205794206	False
ENSMUSG00000021068;A5:12:70067805-70072154:70067805-70072181:-	A5	0.07996560004093412	0.2949431521	False
ENSMUSG00000021068;A5:12:70069115-70072154:70069115-70072181:-	A5	0.06457593291279928	0.2949431521	False
ENSMUSG00000021068;A5:12:70149628-70157846:70149628-70158210:-	A5	0.023868613659646203	0.2949431521	False
ENSMUSG00000021068;AF:12:70149628-70149929:70150134:70149628-70158210:70158345:-	AF	-0.4306452290927706	0.2949431521	False
ENSMUSG00000021068;AF:12:70149628-70149929:70150134:70149628-70158210:70158403:-	AF	0.07579836268635219	0.2949431521	False
ENSMUSG00000021068;AF:12:70149628-70149929:70150134:70149628-70158628:70158694:-	AF	-0.05178980369104913	0.3116674992	False
ENSMUSG00000021068;AF:12:70149628-70149929:70150134:70149628-70158628:70158801:-	AF	0.11169070648508667	0.2949431521	False
ENSMUSG00000021068;AF:12:70149628-70149929:70150134:70149628-70160248:70160491:-	AF	0.17766440009474999	0.2949431521	False
ENSMUSG00000021068;AF:12:70149628-70158210:70158345:70149628-70158628:70158801:-	AF	0.29177778223709516	0.2949431521	False
ENSMUSG00000021068;AF:12:70149628-70158210:70158345:70149628-70160248:70160491:-	AF	0.26582875912998677	0.2949431521	False
ENSMUSG00000021068;AF:12:70149628-70158210:70158403:70149628-70158628:70158694:-	AF	-0.015927962426731335	0.3426573427	False
ENSMUSG00000021068;AF:12:70149628-70158210:70158403:70149628-70158628:70158801:-	AF	-0.04653135577820022	0.2949431521	False
ENSMUSG00000021068;AF:12:70149628-70158210:70158403:70149628-70160248:70160491:-	AF	0.03425579793287481	0.2949431521	False
ENSMUSG00000021068;AF:12:70149628-70158628:70158694:70149628-70160248:70160491:-	AF	0.05564501972647587	0.2949431521	False
ENSMUSG00000021068;AF:12:70149628-70158628:70158801:70149628-70160248:70160491:-	AF	0.11053824250195404	0.2949431521	False
ENSMUSG00000021068;AL:12:70064348:70064460-70067608:70065513:70066036-70067608:-	AL	-0.272371834632594	0.2949431521	False
ENSMUSG00000021068;AL:12:70064348:70064460-70067608:70065514:70066036-70067608:-	AL	-0.066074675047948	0.2949431521	False
ENSMUSG00000021068;AL:12:70064348:70064460-70067608:70065534:70066036-70067608:-	AL	-0.08467125251805463	0.2949431521	False
ENSMUSG00000021068;SE:12:70067805-70069055:70069115-70072154:-	SE	-0.07749982677357925	0.2949431521	False
ENSMUSG00000021068;SE:12:70067805-70069055:70069115-70072181:-	SE	-0.07852497354529314	0.2949431521	False
ENSMUSG00000021068;SE:12:70076906-70077089:70077152-70077657:-	SE	-0.04028972167769233	0.2949431521	False
ENSMUSG00000021068;SE:12:70087654-70088906:70091026-70091921:-	SE	0.013429613831964171	0.3116674992	False
ENSMUSG00000021068;SE:12:70125055-70126753:70126842-70137310:-	SE	-0.012267130640258982	0.3116674992	False
ENSMUSG00000021068;SE:12:70149628-70157846:70158256-70158628:-	SE	0.06451842721719919	0.2949431521	False
ENSMUSG00000021068;SE:12:70149628-70158210:70158256-70158628:-	SE	-0.025855679145867727	0.2949431521	False
ENSMUSG00000021096;A5:12:72831310-72833446:72830567-72833446:+	A5	0.06727390980653714	0.151048951	False
ENSMUSG00000021096;AF:12:72804229:72804465-72830457:72807515:72807587-72830457:+	AF	-0.21220325690071473	0.0652680653	False
ENSMUSG00000021096;AF:12:72804229:72804465-72830457:72807985:72808405-72830457:+	AF	0.04576741185648259	0.2331002331	False
ENSMUSG00000021096;AF:12:72804229:72804465-72830457:72808089:72808405-72830457:+	AF	-0.13443933041424594	0.1215034965	False
ENSMUSG00000021096;AF:12:72807515:72807587-72830457:72807985:72808405-72830457:+	AF	0.6206099692472659	0.0314685315	True
ENSMUSG00000021096;AF:12:72807515:72807587-72830457:72808089:72808405-72830457:+	AF	0.4324568183374528	0.0652680653	False
ENSMUSG00000021096;AL:12:72833563-72837407:72837561:72833563-72840486:72840636:+	AL	0.0011211953577639489	0.4390609391	False
ENSMUSG00000021131;AL:12:80680796:80681301-80684264:80682284:80682654-80684264:-	AL	0.008989545438156221	0.3656343656	False
ENSMUSG00000021131;AL:12:80681131:80681301-80684264:80682284:80682654-80684264:-	AL	0.0075504322389714496	0.3656343656	False
ENSMUSG00000021131;SE:12:80687818-80689563:80689619-80690538:-	SE	0.04378647974226779	0.3656343656	False
ENSMUSG00000021134;A3:12:80993494-80993890:80993494-80994085:+	A3	0.011939784770796298	0.3758741259	False
ENSMUSG00000021134;A3:12:80996378-80996491:80996378-80996494:+	A3	0.05509040657640399	0.3403263403	False
ENSMUSG00000021134;A5:12:80992446-80993350:80992442-80993350:+	A5	-0.023638665069192433	0.3758741259	False
ENSMUSG00000021134;A5:12:80992572-80993350:80992442-80993350:+	A5	-0.22912470627294046	0.0734265734	False
ENSMUSG00000021134;A5:12:80992572-80993350:80992446-80993350:+	A5	-0.21731001750412318	0.0734265734	False
ENSMUSG00000021134;RI:12:80994270:80994368-80994570:80995942:+	RI	-0.05703948623992227	0.3758741259	False
ENSMUSG00000021134;RI:12:80994570:80994639-80995869:80995942:+	RI	-0.001988938840424368	0.4345654346	False
ENSMUSG00000021192;A5:12:102436240-102438257:102435622-102438257:+	A5	0.0440058387199322	0.1928071928	False
ENSMUSG00000021192;SE:12:102460118-102461959:102462022-102463706:+	SE	-0.05204604875952468	0.1928071928	False
ENSMUSG00000021218;A3:13:3601088-3604412:3601088-3604442:+	A3	0.005439498821673605	0.4230769231	False
ENSMUSG00000021218;AF:13:3588063:3588343-3598863:3588445:3588751-3598863:+	AF	-0.2365407356549214	0.4230769231	False
ENSMUSG00000021218;AF:13:3588083:3588343-3598863:3588445:3588751-3598863:+	AF	-0.016887829940567478	0.4230769231	False
ENSMUSG00000021218;AF:13:3588128:3588343-3598863:3588445:3588751-3598863:+	AF	-0.10987885432077193	0.4230769231	False
ENSMUSG00000021218;AF:13:3588148:3588343-3598863:3588445:3588751-3598863:+	AF	-0.021972988904079505	0.4230769231	False
ENSMUSG00000021218;AL:13:3598970-3600989:3601077:3598970-3604412:3604432:+	AL	0.054457272229919695	0.4230769231	False
ENSMUSG00000021218;AL:13:3610091-3610253:3611271:3610091-3611866:3612032:+	AL	0.01334123150489959	0.4230769231	False
ENSMUSG00000021218;MX:13:3588343-3598863:3598970-3604412:3588343-3600989:3601088-3604412:+	MX	0.020386732592644674	0.4230769231	False
ENSMUSG00000021218;SE:13:3588343-3598514:3598549-3598863:+	SE	0.029074951356334235	0.4230769231	False
ENSMUSG00000021218;SE:13:3588343-3598863:3598970-3600989:+	SE	-0.0034864694157559217	0.4230769231	False
ENSMUSG00000021218;SE:13:3598970-3600989:3601088-3604412:+	SE	-0.0010748816293822822	0.4315684316	False
ENSMUSG00000021262;A3:12:108652375-108652664:108652375-108652667:+	A3	-0.012900998002383986	0.4079254079	False
ENSMUSG00000021262;A5:12:108649669-108652309:108649520-108652309:+	A5	0.0	0.4079254079	False
ENSMUSG00000021262;AF:12:108520979:108521472-108614574:108572025:108572270-108614574:+	AF	0.10553639595409847	0.4079254079	False
ENSMUSG00000021262;AF:12:108520979:108521472-108614574:108601969:108602143-108614574:+	AF	0.00895139409384274	0.4079254079	False
ENSMUSG00000021262;AF:12:108520983:108521472-108614574:108572025:108572270-108614574:+	AF	0.02591236974658173	0.4079254079	False
ENSMUSG00000021262;AF:12:108520983:108521472-108614574:108601969:108602143-108614574:+	AF	-0.05549998166176706	0.4079254079	False
ENSMUSG00000021262;AF:12:108572025:108572270-108614574:108601969:108602143-108614574:+	AF	-0.036707647585435786	0.4079254079	False
ENSMUSG00000021262;RI:12:108649454:108649520-108649607:108649669:+	RI	0.0	0.4225774226	False
ENSMUSG00000021262;SE:12:108602143-108602508:108602643-108614574:+	SE	0.016723963040755168	0.4079254079	False
ENSMUSG00000021262;SE:12:108649520-108649607:108649669-108652309:+	SE	-0.011027959509380847	0.4079254079	False
ENSMUSG00000021270;A3:12:110662214-110662686:110662114-110662686:-	A3	-0.03814875213066793	0.4195804196	False
ENSMUSG00000021270;A5:12:110662114-110662577:110662114-110662686:-	A5	0.0	0.4225774226	False
ENSMUSG00000021270;AF:12:110662114-110662200:110662385:110662114-110662686:110662829:-	AF	-0.04536234305863217	0.4195804196	False
ENSMUSG00000021270;AF:12:110662114-110662686:110662829:110662114-110669057:110669162:-	AF	0.008920900377212382	0.4225774226	False
ENSMUSG00000021282;A3:12:111504982-111505842:111504982-111505981:+	A3	-0.01673066425784686	0.3577533578	False
ENSMUSG00000021282;A3:12:111506121-111506235:111506121-111506564:+	A3	-0.05956747766507907	0.3193681319	False
ENSMUSG00000021282;A3:12:111508744-111509114:111508744-111509214:+	A3	-0.0007847828993633454	0.4521193093	False
ENSMUSG00000021282;A5:12:111505586-111505842:111505381-111505842:+	A5	0.005504461793025927	0.4247252747	False
ENSMUSG00000021282;A5:12:111506345-111506564:111506316-111506564:+	A5	-0.031828573294064466	0.3193681319	False
ENSMUSG00000021282;A5:12:111509698-111509961:111509275-111509961:+	A5	0.3310221947670884	0.3193681319	False
ENSMUSG00000021282;AF:12:111504631:111504673-111505842:111504787:111504982-111505842:+	AF	-0.07331778930788735	0.3193681319	False
ENSMUSG00000021282;AF:12:111504631:111504673-111505842:111505216:111505381-111505842:+	AF	-0.03319366862956128	0.3193681319	False
ENSMUSG00000021282;AF:12:111504787:111504982-111505842:111505216:111505381-111505842:+	AF	0.028491623664145205	0.3193681319	False
ENSMUSG00000021282;AF:12:111504787:111504982-111505842:111505265:111505586-111505842:+	AF	-0.01044463070668511	0.4164256796	False
ENSMUSG00000021282;AF:12:111504789:111504982-111505842:111505216:111505381-111505842:+	AF	0.0	0.4605394605	False
ENSMUSG00000021282;MX:12:111508744-111509114:111509275-111509961:111508744-111509534:111509698-111509961:+	MX	-0.5706763457682904	0.3193681319	False
ENSMUSG00000021282;RI:12:111505842:111506121-111506564:111506736:+	RI	0.035468058505879196	0.3193681319	False
ENSMUSG00000021282;SE:12:111504673-111504789:111504982-111505842:+	SE	0.14262125416336724	0.3193681319	False
ENSMUSG00000021282;SE:12:111506121-111506235:111506316-111506564:+	SE	-0.05609994641723082	0.3193681319	False
ENSMUSG00000021282;SE:12:111506121-111506235:111506345-111506564:+	SE	-0.08939991002229954	0.3193681319	False
ENSMUSG00000021282;SE:12:111508744-111509114:111509275-111509534:+	SE	-0.02461805960248109	0.3193681319	False
ENSMUSG00000021282;SE:12:111508744-111509214:111509275-111509534:+	SE	0.0313418396545328	0.3577533578	False
ENSMUSG00000021282;SE:12:111509275-111509534:111509698-111509961:+	SE	0.033277172687828704	0.3193681319	False
ENSMUSG00000021338;AF:13:24460537-24464272:24464469:24460537-24464544:24464699:-	AF	-0.08452641108213028	0.3956043956	False
ENSMUSG00000021338;AF:13:24460537-24464272:24464469:24460537-24464544:24464773:-	AF	-0.28965355239012525	0.3956043956	False
ENSMUSG00000021338;AF:13:24460537-24464272:24464469:24460537-24464544:24464778:-	AF	-0.0818933773817137	0.3956043956	False
ENSMUSG00000021338;MX:13:24197443-24203547:24203693-24206479:24197443-24204030:24204054-24206479:-	MX	0.018891159966365714	0.3956043956	False
ENSMUSG00000021338;SE:13:24197443-24203547:24203693-24206479:-	SE	0.022496669425942195	0.3956043956	False
ENSMUSG00000021338;SE:13:24197443-24203547:24203696-24204030:-	SE	-0.003170821395872398	0.4270729271	False
ENSMUSG00000021338;SE:13:24197443-24204030:24204054-24206479:-	SE	-0.0205119573947547	0.3956043956	False
ENSMUSG00000021338;SE:13:24229065-24233626:24233643-24248560:-	SE	-0.0017449445728834993	0.4270729271	False
ENSMUSG00000021338;SE:13:24283646-24286055:24286066-24290292:-	SE	0.019514515812973365	0.3956043956	False
ENSMUSG00000021374;A3:13:46854563-46855080:46854557-46855080:-	A3	-0.03320271386241569	0.3771228771	False
ENSMUSG00000021374;A3:13:46867345-46870577:46867309-46870577:-	A3	0.006365302835920739	0.3771228771	False
ENSMUSG00000021374;SE:13:46840974-46842535:46842726-46846988:-	SE	-0.010044506854148594	0.3771228771	False
ENSMUSG00000021377;AL:13:47242071:47242091-47252819:47251631:47251819-47252819:-	AL	-0.060882769516476976	0.1513486513	False
ENSMUSG00000021377;SE:13:47242091-47246594:47246689-47251631:-	SE	-0.10738889284962017	0.1513486513	False
ENSMUSG00000021377;SE:13:47242091-47251631:47251819-47252819:-	SE	0.0134989707641886	0.2652347652	False
ENSMUSG00000021392;A3:13:49807158-49807823:49807158-49807827:+	A3	-0.0026599536649144495	0.4130869131	False
ENSMUSG00000021392;A5:13:49807158-49807823:49806607-49807823:+	A5	-0.043824009821816334	0.4130869131	False
ENSMUSG00000021392;A5:13:49807158-49807823:49806873-49807823:+	A5	0.020649258016911975	0.4130869131	False
ENSMUSG00000021392;A5:13:49807339-49807823:49806607-49807823:+	A5	0.22503343299409037	0.4130869131	False
ENSMUSG00000021392;A5:13:49807339-49807823:49807158-49807823:+	A5	0.008731797403313415	0.4130869131	False
ENSMUSG00000021392;AF:13:49806556:49806607-49807823:49806809:49806873-49807823:+	AF	-0.01564655436937501	0.4130869131	False
ENSMUSG00000021392;SE:13:49806873-49807005:49807158-49807823:+	SE	0.0428562541008497	0.4130869131	False
ENSMUSG00000021488;AF:13:55357595:55357688-55361017:55358548:55358878-55361017:+	AF	-0.013529134310836466	0.3559107559	False
ENSMUSG00000021488;AF:13:55357595:55357688-55361017:55359354:55359402-55361017:+	AF	-9.556475127903141e-07	0.4230769231	False
ENSMUSG00000021488;AF:13:55357595:55357688-55361017:55359632:55359813-55361017:+	AF	-0.07554173821758903	0.3559107559	False
ENSMUSG00000021488;AF:13:55357595:55357688-55361017:55359883:55359920-55361017:+	AF	-0.03429991241633534	0.3559107559	False
ENSMUSG00000021488;AF:13:55357595:55357688-55361017:55359888:55359920-55361017:+	AF	-0.013865632794949012	0.3559107559	False
ENSMUSG00000021488;AF:13:55357595:55357688-55361017:55360199:55360430-55361017:+	AF	-0.059445937948849115	0.3559107559	False
ENSMUSG00000021488;AF:13:55358548:55358878-55361017:55359632:55359813-55361017:+	AF	0.06602577240948439	0.3559107559	False
ENSMUSG00000021488;AF:13:55358548:55358878-55361017:55359883:55359920-55361017:+	AF	-0.0025962355340326537	0.3559107559	False
ENSMUSG00000021488;AF:13:55359354:55359402-55361017:55359632:55359813-55361017:+	AF	7.075195534529858e-06	0.3559107559	False
ENSMUSG00000021488;AF:13:55359354:55359402-55361017:55359883:55359920-55361017:+	AF	2.5915999979834623e-05	0.3559107559	False
ENSMUSG00000021488;AF:13:55359632:55359813-55361017:55359883:55359920-55361017:+	AF	-0.06484622581978683	0.3559107559	False
ENSMUSG00000021488;AF:13:55359632:55359813-55361017:55359888:55359920-55361017:+	AF	-0.1715085773555497	0.3559107559	False
ENSMUSG00000021488;AF:13:55359632:55359813-55361017:55360199:55360430-55361017:+	AF	-0.22254694451871782	0.3559107559	False
ENSMUSG00000021488;AF:13:55359883:55359920-55361017:55360199:55360430-55361017:+	AF	-0.34887341565480434	0.3559107559	False
ENSMUSG00000021488;RI:13:55361017:55361130-55361874:55361963:+	RI	-0.11690913225155264	0.3559107559	False
ENSMUSG00000021488;SE:13:55424454-55425087:55425240-55425345:+	SE	-0.19028864881392304	0.2397602398	False
ENSMUSG00000021546;A3:13:58540290-58541010:58540230-58541010:-	A3	-0.16053317751477492	0.3074925075	False
ENSMUSG00000021546;A3:13:58541179-58541506:58541055-58541506:-	A3	-0.006115820820096651	0.4365634366	False
ENSMUSG00000021546;A5:13:58547804-58548147:58547804-58548156:-	A5	-0.000272980216787011	0.4485514486	False
ENSMUSG00000021546;AF:13:58548231-58548924:58549079:58548231-58549181:58549207:-	AF	-0.03692452687307768	0.4365634366	False
ENSMUSG00000021546;AF:13:58548231-58548924:58549079:58548231-58549349:58549384:-	AF	0.08154046839456264	0.4365634366	False
ENSMUSG00000021546;AF:13:58548231-58548924:58549079:58548231-58549607:58549728:-	AF	-0.10811381841294787	0.4365634366	False
ENSMUSG00000021546;AF:13:58548231-58548924:58549079:58548231-58549674:58549869:-	AF	-0.009182831816787473	0.4365634366	False
ENSMUSG00000021546;AF:13:58548231-58548924:58549079:58548231-58549878:58549924:-	AF	-0.06660944300969407	0.4365634366	False
ENSMUSG00000021546;AF:13:58548231-58548924:58549079:58548231-58549878:58549929:-	AF	0.4928642887345294	0.1062937063	False
ENSMUSG00000021546;AF:13:58548231-58548924:58549079:58548231-58549878:58549930:-	AF	0.06292091157945656	0.4365634366	False
ENSMUSG00000021546;AF:13:58548231-58548924:58549079:58548231-58549878:58549955:-	AF	3.771058163515306e-07	0.4365634366	False
ENSMUSG00000021546;AF:13:58548231-58548924:58549079:58548231-58549878:58549956:-	AF	0.2313274336628915	0.3074925075	False
ENSMUSG00000021546;AF:13:58548231-58548924:58549079:58548231-58550207:58550278:-	AF	0.0	0.4365634366	False
ENSMUSG00000021546;AF:13:58548231-58548924:58549079:58548231-58550207:58550299:-	AF	0.00734410005391764	0.4365634366	False
ENSMUSG00000021546;AF:13:58548231-58548924:58549079:58548231-58550207:58550301:-	AF	0.0	0.4365634366	False
ENSMUSG00000021546;AF:13:58548231-58548924:58549079:58548231-58550207:58550316:-	AF	0.09349914783055313	0.4365634366	False
ENSMUSG00000021546;AF:13:58548231-58548924:58549079:58548231-58550207:58550321:-	AF	-0.0024372695708462233	0.4365634366	False
ENSMUSG00000021546;AF:13:58548231-58548924:58549079:58548231-58550207:58550330:-	AF	0.03486902256378316	0.4365634366	False
ENSMUSG00000021546;AF:13:58548231-58548924:58549079:58548231-58550207:58550463:-	AF	-0.14123137021074428	0.4365634366	False
ENSMUSG00000021546;AF:13:58548231-58549181:58549207:58548231-58549349:58549384:-	AF	0.04705403580139217	0.4365634366	False
ENSMUSG00000021546;AF:13:58548231-58549181:58549207:58548231-58549878:58549956:-	AF	0.12174498582852286	0.4365634366	False
ENSMUSG00000021546;AF:13:58548231-58549181:58549207:58548231-58550207:58550299:-	AF	0.004357119859774938	0.4365634366	False
ENSMUSG00000021546;AF:13:58548231-58549181:58549207:58548231-58550207:58550330:-	AF	0.00570408829485107	0.4365634366	False
ENSMUSG00000021546;AF:13:58548231-58549181:58549207:58548231-58550207:58550463:-	AF	0.001875631240930098	0.4365634366	False
ENSMUSG00000021546;AF:13:58548231-58549349:58549384:58548231-58549607:58549728:-	AF	-0.10710831883694771	0.4365634366	False
ENSMUSG00000021546;AF:13:58548231-58549349:58549384:58548231-58549674:58549869:-	AF	-0.03263520937355491	0.4365634366	False
ENSMUSG00000021546;AF:13:58548231-58549349:58549384:58548231-58549878:58549924:-	AF	-0.17954599257742931	0.4365634366	False
ENSMUSG00000021546;AF:13:58548231-58549349:58549384:58548231-58549878:58549929:-	AF	0.593567890077803	0.1202131202	False
ENSMUSG00000021546;AF:13:58548231-58549349:58549384:58548231-58549878:58549930:-	AF	0.004108318053071769	0.4365634366	False
ENSMUSG00000021546;AF:13:58548231-58549349:58549384:58548231-58549878:58549955:-	AF	5.168140897460205e-07	0.4365634366	False
ENSMUSG00000021546;AF:13:58548231-58549349:58549384:58548231-58549878:58549956:-	AF	0.08304726790997433	0.4365634366	False
ENSMUSG00000021546;AF:13:58548231-58549349:58549384:58548231-58550207:58550278:-	AF	0.0	0.4365634366	False
ENSMUSG00000021546;AF:13:58548231-58549349:58549384:58548231-58550207:58550299:-	AF	-0.03122216314944199	0.4365634366	False
ENSMUSG00000021546;AF:13:58548231-58549349:58549384:58548231-58550207:58550301:-	AF	0.0	0.4365634366	False
ENSMUSG00000021546;AF:13:58548231-58549349:58549384:58548231-58550207:58550316:-	AF	0.14683317907763904	0.4365634366	False
ENSMUSG00000021546;AF:13:58548231-58549349:58549384:58548231-58550207:58550321:-	AF	-0.009148100884771027	0.4365634366	False
ENSMUSG00000021546;AF:13:58548231-58549349:58549384:58548231-58550207:58550330:-	AF	-0.04351758527208528	0.4365634366	False
ENSMUSG00000021546;AF:13:58548231-58549349:58549384:58548231-58550207:58550463:-	AF	-0.20639544885761105	0.4365634366	False
ENSMUSG00000021546;AF:13:58548231-58549607:58549728:58548231-58549878:58549930:-	AF	-0.089164124053567	0.4365634366	False
ENSMUSG00000021546;AF:13:58548231-58549607:58549728:58548231-58549878:58549956:-	AF	0.06840167923598849	0.4365634366	False
ENSMUSG00000021546;AF:13:58548231-58549607:58549728:58548231-58550207:58550299:-	AF	0.008806091221852936	0.4365634366	False
ENSMUSG00000021546;AF:13:58548231-58549607:58549728:58548231-58550207:58550330:-	AF	0.017262434229366998	0.4365634366	False
ENSMUSG00000021546;AF:13:58548231-58549607:58549728:58548231-58550207:58550463:-	AF	0.005628121191897269	0.4365634366	False
ENSMUSG00000021546;AF:13:58548231-58549674:58549869:58548231-58549878:58549956:-	AF	0.012084720282631333	0.4365634366	False
ENSMUSG00000021546;AF:13:58548231-58549674:58549869:58548231-58550207:58550299:-	AF	0.0025435197115338333	0.4365634366	False
ENSMUSG00000021546;AF:13:58548231-58549674:58549869:58548231-58550207:58550330:-	AF	0.004841808859005967	0.4365634366	False
ENSMUSG00000021546;AF:13:58548231-58549674:58549869:58548231-58550207:58550463:-	AF	0.009823965469904267	0.4365634366	False
ENSMUSG00000021546;AF:13:58548231-58549878:58549924:58548231-58550207:58550299:-	AF	0.009695588579161231	0.4365634366	False
ENSMUSG00000021546;AF:13:58548231-58549878:58549924:58548231-58550207:58550330:-	AF	0.027765118984936818	0.4365634366	False
ENSMUSG00000021546;AF:13:58548231-58549878:58549924:58548231-58550207:58550463:-	AF	-0.04237291547851965	0.4365634366	False
ENSMUSG00000021546;AF:13:58548231-58549878:58549929:58548231-58550207:58550299:-	AF	-0.2536874247568695	0.1062937063	False
ENSMUSG00000021546;AF:13:58548231-58549878:58549929:58548231-58550207:58550330:-	AF	-0.35133170268970904	0.1062937063	False
ENSMUSG00000021546;AF:13:58548231-58549878:58549929:58548231-58550207:58550463:-	AF	-0.5738204011133347	0.0759240759	False
ENSMUSG00000021546;AF:13:58548231-58549878:58549930:58548231-58550207:58550299:-	AF	-0.0074763940822619515	0.4365634366	False
ENSMUSG00000021546;AF:13:58548231-58549878:58549930:58548231-58550207:58550316:-	AF	0.16946254039873904	0.4365634366	False
ENSMUSG00000021546;AF:13:58548231-58549878:58549930:58548231-58550207:58550330:-	AF	-0.013122391142218501	0.4365634366	False
ENSMUSG00000021546;AF:13:58548231-58549878:58549930:58548231-58550207:58550463:-	AF	-0.03633497248999058	0.4365634366	False
ENSMUSG00000021546;AF:13:58548231-58549878:58549955:58548231-58550207:58550299:-	AF	-4.220440228709793e-08	0.4449150849	False
ENSMUSG00000021546;AF:13:58548231-58549878:58549955:58548231-58550207:58550330:-	AF	-8.092317925977715e-08	0.4391284391	False
ENSMUSG00000021546;AF:13:58548231-58549878:58549955:58548231-58550207:58550463:-	AF	-2.017065914551059e-07	0.4365634366	False
ENSMUSG00000021546;AF:13:58548231-58549878:58549956:58548231-58550207:58550278:-	AF	0.0	0.4365634366	False
ENSMUSG00000021546;AF:13:58548231-58549878:58549956:58548231-58550207:58550299:-	AF	-0.19469372444713381	0.1898101898	False
ENSMUSG00000021546;AF:13:58548231-58549878:58549956:58548231-58550207:58550301:-	AF	0.0	0.4365634366	False
ENSMUSG00000021546;AF:13:58548231-58549878:58549956:58548231-58550207:58550316:-	AF	0.02956666751436199	0.4365634366	False
ENSMUSG00000021546;AF:13:58548231-58549878:58549956:58548231-58550207:58550321:-	AF	-0.0032287095753930073	0.4365634366	False
ENSMUSG00000021546;AF:13:58548231-58549878:58549956:58548231-58550207:58550330:-	AF	-0.22417161847135408	0.1898101898	False
ENSMUSG00000021546;AF:13:58548231-58549878:58549956:58548231-58550207:58550463:-	AF	-0.38819935681208356	0.1062937063	False
ENSMUSG00000021546;AL:13:58543456:58543501-58544641:58543703:58544073-58544641:-	AL	-0.009695588579161196	0.4365634366	False
ENSMUSG00000021546;RI:13:58541506:58541588-58541667:58541682:-	RI	-0.0004599435396705487	0.4391284391	False
ENSMUSG00000021546;RI:13:58541667:58541682-58541890:58541973:-	RI	0.0029332631817812	0.4365634366	False
ENSMUSG00000021546;SE:13:58543501-58544002:58544073-58544641:-	SE	-0.06788425098755796	0.4365634366	False
ENSMUSG00000021546;SE:13:58544713-58545567:58545610-58546970:-	SE	0.026983044641190945	0.4365634366	False
ENSMUSG00000021546;SE:13:58548231-58548924:58548986-58549878:-	SE	2.639536621204371e-06	0.4365634366	False
ENSMUSG00000021546;SE:13:58548231-58549878:58549931-58550207:-	SE	-0.0024107762321776832	0.4365634366	False
ENSMUSG00000021552;AF:13:58412013-58421888:58422002:58412013-58422466:58422654:-	AF	0.06309185853025578	0.2747252747	False
ENSMUSG00000021552;AF:13:58412013-58421888:58422002:58412013-58423314:58423513:-	AF	-0.01056522012917005	0.4075924076	False
ENSMUSG00000021552;AF:13:58412013-58422466:58422654:58412013-58423314:58423513:-	AF	-0.34577389126716046	0.0899100899	False
ENSMUSG00000021552;SE:13:58386526-58389468:58389569-58391616:-	SE	0.0022871174777951975	0.4075924076	False
ENSMUSG00000021552;SE:13:58412013-58421448:58421635-58421888:-	SE	0.007676666720720746	0.4075924076	False
ENSMUSG00000021557;A5:13:59692265-59704503:59692265-59704587:-	A5	-0.2594892353109606	0.3913328051	False
ENSMUSG00000021557;A5:13:59692265-59704912:59692265-59705037:-	A5	-0.15863015371506312	0.3913328051	False
ENSMUSG00000021557;AF:13:59692265-59704503:59704733:59692265-59704912:59705133:-	AF	0.0221185247168711	0.3913328051	False
ENSMUSG00000021557;AF:13:59692265-59704503:59704733:59692265-59705037:59705093:-	AF	0.06642642054423387	0.3913328051	False
ENSMUSG00000021557;AF:13:59692265-59704503:59704733:59692265-59705037:59705100:-	AF	0.02720792285620813	0.3913328051	False
ENSMUSG00000021557;AF:13:59692265-59704503:59704733:59692265-59705037:59705103:-	AF	0.08212727234366156	0.3913328051	False
ENSMUSG00000021557;AF:13:59692265-59704503:59704733:59692265-59705037:59705114:-	AF	0.026120333224363065	0.3913328051	False
ENSMUSG00000021557;AF:13:59692265-59704503:59704733:59692265-59705037:59705125:-	AF	0.14318064180642523	0.3913328051	False
ENSMUSG00000021557;AF:13:59692265-59704503:59704736:59692265-59704912:59705100:-	AF	-0.17452468880201433	0.3913328051	False
ENSMUSG00000021557;AF:13:59692265-59704503:59704736:59692265-59704912:59705133:-	AF	-0.06355426572362914	0.3913328051	False
ENSMUSG00000021557;AF:13:59692265-59704503:59704736:59692265-59705037:59705093:-	AF	-0.21651956396310051	0.3913328051	False
ENSMUSG00000021557;AF:13:59692265-59704503:59704736:59692265-59705037:59705100:-	AF	-0.5345168937325881	0.3913328051	False
ENSMUSG00000021557;AF:13:59692265-59704503:59704736:59692265-59705037:59705103:-	AF	-0.3188452309290448	0.3913328051	False
ENSMUSG00000021557;AF:13:59692265-59704503:59704736:59692265-59705037:59705109:-	AF	0.03987748544077119	0.3913328051	False
ENSMUSG00000021557;AF:13:59692265-59704503:59704736:59692265-59705037:59705114:-	AF	-0.10767498927166577	0.3913328051	False
ENSMUSG00000021557;AF:13:59692265-59704503:59704736:59692265-59705037:59705125:-	AF	-0.19672525582539635	0.3913328051	False
ENSMUSG00000021557;AF:13:59692265-59704503:59704736:59692265-59706418:59706708:-	AF	0.0	0.3913328051	False
ENSMUSG00000021557;AF:13:59692265-59704503:59704736:59692265-59732939:59733025:-	AF	0.0	0.3913328051	False
ENSMUSG00000021557;AF:13:59692265-59704587:59704851:59692265-59704912:59705100:-	AF	-0.010875754333403376	0.3913328051	False
ENSMUSG00000021557;AF:13:59692265-59704587:59704851:59692265-59704912:59705133:-	AF	0.1678087660740088	0.3913328051	False
ENSMUSG00000021557;AF:13:59692265-59704587:59704851:59692265-59705037:59705093:-	AF	0.09111885674206205	0.3913328051	False
ENSMUSG00000021557;AF:13:59692265-59704587:59704851:59692265-59705037:59705100:-	AF	-0.24600817887934961	0.3913328051	False
ENSMUSG00000021557;AF:13:59692265-59704587:59704851:59692265-59705037:59705103:-	AF	-0.012405291954982522	0.3913328051	False
ENSMUSG00000021557;AF:13:59692265-59704587:59704851:59692265-59705037:59705109:-	AF	0.05983367671180917	0.3913328051	False
ENSMUSG00000021557;AF:13:59692265-59704587:59704851:59692265-59705037:59705114:-	AF	0.10408718880777054	0.3913328051	False
ENSMUSG00000021557;AF:13:59692265-59704587:59704851:59692265-59705037:59705125:-	AF	0.047917375465685974	0.3913328051	False
ENSMUSG00000021557;AF:13:59692265-59704587:59704851:59692265-59706418:59706708:-	AF	0.0	0.3913328051	False
ENSMUSG00000021557;AF:13:59692265-59704587:59704851:59692265-59732939:59733025:-	AF	0.0	0.3913328051	False
ENSMUSG00000021557;AF:13:59692265-59704912:59705133:59692265-59706418:59706708:-	AF	0.0	0.4186289901	False
ENSMUSG00000021557;AF:13:59692265-59704912:59705133:59692265-59732939:59733025:-	AF	0.0	0.4186289901	False
ENSMUSG00000021557;AF:13:59692265-59705037:59705093:59692265-59706418:59706708:-	AF	0.0	0.3913328051	False
ENSMUSG00000021557;AF:13:59692265-59705037:59705093:59692265-59732939:59733025:-	AF	0.0	0.3913328051	False
ENSMUSG00000021557;AF:13:59692265-59705037:59705100:59692265-59706418:59706708:-	AF	0.0	0.3913328051	False
ENSMUSG00000021557;AF:13:59692265-59705037:59705100:59692265-59732939:59733025:-	AF	0.0	0.3913328051	False
ENSMUSG00000021557;AF:13:59692265-59705037:59705103:59692265-59706418:59706708:-	AF	0.0	0.3913328051	False
ENSMUSG00000021557;AF:13:59692265-59705037:59705103:59692265-59732939:59733025:-	AF	0.0	0.3913328051	False
ENSMUSG00000021557;AF:13:59692265-59705037:59705109:59692265-59732939:59733025:-	AF	0.0	0.3913328051	False
ENSMUSG00000021557;AF:13:59692265-59705037:59705114:59692265-59706418:59706708:-	AF	0.0	0.4186289901	False
ENSMUSG00000021557;AF:13:59692265-59705037:59705114:59692265-59732939:59733025:-	AF	0.0	0.4186289901	False
ENSMUSG00000021557;AF:13:59692265-59705037:59705125:59692265-59706418:59706708:-	AF	0.0	0.3913328051	False
ENSMUSG00000021557;AF:13:59692265-59705037:59705125:59692265-59732939:59733025:-	AF	0.0	0.3913328051	False
ENSMUSG00000021557;AL:13:59593556:59598128-59608283:59599960:59600153-59608283:-	AL	0.01141219049687546	0.3913328051	False
ENSMUSG00000021557;AL:13:59593556:59598128-59608283:59601664:59602494-59608283:-	AL	0.09562008772737043	0.3913328051	False
ENSMUSG00000021557;AL:13:59597694:59598128-59608283:59599960:59600153-59608283:-	AL	-0.11011109988836665	0.3913328051	False
ENSMUSG00000021557;AL:13:59597694:59598128-59608283:59601664:59602494-59608283:-	AL	-0.003360093692388655	0.3913328051	False
ENSMUSG00000021557;AL:13:59597708:59598128-59608283:59599960:59600153-59608283:-	AL	0.002662671732073	0.3913328051	False
ENSMUSG00000021557;AL:13:59597708:59598128-59608283:59601664:59602494-59608283:-	AL	0.006342544637236234	0.3913328051	False
ENSMUSG00000021557;AL:13:59597809:59598128-59643147:59626508:59630418-59643147:-	AL	0.0308557517661614	0.3913328051	False
ENSMUSG00000021557;AL:13:59597809:59598128-59643147:59641214:59641684-59643147:-	AL	0.01592269507408829	0.3913328051	False
ENSMUSG00000021557;AL:13:59599960:59600153-59608283:59601664:59602494-59608283:-	AL	0.12550900939349063	0.3913328051	False
ENSMUSG00000021557;AL:13:59626508:59630418-59643147:59641214:59641684-59643147:-	AL	-0.004753068282639783	0.4186289901	False
ENSMUSG00000021557;AL:13:59655815:59655870-59660138:59659172:59659325-59660138:-	AL	0.07652846259672208	0.3913328051	False
ENSMUSG00000021557;MX:13:59673053-59676201:59676332-59679827:59673053-59678871:59679017-59679827:-	MX	-0.15884076419781812	0.3913328051	False
ENSMUSG00000021557;RI:13:59621502:59621631-59622346:59622526:-	RI	0.06431977613155453	0.3913328051	False
ENSMUSG00000021557;SE:13:59598128-59608283:59608443-59609811:-	SE	-0.13911716777143535	0.3913328051	False
ENSMUSG00000021557;SE:13:59624952-59630331:59630418-59643147:-	SE	-0.06431977613155426	0.3913328051	False
ENSMUSG00000021557;SE:13:59662109-59665467:59665504-59672960:-	SE	0.03096248820373293	0.3913328051	False
ENSMUSG00000021557;SE:13:59673053-59676201:59676332-59678871:-	SE	-0.018810028069798368	0.3913328051	False
ENSMUSG00000021557;SE:13:59676332-59678871:59679017-59679827:-	SE	0.12345379900725806	0.3913328051	False
ENSMUSG00000021557;SE:13:59681053-59681759:59681908-59684063:-	SE	0.021525883877630825	0.3913328051	False
ENSMUSG00000021557;SE:13:59681053-59684063:59684187-59692201:-	SE	-0.0015657937836320857	0.4340659341	False
ENSMUSG00000021557;SE:13:59692265-59703494:59703624-59705037:-	SE	-0.039035887396594596	0.3913328051	False
ENSMUSG00000021660;A5:13:98452806-98453133:98452806-98453374:-	A5	0.046322881624439975	0.1523476523	False
ENSMUSG00000021669;A5:13:96765653-96767269:96765607-96767269:+	A5	0.11943787783970305	0.1278721279	False
ENSMUSG00000021669;SE:13:96753057-96753502:96753579-96761203:+	SE	0.013518613599497686	0.3191808192	False
ENSMUSG00000021671;SE:13:96529852-96531000:96531077-96533148:+	SE	0.049638633986443415	0.3516483516	False
ENSMUSG00000021671;SE:13:96541191-96546599:96546818-96547098:+	SE	0.010347863481882762	0.3541458541	False
ENSMUSG00000021814;A5:14:20523397-20529848:20523397-20529963:-	A5	0.0061731704094946105	0.3626373626	False
ENSMUSG00000021814;SE:14:20515014-20517526:20517591-20517939:-	SE	0.009430123626127853	0.3626373626	False
ENSMUSG00000021814;SE:14:20523397-20529352:20529408-20529963:-	SE	0.03153030146036087	0.3626373626	False
ENSMUSG00000021843;A3:14:47901772-47904753:47901772-47904758:+	A3	0.0029847064790050615	0.4175824176	False
ENSMUSG00000021843;A3:14:47962427-47963386:47962427-47963683:+	A3	-0.00767902865111195	0.3966450216	False
ENSMUSG00000021843;A5:14:47886896-47901213:47886846-47901213:+	A5	0.014211209379271339	0.3966450216	False
ENSMUSG00000021843;A5:14:47971727-47973557:47971721-47973557:+	A5	-0.07019001478307216	0.3966450216	False
ENSMUSG00000021843;AF:14:47885905:47886034-47901213:47886768:47886896-47901213:+	AF	0.017852294834439973	0.3966450216	False
ENSMUSG00000021843;AF:14:47885905:47886034-47901213:47886773:47886846-47901213:+	AF	0.34681656622761026	0.3966450216	False
ENSMUSG00000021843;SE:14:47886896-47889719:47889843-47901213:+	SE	-0.027345334163370122	0.3966450216	False
ENSMUSG00000021843;SE:14:47941734-47941877:47941945-47943220:+	SE	-0.01529049407657912	0.3966450216	False
ENSMUSG00000021843;SE:14:47952179-47954331:47954417-47957653:+	SE	-0.021188431280186604	0.3966450216	False
ENSMUSG00000021843;SE:14:47962427-47963386:47963457-47963683:+	SE	0.048229321007329906	0.3966450216	False
ENSMUSG00000021843;SE:14:47963766-47963928:47964011-47967797:+	SE	-0.02789999451689927	0.3966450216	False
ENSMUSG00000021843;SE:14:47970779-47971612:47971721-47973557:+	SE	-0.008160696944027934	0.3966450216	False
ENSMUSG00000021843;SE:14:47970779-47971612:47971727-47973557:+	SE	-0.017009354705644048	0.3966450216	False
ENSMUSG00000021901;A3:14:30978748-30979246:30978748-30979583:+	A3	-0.1088543447471968	0.3606393606	False
ENSMUSG00000021901;A5:14:30975597-30975990:30975532-30975990:+	A5	0.02583477853120733	0.3606393606	False
ENSMUSG00000021901;RI:14:30973707:30973736-30973857:30973911:+	RI	0.010258762630876113	0.3606393606	False
ENSMUSG00000021901;RI:14:30978618:30978748-30979246:30979724:+	RI	0.022095491613870265	0.3606393606	False
ENSMUSG00000021901;RI:14:30978618:30978748-30979583:30979724:+	RI	0.04278200326359756	0.3606393606	False
ENSMUSG00000021936;A3:14:33104281-33105831:33104276-33105831:-	A3	0.03904534100105017	0.2204462204	False
ENSMUSG00000021936;A3:14:33109253-33110757:33109249-33110757:-	A3	-0.015140974233780802	0.2672327672	False
ENSMUSG00000021936;MX:14:33110939-33112199:33112270-33114899:33110939-33112630:33112701-33114899:-	MX	-0.09745793553590976	0.1218781219	False
ENSMUSG00000021936;SE:14:33124880-33130005:33130134-33132813:-	SE	0.12989988667177288	0.1218781219	False
ENSMUSG00000021962;A5:14:30235507-30240876:30235367-30240876:+	A5	0.031141235354648383	0.3790495219	False
ENSMUSG00000021962;AL:14:30227641-30232149:30232451:30227641-30240876:30241617:+	AL	-0.19840760714646571	0.1798201798	False
ENSMUSG00000021962;AL:14:30245768-30247165:30247477:30245768-30248144:30249013:+	AL	-0.4726816777585325	0.1798201798	False
ENSMUSG00000021962;SE:14:30207138-30210470:30210577-30224783:+	SE	0.0	0.4090909091	False
ENSMUSG00000021962;SE:14:30227641-30233844:30233981-30234941:+	SE	0.011515563313831165	0.3790495219	False
ENSMUSG00000021962;SE:14:30227641-30234941:30235054-30240876:+	SE	-0.04138519086071257	0.3790495219	False
ENSMUSG00000021962;SE:14:30241634-30243547:30243612-30244685:+	SE	-0.01573430325499736	0.3790495219	False
ENSMUSG00000021962;SE:14:30245768-30247165:30247256-30248144:+	SE	0.0840036963475469	0.3790495219	False
ENSMUSG00000022021;SE:14:87328590-87352450:87352482-87378434:-	SE	-0.009734031522729225	0.3431568432	False
ENSMUSG00000022024;SE:14:79857239-79859544:79859651-79862281:+	SE	0.05506533377710935	0.1433566434	False
ENSMUSG00000022051;AF:14:67237153-67237263:67237354:67237153-67246137:67246326:-	AF	-0.08622148761320314	0.3886113886	False
ENSMUSG00000022051;AF:14:67237153-67237854:67237957:67237153-67246137:67246326:-	AF	0.017349168251947183	0.3886113886	False
ENSMUSG00000022051;SE:14:67225224-67226349:67226390-67226584:-	SE	0.003219788265640667	0.3886113886	False
ENSMUSG00000022119;A3:14:105377883-105378632:105377874-105378632:-	A3	-0.009995771504424655	0.3501498501	False
ENSMUSG00000022119;A3:14:105387844-105388185:105387829-105388185:-	A3	0.044551198614929594	0.3501498501	False
ENSMUSG00000022119;AL:14:105344187:105347238-105354422:105352401:105352722-105354422:-	AL	-0.05375598901194728	0.3501498501	False
ENSMUSG00000022119;AL:14:105344187:105347238-105354422:105352422:105352722-105354422:-	AL	-0.010910392294389004	0.3501498501	False
ENSMUSG00000022119;AL:14:105344187:105347238-105354422:105352499:105352722-105354422:-	AL	0.046105865682879554	0.3501498501	False
ENSMUSG00000022119;SE:14:105369443-105376527:105376598-105377752:-	SE	0.013428762091360902	0.3501498501	False
ENSMUSG00000022160;A3:14:52536272-52537158:52536193-52537158:-	A3	-2.4253419137587606e-05	0.4070929071	False
ENSMUSG00000022160;A5:14:52537858-52542340:52537858-52542345:-	A5	0.008306351602592268	0.4070929071	False
ENSMUSG00000022160;RI:14:52537158:52537276-52537491:52537562:-	RI	-2.4253419137587606e-05	0.4070929071	False
ENSMUSG00000022160;SE:14:52532550-52533531:52533643-52533973:-	SE	0.04159200050046841	0.4070929071	False
ENSMUSG00000022160;SE:14:52533643-52533973:52534038-52534121:-	SE	0.06114114111985691	0.4070929071	False
ENSMUSG00000022160;SE:14:52534414-52534928:52535115-52535326:-	SE	0.06114114111985691	0.4070929071	False
ENSMUSG00000022160;SE:14:52535542-52536097:52536193-52537158:-	SE	0.00025572265167710003	0.4070929071	False
ENSMUSG00000022160;SE:14:52535542-52536097:52536272-52537158:-	SE	-0.1668280737114073	0.4070929071	False
ENSMUSG00000022160;SE:14:52537562-52537641:52537858-52542340:-	SE	-0.4134860967711609	0.4070929071	False
ENSMUSG00000022160;SE:14:52537858-52538754:52538825-52542345:-	SE	0.14204947951350483	0.4070929071	False
ENSMUSG00000022191;A5:15:12825028-12826151:12825024-12826151:+	A5	-0.0644478911834944	0.1703296703	False
ENSMUSG00000022191;MX:15:12827378-12830389:12830439-12834096:12827378-12832525:12832575-12834096:+	MX	-0.666665211076618	0.0799200799	False
ENSMUSG00000022194;AF:14:55129957:55130195-55132305:55131605:55131951-55132305:+	AF	0.3522142667157918	0.002997003	True
ENSMUSG00000022194;AF:14:55129957:55130195-55132305:55131612:55131951-55132305:+	AF	0.09499252825002136	0.167032967	False
ENSMUSG00000022194;AF:14:55129957:55130195-55132305:55132030:55132126-55132305:+	AF	-0.0001581765515459299	0.4260739261	False
ENSMUSG00000022194;AF:14:55129957:55130195-55132305:55132075:55132126-55132305:+	AF	-0.5497407119209936	0.0013320013	True
ENSMUSG00000022194;AF:14:55131605:55131951-55132305:55132030:55132126-55132305:+	AF	-0.0011735494717791672	0.4260739261	False
ENSMUSG00000022194;AF:14:55131605:55131951-55132305:55132075:55132126-55132305:+	AF	-0.46100216854106657	0.0013320013	True
ENSMUSG00000022194;AF:14:55131612:55131951-55132305:55132030:55132126-55132305:+	AF	-0.08512772829380277	0.350982351	False
ENSMUSG00000022194;AF:14:55131612:55131951-55132305:55132075:55132126-55132305:+	AF	-0.9862320660236714	0.0	True
ENSMUSG00000022200;AL:15:12343237-12343359:12343516:12343237-12349454:12351351:+	AL	0.1142595564266265	0.1248751249	False
ENSMUSG00000022200;SE:15:12343237-12343359:12343407-12349454:+	SE	0.0522296495201093	0.1663336663	False
ENSMUSG00000022205;AF:15:11993947-11995714:11995836:11993947-11996037:11996098:-	AF	0.06789007058611776	0.2491258741	False
ENSMUSG00000022205;AF:15:11993947-11995714:11995836:11993947-11996037:11996144:-	AF	0.011514339867224277	0.3691308691	False
ENSMUSG00000022205;AF:15:11993947-11995714:11995836:11993947-11996957:11997069:-	AF	0.10942478447398402	0.2491258741	False
ENSMUSG00000022205;AF:15:11993947-11996037:11996098:11993947-11996957:11997069:-	AF	-0.03179708837830231	0.2491258741	False
ENSMUSG00000022205;AF:15:11993947-11996037:11996144:11993947-11996957:11997069:-	AF	0.04738685052166608	0.2491258741	False
ENSMUSG00000022255;A3:15:34099731-34114170:34099731-34118026:+	A3	-0.006945151801615784	0.3681318681	False
ENSMUSG00000022255;A3:15:34134544-34136820:34134544-34136833:+	A3	0.04001148448586769	0.3343531469	False
ENSMUSG00000022255;AF:15:34131310:34131434-34134437:34133636:34133837-34134437:+	AF	0.19186934136299272	0.3343531469	False
ENSMUSG00000022255;MX:15:34114254-34114945:34115121-34118026:34114254-34116457:34116522-34118026:+	MX	0.051479076930595724	0.3343531469	False
ENSMUSG00000022255;SE:15:34114254-34114945:34115121-34116457:+	SE	0.022417317915660595	0.3343531469	False
ENSMUSG00000022255;SE:15:34115121-34116457:34116522-34118026:+	SE	-0.03735417114301742	0.3343531469	False
ENSMUSG00000022255;SE:15:34118256-34121569:34121658-34123814:+	SE	-0.04235712378233881	0.3343531469	False
ENSMUSG00000022255;SE:15:34118256-34123814:34123912-34131310:+	SE	-0.05149654464481623	0.3343531469	False
ENSMUSG00000022255;SE:15:34136973-34139887:34140043-34140838:+	SE	-0.04769517274139068	0.3343531469	False
ENSMUSG00000022257;SE:15:34238568-34258827:34258938-34272490:+	SE	-0.045758212489514394	0.3618881119	False
ENSMUSG00000022257;SE:15:34258938-34264702:34264737-34272490:+	SE	-0.02846882159110319	0.3618881119	False
ENSMUSG00000022257;SE:15:34273496-34276282:34276380-34277578:+	SE	-0.006374574592904136	0.3711288711	False
ENSMUSG00000022285;A3:15:36793922-36794389:36793919-36794389:-	A3	-0.06902632438808978	0.2557442557	False
ENSMUSG00000022285;A5:15:36793919-36794389:36793919-36794705:-	A5	0.0	0.3941058941	False
ENSMUSG00000022285;AF:15:36791232-36792356:36792658:36791232-36793412:36793454:-	AF	-0.1746933225906595	0.1854145854	False
ENSMUSG00000022285;AF:15:36791232-36792356:36792658:36791232-36793723:36793763:-	AF	-0.15234110886900798	0.1854145854	False
ENSMUSG00000022285;AF:15:36791232-36792356:36792658:36791232-36793723:36794081:-	AF	0.05032707978599654	0.2557442557	False
ENSMUSG00000022285;AF:15:36791232-36792356:36792658:36791232-36794389:36794775:-	AF	-0.01855092876853459	0.3399267399	False
ENSMUSG00000022285;AF:15:36791232-36792356:36792658:36791232-36797055:36797173:-	AF	0.10072118919321682	0.1854145854	False
ENSMUSG00000022285;AF:15:36791232-36793412:36793454:36791232-36793723:36793763:-	AF	-0.11758773997162009	0.2557442557	False
ENSMUSG00000022285;AF:15:36791232-36793412:36793454:36791232-36793723:36794081:-	AF	0.10637374239996422	0.1854145854	False
ENSMUSG00000022285;AF:15:36791232-36793412:36793454:36791232-36797055:36797173:-	AF	0.14889875237016176	0.1854145854	False
ENSMUSG00000022285;AF:15:36791232-36793723:36793763:36791232-36797055:36797173:-	AF	0.07356777616219876	0.2066504924	False
ENSMUSG00000022285;AF:15:36791232-36793723:36794081:36791232-36794389:36794775:-	AF	-0.009287038589388397	0.3399267399	False
ENSMUSG00000022285;AF:15:36791232-36793723:36794081:36791232-36797055:36797173:-	AF	0.07427706585832838	0.2066504924	False
ENSMUSG00000022285;AF:15:36791232-36794389:36794775:36791232-36797055:36797173:-	AF	0.009747107302971732	0.3399267399	False
ENSMUSG00000022285;SE:15:36791232-36793723:36793919-36794389:-	SE	-0.0415143817334952	0.3183483183	False
ENSMUSG00000022292;A5:15:37953998-37960697:37953998-37961088:-	A5	0.028415989416337068	0.2432567433	False
ENSMUSG00000022292;AF:15:37947095-37953843:37955382:37947095-37961088:37961135:-	AF	-0.19740812745797615	0.2361638362	False
ENSMUSG00000022292;AF:15:37953998-37961088:37961173:37953998-37961462:37961562:-	AF	-0.20030698831535831	0.215034965	False
ENSMUSG00000022292;AF:15:37953998-37961088:37961347:37953998-37961462:37961562:-	AF	-0.06819758943173826	0.215034965	False
ENSMUSG00000022292;SE:15:37944836-37945283:37945416-37946979:-	SE	0.09392120508843649	0.215034965	False
ENSMUSG00000022292;SE:15:37947095-37953843:37953998-37961088:-	SE	-0.05999303402553158	0.215034965	False
ENSMUSG00000022314;AF:15:51846099-51854631:51854906:51846099-51854943:51855143:-	AF	0.109955937691418	0.0494505495	True
ENSMUSG00000022338;A3:15:44295904-44297250:44295904-44297295:+	A3	0.005426520629485954	0.4440559441	False
ENSMUSG00000022338;A3:15:44295904-44297250:44295904-44297297:+	A3	-0.006972834648623305	0.4440559441	False
ENSMUSG00000022338;A3:15:44295904-44297295:44295904-44297297:+	A3	-0.004189855527582553	0.4440559441	False
ENSMUSG00000022338;A5:15:44291638-44292956:44291566-44292956:+	A5	0.0005489966292331339	0.4440559441	False
ENSMUSG00000022338;SE:15:44293032-44294087:44294190-44295834:+	SE	-0.040812290476228905	0.4440559441	False
ENSMUSG00000022387;A3:15:88585473-88591237:88585080-88591237:-	A3	0.02590787964726815	0.2317682318	False
ENSMUSG00000022387;AF:15:88601265-88603178:88603358:88601265-88613527:88614974:-	AF	0.03098400093390293	0.2317682318	False
ENSMUSG00000022403;A3:15:81273924-81276466:81273897-81276466:-	A3	0.03839009362549883	0.2331002331	False
ENSMUSG00000022403;A5:15:81276523-81283686:81276523-81283990:-	A5	0.1810715116831212	0.2331002331	False
ENSMUSG00000022403;AF:15:81276523-81283508:81283584:81276523-81283686:81283795:-	AF	0.028336665228441305	0.2331002331	False
ENSMUSG00000022403;AF:15:81276523-81283508:81283584:81276523-81283686:81284244:-	AF	-0.027373180633317062	0.2342657343	False
ENSMUSG00000022403;AF:15:81276523-81283508:81283584:81276523-81283990:81284274:-	AF	0.055105757634537844	0.2331002331	False
ENSMUSG00000022403;AF:15:81276523-81283686:81283795:81276523-81283990:81284274:-	AF	0.049796333763753586	0.2331002331	False
ENSMUSG00000022403;SE:15:81276523-81283686:81283888-81283990:-	SE	0.06670250589872606	0.2331002331	False
ENSMUSG00000022433;A3:15:79323059-79326128:79323055-79326128:-	A3	-0.04059231556347187	0.2378984652	False
ENSMUSG00000022433;AF:15:79314365-79317265:79317326:79314365-79322972:79323218:-	AF	0.2638145610041814	0.2135642136	False
ENSMUSG00000022433;AF:15:79323055-79325961:79326018:79323055-79326128:79326200:-	AF	-0.01725881867114385	0.3333333333	False
ENSMUSG00000022433;AF:15:79323059-79325421:79326018:79323059-79326128:79326203:-	AF	0.45637120604972314	0.0432900433	True
ENSMUSG00000022433;AF:15:79323059-79325421:79326018:79323059-79326293:79326337:-	AF	0.7519838583516297	0.0422077922	True
ENSMUSG00000022433;AF:15:79323059-79325421:79326018:79323059-79327748:79328120:-	AF	0.39919479457339485	0.1071428571	False
ENSMUSG00000022433;AF:15:79323059-79325421:79326018:79323059-79339691:79339767:-	AF	0.20488924812038134	0.1071428571	False
ENSMUSG00000022433;AF:15:79323059-79326128:79326203:79323059-79326293:79326337:-	AF	0.0934888565420583	0.2378984652	False
ENSMUSG00000022433;AF:15:79323059-79326128:79326203:79323059-79327748:79328120:-	AF	-0.3038870657320478	0.0818181818	False
ENSMUSG00000022433;AF:15:79323059-79326128:79326203:79323059-79339691:79339767:-	AF	-0.39191732633360205	0.0422077922	True
ENSMUSG00000022433;AF:15:79323059-79326293:79326337:79323059-79327748:79328120:-	AF	-0.4735861191892812	0.0818181818	False
ENSMUSG00000022433;AF:15:79323059-79326293:79326337:79323059-79339691:79339767:-	AF	-0.2221276797575324	0.1071428571	False
ENSMUSG00000022433;AF:15:79323059-79327748:79328120:79323059-79339691:79339767:-	AF	-0.016750906194657966	0.3366633367	False
ENSMUSG00000022443;RI:15:77675248:77675346-77675916:77675979:-	RI	0.0005718648874247509	0.4420579421	False
ENSMUSG00000022443;SE:15:77692224-77692553:77692658-77697080:-	SE	-0.00043414321982441616	0.4420579421	False
ENSMUSG00000022521;A3:16:3919532-3925292:3919502-3925292:-	A3	-0.05955311888748041	0.4515484515	False
ENSMUSG00000022521;SE:16:3910219-3911336:3911449-3912038:-	SE	0.001150087481034845	0.4515484515	False
ENSMUSG00000022521;SE:16:3910219-3912038:3912184-3912500:-	SE	-0.014975441290748015	0.4515484515	False
ENSMUSG00000022521;SE:16:3937720-3942034:3942078-3942500:-	SE	0.0	0.4515484515	False
ENSMUSG00000022521;SE:16:3946550-3955230:3955343-3956609:-	SE	-0.01808164975710158	0.4515484515	False
ENSMUSG00000022533;A5:16:30151204-30152542:30151204-30152577:-	A5	0.11966420286270292	0.0899100899	False
ENSMUSG00000022533;SE:16:30134719-30140624:30140713-30141690:-	SE	-0.22546873785385108	0.0579420579	False
ENSMUSG00000022556;A3:15:76382490-76382622:76382490-76382637:+	A3	-0.1053493164598519	0.4145854146	False
ENSMUSG00000022556;A3:15:76384253-76384331:76384253-76384467:+	A3	-0.09986559100779469	0.4145854146	False
ENSMUSG00000022556;A3:15:76384536-76384617:76384536-76384625:+	A3	0.018774592345734198	0.4145854146	False
ENSMUSG00000022556;RI:15:76381968:76382029-76382152:76382248:+	RI	0.010294050897145066	0.4145854146	False
ENSMUSG00000022556;RI:15:76384331:76384396-76384467:76384536:+	RI	-0.002846896700651573	0.4145854146	False
ENSMUSG00000022556;SE:15:76380789-76381036:76381160-76381819:+	SE	0.0036603350957090663	0.4145854146	False
ENSMUSG00000022556;SE:15:76380789-76381819:76381894-76381968:+	SE	-0.029228856394851843	0.4145854146	False
ENSMUSG00000022556;SE:15:76382891-76383332:76383415-76384148:+	SE	-0.022520203329631127	0.4145854146	False
ENSMUSG00000022556;SE:15:76384253-76384331:76384396-76384467:+	SE	-0.07108524019483564	0.4145854146	False
ENSMUSG00000022698;A3:16:43960474-43976773:43960474-43976776:+	A3	-0.09696473330640498	0.1713286713	False
ENSMUSG00000022698;SE:16:43960474-43965144:43965281-43976773:+	SE	-0.06148824335251002	0.1713286713	False
ENSMUSG00000022698;SE:16:43976909-43977437:43977556-43978243:+	SE	0.06138543748999492	0.1713286713	False
ENSMUSG00000022710;A3:16:8516714-8517007:8516673-8517007:-	A3	-0.008900064504908656	0.3361638362	False
ENSMUSG00000022710;A5:16:8528041-8529858:8528041-8529997:-	A5	-0.0339098004956927	0.3004495504	False
ENSMUSG00000022710;AF:16:8534483-8539479:8539520:8534483-8556068:8556206:-	AF	0.24687133102387052	0.1558441558	False
ENSMUSG00000022710;AF:16:8534483-8539479:8539520:8534483-8556068:8556284:-	AF	0.12749697825501438	0.1558441558	False
ENSMUSG00000022710;RI:16:8515757:8515858-8516316:8516450:-	RI	0.014241906149433351	0.3361638362	False
ENSMUSG00000022710;SE:16:8530056-8533609:8533783-8534379:-	SE	0.09085509643002858	0.1558441558	False
ENSMUSG00000022841;SE:16:20354351-20356368:20356484-20358058:+	SE	0.06530495620303567	0.3266733267	False
ENSMUSG00000022841;SE:16:20356484-20358058:20358323-20359083:+	SE	-0.015132515675150171	0.3266733267	False
ENSMUSG00000022841;SE:16:20359165-20359558:20359563-20359725:+	SE	-0.02669904557479541	0.3266733267	False
ENSMUSG00000022884;A3:16:22926570-22927335:22926570-22927338:+	A3	-0.36538173864471024	0.038961039	True
ENSMUSG00000022884;A3:16:22930646-22931101:22930646-22931917:+	A3	0.21173355464949212	0.1801948052	False
ENSMUSG00000022884;A5:16:22926630-22927338:22926570-22927338:+	A5	0.0470507164821648	0.2896103896	False
ENSMUSG00000022884;AF:16:22926508:22926570-22927338:22926667:22926720-22927338:+	AF	-0.04539097916840551	0.2916174734	False
ENSMUSG00000022884;AF:16:22926509:22926570-22927338:22926667:22926720-22927338:+	AF	-0.18443644005775617	0.2705627706	False
ENSMUSG00000022884;AF:16:22926517:22926570-22927338:22926667:22926720-22927338:+	AF	-0.2580840938154601	0.2606679035	False
ENSMUSG00000022884;RI:16:22927338:22927383-22927469:22927601:+	RI	0.0	0.4275724276	False
ENSMUSG00000022884;RI:16:22928735:22928903-22928984:22929093:+	RI	0.06201986822418645	0.2606679035	False
ENSMUSG00000022884;RI:16:22929330:22929473-22929876:22930013:+	RI	0.1747420133234214	0.1298701299	False
ENSMUSG00000022884;RI:16:22929876:22930013-22930253:22930342:+	RI	0.0	0.4275724276	False
ENSMUSG00000022884;SE:16:22927601-22927870:22928009-22928735:+	SE	0.04379695825625718	0.2705627706	False
ENSMUSG00000022884;SE:16:22930646-22931101:22931207-22931917:+	SE	0.2059810590949609	0.1298701299	False
ENSMUSG00000022897;A3:16:94460552-94464601:94460552-94464628:+	A3	-0.04221812484547971	0.1543456543	False
ENSMUSG00000022897;AF:16:94370869:94371393-94412278:94371723:94371835-94412278:+	AF	-0.1387566438405129	0.1543456543	False
ENSMUSG00000022897;AF:16:94370869:94371393-94412278:94371766:94371835-94412278:+	AF	-0.06903711145663366	0.1543456543	False
ENSMUSG00000022897;SE:16:94371393-94412278:94412363-94460356:+	SE	-0.0669548282581533	0.1543456543	False
ENSMUSG00000022914;A5:16:95806330-95809037:95806330-95809338:-	A5	-0.06614172075907071	0.2547452547	False
ENSMUSG00000022914;SE:16:95817460-95818781:95818924-95820619:-	SE	-0.0030240970525206023	0.4495504496	False
ENSMUSG00000022914;SE:16:95822541-95824603:95824723-95824921:-	SE	0.04493303011558525	0.3196803197	False
ENSMUSG00000022914;SE:16:95839185-95842452:95842583-95844201:-	SE	-0.09070316906625531	0.2547452547	False
ENSMUSG00000022914;SE:16:95844294-95845664:95845847-95847545:-	SE	1.1102230246251565e-16	0.4495504496	False
ENSMUSG00000022957;A3:16:91590655-91598415:91590655-91598526:+	A3	0.16732683031875883	0.2307692308	False
ENSMUSG00000022957;A3:16:91638498-91639516:91638498-91639523:+	A3	0.0	0.3810102941	False
ENSMUSG00000022957;AF:16:91526169:91526487-91579049:91527122:91527463-91579049:+	AF	-0.014829491954433949	0.3810102941	False
ENSMUSG00000022957;AF:16:91526169:91526487-91579049:91552987:91553120-91579049:+	AF	-0.28783731796710355	0.2307692308	False
ENSMUSG00000022957;AF:16:91526241:91526487-91579049:91527122:91527463-91579049:+	AF	-0.056750924425660515	0.3758241758	False
ENSMUSG00000022957;AF:16:91526258:91526487-91579049:91527122:91527463-91579049:+	AF	0.2064853004777562	0.32710147	False
ENSMUSG00000022957;AF:16:91526258:91526487-91579049:91552987:91553120-91579049:+	AF	-0.4267287255879544	0.2307692308	False
ENSMUSG00000022957;AF:16:91526259:91526487-91579049:91527122:91527463-91579049:+	AF	-0.04577032988472485	0.3758241758	False
ENSMUSG00000022957;AF:16:91526259:91526487-91579049:91552987:91553120-91579049:+	AF	-0.5529603507206606	0.2307692308	False
ENSMUSG00000022957;AF:16:91526261:91526487-91579049:91527122:91527463-91579049:+	AF	-0.014823315726318712	0.3758241758	False
ENSMUSG00000022957;AF:16:91526354:91526487-91579049:91527122:91527463-91579049:+	AF	0.09311934869308436	0.3758241758	False
ENSMUSG00000022957;AF:16:91526459:91526487-91579049:91527122:91527463-91579049:+	AF	0.05564325049251167	0.3758241758	False
ENSMUSG00000022957;AF:16:91526480:91526487-91579049:91527122:91527463-91579049:+	AF	0.1385373483718173	0.3227541689	False
ENSMUSG00000022957;AF:16:91526480:91526487-91579049:91552987:91553120-91579049:+	AF	-0.20415608328523582	0.2743922744	False
ENSMUSG00000022957;AF:16:91527122:91527463-91579049:91552987:91553120-91579049:+	AF	-0.47645094171447877	0.2307692308	False
ENSMUSG00000022957;SE:16:91638498-91639516:91639530-91645610:+	SE	0.18023965444077011	0.2307692308	False
ENSMUSG00000022957;SE:16:91638498-91639523:91639530-91645610:+	SE	0.0	0.4065934066	False
ENSMUSG00000022957;SE:16:91638498-91645610:91645857-91647694:+	SE	-0.07149349720455933	0.3227541689	False
ENSMUSG00000022957;SE:16:91651543-91655097:91655263-91658082:+	SE	-0.013298140243801826	0.3810102941	False
ENSMUSG00000022957;SE:16:91651543-91658082:91658127-91660145:+	SE	0.0325234887842363	0.3758241758	False
ENSMUSG00000022972;A3:16:90728049-90731470:90727998-90731470:-	A3	-0.03947175132075198	0.313986014	False
ENSMUSG00000022972;AF:16:90728049-90731278:90731394:90728049-90731470:90731815:-	AF	-0.12706137913973986	0.291958042	False
ENSMUSG00000022972;AF:16:90728049-90731278:90731394:90728049-90731470:90732002:-	AF	-0.2143205871380876	0.1993006993	False
ENSMUSG00000022972;SE:16:90722970-90723233:90723328-90723986:-	SE	0.006838521908039574	0.4125874126	False
ENSMUSG00000022972;SE:16:90724396-90726804:90726871-90727882:-	SE	-0.002284500330174466	0.4125874126	False
ENSMUSG00000022972;SE:16:90724396-90727882:90728049-90731470:-	SE	-0.06757239878160481	0.313986014	False
ENSMUSG00000022973;A3:16:90770963-90773487:90770954-90773487:-	A3	0.006470643231774154	0.4105894106	False
ENSMUSG00000022973;A5:16:90807057-90807861:90807057-90807981:-	A5	-0.001549972434150948	0.4105894106	False
ENSMUSG00000022973;AF:16:90807057-90807861:90807949:90807057-90807981:90808001:-	AF	-1.3393732678501635e-08	0.4105894106	False
ENSMUSG00000022973;AF:16:90807057-90807861:90807949:90807057-90807981:90808196:-	AF	0.015016340137464779	0.4105894106	False
ENSMUSG00000022973;AF:16:90807057-90807861:90807951:90807057-90807981:90808196:-	AF	0.0276451395160391	0.4105894106	False
ENSMUSG00000022973;SE:16:90735922-90737361:90737381-90741243:-	SE	0.0	0.4105894106	False
ENSMUSG00000022973;SE:16:90735922-90737361:90737384-90741243:-	SE	0.009116659528349128	0.4105894106	False
ENSMUSG00000022973;SE:16:90743750-90743903:90743941-90747239:-	SE	0.0	0.4105894106	False
ENSMUSG00000022973;SE:16:90743941-90744954:90745001-90746587:-	SE	-0.08911666570715004	0.4105894106	False
ENSMUSG00000022973;SE:16:90766262-90768452:90768475-90770798:-	SE	-0.006470643231774209	0.4105894106	False
ENSMUSG00000022995;A3:1:181749525-181751125:181749333-181751125:-	A3	0.10411968893658105	0.351037851	False
ENSMUSG00000022995;A3:1:181750065-181751125:181749333-181751125:-	A3	0.22223824030222786	0.351037851	False
ENSMUSG00000022995;A3:1:181750065-181751125:181749525-181751125:-	A3	0.09699464449327566	0.351037851	False
ENSMUSG00000022995;AF:1:181789484-181841863:181841969:181789484-181847095:181847226:-	AF	-0.05834989242450361	0.351037851	False
ENSMUSG00000022995;AF:1:181789484-181841863:181841969:181789484-181847095:181847241:-	AF	-0.002769406317406964	0.3706293706	False
ENSMUSG00000022995;SE:1:181735941-181739162:181739224-181740872:-	SE	-0.0392132278673977	0.351037851	False
ENSMUSG00000022995;SE:1:181747194-181749223:181749333-181751125:-	SE	-0.15626629828614158	0.351037851	False
ENSMUSG00000022995;SE:1:181747194-181749223:181749525-181751125:-	SE	0.04900663175282996	0.351037851	False
ENSMUSG00000022995;SE:1:181747194-181749223:181750065-181751125:-	SE	0.10760354320487775	0.351037851	False
ENSMUSG00000022995;SE:1:181758327-181758739:181758750-181783959:-	SE	-0.011981452167618001	0.3706293706	False
ENSMUSG00000022995;SE:1:181758327-181763225:181763281-181783959:-	SE	0.024557872276302798	0.351037851	False
ENSMUSG00000023008;SE:15:99216253-99216799:99216898-99217012:-	SE	-0.026336595457514655	0.4480519481	False
ENSMUSG00000023008;SE:15:99226047-99226975:99227057-99227161:-	SE	-0.001185431835585467	0.4480519481	False
ENSMUSG00000023008;SE:15:99226047-99227161:99227313-99229868:-	SE	0.0	0.4480519481	False
ENSMUSG00000023015;A3:15:99532231-99534013:99532176-99534013:-	A3	0.002823867936775234	0.4135864136	False
ENSMUSG00000023015;A3:15:99537700-99540764:99537686-99540764:-	A3	-0.02042015516118345	0.3082631654	False
ENSMUSG00000023015;A3:15:99540852-99541274:99540848-99541274:-	A3	0.07793967989910944	0.3082631654	False
ENSMUSG00000023015;A3:15:99540852-99549388:99540848-99549388:-	A3	-0.0661734937595912	0.3082631654	False
ENSMUSG00000023015;A5:15:99540852-99541274:99540852-99541303:-	A5	0.10387478831557506	0.3082631654	False
ENSMUSG00000023015;SE:15:99540848-99541274:99541404-99549388:-	SE	-0.03619922200806535	0.3082631654	False
ENSMUSG00000023015;SE:15:99540852-99541274:99541404-99549388:-	SE	0.0608149435723328	0.3082631654	False
ENSMUSG00000023015;SE:15:99540852-99541303:99541404-99549388:-	SE	-0.04026977647204297	0.3082631654	False
ENSMUSG00000023025;A3:15:99870864-99882798:99870864-99882801:+	A3	-0.07724493212074546	0.2517482517	False
ENSMUSG00000023025;A3:15:99870864-99882798:99870864-99882814:+	A3	0.25871915581012106	0.1298701299	False
ENSMUSG00000023025;A3:15:99870864-99882801:99870864-99882814:+	A3	0.21452676484556232	0.1298701299	False
ENSMUSG00000023025;AF:15:99867946:99868159-99882798:99870717:99870864-99882798:+	AF	0.2631907596306178	0.0569430569	False
ENSMUSG00000023025;AF:15:99867946:99868159-99882798:99870750:99870864-99882798:+	AF	0.0021536794279143345	0.4100899101	False
ENSMUSG00000023025;RI:15:99885284:99885359-99888174:99888310:+	RI	0.002818896378397449	0.4100899101	False
ENSMUSG00000023027;A3:15:100130712-100143113:100130712-100143126:+	A3	-0.11136940850653193	0.1401098901	False
ENSMUSG00000023027;A3:15:100152394-100157696:100152394-100157701:+	A3	-0.024064006771301272	0.2899243614	False
ENSMUSG00000023027;A5:15:100130196-100130614:100130140-100130614:+	A5	0.2856806394633435	0.0743006993	False
ENSMUSG00000023027;AF:15:100125700:100125963-100130614:100126144:100126486-100130614:+	AF	-0.023192640139769516	0.2945492008	False
ENSMUSG00000023027;AF:15:100125700:100125963-100130614:100130040:100130196-100130614:+	AF	-0.2720069944408178	0.0743006993	False
ENSMUSG00000023027;AF:15:100125700:100125963-100130614:100130052:100130196-100130614:+	AF	-0.2435862993793032	0.0743006993	False
ENSMUSG00000023027;AF:15:100125700:100125963-100130614:100130079:100130140-100130614:+	AF	-0.23256056505552758	0.0743006993	False
ENSMUSG00000023027;AF:15:100125752:100125963-100130614:100126144:100126486-100130614:+	AF	-0.2923562733040821	0.1018981019	False
ENSMUSG00000023027;AF:15:100125752:100125963-100130614:100130052:100130196-100130614:+	AF	-0.5406894801241569	0.0743006993	False
ENSMUSG00000023027;AF:15:100125752:100125963-100130614:100130079:100130140-100130614:+	AF	-0.31594532843647893	0.0743006993	False
ENSMUSG00000023027;AF:15:100126144:100126486-100130614:100130040:100130196-100130614:+	AF	-0.6239368419998361	0.0743006993	False
ENSMUSG00000023027;AF:15:100126144:100126486-100130614:100130052:100130196-100130614:+	AF	-0.2956601894654169	0.1061438561	False
ENSMUSG00000023027;AF:15:100126144:100126486-100130614:100130079:100130140-100130614:+	AF	-0.15439911013436358	0.1404364866	False
ENSMUSG00000023027;SE:15:100130712-100143113:100143226-100149950:+	SE	-0.09426921151354319	0.1397239125	False
ENSMUSG00000023027;SE:15:100130712-100143126:100143226-100149950:+	SE	0.0036053383339128553	0.3911088911	False
ENSMUSG00000023027;SE:15:100130712-100149950:100150080-100151975:+	SE	-0.02457750901858935	0.2945492008	False
ENSMUSG00000023074;A5:X:52436742-52444530:52436742-52444533:-	A5	0.038668631957216454	0.2067932068	False
ENSMUSG00000023307;A3:19:37197885-37198038:37197885-37198068:+	A3	-0.0005726138793026303	0.4345654346	False
ENSMUSG00000023505;A3:6:124807236-124807327:124807236-124807466:+	A3	-0.1720342735870234	0.1448551449	False
ENSMUSG00000023505;AF:6:124806510:124806602-124807466:124806651:124807236-124807466:+	AF	-0.14493389069448015	0.1868131868	False
ENSMUSG00000023505;AF:6:124806510:124806602-124807466:124807198:124807236-124807466:+	AF	-0.03424301730088897	0.3471528472	False
ENSMUSG00000023505;AF:6:124806510:124806602-124807466:124807338:124807380-124807466:+	AF	-0.25572704536299046	0.1032301032	False
ENSMUSG00000023505;AF:6:124806651:124807236-124807466:124807326:124807380-124807466:+	AF	-0.01750749988548994	0.3471528472	False
ENSMUSG00000023505;AF:6:124806651:124807236-124807466:124807338:124807380-124807466:+	AF	-0.27170797607243236	0.1032301032	False
ENSMUSG00000023505;AF:6:124807198:124807236-124807466:124807326:124807380-124807466:+	AF	-0.0438416963435988	0.3471528472	False
ENSMUSG00000023505;AF:6:124807198:124807236-124807466:124807338:124807380-124807466:+	AF	-0.32216803290520274	0.1032301032	False
ENSMUSG00000023505;RI:6:124808325:124808451-124809109:124809402:+	RI	-0.018871339109163415	0.3471528472	False
ENSMUSG00000023572;A5:2:120842039-120842164:120842011-120842164:+	A5	0.003960519003536646	0.452047952	False
ENSMUSG00000023572;SE:2:120844499-120844994:120845126-120846612:+	SE	-5.105568864545006e-05	0.452047952	False
ENSMUSG00000023764;A5:11:3084501-3084626:3084501-3084659:-	A5	0.11292078158351893	0.2750582751	False
ENSMUSG00000023764;A5:11:3137410-3138878:3137410-3138941:-	A5	-0.2210481839855843	0.1491841492	False
ENSMUSG00000023764;AF:11:3120704-3126378:3126466:3120704-3127427:3127493:-	AF	0.07256866943307622	0.2750582751	False
ENSMUSG00000023764;AL:11:3106812:3106864-3115254:3110035:3110146-3115254:-	AL	0.09702644558953966	0.2750582751	False
ENSMUSG00000023764;MX:11:3110146-3114557:3114713-3115576:3110146-3115254:3115321-3115576:-	MX	0.16777813983657286	0.2750582751	False
ENSMUSG00000023764;RI:11:3084626:3084730-3085283:3085542:-	RI	0.0984445692312016	0.2750582751	False
ENSMUSG00000023764;SE:11:3093336-3093695:3093790-3094217:-	SE	-0.05639767383002158	0.2750582751	False
ENSMUSG00000023764;SE:11:3094970-3095241:3095322-3096162:-	SE	-0.13896851862891335	0.2750582751	False
ENSMUSG00000023764;SE:11:3095322-3096162:3096292-3103432:-	SE	-0.07292134445602849	0.2750582751	False
ENSMUSG00000023764;SE:11:3096292-3103432:3103498-3114557:-	SE	0.5180895984022507	0.1491841492	False
ENSMUSG00000023764;SE:11:3103498-3114557:3114713-3120587:-	SE	0.0	0.4090909091	False
ENSMUSG00000023764;SE:11:3105496-3106772:3106864-3107866:-	SE	0.09627206105202413	0.2750582751	False
ENSMUSG00000023764;SE:11:3114713-3115576:3115678-3120587:-	SE	0.2540502895657217	0.1491841492	False
ENSMUSG00000023764;SE:11:3127521-3129397:3129507-3136065:-	SE	-0.00913531787591726	0.3819257665	False
ENSMUSG00000023800;AF:17:3376848:3377001-3462907:3447482:3447619-3462907:+	AF	-0.043607220443054207	0.4205794206	False
ENSMUSG00000023800;AF:17:3376848:3377001-3462907:3447505:3447619-3462907:+	AF	0.0	0.4350649351	False
ENSMUSG00000023944;AF:17:45882837-45883360:45883481:45882837-45884093:45884197:-	AF	0.0023474083234081996	0.4305694306	False
ENSMUSG00000023944;RI:17:45879784:45880052-45880166:45880313:-	RI	0.030491004510632733	0.4305694306	False
ENSMUSG00000023944;RI:17:45882339:45882407-45882445:45882545:-	RI	0.001147252674554844	0.4305694306	False
ENSMUSG00000023944;RI:17:45882339:45882545-45882691:45882837:-	RI	0.006465306073802216	0.4305694306	False
ENSMUSG00000023994;A3:17:48699528-48700208:48699516-48700208:-	A3	-0.2249084923841934	0.0699300699	False
ENSMUSG00000023994;A3:17:48699534-48700208:48699516-48700208:-	A3	-0.0988193828885488	0.1434280006	False
ENSMUSG00000023994;A3:17:48699534-48700208:48699528-48700208:-	A3	0.26496285455654767	0.0699300699	False
ENSMUSG00000023994;A3:17:48706096-48707466:48706093-48707466:-	A3	0.1336174593601876	0.1436063936	False
ENSMUSG00000023994;A5:17:48702824-48706010:48702824-48706013:-	A5	-0.11680649136237442	0.1581751582	False
ENSMUSG00000023994;AF:17:48702824-48706010:48706066:48702824-48707466:48707572:-	AF	-0.329812569952614	0.0699300699	False
ENSMUSG00000023994;SE:17:48699534-48699896:48699979-48700208:-	SE	0.020454067524671833	0.3081918082	False
ENSMUSG00000023994;SE:17:48702824-48706010:48706093-48707466:-	SE	-0.27498057737673365	0.0699300699	False
ENSMUSG00000023994;SE:17:48702824-48706010:48706096-48707466:-	SE	-0.20497462521456364	0.0699300699	False
ENSMUSG00000023994;SE:17:48702824-48706013:48706093-48707466:-	SE	-0.20266839081387164	0.0699300699	False
ENSMUSG00000024002;A5:17:32441139-32443058:32441139-32443061:-	A5	0.03524763830861505	0.309024309	False
ENSMUSG00000024002;A5:17:32448709-32471971:32448709-32472015:-	A5	0.06161817340004416	0.309024309	False
ENSMUSG00000024002;A5:17:32448709-32502833:32448709-32503037:-	A5	0.004231362400757173	0.4280719281	False
ENSMUSG00000024002;AF:17:32448709-32502833:32503083:32448709-32503492:32503696:-	AF	0.00378038098505905	0.4280719281	False
ENSMUSG00000024002;AF:17:32448709-32503037:32503107:32448709-32503492:32503696:-	AF	0.061839974817040316	0.309024309	False
ENSMUSG00000024002;AF:17:32472174-32491204:32491339:32472174-32503037:32503071:-	AF	0.13874025811144594	0.309024309	False
ENSMUSG00000024002;AF:17:32472174-32491204:32491339:32472174-32503037:32503083:-	AF	0.0239057761568273	0.3538279902	False
ENSMUSG00000024002;AF:17:32472174-32491204:32491339:32472174-32503492:32503651:-	AF	0.3042559332073338	0.309024309	False
ENSMUSG00000024002;AF:17:32472174-32503037:32503071:32472174-32503492:32503651:-	AF	0.16821489378205512	0.309024309	False
ENSMUSG00000024002;AF:17:32472174-32503037:32503083:32472174-32503492:32503651:-	AF	0.0017496066244506725	0.4280719281	False
ENSMUSG00000024002;RI:17:32417005:32417248-32417331:32417536:-	RI	-0.030409019901004124	0.35004995	False
ENSMUSG00000024002;RI:17:32417870:32418032-32418132:32418244:-	RI	0.03530341256786651	0.309024309	False
ENSMUSG00000024002;SE:17:32443196-32443833:32443960-32444550:-	SE	-0.0017298486970003697	0.4280719281	False
ENSMUSG00000024002;SE:17:32448709-32471971:32472174-32503037:-	SE	0.11664561534776091	0.309024309	False
ENSMUSG00000024002;SE:17:32448709-32472015:32472174-32503037:-	SE	-0.04625640825356414	0.309024309	False
ENSMUSG00000024002;SE:17:32448709-32472015:32472174-32503492:-	SE	-0.0008721860570349571	0.4280719281	False
ENSMUSG00000024067;A5:17:74623111-74623215:74623111-74623340:-	A5	0.048793405742180856	0.4070929071	False
ENSMUSG00000024067;AF:17:74623111-74623215:74623403:74623111-74630756:74630939:-	AF	-0.0324890872879956	0.4070929071	False
ENSMUSG00000024067;AF:17:74623111-74623340:74623458:74623111-74630756:74630939:-	AF	-0.0024891705438889744	0.4070929071	False
ENSMUSG00000024067;SE:17:74606819-74614715:74614857-74622897:-	SE	-0.0052873975737594	0.4070929071	False
ENSMUSG00000024068;A3:17:74646440-74658945:74646440-74658948:+	A3	0.008328150697201275	0.3791208791	False
ENSMUSG00000024068;A3:17:74675956-74676120:74675956-74676187:+	A3	0.007096488862471249	0.3791208791	False
ENSMUSG00000024068;SE:17:74663164-74666249:74666344-74674243:+	SE	-0.004952534212229631	0.3791208791	False
ENSMUSG00000024068;SE:17:74676280-74678425:74678499-74679254:+	SE	-0.008002095275719268	0.3791208791	False
ENSMUSG00000024077;SE:17:78977323-78977784:78977870-78980005:-	SE	-0.012735553363398544	0.2587412587	False
ENSMUSG00000024096;AF:17:66174825-66174944:66175046:66174825-66191217:66191398:-	AF	0.008334683177809932	0.4510989011	False
ENSMUSG00000024096;AF:17:66174825-66174944:66175046:66174825-66191673:66191949:-	AF	0.00014926231024311662	0.457042957	False
ENSMUSG00000024096;AF:17:66174825-66174944:66175046:66174825-66192181:66192793:-	AF	0.0018983961681588164	0.4510989011	False
ENSMUSG00000024096;AF:17:66174825-66190855:66190935:66174825-66191217:66191398:-	AF	0.02133561889019607	0.4510989011	False
ENSMUSG00000024096;AF:17:66174825-66190855:66190935:66174825-66191673:66191949:-	AF	0.006475767333210451	0.4510989011	False
ENSMUSG00000024096;AF:17:66174825-66190855:66190935:66174825-66192181:66192793:-	AF	0.02393312893472443	0.4510989011	False
ENSMUSG00000024096;AF:17:66174825-66191217:66191398:66174825-66191673:66191949:-	AF	-0.004501747457742261	0.4510989011	False
ENSMUSG00000024096;AF:17:66174825-66191217:66191398:66174825-66192181:66192793:-	AF	0.10794510839831928	0.2893772894	False
ENSMUSG00000024096;AF:17:66174825-66191673:66191949:66174825-66192181:66192793:-	AF	0.1344506324982645	0.2893772894	False
ENSMUSG00000024096;SE:17:66161194-66164657:66164788-66165968:-	SE	0.08688748587312922	0.2893772894	False
ENSMUSG00000024096;SE:17:66164788-66165968:66166129-66168251:-	SE	-0.03797230316444755	0.4510989011	False
ENSMUSG00000024121;A5:17:24388260-24388468:24388260-24388577:-	A5	0.040271333308819206	0.4260739261	False
ENSMUSG00000024121;AF:17:24383856-24387689:24388040:24383856-24388180:24388435:-	AF	0.007625675521006082	0.4260739261	False
ENSMUSG00000024121;AF:17:24383856-24388180:24388435:24383856-24388577:24388676:-	AF	0.0	0.4260739261	False
ENSMUSG00000024121;SE:17:24383856-24388180:24388260-24388577:-	SE	0.0	0.4260739261	False
ENSMUSG00000024122;A3:17:24298116-24298466:24292724-24298466:-	A3	0.00039463733682915114	0.4185814186	False
ENSMUSG00000024122;AF:17:24330091-24339508:24339768:24330091-24360411:24360527:-	AF	0.020558850971360416	0.3776223776	False
ENSMUSG00000024122;AF:17:24330091-24339508:24339768:24330091-24360411:24360530:-	AF	0.02505677837171688	0.3776223776	False
ENSMUSG00000024122;AF:17:24330091-24339508:24339768:24330091-24360411:24360544:-	AF	0.07989449260700139	0.3525947736	False
ENSMUSG00000024122;AF:17:24330091-24339508:24339768:24330091-24360411:24360569:-	AF	0.027778616898424785	0.3776223776	False
ENSMUSG00000024122;AF:17:24330091-24339508:24339768:24330091-24369821:24369898:-	AF	0.0722443798823137	0.3525947736	False
ENSMUSG00000024122;AF:17:24330091-24359720:24359781:24330091-24360411:24360527:-	AF	-0.0704442099380446	0.3525947736	False
ENSMUSG00000024122;AF:17:24330091-24359720:24359781:24330091-24360411:24360530:-	AF	-0.4818474163033975	0.3525947736	False
ENSMUSG00000024122;AF:17:24330091-24359720:24359781:24330091-24360411:24360544:-	AF	-0.09619704155327535	0.3525947736	False
ENSMUSG00000024122;AF:17:24330091-24359720:24359781:24330091-24360411:24360569:-	AF	-0.0757496711847804	0.3525947736	False
ENSMUSG00000024122;AF:17:24330091-24359720:24359781:24330091-24369821:24369898:-	AF	-0.0789235883751306	0.3525947736	False
ENSMUSG00000024122;AF:17:24330091-24360001:24360102:24330091-24360411:24360527:-	AF	0.06039565261107333	0.3525947736	False
ENSMUSG00000024122;AF:17:24330091-24360001:24360102:24330091-24360411:24360530:-	AF	0.47632793641029875	0.3525947736	False
ENSMUSG00000024122;AF:17:24330091-24360001:24360102:24330091-24360411:24360544:-	AF	0.13309028223574107	0.3525947736	False
ENSMUSG00000024122;AF:17:24330091-24360001:24360102:24330091-24360411:24360569:-	AF	0.10219541289966803	0.3525947736	False
ENSMUSG00000024122;AF:17:24330091-24360001:24360102:24330091-24369821:24369898:-	AF	0.21681595988907118	0.3525947736	False
ENSMUSG00000024122;AF:17:24330091-24360411:24360527:24330091-24369821:24369890:-	AF	-0.0023282745903555613	0.416990417	False
ENSMUSG00000024122;AF:17:24330091-24360411:24360527:24330091-24369821:24369898:-	AF	0.1106211971927259	0.3525947736	False
ENSMUSG00000024122;AF:17:24330091-24360411:24360530:24330091-24369821:24369890:-	AF	-0.06023803356802626	0.3525947736	False
ENSMUSG00000024122;AF:17:24330091-24360411:24360530:24330091-24369821:24369898:-	AF	0.0967802569906634	0.3525947736	False
ENSMUSG00000024122;AF:17:24330091-24360411:24360544:24330091-24369821:24369890:-	AF	-0.009245714022412144	0.4011188811	False
ENSMUSG00000024122;AF:17:24330091-24360411:24360544:24330091-24369821:24369898:-	AF	0.03329527355217643	0.3776223776	False
ENSMUSG00000024122;AF:17:24330091-24360411:24360550:24330091-24369821:24369898:-	AF	-0.2404898553817745	0.3525947736	False
ENSMUSG00000024122;AF:17:24330091-24360411:24360569:24330091-24369821:24369890:-	AF	-0.003921193516858157	0.416990417	False
ENSMUSG00000024122;AF:17:24330091-24360411:24360569:24330091-24369821:24369898:-	AF	0.1414263893543093	0.3525947736	False
ENSMUSG00000024122;AL:17:24292657:24292724-24298466:24294786:24298116-24298466:-	AL	0.09630966722201839	0.3525947736	False
ENSMUSG00000024122;AL:17:24292657:24292724-24298466:24297902:24298116-24298466:-	AL	0.1106211971927259	0.3525947736	False
ENSMUSG00000024122;MX:17:24317143-24319785:24319882-24329822:24317143-24326203:24326245-24329822:-	MX	0.009245714022412201	0.4011188811	False
ENSMUSG00000024165;A5:17:25175140-25179466:25175140-25179542:-	A5	0.014112350975338209	0.3256743257	False
ENSMUSG00000024165;SE:17:25167754-25174992:25175140-25179542:-	SE	-0.13170110454932843	0.1038961039	False
ENSMUSG00000024182;SE:17:26362550-26392614:26392754-26401464:+	SE	0.06756670023735745	0.2382617383	False
ENSMUSG00000024182;SE:17:26409205-26411490:26411597-26412913:+	SE	-0.0341018700943842	0.2382617383	False
ENSMUSG00000024193;A3:17:27153342-27153406:27153342-27153428:+	A3	0.0	0.4490509491	False
ENSMUSG00000024193;A3:17:27153700-27154028:27153700-27154039:+	A3	0.03843486454186651	0.3101898102	False
ENSMUSG00000024193;A3:17:27155365-27155486:27155365-27155497:+	A3	-0.04158124237721639	0.3101898102	False
ENSMUSG00000024193;A3:17:27155839-27156028:27155839-27156031:+	A3	0.07780100720656147	0.3101898102	False
ENSMUSG00000024193;RI:17:27153168:27153342-27153406:27153509:+	RI	0.0	0.4490509491	False
ENSMUSG00000024193;RI:17:27153168:27153342-27153428:27153509:+	RI	0.039750352620887636	0.3101898102	False
ENSMUSG00000024193;RI:17:27154724:27154792-27154893:27155016:+	RI	0.0011401956856638	0.4490509491	False
ENSMUSG00000024193;RI:17:27155261:27155365-27155486:27155654:+	RI	-0.013161339739436503	0.4413086913	False
ENSMUSG00000024193;RI:17:27155261:27155365-27155497:27155654:+	RI	-0.15432077032916766	0.3101898102	False
ENSMUSG00000024222;AF:17:28634999-28637369:28637501:28634999-28704926:28705067:-	AF	0.003740046162712618	0.4505494505	False
ENSMUSG00000024222;AF:17:28660027-28660514:28660688:28660027-28704926:28705123:-	AF	-0.0006344859634606998	0.4505494505	False
ENSMUSG00000024222;AF:17:28660027-28660514:28660696:28660027-28704926:28705123:-	AF	0.0	0.4505494505	False
ENSMUSG00000024222;AF:17:28660027-28704926:28705123:28660027-28730059:28730331:-	AF	0.0	0.4505494505	False
ENSMUSG00000024222;SE:17:28629567-28631008:28631098-28634843:-	SE	1.1102230246251565e-16	0.4505494505	False
ENSMUSG00000024240;AF:18:6462991-6490463:6490856:6462991-6515865:6516108:-	AF	-0.03556204845526412	0.2332667333	False
ENSMUSG00000024260;A3:18:31786679-31799394:31786679-31799416:+	A3	-0.009559055506881742	0.3846153846	False
ENSMUSG00000024260;A3:18:31813724-31815060:31813724-31815063:+	A3	0.03444892397005811	0.3846153846	False
ENSMUSG00000024260;A5:18:31768606-31769035:31768184-31769035:+	A5	0.011491426423151652	0.3846153846	False
ENSMUSG00000024260;A5:18:31783672-31786555:31783668-31786555:+	A5	0.009559055506881567	0.3846153846	False
ENSMUSG00000024260;AF:18:31767424:31767542-31769035:31768138:31768184-31769035:+	AF	-0.035579445137294274	0.3846153846	False
ENSMUSG00000024260;AF:18:31767424:31767542-31769035:31768181:31768606-31769035:+	AF	-0.0069744528925789195	0.3846153846	False
ENSMUSG00000024260;AF:18:31767424:31767542-31769035:31768232:31768606-31769035:+	AF	-0.013018794908329911	0.3846153846	False
ENSMUSG00000024260;AF:18:31767432:31767542-31769035:31768138:31768184-31769035:+	AF	0.10880828098430625	0.3846153846	False
ENSMUSG00000024260;AF:18:31767432:31767542-31769035:31768181:31768606-31769035:+	AF	0.32209317690571554	0.3846153846	False
ENSMUSG00000024260;AF:18:31767432:31767542-31769035:31768232:31768606-31769035:+	AF	-0.03541125553923019	0.3846153846	False
ENSMUSG00000024260;AF:18:31767436:31767542-31769035:31768138:31768184-31769035:+	AF	-0.0375267604139049	0.3846153846	False
ENSMUSG00000024260;AF:18:31767436:31767542-31769035:31768181:31768606-31769035:+	AF	-0.0068521210377717745	0.3846153846	False
ENSMUSG00000024260;AF:18:31767436:31767542-31769035:31768232:31768606-31769035:+	AF	-0.01494634721521626	0.3846153846	False
ENSMUSG00000024260;AF:18:31768138:31768184-31769035:31768232:31768606-31769035:+	AF	-0.11733275848068236	0.3846153846	False
ENSMUSG00000024283;A3:18:7870027-7871531:7870027-7871549:+	A3	-0.04481025764612667	0.3226773227	False
ENSMUSG00000024283;A3:18:7910824-7916031:7910824-7916052:+	A3	-0.08106487070124822	0.3226773227	False
ENSMUSG00000024283;A3:18:7916297-7917553:7916297-7917562:+	A3	-0.09097633026295693	0.3226773227	False
ENSMUSG00000024283;A3:18:7916297-7917553:7916297-7917565:+	A3	-0.18713855851916483	0.3226773227	False
ENSMUSG00000024283;A3:18:7920250-7921422:7920250-7921425:+	A3	-0.10530854678431223	0.3226773227	False
ENSMUSG00000024283;A5:18:7869615-7869991:7869459-7869991:+	A5	0.08916086683344349	0.3226773227	False
ENSMUSG00000024283;A5:18:7869615-7869991:7869577-7869991:+	A5	-0.08115597977814815	0.3226773227	False
ENSMUSG00000024283;AF:18:7868832:7869091-7869991:7869196:7869459-7869991:+	AF	0.0	0.4130869131	False
ENSMUSG00000024283;AF:18:7868832:7869091-7869991:7869241:7869615-7869991:+	AF	0.0	0.4130869131	False
ENSMUSG00000024283;AF:18:7868832:7869091-7869991:7869493:7869615-7869991:+	AF	0.0	0.3226773227	False
ENSMUSG00000024283;AF:18:7868832:7869091-7869991:7869530:7869615-7869991:+	AF	0.0	0.4028159341	False
ENSMUSG00000024283;AF:18:7868845:7869091-7869991:7869196:7869459-7869991:+	AF	-0.10043968564748335	0.3226773227	False
ENSMUSG00000024283;AF:18:7868845:7869091-7869991:7869241:7869615-7869991:+	AF	-0.072136642121012	0.3226773227	False
ENSMUSG00000024283;AF:18:7868845:7869091-7869991:7869493:7869615-7869991:+	AF	-0.2778684038248962	0.3226773227	False
ENSMUSG00000024283;AF:18:7868845:7869091-7869991:7869530:7869615-7869991:+	AF	-0.13210517070340486	0.3226773227	False
ENSMUSG00000024283;AF:18:7868850:7869091-7869991:7869196:7869459-7869991:+	AF	-0.016509038930157094	0.3506171248	False
ENSMUSG00000024283;AF:18:7868850:7869091-7869991:7869197:7869615-7869991:+	AF	-0.01833908912983684	0.3506171248	False
ENSMUSG00000024283;AF:18:7868850:7869091-7869991:7869241:7869615-7869991:+	AF	-0.10727776129527467	0.3226773227	False
ENSMUSG00000024283;AF:18:7868850:7869091-7869991:7869493:7869615-7869991:+	AF	0.025039632137252354	0.3506171248	False
ENSMUSG00000024283;AF:18:7868850:7869091-7869991:7869501:7869577-7869991:+	AF	-0.11360098002543628	0.3226773227	False
ENSMUSG00000024283;AF:18:7868850:7869091-7869991:7869530:7869615-7869991:+	AF	-0.040419711215371135	0.3226773227	False
ENSMUSG00000024283;AF:18:7868850:7869091-7869991:7869716:7869889-7869991:+	AF	-0.08417147374140843	0.3226773227	False
ENSMUSG00000024283;AF:18:7869066:7869091-7869991:7869196:7869459-7869991:+	AF	-0.0583724226472602	0.3226773227	False
ENSMUSG00000024283;AF:18:7869066:7869091-7869991:7869241:7869615-7869991:+	AF	-0.04071561871949465	0.3226773227	False
ENSMUSG00000024283;AF:18:7869066:7869091-7869991:7869493:7869615-7869991:+	AF	-0.1983854045231989	0.3226773227	False
ENSMUSG00000024283;AF:18:7869066:7869091-7869991:7869530:7869615-7869991:+	AF	-0.0794112941396068	0.3226773227	False
ENSMUSG00000024283;AF:18:7869196:7869459-7869991:7869493:7869615-7869991:+	AF	0.053486272531117485	0.3226773227	False
ENSMUSG00000024283;AF:18:7869196:7869459-7869991:7869501:7869577-7869991:+	AF	-0.12482686329959247	0.3226773227	False
ENSMUSG00000024283;AF:18:7869196:7869459-7869991:7869530:7869615-7869991:+	AF	-0.020785764818616048	0.3506171248	False
ENSMUSG00000024283;AF:18:7869196:7869459-7869991:7869716:7869889-7869991:+	AF	-0.04812726690222524	0.3226773227	False
ENSMUSG00000024283;AF:18:7869241:7869615-7869991:7869716:7869889-7869991:+	AF	-0.05258114445734474	0.3226773227	False
ENSMUSG00000024283;AF:18:7869493:7869615-7869991:7869716:7869889-7869991:+	AF	-0.4484247936954898	0.3226773227	False
ENSMUSG00000024283;AF:18:7869530:7869615-7869991:7869716:7869889-7869991:+	AF	-0.13785529566995514	0.3226773227	False
ENSMUSG00000024283;SE:18:7906044-7910516:7910824-7916052:+	SE	0.02980719884909544	0.3226773227	False
ENSMUSG00000024290;A3:18:10116862-10119885:10116859-10119885:-	A3	-0.04230301474182785	0.2112887113	False
ENSMUSG00000024290;SE:18:10073185-10073657:10073700-10079115:-	SE	0.022795720928880048	0.2112887113	False
ENSMUSG00000024293;A5:18:10588550-10593746:10588550-10595676:-	A5	-0.016677584341004192	0.3811188811	False
ENSMUSG00000024293;SE:18:10577090-10577638:10577759-10582055:-	SE	0.04717590292738219	0.3811188811	False
ENSMUSG00000024293;SE:18:10586041-10588439:10588550-10595676:-	SE	-0.16365641570018008	0.3811188811	False
ENSMUSG00000024293;SE:18:10588550-10593746:10595875-10596339:-	SE	0.0	0.4465534466	False
ENSMUSG00000024293;SE:18:10588550-10595676:10595875-10596339:-	SE	0.0	0.3811188811	False
ENSMUSG00000024335;A3:17:34333452-34333864:34333151-34333864:-	A3	0.10396554821138593	0.3751702843	False
ENSMUSG00000024335;A3:17:34333477-34333864:34333452-34333864:-	A3	-0.012418483038625883	0.4020018443	False
ENSMUSG00000024335;A3:17:34333624-34333864:34333452-34333864:-	A3	0.0023564416734785983	0.4040959041	False
ENSMUSG00000024335;A3:17:34333624-34333864:34333477-34333864:-	A3	0.47242905946171165	0.3751702843	False
ENSMUSG00000024335;A5:17:34335309-34335572:34335309-34335882:-	A5	-0.004647292267071931	0.4020018443	False
ENSMUSG00000024335;A5:17:34338874-34339169:34338874-34339817:-	A5	-0.06724641320277192	0.4020018443	False
ENSMUSG00000024335;A5:17:34338874-34339169:34338874-34340457:-	A5	0.5119339952551876	0.3751702843	False
ENSMUSG00000024335;A5:17:34338874-34339169:34338874-34340835:-	A5	0.0	0.4020018443	False
ENSMUSG00000024335;A5:17:34338874-34341136:34338874-34341541:-	A5	0.0	0.4020018443	False
ENSMUSG00000024335;AF:17:34333151-34333324:34333684:34333151-34333864:34333951:-	AF	0.3296879134413232	0.3751702843	False
ENSMUSG00000024335;AF:17:34338874-34339169:34339385:34338874-34339817:34339885:-	AF	-0.0033494436343787237	0.4020018443	False
ENSMUSG00000024335;AF:17:34338874-34339169:34339385:34338874-34340457:34340721:-	AF	0.5048867175034943	0.2225274725	False
ENSMUSG00000024335;AF:17:34338874-34339169:34339385:34338874-34340835:34340924:-	AF	0.0	0.4020018443	False
ENSMUSG00000024335;AF:17:34338874-34339169:34339385:34338874-34341136:34341574:-	AF	-0.018830227813583233	0.4020018443	False
ENSMUSG00000024335;AF:17:34338874-34339169:34339385:34338874-34341541:34341593:-	AF	0.0	0.4020018443	False
ENSMUSG00000024335;AF:17:34338874-34339169:34340962:34338874-34341136:34341574:-	AF	-0.24468785967970644	0.3751702843	False
ENSMUSG00000024335;AF:17:34338874-34339169:34340962:34338874-34341541:34341593:-	AF	0.0	0.4020018443	False
ENSMUSG00000024335;AF:17:34338874-34339817:34339885:34338874-34340457:34340721:-	AF	0.011514650262846834	0.4020018443	False
ENSMUSG00000024335;AF:17:34338874-34339817:34339885:34338874-34341136:34341574:-	AF	0.032116321292527304	0.4020018443	False
ENSMUSG00000024335;AF:17:34338874-34340457:34340721:34338874-34340835:34340924:-	AF	0.0	0.4020018443	False
ENSMUSG00000024335;AF:17:34338874-34340457:34340721:34338874-34341136:34341574:-	AF	-0.5808335098173947	0.2225274725	False
ENSMUSG00000024335;AF:17:34338874-34340457:34340721:34338874-34341541:34341593:-	AF	0.0	0.4020018443	False
ENSMUSG00000024335;AF:17:34338874-34340835:34340924:34338874-34341136:34341574:-	AF	0.0	0.4020018443	False
ENSMUSG00000024335;RI:17:34332906:34333151-34333324:34333452:-	RI	-0.0633509695144549	0.3751702843	False
ENSMUSG00000024335;SE:17:34333151-34333324:34333452-34333864:-	SE	0.05460744445756416	0.3751702843	False
ENSMUSG00000024335;SE:17:34333151-34333324:34333624-34333864:-	SE	0.5	0.3751702843	False
ENSMUSG00000024335;SE:17:34335309-34335572:34335663-34335882:-	SE	0.06117957495201887	0.3751702843	False
ENSMUSG00000024387;A3:17:35335505-35336672:35335401-35336672:-	A3	-0.013599797513139833	0.4008491508	False
ENSMUSG00000024387;A3:17:35336898-35336972:35336861-35336972:-	A3	0.008622889044657519	0.4008491508	False
ENSMUSG00000024387;A3:17:35339772-35340287:35339503-35340287:-	A3	-0.3791755943368508	0.3626373626	False
ENSMUSG00000024387;AF:17:35339503-35339984:35340006:35339503-35340098:35340149:-	AF	-0.7083835160913579	0.1098901099	False
ENSMUSG00000024387;AF:17:35339503-35339984:35340006:35339503-35340098:35340262:-	AF	-0.03288413657539235	0.3626373626	False
ENSMUSG00000024387;AF:17:35339503-35339984:35340006:35339503-35340287:35340405:-	AF	-0.5905833752475773	0.1098901099	False
ENSMUSG00000024387;AF:17:35339503-35340098:35340149:35339503-35340287:35340405:-	AF	-0.04205569340461235	0.4008491508	False
ENSMUSG00000024387;AF:17:35339503-35340098:35340149:35339503-35340770:35341029:-	AF	0.24659451480285843	0.3626373626	False
ENSMUSG00000024387;AF:17:35339503-35340098:35340262:35339503-35340287:35340405:-	AF	-0.0011810634412452448	0.4285714286	False
ENSMUSG00000024387;AF:17:35339503-35340098:35340262:35339503-35340770:35341029:-	AF	-0.001537607450103895	0.4285714286	False
ENSMUSG00000024400;A3:18:31968534-31974489:31968534-31974493:+	A3	0.014674835940389168	0.3241758242	False
ENSMUSG00000024404;A3:18:12282045-12282576:12282045-12282683:+	A3	-0.003788936578491775	0.3911088911	False
ENSMUSG00000024404;A5:18:12276251-12281848:12276120-12281848:+	A5	-0.049750143331896396	0.3911088911	False
ENSMUSG00000024404;A5:18:12282045-12282576:12281902-12282576:+	A5	0.012956898694671537	0.3911088911	False
ENSMUSG00000024404;AL:18:12270406-12270902:12271513:12270406-12272374:12272402:+	AL	-0.05875950121040496	0.3911088911	False
ENSMUSG00000024404;RI:18:12268909:12269024-12269750:12269895:+	RI	-0.0055465062607386335	0.3911088911	False
ENSMUSG00000024404;SE:18:12272517-12275993:12276120-12281848:+	SE	0.05620471141254052	0.3911088911	False
ENSMUSG00000024404;SE:18:12272517-12275993:12276251-12281848:+	SE	-0.006576345361122338	0.3911088911	False
ENSMUSG00000024404;SE:18:12286117-12286970:12287077-12288277:+	SE	0.014494089236574026	0.3911088911	False
ENSMUSG00000024406;A5:17:35819769-35820000:35819730-35820000:+	A5	0.0	0.4490509491	False
ENSMUSG00000024406;A5:17:35819793-35820000:35819730-35820000:+	A5	0.051324302663612285	0.4490509491	False
ENSMUSG00000024406;AF:17:35816915:35817380-35820000:35818379:35818966-35820000:+	AF	0.0021470831210440577	0.4490509491	False
ENSMUSG00000024406;AF:17:35816915:35817380-35820000:35819702:35819730-35820000:+	AF	0.033788802920862504	0.4490509491	False
ENSMUSG00000024406;AF:17:35816915:35817380-35820000:35819704:35819793-35820000:+	AF	-0.029555489092926046	0.4490509491	False
ENSMUSG00000024406;AF:17:35816915:35817380-35820000:35819714:35819769-35820000:+	AF	0.0	0.4490509491	False
ENSMUSG00000024406;AF:17:35818379:35818966-35820000:35819702:35819730-35820000:+	AF	-0.0033143732014042837	0.4490509491	False
ENSMUSG00000024491;SE:18:42438879-42447036:42447200-42450666:+	SE	-0.020949814274299094	0.2632367632	False
ENSMUSG00000024491;SE:18:42453982-42454977:42455273-42457120:+	SE	0.04473919330785148	0.2632367632	False
ENSMUSG00000024498;A3:18:42657417-42663695:42657417-42663713:+	A3	-0.000885103009926367	0.4225774226	False
ENSMUSG00000024498;A5:18:42685773-42686473:42685692-42686473:+	A5	0.040554096296987	0.3041958042	False
ENSMUSG00000024498;SE:18:42663955-42668150:42668212-42669243:+	SE	-0.1911511646674463	0.1498501499	False
ENSMUSG00000024498;SE:18:42681622-42682903:42682959-42683107:+	SE	-0.003763587251133571	0.4225774226	False
ENSMUSG00000024498;SE:18:42683173-42684175:42684225-42685557:+	SE	0.0774787598608876	0.2317682318	False
ENSMUSG00000024498;SE:18:42706425-42707225:42707318-42707583:+	SE	-0.1537116767601523	0.1498501499	False
ENSMUSG00000024539;A3:18:67808956-67810780:67808899-67810780:-	A3	-0.006274915569342121	0.3661338661	False
ENSMUSG00000024576;A5:18:61713558-61715107:61713522-61715107:+	A5	0.06333520445232797	0.1098901099	False
ENSMUSG00000024576;A5:18:61713558-61720497:61713522-61720497:+	A5	0.14898507915668469	0.1098901099	False
ENSMUSG00000024576;AL:18:61713522-61715107:61715187:61713522-61720497:61720602:+	AL	0.10163159155187251	0.1098901099	False
ENSMUSG00000024576;AL:18:61713522-61715107:61715187:61713522-61720497:61723132:+	AL	0.066384435809832	0.1098901099	False
ENSMUSG00000024576;AL:18:61713558-61715107:61715189:61713558-61720497:61721375:+	AL	0.1275523999897492	0.1098901099	False
ENSMUSG00000024576;SE:18:61702633-61704945:61705028-61708481:+	SE	-0.06059196249131037	0.1098901099	False
ENSMUSG00000024660;A3:19:9872835-9876703:9872831-9876703:-	A3	0.007342214150772963	0.4125874126	False
ENSMUSG00000024660;RI:19:9855041:9855160-9855492:9855612:-	RI	0.010311090206199146	0.4125874126	False
ENSMUSG00000024660;SE:19:9855792-9860556:9860567-9861063:-	SE	-0.3204611942460024	0.015984016	True
ENSMUSG00000024660;SE:19:9872835-9872939:9873005-9876703:-	SE	-0.0012337389576497007	0.4125874126	False
ENSMUSG00000024661;A3:19:9960347-9961545:9960347-9961617:+	A3	0.0	0.4595404595	False
ENSMUSG00000024661;AF:19:9960010:9960347-9961545:9960479:9960538-9961545:+	AF	0.00030702612700506116	0.4595404595	False
ENSMUSG00000024661;RI:19:9961545:9961691-9961924:9962049:+	RI	-0.005787998759294767	0.4595404595	False
ENSMUSG00000024740;SE:19:10585836-10587156:10587191-10588066:+	SE	0.006430871207139744	0.3596403596	False
ENSMUSG00000024740;SE:19:10592332-10592852:10592954-10596413:+	SE	-0.020577221945013657	0.3596403596	False
ENSMUSG00000024750;AF:19:21249642:21250106-21253790:21250610:21250706-21253790:+	AF	0.13978976555830977	0.0899100899	False
ENSMUSG00000024750;AF:19:21250051:21250106-21253790:21250610:21250706-21253790:+	AF	0.14426888031764856	0.0899100899	False
ENSMUSG00000024750;SE:19:21254453-21255019:21255122-21256989:+	SE	-0.029085041643390985	0.2252747253	False
ENSMUSG00000024789;AF:19:29229228:29229518-29239583:29229841:29229919-29239583:+	AF	0.0	0.4455544456	False
ENSMUSG00000024789;AF:19:29229239:29229518-29239583:29229841:29229919-29239583:+	AF	-0.012780762262582256	0.4338161838	False
ENSMUSG00000024789;SE:19:29229518-29229837:29229919-29239583:+	SE	0.047782814642958304	0.4338161838	False
ENSMUSG00000024853;A3:19:5338441-5341333:5338438-5341333:-	A3	0.006584325221717813	0.3831168831	False
ENSMUSG00000024908;A3:19:3523866-3528278:3523815-3528278:-	A3	0.02516321854364445	0.3203046953	False
ENSMUSG00000024908;A3:19:3523866-3534831:3523815-3534831:-	A3	0.05038066135228303	0.3203046953	False
ENSMUSG00000024908;A3:19:3576934-3594108:3576929-3594108:-	A3	-0.005630304924441831	0.3796203796	False
ENSMUSG00000024908;SE:19:3509480-3509747:3509764-3514545:-	SE	-0.05177891321974215	0.3203046953	False
ENSMUSG00000024908;SE:19:3523815-3528278:3528364-3534831:-	SE	0.10408065466147065	0.3203046953	False
ENSMUSG00000024908;SE:19:3523866-3528278:3528364-3534831:-	SE	0.1395053528616319	0.3203046953	False
ENSMUSG00000024908;SE:19:3576934-3577571:3577675-3594108:-	SE	0.14650848825001617	0.3203046953	False
ENSMUSG00000024908;SE:19:3576934-3594108:3594255-3625641:-	SE	-0.03853840631597616	0.3203046953	False
ENSMUSG00000024921;A5:19:26659513-26661209:26659339-26661209:+	A5	0.08380247677334984	0.4465534466	False
ENSMUSG00000024921;A5:19:26725937-26729224:26725903-26729224:+	A5	-0.03190174707532285	0.4465534466	False
ENSMUSG00000024921;A5:19:26725944-26729224:26725903-26729224:+	A5	0.08143121390451662	0.4465534466	False
ENSMUSG00000024921;AF:19:26582450:26582633-26597084:26584670:26584943-26597084:+	AF	0.061964352816825885	0.4465534466	False
ENSMUSG00000024921;AF:19:26582452:26582633-26597084:26584670:26584943-26597084:+	AF	0.6073150941411422	0.4465534466	False
ENSMUSG00000024921;AF:19:26582519:26582633-26597084:26584670:26584943-26597084:+	AF	0.21794603209741892	0.4465534466	False
ENSMUSG00000024921;AF:19:26683571:26683631-26693515:26687948:26688085-26693515:+	AF	-0.3797976163125988	0.4465534466	False
ENSMUSG00000024921;AF:19:26687948:26688085-26693515:26693284:26693388-26693515:+	AF	0.0	0.4465534466	False
ENSMUSG00000024921;AF:19:26699348:26699622-26729224:26722609:26722709-26729224:+	AF	-0.0025286799812326	0.4465534466	False
ENSMUSG00000024921;AF:19:26699348:26699622-26729224:26725827:26725903-26729224:+	AF	-0.00415281321342465	0.4465534466	False
ENSMUSG00000024921;AF:19:26707399:26707550-26729224:26722609:26722709-26729224:+	AF	-0.00209151584468185	0.4465534466	False
ENSMUSG00000024921;AF:19:26707399:26707550-26729224:26725827:26725903-26729224:+	AF	-0.00343680491739225	0.4465534466	False
ENSMUSG00000024921;AF:19:26722609:26722709-26729224:26725000:26725205-26729224:+	AF	0.0	0.4465534466	False
ENSMUSG00000024921;AF:19:26722609:26722709-26729224:26725003:26725205-26729224:+	AF	-8.156375574941421e-11	0.4465534466	False
ENSMUSG00000024921;AF:19:26722609:26722709-26729224:26725651:26725698-26729224:+	AF	0.09339865524282165	0.4465534466	False
ENSMUSG00000024921;AF:19:26722609:26722709-26729224:26725808:26725944-26729224:+	AF	-0.004787794168733428	0.4465534466	False
ENSMUSG00000024921;AF:19:26722609:26722709-26729224:26725827:26725903-26729224:+	AF	-0.057731266831524075	0.4465534466	False
ENSMUSG00000024921;AF:19:26722609:26722709-26729224:26725843:26725937-26729224:+	AF	0.019859884486316925	0.4465534466	False
ENSMUSG00000024921;AF:19:26722609:26722709-26729224:26725914:26726352-26729224:+	AF	0.001636087676305631	0.4465534466	False
ENSMUSG00000024921;AF:19:26722609:26722709-26729224:26727111:26727347-26729224:+	AF	0.003311025993470995	0.4465534466	False
ENSMUSG00000024921;AF:19:26722609:26722709-26729224:26727222:26727342-26729224:+	AF	0.0	0.4465534466	False
ENSMUSG00000024921;AF:19:26722609:26722709-26729224:26727718:26728108-26729224:+	AF	-0.002501990577825075	0.4465534466	False
ENSMUSG00000024921;AF:19:26722609:26722709-26729224:26728339:26728556-26729224:+	AF	0.0023023797983704464	0.4465534466	False
ENSMUSG00000024921;AF:19:26725000:26725205-26729224:26725827:26725903-26729224:+	AF	0.0	0.4465534466	False
ENSMUSG00000024921;AF:19:26725003:26725205-26729224:26725827:26725903-26729224:+	AF	7.573162198294219e-10	0.4465534466	False
ENSMUSG00000024921;AF:19:26725651:26725698-26729224:26725827:26725903-26729224:+	AF	-0.0905187431421286	0.4465534466	False
ENSMUSG00000024921;AF:19:26725827:26725903-26729224:26725914:26726352-26729224:+	AF	0.0053219089859742885	0.4465534466	False
ENSMUSG00000024921;AF:19:26725827:26725903-26729224:26727111:26727347-26729224:+	AF	0.007476513782514349	0.4465534466	False
ENSMUSG00000024921;AF:19:26725827:26725903-26729224:26727222:26727342-26729224:+	AF	0.0	0.4465534466	False
ENSMUSG00000024921;AF:19:26725827:26725903-26729224:26727718:26728108-26729224:+	AF	-0.014565780967878306	0.4465534466	False
ENSMUSG00000024921;AF:19:26725827:26725903-26729224:26728339:26728556-26729224:+	AF	0.005346936216676812	0.4465534466	False
ENSMUSG00000024921;AF:19:26731000:26731166-26748338:26747891:26748044-26748338:+	AF	0.27050722080299705	0.4465534466	False
ENSMUSG00000024921;MX:19:26729441-26737278:26737331-26748908:26729441-26748338:26748443-26748908:+	MX	-0.009317981104853882	0.4465534466	False
ENSMUSG00000024921;SE:19:26582633-26597084:26597344-26601281:+	SE	0.0	0.4465534466	False
ENSMUSG00000024921;SE:19:26656584-26659271:26659339-26661209:+	SE	0.0	0.4465534466	False
ENSMUSG00000024921;SE:19:26656584-26659271:26659513-26661209:+	SE	0.0	0.4465534466	False
ENSMUSG00000024921;SE:19:26683631-26687858:26688085-26693515:+	SE	0.12741130292430047	0.4465534466	False
ENSMUSG00000024921;SE:19:26725903-26727252:26727347-26729224:+	SE	0.044144343542603194	0.4465534466	False
ENSMUSG00000024921;SE:19:26729441-26737278:26737331-26748338:+	SE	-0.02566502270844792	0.4465534466	False
ENSMUSG00000024921;SE:19:26729441-26737278:26737331-26748908:+	SE	-0.20465533145948367	0.4465534466	False
ENSMUSG00000024921;SE:19:26729441-26748338:26748443-26748908:+	SE	0.003662460660878719	0.4465534466	False
ENSMUSG00000024921;SE:19:26737331-26737585:26737631-26748338:+	SE	-0.10160094903766675	0.4465534466	False
ENSMUSG00000024921;SE:19:26737331-26748338:26748443-26748908:+	SE	0.04755746116287318	0.4465534466	False
ENSMUSG00000024921;SE:19:26751705-26753252:26753353-26753501:+	SE	0.0023798639939310333	0.4465534466	False
ENSMUSG00000024949;A3:19:6424313-6424555:6424313-6424579:+	A3	0.0	0.4395604396	False
ENSMUSG00000024949;A3:19:6424313-6424579:6424313-6424584:+	A3	0.09769684279424062	0.2197802198	False
ENSMUSG00000024949;A3:19:6424638-6424749:6424638-6424850:+	A3	0.0	0.4395604396	False
ENSMUSG00000024949;A3:19:6424928-6425688:6424928-6426326:+	A3	-0.2964406414936772	0.1378621379	False
ENSMUSG00000024949;A5:19:6415985-6418394:6415822-6418394:+	A5	0.002658664328677799	0.4395604396	False
ENSMUSG00000024949;A5:19:6424317-6424579:6424313-6424579:+	A5	-0.16731245703194955	0.1378621379	False
ENSMUSG00000024949;AF:19:6413720:6414148-6415694:6414224:6414400-6415694:+	AF	0.16186156620296333	0.2517482517	False
ENSMUSG00000024949;AF:19:6413720:6414148-6415694:6414587:6414736-6415694:+	AF	0.2244330103252012	0.1378621379	False
ENSMUSG00000024949;AF:19:6413749:6414148-6415694:6414224:6414400-6415694:+	AF	0.44295258102482254	0.1378621379	False
ENSMUSG00000024949;AF:19:6413749:6414148-6415694:6414587:6414736-6415694:+	AF	0.250434919585831	0.1378621379	False
ENSMUSG00000024949;AF:19:6413840:6414148-6415694:6414224:6414400-6415694:+	AF	0.0153154953825404	0.3984586842	False
ENSMUSG00000024949;AF:19:6413840:6414148-6415694:6414587:6414736-6415694:+	AF	0.22976626075171835	0.1378621379	False
ENSMUSG00000024949;AF:19:6413952:6414148-6415694:6414224:6414400-6415694:+	AF	-0.03706963002105612	0.358041958	False
ENSMUSG00000024949;AF:19:6413952:6414148-6415694:6414587:6414736-6415694:+	AF	0.15275006995298201	0.1378621379	False
ENSMUSG00000024949;AF:19:6413993:6414148-6415694:6414224:6414400-6415694:+	AF	-0.009608448769968261	0.3984586842	False
ENSMUSG00000024949;AF:19:6413993:6414148-6415694:6414587:6414736-6415694:+	AF	0.016728208073397415	0.3984586842	False
ENSMUSG00000024949;AF:19:6414224:6414400-6415694:6414587:6414736-6415694:+	AF	0.14877488848965995	0.1726273726	False
ENSMUSG00000024949;AL:19:6424928-6425688:6425810:6424928-6426326:6427226:+	AL	-0.15485635920033441	0.2543171115	False
ENSMUSG00000024949;SE:19:6415822-6418394:6418469-6421297:+	SE	0.11353801992544155	0.1651681652	False
ENSMUSG00000024949;SE:19:6424928-6425688:6425892-6426326:+	SE	-0.10837168007026476	0.2197802198	False
ENSMUSG00000024969;A3:19:7260188-7260398:7260183-7260398:-	A3	0.038191294712445534	0.4027972028	False
ENSMUSG00000024969;A5:19:7268147-7318533:7268147-7318956:-	A5	0.0	0.4415584416	False
ENSMUSG00000024969;A5:19:7268147-7318533:7268147-7319132:-	A5	0.09279104127293492	0.4027972028	False
ENSMUSG00000024969;A5:19:7268147-7318956:7268147-7319132:-	A5	0.0	0.4415584416	False
ENSMUSG00000024969;AF:19:7268147-7272403:7272812:7268147-7318533:7318557:-	AF	-0.008961933628709562	0.4335664336	False
ENSMUSG00000024969;AF:19:7268147-7272403:7272812:7268147-7318533:7318586:-	AF	-0.011651039519602113	0.4335664336	False
ENSMUSG00000024969;AF:19:7268147-7272403:7272812:7268147-7318533:7318798:-	AF	-0.05778179825369978	0.4027972028	False
ENSMUSG00000024969;AF:19:7268147-7272403:7272812:7268147-7318533:7319164:-	AF	0.0	0.4415584416	False
ENSMUSG00000024969;AF:19:7268147-7272403:7272812:7268147-7318533:7319169:-	AF	0.0	0.4415584416	False
ENSMUSG00000024969;AF:19:7268147-7272403:7272812:7268147-7318533:7319184:-	AF	-0.03577538639358824	0.4027972028	False
ENSMUSG00000024969;AF:19:7268147-7272403:7272812:7268147-7318956:7319177:-	AF	0.0	0.4415584416	False
ENSMUSG00000024969;AF:19:7268147-7272403:7272812:7268147-7319132:7319225:-	AF	0.021353496159957963	0.4335664336	False
ENSMUSG00000024969;AF:19:7268147-7318533:7318557:7268147-7318956:7319177:-	AF	0.0	0.4335664336	False
ENSMUSG00000024969;AF:19:7268147-7318533:7318557:7268147-7319132:7319225:-	AF	0.1626262343131464	0.4027972028	False
ENSMUSG00000024969;AF:19:7268147-7318533:7318586:7268147-7319132:7319225:-	AF	0.15677091773717672	0.4027972028	False
ENSMUSG00000024969;AF:19:7268147-7318533:7318798:7268147-7319132:7319225:-	AF	0.37454513663637684	0.4027972028	False
ENSMUSG00000024969;AL:19:7254455:7254815-7258363:7256525:7256643-7258363:-	AL	0.6229905111937815	0.4027972028	False
ENSMUSG00000024969;MX:19:7254815-7255407:7255451-7258363:7254815-7257351:7257377-7258363:-	MX	-0.004304366347564259	0.4415584416	False
ENSMUSG00000024969;SE:19:7254815-7255407:7255451-7257351:-	SE	-0.015629775857293637	0.4335664336	False
ENSMUSG00000024969;SE:19:7254815-7255407:7255451-7258363:-	SE	-0.010728279527483342	0.4335664336	False
ENSMUSG00000024969;SE:19:7255451-7256476:7256643-7257351:-	SE	-0.04687088331487854	0.4027972028	False
ENSMUSG00000024969;SE:19:7255451-7257351:7257377-7258363:-	SE	0.028139465063951707	0.4141313232	False
ENSMUSG00000024969;SE:19:7256643-7257351:7257377-7258363:-	SE	0.08990818923175314	0.4027972028	False
ENSMUSG00000024969;SE:19:7258620-7259163:7259324-7260091:-	SE	-0.013453690836379595	0.4335664336	False
ENSMUSG00000025006;A3:19:40340892-40340962:40340850-40340962:-	A3	0.0	0.4525474525	False
ENSMUSG00000025006;A3:19:40365460-40370965:40365247-40370965:-	A3	0.19812427595444215	0.4525474525	False
ENSMUSG00000025006;A5:19:40362061-40365089:40362061-40365428:-	A5	0.06536270653786247	0.4525474525	False
ENSMUSG00000025006;A5:19:40439842-40501815:40439842-40502115:-	A5	-0.0010134056531821332	0.4525474525	False
ENSMUSG00000025006;AF:19:40390754-40439758:40439831:40390754-40502115:40502117:-	AF	0.008086629751838466	0.4525474525	False
ENSMUSG00000025006;AF:19:40439842-40475941:40475999:40439842-40502115:40502148:-	AF	0.0	0.4525474525	False
ENSMUSG00000025006;AF:19:40439842-40475941:40475999:40439842-40502115:40502184:-	AF	0.0	0.4525474525	False
ENSMUSG00000025006;AF:19:40439842-40475941:40475999:40439842-40502115:40502195:-	AF	0.0	0.4525474525	False
ENSMUSG00000025006;AF:19:40439842-40475941:40476190:40439842-40502115:40502148:-	AF	-0.0803411577062803	0.4525474525	False
ENSMUSG00000025006;AF:19:40439842-40475941:40476190:40439842-40502115:40502184:-	AF	-0.01931173748149875	0.4525474525	False
ENSMUSG00000025006;AF:19:40439842-40475941:40476190:40439842-40502115:40502195:-	AF	-0.01668372275543385	0.4525474525	False
ENSMUSG00000025006;MX:19:40325479-40328489:40328590-40332800:40325479-40329129:40329194-40332800:-	MX	-0.08839463952095672	0.4525474525	False
ENSMUSG00000025006;MX:19:40362061-40365089:40365460-40370965:40362061-40366098:40366823-40370965:-	MX	0.05437370427816979	0.4525474525	False
ENSMUSG00000025006;MX:19:40362061-40365428:40365460-40370965:40362061-40366098:40366823-40370965:-	MX	-0.007905899811238903	0.4525474525	False
ENSMUSG00000025006;MX:19:40387054-40390702:40390754-40502115:40387054-40439758:40439842-40502115:-	MX	-0.002808802143620337	0.4525474525	False
ENSMUSG00000025006;RI:19:40365089:40365247-40365428:40365460:-	RI	0.09101400990990571	0.4525474525	False
ENSMUSG00000025006;SE:19:40287965-40288687:40288746-40300113:-	SE	0.004200858355241088	0.4525474525	False
ENSMUSG00000025006;SE:19:40287965-40298025:40298777-40300113:-	SE	0.0	0.4525474525	False
ENSMUSG00000025006;SE:19:40306512-40310237:40310404-40313191:-	SE	0.029106567554418455	0.4525474525	False
ENSMUSG00000025006;SE:19:40313276-40313915:40315381-40315894:-	SE	0.0005949121981065203	0.4525474525	False
ENSMUSG00000025006;SE:19:40328590-40329129:40329194-40332800:-	SE	-0.0046429970534122775	0.4525474525	False
ENSMUSG00000025006;SE:19:40341009-40349873:40349947-40351646:-	SE	0.0011725251039166667	0.4525474525	False
ENSMUSG00000025006;SE:19:40353610-40358134:40358163-40361920:-	SE	-0.03795664457226977	0.4525474525	False
ENSMUSG00000025006;SE:19:40362061-40365089:40365247-40365428:-	SE	-0.03570506162952736	0.4525474525	False
ENSMUSG00000025006;SE:19:40362061-40365089:40365460-40370965:-	SE	0.007715155156538367	0.4525474525	False
ENSMUSG00000025006;SE:19:40362061-40365428:40365460-40370965:-	SE	-0.016647248169784648	0.4525474525	False
ENSMUSG00000025006;SE:19:40362061-40366098:40366823-40370965:-	SE	-0.016276310838420183	0.4525474525	False
ENSMUSG00000025006;SE:19:40371077-40371200:40371226-40381832:-	SE	0.0008317687243293362	0.4525474525	False
ENSMUSG00000025006;SE:19:40381960-40384123:40384212-40386986:-	SE	-0.007136921859253982	0.4525474525	False
ENSMUSG00000025006;SE:19:40387054-40390702:40390754-40439758:-	SE	-0.00232487132483572	0.4525474525	False
ENSMUSG00000025006;SE:19:40390754-40439758:40439842-40502115:-	SE	0.035579878485005545	0.4525474525	False
ENSMUSG00000025006;SE:19:40439842-40489893:40490029-40502115:-	SE	0.045777965467370264	0.4525474525	False
ENSMUSG00000025019;AF:19:41471076:41471222-41471966:41471468:41471737-41471966:+	AF	0.049316256671647296	0.2667332667	False
ENSMUSG00000025019;AL:19:41544140-41546750:41547607:41544140-41570217:41574975:+	AL	0.03721597153476952	0.2667332667	False
ENSMUSG00000025019;AL:19:41544140-41546750:41548220:41544140-41570217:41574975:+	AL	0.20377556323530502	0.2667332667	False
ENSMUSG00000025019;AL:19:41544140-41546750:41550700:41544140-41570217:41574975:+	AL	0.03482874188694496	0.2667332667	False
ENSMUSG00000025035;SE:19:46519825-46529882:46529949-46530791:-	SE	0.016176440457972736	0.3011988012	False
ENSMUSG00000025035;SE:19:46519825-46529882:46529968-46530791:-	SE	0.03246471034395205	0.3011988012	False
ENSMUSG00000025040;AF:X:17437698-17438108:17438246:17437698-17438392:17438492:-	AF	0.006213760465926144	0.3916083916	False
ENSMUSG00000025040;AF:X:17437698-17438108:17438246:17437698-17438392:17438564:-	AF	0.01943589448175287	0.3916083916	False
ENSMUSG00000025040;SE:X:17424250-17424920:17425048-17434272:-	SE	0.00432519305114798	0.3916083916	False
ENSMUSG00000025224;A3:19:46256555-46256830:46256555-46256859:+	A3	-0.008429075081080484	0.4085914086	False
ENSMUSG00000025224;A5:19:46269182-46271474:46269170-46271474:+	A5	-0.10659610003610626	0.4085914086	False
ENSMUSG00000025224;SE:19:46141231-46151959:46152064-46159096:+	SE	0.0	0.4085914086	False
ENSMUSG00000025224;SE:19:46244146-46244847:46244921-46247543:+	SE	-0.03015793898875667	0.4085914086	False
ENSMUSG00000025224;SE:19:46258420-46258697:46258790-46259113:+	SE	0.0	0.4085914086	False
ENSMUSG00000025224;SE:19:46269170-46271474:46271624-46271759:+	SE	0.019188222394107002	0.4085914086	False
ENSMUSG00000025234;A5:9:59361752-59393262:59361752-59393499:-	A5	0.035780062861462514	0.3456543457	False
ENSMUSG00000025234;AF:9:59361752-59393262:59393339:59361752-59393499:59393630:-	AF	0.02014992194840307	0.3969363969	False
ENSMUSG00000025234;AF:9:59361752-59393262:59393366:59361752-59393499:59393630:-	AF	0.0	0.4245754246	False
ENSMUSG00000025234;SE:9:59303894-59310651:59310708-59313008:-	SE	-0.047307528816505795	0.3456543457	False
ENSMUSG00000025261;A3:X:150586798-150589268:150586798-150589272:+	A3	-0.3753768309009399	0.4138588684	False
ENSMUSG00000025261;A3:X:150673902-150674013:150673902-150674063:+	A3	0.007764336509125447	0.4185045724	False
ENSMUSG00000025261;A3:X:150680249-150681440:150680249-150681443:+	A3	-0.023054741808865797	0.4138588684	False
ENSMUSG00000025261;A5:X:150665725-150666075:150665611-150666075:+	A5	-0.031803185828296554	0.4138588684	False
ENSMUSG00000025261;AF:X:150584310:150584362-150589716:150586239:150586565-150589716:+	AF	0.0	0.4138588684	False
ENSMUSG00000025261;AF:X:150584310:150584362-150589716:150586323:150586565-150589716:+	AF	0.0	0.4245754246	False
ENSMUSG00000025261;AF:X:150586343:150586565-150589268:150586658:150586798-150589268:+	AF	0.0987766614628981	0.4138588684	False
ENSMUSG00000025261;SE:X:150586565-150586752:150586798-150587442:+	SE	-0.5326390691654185	0.4138588684	False
ENSMUSG00000025261;SE:X:150586565-150587442:150587536-150589268:+	SE	0.0071679941802133	0.4138588684	False
ENSMUSG00000025261;SE:X:150586565-150589268:150589403-150589716:+	SE	-0.004142748505528121	0.4185045724	False
ENSMUSG00000025261;SE:X:150586798-150587442:150587536-150589268:+	SE	-0.02734814901412591	0.4138588684	False
ENSMUSG00000025261;SE:X:150618288-150619218:150619325-150623052:+	SE	0.097503951930839	0.4138588684	False
ENSMUSG00000025261;SE:X:150640909-150642451:150642684-150643163:+	SE	0.04854167197828288	0.4138588684	False
ENSMUSG00000025290;A3:14:24543561-24543685:24543561-24544120:+	A3	0.034621195797677765	0.3251454428	False
ENSMUSG00000025290;A5:14:24541529-24541818:24541092-24541818:+	A5	-0.42745346061326017	0.1794871795	False
ENSMUSG00000025290;A5:14:24541529-24541818:24541258-24541818:+	A5	-0.15094610719218488	0.3251454428	False
ENSMUSG00000025290;AF:14:24537193:24537266-24541818:24540749:24540826-24541818:+	AF	-0.03262531503958287	0.3251454428	False
ENSMUSG00000025290;AF:14:24537193:24537266-24541818:24540786:24540826-24541818:+	AF	-0.020100131863388868	0.3379120879	False
ENSMUSG00000025290;AF:14:24537193:24537266-24541818:24540798:24540826-24541818:+	AF	-0.0027035914427320333	0.4010989011	False
ENSMUSG00000025290;AF:14:24540749:24540826-24541818:24540835:24541092-24541818:+	AF	-0.16950526918976028	0.1794871795	False
ENSMUSG00000025290;AF:14:24540749:24540826-24541818:24540853:24541529-24541818:+	AF	0.06079134186001944	0.3251454428	False
ENSMUSG00000025290;AF:14:24540749:24540826-24541818:24540927:24541258-24541818:+	AF	-0.021261960702904203	0.3379120879	False
ENSMUSG00000025290;AF:14:24540786:24540826-24541818:24540835:24541092-24541818:+	AF	-0.5713649349054009	0.0146520147	True
ENSMUSG00000025290;AF:14:24540786:24540826-24541818:24540853:24541529-24541818:+	AF	-0.06952551350149205	0.3251454428	False
ENSMUSG00000025290;AF:14:24540786:24540826-24541818:24540927:24541258-24541818:+	AF	-0.16088304734403225	0.2362637363	False
ENSMUSG00000025290;AF:14:24540797:24540826-24541818:24540853:24541529-24541818:+	AF	-0.43736444734540214	0.2769230769	False
ENSMUSG00000025290;AF:14:24540798:24540826-24541818:24540835:24541092-24541818:+	AF	-0.5099158377392823	0.010989011	True
ENSMUSG00000025290;AF:14:24540798:24540826-24541818:24540853:24541529-24541818:+	AF	-0.053523158619599	0.3251454428	False
ENSMUSG00000025290;AF:14:24540798:24540826-24541818:24540927:24541258-24541818:+	AF	-0.12553877208985198	0.2362637363	False
ENSMUSG00000025290;AL:14:24543561-24543685:24544156:24543561-24545498:24545500:+	AL	0.005503707369185733	0.4010989011	False
ENSMUSG00000025290;AL:14:24543561-24543685:24544156:24543561-24545843:24547027:+	AL	0.03896232123705827	0.3379120879	False
ENSMUSG00000025290;AL:14:24543561-24545498:24545500:24543561-24545843:24547027:+	AL	0.034812832098217394	0.3251454428	False
ENSMUSG00000025290;SE:14:24543561-24544120:24544137-24545498:+	SE	-0.4926647070727439	0.0	True
ENSMUSG00000025290;SE:14:24543561-24545498:24545517-24545843:+	SE	-0.26392955230628956	0.1236263736	False
ENSMUSG00000025393;A3:10:127925027-127925861:127925027-127925888:+	A3	0.0	0.4605394605	False
ENSMUSG00000025404;A3:10:127295444-127298057:127295444-127298075:+	A3	0.06291285913219957	0.3202511774	False
ENSMUSG00000025404;A3:10:127323744-127328438:127323744-127328459:+	A3	-0.011990379727083611	0.4160839161	False
ENSMUSG00000025404;A5:10:127257235-127280145:127257217-127280145:+	A5	0.6230620213146222	0.1889360639	False
ENSMUSG00000025404;A5:10:127317663-127319845:127317624-127319845:+	A5	0.006636590064632686	0.4160839161	False
ENSMUSG00000025404;AF:10:127216196:127216301-127226180:127216531:127216805-127226180:+	AF	0.25193910842046174	0.1889360639	False
ENSMUSG00000025404;AF:10:127216196:127216301-127226180:127216668:127216805-127226180:+	AF	0.4487234246561778	0.2020979021	False
ENSMUSG00000025404;AF:10:127256207:127256305-127280145:127256736:127257235-127280145:+	AF	0.015367634326324375	0.4160839161	False
ENSMUSG00000025404;AF:10:127256207:127256305-127280145:127256993:127257235-127280145:+	AF	-0.00742417326140854	0.4160839161	False
ENSMUSG00000025404;AF:10:127256207:127256305-127280145:127257101:127257217-127280145:+	AF	0.12307280163707646	0.2703130203	False
ENSMUSG00000025404;SE:10:127236062-127254380:127254589-127280145:+	SE	0.007479784674561136	0.4160839161	False
ENSMUSG00000025404;SE:10:127280344-127284704:127284726-127287861:+	SE	-0.008789598939888899	0.4160839161	False
ENSMUSG00000025404;SE:10:127295444-127298057:127298152-127300851:+	SE	0.12616549944458455	0.1889360639	False
ENSMUSG00000025404;SE:10:127295444-127298075:127298152-127300851:+	SE	0.0013707865293547117	0.4160839161	False
ENSMUSG00000025404;SE:10:127300882-127301000:127301053-127307637:+	SE	-0.18591913965142837	0.1889360639	False
ENSMUSG00000025404;SE:10:127312567-127317562:127317624-127319845:+	SE	-0.00894457707976875	0.4160839161	False
ENSMUSG00000025404;SE:10:127312567-127317562:127317663-127319845:+	SE	0.00833323313841583	0.4160839161	False
ENSMUSG00000025404;SE:10:127317663-127318368:127318476-127319845:+	SE	0.001000765323821583	0.4160839161	False
ENSMUSG00000025428;A5:18:77862243-77863477:77861810-77863477:+	A5	0.02629515364716535	0.2612387612	False
ENSMUSG00000025451;A5:13:119565948-119566696:119565696-119566696:+	A5	0.1049255484138173	0.1633366633	False
ENSMUSG00000025451;A5:13:119584376-119586440:119584295-119586440:+	A5	0.01168743886652246	0.4495504496	False
ENSMUSG00000025451;AF:13:119565137:119565176-119566696:119565458:119565696-119566696:+	AF	-0.07753171785427115	0.1834165834	False
ENSMUSG00000025451;AF:13:119565137:119565176-119566696:119565655:119565948-119566696:+	AF	-0.02705197708870377	0.4095904096	False
ENSMUSG00000025451;AF:13:119565137:119565176-119566696:119565669:119565696-119566696:+	AF	-0.23265804960011283	0.032967033	True
ENSMUSG00000025451;AF:13:119565137:119565176-119566696:119565669:119565948-119566696:+	AF	-0.25426143184590144	0.023976024	True
ENSMUSG00000025451;AF:13:119565137:119565176-119566696:119565694:119565696-119566696:+	AF	0.0	0.463036963	False
ENSMUSG00000025451;MX:13:119577407-119582273:119582384-119586440:119577407-119584251:119584376-119586440:+	MX	0.0	0.4495504496	False
ENSMUSG00000025451;SE:13:119577407-119582273:119582384-119584251:+	SE	-0.0072582759821192555	0.4495504496	False
ENSMUSG00000025451;SE:13:119582384-119584251:119584295-119586440:+	SE	0.0	0.4555444555	False
ENSMUSG00000025451;SE:13:119582384-119584251:119584376-119586440:+	SE	0.0	0.463036963	False
ENSMUSG00000025451;SE:13:119588382-119592232:119592325-119593524:+	SE	-0.12304774248358352	0.1298701299	False
ENSMUSG00000025508;AF:7:141027283:141027620-141027821:141027625:141027654-141027821:+	AF	-0.005840440220185011	0.3501498501	False
ENSMUSG00000025508;AF:7:141027544:141027620-141027821:141027625:141027654-141027821:+	AF	0.011220657086279836	0.3501498501	False
ENSMUSG00000025508;AF:7:141027582:141027620-141027821:141027625:141027654-141027821:+	AF	0.00871276029701884	0.3501498501	False
ENSMUSG00000025616;A3:16:87263244-87266563:87263244-87266566:+	A3	-0.059727840460415904	0.2855477855	False
ENSMUSG00000025616;SE:16:87251990-87252848:87252896-87255529:+	SE	-0.008680447997022347	0.3801198801	False
ENSMUSG00000025616;SE:16:87255630-87258853:87259028-87261623:+	SE	-0.04344775333452355	0.2855477855	False
ENSMUSG00000025616;SE:16:87269056-87269995:87270073-87271470:+	SE	-0.0056292534833431995	0.3801198801	False
ENSMUSG00000025616;SE:16:87278688-87279748:87279904-87279995:+	SE	-0.08372345718541507	0.2855477855	False
ENSMUSG00000025731;RI:17:26095635:26095713-26095924:26096143:+	RI	0.0	0.4675324675	False
ENSMUSG00000025731;SE:17:26094700-26094934:26095096-26095194:+	SE	-0.007012059609037613	0.4675324675	False
ENSMUSG00000025777;A5:1:17217352-17227185:17217207-17227185:+	A5	0.11978362141511056	0.0599400599	False
ENSMUSG00000025812;A3:8:128136098-128137210:128136098-128137213:+	A3	0.0	0.4425574426	False
ENSMUSG00000025812;A5:8:128125240-128126879:128125231-128126879:+	A5	0.22440683218498794	0.4425574426	False
ENSMUSG00000025812;A5:8:128125240-128131856:128125231-128131856:+	A5	0.062026632316913466	0.4425574426	False
ENSMUSG00000025812;A5:8:128136185-128137210:128136098-128137210:+	A5	-0.006358281359519602	0.4425574426	False
ENSMUSG00000025812;A5:8:128136188-128137210:128136098-128137210:+	A5	-0.005490481572513195	0.4425574426	False
ENSMUSG00000025812;A5:8:128136188-128137210:128136185-128137210:+	A5	-0.0003842284645640959	0.4425574426	False
ENSMUSG00000025812;AF:8:127790643:127791223-127887960:127799990:127800036-127887960:+	AF	-0.3645633848953428	0.4425574426	False
ENSMUSG00000025812;AF:8:127790806:127791223-127887960:127799990:127800036-127887960:+	AF	-0.053104829198209025	0.4425574426	False
ENSMUSG00000025812;AF:8:127791045:127791223-127887960:127799990:127800036-127887960:+	AF	-0.09383196884144285	0.4425574426	False
ENSMUSG00000025812;AF:8:127791095:127791223-127887960:127799990:127800036-127887960:+	AF	-0.036903024289722475	0.4425574426	False
ENSMUSG00000025812;SE:8:127791223-127867160:127867277-127887960:+	SE	0.0	0.4425574426	False
ENSMUSG00000025812;SE:8:128032989-128050522:128050653-128083756:+	SE	-0.0028978411627389455	0.4425574426	False
ENSMUSG00000025812;SE:8:128083847-128086208:128086291-128096729:+	SE	-0.07441609013839479	0.4425574426	False
ENSMUSG00000025812;SE:8:128104795-128106946:128106984-128114991:+	SE	-0.017593222881048698	0.4425574426	False
ENSMUSG00000025812;SE:8:128136188-128137210:128137254-128142051:+	SE	-0.0009013533433263055	0.4425574426	False
ENSMUSG00000025885;A5:18:74848045-74849030:74848030-74849030:+	A5	-0.008081845761656437	0.3586413586	False
ENSMUSG00000025885;AF:18:74574007:74574123-74702838:74575608:74575878-74702838:+	AF	0.02703137287556967	0.3586413586	False
ENSMUSG00000025885;AF:18:74574007:74574123-74702838:74575676:74575878-74702838:+	AF	-0.0716987679800617	0.3586413586	False
ENSMUSG00000025885;AF:18:74574007:74574123-74702838:74575678:74575878-74702838:+	AF	0.01155473646399019	0.3586413586	False
ENSMUSG00000025885;AF:18:74847860:74848030-74849030:74848649:74848671-74849030:+	AF	0.14311005505178237	0.3586413586	False
ENSMUSG00000025885;SE:18:74856928-74861942:74862019-74864716:+	SE	0.015544537774763834	0.3586413586	False
ENSMUSG00000025907;A5:1:6315203-6315382:6315152-6315382:+	A5	-0.07579381723598466	0.4045954046	False
ENSMUSG00000025907;A5:1:6341051-6342925:6341042-6342925:+	A5	-0.0013501143802367999	0.4295704296	False
ENSMUSG00000025907;AF:1:6276451:6276494-6298164:6284869:6285181-6298164:+	AF	0.09576327383627914	0.4045954046	False
ENSMUSG00000025907;AF:1:6276451:6276494-6298164:6284887:6285181-6298164:+	AF	-0.023034192179145707	0.4045954046	False
ENSMUSG00000025907;AF:1:6284869:6285181-6298164:6285232:6285476-6298164:+	AF	-0.012167481437160177	0.4045954046	False
ENSMUSG00000025907;AF:1:6284887:6285181-6298164:6285232:6285476-6298164:+	AF	-0.05269569231754223	0.4045954046	False
ENSMUSG00000025907;RI:1:6310176:6310414-6310529:6310602:+	RI	0.020207423164755434	0.4045954046	False
ENSMUSG00000025907;SE:1:6276494-6293823:6293969-6298164:+	SE	-0.04322382886325438	0.4045954046	False
ENSMUSG00000025907;SE:1:6333488-6334766:6334814-6335798:+	SE	0.058554768257262135	0.4045954046	False
ENSMUSG00000025986;AF:1:46875311-46892631:46893206:46875311-46927148:46927230:-	AF	0.061596086711527054	0.2287712288	False
ENSMUSG00000025986;AF:1:46875311-46892631:46893206:46875311-46931960:46932012:-	AF	-0.04938700561176951	0.2287712288	False
ENSMUSG00000025986;AF:1:46875311-46927148:46927230:46875311-46931960:46932012:-	AF	-0.0508530222501457	0.2287712288	False
ENSMUSG00000026021;SE:1:59681648-59683676:59683753-59694617:-	SE	-0.021271352074996863	0.2642357642	False
ENSMUSG00000026031;AF:1:58750719:58750751-58765465:58752453:58752818-58765465:+	AF	0.0	0.3316683317	False
ENSMUSG00000026031;AF:1:58750719:58750751-58765465:58752476:58752818-58765465:+	AF	0.27426167884446817	0.3316683317	False
ENSMUSG00000026031;SE:1:58750751-58752730:58752818-58765465:+	SE	0.08834496733195807	0.3316683317	False
ENSMUSG00000026031;SE:1:58765891-58768215:58768320-58770311:+	SE	-0.08598728532911804	0.3316683317	False
ENSMUSG00000026083;A5:1:38081101-38083785:38080919-38083785:+	A5	0.0039453805010914	0.4075924076	False
ENSMUSG00000026083;RI:1:38072149:38072238-38073110:38073184:+	RI	-0.04213775850018053	0.3064435564	False
ENSMUSG00000026083;RI:1:38089268:38089406-38090204:38090365:+	RI	-0.04213775850018053	0.3064435564	False
ENSMUSG00000026111;A3:1:37469363-37470374:37469363-37470378:+	A3	0.039254547707837206	0.4215784216	False
ENSMUSG00000026111;A3:1:37469574-37470374:37469574-37470378:+	A3	0.002068152043518623	0.4215784216	False
ENSMUSG00000026111;A5:1:37469418-37470374:37469363-37470374:+	A5	0.026843195771023134	0.4215784216	False
ENSMUSG00000026111;A5:1:37469508-37470374:37469363-37470374:+	A5	0.14720353244875134	0.4215784216	False
ENSMUSG00000026111;A5:1:37469508-37470374:37469418-37470374:+	A5	0.041824104838899645	0.4215784216	False
ENSMUSG00000026111;A5:1:37469574-37470374:37469363-37470374:+	A5	0.12780947645074714	0.4215784216	False
ENSMUSG00000026111;A5:1:37469574-37470374:37469418-37470374:+	A5	-0.004093968826896166	0.4215784216	False
ENSMUSG00000026111;A5:1:37469574-37470374:37469508-37470374:+	A5	-0.003983403954005316	0.4215784216	False
ENSMUSG00000026111;A5:1:37469574-37470378:37469363-37470378:+	A5	0.11970807569968656	0.4215784216	False
ENSMUSG00000026219;A3:1:84708417-84709344:84708320-84709344:-	A3	0.0	0.469030969	False
ENSMUSG00000026219;A3:1:84722906-84724899:84722891-84724899:-	A3	0.03344704013892019	0.4641548927	False
ENSMUSG00000026219;A3:1:84736848-84738484:84736767-84738484:-	A3	-0.035149028849331077	0.4641548927	False
ENSMUSG00000026219;A3:1:84755228-84760548:84755210-84760548:-	A3	-0.035149028849331077	0.4641548927	False
ENSMUSG00000026219;AF:1:84792690-84816332:84816452:84792690-84816950:84817009:-	AF	0.00011874673853549999	0.4641548927	False
ENSMUSG00000026219;AF:1:84792690-84816332:84816452:84792690-84816950:84817022:-	AF	-0.00030107337472763326	0.4641548927	False
ENSMUSG00000026219;AF:1:84792690-84816332:84816452:84792690-84816950:84817025:-	AF	0.0004066277898897501	0.4641548927	False
ENSMUSG00000026219;AF:1:84792690-84816332:84816452:84792690-84816950:84817032:-	AF	0.010030107376329866	0.4641548927	False
ENSMUSG00000026219;AF:1:84792690-84816332:84816452:84792690-84817955:84817987:-	AF	0.00045250484907610007	0.4641548927	False
ENSMUSG00000026219;AF:1:84792690-84816332:84816452:84792690-84818204:84818237:-	AF	-0.0013526597243565686	0.4641548927	False
ENSMUSG00000026219;AF:1:84792690-84816950:84817009:84792690-84817955:84817987:-	AF	-0.0047033707089159105	0.4641548927	False
ENSMUSG00000026219;AF:1:84792690-84816950:84817009:84792690-84818204:84818237:-	AF	-0.008251683528154308	0.4641548927	False
ENSMUSG00000026219;AF:1:84792690-84816950:84817022:84792690-84817955:84817987:-	AF	0.04915664951027737	0.4641548927	False
ENSMUSG00000026219;AF:1:84792690-84816950:84817022:84792690-84818204:84818237:-	AF	0.010798898920248101	0.4641548927	False
ENSMUSG00000026219;AF:1:84792690-84816950:84817025:84792690-84817955:84817987:-	AF	-0.043662184280755634	0.4641548927	False
ENSMUSG00000026219;AF:1:84792690-84816950:84817025:84792690-84818204:84818237:-	AF	-0.019161476989796866	0.4641548927	False
ENSMUSG00000026219;AF:1:84792690-84816950:84817032:84792690-84817955:84817987:-	AF	-0.10833158219949898	0.4641548927	False
ENSMUSG00000026219;AF:1:84792690-84816950:84817032:84792690-84818204:84818237:-	AF	-0.35007787720457395	0.3076923077	False
ENSMUSG00000026219;AF:1:84792690-84817955:84817987:84792690-84818204:84818237:-	AF	-0.009787453212087738	0.4641548927	False
ENSMUSG00000026219;SE:1:84754133-84755145:84755210-84760548:-	SE	0.011590303376915023	0.4641548927	False
ENSMUSG00000026219;SE:1:84754133-84755145:84755228-84760548:-	SE	0.00821570534492011	0.4641548927	False
ENSMUSG00000026219;SE:1:84772048-84773411:84773536-84792544:-	SE	0.017769743073695637	0.4641548927	False
ENSMUSG00000026234;AF:1:86285945-86286289:86286691:86285945-86286928:86287086:-	AF	0.017599521981046334	0.2392607393	False
ENSMUSG00000026234;AF:1:86285945-86286289:86286691:86285945-86286928:86287122:-	AF	0.1790650894850232	0.2347652348	False
ENSMUSG00000026238;A3:1:86457526-86457687:86457526-86457726:+	A3	0.12766193677522752	0.0865800866	False
ENSMUSG00000026238;SE:1:86454672-86455571:86455734-86456497:+	SE	0.17348680632383864	0.1573426573	False
ENSMUSG00000026238;SE:1:86454672-86456497:86456578-86456895:+	SE	-0.17066545313376855	0.0859140859	False
ENSMUSG00000026238;SE:1:86456966-86457178:86457274-86457453:+	SE	-0.09870354053391417	0.0865800866	False
ENSMUSG00000026277;RI:1:93553773:93553930-93554747:93554855:-	RI	0.05968983561584612	0.2465034965	False
ENSMUSG00000026277;SE:1:93552346-93552756:93552870-93553183:-	SE	-0.0075160397322883155	0.3796203796	False
ENSMUSG00000026301;A5:1:89973552-89975496:89973552-89975511:-	A5	-0.0003337899469299842	0.4380619381	False
ENSMUSG00000026301;A5:1:90017272-90025633:90017272-90025660:-	A5	-0.22539821443443742	0.4380619381	False
ENSMUSG00000026301;MX:1:90001551-90005529:90005596-90008582:90001551-90006736:90006845-90008582:-	MX	3.9024888704441985e-05	0.4380619381	False
ENSMUSG00000026301;SE:1:90067796-90070398:90070514-90072543:-	SE	0.0	0.4380619381	False
ENSMUSG00000026305;A5:1:91040536-91042318:91040436-91042318:+	A5	-0.012984262414368269	0.3391608392	False
ENSMUSG00000026305;AF:1:90926459:90926615-90996285:90981176:90981445-90996285:+	AF	-0.04387622393054275	0.313986014	False
ENSMUSG00000026305;AF:1:90926499:90926615-90996285:90981166:90981445-90996285:+	AF	-0.3106522443023154	0.313986014	False
ENSMUSG00000026305;AF:1:90926499:90926615-90996285:90981176:90981445-90996285:+	AF	-0.0529573046459301	0.313986014	False
ENSMUSG00000026305;AF:1:90926499:90926615-90996285:90981308:90981445-90996285:+	AF	-0.33333333333333337	0.313986014	False
ENSMUSG00000026305;AF:1:90926501:90926615-90996285:90981166:90981445-90996285:+	AF	-0.13970487516290253	0.313986014	False
ENSMUSG00000026305;AF:1:90926501:90926615-90996285:90981176:90981445-90996285:+	AF	-0.07357418130654106	0.313986014	False
ENSMUSG00000026305;AF:1:90926501:90926615-90996285:90981229:90981445-90996285:+	AF	0.0	0.3391608392	False
ENSMUSG00000026305;AF:1:90926501:90926615-90996285:90981308:90981445-90996285:+	AF	-0.02100445865276157	0.3391608392	False
ENSMUSG00000026305;SE:1:91006803-91009863:91009901-91012668:+	SE	-0.01652455959996646	0.3391608392	False
ENSMUSG00000026305;SE:1:91012727-91014781:91014846-91016356:+	SE	-0.28640384021698495	0.313986014	False
ENSMUSG00000026305;SE:1:91029032-91030969:91031040-91032849:+	SE	-0.07782222783680576	0.313986014	False
ENSMUSG00000026305;SE:1:91040019-91040375:91040436-91042318:+	SE	-0.0390521295950792	0.313986014	False
ENSMUSG00000026305;SE:1:91040019-91040375:91040536-91042318:+	SE	-0.09224178826786086	0.313986014	False
ENSMUSG00000026341;A5:1:125363194-125363387:125363194-125363390:-	A5	-0.054384569923029036	0.3356643357	False
ENSMUSG00000026341;AF:1:125346041-125362305:125362383:125346041-125363022:125363218:-	AF	0.027209071516220134	0.3431568432	False
ENSMUSG00000026341;AF:1:125346041-125362305:125362383:125346041-125363022:125363284:-	AF	0.017575176558306534	0.3431568432	False
ENSMUSG00000026341;MX:1:125339111-125343993:125344117-125363022:125339111-125345986:125346041-125363022:-	MX	-0.06265864919795527	0.3356643357	False
ENSMUSG00000026341;SE:1:125339111-125343993:125344117-125345986:-	SE	-0.04265434168151294	0.3356643357	False
ENSMUSG00000026341;SE:1:125339111-125345986:125346041-125363022:-	SE	-0.04905546005224781	0.3356643357	False
ENSMUSG00000026341;SE:1:125344117-125345986:125346041-125363022:-	SE	0.006796270462006704	0.3431568432	False
ENSMUSG00000026353;AF:1:128171701:128171857-128179940:128171899:128172289-128179940:+	AF	0.3066817854222243	0.0104895105	True
ENSMUSG00000026435;A3:1:131904850-131905151:131904850-131905193:+	A3	-0.009428640014248701	0.4175824176	False
ENSMUSG00000026435;A5:1:131906883-131909029:131906751-131909029:+	A5	-0.0012657199689500667	0.4175824176	False
ENSMUSG00000026435;AF:1:131890705:131890790-131904456:131898347:131898565-131904456:+	AF	-0.0030146891414676302	0.4175824176	False
ENSMUSG00000026484;AF:1:151349095-151349845:151349870:151349095-151351891:151351913:-	AF	0.01497954156445136	0.3731268731	False
ENSMUSG00000026484;AL:1:151333755:151334103-151347389:151345157:151347168-151347389:-	AL	-0.00889543707504515	0.3731268731	False
ENSMUSG00000026484;AL:1:151333755:151334103-151347389:151347070:151347168-151347389:-	AL	-0.01497954156445135	0.3731268731	False
ENSMUSG00000026484;SE:1:151349095-151351891:151352106-151352623:-	SE	0.04578880939147567	0.3731268731	False
ENSMUSG00000026484;SE:1:151354376-151356706:151356890-151376470:-	SE	0.007542271224170566	0.3731268731	False
ENSMUSG00000026484;SE:1:151354376-151363023:151363206-151376470:-	SE	0.03301992479522756	0.3731268731	False
ENSMUSG00000026554;A5:1:171975905-171976816:171975735-171976816:+	A5	0.153214840026884	0.2824675325	False
ENSMUSG00000026554;AF:1:171975651:171975735-171976816:171976515:171976688-171976816:+	AF	0.05935352870040955	0.3988868275	False
ENSMUSG00000026554;AF:1:171975656:171975735-171976816:171976515:171976688-171976816:+	AF	0.4870332318990165	0.2824675325	False
ENSMUSG00000026554;AF:1:171975685:171975735-171976816:171976515:171976688-171976816:+	AF	0.008312361391426992	0.4465534466	False
ENSMUSG00000026554;AF:1:171975707:171975735-171976816:171976515:171976688-171976816:+	AF	0.22405810828051645	0.3988868275	False
ENSMUSG00000026554;AF:1:171975709:171975905-171976816:171976515:171976688-171976816:+	AF	0.22309318331102324	0.2987012987	False
ENSMUSG00000026554;AL:1:172021468-172022123:172022361:172021468-172024450:172024572:+	AL	0.0	0.4465534466	False
ENSMUSG00000026554;AL:1:172021468-172022123:172023033:172021468-172024450:172024572:+	AL	0.0	0.4465534466	False
ENSMUSG00000026554;AL:1:172021468-172022123:172023074:172021468-172024450:172024572:+	AL	0.0	0.4465534466	False
ENSMUSG00000026554;AL:1:172021468-172022123:172023956:172021468-172024450:172024572:+	AL	0.0	0.4465534466	False
ENSMUSG00000026554;RI:1:172013863:172013935-172014920:172015027:+	RI	-0.05935352870040961	0.3988868275	False
ENSMUSG00000026554;SE:1:172013935-172014422:172014479-172014920:+	SE	-0.01650657998862448	0.4220779221	False
ENSMUSG00000026554;SE:1:172016636-172018411:172018646-172020085:+	SE	0.024011116104787622	0.3988868275	False
ENSMUSG00000026594;A3:1:156735348-156767059:156735288-156767059:-	A3	-0.03205970700032523	0.3686813187	False
ENSMUSG00000026594;AF:1:156735348-156766300:156766351:156735348-156767059:156767101:-	AF	-0.16493340201965953	0.2119309262	False
ENSMUSG00000026594;AF:1:156735348-156766300:156766351:156735348-156767059:156767113:-	AF	-0.3507800022292045	0.2119309262	False
ENSMUSG00000026594;AF:1:156735348-156766300:156766351:156735348-156767059:156767137:-	AF	-0.5971251425596478	0.1794871795	False
ENSMUSG00000026594;AF:1:156735348-156766300:156766351:156735348-156767059:156767169:-	AF	-0.4395221909448815	0.1794871795	False
ENSMUSG00000026594;AF:1:156735348-156766300:156766351:156735348-156767059:156767172:-	AF	-0.48004582063702844	0.1794871795	False
ENSMUSG00000026594;AF:1:156735348-156766300:156766351:156735348-156767059:156767196:-	AF	-0.30486909642062343	0.2032967033	False
ENSMUSG00000026594;AF:1:156735348-156766502:156766704:156735348-156767059:156767101:-	AF	0.048983612101438166	0.3553113553	False
ENSMUSG00000026594;AF:1:156735348-156766502:156766704:156735348-156767059:156767137:-	AF	0.3714133260740929	0.260989011	False
ENSMUSG00000026594;AF:1:156735348-156766502:156766704:156735348-156767059:156767169:-	AF	0.12158748559925292	0.3426573427	False
ENSMUSG00000026594;AF:1:156735348-156766502:156766704:156735348-156767059:156767172:-	AF	0.18354169408372226	0.3426573427	False
ENSMUSG00000026594;AF:1:156735348-156766502:156766704:156735348-156767059:156767196:-	AF	0.11042223157247529	0.3426573427	False
ENSMUSG00000026594;AF:1:156735348-156766922:156766957:156735348-156767059:156767101:-	AF	-0.0066226297864697	0.3691308691	False
ENSMUSG00000026594;AF:1:156735348-156766922:156766957:156735348-156767059:156767113:-	AF	-0.0673946313557434	0.3686813187	False
ENSMUSG00000026594;AF:1:156735348-156766922:156766957:156735348-156767059:156767137:-	AF	-0.0818103951039905	0.3686813187	False
ENSMUSG00000026594;AF:1:156735348-156766922:156766957:156735348-156767059:156767169:-	AF	-0.018712903429643	0.3686813187	False
ENSMUSG00000026594;AF:1:156735348-156766922:156766957:156735348-156767059:156767172:-	AF	-0.02946201896985445	0.3686813187	False
ENSMUSG00000026594;AF:1:156735348-156766922:156766957:156735348-156767059:156767196:-	AF	-0.01747848622734445	0.3691308691	False
ENSMUSG00000026594;SE:1:156647488-156648957:156649034-156651561:-	SE	-0.011022745173506876	0.3686813187	False
ENSMUSG00000026594;SE:1:156715600-156720478:156720582-156728156:-	SE	0.02614325769957486	0.3686813187	False
ENSMUSG00000026594;SE:1:156728206-156729356:156729460-156735209:-	SE	-0.015106532120322091	0.3686813187	False
ENSMUSG00000026596;AF:1:156386557:156386775-156448409:156443387:156443628-156448409:+	AF	0.004329096385749187	0.4055944056	False
ENSMUSG00000026596;AF:1:156386619:156386775-156448409:156443387:156443628-156448409:+	AF	0.005289083250550886	0.4055944056	False
ENSMUSG00000026596;SE:1:156386775-156448409:156448471-156450055:+	SE	0.0337050001539847	0.4055944056	False
ENSMUSG00000026605;A5:1:189379177-189380808:189379177-189380982:-	A5	-0.04913072048077094	0.2217782218	False
ENSMUSG00000026605;A5:1:189411338-189412418:189411338-189412469:-	A5	-0.03254075415983271	0.2217782218	False
ENSMUSG00000026608;A3:1:188706401-188706484:188706395-188706484:-	A3	-0.014853920529469211	0.4220779221	False
ENSMUSG00000026608;A5:1:188706668-188708568:188706668-188708808:-	A5	-0.001992128883433233	0.4220779221	False
ENSMUSG00000026622;AL:1:191561629-191561997:191562100:191561629-191563249:191565162:+	AL	-0.011747726340230635	0.3426573427	False
ENSMUSG00000026634;A5:1:190660955-190665064:190660914-190665064:+	A5	-0.027311395030991448	0.4250749251	False
ENSMUSG00000026634;A5:1:190661296-190665064:190661101-190665064:+	A5	0.03654070445323174	0.4250749251	False
ENSMUSG00000026634;A5:1:190673655-190674318:190673492-190674318:+	A5	-0.0007402794331414335	0.4250749251	False
ENSMUSG00000026634;AF:1:190660689:190660914-190665064:190661019:190661101-190665064:+	AF	0.0719993641643162	0.4250749251	False
ENSMUSG00000026634;AF:1:190660689:190660914-190665064:190661050:190661296-190665064:+	AF	0.26906022409297764	0.4250749251	False
ENSMUSG00000026634;AF:1:190660689:190660955-190665064:190661019:190661101-190665064:+	AF	0.0685111279011188	0.4250749251	False
ENSMUSG00000026634;AF:1:190660689:190660955-190665064:190661048:190661101-190665064:+	AF	-0.004951786061125785	0.4250749251	False
ENSMUSG00000026634;AF:1:190660689:190660955-190665064:190661050:190661296-190665064:+	AF	-0.011381659372207809	0.4250749251	False
ENSMUSG00000026634;SE:1:190660955-190665064:190665389-190669641:+	SE	-0.026292307433314566	0.4250749251	False
ENSMUSG00000026634;SE:1:190661101-190665064:190665389-190669641:+	SE	-0.0005052922940714799	0.4250749251	False
ENSMUSG00000026634;SE:1:190665389-190666943:190667191-190669641:+	SE	0.0027646379220187	0.4250749251	False
ENSMUSG00000026634;SE:1:190673492-190674318:190674444-190675027:+	SE	-0.021499059770198614	0.4250749251	False
ENSMUSG00000026687;SE:1:167180234-167181486:167181607-167181996:+	SE	0.0950722225843953	0.0849150849	False
ENSMUSG00000026739;AF:2:18681829:18682280-18686604:18682618:18682642-18686604:+	AF	0.0030143984530767443	0.4635364635	False
ENSMUSG00000026739;AF:2:18681829:18682280-18686604:18685183:18685286-18686604:+	AF	0.1767357098932082	0.1328671329	False
ENSMUSG00000026739;AF:2:18681829:18682280-18686604:18685185:18685286-18686604:+	AF	0.0	0.4635364635	False
ENSMUSG00000026739;AF:2:18681829:18682280-18686604:18685805:18685896-18686604:+	AF	-0.010870820707583162	0.4635364635	False
ENSMUSG00000026739;AF:2:18681829:18682280-18686604:18685918:18686030-18686604:+	AF	0.01761122108722335	0.4635364635	False
ENSMUSG00000026739;AF:2:18682091:18682280-18686604:18682618:18682642-18686604:+	AF	-0.018427256215772375	0.4635364635	False
ENSMUSG00000026739;AF:2:18682091:18682280-18686604:18685183:18685286-18686604:+	AF	0.20741028506184667	0.1328671329	False
ENSMUSG00000026739;AF:2:18682091:18682280-18686604:18685185:18685286-18686604:+	AF	0.0	0.4635364635	False
ENSMUSG00000026739;AF:2:18682091:18682280-18686604:18685805:18685896-18686604:+	AF	-0.04324130787993952	0.4635364635	False
ENSMUSG00000026739;AF:2:18682091:18682280-18686604:18685918:18686030-18686604:+	AF	0.07496212711973649	0.3701298701	False
ENSMUSG00000026739;AF:2:18682618:18682642-18686604:18685183:18685286-18686604:+	AF	0.0520551158710828	0.3701298701	False
ENSMUSG00000026739;AF:2:18682618:18682642-18686604:18685185:18685286-18686604:+	AF	0.0	0.4635364635	False
ENSMUSG00000026739;AF:2:18682618:18682642-18686604:18685805:18685896-18686604:+	AF	-0.0022334971844960583	0.4635364635	False
ENSMUSG00000026739;AF:2:18682618:18682642-18686604:18685918:18686030-18686604:+	AF	0.0034215741288453616	0.4635364635	False
ENSMUSG00000026739;AF:2:18685183:18685286-18686604:18685805:18685896-18686604:+	AF	-0.09804190907014632	0.3701298701	False
ENSMUSG00000026739;AF:2:18685183:18685286-18686604:18685918:18686030-18686604:+	AF	-0.01637102578728522	0.4635364635	False
ENSMUSG00000026739;AF:2:18685185:18685286-18686604:18685805:18685896-18686604:+	AF	0.0	0.4635364635	False
ENSMUSG00000026739;AF:2:18685805:18685896-18686604:18685918:18686030-18686604:+	AF	0.2646352399071611	0.3701298701	False
ENSMUSG00000026743;A3:2:18164522-18167128:18164522-18167419:+	A3	0.19112220991707318	0.1755744256	False
ENSMUSG00000026743;A5:2:18069675-18069846:18069649-18069846:+	A5	-0.03543012041329352	0.3968758514	False
ENSMUSG00000026743;AF:2:18060048:18060182-18069846:18069205:18069306-18069846:+	AF	0.0	0.4345654346	False
ENSMUSG00000026743;AF:2:18060048:18060182-18069846:18069447:18069675-18069846:+	AF	-0.3793488090651765	0.1328671329	False
ENSMUSG00000026743;AF:2:18060048:18060182-18069846:18069495:18069675-18069846:+	AF	-0.13590234709356974	0.2847152847	False
ENSMUSG00000026743;AF:2:18060048:18060182-18069846:18069498:18069675-18069846:+	AF	-0.0910432567635035	0.2847152847	False
ENSMUSG00000026743;AF:2:18060048:18060182-18069846:18069616:18069649-18069846:+	AF	-0.1853740171689534	0.2448551449	False
ENSMUSG00000026743;AF:2:18060048:18060182-18069846:18069645:18069675-18069846:+	AF	-0.006064258806146916	0.4345654346	False
ENSMUSG00000026743;AF:2:18060048:18060182-18069846:18069652:18069675-18069846:+	AF	0.0065301429296021896	0.4345654346	False
ENSMUSG00000026743;AF:2:18069205:18069306-18069846:18069447:18069675-18069846:+	AF	0.0	0.4345654346	False
ENSMUSG00000026743;AF:2:18069205:18069306-18069846:18069495:18069675-18069846:+	AF	0.0	0.4345654346	False
ENSMUSG00000026743;AF:2:18069205:18069306-18069846:18069498:18069675-18069846:+	AF	0.0	0.4345654346	False
ENSMUSG00000026743;MX:2:18076015-18087322:18087536-18106269:18076015-18097595:18097645-18106269:+	MX	-0.13709317757195646	0.3879245754	False
ENSMUSG00000026743;SE:2:18076015-18087322:18087536-18106269:+	SE	0.0018042899181908156	0.4345654346	False
ENSMUSG00000026743;SE:2:18076015-18097595:18097645-18106269:+	SE	0.14853717737320726	0.2348901099	False
ENSMUSG00000026743;SE:2:18076015-18106269:18106323-18114593:+	SE	-0.04053496858664585	0.3968758514	False
ENSMUSG00000026743;SE:2:18131040-18144079:18144147-18151588:+	SE	-0.11089388351828278	0.2348901099	False
ENSMUSG00000026764;SE:2:49617971-49618554:49618580-49620129:+	SE	0.050692598834823736	0.2082917083	False
ENSMUSG00000026781;A3:2:22959631-22965502:22959631-22965558:+	A3	0.0713774241371058	0.2743922744	False
ENSMUSG00000026781;A3:2:22984529-22989574:22984529-22989577:+	A3	0.011366292008576528	0.4115884116	False
ENSMUSG00000026781;AF:2:22958179:22958298-22959463:22959080:22959296-22959463:+	AF	-0.4889616905637799	0.2743922744	False
ENSMUSG00000026781;AF:2:22958179:22958298-22959463:22959082:22959296-22959463:+	AF	-0.3421423848198714	0.2743922744	False
ENSMUSG00000026781;AF:2:22958179:22958298-22959463:22959084:22959296-22959463:+	AF	-0.230097075153603	0.2743922744	False
ENSMUSG00000026781;AF:2:22958180:22958298-22959463:22959080:22959296-22959463:+	AF	0.10038170378404807	0.2743922744	False
ENSMUSG00000026781;AF:2:22958180:22958298-22959463:22959084:22959296-22959463:+	AF	-0.31118415129484805	0.2743922744	False
ENSMUSG00000026781;AF:2:22958213:22958298-22959463:22958956:22959296-22959463:+	AF	0.0	0.4115884116	False
ENSMUSG00000026781;AF:2:22958213:22958298-22959463:22959079:22959296-22959463:+	AF	-0.004920567389364305	0.4115884116	False
ENSMUSG00000026781;AF:2:22958213:22958298-22959463:22959080:22959296-22959463:+	AF	0.07951098765761688	0.2743922744	False
ENSMUSG00000026781;AF:2:22958213:22958298-22959463:22959082:22959296-22959463:+	AF	-0.0007117140139851763	0.4115884116	False
ENSMUSG00000026781;AF:2:22958213:22958298-22959463:22959084:22959296-22959463:+	AF	-0.03836096678418932	0.3892107892	False
ENSMUSG00000026781;SE:2:22958298-22958892:22959077-22959463:+	SE	-0.008147988686106684	0.4115884116	False
ENSMUSG00000026781;SE:2:22959631-22965502:22965622-22968156:+	SE	0.005816519981051593	0.4115884116	False
ENSMUSG00000026781;SE:2:22959631-22965558:22965622-22968156:+	SE	-0.12092456585750477	0.2743922744	False
ENSMUSG00000026781;SE:2:22970465-22970680:22970712-22977497:+	SE	0.11654656731931551	0.2743922744	False
ENSMUSG00000026790;A3:2:29782288-29783013:29782288-29783050:+	A3	0.0609837159920793	0.4355644356	False
ENSMUSG00000026790;A3:2:29791259-29792193:29791259-29792199:+	A3	0.002892431692634312	0.4355644356	False
ENSMUSG00000026790;A3:2:29794119-29802578:29794119-29802581:+	A3	-0.0003714335455499429	0.4355644356	False
ENSMUSG00000026790;A5:2:29783581-29791089:29783524-29791089:+	A5	0.0390666274834498	0.4355644356	False
ENSMUSG00000026790;AF:2:29779233:29779290-29782198:29779732:29779933-29782198:+	AF	-0.0013073771296002326	0.4355644356	False
ENSMUSG00000026790;AF:2:29779233:29779290-29782198:29779807:29779933-29782198:+	AF	-0.002843695529492267	0.4355644356	False
ENSMUSG00000026790;AF:2:29779233:29779290-29782198:29779810:29779933-29782198:+	AF	0.10367418523342253	0.4355644356	False
ENSMUSG00000026790;AF:2:29779233:29779290-29782198:29779827:29779933-29782198:+	AF	-0.003707342231909565	0.4355644356	False
ENSMUSG00000026790;AF:2:29779233:29779290-29782198:29779829:29779933-29782198:+	AF	0.0005051520289974694	0.4355644356	False
ENSMUSG00000026790;AF:2:29779233:29779290-29782198:29779830:29779933-29782198:+	AF	-0.1595840060898686	0.4355644356	False
ENSMUSG00000026790;AF:2:29779233:29779290-29782198:29779846:29779933-29782198:+	AF	-0.0188849228998908	0.4355644356	False
ENSMUSG00000026790;AF:2:29779246:29779290-29782198:29779732:29779933-29782198:+	AF	-0.01075103798538815	0.4355644356	False
ENSMUSG00000026790;AF:2:29779246:29779290-29782198:29779807:29779933-29782198:+	AF	-0.0125778122285342	0.4355644356	False
ENSMUSG00000026790;AF:2:29779246:29779290-29782198:29779810:29779933-29782198:+	AF	-0.15689895905463544	0.4355644356	False
ENSMUSG00000026790;AF:2:29779246:29779290-29782198:29779827:29779933-29782198:+	AF	-0.02533714235852815	0.4355644356	False
ENSMUSG00000026790;AF:2:29779246:29779290-29782198:29779829:29779933-29782198:+	AF	-0.0401953217469495	0.4355644356	False
ENSMUSG00000026790;AF:2:29779246:29779290-29782198:29779830:29779933-29782198:+	AF	-0.2436666795948085	0.4355644356	False
ENSMUSG00000026790;AF:2:29779246:29779290-29782198:29779846:29779933-29782198:+	AF	-0.06248801932821435	0.4355644356	False
ENSMUSG00000026790;AF:2:29779732:29779933-29782198:29780552:29781014-29782198:+	AF	-0.06491984696551478	0.4355644356	False
ENSMUSG00000026790;AF:2:29779797:29779933-29780778:29780168:29780223-29780778:+	AF	-0.33950927017631055	0.4355644356	False
ENSMUSG00000026790;AF:2:29779807:29779933-29782198:29780552:29781014-29782198:+	AF	-0.03654162835942565	0.4355644356	False
ENSMUSG00000026790;AF:2:29779810:29779933-29782198:29780552:29781014-29782198:+	AF	-0.5250249064075347	0.4355644356	False
ENSMUSG00000026790;AF:2:29779827:29779933-29782198:29780552:29781014-29782198:+	AF	-0.07606149752924485	0.4355644356	False
ENSMUSG00000026790;AF:2:29779829:29779933-29782198:29780552:29781014-29782198:+	AF	-0.3685790289295475	0.4355644356	False
ENSMUSG00000026790;AF:2:29779830:29779933-29782198:29780552:29781014-29782198:+	AF	-0.013175062346166166	0.4355644356	False
ENSMUSG00000026790;AF:2:29779846:29779933-29782198:29780552:29781014-29782198:+	AF	-0.09433326343342363	0.4355644356	False
ENSMUSG00000026790;RI:2:29804243:29804314-29804406:29804522:+	RI	0.0021870409883349	0.4355644356	False
ENSMUSG00000026790;SE:2:29779933-29780778:29781014-29782198:+	SE	0.0014644930511340873	0.4355644356	False
ENSMUSG00000026790;SE:2:29779933-29780783:29781014-29782198:+	SE	0.011921635610617733	0.4355644356	False
ENSMUSG00000026790;SE:2:29782288-29783013:29783166-29783456:+	SE	0.022393123379979563	0.4355644356	False
ENSMUSG00000026790;SE:2:29782288-29783050:29783166-29783456:+	SE	-0.03847886934200856	0.4355644356	False
ENSMUSG00000026790;SE:2:29812383-29813551:29813651-29815952:+	SE	0.015631170861067467	0.4355644356	False
ENSMUSG00000026799;AF:2:29267852:29267971-29303400:29268545:29268634-29303400:+	AF	0.3883696072066287	0.0133200133	True
ENSMUSG00000026799;AF:2:29267852:29267971-29303400:29281356:29281454-29303400:+	AF	-0.17531306196624996	0.0761738262	False
ENSMUSG00000026799;AF:2:29268545:29268634-29303400:29281356:29281454-29303400:+	AF	-0.5656422961102558	0.0	True
ENSMUSG00000026799;AL:2:29361398-29367345:29367631:29361398-29390231:29390235:+	AL	-0.07013118073934109	0.2422577423	False
ENSMUSG00000026799;AL:2:29361398-29367345:29367631:29361398-29390231:29390338:+	AL	-0.4056428333017906	0.1431901432	False
ENSMUSG00000026799;AL:2:29361398-29367345:29368445:29361398-29390231:29390235:+	AL	0.2109357735458097	0.1461038961	False
ENSMUSG00000026799;AL:2:29361398-29367345:29368445:29361398-29390231:29390338:+	AL	-0.33569155685819324	0.1461038961	False
ENSMUSG00000026799;SE:2:29267971-29279825:29279885-29303400:+	SE	0.13862800186277266	0.1288711289	False
ENSMUSG00000026799;SE:2:29268634-29269946:29270016-29303400:+	SE	0.6032585734454564	0.0124875125	True
ENSMUSG00000026799;SE:2:29270016-29279825:29279885-29303400:+	SE	-0.07013118073934109	0.2422577423	False
ENSMUSG00000026878;A3:2:35072580-35073405:35072459-35073405:-	A3	0.09032876950252487	0.2717282717	False
ENSMUSG00000026878;A5:2:35082691-35090693:35082691-35090772:-	A5	0.0039993239082135035	0.3821178821	False
ENSMUSG00000026878;SE:2:35080089-35081524:35081577-35082633:-	SE	0.004066397148093537	0.3821178821	False
ENSMUSG00000026878;SE:2:35081577-35081991:35082208-35082633:-	SE	0.008453939563504348	0.3821178821	False
ENSMUSG00000026915;A3:2:37474118-37476522:37470818-37476522:-	A3	-0.2925813539299921	0.3396603397	False
ENSMUSG00000026915;AF:2:37537297-37547625:37547922:37537297-37593204:37593287:-	AF	-0.016921362114560023	0.3396603397	False
ENSMUSG00000026915;AF:2:37537297-37547625:37547922:37537297-37593204:37593360:-	AF	-0.033792012111071204	0.3396603397	False
ENSMUSG00000026915;AF:2:37537297-37547625:37547922:37537297-37593679:37593871:-	AF	0.02063747326185278	0.3396603397	False
ENSMUSG00000026915;AF:2:37537297-37593204:37593287:37537297-37593679:37593871:-	AF	0.12743355245730448	0.2232767233	False
ENSMUSG00000026915;AF:2:37537297-37593204:37593360:37537297-37593679:37593871:-	AF	0.195307056574346	0.2232767233	False
ENSMUSG00000026917;SE:2:27418332-27420964:27421011-27421651:+	SE	-0.005861346801494138	0.3811188811	False
ENSMUSG00000026924;A3:2:26306269-26306383:26306240-26306383:-	A3	0.0	0.4210789211	False
ENSMUSG00000026924;A5:2:26304457-26305294:26304457-26305319:-	A5	0.0035857868389900668	0.4210789211	False
ENSMUSG00000026924;A5:2:26332082-26334890:26332082-26335087:-	A5	0.0128386407606597	0.4210789211	False
ENSMUSG00000026924;SE:2:26302925-26303691:26303750-26304383:-	SE	0.05529778146033215	0.4210789211	False
ENSMUSG00000026933;A3:2:25820040-25823603:25820037-25823603:-	A3	0.0294993246407136	0.4415584416	False
ENSMUSG00000026933;A3:2:25825576-25825862:25825573-25825862:-	A3	0.057595389187233226	0.4415584416	False
ENSMUSG00000026933;A5:2:25856960-25872794:25856960-25873035:-	A5	0.013677629963569804	0.4415584416	False
ENSMUSG00000026933;AF:2:25855836-25856698:25856779:25855836-25872794:25873220:-	AF	0.0345215766696102	0.4415584416	False
ENSMUSG00000026933;MX:2:25835285-25842690:25842831-25855675:25835285-25846259:25846339-25855675:-	MX	0.0030711187802101667	0.4415584416	False
ENSMUSG00000026933;MX:2:25842831-25843927:25843986-25846259:25842831-25845272:25845304-25846259:-	MX	-0.39952430968610453	0.4415584416	False
ENSMUSG00000026933;SE:2:25823721-25824232:25824347-25825474:-	SE	0.0	0.4415584416	False
ENSMUSG00000026933;SE:2:25835285-25842690:25842831-25846259:-	SE	-0.05759538918723317	0.4415584416	False
ENSMUSG00000026933;SE:2:25842831-25843915:25843986-25846259:-	SE	0.0	0.4415584416	False
ENSMUSG00000026933;SE:2:25842831-25843927:25843986-25846259:-	SE	-0.15838608698500767	0.4415584416	False
ENSMUSG00000026933;SE:2:25842831-25845272:25845304-25846259:-	SE	0.017451066502809368	0.4415584416	False
ENSMUSG00000026933;SE:2:25842831-25846259:25846339-25855675:-	SE	-0.0022761099088827175	0.4415584416	False
ENSMUSG00000026933;SE:2:25855836-25856698:25856960-25872794:-	SE	0.015218557132627764	0.4415584416	False
ENSMUSG00000026974;AF:2:24839804:24840059-24841485:24840222:24840486-24841485:+	AF	0.026328278950384032	0.2002997003	False
ENSMUSG00000026991;A3:2:59135836-59138352:59135836-59138429:+	A3	0.017927595837539223	0.3464535465	False
ENSMUSG00000026991;A3:2:59135836-59138352:59135836-59138434:+	A3	0.037982650765975956	0.3464535465	False
ENSMUSG00000026991;A3:2:59135836-59138429:59135836-59138434:+	A3	0.1642141185102387	0.3464535465	False
ENSMUSG00000026991;A3:2:59140634-59142038:59140634-59142041:+	A3	0.01752323351681495	0.3464535465	False
ENSMUSG00000026991;A5:2:59153059-59165092:59153040-59165092:+	A5	-0.05754677849087242	0.3464535465	False
ENSMUSG00000026991;AF:2:58991194:58991472-59045022:58992271:58992341-59045022:+	AF	0.032030017101208785	0.3464535465	False
ENSMUSG00000026991;AF:2:58991225:58991472-59045022:58992271:58992341-59045022:+	AF	0.03839470590315708	0.3464535465	False
ENSMUSG00000026991;AF:2:58991226:58991472-59045022:58992271:58992341-59045022:+	AF	0.0	0.353459041	False
ENSMUSG00000026991;AF:2:58991352:58991472-59045022:58992271:58992341-59045022:+	AF	0.20840568445692215	0.3464535465	False
ENSMUSG00000026991;AF:2:58991364:58991472-59045022:58992271:58992341-59045022:+	AF	0.3110706014824711	0.3464535465	False
ENSMUSG00000026991;AF:2:58991387:58991472-59045022:58992271:58992341-59045022:+	AF	0.3041667150547491	0.3464535465	False
ENSMUSG00000026991;AF:2:59060093:59060198-59096732:59096528:59096635-59096732:+	AF	-0.10199014573719846	0.3464535465	False
ENSMUSG00000026991;MX:2:59045158-59096732:59096844-59135410:59045158-59119562:59119596-59135410:+	MX	0.20789092961888575	0.3464535465	False
ENSMUSG00000026991;SE:2:59045158-59096732:59096844-59119562:+	SE	-0.03141630797672079	0.3464535465	False
ENSMUSG00000026991;SE:2:59096844-59119562:59119596-59135410:+	SE	-0.026081676915288732	0.3464535465	False
ENSMUSG00000026991;SE:2:59142257-59144700:59144747-59148856:+	SE	-0.007639594458927028	0.3611388611	False
ENSMUSG00000026991;SE:2:59178385-59180838:59180966-59182606:+	SE	0.07414836999296515	0.3464535465	False
ENSMUSG00000027014;A3:2:77763110-77766937:77763107-77766937:-	A3	0.002819620395059619	0.4130869131	False
ENSMUSG00000027014;A5:2:77726922-77734140:77726922-77734158:-	A5	0.030938924959440006	0.3617810761	False
ENSMUSG00000027014;AF:2:77770706-77776187:77776282:77770706-77776494:77776533:-	AF	0.008865728599445954	0.4130869131	False
ENSMUSG00000027014;AF:2:77770706-77776187:77776282:77770706-77776494:77776719:-	AF	0.1022407628866816	0.3338328338	False
ENSMUSG00000027014;AL:2:77711503:77711834-77734158:77726110:77726922-77734158:-	AL	0.0034040546414685	0.4130869131	False
ENSMUSG00000027014;AL:2:77759631:77759842-77761779:77761119:77761318-77761779:-	AL	0.11454871814796119	0.3338328338	False
ENSMUSG00000027014;AL:2:77759717:77759842-77761779:77761119:77761318-77761779:-	AL	0.0583252271824064	0.3338328338	False
ENSMUSG00000027014;SE:2:77738489-77741854:77741914-77745841:-	SE	-0.11262273254858979	0.3338328338	False
ENSMUSG00000027014;SE:2:77759842-77760181:77760266-77761779:-	SE	-0.03833275351871991	0.3338328338	False
ENSMUSG00000027014;SE:2:77767066-77770646:77770706-77776494:-	SE	0.09396340264698871	0.3338328338	False
ENSMUSG00000027067;AF:2:84867578:84867672-84868138:84867795:84867874-84868138:+	AF	0.006032827435394461	0.3931068931	False
ENSMUSG00000027067;AF:2:84867578:84867672-84868138:84867799:84867874-84868138:+	AF	0.06249342485122833	0.2867132867	False
ENSMUSG00000027088;A3:2:69620665-69622681:69620665-69622717:+	A3	-0.011311851779341242	0.4285714286	False
ENSMUSG00000027088;A3:2:69620665-69622681:69620665-69622737:+	A3	-0.03383705288076422	0.4285714286	False
ENSMUSG00000027088;A3:2:69620665-69622717:69620665-69622737:+	A3	-0.07640518815631925	0.4285714286	False
ENSMUSG00000027088;A5:2:69620300-69620630:69620248-69620630:+	A5	0.009125555084250725	0.4285714286	False
ENSMUSG00000027088;AL:2:69622835-69625820:69625997:69622835-69629653:69630349:+	AL	0.0	0.4285714286	False
ENSMUSG00000027088;AL:2:69622835-69625820:69627567:69622835-69629653:69630349:+	AL	0.0	0.4285714286	False
ENSMUSG00000027091;A5:2:83488965-83490402:83488930-83490402:+	A5	-0.005252694671220803	0.4340659341	False
ENSMUSG00000027091;SE:2:83483803-83487360:83487471-83488353:+	SE	0.001027605248497987	0.4340659341	False
ENSMUSG00000027104;A3:2:73710725-73722819:73710723-73722819:-	A3	-0.005698321221729752	0.4395604396	False
ENSMUSG00000027104;SE:2:73649492-73653545:73653650-73658816:-	SE	-0.0013035080779292274	0.4395604396	False
ENSMUSG00000027104;SE:2:73653650-73658131:73658202-73658816:-	SE	0.11326514488195026	0.4395604396	False
ENSMUSG00000027104;SE:2:73672790-73675783:73675897-73676541:-	SE	-0.004227526763406209	0.4395604396	False
ENSMUSG00000027104;SE:2:73672790-73676541:73676719-73680933:-	SE	0.06030068596472106	0.4395604396	False
ENSMUSG00000027104;SE:2:73676719-73680933:73681061-73681208:-	SE	-0.0026028930179399223	0.4395604396	False
ENSMUSG00000027104;SE:2:73681326-73684139:73684235-73693513:-	SE	-0.0007723351136726953	0.4395604396	False
ENSMUSG00000027104;SE:2:73693582-73700967:73701029-73704014:-	SE	-0.03175419105614402	0.4395604396	False
ENSMUSG00000027104;SE:2:73704089-73710629:73710723-73722819:-	SE	0.017234044884428937	0.4395604396	False
ENSMUSG00000027104;SE:2:73704089-73710629:73710725-73722819:-	SE	-0.023325236610645006	0.4395604396	False
ENSMUSG00000027111;AL:2:71679850-71682607:71682979:71679850-71686198:71686359:+	AL	0.020667037862529866	0.3846153846	False
ENSMUSG00000027111;AL:2:71679850-71682607:71682979:71679850-71686198:71687115:+	AL	0.030194557046525333	0.3846153846	False
ENSMUSG00000027111;AL:2:71679850-71682607:71682979:71679850-71686198:71688760:+	AL	0.05102792965742944	0.3846153846	False
ENSMUSG00000027111;AL:2:71679850-71683878:71685295:71679850-71686198:71686359:+	AL	0.004060743008850333	0.3846153846	False
ENSMUSG00000027111;AL:2:71679850-71683878:71685295:71679850-71686198:71687115:+	AL	0.0061979963465872	0.3846153846	False
ENSMUSG00000027111;AL:2:71679850-71683878:71685295:71679850-71686198:71688760:+	AL	0.008233515942381532	0.3846153846	False
ENSMUSG00000027111;SE:2:71652913-71654667:71654783-71655853:+	SE	-0.006849571339397231	0.3846153846	False
ENSMUSG00000027111;SE:2:71679850-71683878:71684007-71686198:+	SE	0.10210880707210175	0.3846153846	False
ENSMUSG00000027184;A3:2:103604140-103605762:103604089-103605762:-	A3	-0.009442070617043385	0.4175824176	False
ENSMUSG00000027184;AF:2:103613550-103626533:103626889:103613550-103627076:103627449:-	AF	0.045438769579672654	0.4175824176	False
ENSMUSG00000027184;RI:2:103605762:103605870-103605955:103606110:-	RI	0.00224718395912	0.4175824176	False
ENSMUSG00000027184;SE:2:103599248-103599780:103599974-103602042:-	SE	0.00873863539466091	0.4175824176	False
ENSMUSG00000027184;SE:2:103613550-103618483:103618548-103627076:-	SE	0.17542324391246433	0.1748251748	False
ENSMUSG00000027201;SE:2:124928636-124929463:124929509-124929597:-	SE	-0.015316751979041948	0.3711288711	False
ENSMUSG00000027201;SE:2:124938040-124939483:124939554-124939897:-	SE	0.07790241101455608	0.2247752248	False
ENSMUSG00000027201;SE:2:124938040-124939897:124939995-124940370:-	SE	0.0064268140758232395	0.3711288711	False
ENSMUSG00000027201;SE:2:124940438-124940717:124940767-124942239:-	SE	0.08285969408358418	0.2247752248	False
ENSMUSG00000027288;A3:2:120376385-120385712:120376382-120385712:-	A3	-0.056900447703281065	0.2902097902	False
ENSMUSG00000027288;AL:2:120362367:120362703-120376324:120365768:120366160-120376324:-	AL	-0.09044804880745105	0.2902097902	False
ENSMUSG00000027288;MX:2:120366160-120369776:120369973-120385712:120366160-120376324:120376385-120385712:-	MX	-0.08035664610224036	0.2902097902	False
ENSMUSG00000027288;SE:2:120359110-120360929:120360998-120362076:-	SE	-0.021802542431696437	0.2902097902	False
ENSMUSG00000027288;SE:2:120366160-120369776:120369973-120376324:-	SE	-0.031320706323631486	0.2902097902	False
ENSMUSG00000027288;SE:2:120369973-120376324:120376382-120385712:-	SE	0.04774273308545812	0.2902097902	False
ENSMUSG00000027288;SE:2:120369973-120376324:120376385-120385712:-	SE	0.05489631366159575	0.2902097902	False
ENSMUSG00000027331;A3:2:118659495-118661293:118659495-118661354:+	A3	0.005477963045395433	0.4100899101	False
ENSMUSG00000027331;SE:2:118644973-118648345:118648471-118649316:+	SE	0.03312297871487713	0.4033466533	False
ENSMUSG00000027331;SE:2:118644973-118649316:118649363-118653901:+	SE	0.02695974830056458	0.4100899101	False
ENSMUSG00000027331;SE:2:118654267-118659440:118659495-118662034:+	SE	-0.04548557911290996	0.4033466533	False
ENSMUSG00000027331;SE:2:118659495-118661293:118661450-118662034:+	SE	-0.0022701731799028846	0.4100899101	False
ENSMUSG00000027367;RI:2:127126015:127126223-127126452:127126501:+	RI	0.0037533277992371004	0.3916083916	False
ENSMUSG00000027469;A3:2:152696922-152709104:152696922-152709107:+	A3	0.03482062689193899	0.2837162837	False
ENSMUSG00000027469;A5:2:152690217-152696841:152690029-152696841:+	A5	0.08905935946855971	0.2837162837	False
ENSMUSG00000027469;A5:2:152696935-152709104:152696922-152709104:+	A5	-0.011981951165720171	0.3201798202	False
ENSMUSG00000027469;SE:2:152690217-152690297:152690431-152696841:+	SE	0.14577342609097738	0.2837162837	False
ENSMUSG00000027479;AF:2:153583194:153583339-153588176:153583522:153583574-153588176:+	AF	-0.028681677303765918	0.2522477522	False
ENSMUSG00000027479;AF:2:153583194:153583339-153588176:153587313:153587730-153588176:+	AF	-0.1001810386382661	0.2522477522	False
ENSMUSG00000027479;AF:2:153583522:153583574-153588176:153587313:153587730-153588176:+	AF	-0.01803983185024227	0.2522477522	False
ENSMUSG00000027490;A5:2:154406428-154410987:154406428-154411409:-	A5	0.0002395683178602337	0.4340659341	False
ENSMUSG00000027496;A5:2:172210952-172212315:172210952-172212393:-	A5	-0.014959888983246836	0.3781218781	False
ENSMUSG00000027496;SE:2:172209091-172210906:172210952-172212393:-	SE	-0.006474668210742274	0.3781218781	False
ENSMUSG00000027506;AF:3:9018859-9027143:9027313:9018859-9028907:9029106:-	AF	-0.07851821453198349	0.4298558584	False
ENSMUSG00000027506;AF:3:9018859-9027143:9027313:9018859-9028907:9029108:-	AF	-0.015225022151811651	0.4298558584	False
ENSMUSG00000027506;AF:3:9018859-9027143:9027313:9018859-9053418:9053696:-	AF	-0.06364955674348904	0.4298558584	False
ENSMUSG00000027506;AF:3:9018859-9027143:9027313:9018859-9058801:9058950:-	AF	-0.111252127961745	0.4298558584	False
ENSMUSG00000027506;AF:3:9018859-9027143:9027313:9018859-9069465:9069499:-	AF	-0.043252132205484184	0.4298558584	False
ENSMUSG00000027506;AF:3:9018859-9027143:9027313:9018859-9069465:9069538:-	AF	-0.007844589433055882	0.4298558584	False
ENSMUSG00000027506;AF:3:9018859-9027143:9027313:9018859-9069465:9069783:-	AF	-0.045782435418298184	0.4298558584	False
ENSMUSG00000027506;AF:3:9018859-9028907:9029106:9018859-9053418:9053696:-	AF	-0.026404811913275372	0.4298558584	False
ENSMUSG00000027506;AF:3:9018859-9028907:9029106:9018859-9058801:9058950:-	AF	-0.04356726961066215	0.4298558584	False
ENSMUSG00000027506;AF:3:9018859-9028907:9029106:9018859-9069465:9069499:-	AF	0.04279913085870296	0.4298558584	False
ENSMUSG00000027506;AF:3:9018859-9028907:9029106:9018859-9069465:9069538:-	AF	0.03886778441891281	0.4298558584	False
ENSMUSG00000027506;AF:3:9018859-9028907:9029106:9018859-9069465:9069783:-	AF	0.002246494247463038	0.4325996584	False
ENSMUSG00000027506;AF:3:9018859-9028907:9029108:9018859-9053418:9053696:-	AF	-0.018145434927741566	0.4298558584	False
ENSMUSG00000027506;AF:3:9018859-9028907:9029108:9018859-9058801:9058950:-	AF	-0.0912343455191329	0.4298558584	False
ENSMUSG00000027506;AF:3:9018859-9028907:9029108:9018859-9069465:9069499:-	AF	-0.027496066542175623	0.4298558584	False
ENSMUSG00000027506;AF:3:9018859-9028907:9029108:9018859-9069465:9069538:-	AF	0.0014047279503869303	0.4325996584	False
ENSMUSG00000027506;AF:3:9018859-9028907:9029108:9018859-9069465:9069783:-	AF	-0.012147389800668207	0.4298558584	False
ENSMUSG00000027506;AF:3:9018859-9053418:9053696:9018859-9058801:9058950:-	AF	0.03683214112168583	0.4298558584	False
ENSMUSG00000027506;AF:3:9018859-9053418:9053696:9018859-9069465:9069499:-	AF	0.026730608345711702	0.4298558584	False
ENSMUSG00000027506;AF:3:9018859-9053418:9053696:9018859-9069465:9069538:-	AF	0.12263142663332255	0.4298558584	False
ENSMUSG00000027506;AF:3:9018859-9053418:9053696:9018859-9069465:9069783:-	AF	0.1472368307021788	0.4298558584	False
ENSMUSG00000027506;AF:3:9018859-9058801:9058950:9018859-9069465:9069499:-	AF	0.08005337238155452	0.4298558584	False
ENSMUSG00000027506;AF:3:9018859-9058801:9058950:9018859-9069465:9069538:-	AF	0.0472814797599993	0.4298558584	False
ENSMUSG00000027506;AF:3:9018859-9058801:9058950:9018859-9069465:9069783:-	AF	0.012618659814046973	0.4298558584	False
ENSMUSG00000027506;MX:3:9000100-9001499:9001540-9009671:9000100-9008611:9008637-9009671:-	MX	-0.008608680937156513	0.4298558584	False
ENSMUSG00000027506;SE:3:9000100-9001499:9001540-9008611:-	SE	-0.027496066542175623	0.4298558584	False
ENSMUSG00000027506;SE:3:9000100-9001499:9001540-9009671:-	SE	-0.005669409510671818	0.4298558584	False
ENSMUSG00000027506;SE:3:9000100-9008611:9008637-9009671:-	SE	-0.004949071223481094	0.4298558584	False
ENSMUSG00000027506;SE:3:9001540-9008611:9008637-9009671:-	SE	0.0014047279503869303	0.4325996584	False
ENSMUSG00000027506;SE:3:9018859-9023251:9023394-9069465:-	SE	0.005947482983635567	0.4298558584	False
ENSMUSG00000027506;SE:3:9018859-9068340:9068494-9069465:-	SE	-0.00880360743160625	0.4298558584	False
ENSMUSG00000027506;SE:3:9018859-9068348:9068494-9069465:-	SE	0.0	0.4345654346	False
ENSMUSG00000027510;A5:2:172864063-172864585:172864040-172864585:+	A5	0.03987927642077438	0.2813186813	False
ENSMUSG00000027510;A5:2:172864199-172864585:172864040-172864585:+	A5	0.07520576530804307	0.2813186813	False
ENSMUSG00000027510;A5:2:172864199-172864585:172864063-172864585:+	A5	-0.006630858362336416	0.3624946482	False
ENSMUSG00000027510;AF:2:172863692:172864040-172864585:172864231:172864287-172864585:+	AF	-0.0486252804675118	0.2813186813	False
ENSMUSG00000027510;AF:2:172863695:172864063-172864585:172864231:172864287-172864585:+	AF	-0.06178050142676722	0.2813186813	False
ENSMUSG00000027510;AF:2:172863904:172864199-172864585:172864231:172864287-172864585:+	AF	-0.008826309467741265	0.3624946482	False
ENSMUSG00000027510;AF:2:172864624:172864708-172875299:172864843:172865174-172875299:+	AF	0.3583943253299	0.2813186813	False
ENSMUSG00000027510;SE:2:172864708-172865120:172865174-172875299:+	SE	-0.00222200233820935	0.3911088911	False
ENSMUSG00000027547;A5:2:168594660-168596354:168594660-168597686:-	A5	0.10463779047134802	0.4190809191	False
ENSMUSG00000027547;AF:2:168598720-168607014:168607166:168598720-168608832:168609121:-	AF	-0.007890965500510161	0.4190809191	False
ENSMUSG00000027547;AF:2:168598720-168607014:168607166:168598720-168609628:168609863:-	AF	0.021158015719163314	0.4190809191	False
ENSMUSG00000027547;AF:2:168598720-168608832:168609121:168598720-168609628:168609863:-	AF	0.005611027120319356	0.4190809191	False
ENSMUSG00000027547;SE:2:168594660-168596354:168598720-168608832:-	SE	0.0	0.4190809191	False
ENSMUSG00000027547;SE:2:168598720-168603469:168603542-168608832:-	SE	0.008575611947670633	0.4190809191	False
ENSMUSG00000027593;A5:2:154633468-154662927:154633151-154662927:+	A5	0.05358576238073831	0.3015873016	False
ENSMUSG00000027593;A5:2:154633468-154699189:154633151-154699189:+	A5	0.018698239978151454	0.3486513487	False
ENSMUSG00000027593;AF:2:154633026:154633151-154662927:154633274:154633468-154662927:+	AF	-0.11274649443858054	0.3015873016	False
ENSMUSG00000027593;AF:2:154633026:154633151-154662927:154633635:154633705-154662927:+	AF	0.0858220709651103	0.3015873016	False
ENSMUSG00000027593;AF:2:154633038:154633151-154699189:154633272:154633468-154699189:+	AF	-0.031583105641480765	0.3015873016	False
ENSMUSG00000027593;AF:2:154633077:154633468-154662927:154633635:154633705-154662927:+	AF	0.0122527048972364	0.3486513487	False
ENSMUSG00000027593;AF:2:154633274:154633468-154662927:154633635:154633705-154662927:+	AF	0.4274692797778167	0.3015873016	False
ENSMUSG00000027593;SE:2:154633151-154662927:154663009-154699189:+	SE	-0.13580786350749185	0.3015873016	False
ENSMUSG00000027593;SE:2:154633468-154636319:154636387-154662927:+	SE	-0.04392840927143474	0.3015873016	False
ENSMUSG00000027593;SE:2:154633468-154662927:154663009-154699189:+	SE	0.04015040072029785	0.3015873016	False
ENSMUSG00000027593;SE:2:154701670-154701831:154701878-154703760:+	SE	0.0652663490922531	0.3015873016	False
ENSMUSG00000027620;A3:2:155996209-156000320:155996191-156000320:-	A3	-0.034439553620782326	0.3838529891	False
ENSMUSG00000027620;A3:2:156009511-156009605:156009508-156009605:-	A3	0.16923819286991904	0.3838529891	False
ENSMUSG00000027620;A5:2:156019305-156019553:156019305-156019672:-	A5	0.08400459240256175	0.3838529891	False
ENSMUSG00000027620;AF:2:156021160-156021354:156021500:156021160-156021807:156021832:-	AF	0.08941418085558028	0.393749108	False
ENSMUSG00000027620;AF:2:156021160-156021354:156021500:156021160-156021807:156022062:-	AF	0.12884226380701966	0.3838529891	False
ENSMUSG00000027620;AF:2:156021160-156021354:156021500:156021160-156021807:156022067:-	AF	-0.11595497989721248	0.3838529891	False
ENSMUSG00000027620;AF:2:156021160-156021354:156021500:156021160-156021807:156022069:-	AF	0.007661018748554849	0.4418617097	False
ENSMUSG00000027620;AF:2:156021160-156021354:156021500:156021160-156021807:156022079:-	AF	0.020151512800153305	0.393749108	False
ENSMUSG00000027620;AF:2:156021160-156021354:156021500:156021160-156021807:156022081:-	AF	0.23584211820418632	0.3838529891	False
ENSMUSG00000027620;AF:2:156021160-156021354:156021500:156021160-156021807:156022087:-	AF	0.11536379618169325	0.3838529891	False
ENSMUSG00000027620;AF:2:156021160-156021354:156021500:156021160-156021807:156022096:-	AF	0.0035665093334407982	0.4418617097	False
ENSMUSG00000027620;AF:2:156021160-156021354:156021500:156021160-156021807:156022104:-	AF	0.10675382215230789	0.3838529891	False
ENSMUSG00000027620;AF:2:156021160-156021354:156021500:156021160-156021807:156022116:-	AF	-0.24704021817811883	0.3838529891	False
ENSMUSG00000027620;AF:2:156021160-156021354:156021500:156021160-156021807:156022132:-	AF	0.023526621810790294	0.4342396734	False
ENSMUSG00000027620;AF:2:156021160-156021354:156021500:156021160-156021807:156022158:-	AF	0.12412602569385739	0.3838529891	False
ENSMUSG00000027620;MX:2:156014942-156016017:156016088-156019256:156014942-156018323:156018377-156019256:-	MX	0.10080010108852211	0.3838529891	False
ENSMUSG00000027620;MX:2:156019305-156019672:156019826-156021097:156019305-156020800:156020872-156021097:-	MX	-0.09329870939980447	0.3838529891	False
ENSMUSG00000027620;SE:2:155992736-155994383:155994433-155996159:-	SE	0.0013836600181569667	0.4420579421	False
ENSMUSG00000027620;SE:2:156001161-156003488:156003553-156003748:-	SE	0.0	0.4420579421	False
ENSMUSG00000027620;SE:2:156009511-156009605:156009670-156014748:-	SE	-0.0513853814135839	0.3838529891	False
ENSMUSG00000027620;SE:2:156009670-156009849:156010087-156014748:-	SE	-0.000280741987301816	0.4420579421	False
ENSMUSG00000027620;SE:2:156014942-156016017:156016088-156018323:-	SE	0.3228381437532064	0.3838529891	False
ENSMUSG00000027620;SE:2:156014942-156016017:156016088-156019256:-	SE	0.034031195808662144	0.3838529891	False
ENSMUSG00000027620;SE:2:156014942-156018323:156018377-156019256:-	SE	0.0025275299377970836	0.4418617097	False
ENSMUSG00000027620;SE:2:156016088-156018323:156018377-156019256:-	SE	0.1564472249948843	0.3838529891	False
ENSMUSG00000027620;SE:2:156019305-156019553:156019826-156020800:-	SE	0.00308397341993627	0.4418617097	False
ENSMUSG00000027620;SE:2:156019305-156019672:156019826-156021097:-	SE	0.005363148359961219	0.4418617097	False
ENSMUSG00000027620;SE:2:156019305-156020800:156020872-156021097:-	SE	0.08230637480720215	0.3838529891	False
ENSMUSG00000027620;SE:2:156019826-156020800:156020872-156021097:-	SE	0.08400459240256175	0.3838529891	False
ENSMUSG00000027668;A5:3:32583844-32586047:32583709-32586047:+	A5	-0.016362233988132524	0.3516483516	False
ENSMUSG00000027668;AF:3:32583614:32583844-32586047:32585694:32585735-32586047:+	AF	-0.07067876143285645	0.3516483516	False
ENSMUSG00000027678;A3:2:165909565-165910249:165909565-165910252:+	A3	-0.003664963979091912	0.3896103896	False
ENSMUSG00000027678;SE:2:165890475-165891158:165891237-165891986:+	SE	-0.018373982520325096	0.3896103896	False
ENSMUSG00000027680;AF:3:34074247:34074312-34095212:34093680:34093728-34095212:+	AF	-0.00408671378894343	0.4370629371	False
ENSMUSG00000027680;AF:3:34074247:34074312-34095212:34093683:34093728-34095212:+	AF	-0.024047832771618594	0.4370629371	False
ENSMUSG00000027680;MX:3:34074312-34093676:34093728-34100181:34074312-34095212:34095305-34100181:+	MX	0.012332186229565334	0.4370629371	False
ENSMUSG00000027680;RI:3:34112173:34112230-34112318:34112380:+	RI	0.03547000394874811	0.4370629371	False
ENSMUSG00000027680;SE:3:34074312-34093676:34093728-34095212:+	SE	-0.0753338751548761	0.3856143856	False
ENSMUSG00000027680;SE:3:34093728-34095212:34095305-34100181:+	SE	-0.004767418688077618	0.4370629371	False
ENSMUSG00000027680;SE:3:34118468-34119123:34119203-34122310:+	SE	0.0005448512500341174	0.4370629371	False
ENSMUSG00000027680;SE:3:34118468-34122310:34122401-34123066:+	SE	-0.08913677251348884	0.3856143856	False
ENSMUSG00000027695;A3:3:28099245-28100613:28099245-28102162:+	A3	-0.0002777677069772835	0.4380619381	False
ENSMUSG00000027695;AF:3:27992844:27992899-28006662:28004151:28004243-28006662:+	AF	0.07920858435351819	0.3346653347	False
ENSMUSG00000027695;AF:3:27992844:27992899-28006662:28004152:28004243-28006662:+	AF	-0.044328104752115016	0.3346653347	False
ENSMUSG00000027695;AL:3:28184579-28184889:28184944:28184579-28185663:28186199:+	AL	0.06469965929786536	0.3346653347	False
ENSMUSG00000027695;AL:3:28184579-28184889:28184944:28184579-28185663:28187383:+	AL	-7.233627693670197e-05	0.4380619381	False
ENSMUSG00000027695;AL:3:28184579-28184889:28184944:28184579-28185663:28187388:+	AL	0.03990805628385374	0.3346653347	False
ENSMUSG00000027695;AL:3:28184579-28184889:28184944:28184579-28185663:28187511:+	AL	0.19892035905048833	0.3346653347	False
ENSMUSG00000027695;SE:3:28130740-28132353:28132566-28139935:+	SE	-0.0027024140928625373	0.4380619381	False
ENSMUSG00000027695;SE:3:28132566-28133338:28133451-28139935:+	SE	-0.0006227616945259917	0.4380619381	False
ENSMUSG00000027695;SE:3:28174977-28177838:28177906-28178722:+	SE	-0.0069304016088244345	0.4380619381	False
ENSMUSG00000027708;A5:3:35970499-35973150:35970499-35973271:-	A5	0.013551418131262039	0.3473907045	False
ENSMUSG00000027708;A5:3:35973318-35975120:35973318-35975262:-	A5	-1.9679067383981952e-05	0.461038961	False
ENSMUSG00000027708;A5:3:35975336-35984070:35975336-35984095:-	A5	-0.03520735113349327	0.3473907045	False
ENSMUSG00000027708;AF:3:35975336-35984070:35984268:35975336-35986342:35986483:-	AF	-0.14637109852086727	0.3473907045	False
ENSMUSG00000027708;AF:3:35975336-35984070:35984268:35975336-35986934:35986964:-	AF	-0.08264977736970025	0.3473907045	False
ENSMUSG00000027708;AF:3:35975336-35984070:35984268:35975336-35986934:35986973:-	AF	0.05777933042966604	0.3473907045	False
ENSMUSG00000027708;AF:3:35975336-35984070:35984268:35975336-35986934:35986985:-	AF	0.04809436715830262	0.3473907045	False
ENSMUSG00000027708;AF:3:35975336-35984070:35984268:35975336-35986934:35987621:-	AF	-0.018347239397477844	0.3473907045	False
ENSMUSG00000027708;AF:3:35975336-35984070:35984268:35975336-35991497:35991594:-	AF	-0.0296539819864845	0.3473907045	False
ENSMUSG00000027708;AF:3:35975336-35984095:35984223:35975336-35986342:35986483:-	AF	-0.08360979825838309	0.3473907045	False
ENSMUSG00000027708;AF:3:35975336-35984095:35984223:35975336-35986934:35986964:-	AF	-0.13908135165275537	0.3473907045	False
ENSMUSG00000027708;AF:3:35975336-35984095:35984223:35975336-35986934:35986973:-	AF	0.06269688317708286	0.3473907045	False
ENSMUSG00000027708;AF:3:35975336-35984095:35984223:35975336-35986934:35986985:-	AF	0.06951085324321726	0.3473907045	False
ENSMUSG00000027708;AF:3:35975336-35984095:35984223:35975336-35986934:35987621:-	AF	0.01479679942001988	0.3473907045	False
ENSMUSG00000027708;AF:3:35975336-35984095:35984223:35975336-35991497:35991594:-	AF	-0.05379083838819032	0.3473907045	False
ENSMUSG00000027708;AF:3:35975336-35986342:35986483:35975336-35986934:35986964:-	AF	-0.01757409043918834	0.3473907045	False
ENSMUSG00000027708;AF:3:35975336-35986342:35986483:35975336-35986934:35986973:-	AF	0.258141492695553	0.0574425574	False
ENSMUSG00000027708;AF:3:35975336-35986342:35986483:35975336-35986934:35986985:-	AF	0.03645960225618339	0.3473907045	False
ENSMUSG00000027708;AF:3:35975336-35986342:35986483:35975336-35986934:35987621:-	AF	0.034090956757302227	0.3473907045	False
ENSMUSG00000027708;AF:3:35975336-35986342:35986483:35975336-35991497:35991594:-	AF	-0.0012808034669155033	0.4407410771	False
ENSMUSG00000027708;AF:3:35975336-35986934:35986973:35975336-35991497:35991594:-	AF	-0.013097821300504409	0.3473907045	False
ENSMUSG00000027708;AF:3:35975336-35986934:35987621:35975336-35991497:35991594:-	AF	-0.03743584452318538	0.3473907045	False
ENSMUSG00000027708;SE:3:35952024-35970369:35970499-35973150:-	SE	0.014905039180152957	0.3473907045	False
ENSMUSG00000027715;SE:3:36623238-36624225:36624314-36624885:-	SE	0.11202033261198352	0.0484515485	True
ENSMUSG00000027881;A5:3:108812650-108813388:108812650-108813390:-	A5	0.0367773651690274	0.2752247752	False
ENSMUSG00000027881;A5:3:108815399-108815642:108815399-108815652:-	A5	0.14376590435782688	0.2117882118	False
ENSMUSG00000027881;SE:3:108812650-108813234:108813304-108815103:-	SE	0.1497206219224656	0.2117882118	False
ENSMUSG00000027881;SE:3:108812650-108813388:108813441-108815103:-	SE	0.0254784035835056	0.2752247752	False
ENSMUSG00000027881;SE:3:108815720-108817659:108817711-108818480:-	SE	0.11338746047205957	0.2117882118	False
ENSMUSG00000027940;A5:3:89995788-89997104:89995783-89997104:+	A5	-0.0014248647903991538	0.4160839161	False
ENSMUSG00000027940;AF:3:89986847:89987170-89993753:89987198:89987303-89993753:+	AF	-0.050670599497744995	0.367965368	False
ENSMUSG00000027940;AF:3:89986847:89987170-89993753:89987749:89987924-89993753:+	AF	0.01114515400453453	0.4160839161	False
ENSMUSG00000027940;AF:3:89986961:89987170-89993753:89987749:89987924-89993753:+	AF	-0.12956445530172073	0.367965368	False
ENSMUSG00000027940;AF:3:89986972:89987170-89993753:89987198:89987303-89993753:+	AF	-0.01995586883481082	0.4160839161	False
ENSMUSG00000027940;AF:3:89986972:89987170-89993753:89987749:89987924-89993753:+	AF	0.005447519550118685	0.4160839161	False
ENSMUSG00000027940;AF:3:89987022:89987170-89993753:89987198:89987303-89993753:+	AF	-0.6889228241766366	0.3431568432	False
ENSMUSG00000027940;AF:3:89987022:89987170-89993753:89987749:89987924-89993753:+	AF	-0.2910859400229998	0.367965368	False
ENSMUSG00000027940;AF:3:89987198:89987303-89993753:89987749:89987924-89993753:+	AF	0.4472634294463145	0.3431568432	False
ENSMUSG00000027940;AL:3:89997386-90005682:90006090:89997386-90006835:90008208:+	AL	-0.039065633585986546	0.367965368	False
ENSMUSG00000027940;MX:3:89995051-89995708:89995783-89997104:89995051-89996355:89996430-89997104:+	MX	0.08744922646463027	0.3431568432	False
ENSMUSG00000027940;MX:3:89995051-89995708:89995788-89997104:89995051-89996355:89996430-89997104:+	MX	0.2932912151771485	0.3431568432	False
ENSMUSG00000027940;SE:3:89997386-89998320:89998398-90005682:+	SE	0.5245832665145785	0.3431568432	False
ENSMUSG00000027940;SE:3:89997386-89998320:89998398-90006835:+	SE	-0.0005943713978035664	0.4160839161	False
ENSMUSG00000028134;A3:3:119514109-119514256:119514106-119514256:-	A3	0.09143488018285428	0.2564102564	False
ENSMUSG00000028134;A3:3:119519869-119533964:119519854-119533964:-	A3	-0.06438262375517272	0.2697302697	False
ENSMUSG00000028134;A5:3:119575183-119576851:119575183-119577172:-	A5	0.028803265836883085	0.3275671697	False
ENSMUSG00000028134;AF:3:119514654-119517743:119518036:119514654-119533964:119534528:-	AF	0.5772470829273169	0.2564102564	False
ENSMUSG00000028134;AF:3:119575183-119576851:119576883:119575183-119577172:119577340:-	AF	0.4697726250363321	0.2364302364	False
ENSMUSG00000028134;AF:3:119575183-119576851:119576883:119575183-119577928:119578113:-	AF	0.1898390492357969	0.2364302364	False
ENSMUSG00000028134;AF:3:119575183-119576851:119576883:119575183-119577928:119578115:-	AF	0.45521697175628545	0.2364302364	False
ENSMUSG00000028134;AF:3:119575183-119576851:119576935:119575183-119577172:119577340:-	AF	0.017890602135012566	0.3275671697	False
ENSMUSG00000028134;AF:3:119575183-119576851:119576935:119575183-119577928:119578113:-	AF	0.0047665039404498335	0.3851148851	False
ENSMUSG00000028134;AF:3:119575183-119576851:119576956:119575183-119577172:119577340:-	AF	-0.16839028925609734	0.2697302697	False
ENSMUSG00000028134;AF:3:119575183-119576851:119576956:119575183-119577928:119578113:-	AF	-0.05624345050779869	0.2947052947	False
ENSMUSG00000028134;AF:3:119575183-119576851:119576956:119575183-119577928:119578115:-	AF	-0.31777809731848455	0.2364302364	False
ENSMUSG00000028134;AF:3:119575183-119576851:119577037:119575183-119577172:119577340:-	AF	0.0777378356952908	0.3023643024	False
ENSMUSG00000028134;AF:3:119575183-119576851:119577037:119575183-119577928:119578113:-	AF	0.14239885848540212	0.2364302364	False
ENSMUSG00000028134;AF:3:119575183-119576851:119577037:119575183-119577928:119578115:-	AF	0.06354698684217597	0.3023643024	False
ENSMUSG00000028134;AF:3:119575183-119576851:119577453:119575183-119577928:119578113:-	AF	0.1317780364412554	0.2364302364	False
ENSMUSG00000028134;AF:3:119575183-119576851:119577453:119575183-119577928:119578115:-	AF	0.018735086920886213	0.3275671697	False
ENSMUSG00000028134;AF:3:119575183-119577172:119577340:119575183-119577928:119578113:-	AF	0.01851595967388006	0.3275671697	False
ENSMUSG00000028134;AF:3:119575183-119577172:119577340:119575183-119577928:119578115:-	AF	0.1019689379929608	0.3023643024	False
ENSMUSG00000028134;SE:3:119517835-119518261:119518294-119519715:-	SE	-0.08834164238227393	0.2564102564	False
ENSMUSG00000028156;SE:3:138233075-138239137:138239272-138252082:+	SE	-0.00035115277357433694	0.4370629371	False
ENSMUSG00000028156;SE:3:138252188-138253420:138253515-138256024:+	SE	0.03134752391652995	0.3576423576	False
ENSMUSG00000028180;A3:3:157242023-157242085:157242023-157242115:+	A3	0.026062205313389934	0.4190809191	False
ENSMUSG00000028180;A3:3:157242023-157242085:157242023-157242120:+	A3	0.011874760280425051	0.4190809191	False
ENSMUSG00000028180;A3:3:157242023-157242115:157242023-157242120:+	A3	-0.004494619110936848	0.4190809191	False
ENSMUSG00000028180;A5:3:157247506-157248795:157247458-157248795:+	A5	0.007186820648967918	0.4190809191	False
ENSMUSG00000028180;RI:3:157247337:157247458-157248795:157248881:+	RI	0.19219886806641617	0.4190809191	False
ENSMUSG00000028180;RI:3:157247337:157247506-157248795:157248881:+	RI	0.025896092343676368	0.4190809191	False
ENSMUSG00000028180;SE:3:157242023-157242085:157242223-157243224:+	SE	0.2683590048194404	0.4190809191	False
ENSMUSG00000028180;SE:3:157242023-157242115:157242223-157243224:+	SE	-0.0002797036562146582	0.4190809191	False
ENSMUSG00000028180;SE:3:157242023-157242120:157242223-157243224:+	SE	-7.963346998618448e-05	0.4190809191	False
ENSMUSG00000028180;SE:3:157250759-157251712:157251786-157252312:+	SE	0.0241495689548535	0.4190809191	False
ENSMUSG00000028282;A3:4:32631166-32631806:32631166-32631816:+	A3	-0.0062252477612136925	0.4350649351	False
ENSMUSG00000028282;A5:4:32615739-32624084:32615492-32624084:+	A5	-0.006944504567579652	0.4350649351	False
ENSMUSG00000028282;A5:4:32649257-32652674:32649225-32652674:+	A5	0.0009217959007762344	0.4350649351	False
ENSMUSG00000028309;AF:4:49632006:49632033-49632365:49632066:49632211-49632365:+	AF	-0.018560684224889448	0.3726273726	False
ENSMUSG00000028309;AF:4:49632006:49632033-49632365:49632093:49632211-49632365:+	AF	0.0	0.3726273726	False
ENSMUSG00000028426;A5:4:55350427-55366777:55350250-55366777:+	A5	-0.0006765219590626481	0.4395604396	False
ENSMUSG00000028426;AL:4:55350427-55350898:55351184:55350427-55366777:55368574:+	AL	0.07724353094124015	0.4115884116	False
ENSMUSG00000028433;SE:4:41235594-41245456:41245492-41251535:-	SE	0.04723533250919267	0.1923076923	False
ENSMUSG00000028433;SE:4:41235594-41251535:41251671-41275040:-	SE	0.07868261602931287	0.1668331668	False
ENSMUSG00000028484;A3:4:83380710-83381832:83380411-83381832:-	A3	0.0	0.4160839161	False
ENSMUSG00000028484;A3:4:83380790-83381832:83380411-83381832:-	A3	0.0	0.4160839161	False
ENSMUSG00000028484;A3:4:83380790-83381832:83380710-83381832:-	A3	-0.01736787586465688	0.4160839161	False
ENSMUSG00000028496;AF:4:87949941-87950874:87951050:87949941-87951321:87951518:-	AF	-0.05546057068057385	0.1933066933	False
ENSMUSG00000028496;AF:4:87949941-87950874:87951050:87949941-87951321:87951601:-	AF	-0.09243887469076141	0.1933066933	False
ENSMUSG00000028496;SE:4:87692383-87700524:87700595-87701886:-	SE	0.031964827306982135	0.1933066933	False
ENSMUSG00000028496;SE:4:87798385-87929870:87929944-87949761:-	SE	-0.09375781353381694	0.1933066933	False
ENSMUSG00000028556;A3:4:98842160-98843553:98842117-98843553:-	A3	-0.0139376535935061	0.4075924076	False
ENSMUSG00000028556;A5:4:98859128-98861342:98859128-98861364:-	A5	0.11854766303827408	0.4075924076	False
ENSMUSG00000028556;AF:4:98896400-98896520:98896717:98896400-98897490:98897507:-	AF	0.0	0.4075924076	False
ENSMUSG00000028556;AF:4:98896400-98896520:98896717:98896400-98897490:98897542:-	AF	-0.012362004490152678	0.4075924076	False
ENSMUSG00000028556;MX:4:98879696-98880606:98880695-98889270:98879696-98881884:98881973-98889270:-	MX	0.0	0.4075924076	False
ENSMUSG00000028556;SE:4:98879696-98880606:98880695-98881884:-	SE	0.0	0.4075924076	False
ENSMUSG00000028556;SE:4:98879696-98880606:98880695-98889270:-	SE	-0.014502125193031179	0.4075924076	False
ENSMUSG00000028556;SE:4:98880695-98881884:98881973-98889270:-	SE	-0.014827806078379496	0.4075924076	False
ENSMUSG00000028556;SE:4:98905002-98908258:98908328-98911579:-	SE	-0.005323812875316358	0.4075924076	False
ENSMUSG00000028560;A3:4:98812480-98814673:98812480-98814692:+	A3	0.16836152198618526	0.0599400599	False
ENSMUSG00000028560;SE:4:98812480-98814673:98814911-98816471:+	SE	-0.040345392696941484	0.1858141858	False
ENSMUSG00000028560;SE:4:98812480-98814692:98814911-98816471:+	SE	-0.12967292153015642	0.0756743257	False
ENSMUSG00000028572;SE:4:95903138-95903902:95903945-95904646:+	SE	-0.08908143719957684	0.1198801199	False
ENSMUSG00000028617;AF:4:107104977-107110315:107110357:107104977-107110472:107110729:-	AF	-0.0606567290904722	0.2277722278	False
ENSMUSG00000028617;SE:4:107091181-107091348:107091404-107092997:-	SE	0.03615313724663395	0.2277722278	False
ENSMUSG00000028633;RI:4:120399728:120399824-120399907:120399962:-	RI	0.07337391697735338	0.2307692308	False
ENSMUSG00000028633;SE:4:120399962-120400925:120401021-120402215:-	SE	-0.017535514730552038	0.2957042957	False
ENSMUSG00000028639;A3:4:119136408-119138767:119136396-119138767:-	A3	-0.009810878336499917	0.2797202797	False
ENSMUSG00000028639;SE:4:119139645-119139978:119140067-119142306:-	SE	-0.010306004623246712	0.2797202797	False
ENSMUSG00000028646;A5:4:123814234-123814744:123813845-123814744:+	A5	-0.008127633519312836	0.3526473526	False
ENSMUSG00000028646;AF:4:123811239:123811560-123813642:123812880:123813011-123813642:+	AF	-0.018441975026273316	0.3526473526	False
ENSMUSG00000028646;AF:4:123811267:123811560-123813642:123812880:123813011-123813642:+	AF	-0.26980014438256644	0.3526473526	False
ENSMUSG00000028646;AF:4:123814700:123814943-123817753:123815075:123815257-123817753:+	AF	0.038798315794334015	0.3526473526	False
ENSMUSG00000028676;A3:4:135590513-135590834:135590513-135590837:+	A3	-0.12295799019400155	0.1215451215	False
ENSMUSG00000028676;AL:4:135590887-135591040:135591180:135590887-135594437:135595693:+	AL	0.07837409626081814	0.1938061938	False
ENSMUSG00000028676;AL:4:135590887-135591040:135591180:135590887-135594437:135597219:+	AL	0.12358135230617025	0.1938061938	False
ENSMUSG00000028676;AL:4:135590887-135591040:135593126:135590887-135594437:135595693:+	AL	0.22067624396508712	0.1061438561	False
ENSMUSG00000028676;AL:4:135590887-135591040:135593126:135590887-135594437:135597219:+	AL	0.30665362118845896	0.0999000999	False
ENSMUSG00000028677;A5:4:117142708-117143048:117142708-117143126:-	A5	0.0012316281454859412	0.4235764236	False
ENSMUSG00000028677;A5:4:117143169-117145560:117143169-117145720:-	A5	0.0723177561771623	0.3244255744	False
ENSMUSG00000028677;A5:4:117143169-117145560:117143169-117146223:-	A5	-0.011067776137539169	0.392393321	False
ENSMUSG00000028677;A5:4:117146265-117146396:117146265-117146400:-	A5	-0.10070467539037636	0.3244255744	False
ENSMUSG00000028677;AF:4:117143169-117145720:117145969:117143169-117146223:117146310:-	AF	-0.10642080958720163	0.3244255744	False
ENSMUSG00000028677;AF:4:117143169-117145720:117145969:117143169-117146223:117146482:-	AF	-0.1431371317496656	0.3244255744	False
ENSMUSG00000028677;AF:4:117146265-117146396:117146639:117146265-117146921:117147027:-	AF	-0.004052045695160114	0.4235764236	False
ENSMUSG00000028677;AF:4:117146265-117146400:117146643:117146265-117146921:117147027:-	AF	0.12870530296028299	0.3244255744	False
ENSMUSG00000028693;RI:4:116461360:116461548-116461938:116462011:-	RI	0.0006638956413873003	0.4350649351	False
ENSMUSG00000028693;SE:4:116462960-116467600:116468574-116469169:-	SE	-0.22886153814837928	0.0284715285	True
ENSMUSG00000028693;SE:4:116469278-116471527:116471607-116476067:-	SE	-0.01044176455860557	0.4350649351	False
ENSMUSG00000028788;A5:4:129714592-129732771:129714541-129732771:+	A5	-0.009317686154509452	0.3801198801	False
ENSMUSG00000028788;AF:4:129714014:129714394-129732771:129714473:129714592-129732771:+	AF	0.18429577140686892	0.1198801199	False
ENSMUSG00000028788;AF:4:129714014:129714394-129732771:129714501:129714592-129732771:+	AF	0.021629153737237172	0.3801198801	False
ENSMUSG00000028788;AF:4:129714014:129714394-129732771:129714514:129714541-129732771:+	AF	-0.006213884017121973	0.3801198801	False
ENSMUSG00000028788;SE:4:129736555-129738855:129738985-129740258:+	SE	0.008339668363197439	0.3801198801	False
ENSMUSG00000028793;A3:4:128965735-128967292:128965735-128967295:+	A3	-0.12412200117117803	0.1138861139	False
ENSMUSG00000028793;A5:4:128978012-128979343:128977581-128979343:+	A5	0.0	0.3641358641	False
ENSMUSG00000028796;A3:4:128621663-128637147:128621663-128637149:+	A3	0.009914878128221227	0.3506493506	False
ENSMUSG00000028796;A3:4:128641035-128641801:128641035-128641826:+	A3	0.00828366971963268	0.3506493506	False
ENSMUSG00000028796;A5:4:128621992-128637147:128621914-128637147:+	A5	-0.12431454762111915	0.3506493506	False
ENSMUSG00000028796;A5:4:128637349-128638795:128637254-128638795:+	A5	0.015173790775791951	0.3506493506	False
ENSMUSG00000028796;AF:4:128548495:128548609-128598791:128582531:128582638-128598791:+	AF	-0.027013988796718458	0.3506493506	False
ENSMUSG00000028796;AF:4:128548495:128548609-128598791:128582588:128582638-128598791:+	AF	-0.11310297889050969	0.3506493506	False
ENSMUSG00000028796;AF:4:128621378:128621663-128637147:128621726:128621992-128637147:+	AF	0.05816786821961306	0.3506493506	False
ENSMUSG00000028796;AF:4:128621378:128621663-128637147:128621775:128621914-128637147:+	AF	-0.009012122183847837	0.3506493506	False
ENSMUSG00000028796;AF:4:128621475:128621663-128637147:128621726:128621992-128637147:+	AF	0.13941650767066882	0.3506493506	False
ENSMUSG00000028796;AF:4:128621475:128621663-128637147:128621775:128621914-128637147:+	AF	-0.04604854288560689	0.3506493506	False
ENSMUSG00000028796;SE:4:128621663-128621880:128621992-128637147:+	SE	0.0070475048537519	0.3506493506	False
ENSMUSG00000028796;SE:4:128621914-128635709:128635877-128637147:+	SE	-0.17016594344989555	0.3506493506	False
ENSMUSG00000028809;A3:4:135051420-135052130:135051372-135052130:-	A3	-0.0365100766281542	0.3398601399	False
ENSMUSG00000028809;A3:4:135067918-135068158:135067915-135068158:-	A3	-0.31941935590889825	0.3398601399	False
ENSMUSG00000028809;A3:4:135067933-135068158:135067915-135068158:-	A3	-0.0017767797483013714	0.4455544456	False
ENSMUSG00000028809;A3:4:135067933-135068158:135067918-135068158:-	A3	0.0009066838906209851	0.4455544456	False
ENSMUSG00000028809;A3:4:135069884-135071175:135069794-135071175:-	A3	-0.07767532281326317	0.3398601399	False
ENSMUSG00000028809;RI:4:135071810:135071980-135074046:135074168:-	RI	0.0139048394233714	0.4173326673	False
ENSMUSG00000028809;SE:4:135054534-135056315:135056356-135056684:-	SE	0.04306403650227808	0.3398601399	False
ENSMUSG00000028809;SE:4:135065389-135065860:135065897-135067814:-	SE	0.0804588598873005	0.3398601399	False
ENSMUSG00000028809;SE:4:135071980-135072507:135072788-135074046:-	SE	-0.0005682197349049338	0.4455544456	False
ENSMUSG00000028820;A3:4:126917361-126917443:126917361-126917467:+	A3	-0.07158399305864019	0.0934065934	False
ENSMUSG00000028821;RI:4:134661767:134661892-134662243:134662360:+	RI	-0.004986026302179333	0.3611388611	False
ENSMUSG00000028821;RI:4:134662243:134662360-134662685:134662775:+	RI	0.00646597018867485	0.3611388611	False
ENSMUSG00000028868;A5:4:132858039-132903752:132858034-132903752:+	A5	0.11863883595439106	0.3191808192	False
ENSMUSG00000028868;AF:4:132857816:132858039-132903752:132903312:132903362-132903752:+	AF	-0.019979194319628468	0.3191808192	False
ENSMUSG00000028868;AF:4:132857851:132858034-132903752:132903312:132903362-132903752:+	AF	-0.04589310746910147	0.3191808192	False
ENSMUSG00000028868;SE:4:132858039-132887697:132887841-132903752:+	SE	0.03657241809691139	0.3191808192	False
ENSMUSG00000028873;AL:4:124812258:124812823-124813406:124812904:124813151-124813406:-	AL	-0.061388495658183495	0.1308691309	False
ENSMUSG00000028906;A3:4:131663178-131664326:131663163-131664326:-	A3	-0.004703838068389143	0.456043956	False
ENSMUSG00000028906;A3:4:131695286-131701995:131695283-131701995:-	A3	-0.0011684283773620852	0.456043956	False
ENSMUSG00000028906;A3:4:131734749-131802513:131734732-131802513:-	A3	-0.40322892059407156	0.456043956	False
ENSMUSG00000028906;A5:4:131731105-131733354:131731105-131733360:-	A5	-0.21517695911026563	0.456043956	False
ENSMUSG00000028906;A5:4:131734732-131802491:131734732-131802513:-	A5	-0.02288611890793224	0.456043956	False
ENSMUSG00000028906;AF:4:131734749-131776182:131776389:131734749-131802513:131802603:-	AF	0.0	0.456043956	False
ENSMUSG00000028906;AF:4:131734749-131776182:131776402:131734749-131797939:131799408:-	AF	0.0006362560298368569	0.456043956	False
ENSMUSG00000028906;AF:4:131734749-131776182:131776402:131734749-131802513:131802603:-	AF	0.0004945613867929355	0.456043956	False
ENSMUSG00000028906;AF:4:131734749-131797939:131799408:131734749-131802513:131802603:-	AF	-0.10886192461340054	0.456043956	False
ENSMUSG00000028906;MX:4:131690297-131691240:131691281-131695099:131690297-131691442:131691498-131695099:-	MX	-0.0008495107012977	0.456043956	False
ENSMUSG00000028906;SE:4:131655883-131657005:131657106-131663050:-	SE	-0.00825657311901129	0.456043956	False
ENSMUSG00000028906;SE:4:131663178-131664326:131664775-131684954:-	SE	0.0025275939542589443	0.456043956	False
ENSMUSG00000028906;SE:4:131685130-131690235:131690297-131695099:-	SE	-0.028637166108676726	0.456043956	False
ENSMUSG00000028906;SE:4:131690297-131691240:131691281-131691442:-	SE	0.0006564575520544166	0.456043956	False
ENSMUSG00000028906;SE:4:131690297-131691240:131691281-131695099:-	SE	-0.00242306189477965	0.456043956	False
ENSMUSG00000028906;SE:4:131690297-131691442:131691498-131695099:-	SE	0.009747966156740784	0.456043956	False
ENSMUSG00000028906;SE:4:131724852-131727511:131727615-131730896:-	SE	-0.00018721862789450316	0.456043956	False
ENSMUSG00000028906;SE:4:131731105-131733354:131733434-131734269:-	SE	-0.0007552688477245071	0.456043956	False
ENSMUSG00000028906;SE:4:131731105-131733360:131733434-131734269:-	SE	0.004494820671647552	0.456043956	False
ENSMUSG00000028911;A3:4:131612803-131613418:131612803-131613442:+	A3	0.18538562648020923	0.2917082917	False
ENSMUSG00000028911;AF:4:131600928:131601181-131618518:131612519:131613615-131618518:+	AF	-0.02296540557036053	0.2917082917	False
ENSMUSG00000028960;A3:4:149419792-149421842:149419760-149421842:-	A3	-0.016057735392304935	0.4018838305	False
ENSMUSG00000028960;AF:4:149471673-149471883:149472119:149471673-149510339:149511057:-	AF	0.037445464602483436	0.4018838305	False
ENSMUSG00000028960;AF:4:149483242-149483664:149483835:149483242-149510339:149510362:-	AF	-0.01468056161653605	0.4018838305	False
ENSMUSG00000028960;AF:4:149483242-149483664:149483835:149483242-149510339:149510442:-	AF	-0.1395020826953069	0.4018838305	False
ENSMUSG00000028960;AF:4:149483242-149483664:149483835:149483242-149510339:149511206:-	AF	-0.00919432977196405	0.4018838305	False
ENSMUSG00000028960;SE:4:149449994-149452758:149452872-149455616:-	SE	-0.01937781984605369	0.4018838305	False
ENSMUSG00000028960;SE:4:149457426-149463729:149463866-149464491:-	SE	0.07602765614006227	0.4018838305	False
ENSMUSG00000028960;SE:4:149471673-149483056:149483242-149510339:-	SE	0.0026929914705102753	0.4050949051	False
ENSMUSG00000029030;A5:4:154243879-154244498:154243879-154244542:-	A5	0.020227652511156935	0.4080919081	False
ENSMUSG00000029030;AF:4:154243879-154244498:154244623:154243879-154244812:154245089:-	AF	-0.020328003701609254	0.4080919081	False
ENSMUSG00000029030;SE:4:154243022-154243726:154243879-154244542:-	SE	0.17429366839340332	0.1738261738	False
ENSMUSG00000029030;SE:4:154243879-154244542:154244718-154244812:-	SE	-0.001762643198042757	0.4080919081	False
ENSMUSG00000029062;A3:4:155732424-155732682:155732424-155732740:+	A3	-0.0036539116749799002	0.4055944056	False
ENSMUSG00000029062;A5:4:155710230-155711231:155710111-155711231:+	A5	0.1350686870858701	0.1985514486	False
ENSMUSG00000029062;RI:4:155709988:155710111-155710184:155710230:+	RI	0.07441218276674572	0.2753496503	False
ENSMUSG00000029062;SE:4:155709398-155709642:155709796-155709988:+	SE	0.05484974456232089	0.2753496503	False
ENSMUSG00000029062;SE:4:155710111-155710184:155710230-155711231:+	SE	0.12880013740447005	0.1985514486	False
ENSMUSG00000029064;A3:4:155641743-155641925:155641743-155641928:+	A3	-0.14097860172637772	0.2497502498	False
ENSMUSG00000029064;AF:4:155575821:155576037-155611870:155577366:155577501-155611870:+	AF	-0.23669636576286768	0.288045288	False
ENSMUSG00000029064;AF:4:155575821:155576037-155611870:155606919:155607115-155611870:+	AF	-0.05326191663540947	0.3301698302	False
ENSMUSG00000029064;AF:4:155575821:155576037-155611870:155607093:155607115-155611870:+	AF	-0.01435511706928383	0.3301698302	False
ENSMUSG00000029064;SE:4:155576037-155600088:155600136-155611870:+	SE	-0.07431923100310012	0.288045288	False
ENSMUSG00000029106;A3:5:34731257-34755513:34731257-34755614:+	A3	0.04087930933785	0.4065934066	False
ENSMUSG00000029106;A3:5:34785857-34786480:34785857-34786483:+	A3	0.055131624522205436	0.3227772228	False
ENSMUSG00000029106;A5:5:34774251-34776694:34774158-34776694:+	A5	-0.14014823633383672	0.1843156843	False
ENSMUSG00000029106;SE:5:34731257-34755513:34755791-34758668:+	SE	-0.008873146857545977	0.4065934066	False
ENSMUSG00000029106;SE:5:34731257-34755614:34755791-34758668:+	SE	-0.00915274204822655	0.4065934066	False
ENSMUSG00000029106;SE:5:34777478-34778176:34778262-34782623:+	SE	0.05781853138559344	0.3227772228	False
ENSMUSG00000029106;SE:5:34785857-34786480:34786516-34787814:+	SE	-0.17024423777160608	0.1843156843	False
ENSMUSG00000029106;SE:5:34785857-34786483:34786516-34787814:+	SE	-0.2353180119076949	0.1843156843	False
ENSMUSG00000029106;SE:5:34786516-34787579:34787628-34787814:+	SE	-0.00165760500097745	0.4065934066	False
ENSMUSG00000029110;A5:5:34493885-34499866:34493828-34499866:+	A5	0.0892144843739171	0.2424075924	False
ENSMUSG00000029110;AF:5:34493633:34493885-34499866:34494029:34494153-34499866:+	AF	-0.047391053103607805	0.2658769802	False
ENSMUSG00000029110;AF:5:34493633:34493885-34499866:34494276:34494441-34499866:+	AF	0.04213157516802357	0.2893668831	False
ENSMUSG00000029110;AF:5:34493633:34493885-34499866:34494663:34494876-34499866:+	AF	0.01643683724343281	0.3657176157	False
ENSMUSG00000029110;AF:5:34493672:34493885-34499866:34494029:34494153-34499866:+	AF	-0.1222558600966198	0.2424075924	False
ENSMUSG00000029110;AF:5:34493672:34493885-34499866:34494276:34494441-34499866:+	AF	0.3990914964636367	0.2136863137	False
ENSMUSG00000029110;AF:5:34493672:34493885-34499866:34494663:34494876-34499866:+	AF	0.294445646941508	0.2424075924	False
ENSMUSG00000029110;AF:5:34493724:34493828-34499866:34494029:34494153-34499866:+	AF	-0.1775675343874255	0.2136863137	False
ENSMUSG00000029110;AF:5:34493724:34493828-34499866:34494276:34494441-34499866:+	AF	0.10102657926683789	0.2615845693	False
ENSMUSG00000029110;AF:5:34493724:34493828-34499866:34494663:34494876-34499866:+	AF	0.016475803263290123	0.3681794396	False
ENSMUSG00000029110;AF:5:34493761:34493828-34499866:34494029:34494153-34499866:+	AF	-0.01829990746266075	0.3681794396	False
ENSMUSG00000029110;AF:5:34493761:34493828-34499866:34494663:34494876-34499866:+	AF	-0.08791342715566546	0.3487101134	False
ENSMUSG00000029110;AF:5:34493768:34493885-34499866:34494029:34494153-34499866:+	AF	0.0868799050030309	0.2615845693	False
ENSMUSG00000029110;AF:5:34493768:34493885-34499866:34494663:34494876-34499866:+	AF	0.7482274694568408	0.2136863137	False
ENSMUSG00000029110;AF:5:34493790:34493828-34499866:34494029:34494153-34499866:+	AF	0.01815412530545183	0.3681794396	False
ENSMUSG00000029110;AF:5:34493790:34493828-34499866:34494276:34494441-34499866:+	AF	0.5590618987580733	0.2136863137	False
ENSMUSG00000029110;AF:5:34493790:34493828-34499866:34494663:34494876-34499866:+	AF	0.3324125489280452	0.2424075924	False
ENSMUSG00000029110;AF:5:34494029:34494153-34499866:34494276:34494441-34499866:+	AF	0.11416006108608967	0.2424075924	False
ENSMUSG00000029110;AF:5:34494029:34494153-34499866:34494663:34494876-34499866:+	AF	0.05379332251672664	0.2893668831	False
ENSMUSG00000029110;AF:5:34494276:34494441-34499866:34494663:34494876-34499866:+	AF	-0.24756040891926645	0.2615845693	False
ENSMUSG00000029110;SE:5:34493885-34496028:34496168-34499866:+	SE	0.005102672447243918	0.3831168831	False
ENSMUSG00000029110;SE:5:34493885-34499866:34500023-34504119:+	SE	-0.006760647151260568	0.3806874943	False
ENSMUSG00000029131;AF:5:29940686:29941114-29953343:29942264:29942387-29953343:+	AF	-0.14263534548746115	0.0779220779	False
ENSMUSG00000029131;AF:5:29940938:29941114-29953343:29942264:29942387-29953343:+	AF	-0.18140153527460434	0.0779220779	False
ENSMUSG00000029131;AF:5:29940987:29941114-29953343:29942264:29942387-29953343:+	AF	-0.05296536442840216	0.1173826174	False
ENSMUSG00000029131;AF:5:29940993:29941114-29953343:29942264:29942387-29953343:+	AF	-0.32404629116892136	0.0619380619	False
ENSMUSG00000029177;A3:5:30830403-30830611:30830403-30830637:+	A3	0.010263150689379986	0.3421578422	False
ENSMUSG00000029177;A5:5:30830787-30831382:30830403-30831382:+	A5	0.19212968474112524	0.1933066933	False
ENSMUSG00000029177;RI:5:30830326:30830403-30830611:30830787:+	RI	-0.04559521867817029	0.3276098901	False
ENSMUSG00000029177;RI:5:30830326:30830403-30830637:30830787:+	RI	0.06222372753578146	0.3276098901	False
ENSMUSG00000029177;SE:5:30824457-30824925:30825031-30827036:+	SE	0.049943051865567266	0.3276098901	False
ENSMUSG00000029177;SE:5:30824457-30826343:30826396-30827036:+	SE	-0.07397015077275146	0.3276098901	False
ENSMUSG00000029177;SE:5:30824457-30827036:30827172-30829808:+	SE	0.2482578262696212	0.0696803197	False
ENSMUSG00000029177;SE:5:30830403-30830611:30830787-30831382:+	SE	0.11685114666756678	0.2843406593	False
ENSMUSG00000029177;SE:5:30830403-30830637:30830787-30831382:+	SE	0.29747975181837094	0.0696803197	False
ENSMUSG00000029191;A3:5:65420492-65421586:65420489-65421586:-	A3	-0.04140713553041664	0.28996004	False
ENSMUSG00000029191;A3:5:65436166-65436800:65436163-65436800:-	A3	-0.06358012992881135	0.28996004	False
ENSMUSG00000029191;A3:5:65459395-65460319:65459353-65460319:-	A3	0.0029723703287841334	0.4010989011	False
ENSMUSG00000029192;A3:5:36749688-36750502:36749486-36750502:-	A3	-0.003140559793148562	0.4235764236	False
ENSMUSG00000029192;A5:5:36680353-36682235:36680353-36682274:-	A5	0.0021704075275241997	0.4235764236	False
ENSMUSG00000029192;A5:5:36742180-36743312:36742180-36743402:-	A5	0.013584373609980402	0.4235764236	False
ENSMUSG00000029192;A5:5:36742180-36743368:36742180-36743402:-	A5	0.0	0.4235764236	False
ENSMUSG00000029192;AF:5:36729381-36730343:36730610:36729381-36731635:36731669:-	AF	-0.0264526795893105	0.4235764236	False
ENSMUSG00000029192;AF:5:36729381-36730343:36730610:36729381-36739031:36739136:-	AF	-0.4999994780163192	0.4218004218	False
ENSMUSG00000029192;AF:5:36729381-36730343:36730610:36729381-36739699:36739734:-	AF	-0.21387970162659264	0.4218004218	False
ENSMUSG00000029192;AF:5:36729381-36730343:36730610:36729381-36739699:36739741:-	AF	-0.0058499332093403	0.4235764236	False
ENSMUSG00000029192;AF:5:36729381-36730724:36730839:36729381-36731635:36731669:-	AF	0.0	0.4235764236	False
ENSMUSG00000029192;AF:5:36729381-36730724:36730839:36729381-36739031:36739136:-	AF	0.0	0.4235764236	False
ENSMUSG00000029192;AF:5:36729381-36730724:36730839:36729381-36739699:36739734:-	AF	0.0	0.4235764236	False
ENSMUSG00000029192;AF:5:36729381-36730724:36730839:36729381-36739699:36739741:-	AF	0.0	0.4235764236	False
ENSMUSG00000029192;AF:5:36729381-36731635:36731669:36729381-36739031:36739136:-	AF	0.4894780496828698	0.3683816184	False
ENSMUSG00000029192;AF:5:36729381-36731635:36731669:36729381-36739031:36739147:-	AF	-0.2017491973243406	0.4235764236	False
ENSMUSG00000029192;AF:5:36729381-36731635:36731669:36729381-36739699:36739734:-	AF	0.41110009851411544	0.4218004218	False
ENSMUSG00000029192;AF:5:36729381-36731635:36731669:36729381-36739699:36739741:-	AF	0.5124827539160595	0.1123876124	False
ENSMUSG00000029192;AF:5:36729381-36739031:36739136:36729381-36739699:36739734:-	AF	-0.4595348705528171	0.4218004218	False
ENSMUSG00000029192;AF:5:36729381-36739031:36739136:36729381-36739699:36739741:-	AF	-0.04543388872774869	0.4235764236	False
ENSMUSG00000029192;AF:5:36729381-36739031:36739147:36729381-36739699:36739734:-	AF	0.6098958534945694	0.4218004218	False
ENSMUSG00000029192;AF:5:36729381-36739031:36739147:36729381-36739699:36739741:-	AF	0.17834176847982555	0.4218004218	False
ENSMUSG00000029192;RI:5:36664922:36665050-36665704:36665775:-	RI	0.003710515439889967	0.4235764236	False
ENSMUSG00000029192;SE:5:36652620-36654080:36654231-36662369:-	SE	0.021833491961505098	0.4235764236	False
ENSMUSG00000029192;SE:5:36652620-36662369:36662478-36664922:-	SE	0.0	0.4235764236	False
ENSMUSG00000029203;A5:5:65694889-65723332:65694801-65723332:+	A5	-0.09920952996378496	0.2377622378	False
ENSMUSG00000029203;A5:5:65694889-65738729:65694801-65738729:+	A5	-0.09575588749997055	0.3089637635	False
ENSMUSG00000029203;AF:5:65694619:65694801-65723332:65694827:65694889-65723332:+	AF	0.2846505070830355	0.1678321678	False
ENSMUSG00000029203;AL:5:65749318-65751763:65751891:65749318-65752218:65753371:+	AL	0.0663449407292353	0.3089637635	False
ENSMUSG00000029203;MX:5:65694889-65723332:65723425-65738729:65694889-65728875:65728933-65738729:+	MX	-1.0728597876541457e-05	0.4385614386	False
ENSMUSG00000029203;MX:5:65694889-65728875:65728933-65749219:65694889-65738729:65738811-65749219:+	MX	0.37682500981264044	0.2607392607	False
ENSMUSG00000029203;SE:5:65694889-65723332:65723425-65728875:+	SE	-0.022088043791656076	0.3089637635	False
ENSMUSG00000029203;SE:5:65694889-65723332:65723425-65738729:+	SE	-0.02644044079622121	0.3089637635	False
ENSMUSG00000029203;SE:5:65694889-65728875:65728933-65738729:+	SE	-0.07515582571244656	0.3089637635	False
ENSMUSG00000029203;SE:5:65723425-65728875:65728933-65738729:+	SE	0.11360905491697448	0.2377622378	False
ENSMUSG00000029203;SE:5:65728933-65738729:65738811-65749219:+	SE	-0.019342630645463377	0.3089637635	False
ENSMUSG00000029203;SE:5:65749318-65751763:65751891-65752218:+	SE	0.05667356870539941	0.3080919081	False
ENSMUSG00000029227;A5:5:74697506-74697603:74696422-74697603:+	A5	0.03128836631850405	0.2722277722	False
ENSMUSG00000029227;AF:5:74696110:74696422-74697462:74696640:74696954-74697462:+	AF	-0.3089124384567233	0.1888111888	False
ENSMUSG00000029227;AF:5:74696132:74696422-74697462:74696640:74696954-74697462:+	AF	-0.24069870456556597	0.1888111888	False
ENSMUSG00000029227;AF:5:74696142:74696422-74697462:74696640:74696954-74697462:+	AF	-0.038069461030717844	0.1888111888	False
ENSMUSG00000029227;AF:5:74696345:74696422-74697462:74696640:74696954-74697462:+	AF	-0.21845034005494768	0.1888111888	False
ENSMUSG00000029227;SE:5:74696422-74697462:74697506-74697603:+	SE	0.06092042852510593	0.1888111888	False
ENSMUSG00000029227;SE:5:74707486-74707768:74707836-74717701:+	SE	-0.033932243176018506	0.1888111888	False
ENSMUSG00000029227;SE:5:74717810-74725180:74725287-74731760:+	SE	-0.05962381812555281	0.1888111888	False
ENSMUSG00000029227;SE:5:74733246-74745707:74745733-74747664:+	SE	-0.05647240478037405	0.1888111888	False
ENSMUSG00000029238;A3:5:76377410-76378012:76377407-76378012:-	A3	0.09310239518590169	0.2713952714	False
ENSMUSG00000029238;A3:5:76402310-76410522:76402288-76410522:-	A3	0.06010866524186054	0.2713952714	False
ENSMUSG00000029238;AF:5:76451349-76452215:76452395:76451349-76452502:76452601:-	AF	0.1373432703142835	0.2713952714	False
ENSMUSG00000029238;AF:5:76451349-76452215:76452395:76451349-76452502:76452619:-	AF	-0.024103145179088736	0.3733766234	False
ENSMUSG00000029238;AF:5:76451349-76452215:76452395:76451349-76452502:76452639:-	AF	0.008023867972884458	0.3751248751	False
ENSMUSG00000029249;AF:5:77413338:77413635-77415779:77414043:77414260-77415779:+	AF	-0.17163117793121285	0.0304695305	True
ENSMUSG00000029279;A3:5:107517230-107518021:107517230-107518024:+	A3	0.004557862593059014	0.3876123876	False
ENSMUSG00000029279;A5:5:107479228-107489166:107479173-107489166:+	A5	-0.0033794755191790815	0.3876123876	False
ENSMUSG00000029279;SE:5:107524228-107524876:107525081-107525770:+	SE	0.004557862593059014	0.3876123876	False
ENSMUSG00000029312;A3:5:104024155-104033773:104023927-104033773:-	A3	-0.0068565077744487946	0.453046953	False
ENSMUSG00000029312;AF:5:104020040-104022069:104022235:104020040-104033773:104034156:-	AF	-0.33333333333333337	0.3281718282	False
ENSMUSG00000029312;SE:5:104022255-104023607:104024155-104033773:-	SE	0.0	0.453046953	False
ENSMUSG00000029313;AF:5:103902028:103902211-103930990:103902430:103902611-103930990:+	AF	0.008613884168185981	0.4100899101	False
ENSMUSG00000029313;AF:5:103902028:103902211-103930990:103902439:103902611-103930990:+	AF	0.0	0.4100899101	False
ENSMUSG00000029328;A5:5:100185840-100186433:100185840-100186579:-	A5	0.03592486115845317	0.1958041958	False
ENSMUSG00000029328;AL:5:100181436:100182843-100183963:100183285:100183598-100183963:-	AL	-0.15954391280056957	0.0861638362	False
ENSMUSG00000029328;SE:5:100182843-100183494:100183598-100183963:-	SE	0.21110226719712638	0.0584415584	False
ENSMUSG00000029359;A5:5:118194508-118194602:118194503-118194602:+	A5	-0.02899565203486354	0.334478022	False
ENSMUSG00000029359;AF:5:118165808:118166052-118184380:118174096:118174194-118184380:+	AF	0.028995652034863484	0.334478022	False
ENSMUSG00000029359;AF:5:118165808:118166052-118184380:118179381:118179598-118184380:+	AF	-0.09590934791320926	0.334478022	False
ENSMUSG00000029359;AF:5:118165830:118166052-118184380:118174096:118174194-118184380:+	AF	0.0	0.4455544456	False
ENSMUSG00000029359;AF:5:118165830:118166052-118184380:118179381:118179598-118184380:+	AF	0.0	0.3917582418	False
ENSMUSG00000029359;AF:5:118165935:118166052-118184380:118174096:118174194-118184380:+	AF	-0.026839666852768118	0.334478022	False
ENSMUSG00000029359;AF:5:118165935:118166052-118184380:118179381:118179598-118184380:+	AF	-0.1878638572582897	0.334478022	False
ENSMUSG00000029359;AF:5:118174096:118174194-118184380:118179381:118179598-118184380:+	AF	-0.06141516436439276	0.334478022	False
ENSMUSG00000029359;RI:5:118194442:118194503-118194602:118194709:+	RI	-0.0680018820398699	0.334478022	False
ENSMUSG00000029359;RI:5:118194442:118194508-118194602:118194709:+	RI	-0.026839666852768118	0.334478022	False
ENSMUSG00000029359;SE:5:118179598-118183075:118183219-118184380:+	SE	0.0117126483736362	0.3917582418	False
ENSMUSG00000029405;A5:5:92221137-92231194:92221137-92231388:-	A5	0.011064961509180599	0.4008491508	False
ENSMUSG00000029405;AF:5:92221137-92230609:92231097:92221137-92231194:92231372:-	AF	-0.4823486996373508	0.4008491508	False
ENSMUSG00000029405;AF:5:92221137-92230609:92231097:92221137-92231194:92231416:-	AF	-0.5223184324845047	0.4008491508	False
ENSMUSG00000029405;AF:5:92221137-92230609:92231097:92221137-92231388:92231517:-	AF	-0.0013580388008903334	0.4230769231	False
ENSMUSG00000029405;AF:5:92221137-92230609:92231097:92221137-92231388:92231576:-	AF	-0.33798079531570785	0.4008491508	False
ENSMUSG00000029405;AF:5:92221137-92230609:92231097:92221137-92231388:92231578:-	AF	-0.0035295048668040497	0.4230769231	False
ENSMUSG00000029405;AF:5:92221137-92231194:92231372:92221137-92231388:92231517:-	AF	-0.008675675271005982	0.4008491508	False
ENSMUSG00000029405;AF:5:92221137-92231194:92231372:92221137-92231388:92231576:-	AF	0.08493637072367699	0.4008491508	False
ENSMUSG00000029405;AF:5:92221137-92231194:92231372:92221137-92231388:92231578:-	AF	-0.02427468433931802	0.4008491508	False
ENSMUSG00000029405;SE:5:92205929-92211196:92211294-92212184:-	SE	-0.0393696549301672	0.4008491508	False
ENSMUSG00000029422;A3:5:123871698-123874622:123871693-123874622:-	A3	0.010731642338807301	0.4260739261	False
ENSMUSG00000029422;A3:5:123878947-123880842:123878925-123880842:-	A3	0.13949357812710295	0.2494172494	False
ENSMUSG00000029422;A3:5:123878947-123881701:123878925-123881701:-	A3	-0.20576449854994106	0.1888111888	False
ENSMUSG00000029422;A5:5:123868607-123869100:123868607-123869102:-	A5	0.01556409410737758	0.4260739261	False
ENSMUSG00000029422;AF:5:123883174-123883560:123883632:123883174-123887352:123887444:-	AF	0.0	0.4260739261	False
ENSMUSG00000029422;AF:5:123883174-123883560:123883632:123883174-123887352:123887475:-	AF	0.0	0.4260739261	False
ENSMUSG00000029422;AF:5:123883174-123883560:123883632:123883174-123887352:123887477:-	AF	0.0	0.4260739261	False
ENSMUSG00000029422;SE:5:123871698-123872323:123872461-123874622:-	SE	-0.0029010381937634444	0.4260739261	False
ENSMUSG00000029422;SE:5:123871698-123873885:123873959-123874622:-	SE	0.0032014565512125844	0.4260739261	False
ENSMUSG00000029422;SE:5:123878925-123880842:123880919-123881701:-	SE	0.037183291668597795	0.4260739261	False
ENSMUSG00000029422;SE:5:123878947-123880842:123880919-123881701:-	SE	0.2841985999860007	0.1888111888	False
ENSMUSG00000029422;SE:5:123883174-123883560:123883652-123887352:-	SE	-0.007182055244178399	0.4260739261	False
ENSMUSG00000029422;SE:5:123883652-123884835:123884933-123887352:-	SE	0.04672118681952231	0.4260739261	False
ENSMUSG00000029458;A3:5:121800224-121801305:121800224-121801359:+	A3	0.02440445822601635	0.3986013986	False
ENSMUSG00000029458;AF:5:121798626:121798911-121800063:121798932:121799345-121800063:+	AF	0.006581749596325737	0.3986013986	False
ENSMUSG00000029458;AF:5:121798637:121798911-121800063:121798932:121799345-121800063:+	AF	0.32811508851436116	0.3986013986	False
ENSMUSG00000029458;AF:5:121798664:121798911-121800063:121798932:121799345-121800063:+	AF	0.29495471387376215	0.3986013986	False
ENSMUSG00000029458;SE:5:121800224-121801359:121801554-121803162:+	SE	-0.0051159207589907	0.3986013986	False
ENSMUSG00000029465;A5:5:122538531-122539710:122538525-122539710:+	A5	-0.04558615260100313	0.3961038961	False
ENSMUSG00000029465;AF:5:122529941:122530060-122534880:122533877:122533949-122534880:+	AF	0.06035260625982214	0.3961038961	False
ENSMUSG00000029465;AF:5:122529985:122530060-122534880:122533877:122533949-122534880:+	AF	-0.00356943084745785	0.3961038961	False
ENSMUSG00000029465;AF:5:122530029:122530060-122534880:122533877:122533949-122534880:+	AF	-0.009195480658080329	0.3961038961	False
ENSMUSG00000029465;AF:5:122534930:122534979-122539710:122538334:122538525-122539710:+	AF	0.05592914766254647	0.3961038961	False
ENSMUSG00000029465;AL:5:122543241-122543932:122544126:122543241-122552067:122552247:+	AL	-0.01220376295455683	0.3961038961	False
ENSMUSG00000029465;AL:5:122543241-122543932:122544209:122543241-122552067:122552247:+	AL	-0.05592914766254653	0.3961038961	False
ENSMUSG00000029465;AL:5:122543241-122543932:122544242:122543241-122552067:122552247:+	AL	0.018427948775445846	0.3961038961	False
ENSMUSG00000029467;A5:5:122592367-122593956:122592367-122595366:-	A5	-0.35614284998707046	0.0854145854	False
ENSMUSG00000029472;A3:5:122926527-122929671:122926503-122929671:-	A3	-0.008899813393662415	0.4255744256	False
ENSMUSG00000029472;A3:5:122929818-122929890:122929798-122929890:-	A3	-0.03916827118452437	0.4255744256	False
ENSMUSG00000029472;A3:5:122938671-122940193:122938656-122940193:-	A3	-0.03827561962249185	0.4255744256	False
ENSMUSG00000029472;A3:5:122938695-122940193:122938656-122940193:-	A3	0.029286168853941585	0.4255744256	False
ENSMUSG00000029472;A3:5:122938695-122940193:122938671-122940193:-	A3	0.07028717868035761	0.4255744256	False
ENSMUSG00000029472;A5:5:122956067-122956799:122956067-122956917:-	A5	-0.0024267737220835	0.4255744256	False
ENSMUSG00000029472;RI:5:122929671:122929798-122929890:122929997:-	RI	-0.11561962626992711	0.4255744256	False
ENSMUSG00000029472;RI:5:122929671:122929818-122929890:122929997:-	RI	-0.04423145382398615	0.4255744256	False
ENSMUSG00000029472;RI:5:122937402:122937537-122938514:122938656:-	RI	0.0050006831200933	0.4255744256	False
ENSMUSG00000029472;SE:5:122929997-122931500:122931621-122932480:-	SE	0.0	0.4255744256	False
ENSMUSG00000029472;SE:5:122940282-122940886:122940967-122944308:-	SE	-0.0016939438644624216	0.4255744256	False
ENSMUSG00000029472;SE:5:122956067-122956799:122957026-122957671:-	SE	-0.005769757712261316	0.4255744256	False
ENSMUSG00000029472;SE:5:122956067-122956917:122957026-122957671:-	SE	0.21073123979970132	0.3246753247	False
ENSMUSG00000029475;AF:5:123026817-123038212:123038418:123026817-123055737:123055787:-	AF	0.16865856134664597	0.1663336663	False
ENSMUSG00000029475;AF:5:123026817-123055737:123055787:123026817-123059448:123059611:-	AF	-0.15651448081785224	0.1663336663	False
ENSMUSG00000029475;AF:5:123125869-123126530:123126596:123125869-123126931:123127155:-	AF	-0.04407650824165166	0.3558941059	False
ENSMUSG00000029475;AF:5:123125869-123126530:123126596:123125869-123126931:123127162:-	AF	-0.062663873595738	0.3366179275	False
ENSMUSG00000029475;AF:5:123125869-123126530:123126596:123125869-123126931:123127369:-	AF	-0.004273043673817645	0.4300699301	False
ENSMUSG00000029475;AF:5:123125869-123126530:123126596:123125869-123127688:123127857:-	AF	0.028784136498802848	0.3645104895	False
ENSMUSG00000029475;AF:5:123125869-123126530:123126596:123125869-123127688:123127886:-	AF	-0.11964072861350977	0.1678321678	False
ENSMUSG00000029475;AF:5:123125869-123126530:123126599:123125869-123126931:123127155:-	AF	-0.9345516535875931	0.1101398601	False
ENSMUSG00000029475;AF:5:123125869-123126530:123126599:123125869-123127688:123127886:-	AF	-0.13202930025600657	0.1804195804	False
ENSMUSG00000029475;AF:5:123125869-123126931:123127155:123125869-123127688:123127857:-	AF	0.7274128249626658	0.1678321678	False
ENSMUSG00000029475;AF:5:123125869-123126931:123127155:123125869-123127688:123127886:-	AF	0.0378695196197803	0.3558941059	False
ENSMUSG00000029475;AF:5:123125869-123126931:123127162:123125869-123127688:123127886:-	AF	0.05611368606818002	0.3435314685	False
ENSMUSG00000029475;AF:5:123125869-123126931:123127369:123125869-123127688:123127886:-	AF	-0.007970001481182482	0.4096736597	False
ENSMUSG00000029475;AL:5:123009354:123009960-123026593:123021491:123021525-123026593:-	AL	-0.710707087182062	0.1101398601	False
ENSMUSG00000029475;SE:5:123018915-123019083:123019121-123020027:-	SE	-0.0005201875458663834	0.4416083916	False
ENSMUSG00000029475;SE:5:123019121-123019700:123019813-123020027:-	SE	0.0003255298741752233	0.4465534466	False
ENSMUSG00000029475;SE:5:123120886-123122525:123122603-123125725:-	SE	0.010584117610808685	0.4096736597	False
ENSMUSG00000029505;A5:5:110904632-110918358:110904632-110918525:-	A5	-0.09319822031188141	0.266162409	False
ENSMUSG00000029505;AF:5:110904632-110917915:110918021:110904632-110918358:110918393:-	AF	0.07974369472965115	0.266162409	False
ENSMUSG00000029505;AF:5:110904632-110917915:110918021:110904632-110918358:110918451:-	AF	0.020692573879097398	0.3681318681	False
ENSMUSG00000029505;AF:5:110904632-110917915:110918021:110904632-110918358:110918583:-	AF	0.0641854891851888	0.266162409	False
ENSMUSG00000029505;AF:5:110904632-110917915:110918021:110904632-110918525:110918583:-	AF	-0.1715090041484918	0.266162409	False
ENSMUSG00000029505;AF:5:110904632-110918358:110918393:110904632-110918525:110918583:-	AF	-0.08326195120313573	0.266162409	False
ENSMUSG00000029505;AF:5:110904632-110918358:110918451:110904632-110918525:110918583:-	AF	-0.5107510453200994	0.266162409	False
ENSMUSG00000029505;SE:5:110846782-110848388:110848630-110849487:-	SE	-0.007978904626976285	0.3681318681	False
ENSMUSG00000029505;SE:5:110887547-110888048:110888155-110889836:-	SE	0.006250626560793893	0.3681318681	False
ENSMUSG00000029505;SE:5:110889926-110901670:110901780-110903263:-	SE	0.04625606601516055	0.266162409	False
ENSMUSG00000029516;A3:5:116117928-116119709:116117928-116119754:+	A3	-0.016147533222650556	0.3841158841	False
ENSMUSG00000029516;A3:5:116135912-116143841:116135912-116143844:+	A3	0.007535377304319635	0.3841158841	False
ENSMUSG00000029516;A5:5:115983382-115984406:115983360-115984406:+	A5	0.09015968399971902	0.3841158841	False
ENSMUSG00000029516;SE:5:116074928-116076738:116076863-116079896:+	SE	-0.007735367524505543	0.3841158841	False
ENSMUSG00000029516;SE:5:116106144-116106565:116106851-116107023:+	SE	0.0086151258644711	0.3841158841	False
ENSMUSG00000029516;SE:5:116125122-116125747:116125791-116126215:+	SE	0.005217463554619217	0.3841158841	False
ENSMUSG00000029608;AF:5:121147162-121147301:121147601:121147162-121147897:121148143:-	AF	-0.12530267095957506	0.1338661339	False
ENSMUSG00000029608;SE:5:121147162-121147301:121147508-121147897:-	SE	-0.02176310944975276	0.2902097902	False
ENSMUSG00000029617;A5:5:143928448-143929197:143928448-143929327:-	A5	-0.004123743734647217	0.4275724276	False
ENSMUSG00000029617;RI:5:143934981:143935092-143935362:143935423:-	RI	0.0018538643515734	0.4275724276	False
ENSMUSG00000029617;RI:5:143947849:143947896-143948270:143948347:-	RI	-0.052341045649014484	0.4275724276	False
ENSMUSG00000029617;RI:5:143949812:143949909-143951517:143951695:-	RI	0.041578121420731806	0.4275724276	False
ENSMUSG00000029629;AF:6:11907808:11908016-11926726:11925880:11926291-11926726:+	AF	0.0996208851539846	0.3936063936	False
ENSMUSG00000029629;AF:6:11907808:11908016-11926726:11925914:11926291-11926726:+	AF	-0.014407996570253934	0.3996003996	False
ENSMUSG00000029629;AF:6:11907808:11908016-11926726:11925915:11926291-11926726:+	AF	0.057566635518364384	0.3936063936	False
ENSMUSG00000029629;AF:6:11907883:11908016-11926726:11925880:11926291-11926726:+	AF	0.027015000135299123	0.3936063936	False
ENSMUSG00000029629;AF:6:11907883:11908016-11926726:11925914:11926291-11926726:+	AF	0.10500213719378884	0.3936063936	False
ENSMUSG00000029629;AF:6:11907883:11908016-11926726:11925915:11926291-11926726:+	AF	0.02307080018866342	0.3936063936	False
ENSMUSG00000029629;SE:6:11926836-11933252:11934018-11941429:+	SE	-0.04306938118673809	0.3936063936	False
ENSMUSG00000029629;SE:6:12007105-12045584:12045763-12047826:+	SE	0.0010468177943227207	0.3996003996	False
ENSMUSG00000029635;A3:5:146223049-146229434:146223049-146229449:+	A3	-0.041206877799290886	0.3796203796	False
ENSMUSG00000029635;A3:5:146223049-146229434:146223049-146229464:+	A3	-0.1287910473445819	0.3636363636	False
ENSMUSG00000029635;A3:5:146223049-146229449:146223049-146229464:+	A3	-0.01945082598944095	0.3830455259	False
ENSMUSG00000029635;A5:5:146168630-146196315:146168144-146196315:+	A5	-0.026154989040078847	0.3796203796	False
ENSMUSG00000029635;A5:5:146205135-146208405:146205096-146208405:+	A5	0.00019632936277813595	0.4470529471	False
ENSMUSG00000029635;AF:5:146168060:146168144-146196315:146168195:146168630-146196315:+	AF	0.02157401333365281	0.3796203796	False
ENSMUSG00000029635;AL:5:146223049-146225147:146228978:146223049-146229464:146229554:+	AL	0.10759716366877503	0.3796203796	False
ENSMUSG00000029635;SE:5:146208545-146220439:146220496-146222918:+	SE	0.08837680453474694	0.3636363636	False
ENSMUSG00000029638;A3:6:8558586-8573182:8558586-8573185:+	A3	0.010985273279359775	0.427972028	False
ENSMUSG00000029638;AF:6:8509600:8510319-8537817:8511227:8511349-8537817:+	AF	-0.10869608250228802	0.3344988345	False
ENSMUSG00000029638;AF:6:8509600:8510319-8537817:8520020:8520101-8537817:+	AF	-0.0017032662640575902	0.4370629371	False
ENSMUSG00000029638;AF:6:8509600:8510319-8537817:8520058:8520101-8537817:+	AF	0.03587387622707755	0.3846153846	False
ENSMUSG00000029638;AF:6:8511227:8511349-8537817:8520020:8520101-8537817:+	AF	0.07015604991818528	0.3344988345	False
ENSMUSG00000029638;AF:6:8511227:8511349-8537817:8520058:8520101-8537817:+	AF	0.09565071072393158	0.3344988345	False
ENSMUSG00000029638;SE:6:8579739-8580101:8580206-8582580:+	SE	0.0	0.4370629371	False
ENSMUSG00000029647;A3:5:147482545-147483175:147482545-147485018:+	A3	0.09791127974313962	0.2643356643	False
ENSMUSG00000029647;AF:5:147473134:147473350-147476053:147474026:147474084-147476053:+	AF	0.11629255747220986	0.2643356643	False
ENSMUSG00000029647;RI:5:147482416:147482545-147483175:147485306:+	RI	-0.10927317364480316	0.2643356643	False
ENSMUSG00000029647;SE:5:147391998-147403746:147403907-147424921:+	SE	0.014800244907637594	0.2907092907	False
ENSMUSG00000029647;SE:5:147391998-147424921:147425068-147456315:+	SE	0.04646572734187249	0.2643356643	False
ENSMUSG00000029647;SE:5:147425068-147439895:147440012-147456315:+	SE	-0.023086494390528484	0.2902097902	False
ENSMUSG00000029647;SE:5:147463490-147463735:147463851-147463939:+	SE	0.037230881312744324	0.2643356643	False
ENSMUSG00000029686;AF:6:47430332:47430561-47461678:47430838:47430963-47461678:+	AF	-0.1231002683320406	0.1198801199	False
ENSMUSG00000029686;AF:6:47430332:47430561-47461678:47431254:47431417-47461678:+	AF	-0.11253379255818975	0.1198801199	False
ENSMUSG00000029686;AF:6:47430332:47430561-47461678:47431322:47431417-47461678:+	AF	0.0031776976549128255	0.4025974026	False
ENSMUSG00000029686;AF:6:47430838:47430963-47461678:47431254:47431417-47461678:+	AF	-0.024630739257023526	0.357975358	False
ENSMUSG00000029686;AF:6:47430838:47430963-47461678:47431322:47431417-47461678:+	AF	0.002834970172851614	0.4025974026	False
ENSMUSG00000029687;A5:6:47524370-47528651:47524370-47528666:-	A5	-0.00445437147299433	0.4410589411	False
ENSMUSG00000029687;A5:6:47535228-47553470:47535228-47553497:-	A5	-0.07362199082867538	0.3278388278	False
ENSMUSG00000029687;AF:6:47554601-47571828:47571964:47554601-47572118:47572275:-	AF	-0.12667576634956562	0.3278388278	False
ENSMUSG00000029687;AF:6:47554601-47571828:47571992:47554601-47572118:47572275:-	AF	-0.014571689362323233	0.4410589411	False
ENSMUSG00000029687;MX:6:47533084-47535112:47535228-47553470:47533084-47538603:47538872-47553470:-	MX	0.002255440251204832	0.4410589411	False
ENSMUSG00000029687;RI:6:47517611:47517789-47519300:47519340:-	RI	0.018964097500615302	0.4410589411	False
ENSMUSG00000029687;SE:6:47508759-47508919:47508999-47509836:-	SE	0.0	0.4410589411	False
ENSMUSG00000029687;SE:6:47517789-47518779:47518904-47519300:-	SE	-0.028156285221360794	0.4410589411	False
ENSMUSG00000029687;SE:6:47520974-47521374:47521543-47522610:-	SE	-0.07419113125190618	0.3278388278	False
ENSMUSG00000029687;SE:6:47522850-47523683:47523764-47524279:-	SE	0.007358707897447266	0.4410589411	False
ENSMUSG00000029687;SE:6:47533084-47535112:47535228-47553470:-	SE	0.0	0.4410589411	False
ENSMUSG00000029993;A5:6:86997824-87000110:86997821-87000110:+	A5	0.15381355030986843	0.1338661339	False
ENSMUSG00000029993;AF:6:86986818:86986941-86989889:86986985:86987165-86989889:+	AF	0.009282561619700536	0.3581418581	False
ENSMUSG00000029993;AF:6:86986871:86986941-86989889:86986985:86987165-86989889:+	AF	0.07465592153783573	0.3581418581	False
ENSMUSG00000029993;SE:6:86992683-86993158:86993376-86996347:+	SE	-0.017879025065108634	0.3581418581	False
ENSMUSG00000030031;AF:6:95094221:95094329-95095504:95094721:95094955-95095504:+	AF	0.03492506460559125	0.1978021978	False
ENSMUSG00000030031;AF:6:95094221:95094329-95095504:95094965:95095079-95095504:+	AF	0.17850775895883064	0.1938061938	False
ENSMUSG00000030031;AF:6:95094721:95094955-95095504:95094965:95095079-95095504:+	AF	0.046335732565657595	0.1978021978	False
ENSMUSG00000030031;SE:6:95094955-95095504:95095714-95098720:+	SE	-0.06917102233395167	0.1938061938	False
ENSMUSG00000030042;A5:6:82629148-82629366:82629148-82629460:-	A5	-0.08286185921549649	0.2062937063	False
ENSMUSG00000030042;AF:6:82629148-82629366:82629499:82629148-82629605:82629851:-	AF	0.1587918276081023	0.2062937063	False
ENSMUSG00000030042;AF:6:82629148-82629366:82629499:82629148-82629605:82629910:-	AF	0.23886215619206347	0.1258741259	False
ENSMUSG00000030042;AF:6:82629148-82629366:82629499:82629148-82682164:82682346:-	AF	-0.05673881139901704	0.2062937063	False
ENSMUSG00000030042;AF:6:82629148-82629460:82629501:82629148-82629605:82629851:-	AF	0.08701173579660466	0.2062937063	False
ENSMUSG00000030042;AF:6:82629148-82629460:82629501:82629148-82629605:82629910:-	AF	0.0613204635122561	0.2062937063	False
ENSMUSG00000030042;AF:6:82629148-82629605:82629851:82629148-82682164:82682346:-	AF	-0.06441405827845903	0.2062937063	False
ENSMUSG00000030042;AF:6:82629148-82629605:82629910:82629148-82682164:82682346:-	AF	-0.04783299653130402	0.2062937063	False
ENSMUSG00000030042;AL:6:82595973:82596119-82628418:82598833:82599106-82628418:-	AL	0.06441405827845892	0.2062937063	False
ENSMUSG00000030042;AL:6:82595973:82596119-82628418:82623682:82625017-82628418:-	AL	0.04783299653130397	0.2062937063	False
ENSMUSG00000030042;AL:6:82595973:82596119-82628418:82624824:82625017-82628418:-	AL	0.05673881139901704	0.2062937063	False
ENSMUSG00000030042;AL:6:82598833:82599106-82628418:82623682:82625017-82628418:-	AL	0.06831607521070715	0.2062937063	False
ENSMUSG00000030042;AL:6:82598833:82599106-82628418:82624297:82625017-82628418:-	AL	-0.08701173579660482	0.2062937063	False
ENSMUSG00000030042;AL:6:82598833:82599106-82628418:82624824:82625017-82628418:-	AL	-0.15879182760810234	0.2062937063	False
ENSMUSG00000030098;A3:6:91749998-91750774:91749719-91750774:-	A3	5.264707128682655e-05	0.453046953	False
ENSMUSG00000030098;A5:6:91763534-91764165:91763534-91764190:-	A5	0.0	0.453046953	False
ENSMUSG00000030098;AF:6:91765425-91773181:91773225:91765425-91804004:91804231:-	AF	0.0	0.453046953	False
ENSMUSG00000030098;AF:6:91765425-91784245:91784299:91765425-91804004:91804231:-	AF	-5.264707128685e-05	0.453046953	False
ENSMUSG00000030098;AF:6:91765425-91784245:91784374:91765425-91804004:91804231:-	AF	0.0	0.453046953	False
ENSMUSG00000030098;AF:6:91765425-91784245:91784437:91765425-91804004:91804231:-	AF	0.0	0.453046953	False
ENSMUSG00000030098;SE:6:91759440-91759764:91759886-91760551:-	SE	5.264707128682655e-05	0.453046953	False
ENSMUSG00000030098;SE:6:91764310-91764705:91764795-91764989:-	SE	0.0	0.453046953	False
ENSMUSG00000030102;A3:6:108408457-108409607:108408457-108409610:+	A3	-0.036901012134472014	0.365034965	False
ENSMUSG00000030102;A5:6:108365326-108366328:108365299-108366328:+	A5	0.02451173500415227	0.365034965	False
ENSMUSG00000030102;A5:6:108369550-108370866:108369546-108370866:+	A5	0.0017930902617577238	0.4220779221	False
ENSMUSG00000030102;SE:6:108340666-108342260:108342304-108345972:+	SE	-0.020434895717332813	0.365034965	False
ENSMUSG00000030102;SE:6:108394961-108400294:108400326-108408422:+	SE	-0.031601051699722826	0.365034965	False
ENSMUSG00000030102;SE:6:108394961-108409607:108409657-108415261:+	SE	0.03731187989695972	0.365034965	False
ENSMUSG00000030120;A3:6:124908549-124909062:124908549-124909374:+	A3	-0.3049567774284019	0.4475524476	False
ENSMUSG00000030120;A3:6:124912408-124912565:124912408-124912586:+	A3	0.0002703953250347002	0.4475524476	False
ENSMUSG00000030120;A5:6:124909184-124909374:124909139-124909374:+	A5	0.0024482338322524486	0.4475524476	False
ENSMUSG00000030120;RI:6:124909062:124909139-124909374:124909500:+	RI	-0.00013667885078798292	0.4475524476	False
ENSMUSG00000030120;RI:6:124909062:124909184-124909374:124909500:+	RI	-0.0035735839606262643	0.4475524476	False
ENSMUSG00000030120;SE:6:124908549-124909062:124909139-124909374:+	SE	-0.009999663820563054	0.4475524476	False
ENSMUSG00000030120;SE:6:124908549-124909062:124909184-124909374:+	SE	-0.13544665027618907	0.4475524476	False
ENSMUSG00000030189;SE:6:131347377-131352937:131353143-131356321:-	SE	0.04235468871481518	0.1653346653	False
ENSMUSG00000030201;SE:6:134497556-134518615:134519008-134543606:-	SE	0.0033064729629135314	0.4020979021	False
ENSMUSG00000030213;A5:6:136540844-136542015:136540835-136542015:+	A5	0.060450416611222746	0.2692307692	False
ENSMUSG00000030213;AF:6:136483165:136483273-136540758:136495839:136495961-136540758:+	AF	0.049554464588451586	0.2692307692	False
ENSMUSG00000030213;AF:6:136483165:136483273-136540758:136537841:136538437-136540758:+	AF	0.05316906911181918	0.2692307692	False
ENSMUSG00000030213;AF:6:136495800:136495961-136536762:136509925:136510051-136536762:+	AF	-0.07068836983238519	0.2692307692	False
ENSMUSG00000030213;AF:6:136495800:136495961-136536762:136528185:136528214-136536762:+	AF	0.0	0.3976023976	False
ENSMUSG00000030213;AF:6:136495839:136495961-136540758:136537841:136538437-136540758:+	AF	-0.13840826465542475	0.2692307692	False
ENSMUSG00000030213;AF:6:136509925:136510051-136536762:136528185:136528214-136536762:+	AF	0.0	0.3976023976	False
ENSMUSG00000030213;SE:6:136495961-136532416:136532538-136536762:+	SE	0.1370377937741879	0.2692307692	False
ENSMUSG00000030213;SE:6:136495961-136536762:136538437-136540758:+	SE	0.0402450895586568	0.2692307692	False
ENSMUSG00000030216;AF:6:136803107-136804564:136804734:136803107-136805018:136805133:-	AF	-0.03556461915213571	0.377022977	False
ENSMUSG00000030216;AF:6:136803107-136804564:136804734:136803107-136805018:136805134:-	AF	0.23549856317409296	0.1978021978	False
ENSMUSG00000030216;AF:6:136803107-136804564:136804734:136803107-136805018:136805141:-	AF	0.0735014530639887	0.377022977	False
ENSMUSG00000030216;AF:6:136803107-136804564:136804734:136803107-136805018:136805231:-	AF	0.040385319357693586	0.377022977	False
ENSMUSG00000030216;RI:6:136802514:136802545-136802999:136803107:-	RI	0.0013466589334809	0.4325674326	False
ENSMUSG00000030216;SE:6:136795029-136797505:136797696-136798175:-	SE	-0.06621271558476816	0.377022977	False
ENSMUSG00000030231;A3:6:140523064-140525153:140523064-140525156:+	A3	-0.043365667245257276	0.3931068931	False
ENSMUSG00000030231;A3:6:140537490-140539281:140537490-140541975:+	A3	-0.32690281435272783	0.3931068931	False
ENSMUSG00000030231;MX:6:140535481-140537354:140537490-140541975:140535481-140539281:140539383-140541975:+	MX	0.0	0.3931068931	False
ENSMUSG00000030231;RI:6:140539281:140539383-140541975:140542836:+	RI	0.009747883628286817	0.3931068931	False
ENSMUSG00000030231;SE:6:140472287-140474287:140474359-140480188:+	SE	0.0468526167895611	0.3931068931	False
ENSMUSG00000030231;SE:6:140482489-140482732:140482749-140489446:+	SE	-0.006699909083009069	0.3931068931	False
ENSMUSG00000030231;SE:6:140498524-140509294:140509374-140515079:+	SE	-0.015490098335976338	0.3931068931	False
ENSMUSG00000030231;SE:6:140509374-140514220:140514237-140514572:+	SE	0.0	0.3931068931	False
ENSMUSG00000030231;SE:6:140509374-140514572:140514607-140515079:+	SE	0.006871937485749657	0.3931068931	False
ENSMUSG00000030231;SE:6:140525202-140526073:140526261-140527694:+	SE	0.026825997193953677	0.3931068931	False
ENSMUSG00000030231;SE:6:140535481-140537354:140537490-140539281:+	SE	0.0	0.3931068931	False
ENSMUSG00000030231;SE:6:140537490-140539281:140539383-140541975:+	SE	-0.12433740106077829	0.3931068931	False
ENSMUSG00000030246;AF:6:142451272-142453266:142453531:142451272-142453579:142453669:-	AF	0.0466193400632791	0.2967032967	False
ENSMUSG00000030246;AF:6:142451272-142453266:142453531:142451272-142453579:142453683:-	AF	0.07767898831613773	0.2967032967	False
ENSMUSG00000030246;SE:6:142436330-142438219:142438342-142439826:-	SE	0.0036621621662578097	0.3816183816	False
ENSMUSG00000030246;SE:6:142436330-142439826:142439943-142441294:-	SE	0.050013664780075184	0.3576423576	False
ENSMUSG00000030269;A3:6:113247662-113254751:113247662-113254792:+	A3	-0.0026268914964959755	0.4405594406	False
ENSMUSG00000030269;A5:6:113232899-113233984:113232882-113233984:+	A5	0.00807542846594922	0.4405594406	False
ENSMUSG00000030269;AF:6:113214804:113215082-113217246:113216432:113216541-113217246:+	AF	0.11561121109699235	0.4405594406	False
ENSMUSG00000030269;AF:6:113214812:113215082-113217246:113216432:113216541-113217246:+	AF	-0.009887603125419482	0.4405594406	False
ENSMUSG00000030269;AF:6:113214858:113215082-113217246:113216432:113216541-113217246:+	AF	0.05496309762124696	0.4405594406	False
ENSMUSG00000030269;AL:6:113247662-113254751:113254896:113247662-113257564:113258157:+	AL	-0.3288475431697817	0.4405594406	False
ENSMUSG00000030269;MX:6:113246831-113247483:113247662-113257564:113246831-113254751:113254906-113257564:+	MX	0.0808186433113901	0.4405594406	False
ENSMUSG00000030269;SE:6:113237619-113238167:113238241-113242405:+	SE	0.009008785359360116	0.4405594406	False
ENSMUSG00000030269;SE:6:113242471-113242931:113243016-113243221:+	SE	-0.016294641964943346	0.4405594406	False
ENSMUSG00000030269;SE:6:113245656-113246462:113246520-113246693:+	SE	0.0007053482171285319	0.4405594406	False
ENSMUSG00000030269;SE:6:113246831-113247483:113247662-113254751:+	SE	0.0007333568783919331	0.4405594406	False
ENSMUSG00000030269;SE:6:113247662-113254751:113254906-113257564:+	SE	-0.003697968990050149	0.4405594406	False
ENSMUSG00000030269;SE:6:113247662-113254792:113254906-113257564:+	SE	-0.07187422048038894	0.4405594406	False
ENSMUSG00000030279;A5:6:143018420-143019314:143018420-143019389:-	A5	0.0	0.4066558442	False
ENSMUSG00000030279;A5:6:143045522-143045659:143045522-143045824:-	A5	0.09744560297126692	0.3203463203	False
ENSMUSG00000030279;AF:6:143045522-143045659:143045731:143045522-143045824:143045867:-	AF	0.49920519477590036	0.0844155844	False
ENSMUSG00000030279;AF:6:143045522-143045659:143045797:143045522-143045824:143045867:-	AF	0.5038430658189563	0.0844155844	False
ENSMUSG00000030279;AF:6:143045522-143045659:143045816:143045522-143045824:143045867:-	AF	0.3581612765637893	0.3423005566	False
ENSMUSG00000030279;MX:6:143012867-143018269:143018420-143023989:143012867-143019389:143019513-143023989:-	MX	0.00637034593345609	0.4525474525	False
ENSMUSG00000030279;SE:6:142963799-142965054:142965155-142966050:-	SE	-0.07621814045185915	0.3423005566	False
ENSMUSG00000030279;SE:6:142963799-142966050:142966100-142974886:-	SE	0.03823825314799936	0.3423005566	False
ENSMUSG00000030279;SE:6:142995965-143004872:143004937-143007479:-	SE	0.003725351903193133	0.4525474525	False
ENSMUSG00000030279;SE:6:143007587-143011912:143011944-143012782:-	SE	-0.0029146260636431776	0.4525474525	False
ENSMUSG00000030279;SE:6:143018420-143019314:143019513-143023989:-	SE	0.0	0.4525474525	False
ENSMUSG00000030279;SE:6:143018420-143019389:143019513-143023989:-	SE	0.0003402942662586333	0.4525474525	False
ENSMUSG00000030279;SE:6:143027154-143028889:143029060-143036325:-	SE	0.034209439481918014	0.3423005566	False
ENSMUSG00000030304;A3:6:148089628-148090984:148089598-148090984:-	A3	-0.02517826404040968	0.3805361305	False
ENSMUSG00000030304;A5:6:148083468-148084544:148083468-148084587:-	A5	-0.0750481414466978	0.3805361305	False
ENSMUSG00000030304;SE:6:148084706-148088713:148088745-148089531:-	SE	-0.05446048414934203	0.3805361305	False
ENSMUSG00000030304;SE:6:148091082-148092328:148092383-148096693:-	SE	0.0	0.4165834166	False
ENSMUSG00000030304;SE:6:148104040-148106274:148106382-148108031:-	SE	0.015220941809482746	0.3805361305	False
ENSMUSG00000030304;SE:6:148106382-148107598:148107708-148108031:-	SE	0.028651270249197835	0.3805361305	False
ENSMUSG00000030435;A3:7:5071182-5071732:5071182-5072443:+	A3	0.022776912188664587	0.3541458541	False
ENSMUSG00000030435;A5:7:5078238-5078467:5078226-5078467:+	A5	0.1472400280039941	0.2117882118	False
ENSMUSG00000030435;RI:7:5071732:5071795-5072443:5072559:+	RI	0.06970239079290752	0.3541458541	False
ENSMUSG00000030435;SE:7:5071182-5071732:5071795-5072443:+	SE	0.0098952388694227	0.3541458541	False
ENSMUSG00000030532;A3:7:79993342-79993427:79993342-79993464:+	A3	0.004882518824569934	0.4635364635	False
ENSMUSG00000030532;A3:7:79993704-79993850:79993704-79994362:+	A3	0.01006540613291873	0.4635364635	False
ENSMUSG00000030532;A3:7:79993704-79994659:79993704-79994814:+	A3	-0.15269871583220523	0.4635364635	False
ENSMUSG00000030532;A3:7:79993704-79994659:79993704-79994925:+	A3	-0.031527948948242734	0.4635364635	False
ENSMUSG00000030532;A3:7:79993704-79994814:79993704-79994925:+	A3	0.09868427413174535	0.4635364635	False
ENSMUSG00000030532;A5:7:79993203-79993287:79992997-79993287:+	A5	0.08567471206691601	0.4635364635	False
ENSMUSG00000030532;AL:7:79993704-79993850:79994543:79993704-79994659:79994939:+	AL	0.00010031013578171155	0.4635364635	False
ENSMUSG00000030532;AL:7:79993704-79993850:79994543:79993704-79994814:79994976:+	AL	-6.202315140146908e-06	0.4635364635	False
ENSMUSG00000030532;AL:7:79993704-79993850:79994543:79993704-79994925:79995063:+	AL	0.00048707737705988574	0.4635364635	False
ENSMUSG00000030532;AL:7:79993704-79993850:79994543:79993704-79995396:79995513:+	AL	-0.0001332550528637677	0.4635364635	False
ENSMUSG00000030532;AL:7:79993704-79993850:79994543:79993704-79995396:79996462:+	AL	0.0	0.4635364635	False
ENSMUSG00000030532;AL:7:79993704-79993850:79994543:79993704-79999869:80000295:+	AL	0.0	0.4635364635	False
ENSMUSG00000030532;AL:7:79993704-79994362:79994652:79993704-79994659:79994939:+	AL	0.005604583661203866	0.4635364635	False
ENSMUSG00000030532;AL:7:79993704-79994362:79994652:79993704-79994814:79994976:+	AL	-0.001139475542530688	0.4635364635	False
ENSMUSG00000030532;AL:7:79993704-79994362:79994652:79993704-79994925:79995063:+	AL	0.004763182467888982	0.4635364635	False
ENSMUSG00000030532;AL:7:79993704-79994362:79994652:79993704-79995396:79995513:+	AL	-0.005036084161605614	0.4635364635	False
ENSMUSG00000030532;AL:7:79993704-79994362:79994652:79993704-79995396:79996462:+	AL	0.0	0.4635364635	False
ENSMUSG00000030532;AL:7:79993704-79994362:79994652:79993704-79999869:80000295:+	AL	0.0	0.4635364635	False
ENSMUSG00000030532;AL:7:79993704-79994659:79994939:79993704-79995396:79995513:+	AL	-0.40873194830457493	0.4635364635	False
ENSMUSG00000030532;AL:7:79993704-79994925:79995063:79993704-79995396:79995513:+	AL	-0.14305420772926103	0.4635364635	False
ENSMUSG00000030532;AL:7:79993704-79994925:79995063:79993704-79995396:79996462:+	AL	0.0	0.4635364635	False
ENSMUSG00000030532;AL:7:79993704-79994925:79995063:79993704-79999869:80000295:+	AL	0.0	0.4635364635	False
ENSMUSG00000030602;SE:7:28269291-28269597:28269738-28297460:-	SE	0.07109725511767168	0.1263736264	False
ENSMUSG00000030619;A5:7:89604812-89605463:89604812-89605552:-	A5	-0.06566575391481166	0.4070929071	False
ENSMUSG00000030619;SE:7:89620813-89620904:89621003-89621439:-	SE	0.013190737406300501	0.4070929071	False
ENSMUSG00000030619;SE:7:89621531-89626105:89626257-89629620:-	SE	0.0020418169185525414	0.4070929071	False
ENSMUSG00000030649;A3:7:101545657-101546940:101545657-101547149:+	A3	0.13667157777961444	0.302466764	False
ENSMUSG00000030649;A3:7:101547024-101547149:101547024-101547154:+	A3	-0.016465126117638063	0.3389713735	False
ENSMUSG00000030649;A3:7:101548244-101548401:101548244-101550139:+	A3	-0.020936739539043958	0.3389713735	False
ENSMUSG00000030649;A5:7:101547024-101547154:101546994-101547154:+	A5	0.07486949314804492	0.3389713735	False
ENSMUSG00000030649;A5:7:101548244-101548401:101548235-101548401:+	A5	-0.004719552198318655	0.3941058941	False
ENSMUSG00000030649;AF:7:101512922:101513036-101546940:101530532:101530609-101546940:+	AF	-0.008742105990984128	0.3892881312	False
ENSMUSG00000030649;AF:7:101512922:101513036-101546940:101545547:101545657-101546940:+	AF	0.170503450747729	0.302466764	False
ENSMUSG00000030649;AF:7:101512922:101513036-101546940:101545615:101545657-101546940:+	AF	0.3015444119050965	0.302466764	False
ENSMUSG00000030649;AF:7:101512922:101513036-101546940:101545624:101545657-101546940:+	AF	0.475826039757483	0.302466764	False
ENSMUSG00000030649;AF:7:101512922:101513036-101546940:101545635:101545657-101546940:+	AF	0.194550032593323	0.302466764	False
ENSMUSG00000030649;AF:7:101512922:101513036-101546940:101546168:101546567-101546940:+	AF	0.2890837538396694	0.302466764	False
ENSMUSG00000030649;AF:7:101530532:101530609-101546940:101545237:101545457-101546940:+	AF	0.11187350086936987	0.3236763237	False
ENSMUSG00000030649;AF:7:101530532:101530609-101546940:101545547:101545657-101546940:+	AF	0.11346309753981415	0.302466764	False
ENSMUSG00000030649;AF:7:101530532:101530609-101546940:101545615:101545657-101546940:+	AF	-0.07177440539763136	0.3389713735	False
ENSMUSG00000030649;AF:7:101530532:101530609-101546940:101545624:101545657-101546940:+	AF	0.29252967264833263	0.302466764	False
ENSMUSG00000030649;AF:7:101530532:101530609-101546940:101545635:101545657-101546940:+	AF	0.12824219195792697	0.302466764	False
ENSMUSG00000030649;AF:7:101530532:101530609-101546940:101546168:101546567-101546940:+	AF	0.07075012955932891	0.3389713735	False
ENSMUSG00000030649;AF:7:101545237:101545457-101546940:101545547:101545657-101546940:+	AF	0.07486949314804492	0.3389713735	False
ENSMUSG00000030649;AF:7:101545237:101545457-101546940:101545624:101545657-101546940:+	AF	0.493523630274324	0.302466764	False
ENSMUSG00000030649;AF:7:101545237:101545457-101546940:101545635:101545657-101546940:+	AF	0.03912688837405179	0.3389713735	False
ENSMUSG00000030649;AF:7:101545237:101545457-101546940:101546168:101546567-101546940:+	AF	0.09075372221407677	0.3389713735	False
ENSMUSG00000030649;AF:7:101545547:101545657-101546940:101546168:101546567-101546940:+	AF	-0.10361402201575509	0.3082631654	False
ENSMUSG00000030649;AF:7:101545615:101545657-101546940:101546168:101546567-101546940:+	AF	0.1869230306688887	0.3236763237	False
ENSMUSG00000030649;AF:7:101545623:101545657-101547149:101546939:101547024-101547149:+	AF	0.034090404107880334	0.3389713735	False
ENSMUSG00000030649;AF:7:101545623:101545657-101547149:101547002:101547024-101547149:+	AF	-0.024075804828132763	0.3495171495	False
ENSMUSG00000030649;AF:7:101545624:101545657-101546940:101546168:101546567-101546940:+	AF	-0.29087616407012706	0.302466764	False
ENSMUSG00000030649;AF:7:101545635:101545657-101546940:101546168:101546567-101546940:+	AF	-0.1221461733189827	0.302466764	False
ENSMUSG00000030649;AL:7:101548244-101548401:101548687:101548244-101550139:101551052:+	AL	0.034090404107880334	0.3389713735	False
ENSMUSG00000030649;AL:7:101548244-101548401:101548747:101548244-101550139:101551052:+	AL	0.036768339783580406	0.3389713735	False
ENSMUSG00000030649;AL:7:101548244-101548401:101548750:101548244-101550139:101551052:+	AL	0.027400804791037126	0.3389713735	False
ENSMUSG00000030649;SE:7:101545657-101546940:101547024-101547149:+	SE	0.1449313489386438	0.302466764	False
ENSMUSG00000030691;AF:7:100742070:100742133-100759946:100757940:100758246-100759946:+	AF	0.0	0.4245754246	False
ENSMUSG00000030691;AF:7:100742070:100742133-100759946:100757982:100758246-100759946:+	AF	0.0	0.4245754246	False
ENSMUSG00000030691;AF:7:100742070:100742133-100759946:100758012:100758246-100759946:+	AF	0.0	0.4245754246	False
ENSMUSG00000030691;SE:7:100826427-100835595:100835739-100840874:+	SE	-0.0012051948291882386	0.4245754246	False
ENSMUSG00000030691;SE:7:100893423-100895509:100895580-100899652:+	SE	-0.0025220905775909797	0.4245754246	False
ENSMUSG00000030726;A5:7:99768936-99770549:99768936-99770571:-	A5	0.03552846502861834	0.4345654346	False
ENSMUSG00000030726;SE:7:99749888-99755770:99755902-99757719:-	SE	-0.00869458533179579	0.4495504496	False
ENSMUSG00000030726;SE:7:99757758-99761477:99761579-99768881:-	SE	-2.57121690605544e-09	0.4495504496	False
ENSMUSG00000030726;SE:7:99768936-99769104:99769149-99770571:-	SE	0.24068696040095233	0.033966034	True
ENSMUSG00000030788;A3:7:110416057-110420461:110415191-110420461:-	A3	-0.05052083066557422	0.4100899101	False
ENSMUSG00000030788;A3:7:110416057-110420461:110416054-110420461:-	A3	-0.006718762468923667	0.4100899101	False
ENSMUSG00000030788;A5:7:110433052-110436284:110433052-110436370:-	A5	0.031506878249166426	0.4100899101	False
ENSMUSG00000030788;A5:7:110436477-110443006:110436477-110443224:-	A5	-0.024279706341472695	0.4100899101	False
ENSMUSG00000030788;AF:7:110436477-110436616:110436736:110436477-110443006:110443333:-	AF	-0.004829047087891003	0.4100899101	False
ENSMUSG00000030788;AF:7:110436477-110436616:110436736:110436477-110443224:110443364:-	AF	0.006957068050964299	0.4100899101	False
ENSMUSG00000030788;AF:7:110436477-110436616:110436736:110436477-110443546:110443557:-	AF	-0.10638016098174663	0.4100899101	False
ENSMUSG00000030788;AF:7:110436477-110436616:110436736:110436477-110443546:110443609:-	AF	0.0017792028170512397	0.4100899101	False
ENSMUSG00000030788;AF:7:110436477-110436616:110436736:110436477-110443546:110443664:-	AF	-0.0331763099253683	0.4100899101	False
ENSMUSG00000030788;AF:7:110436477-110443006:110443333:110436477-110443546:110443557:-	AF	0.0052232689703825	0.4100899101	False
ENSMUSG00000030788;AF:7:110436477-110443006:110443333:110436477-110443546:110443609:-	AF	0.031398774668351725	0.4100899101	False
ENSMUSG00000030788;AF:7:110436477-110443006:110443333:110436477-110443546:110443664:-	AF	-0.021120632696269792	0.4100899101	False
ENSMUSG00000030788;AF:7:110436477-110443224:110443364:110436477-110443546:110443557:-	AF	-0.06597548288149516	0.4100899101	False
ENSMUSG00000030788;AF:7:110436477-110443224:110443364:110436477-110443546:110443664:-	AF	-0.0053430075405447005	0.4100899101	False
ENSMUSG00000030788;AL:7:110424504:110424605-110432944:110429456:110430168-110432944:-	AL	0.004262450432531373	0.4100899101	False
ENSMUSG00000030788;SE:7:110433052-110436284:110436477-110443546:-	SE	0.10915219353282157	0.4100899101	False
ENSMUSG00000030814;AF:7:127306713-127307052:127307247:127306713-127307608:127307634:-	AF	-0.4646210248201418	0.0224775225	True
ENSMUSG00000030814;AL:7:127260628:127266218-127304899:127304150:127304347-127304899:-	AL	-0.0028368521746247165	0.4440559441	False
ENSMUSG00000030814;AL:7:127260628:127266218-127304899:127304160:127304347-127304899:-	AL	0.1056488306412805	0.4353146853	False
ENSMUSG00000030814;AL:7:127265968:127266218-127304899:127304150:127304347-127304899:-	AL	-0.022839168894957067	0.4353146853	False
ENSMUSG00000030814;AL:7:127266124:127266218-127304899:127304150:127304347-127304899:-	AL	0.20934701098635355	0.0284715285	True
ENSMUSG00000030814;AL:7:127266124:127266218-127304899:127304160:127304347-127304899:-	AL	0.002069794882637921	0.4440559441	False
ENSMUSG00000030814;SE:7:127304984-127305751:127306132-127306348:-	SE	-0.00088183003804965	0.4440559441	False
ENSMUSG00000030814;SE:7:127304984-127306348:127306476-127307052:-	SE	0.04098755502125115	0.4353146853	False
ENSMUSG00000030814;SE:7:127306713-127307052:127307130-127307608:-	SE	-0.2203137456609492	0.0284715285	True
ENSMUSG00000030816;RI:7:127196301:127196513-127196589:127196714:+	RI	-0.033108244577028725	0.2392607393	False
ENSMUSG00000030816;SE:7:127191009-127191761:127191880-127191969:+	SE	0.046016244274908524	0.2392607393	False
ENSMUSG00000030816;SE:7:127191009-127191969:127192148-127193779:+	SE	-0.0738669824002467	0.2392607393	False
ENSMUSG00000030852;A3:7:130331558-130335236:130331558-130335248:+	A3	0.09527047959602264	0.362410317	False
ENSMUSG00000030852;A3:7:130355391-130360895:130355391-130360897:+	A3	0.0026353690414439024	0.4175824176	False
ENSMUSG00000030852;A5:7:130336958-130341542:130336880-130341542:+	A5	-0.035060710949717744	0.4175824176	False
ENSMUSG00000030852;A5:7:130336973-130341542:130336880-130341542:+	A5	0.0	0.4175824176	False
ENSMUSG00000030852;A5:7:130336973-130341542:130336958-130341542:+	A5	0.0	0.4175824176	False
ENSMUSG00000030852;AF:7:130179168:130179246-130203567:130198048:130198149-130203567:+	AF	-0.08837171379865583	0.362410317	False
ENSMUSG00000030852;AF:7:130179214:130179246-130203567:130198048:130198149-130203567:+	AF	-0.2404750552245436	0.362410317	False
ENSMUSG00000030852;AF:7:130247211:130247296-130264746:130247659:130248160-130264746:+	AF	-0.005073859696612004	0.4175824176	False
ENSMUSG00000030852;AF:7:130294495:130294717-130318433:130315407:130315791-130318433:+	AF	0.18132285515870938	0.362410317	False
ENSMUSG00000030852;AL:7:130361765-130362906:130363179:130361765-130365984:130366131:+	AL	0.3202319903561197	0.362410317	False
ENSMUSG00000030852;AL:7:130361765-130362906:130363179:130361765-130365984:130366438:+	AL	0.1591471079622444	0.362410317	False
ENSMUSG00000030852;AL:7:130361765-130362906:130363179:130361765-130365984:130366439:+	AL	-0.0018102105623830633	0.4175824176	False
ENSMUSG00000030852;AL:7:130361765-130362906:130363179:130361765-130365984:130366454:+	AL	0.0	0.4175824176	False
ENSMUSG00000030852;AL:7:130361765-130362906:130363179:130361765-130365984:130366493:+	AL	0.11387937873757978	0.362410317	False
ENSMUSG00000030852;AL:7:130361765-130362906:130363179:130361765-130365984:130366514:+	AL	0.18715771240836332	0.362410317	False
ENSMUSG00000030852;AL:7:130361765-130362906:130363179:130361765-130365984:130366515:+	AL	0.0	0.4175824176	False
ENSMUSG00000030852;RI:7:130330253:130330479-130330590:130331558:+	RI	0.11884255307485858	0.362410317	False
ENSMUSG00000030852;SE:7:130179246-130191700:130191756-130203567:+	SE	-0.07692893604933737	0.362410317	False
ENSMUSG00000030852;SE:7:130203667-130223451:130228571-130264746:+	SE	0.10224048464073562	0.362410317	False
ENSMUSG00000030852;SE:7:130228571-130229128:130229229-130264746:+	SE	-0.03944786134380296	0.4175824176	False
ENSMUSG00000030852;SE:7:130248160-130264746:130264871-130276332:+	SE	0.0050493091718525	0.4175824176	False
ENSMUSG00000030852;SE:7:130331558-130333261:130333296-130335236:+	SE	-0.0013274696364597577	0.4175824176	False
ENSMUSG00000030867;SE:7:121759927-121760730:121760874-121761616:+	SE	-0.07181822467393117	0.1363636364	False
ENSMUSG00000030870;A3:7:121666707-121666844:121666707-121666887:+	A3	0.18311418062185647	0.0704295704	False
ENSMUSG00000030870;RI:7:121666887:121667216-121668004:121668212:+	RI	0.18396869679247355	0.0756743257	False
ENSMUSG00000030870;SE:7:121671238-121673690:121673780-121675331:+	SE	0.04631279436468194	0.1608391608	False
ENSMUSG00000030878;AF:7:120569661-120580757:120581013:120569661-120581200:120581535:-	AF	-0.0019309571551347	0.4130869131	False
ENSMUSG00000030986;A3:7:133350765-133361129:133350720-133361129:-	A3	-0.03238841985111196	0.4095904096	False
ENSMUSG00000030986;A5:7:133361642-133378190:133361642-133378331:-	A5	0.0036379223101519003	0.4095904096	False
ENSMUSG00000030986;AF:7:133361642-133361750:133361998:133361642-133377871:133378238:-	AF	-0.004177059969776131	0.4095904096	False
ENSMUSG00000030986;AF:7:133361642-133361750:133361998:133361642-133378190:133378416:-	AF	-0.01410380798965305	0.4095904096	False
ENSMUSG00000030986;AF:7:133361642-133361750:133361998:133361642-133378331:133378345:-	AF	0.1827132832499518	0.2617382617	False
ENSMUSG00000030986;AF:7:133361642-133361750:133361998:133361642-133378331:133378532:-	AF	0.2581195907940025	0.2617382617	False
ENSMUSG00000030986;AF:7:133361642-133361750:133361998:133361642-133384397:133384455:-	AF	0.5336568822841177	0.1498501499	False
ENSMUSG00000030986;AF:7:133361642-133377871:133378238:133361642-133378331:133378345:-	AF	0.0017157264254679333	0.4095904096	False
ENSMUSG00000030986;AF:7:133361642-133377871:133378238:133361642-133378331:133378532:-	AF	0.0047171829782632	0.4095904096	False
ENSMUSG00000030986;AF:7:133361642-133378190:133378416:133361642-133384397:133384455:-	AF	0.0695433086787646	0.4095904096	False
ENSMUSG00000030986;AF:7:133361642-133378331:133378345:133361642-133384397:133384455:-	AF	0.16324148717343823	0.2617382617	False
ENSMUSG00000030986;AF:7:133361642-133378331:133378532:133361642-133384397:133384455:-	AF	0.2754137603583814	0.2617382617	False
ENSMUSG00000030986;AL:7:133344387:133344530-133361129:133350293:133350765-133361129:-	AL	-0.049414814390910444	0.4095904096	False
ENSMUSG00000030986;AL:7:133344387:133344530-133361129:133350593:133350720-133361129:-	AL	-0.05760779063582888	0.4095904096	False
ENSMUSG00000030986;AL:7:133344387:133344530-133361129:133350738:133350765-133361129:-	AL	-0.004735580189296207	0.4095904096	False
ENSMUSG00000030986;AL:7:133350593:133350720-133361129:133350738:133350765-133361129:-	AL	-0.02865006691312877	0.4095904096	False
ENSMUSG00000030986;MX:7:133344530-133350572:133350765-133378331:133344530-133361129:133361642-133378331:-	MX	0.0022802375390071333	0.4095904096	False
ENSMUSG00000030986;SE:7:133344530-133350572:133350765-133361129:-	SE	0.0011058395992908365	0.4095904096	False
ENSMUSG00000030986;SE:7:133350765-133361129:133361642-133378331:-	SE	-0.00625062412198929	0.4095904096	False
ENSMUSG00000030994;AF:7:133959815-133966460:133966613:133959815-133978446:133978560:-	AF	0.2036840159707447	0.0599400599	False
ENSMUSG00000030994;AL:7:133950910:133951557-133959724:133956032:133956200-133959724:-	AL	-0.0220040324480476	0.3426573427	False
ENSMUSG00000030994;AL:7:133951282:133951557-133959724:133956032:133956200-133959724:-	AL	-0.32438017037508976	0.0599400599	False
ENSMUSG00000030994;AL:7:133951403:133951557-133959724:133956032:133956200-133959724:-	AL	-0.20619258484122388	0.0799200799	False
ENSMUSG00000030994;SE:7:133951557-133959724:133959815-133978446:-	SE	-0.07653063641394878	0.1298701299	False
ENSMUSG00000031004;A3:7:135310049-135310495:135309215-135310495:-	A3	-0.015048619204462432	0.2872127872	False
ENSMUSG00000031010;A3:X:12980883-12982848:12980883-12982863:+	A3	0.048745691381606504	0.4008491508	False
ENSMUSG00000031010;A5:X:13031771-13032871:13031723-13032871:+	A5	-0.0030292963558662678	0.4220779221	False
ENSMUSG00000031010;SE:X:12937972-12938454:12938564-12960163:+	SE	-0.018279986894592898	0.4008491508	False
ENSMUSG00000031065;A3:X:20559770-20560146:20559770-20560277:+	A3	0.05140974625102511	0.3236763237	False
ENSMUSG00000031065;A3:X:20564767-20564848:20564767-20565469:+	A3	0.0	0.4400599401	False
ENSMUSG00000031065;AF:X:20554193:20554600-20559563:20554657:20555045-20559563:+	AF	0.06306592953664954	0.3236763237	False
ENSMUSG00000031065;AF:X:20554238:20554600-20559563:20554657:20555045-20559563:+	AF	0.10386652758437778	0.3236763237	False
ENSMUSG00000031065;RI:X:20562257:20562380-20562586:20562706:+	RI	0.006113948316814433	0.4400599401	False
ENSMUSG00000031065;RI:X:20562970:20563075-20563161:20563203:+	RI	0.006113948316814433	0.4400599401	False
ENSMUSG00000031095;A3:X:37634493-37635569:37634477-37635569:-	A3	-0.006016003008120052	0.3571428571	False
ENSMUSG00000031095;A5:X:37661355-37664957:37661355-37665016:-	A5	0.23114252020430898	0.0314685315	True
ENSMUSG00000031095;SE:X:37629927-37630928:37631035-37632209:-	SE	0.00601600300812033	0.3571428571	False
ENSMUSG00000031229;A3:X:104876197-104879916:104876183-104879916:-	A3	0.00015342271345614167	0.4355644356	False
ENSMUSG00000031229;A3:X:104923624-104927913:104923621-104927913:-	A3	-0.020341097975771327	0.4355644356	False
ENSMUSG00000031229;A3:X:104923624-104931321:104923621-104931321:-	A3	-0.1624612882365195	0.4355644356	False
ENSMUSG00000031229;A5:X:104899637-104900064:104899637-104900088:-	A5	-0.04851876308459668	0.4355644356	False
ENSMUSG00000031229;A5:X:104943599-104972565:104943599-104972706:-	A5	0.03525981660793796	0.4355644356	False
ENSMUSG00000031229;A5:X:104955260-104972565:104955260-104972706:-	A5	-0.04875349191315115	0.4355644356	False
ENSMUSG00000031229;AF:X:104943599-104972094:104972183:104943599-104972565:104973003:-	AF	0.10749126756907629	0.4355644356	False
ENSMUSG00000031229;AF:X:104943599-104972094:104972183:104943599-104972706:104972972:-	AF	-0.000215535735574382	0.4355644356	False
ENSMUSG00000031229;AF:X:104943599-104972094:104972183:104943599-104972706:104973009:-	AF	0.03253534561801284	0.4355644356	False
ENSMUSG00000031229;SE:X:104867421-104869319:104869404-104869707:-	SE	0.015569968506827334	0.4355644356	False
ENSMUSG00000031229;SE:X:104911529-104918166:104921179-104921973:-	SE	0.0	0.4355644356	False
ENSMUSG00000031229;SE:X:104923621-104927913:104928026-104931321:-	SE	-0.16714097628706864	0.4355644356	False
ENSMUSG00000031229;SE:X:104923624-104927913:104928026-104931321:-	SE	-0.01184843463522356	0.4355644356	False
ENSMUSG00000031229;SE:X:104934578-104943487:104943599-104972565:-	SE	-0.04104777089958633	0.4355644356	False
ENSMUSG00000031229;SE:X:104934578-104943487:104943599-104972706:-	SE	-0.006901589056604096	0.4355644356	False
ENSMUSG00000031229;SE:X:104943599-104954180:104954249-104955076:-	SE	-0.2729869675439025	0.4355644356	False
ENSMUSG00000031229;SE:X:104943599-104955076:104955260-104972565:-	SE	0.09114130950462047	0.4355644356	False
ENSMUSG00000031229;SE:X:104943599-104955076:104955260-104972706:-	SE	0.004534393605147317	0.4355644356	False
ENSMUSG00000031311;A3:X:100473368-100474099:100473368-100474102:+	A3	-0.012630533098945684	0.3191808192	False
ENSMUSG00000031311;A5:X:100488423-100488901:100488396-100488901:+	A5	0.016474216910241653	0.3191808192	False
ENSMUSG00000031311;AF:X:100472924:100472983-100474099:100473161:100473368-100474099:+	AF	0.12787257897832638	0.1878121878	False
ENSMUSG00000031311;RI:X:100488294:100488396-100488901:100488940:+	RI	0.03794728181031505	0.3191808192	False
ENSMUSG00000031353;A3:X:161551993-161552760:161551993-161552787:+	A3	0.16280436324388192	0.032967033	True
ENSMUSG00000031353;AF:X:161543398:161543703-161544571:161544062:161544159-161544571:+	AF	-0.07631851777927878	0.1118881119	False
ENSMUSG00000031353;AF:X:161543417:161543703-161544571:161544062:161544159-161544571:+	AF	-0.22524533987978135	0.032967033	True
ENSMUSG00000031353;AF:X:161543458:161543703-161544571:161544062:161544159-161544571:+	AF	0.005070407524471743	0.3981018981	False
ENSMUSG00000031370;AF:X:162741415-162741523:162741548:162741415-162741584:162741657:-	AF	0.02454647133961363	0.2597402597	False
ENSMUSG00000031422;AF:X:135635250-135640554:135641236:135635250-135643573:135643610:-	AF	0.0019252687899320331	0.4420579421	False
ENSMUSG00000031422;AF:X:135640643-135641695:135641904:135640643-135641959:135642101:-	AF	-0.05621638098284938	0.3825174825	False
ENSMUSG00000031422;AF:X:135640643-135641695:135641904:135640643-135642142:135642410:-	AF	-0.0682457811250024	0.3825174825	False
ENSMUSG00000031422;AF:X:135640643-135641959:135642098:135640643-135642142:135642410:-	AF	0.18154269091746572	0.3825174825	False
ENSMUSG00000031422;AF:X:135640643-135641959:135642101:135640643-135642142:135642410:-	AF	0.06811644540820305	0.3825174825	False
ENSMUSG00000031422;AF:X:135640643-135641959:135642101:135640643-135643573:135643638:-	AF	0.0	0.4420579421	False
ENSMUSG00000031422;AF:X:135640643-135641959:135642101:135640643-135643573:135643667:-	AF	0.06908241556773076	0.3825174825	False
ENSMUSG00000031422;AF:X:135640643-135641959:135642101:135640643-135644342:135644439:-	AF	-0.035889777495058284	0.3825174825	False
ENSMUSG00000031422;AF:X:135640643-135642142:135642410:135640643-135643573:135643638:-	AF	0.0	0.4170375079	False
ENSMUSG00000031422;AF:X:135640643-135642142:135642410:135640643-135643573:135643667:-	AF	0.23393433964881205	0.3825174825	False
ENSMUSG00000031422;AF:X:135640643-135642142:135642410:135640643-135644342:135644439:-	AF	-0.27108119986299073	0.3825174825	False
ENSMUSG00000031422;SE:X:135635250-135636295:135636371-135640554:-	SE	0.030990302161614358	0.3825174825	False
ENSMUSG00000031422;SE:X:135635250-135640554:135640643-135643573:-	SE	0.0	0.4420579421	False
ENSMUSG00000031422;SE:X:135640643-135641695:135641868-135641959:-	SE	0.03108143799193727	0.3825174825	False
ENSMUSG00000031540;SE:8:23349648-23351533:23351618-23351904:+	SE	0.06962458647228087	0.3136863137	False
ENSMUSG00000031540;SE:8:23404403-23407697:23407846-23409341:+	SE	-0.009310321038532667	0.3461538462	False
ENSMUSG00000031592;A3:8:41711073-41712074:41711073-41712173:+	A3	-0.04194799107336278	0.2102897103	False
ENSMUSG00000031592;SE:8:41714218-41714397:41714513-41720224:+	SE	0.03383280280708223	0.2102897103	False
ENSMUSG00000031601;AF:8:40963267-40964581:40964759:40963267-40968745:40968888:-	AF	0.05826417420813075	0.3190559441	False
ENSMUSG00000031601;AF:8:40963267-40964581:40964763:40963267-40968745:40968888:-	AF	0.22372297067926328	0.0437062937	True
ENSMUSG00000031601;AF:8:40963267-40964581:40964795:40963267-40968745:40968888:-	AF	0.6794402327937946	0.0	True
ENSMUSG00000031601;AL:8:40945588:40947156-40952336:40948638:40948956-40952336:-	AL	-0.0008440060530895185	0.4400599401	False
ENSMUSG00000031601;RI:8:40952336:40952480-40953793:40953954:-	RI	0.00486339273073315	0.4400599401	False
ENSMUSG00000031601;SE:8:40947156-40948846:40948956-40952336:-	SE	-0.00017691376876405318	0.4400599401	False
ENSMUSG00000031601;SE:8:40963267-40965733:40965880-40968745:-	SE	0.06499291157130653	0.3190559441	False
ENSMUSG00000031660;A3:8:89060847-89063709:89060844-89063709:-	A3	-0.08291406778942308	0.1313686314	False
ENSMUSG00000031697;AL:8:86030080-86030332:86030363:86030080-86031838:86031877:+	AL	0.14398387720784978	0.3196803197	False
ENSMUSG00000031697;SE:8:86026621-86027738:86027867-86029425:+	SE	-0.048470257605908396	0.3196803197	False
ENSMUSG00000031697;SE:8:86027867-86028252:86028353-86029425:+	SE	0.018286817067144485	0.3196803197	False
ENSMUSG00000031697;SE:8:86030080-86031838:86031950-86032846:+	SE	-0.012303359544371006	0.3196803197	False
ENSMUSG00000031774;A5:8:95316035-95328031:95316035-95328125:-	A5	-0.24692474647986573	0.1358641359	False
ENSMUSG00000031774;A5:8:95316035-95328031:95316035-95328172:-	A5	-0.16433442243511326	0.2341658342	False
ENSMUSG00000031774;A5:8:95316035-95328125:95316035-95328172:-	A5	-0.23070690428873908	0.1358641359	False
ENSMUSG00000031774;A5:8:95316035-95328125:95316035-95328263:-	A5	-0.2551227755331502	0.2064602065	False
ENSMUSG00000031774;A5:8:95316035-95328172:95316035-95328263:-	A5	-0.43266277485940396	0.2064602065	False
ENSMUSG00000031774;A5:8:95323736-95328125:95323736-95328263:-	A5	0.2707309748444822	0.1358641359	False
ENSMUSG00000031774;SE:8:95302485-95302735:95302847-95306028:-	SE	0.03514127802272867	0.3061553831	False
ENSMUSG00000031774;SE:8:95316035-95317801:95317916-95323679:-	SE	0.25570123384987314	0.1358641359	False
ENSMUSG00000031774;SE:8:95316035-95317801:95317916-95328125:-	SE	-0.011981452287362568	0.3516483516	False
ENSMUSG00000031774;SE:8:95316035-95318197:95318330-95328125:-	SE	0.084332051133073	0.2341658342	False
ENSMUSG00000031774;SE:8:95316035-95323679:95323736-95328125:-	SE	-0.015859758980798087	0.3516483516	False
ENSMUSG00000031774;SE:8:95316035-95323679:95323736-95328263:-	SE	-0.12999795082454035	0.2341658342	False
ENSMUSG00000031783;MX:8:95588467-95588702:95588771-95589149:95588467-95588810:95588861-95589149:+	MX	0.006746233144039801	0.4315684316	False
ENSMUSG00000031783;RI:8:95589149:95589317-95589438:95589512:+	RI	0.008083539685948967	0.4315684316	False
ENSMUSG00000031783;SE:8:95586940-95587072:95587124-95588339:+	SE	0.003125855983448611	0.4315684316	False
ENSMUSG00000031783;SE:8:95588861-95589149:95589317-95589438:+	SE	-0.0010405003225590903	0.4315684316	False
ENSMUSG00000031819;A5:8:121384987-121385267:121384987-121385291:-	A5	-0.06022386749362829	0.3066933067	False
ENSMUSG00000031819;A5:8:121385813-121387523:121385813-121387574:-	A5	0.058611645140413005	0.3066933067	False
ENSMUSG00000031819;AL:8:121384572:121384987-121394496:121387386:121387599-121394496:-	AL	0.2885424635207326	0.3066933067	False
ENSMUSG00000031819;RI:8:121385267:121385361-121385744:121385813:-	RI	0.0012456476395682667	0.4140859141	False
ENSMUSG00000031819;SE:8:121385813-121386698:121386926-121387523:-	SE	0.0026497750409536333	0.4140859141	False
ENSMUSG00000031819;SE:8:121386926-121387233:121387409-121387523:-	SE	-0.026383540446643927	0.4140859141	False
ENSMUSG00000031948;SE:8:112730072-112732264:112732420-112737842:-	SE	0.006520783037341382	0.3671328671	False
ENSMUSG00000031948;SE:8:112732420-112734839:112735018-112737842:-	SE	0.05480828611155128	0.3476523477	False
ENSMUSG00000031948;SE:8:112735018-112735114:112735171-112737842:-	SE	0.0625239332447486	0.3476523477	False
ENSMUSG00000032000;A3:9:7851172-7854368:7851087-7854368:-	A3	0.029295150744676257	0.3281718282	False
ENSMUSG00000032000;A5:9:7858780-7860264:7858780-7860318:-	A5	0.02945516245820745	0.3281718282	False
ENSMUSG00000032000;A5:9:7861408-7872824:7861408-7872991:-	A5	0.1587057786373568	0.1713286713	False
ENSMUSG00000032000;A5:9:7861408-7872991:7861408-7873057:-	A5	-0.0595365717723948	0.3281718282	False
ENSMUSG00000032000;AF:9:7861408-7872824:7872984:7861408-7872991:7873187:-	AF	0.013993481796316331	0.3281718282	False
ENSMUSG00000032000;AF:9:7861408-7872824:7872984:7861408-7873057:7873171:-	AF	0.07224641077965976	0.3281718282	False
ENSMUSG00000032000;AF:9:7861408-7872824:7873025:7861408-7873057:7873171:-	AF	0.017305070132334732	0.3281718282	False
ENSMUSG00000032002;AL:9:7203555-7205298:7205639:7203555-7206720:7207040:+	AL	0.0054985740339720006	0.3936063936	False
ENSMUSG00000032002;AL:9:7205400-7206073:7206489:7205400-7206720:7208205:+	AL	-0.1757459075338864	0.2187812188	False
ENSMUSG00000032002;SE:9:7203555-7205298:7205400-7206720:+	SE	-0.010815635193801326	0.3936063936	False
ENSMUSG00000032050;AF:9:51958473:51958535-51972132:51959415:51959732-51972132:+	AF	-0.10276328470038587	0.3236763237	False
ENSMUSG00000032050;AF:9:51958473:51958535-51972132:51959471:51959732-51972132:+	AF	0.0006685195651092157	0.4395604396	False
ENSMUSG00000032050;AF:9:51958473:51958535-51972132:51959571:51959732-51972132:+	AF	-0.02294791972914434	0.4278221778	False
ENSMUSG00000032056;AF:9:50972201:50972254-51024629:51017178:51017273-51024629:+	AF	-0.01941390373324615	0.2392607393	False
ENSMUSG00000032217;A3:9:70336961-70338213:70336937-70338213:-	A3	0.03780430085389652	0.3946053946	False
ENSMUSG00000032217;A3:9:70357823-70360783:70357820-70360783:-	A3	0.005307807099361628	0.3946053946	False
ENSMUSG00000032217;AF:9:70383950-70410222:70410660:70383950-70410741:70411006:-	AF	0.0022277571210301828	0.3946053946	False
ENSMUSG00000032217;AF:9:70410284-70410514:70410636:70410284-70410741:70411007:-	AF	-0.03295092582632675	0.3946053946	False
ENSMUSG00000032217;SE:9:70383950-70410222:70410284-70410741:-	SE	0.011991562233032993	0.3946053946	False
ENSMUSG00000032254;AL:9:61828469:61828528-61831914:61830133:61831498-61831914:-	AL	-0.10208948425640141	0.1198801199	False
ENSMUSG00000032254;SE:9:61826252-61826894:61826975-61827157:-	SE	0.11889886669177163	0.0892440892	False
ENSMUSG00000032254;SE:9:61828528-61831187:61831498-61831914:-	SE	0.22327131219818053	0.025974026	True
ENSMUSG00000032254;SE:9:61839469-61840511:61840552-61842662:-	SE	-0.2129453422923614	0.025974026	True
ENSMUSG00000032267;A3:9:48929767-48935206:48929767-48935281:+	A3	0.1287776990445143	0.1008991009	False
ENSMUSG00000032267;SE:9:48896837-48911651:48911728-48912808:+	SE	0.047246745412122926	0.1638361638	False
ENSMUSG00000032293;SE:9:54807856-54810464:54810523-54811175:+	SE	0.07067045782471904	0.0919080919	False
ENSMUSG00000032294;A5:9:59564580-59572483:59564553-59572483:+	A5	0.0	0.4220779221	False
ENSMUSG00000032294;AF:9:59563651:59563932-59572483:59563942:59563981-59572483:+	AF	0.020897269626881543	0.4177489177	False
ENSMUSG00000032294;AF:9:59563651:59563932-59572483:59564523:59564580-59572483:+	AF	0.0	0.4220779221	False
ENSMUSG00000032294;AF:9:59563651:59563932-59572483:59565526:59565832-59572483:+	AF	0.03725146963277348	0.4177489177	False
ENSMUSG00000032294;AF:9:59563856:59563932-59572483:59563942:59563981-59572483:+	AF	-0.0049044100353754505	0.4220779221	False
ENSMUSG00000032294;AF:9:59563856:59563932-59572483:59564523:59564580-59572483:+	AF	0.0	0.4220779221	False
ENSMUSG00000032294;AF:9:59563856:59563932-59572483:59565526:59565832-59572483:+	AF	-0.06585767332101011	0.4177489177	False
ENSMUSG00000032294;AF:9:59563859:59563932-59572483:59565526:59565832-59572483:+	AF	0.27042816687729865	0.4177489177	False
ENSMUSG00000032294;MX:9:59563932-59564370:59564553-59572483:59563932-59570323:59570439-59572483:+	MX	0.38192244291033334	0.4177489177	False
ENSMUSG00000032294;MX:9:59579356-59582312:59582478-59585327:59579356-59582851:59583017-59585327:+	MX	-0.2813462451133305	0.1038961039	False
ENSMUSG00000032294;SE:9:59563932-59564370:59564553-59572483:+	SE	0.019921217327474094	0.4177489177	False
ENSMUSG00000032294;SE:9:59563932-59570323:59570439-59572483:+	SE	-0.031590582088501976	0.4177489177	False
ENSMUSG00000032294;SE:9:59564553-59566282:59566436-59572483:+	SE	-0.16964664309733232	0.4177489177	False
ENSMUSG00000032336;A3:9:58551085-58557780:58551085-58557792:+	A3	-0.003533753299695741	0.4060939061	False
ENSMUSG00000032336;A5:9:58551085-58557780:58550967-58557780:+	A5	-0.10535216335807074	0.1888111888	False
ENSMUSG00000032336;AF:9:58489719:58489809-58547952:58536388:58536538-58547952:+	AF	0.3580598981836215	0.1674575425	False
ENSMUSG00000032336;AF:9:58489719:58489809-58547952:58536389:58536538-58547952:+	AF	0.3677923608611585	0.1674575425	False
ENSMUSG00000032336;AL:9:58535211-58547952:58547963:58535211-58550812:58550951:+	AL	0.492006589538594	0.0472027972	True
ENSMUSG00000032336;SE:9:58489809-58525946:58526293-58530970:+	SE	-0.3374967463108438	0.035964036	True
ENSMUSG00000032336;SE:9:58489809-58530970:58531138-58535117:+	SE	-0.08121106144637669	0.1970529471	False
ENSMUSG00000032336;SE:9:58535211-58547952:58548085-58550812:+	SE	0.01026839134308688	0.4060939061	False
ENSMUSG00000032387;A3:9:65558365-65558829:65558365-65558943:+	A3	0.0006439260643905653	0.4415584416	False
ENSMUSG00000032387;AF:9:65537841:65538179-65556631:65538359:65538520-65556631:+	AF	-0.017844485543850652	0.3738761239	False
ENSMUSG00000032387;AF:9:65537841:65538179-65556631:65538359:65538636-65556631:+	AF	-0.025449009561071434	0.3738761239	False
ENSMUSG00000032387;AF:9:65537841:65538179-65556631:65538368:65538520-65556631:+	AF	0.0	0.4415584416	False
ENSMUSG00000032387;SE:9:65557287-65557844:65557906-65558215:+	SE	-0.01771315398312312	0.3738761239	False
ENSMUSG00000032397;A3:9:64188929-64195390:64188929-64195396:+	A3	0.0014423999662762643	0.4175824176	False
ENSMUSG00000032397;A3:9:64188934-64195390:64188934-64195396:+	A3	-0.002083499932832966	0.4175824176	False
ENSMUSG00000032397;A5:9:64188934-64195390:64188929-64195390:+	A5	0.06756596252900837	0.4175824176	False
ENSMUSG00000032397;A5:9:64188934-64195396:64188929-64195396:+	A5	0.04636130688599899	0.4175824176	False
ENSMUSG00000032413;A5:9:96493552-96513417:96493552-96513451:-	A5	-0.007013833815954329	0.4155844156	False
ENSMUSG00000032413;RI:9:96448069:96448175-96450417:96450540:-	RI	0.0026157300594915334	0.4155844156	False
ENSMUSG00000032479;A3:9:109910678-109910803:109910678-109910909:+	A3	0.12058187044067192	0.3852258852	False
ENSMUSG00000032479;A5:9:109898053-109900094:109898008-109900094:+	A5	-0.029543589082011823	0.3852258852	False
ENSMUSG00000032479;A5:9:109908964-109910489:109908961-109910489:+	A5	-0.004599006260697813	0.3956043956	False
ENSMUSG00000032479;AF:9:109760528:109761008-109807918:109798085:109798169-109807918:+	AF	-0.033973272799781906	0.3852258852	False
ENSMUSG00000032479;AF:9:109760868:109761008-109807918:109798085:109798169-109807918:+	AF	-0.6228340044281193	0.3852258852	False
ENSMUSG00000032479;AF:9:109760932:109761008-109807918:109798085:109798169-109807918:+	AF	-0.06318529415633256	0.3852258852	False
ENSMUSG00000032479;SE:9:109865923-109866356:109869535-109892085:+	SE	0.029777683353630027	0.3852258852	False
ENSMUSG00000032479;SE:9:109892191-109893296:109893517-109896553:+	SE	0.007126213682291049	0.393956044	False
ENSMUSG00000032479;SE:9:109898053-109900094:109900207-109901681:+	SE	-0.01696047212963736	0.3852258852	False
ENSMUSG00000032479;SE:9:109898053-109901681:109901773-109907071:+	SE	0.02559784983441494	0.3852258852	False
ENSMUSG00000032479;SE:9:109908961-109910489:109910678-109910909:+	SE	-0.06659393910106903	0.3852258852	False
ENSMUSG00000032536;A5:9:121127138-121193067:121126899-121193067:+	A5	0.0	0.4300699301	False
ENSMUSG00000032536;A5:9:121196300-121220923:121196257-121220923:+	A5	0.13345986656186584	0.3110889111	False
ENSMUSG00000032536;AF:9:121126578:121126899-121193067:121143304:121143425-121193067:+	AF	0.1736872789834133	0.2982017982	False
ENSMUSG00000032536;AF:9:121126600:121126899-121193067:121143304:121143425-121193067:+	AF	0.34393598125882274	0.3110889111	False
ENSMUSG00000032536;AF:9:121196034:121196257-121220923:121211860:121211998-121220923:+	AF	-0.11175400064775054	0.3693806194	False
ENSMUSG00000032536;AF:9:121196082:121196257-121220923:121211860:121211998-121220923:+	AF	0.22889932634567878	0.2982017982	False
ENSMUSG00000032536;AF:9:121232544:121232870-121260545:121245041:121245379-121260545:+	AF	0.0	0.3804320679	False
ENSMUSG00000032536;SE:9:121289643-121295973:121296043-121298051:+	SE	-0.015430479578344532	0.3804320679	False
ENSMUSG00000032536;SE:9:121298153-121299294:121299386-121301303:+	SE	0.11904809099883179	0.2982017982	False
ENSMUSG00000032562;A3:9:107492297-107492811:107491914-107492811:-	A3	0.03371363871942823	0.4350649351	False
ENSMUSG00000032562;AF:9:107497661-107503703:107503805:107497661-107512299:107512511:-	AF	0.0	0.4350649351	False
ENSMUSG00000032562;AF:9:107497661-107503703:107503805:107497661-107512299:107512566:-	AF	0.0	0.4350649351	False
ENSMUSG00000032562;AL:9:107491324:107491914-107492811:107492139:107492297-107492811:-	AL	-0.007677978567767529	0.4350649351	False
ENSMUSG00000032562;SE:9:107497661-107511598:107511682-107512299:-	SE	-0.013382180622676466	0.4350649351	False
ENSMUSG00000032570;A3:9:105371796-105372092:105371681-105372092:-	A3	-0.06419264976781414	0.405994006	False
ENSMUSG00000032570;A5:9:105326087-105328992:105326087-105329003:-	A5	-0.001788729952604	0.4425574426	False
ENSMUSG00000032570;AF:9:105347346-105347493:105347589:105347346-105371614:105371619:-	AF	-0.11646487242128124	0.3063603064	False
ENSMUSG00000032570;AF:9:105347346-105347493:105347589:105347346-105372092:105372276:-	AF	-0.7978945051057482	0.3063603064	False
ENSMUSG00000032570;AF:9:105347346-105347493:105347589:105347346-105398239:105398456:-	AF	0.21626243700553444	0.3063603064	False
ENSMUSG00000032570;AF:9:105347346-105347493:105347589:105347346-105404211:105404518:-	AF	-0.035316117562384654	0.3617435196	False
ENSMUSG00000032570;AF:9:105347346-105371614:105371619:105347346-105372092:105372246:-	AF	-0.0018858788724737119	0.4425574426	False
ENSMUSG00000032570;AF:9:105347346-105371614:105371619:105347346-105372092:105372276:-	AF	-0.2259612201460165	0.3063603064	False
ENSMUSG00000032570;AF:9:105347346-105371614:105371619:105347346-105398239:105398346:-	AF	-0.017988391001179327	0.4322949777	False
ENSMUSG00000032570;AF:9:105347346-105371614:105371619:105347346-105398239:105398456:-	AF	0.15826393900821134	0.3063603064	False
ENSMUSG00000032570;AF:9:105347346-105371614:105371619:105347346-105404211:105404518:-	AF	0.0671866497310914	0.3063603064	False
ENSMUSG00000032570;AF:9:105347346-105371614:105371661:105347346-105372092:105372276:-	AF	-0.5	0.3063603064	False
ENSMUSG00000032570;AF:9:105347346-105371614:105371661:105347346-105404211:105404518:-	AF	-0.00226436322482155	0.4425574426	False
ENSMUSG00000032570;AF:9:105347346-105371614:105371863:105347346-105404211:105404518:-	AF	0.0015943142711292001	0.4425574426	False
ENSMUSG00000032570;AF:9:105347346-105372092:105372246:105347346-105404211:105404518:-	AF	0.0010616436164936	0.4425574426	False
ENSMUSG00000032570;AF:9:105347346-105372092:105372276:105347346-105398239:105398456:-	AF	0.6203563679202176	0.0959040959	False
ENSMUSG00000032570;AF:9:105347346-105372092:105372276:105347346-105404211:105404518:-	AF	0.13119673317698383	0.3063603064	False
ENSMUSG00000032570;AF:9:105347346-105398239:105398346:105347346-105404211:105404518:-	AF	0.00796786826440594	0.4425574426	False
ENSMUSG00000032570;AF:9:105347346-105398239:105398456:105347346-105404211:105404518:-	AF	-0.04898514945862477	0.3074572486	False
ENSMUSG00000032570;AL:9:105280745:105280782-105291833:105287637:105290388-105291833:-	AL	-0.013541588487731127	0.4419927898	False
ENSMUSG00000032570;AL:9:105280745:105280782-105291833:105288557:105290388-105291833:-	AL	-0.13523332730464965	0.3063603064	False
ENSMUSG00000032570;AL:9:105280745:105280782-105291833:105288562:105290388-105291833:-	AL	0.15826393900821134	0.3063603064	False
ENSMUSG00000032570;AL:9:105280745:105280782-105291833:105290122:105290388-105291833:-	AL	-0.06136305368437994	0.3074572486	False
ENSMUSG00000032570;SE:9:105280782-105284315:105284402-105290264:-	SE	-0.01074460422871415	0.4425574426	False
ENSMUSG00000032570;SE:9:105280782-105290264:105290388-105291833:-	SE	0.017988391001179337	0.4322949777	False
ENSMUSG00000032570;SE:9:105338277-105341825:105341860-105343782:-	SE	-0.000537186102506304	0.4425574426	False
ENSMUSG00000032570;SE:9:105343871-105344900:105345016-105347236:-	SE	-0.004063131331599745	0.4425574426	False
ENSMUSG00000032570;SE:9:105347346-105370742:105370753-105371614:-	SE	-0.055906994012990784	0.348984349	False
ENSMUSG00000032570;SE:9:105347346-105371614:105371681-105372092:-	SE	-0.2983953175164612	0.3063603064	False
ENSMUSG00000032570;SE:9:105347346-105371614:105371796-105372092:-	SE	-0.440902128706509	0.3074572486	False
ENSMUSG00000032582;A3:9:107665097-107665307:107665063-107665307:-	A3	0.0	0.4515484515	False
ENSMUSG00000032582;A3:9:107730873-107737548:107730602-107737548:-	A3	0.02007071130935567	0.4515484515	False
ENSMUSG00000032582;AF:9:107737658-107749402:107749620:107737658-107749848:107749921:-	AF	-0.03336864852891841	0.4515484515	False
ENSMUSG00000032582;AF:9:107737658-107749402:107749620:107737658-107749848:107749943:-	AF	-0.29426115608376846	0.4515484515	False
ENSMUSG00000032582;AF:9:107737658-107749402:107749620:107737658-107749848:107749962:-	AF	0.32955087294339164	0.4515484515	False
ENSMUSG00000032582;AF:9:107737658-107749402:107749620:107737658-107749848:107750020:-	AF	-0.007382182803106287	0.4515484515	False
ENSMUSG00000032582;AF:9:107737658-107749402:107749620:107737658-107749848:107750028:-	AF	-0.02454150548763015	0.4515484515	False
ENSMUSG00000032582;MX:9:107737658-107738822:107738928-107749848:107737658-107742117:107742192-107749848:-	MX	-0.015780843680702428	0.4515484515	False
ENSMUSG00000032582;SE:9:107728203-107729324:107730602-107737548:-	SE	0.0	0.4515484515	False
ENSMUSG00000032582;SE:9:107728203-107729324:107730873-107737548:-	SE	0.0	0.4515484515	False
ENSMUSG00000032582;SE:9:107737658-107738822:107738928-107749848:-	SE	0.050871864392494005	0.4515484515	False
ENSMUSG00000032582;SE:9:107737658-107742117:107742192-107749848:-	SE	0.0020646160679169668	0.4515484515	False
ENSMUSG00000032601;AF:9:108566513:108566771-108591472:108569342:108569911-108591472:+	AF	0.006067760324787567	0.3776223776	False
ENSMUSG00000032601;AF:9:108566513:108566771-108591472:108569656:108569911-108591472:+	AF	0.007495999772716667	0.3776223776	False
ENSMUSG00000032601;SE:9:108617961-108621429:108621494-108622681:+	SE	0.021832541826331764	0.3776223776	False
ENSMUSG00000032604;A3:9:108385398-108385582:108385398-108386076:+	A3	-0.010535454646693032	0.4310689311	False
ENSMUSG00000032604;A3:9:108388817-108389630:108388817-108389682:+	A3	0.0	0.4310689311	False
ENSMUSG00000032604;A3:9:108390577-108390868:108390577-108390923:+	A3	0.0	0.4310689311	False
ENSMUSG00000032604;A3:9:108392072-108392166:108392072-108392306:+	A3	0.0	0.4310689311	False
ENSMUSG00000032604;A3:9:108392232-108392306:108392232-108392319:+	A3	0.0	0.4310689311	False
ENSMUSG00000032604;A3:9:108392232-108392306:108392232-108392331:+	A3	0.0	0.4310689311	False
ENSMUSG00000032604;A5:9:108385398-108385582:108385362-108385582:+	A5	-0.14960567142103975	0.4310689311	False
ENSMUSG00000032604;A5:9:108385729-108386076:108385680-108386076:+	A5	0.08600323675141064	0.4310689311	False
ENSMUSG00000032604;A5:9:108386203-108386348:108386185-108386348:+	A5	0.0	0.4310689311	False
ENSMUSG00000032604;A5:9:108386925-108387294:108386704-108387294:+	A5	0.0263368605823745	0.4310689311	False
ENSMUSG00000032604;A5:9:108389781-108389899:108389768-108389899:+	A5	2.220446049250313e-16	0.4310689311	False
ENSMUSG00000032604;A5:9:108392072-108392166:108392028-108392166:+	A5	-0.002643096158852276	0.4310689311	False
ENSMUSG00000032604;A5:9:108392072-108392166:108392043-108392166:+	A5	-0.06071136558508117	0.4310689311	False
ENSMUSG00000032604;AF:9:108384932:108385107-108385582:108385255:108385398-108385582:+	AF	0.0	0.4310689311	False
ENSMUSG00000032604;AF:9:108384932:108385107-108385582:108385257:108385398-108385582:+	AF	0.0	0.4310689311	False
ENSMUSG00000032604;AF:9:108384932:108385107-108385582:108385258:108385398-108385582:+	AF	0.0	0.4310689311	False
ENSMUSG00000032604;AF:9:108384932:108385107-108385582:108385270:108385398-108385582:+	AF	0.0	0.4310689311	False
ENSMUSG00000032604;AF:9:108385258:108385398-108386076:108385647:108385729-108386076:+	AF	-0.09289198244219524	0.4310689311	False
ENSMUSG00000032604;MX:9:108388409-108388530:108388615-108389682:108388409-108388731:108388817-108389682:+	MX	0.4114285109801782	0.4310689311	False
ENSMUSG00000032604;RI:9:108385582:108385680-108386076:108386185:+	RI	-0.00636123222926805	0.4310689311	False
ENSMUSG00000032604;RI:9:108385582:108385729-108386076:108386185:+	RI	0.00444536086709065	0.4310689311	False
ENSMUSG00000032604;RI:9:108385582:108386185-108386348:108386423:+	RI	0.06827420003182827	0.4310689311	False
ENSMUSG00000032604;RI:9:108386076:108386185-108386348:108386423:+	RI	0.014066303298482219	0.4310689311	False
ENSMUSG00000032604;RI:9:108389682:108389768-108389899:108389977:+	RI	0.0	0.4310689311	False
ENSMUSG00000032604;RI:9:108389682:108389781-108389899:108389977:+	RI	0.01754319617386954	0.4310689311	False
ENSMUSG00000032604;RI:9:108391092:108391179-108391264:108391407:+	RI	-0.04336000703728361	0.4310689311	False
ENSMUSG00000032604;RI:9:108392166:108392232-108392306:108392431:+	RI	0.029940999853230465	0.4310689311	False
ENSMUSG00000032604;RI:9:108392166:108392431-108392995:108393135:+	RI	-0.2950293067759354	0.4310689311	False
ENSMUSG00000032604;SE:9:108385398-108385582:108385680-108386076:+	SE	-0.10243948954226278	0.4310689311	False
ENSMUSG00000032604;SE:9:108385398-108385582:108385729-108386076:+	SE	-0.03496380916990227	0.4310689311	False
ENSMUSG00000032604;SE:9:108387547-108388338:108388409-108388530:+	SE	-0.008764404211850096	0.4310689311	False
ENSMUSG00000032604;SE:9:108388409-108388530:108388615-108388731:+	SE	0.20370929809869354	0.4310689311	False
ENSMUSG00000032604;SE:9:108388615-108388731:108388817-108389682:+	SE	-0.023226265541821944	0.4310689311	False
ENSMUSG00000032604;SE:9:108390395-108390485:108390577-108390868:+	SE	0.0	0.4310689311	False
ENSMUSG00000032604;SE:9:108392072-108392166:108392232-108392306:+	SE	0.0	0.4310689311	False
ENSMUSG00000032604;SE:9:108392232-108392306:108392431-108392995:+	SE	0.0	0.4310689311	False
ENSMUSG00000032637;A3:7:126095818-126096426:126095800-126096426:-	A3	-0.008516272572226757	0.3186813187	False
ENSMUSG00000032637;A5:7:126091387-126091616:126091387-126091621:-	A5	0.0741423382769606	0.1318681319	False
ENSMUSG00000032637;A5:7:126100630-126101402:126100630-126101468:-	A5	-0.15520663052461808	0.1164549736	False
ENSMUSG00000032637;AF:7:126100630-126101125:126101272:126100630-126101402:126101490:-	AF	-0.016250735835137864	0.3186813187	False
ENSMUSG00000032637;AF:7:126100630-126101125:126101272:126100630-126101468:126101586:-	AF	-0.13645942752323675	0.1164549736	False
ENSMUSG00000032637;AF:7:126100630-126101125:126101272:126100630-126102072:126102527:-	AF	-0.08986852120308	0.1164549736	False
ENSMUSG00000032637;AF:7:126100630-126101125:126101272:126100630-126102072:126102609:-	AF	-0.09353911265435708	0.1164549736	False
ENSMUSG00000032637;AF:7:126100630-126101402:126101490:126100630-126102072:126102527:-	AF	-0.13408060217309045	0.1164549736	False
ENSMUSG00000032637;AF:7:126100630-126101402:126101490:126100630-126102072:126102609:-	AF	-0.15149438623232026	0.1164549736	False
ENSMUSG00000032637;AF:7:126100630-126101468:126101586:126100630-126102072:126102527:-	AF	-0.02937918450385968	0.2361638362	False
ENSMUSG00000032637;AF:7:126100630-126101468:126101586:126100630-126102072:126102609:-	AF	-0.068682543895873	0.1431901432	False
ENSMUSG00000032637;SE:7:126091387-126091621:126091657-126091984:-	SE	-0.09237470507922937	0.1164549736	False
ENSMUSG00000032712;A3:6:149231282-149232924:149231282-149232930:+	A3	0.023311409661948	0.3856143856	False
ENSMUSG00000032712;A5:6:149211875-149226903:149211857-149226903:+	A5	0.07929414784090905	0.3461538462	False
ENSMUSG00000032712;MX:6:149211875-149212981:149213104-149226230:149211875-149219133:149219206-149226230:+	MX	0.0	0.3856143856	False
ENSMUSG00000032712;MX:6:149211875-149219133:149219206-149226903:149211875-149226230:149226298-149226903:+	MX	-0.11228790951982676	0.3461538462	False
ENSMUSG00000032712;SE:6:149211875-149212981:149213104-149226230:+	SE	0.0	0.3856143856	False
ENSMUSG00000032712;SE:6:149211875-149219133:149219206-149226230:+	SE	-0.03275904341400698	0.3856143856	False
ENSMUSG00000032712;SE:6:149211875-149219133:149219206-149226903:+	SE	-0.09452878458693662	0.3461538462	False
ENSMUSG00000032712;SE:6:149211875-149226230:149226298-149226903:+	SE	-0.011486875462548563	0.3856143856	False
ENSMUSG00000032712;SE:6:149219206-149226230:149226298-149226903:+	SE	0.09619121642079076	0.3461538462	False
ENSMUSG00000032727;A3:13:111846341-111848220:111846341-111848223:+	A3	-0.04531906985438583	0.4213094598	False
ENSMUSG00000032727;A5:13:111822888-111824362:111822871-111824362:+	A5	0.3201208872175977	0.0374625375	True
ENSMUSG00000032727;A5:13:111822988-111824362:111822888-111824362:+	A5	-0.05810921027398743	0.4213094598	False
ENSMUSG00000032727;AF:13:111822712:111822888-111824362:111823436:111823443-111824362:+	AF	0.0	0.4240759241	False
ENSMUSG00000032727;AF:13:111822712:111822888-111824362:111824033:111824042-111824362:+	AF	0.0	0.4240759241	False
ENSMUSG00000032727;AF:13:111822782:111822871-111824362:111822885:111822888-111824362:+	AF	-0.6237640993820001	0.0374625375	True
ENSMUSG00000032727;AF:13:111822782:111822871-111824362:111822885:111822988-111824362:+	AF	-0.19937544475161773	0.4213094598	False
ENSMUSG00000032727;AF:13:111822782:111822871-111824362:111823436:111823443-111824362:+	AF	0.0	0.4213094598	False
ENSMUSG00000032727;AF:13:111822782:111822871-111824362:111824033:111824042-111824362:+	AF	0.0	0.4213094598	False
ENSMUSG00000032727;AF:13:111822885:111822888-111824362:111823436:111823443-111824362:+	AF	0.0	0.4213094598	False
ENSMUSG00000032727;AF:13:111822885:111822888-111824362:111824033:111824042-111824362:+	AF	0.0	0.4213094598	False
ENSMUSG00000032727;SE:13:111824386-111827770:111827915-111840163:+	SE	-0.24634741754137657	0.0649350649	False
ENSMUSG00000032727;SE:13:111840297-111840949:111840985-111841756:+	SE	-0.018605904038409848	0.4213094598	False
ENSMUSG00000032745;A5:13:111585533-111589558:111585533-111589907:-	A5	0.08255547975743606	0.1854395604	False
ENSMUSG00000032745;MX:13:111577350-111579855:111579940-111585467:111577350-111584430:111584489-111585467:-	MX	0.001273237161372934	0.4290709291	False
ENSMUSG00000032745;SE:13:111577350-111579855:111579940-111585467:-	SE	-0.1111361517515004	0.1854395604	False
ENSMUSG00000032745;SE:13:111577350-111584430:111584489-111585467:-	SE	-0.040567461758981405	0.1854395604	False
ENSMUSG00000032745;SE:13:111585533-111589558:111589781-111589907:-	SE	-0.21811517420083926	0.024975025	True
ENSMUSG00000032803;A3:9:103233228-103233479:103232512-103233479:-	A3	0.03322267772845333	0.3079420579	False
ENSMUSG00000032803;A3:9:103233228-103233479:103233225-103233479:-	A3	-0.022732278760081576	0.3079420579	False
ENSMUSG00000032803;A3:9:103233638-103237075:103233632-103237075:-	A3	0.0033163231288926287	0.3976380762	False
ENSMUSG00000032803;AF:9:103241250-103241662:103242096:103241250-103242253:103242326:-	AF	0.08298028073350143	0.3079420579	False
ENSMUSG00000032803;AF:9:103241250-103241662:103242096:103241250-103242253:103242737:-	AF	0.034065554213057264	0.3079420579	False
ENSMUSG00000032803;AF:9:103241250-103241662:103242096:103241250-103242253:103242818:-	AF	0.0011424465653623334	0.4155844156	False
ENSMUSG00000032803;AF:9:103241250-103241662:103242096:103241250-103242253:103243039:-	AF	0.045007748044226276	0.3079420579	False
ENSMUSG00000032803;AF:9:103241250-103241662:103242178:103241250-103242253:103242326:-	AF	-0.13972568580879097	0.3079420579	False
ENSMUSG00000032803;AF:9:103241250-103241662:103242178:103241250-103242253:103242737:-	AF	-0.04140250947726012	0.3079420579	False
ENSMUSG00000032803;AF:9:103241250-103241662:103242178:103241250-103242253:103242818:-	AF	-0.006056182935048816	0.3769307615	False
ENSMUSG00000032803;AF:9:103241250-103241662:103242178:103241250-103242253:103243039:-	AF	-0.05347885115202769	0.3079420579	False
ENSMUSG00000032803;AL:9:103230293:103232512-103233479:103233123:103233228-103233479:-	AL	-0.05720123542311606	0.3079420579	False
ENSMUSG00000032803;AL:9:103230293:103232512-103233479:103233149:103233225-103233479:-	AL	-0.012336317188777493	0.3535101262	False
ENSMUSG00000032803;AL:9:103230303:103232512-103233479:103233123:103233228-103233479:-	AL	-0.13972568580879097	0.3079420579	False
ENSMUSG00000032803;AL:9:103230303:103232512-103233479:103233149:103233225-103233479:-	AL	-0.006056182935048816	0.3769307615	False
ENSMUSG00000032897;AF:4:120647686-120672659:120672909:120647686-120682727:120682881:-	AF	-0.09784053146045124	0.4185814186	False
ENSMUSG00000032897;AF:4:120647686-120672659:120672909:120647686-120682727:120682893:-	AF	0.23860718080563292	0.4185814186	False
ENSMUSG00000032897;AF:4:120647686-120672659:120672909:120647686-120682727:120682903:-	AF	0.06059550249238513	0.4185814186	False
ENSMUSG00000032897;AF:4:120647686-120672659:120672909:120647686-120682727:120682904:-	AF	0.05490901162326556	0.4185814186	False
ENSMUSG00000032897;AF:4:120647686-120672659:120672909:120647686-120688638:120688769:-	AF	0.06704934935220334	0.4185814186	False
ENSMUSG00000032897;AF:4:120647686-120682727:120682881:120647686-120688638:120688769:-	AF	0.011019394297343233	0.4185814186	False
ENSMUSG00000032897;AF:4:120647686-120682727:120682893:120647686-120688638:120688769:-	AF	-0.0134788228828055	0.4185814186	False
ENSMUSG00000032897;AF:4:120647686-120682727:120682903:120647686-120688638:120688769:-	AF	0.07015142103165711	0.4185814186	False
ENSMUSG00000032897;AF:4:120647686-120682727:120682904:120647686-120688638:120688769:-	AF	-0.008430443552378665	0.4185814186	False
ENSMUSG00000032897;SE:4:120630964-120636317:120636430-120638669:-	SE	0.004570545143431248	0.4185814186	False
ENSMUSG00000032897;SE:4:120636430-120638669:120638740-120647574:-	SE	0.0015057261012964007	0.4185814186	False
ENSMUSG00000032998;A5:4:119397938-119417800:119397754-119417800:+	A5	0.006254155743414763	0.4523476523	False
ENSMUSG00000032998;AF:4:119394201:119394365-119417800:119396858:119397042-119417800:+	AF	0.14899149575983198	0.2677322677	False
ENSMUSG00000032998;AF:4:119394201:119394365-119417800:119396882:119397042-119417800:+	AF	0.0	0.4523476523	False
ENSMUSG00000032998;AF:4:119394201:119394365-119417800:119396885:119397042-119417800:+	AF	0.15847333418328918	0.2677322677	False
ENSMUSG00000032998;AF:4:119394201:119394365-119417800:119396889:119397042-119417800:+	AF	-0.010974414819281297	0.4523476523	False
ENSMUSG00000032998;AF:4:119394201:119394365-119417800:119396904:119397042-119417800:+	AF	-0.01839927237835981	0.4523476523	False
ENSMUSG00000032998;AF:4:119394201:119394365-119417800:119397719:119397754-119417800:+	AF	0.07038886726734833	0.3212787213	False
ENSMUSG00000032998;AF:4:119396858:119397042-119417800:119397719:119397754-119417800:+	AF	-0.06546101327026232	0.3212787213	False
ENSMUSG00000032998;AF:4:119396882:119397042-119417800:119397719:119397754-119417800:+	AF	0.0	0.457042957	False
ENSMUSG00000032998;AF:4:119396885:119397042-119417800:119397719:119397754-119417800:+	AF	-0.0012520037917960192	0.4523476523	False
ENSMUSG00000032998;AF:4:119396889:119397042-119417800:119397719:119397754-119417800:+	AF	0.0039957549105103	0.4523476523	False
ENSMUSG00000032998;AF:4:119396904:119397042-119417800:119397719:119397754-119417800:+	AF	0.007301022706493816	0.4523476523	False
ENSMUSG00000032998;AL:4:119443021-119444967:119445735:119443021-119459606:119462061:+	AL	0.0	0.4523476523	False
ENSMUSG00000032998;AL:4:119443021-119444967:119445744:119443021-119459606:119462061:+	AL	0.02494463881732345	0.4523476523	False
ENSMUSG00000032998;SE:4:119397042-119397737:119397938-119417800:+	SE	0.011532656284851684	0.4523476523	False
ENSMUSG00000032998;SE:4:119459689-119467187:119467288-119473705:+	SE	-0.06519763041552085	0.3212787213	False
ENSMUSG00000032999;A3:13:65347284-65353434:65347237-65353434:-	A3	0.016906868831380817	0.4240759241	False
ENSMUSG00000032999;A5:13:65325477-65329343:65325477-65329411:-	A5	0.001386669854740119	0.4240759241	False
ENSMUSG00000032999;A5:13:65353530-65353629:65353530-65353753:-	A5	-0.019181219475300788	0.4240759241	False
ENSMUSG00000032999;A5:13:65353530-65353711:65353530-65353753:-	A5	-0.0024533542072810504	0.4240759241	False
ENSMUSG00000032999;RI:13:65353434:65353530-65353629:65353757:-	RI	0.07923876850352285	0.4240759241	False
ENSMUSG00000032999;SE:13:65329516-65330717:65330887-65332777:-	SE	-0.007820226322166501	0.4240759241	False
ENSMUSG00000033020;A5:15:79030383-79035536:79030338-79035536:+	A5	0.09618290524504991	0.1768231768	False
ENSMUSG00000033020;A5:15:79035673-79035789:79035607-79035789:+	A5	0.0051390284784681994	0.3886113886	False
ENSMUSG00000033060;A3:14:102149596-102150595:102149596-102150676:+	A3	0.002370732437753202	0.4365634366	False
ENSMUSG00000033060;A5:14:102125327-102126113:102125092-102126113:+	A5	-0.020428199843400552	0.4365634366	False
ENSMUSG00000033060;AF:14:102066404:102066494-102078308:102075948:102076166-102078308:+	AF	0.001122048099843509	0.4365634366	False
ENSMUSG00000033060;AF:14:102066404:102066494-102078308:102077733:102077795-102078308:+	AF	-0.06851108848692966	0.4365634366	False
ENSMUSG00000033060;AF:14:102066404:102066494-102078308:102077943:102078026-102078308:+	AF	0.0002047393987837376	0.4365634366	False
ENSMUSG00000033060;AF:14:102075948:102076166-102078308:102077733:102077795-102078308:+	AF	-0.47298537326234086	0.4365634366	False
ENSMUSG00000033060;AF:14:102075948:102076166-102078308:102077943:102078026-102078308:+	AF	-0.34199899042797055	0.4365634366	False
ENSMUSG00000033060;AF:14:102077733:102077795-102078308:102077943:102078026-102078308:+	AF	0.005014578965727434	0.4365634366	False
ENSMUSG00000033060;MX:14:102151773-102153124:102153180-102155067:102151773-102153329:102153370-102155067:+	MX	-0.0031900227065730924	0.4365634366	False
ENSMUSG00000033060;SE:14:102121850-102126113:102126142-102133903:+	SE	0.004473263387793247	0.4365634366	False
ENSMUSG00000033060;SE:14:102151773-102153124:102153180-102153329:+	SE	0.0019826750519074668	0.4365634366	False
ENSMUSG00000033060;SE:14:102153180-102153329:102153370-102155067:+	SE	0.0017483782316614497	0.4365634366	False
ENSMUSG00000033060;SE:14:102166887-102168608:102168716-102170006:+	SE	0.015440896418890904	0.4365634366	False
ENSMUSG00000033075;AF:15:97985014-97990529:97991132:97985014-97991164:97991251:-	AF	0.0025083788614234104	0.3926073926	False
ENSMUSG00000033075;AF:15:97985014-97990529:97991132:97985014-97991164:97991450:-	AF	0.039721523800713476	0.3926073926	False
ENSMUSG00000033075;AF:15:97985014-97990529:97991132:97985014-97991164:97991625:-	AF	-0.06451763598328841	0.3926073926	False
ENSMUSG00000033075;AF:15:97987684-97990529:97990768:97987684-97991164:97991186:-	AF	-0.0021756473370793997	0.3926073926	False
ENSMUSG00000033075;SE:15:97957835-97959831:97959908-97962700:-	SE	-0.04439013857007823	0.3926073926	False
ENSMUSG00000033075;SE:15:97974590-97974793:97974923-97980124:-	SE	-0.030018163393641696	0.3926073926	False
ENSMUSG00000033088;A5:15:78832613-78835104:78832538-78835104:+	A5	-0.0032829300027742503	0.4315684316	False
ENSMUSG00000033088;A5:15:78875286-78875529:78875274-78875529:+	A5	0.0008677641907544505	0.4315684316	False
ENSMUSG00000033088;AF:15:78858253:78858492-78872092:78867241:78867408-78872092:+	AF	0.14850783315356847	0.4148351648	False
ENSMUSG00000033088;AF:15:78858253:78858492-78872092:78867277:78867408-78872092:+	AF	-0.002726949123314504	0.4315684316	False
ENSMUSG00000033088;AF:15:78858253:78858492-78872092:78867306:78867408-78872092:+	AF	0.01784276980686028	0.4315684316	False
ENSMUSG00000033088;AF:15:78858253:78858492-78872092:78867905:78867982-78872092:+	AF	0.0	0.4315684316	False
ENSMUSG00000033088;AF:15:78867241:78867408-78872092:78867905:78867982-78872092:+	AF	0.0	0.4315684316	False
ENSMUSG00000033088;RI:15:78875529:78875638-78877104:78877632:+	RI	0.00115205495012	0.4315684316	False
ENSMUSG00000033088;SE:15:78858492-78860667:78860744-78872092:+	SE	-0.06463928386461792	0.4315684316	False
ENSMUSG00000033088;SE:15:78860744-78862814:78862951-78872092:+	SE	0.18693407356622954	0.4148351648	False
ENSMUSG00000033159;AF:1:75118147-75118344:75118447:75118147-75118702:75119282:-	AF	-0.40668434808303416	0.1158841159	False
ENSMUSG00000033159;AF:1:75118147-75118344:75118447:75118147-75119287:75119355:-	AF	-0.2531600173128592	0.1478521479	False
ENSMUSG00000033159;AF:1:75118147-75118702:75119282:75118147-75119287:75119355:-	AF	0.16853341814221845	0.1998001998	False
ENSMUSG00000033159;SE:1:75118147-75118702:75119204-75119287:-	SE	-0.031779013647814436	0.2422577423	False
ENSMUSG00000033257;A3:1:74712169-74718057:74712169-74719513:+	A3	0.049647606467061345	0.4120879121	False
ENSMUSG00000033257;MX:1:74725552-74726363:74726554-74726882:74725552-74726637:74726719-74726882:+	MX	0.0	0.4120879121	False
ENSMUSG00000033257;RI:1:74718057:74718090-74719513:74719622:+	RI	0.11193131622385089	0.3056943057	False
ENSMUSG00000033257;SE:1:74712169-74718057:74718090-74719513:+	SE	0.0031843363511225853	0.4120879121	False
ENSMUSG00000033257;SE:1:74725552-74726363:74726554-74726637:+	SE	-0.07059139441854487	0.4120879121	False
ENSMUSG00000033257;SE:1:74726554-74726637:74726719-74726882:+	SE	0.0	0.4120879121	False
ENSMUSG00000033257;SE:1:74729265-74729853:74730048-74734867:+	SE	0.16691431692284958	0.3056943057	False
ENSMUSG00000033257;SE:1:74735971-74736338:74736408-74736600:+	SE	-0.00570725411109152	0.4120879121	False
ENSMUSG00000033352;SE:11:65582599-65584248:65584396-65587114:-	SE	0.0	0.4350649351	False
ENSMUSG00000033352;SE:11:65600809-65603004:65603123-65610310:-	SE	0.0	0.4350649351	False
ENSMUSG00000033352;SE:11:65610429-65626018:65626192-65647095:-	SE	-0.03900898340341841	0.4350649351	False
ENSMUSG00000033352;SE:11:65647197-65666559:65666591-65678962:-	SE	-0.0010967022723248898	0.4350649351	False
ENSMUSG00000033364;AF:1:74539259-74544819:74544944:74539259-74545309:74545442:-	AF	0.11673119455978564	0.3548451548	False
ENSMUSG00000033364;AF:1:74539259-74544819:74544962:74539259-74545309:74545442:-	AF	0.04428958659565174	0.3548451548	False
ENSMUSG00000033364;AF:1:74539259-74544819:74544965:74539259-74545309:74545442:-	AF	0.07263389197927606	0.3548451548	False
ENSMUSG00000033364;RI:1:74507426:74507543-74509696:74509886:-	RI	0.01840616775738319	0.3548451548	False
ENSMUSG00000033364;SE:1:74495379-74499074:74499139-74500725:-	SE	0.0034473668280826653	0.4025974026	False
ENSMUSG00000033364;SE:1:74535012-74535096:74535251-74539115:-	SE	0.07461017703772638	0.3548451548	False
ENSMUSG00000033411;A3:2:121799760-121807812:121799760-121807816:+	A3	-0.003944345952931583	0.4125874126	False
ENSMUSG00000033411;A3:2:121807950-121809373:121807950-121809376:+	A3	0.06971881237671895	0.3656343656	False
ENSMUSG00000033411;AF:2:121786482:121787098-121799551:121787140:121787238-121799551:+	AF	-0.08062647902527081	0.3962703963	False
ENSMUSG00000033411;AF:2:121786892:121787098-121799551:121787140:121787238-121799551:+	AF	-0.27665697642707876	0.3656343656	False
ENSMUSG00000033411;AF:2:121786941:121787098-121799551:121787140:121787238-121799551:+	AF	0.03992055799336583	0.3962703963	False
ENSMUSG00000033411;AF:2:121786961:121787098-121799551:121787140:121787238-121799551:+	AF	-0.0510048645086677	0.3962703963	False
ENSMUSG00000033411;AF:2:121786967:121787098-121799551:121787140:121787238-121799551:+	AF	-0.09241467957943306	0.3656343656	False
ENSMUSG00000033411;AL:2:121823913-121824151:121824264:121823913-121834382:121834444:+	AL	-0.001961150932344946	0.4125874126	False
ENSMUSG00000033411;MX:2:121807950-121809373:121809522-121817430:121807950-121811633:121811845-121817430:+	MX	0.09007397305179332	0.3962703963	False
ENSMUSG00000033411;SE:2:121807950-121809373:121809522-121811633:+	SE	-0.019827042063869205	0.3962703963	False
ENSMUSG00000033411;SE:2:121807950-121809376:121809522-121811633:+	SE	-0.20983783069791306	0.3656343656	False
ENSMUSG00000033411;SE:2:121809522-121811633:121811845-121817430:+	SE	-0.0033128735617448113	0.4125874126	False
ENSMUSG00000033444;AF:10:75047905:75048051-75066516:75048252:75048323-75066516:+	AF	0.005383167232574815	0.4070929071	False
ENSMUSG00000033444;AF:10:75047905:75048051-75066516:75065689:75065702-75066516:+	AF	-0.014748956915054512	0.4070929071	False
ENSMUSG00000033444;AF:10:75047927:75048051-75066516:75065689:75065702-75066516:+	AF	-0.00020345715985825	0.4070929071	False
ENSMUSG00000033444;AF:10:75048252:75048323-75066516:75065689:75065702-75066516:+	AF	-0.008813707006757418	0.4070929071	False
ENSMUSG00000033499;SE:13:9144216-9168002:9168141-9172144:+	SE	-0.01682193152201902	0.4220779221	False
ENSMUSG00000033499;SE:13:9208265-9208587:9208838-9214711:+	SE	1.740960732299346e-05	0.4220779221	False
ENSMUSG00000033565;A3:15:76968406-76969778:76966471-76969778:-	A3	0.08277812235199355	0.3055365687	False
ENSMUSG00000033565;A3:15:76982284-76983440:76982272-76983440:-	A3	0.09129206738041834	0.3055365687	False
ENSMUSG00000033565;A3:15:77001267-77016917:77001264-77016917:-	A3	-0.016349148722634044	0.3376623377	False
ENSMUSG00000033565;AF:15:77017141-77037730:77037756:77017141-77087562:77087636:-	AF	-0.19470584237054006	0.3055365687	False
ENSMUSG00000033565;AF:15:77017141-77037730:77037756:77017141-77190564:77191204:-	AF	-0.13670626871764346	0.3055365687	False
ENSMUSG00000033565;AF:15:77017141-77037730:77037954:77017141-77087562:77087636:-	AF	0.037224495532398594	0.3055365687	False
ENSMUSG00000033565;AF:15:77017141-77037730:77037954:77017141-77190564:77191204:-	AF	0.10330920973702512	0.3055365687	False
ENSMUSG00000033565;AF:15:77017141-77037730:77037986:77017141-77087562:77087636:-	AF	-0.08652521906192019	0.3055365687	False
ENSMUSG00000033565;AF:15:77017141-77037730:77037986:77017141-77190564:77191204:-	AF	-0.028758742885633293	0.3382034632	False
ENSMUSG00000033565;AF:15:77017141-77087562:77087636:77017141-77190564:77191204:-	AF	0.06059083480230387	0.3055365687	False
ENSMUSG00000033565;AF:15:77115637-77129690:77129706:77115637-77190564:77190805:-	AF	0.0336836989502833	0.3376623377	False
ENSMUSG00000033565;AF:15:77115637-77129690:77129706:77115637-77190564:77191128:-	AF	0.0050425831025270006	0.3896103896	False
ENSMUSG00000033565;AF:15:77115637-77129690:77129786:77115637-77190564:77190805:-	AF	0.17627736957036527	0.3055365687	False
ENSMUSG00000033565;AF:15:77115637-77129690:77129786:77115637-77190564:77191128:-	AF	0.07760376968330884	0.3055365687	False
ENSMUSG00000033565;AL:15:76964679:76966471-76969778:76967689:76968406-76969778:-	AL	0.2640527852950504	0.3055365687	False
ENSMUSG00000033565;AL:15:76964679:76966471-76969778:76967996:76968406-76969778:-	AL	0.22622046457909661	0.3055365687	False
ENSMUSG00000033565;AL:15:76964679:76966471-76969778:76968000:76968406-76969778:-	AL	-0.06731230366057356	0.3055365687	False
ENSMUSG00000033565;AL:15:76964679:76966471-76969778:76968002:76968406-76969778:-	AL	-0.05875987477935421	0.3376623377	False
ENSMUSG00000033565;AL:15:76964679:76966471-76969778:76968108:76968406-76969778:-	AL	-0.48680479758399015	0.3055365687	False
ENSMUSG00000033565;AL:15:76964679:76966471-76969778:76968362:76968406-76969778:-	AL	-0.23562935614309213	0.3055365687	False
ENSMUSG00000033565;MX:15:76970355-76976012:76976054-76982140:76970355-76978651:76978690-76982140:-	MX	-0.16820129715297033	0.3055365687	False
ENSMUSG00000033565;SE:15:76968406-76969778:76969850-76970267:-	SE	-0.010111600741476878	0.3527272727	False
ENSMUSG00000033565;SE:15:76970355-76976012:76976054-76982140:-	SE	-0.14512202934862012	0.3055365687	False
ENSMUSG00000033565;SE:15:76970355-76978651:76978690-76982140:-	SE	0.08141660792026217	0.3055365687	False
ENSMUSG00000033565;SE:15:76987139-76989777:76989869-76997805:-	SE	-0.021089409668048953	0.3376623377	False
ENSMUSG00000033565;SE:15:77017141-77115587:77115637-77190564:-	SE	0.09402298064575931	0.3055365687	False
ENSMUSG00000033581;AF:16:21907860-21939947:21940024:21907860-21979996:21980200:-	AF	0.09696079200813952	0.3436563437	False
ENSMUSG00000033581;RI:16:21882332:21882463-21883843:21883917:-	RI	0.009677337815462032	0.3436563437	False
ENSMUSG00000033813;AF:1:4928037:4928199-4937693:4928261:4928726-4937693:+	AF	-0.021137151911325147	0.2352647353	False
ENSMUSG00000033847;AF:7:13059592:13059702-13063573:13062616:13062787-13063573:+	AF	0.0	0.454045954	False
ENSMUSG00000033847;AF:7:13059592:13059702-13063573:13063243:13063341-13063573:+	AF	0.0	0.454045954	False
ENSMUSG00000033847;AF:7:13062616:13062787-13063573:13063243:13063341-13063573:+	AF	0.052018249275600344	0.3596403596	False
ENSMUSG00000034042;AF:4:116414855:116415025-116426361:116415276:116415346-116426361:+	AF	-0.1272099290715089	0.0784215784	False
ENSMUSG00000034088;AF:1:93369972-93373011:93373154:93369972-93373302:93373374:-	AF	0.18010449608064522	0.4375624376	False
ENSMUSG00000034088;AF:1:93369972-93373011:93373154:93369972-93373302:93373408:-	AF	-0.0041932674986496325	0.4375624376	False
ENSMUSG00000034088;AF:1:93369972-93373011:93373154:93369972-93406435:93406523:-	AF	0.001663327192336382	0.4375624376	False
ENSMUSG00000034088;AF:1:93369972-93373302:93373371:93369972-93406435:93406523:-	AF	0.008257298282875166	0.4375624376	False
ENSMUSG00000034088;AF:1:93369972-93373302:93373374:93369972-93405929:93406099:-	AF	0.21368540792204338	0.4375624376	False
ENSMUSG00000034088;AF:1:93369972-93373302:93373374:93369972-93406435:93406523:-	AF	0.009006421326140232	0.4375624376	False
ENSMUSG00000034088;AF:1:93369972-93373302:93373404:93369972-93406435:93406523:-	AF	0.0	0.4375624376	False
ENSMUSG00000034088;AF:1:93369972-93373302:93373408:93369972-93405929:93406099:-	AF	0.0017572552134191843	0.4375624376	False
ENSMUSG00000034088;AF:1:93369972-93373302:93373408:93369972-93406435:93406523:-	AF	0.020158945374595838	0.4375624376	False
ENSMUSG00000034088;AF:1:93369972-93405929:93406099:93369972-93406435:93406523:-	AF	-0.00437331958852545	0.4375624376	False
ENSMUSG00000034088;SE:1:93357207-93357820:93358026-93358677:-	SE	0.04212032384251241	0.4375624376	False
ENSMUSG00000034088;SE:1:93369972-93389066:93389321-93406435:-	SE	0.0756264733324555	0.4375624376	False
ENSMUSG00000034210;A5:4:115631219-115632258:115631202-115632258:+	A5	-0.12395184951931104	0.3476523477	False
ENSMUSG00000034210;AL:4:115623709-115625812:115626288:115623709-115631035:115631632:+	AL	0.0	0.4245754246	False
ENSMUSG00000034210;SE:4:115616092-115617067:115617258-115619415:+	SE	0.03766023820755038	0.3476523477	False
ENSMUSG00000034252;AF:9:79974185:79974854-79994712:79975099:79975370-79994712:+	AF	-0.13239737568453047	0.2527472527	False
ENSMUSG00000034252;AF:9:79974381:79974854-79994712:79975099:79975370-79994712:+	AF	-0.4146994077062462	0.2527472527	False
ENSMUSG00000034252;AF:9:79974775:79974854-79994712:79975099:79975370-79994712:+	AF	-0.09582814950684748	0.2527472527	False
ENSMUSG00000034252;SE:9:79974854-79994712:79994805-79999549:+	SE	-0.26863608713342746	0.2527472527	False
ENSMUSG00000034252;SE:9:79994805-79997131:79997188-79999549:+	SE	0.024483823850940944	0.3682983683	False
ENSMUSG00000034252;SE:9:80000923-80006168:80006188-80010976:+	SE	-0.0357169493140036	0.3468531469	False
ENSMUSG00000034252;SE:9:80025924-80028609:80028642-80029146:+	SE	0.0	0.4395604396	False
ENSMUSG00000034252;SE:9:80038140-80040171:80040263-80043740:+	SE	0.00269090449417253	0.4395604396	False
ENSMUSG00000034295;SE:18:25135089-25153719:25153814-25155679:+	SE	0.0	0.4515484515	False
ENSMUSG00000034295;SE:18:25135089-25155679:25156035-25161122:+	SE	0.0	0.4515484515	False
ENSMUSG00000034295;SE:18:25253368-25257425:25257448-25258800:+	SE	-0.005037021534178447	0.4515484515	False
ENSMUSG00000034300;AF:18:34891959:34892197-34895548:34892609:34892650-34895548:+	AF	0.04100542486486242	0.2422577423	False
ENSMUSG00000034300;AF:18:34891959:34892197-34895548:34892626:34892650-34895548:+	AF	0.08579151593173606	0.2422577423	False
ENSMUSG00000034377;A3:17:6168641-6171470:6168641-6172103:+	A3	0.0940243406625192	0.4000999001	False
ENSMUSG00000034377;AF:17:6156712:6156857-6172103:6157133:6157271-6172103:+	AF	0.1425552023313816	0.4000999001	False
ENSMUSG00000034377;AF:17:6156712:6156857-6172103:6157675:6158063-6172103:+	AF	0.26733026193912646	0.4000999001	False
ENSMUSG00000034377;AF:17:6156712:6156857-6172103:6168569:6168641-6172103:+	AF	0.05987771495978948	0.4000999001	False
ENSMUSG00000034377;AF:17:6156754:6156857-6227104:6188423:6189431-6227104:+	AF	0.0	0.4000999001	False
ENSMUSG00000034377;AF:17:6157133:6157271-6172103:6157675:6158063-6172103:+	AF	0.058644917514371175	0.4000999001	False
ENSMUSG00000034377;AF:17:6157133:6157271-6172103:6168569:6168641-6172103:+	AF	0.04028480520799546	0.4000999001	False
ENSMUSG00000034377;AF:17:6157166:6157271-6227104:6188423:6189431-6227104:+	AF	-0.026176146807516662	0.4000999001	False
ENSMUSG00000034377;AF:17:6157675:6158063-6172103:6168569:6168641-6172103:+	AF	0.004987322690552354	0.4000999001	False
ENSMUSG00000034377;AL:17:6157271-6172103:6175110:6157271-6187486:6189064:+	AL	-0.0021699355859168545	0.4000999001	False
ENSMUSG00000034518;RI:8:75726188:75726336-75726441:75726519:+	RI	0.02569844937341302	0.2712287712	False
ENSMUSG00000034518;SE:8:75720377-75725463:75725566-75726188:+	SE	0.08394838550640127	0.2712287712	False
ENSMUSG00000034518;SE:8:75726519-75726627:75726741-75727278:+	SE	-0.023260280617966145	0.2712287712	False
ENSMUSG00000034525;A3:13:70749355-70750298:70749318-70750298:-	A3	0.003421295685167247	0.4495504496	False
ENSMUSG00000034525;AL:13:70700061:70700193-70740692:70736816:70737931-70740692:-	AL	0.0	0.4495504496	False
ENSMUSG00000034525;RI:13:70767104:70767180-70768777:70768888:-	RI	0.001878700821276417	0.4495504496	False
ENSMUSG00000034525;SE:13:70754995-70756429:70756671-70756895:-	SE	0.01826692854334015	0.4495504496	False
ENSMUSG00000034575;AF:13:69664022-69680455:69680551:69664022-69681607:69682736:-	AF	-0.04994374036069682	0.1428571429	False
ENSMUSG00000034640;A3:3:65436053-65438645:65436053-65439194:+	A3	0.004325991044202837	0.3686313686	False
ENSMUSG00000034647;AF:17:66360086-66383386:66383459:66360086-66383879:66383977:-	AF	-0.05272203405860765	0.3814935065	False
ENSMUSG00000034647;AF:17:66360086-66383386:66383459:66360086-66383879:66384017:-	AF	0.002913735978535059	0.4060939061	False
ENSMUSG00000034647;AF:17:66360086-66383386:66383459:66360086-66383879:66384034:-	AF	0.24210355833318042	0.1998001998	False
ENSMUSG00000034647;AF:17:66360086-66383386:66383459:66360086-66383879:66384039:-	AF	-0.027099391154779884	0.3814935065	False
ENSMUSG00000034647;AF:17:66360086-66383386:66383459:66360086-66383879:66384065:-	AF	-0.03103448004947784	0.3814935065	False
ENSMUSG00000034647;AF:17:66360086-66383386:66383459:66360086-66383879:66384068:-	AF	-0.001248167008698453	0.4060939061	False
ENSMUSG00000034647;AF:17:66360086-66383386:66383459:66360086-66383879:66384084:-	AF	0.05438597790631294	0.3814935065	False
ENSMUSG00000034647;SE:17:66277332-66278522:66278698-66279292:-	SE	0.03497177247091707	0.3814935065	False
ENSMUSG00000034647;SE:17:66344634-66349528:66349596-66356781:-	SE	0.12303694290931788	0.3421578422	False
ENSMUSG00000034647;SE:17:66356928-66357621:66357830-66359949:-	SE	0.018292738522516033	0.3814935065	False
ENSMUSG00000034681;A5:17:24637202-24637431:24637192-24637431:+	A5	0.0084207538691981	0.3656343656	False
ENSMUSG00000034681;AF:17:24633620:24633708-24637431:24637144:24637202-24637431:+	AF	-0.02329581037486117	0.3656343656	False
ENSMUSG00000034681;MX:17:24633708-24634015:24634136-24637431:24633708-24637012:24637192-24637431:+	MX	0.11442973955826238	0.2412587413	False
ENSMUSG00000034681;SE:17:24633708-24634015:24634136-24637012:+	SE	0.16806281710950294	0.2412587413	False
ENSMUSG00000034681;SE:17:24633708-24634015:24634136-24637431:+	SE	0.08874742186669651	0.3027972028	False
ENSMUSG00000034681;SE:17:24633708-24637012:24637192-24637431:+	SE	-0.13883648824762762	0.2412587413	False
ENSMUSG00000034681;SE:17:24634136-24637012:24637192-24637431:+	SE	-0.04709317863436824	0.3027972028	False
ENSMUSG00000034724;A3:5:96279104-96281870:96279100-96281870:-	A3	0.011911009333169242	0.453046953	False
ENSMUSG00000034724;A5:5:96225251-96227792:96225251-96227931:-	A5	0.018295702905385625	0.453046953	False
ENSMUSG00000034724;A5:5:96281991-96309478:96281991-96309551:-	A5	0.0	0.453046953	False
ENSMUSG00000034724;AF:5:96281991-96309221:96309406:96281991-96309478:96309601:-	AF	0.0	0.453046953	False
ENSMUSG00000034724;AF:5:96281991-96309221:96309406:96281991-96309551:96309614:-	AF	-0.00433556298307175	0.453046953	False
ENSMUSG00000034724;AF:5:96281991-96309221:96309406:96281991-96309551:96309622:-	AF	0.008681480147717302	0.453046953	False
ENSMUSG00000034724;AF:5:96281991-96309221:96309406:96281991-96309709:96309730:-	AF	-0.034920307460523214	0.453046953	False
ENSMUSG00000034724;AF:5:96281991-96309221:96309406:96281991-96309796:96309849:-	AF	-0.10646521845466128	0.453046953	False
ENSMUSG00000034724;AF:5:96281991-96309221:96309406:96281991-96311881:96312030:-	AF	0.043983966017842824	0.453046953	False
ENSMUSG00000034724;AF:5:96281991-96309478:96309601:96281991-96309796:96309849:-	AF	0.0	0.453046953	False
ENSMUSG00000034724;AF:5:96281991-96309551:96309614:96281991-96309709:96309730:-	AF	0.00011203917999624835	0.453046953	False
ENSMUSG00000034724;AF:5:96281991-96309551:96309614:96281991-96309796:96309849:-	AF	-0.06327284458408977	0.453046953	False
ENSMUSG00000034724;AF:5:96281991-96309551:96309614:96281991-96311881:96312030:-	AF	0.017404782987355594	0.453046953	False
ENSMUSG00000034724;AF:5:96281991-96309551:96309622:96281991-96309796:96309849:-	AF	-0.12102872102704165	0.453046953	False
ENSMUSG00000034724;AF:5:96281991-96309709:96309730:96281991-96309796:96309849:-	AF	-0.11197691463098924	0.453046953	False
ENSMUSG00000034724;AF:5:96281991-96309796:96309849:96281991-96311881:96312030:-	AF	0.13001270814916677	0.453046953	False
ENSMUSG00000034761;A5:12:69884847-69888694:69884847-69888751:-	A5	0.0	0.451048951	False
ENSMUSG00000034761;RI:12:69853972:69854027-69855986:69856056:-	RI	0.0033023108068798166	0.451048951	False
ENSMUSG00000034761;SE:12:69903637-69921051:69921108-69939427:-	SE	0.0027722696333349894	0.451048951	False
ENSMUSG00000034832;AF:6:83418255-83418532:83418657:83418255-83435989:83436066:-	AF	0.022909882937433568	0.2672327672	False
ENSMUSG00000034832;AF:6:83418255-83418532:83418660:83418255-83435989:83436066:-	AF	0.030303372599808198	0.2672327672	False
ENSMUSG00000034994;RI:10:81017062:81017244-81017327:81017459:+	RI	0.0008960162625248815	0.4485514486	False
ENSMUSG00000034998;SE:17:88748312-88767029:88767096-88770141:+	SE	0.017655571959142358	0.2757242757	False
ENSMUSG00000034998;SE:17:88770691-88781096:88781180-88783284:+	SE	-0.04734556726194444	0.2757242757	False
ENSMUSG00000035064;A5:7:120450592-120457567:120450509-120457567:+	A5	0.025303726690758532	0.4095904096	False
ENSMUSG00000035064;AF:7:120442054:120442323-120457567:120442823:120443008-120457567:+	AF	0.2670096540183638	0.3692307692	False
ENSMUSG00000035064;AF:7:120442054:120442323-120457567:120450412:120450509-120457567:+	AF	0.09415406462769121	0.3692307692	False
ENSMUSG00000035064;AF:7:120442054:120442323-120457567:120450412:120450592-120457567:+	AF	0.030855959805946166	0.4095904096	False
ENSMUSG00000035064;AF:7:120442823:120443008-120457567:120450412:120450509-120457567:+	AF	-0.07096000532875207	0.3692307692	False
ENSMUSG00000035064;AF:7:120442823:120443008-120457567:120450412:120450592-120457567:+	AF	-0.08989495831850663	0.3692307692	False
ENSMUSG00000035064;AL:7:120498769-120499484:120499595:120498769-120502505:120502719:+	AL	-0.005898132641162684	0.4095904096	False
ENSMUSG00000035064;AL:7:120498769-120499484:120499595:120498769-120502505:120502728:+	AL	-0.04130935769197745	0.4095904096	False
ENSMUSG00000035064;AL:7:120498769-120499484:120499595:120498769-120502505:120502801:+	AL	-0.0102997259534512	0.4095904096	False
ENSMUSG00000035064;AL:7:120498769-120499484:120499595:120498769-120502505:120503224:+	AL	-0.014230012676738915	0.4095904096	False
ENSMUSG00000035064;AL:7:120498769-120499484:120499595:120498769-120502505:120506673:+	AL	-0.4163643908004236	0.3692307692	False
ENSMUSG00000035064;SE:7:120443008-120443919:120444012-120457567:+	SE	0.0	0.4095904096	False
ENSMUSG00000035086;A5:11:101179807-101180609:101179807-101181265:-	A5	0.20081797857287187	0.3572427572	False
ENSMUSG00000035086;A5:11:101184973-101185792:101184973-101185796:-	A5	-0.043815756708008274	0.3572427572	False
ENSMUSG00000035086;A5:11:101186450-101187020:101186450-101187084:-	A5	0.012310652106257203	0.3607301789	False
ENSMUSG00000035086;RI:11:101180609:101180751-101181265:101181325:-	RI	0.03358786148023318	0.3572427572	False
ENSMUSG00000035086;RI:11:101184827:101184973-101185792:101185990:-	RI	0.07467569558685987	0.3572427572	False
ENSMUSG00000035086;RI:11:101184827:101184973-101185796:101185990:-	RI	0.023002786333255996	0.3572427572	False
ENSMUSG00000035086;RI:11:101184827:101185054-101185861:101185990:-	RI	0.0	0.3572427572	False
ENSMUSG00000035086;RI:11:101186360:101186450-101187020:101187142:-	RI	0.22270081798403707	0.3572427572	False
ENSMUSG00000035086;RI:11:101186360:101186450-101187084:101187142:-	RI	0.22680846427280643	0.3572427572	False
ENSMUSG00000035086;SE:11:101179807-101180609:101180751-101181265:-	SE	0.028972254242616957	0.3572427572	False
ENSMUSG00000035086;SE:11:101180751-101181265:101181325-101182209:-	SE	-0.0009769889296042944	0.4030969031	False
ENSMUSG00000035086;SE:11:101187142-101189835:101189902-101192554:-	SE	0.0924224982846954	0.3572427572	False
ENSMUSG00000035173;A5:19:56795517-56796410:56795517-56796493:-	A5	-0.020391346683097722	0.2352647353	False
ENSMUSG00000035191;A5:7:5113893-5118283:5113893-5118301:-	A5	-0.015082789138556874	0.2437562438	False
ENSMUSG00000035191;A5:7:5118577-5119637:5118577-5119869:-	A5	0.13773673288213545	0.042957043	True
ENSMUSG00000035202;A5:9:123196504-123200920:123196172-123200920:+	A5	0.0	0.4635364635	False
ENSMUSG00000035242;A3:10:80662739-80664071:80662739-80664077:+	A3	0.08608697769367502	0.4295704296	False
ENSMUSG00000035242;A3:10:80664467-80664545:80664467-80664553:+	A3	0.0008839616983322696	0.4295704296	False
ENSMUSG00000035242;A3:10:80664630-80664705:80664630-80664727:+	A3	-0.006283586146522024	0.4295704296	False
ENSMUSG00000035242;AF:10:80662520:80662739-80664071:80663546:80663571-80664071:+	AF	-0.0016954198487436623	0.4295704296	False
ENSMUSG00000035242;AF:10:80662527:80662739-80664071:80663546:80663571-80664071:+	AF	-0.00870413046410125	0.4295704296	False
ENSMUSG00000035242;RI:10:80664071:80664128-80664130:80664216:+	RI	0.0018887098141943254	0.4295704296	False
ENSMUSG00000035399;AF:2:163257575-163258918:163259016:163257575-163260961:163261064:-	AF	-0.0293421305549782	0.3976023976	False
ENSMUSG00000035399;AF:2:163257575-163258918:163259016:163257575-163261332:163261448:-	AF	-0.00343221359862915	0.3976023976	False
ENSMUSG00000035399;AF:2:163257575-163260961:163261064:163257575-163261332:163261448:-	AF	0.07234463799704798	0.3976023976	False
ENSMUSG00000035399;AF:2:163257575-163260961:163261064:163257575-163266388:163266617:-	AF	0.0138253296872336	0.3976023976	False
ENSMUSG00000035399;AF:2:163257575-163261332:163261448:163257575-163266388:163266617:-	AF	-0.005608972128004819	0.3976023976	False
ENSMUSG00000035530;AF:11:100210711:100210986-100211492:100211035:100211331-100211492:+	AF	0.0011328014766857075	0.4300699301	False
ENSMUSG00000035614;SE:12:65033264-65037715:65037864-65039319:+	SE	0.06604831233729624	0.1323676324	False
ENSMUSG00000035621;A3:10:79987557-79989351:79987557-79989425:+	A3	-0.006471067583011	0.4230769231	False
ENSMUSG00000035621;AF:10:79984106:79984183-79985516:79984946:79985101-79985516:+	AF	0.0014971047758597367	0.4230769231	False
ENSMUSG00000035621;SE:10:79987557-79989425:79989553-79989650:+	SE	-0.07714693737377099	0.4075924076	False
ENSMUSG00000035632;A3:7:3655127-3656144:3655127-3656196:+	A3	-0.12012926965018632	0.2907092907	False
ENSMUSG00000035632;A3:7:3655127-3656144:3655127-3656199:+	A3	-0.05744986407095555	0.2907092907	False
ENSMUSG00000035632;A3:7:3655127-3656196:3655127-3656199:+	A3	-0.007994662602726466	0.3956043956	False
ENSMUSG00000035632;A3:7:3662505-3663676:3662505-3663727:+	A3	0.0013069266020405334	0.4220779221	False
ENSMUSG00000035632;A5:7:3648594-3653800:3648583-3653800:+	A5	0.0451331290596865	0.2907092907	False
ENSMUSG00000035632;RI:7:3658570:3658951-3659032:3659155:+	RI	-0.023809960531875535	0.3431568432	False
ENSMUSG00000035696;A3:4:44159054-44168243:44159052-44168243:-	A3	0.03753460933665187	0.3488511489	False
ENSMUSG00000035696;A5:4:44152553-44158903:44152553-44158990:-	A5	-0.04807165955671855	0.3278260201	False
ENSMUSG00000035696;A5:4:44152553-44158903:44152553-44159005:-	A5	-0.005245732846603457	0.4220154845	False
ENSMUSG00000035696;A5:4:44152553-44158990:44152553-44159005:-	A5	0.14289432106461217	0.3278260201	False
ENSMUSG00000035696;A5:4:44152553-44167318:44152553-44167466:-	A5	-0.0032458970108963925	0.4279374472	False
ENSMUSG00000035696;A5:4:44152553-44167466:44152553-44167627:-	A5	-0.014207411889150368	0.4163228076	False
ENSMUSG00000035696;AF:4:44152553-44167318:44167608:44152553-44167627:44168005:-	AF	-0.011534632887932772	0.4163228076	False
ENSMUSG00000035696;AF:4:44152553-44167318:44167608:44152553-44168243:44168283:-	AF	-0.00817636429185209	0.4163228076	False
ENSMUSG00000035696;AF:4:44152553-44167318:44167608:44152553-44168243:44168287:-	AF	0.28848773869400246	0.0494505495	True
ENSMUSG00000035696;AF:4:44152553-44167466:44167648:44152553-44168243:44168283:-	AF	-0.0335405043958934	0.4163228076	False
ENSMUSG00000035696;AF:4:44152553-44167466:44167648:44152553-44168243:44168287:-	AF	0.3581281237166578	0.0494505495	True
ENSMUSG00000035696;AF:4:44152553-44167627:44168005:44152553-44168243:44168283:-	AF	-0.02911823590626894	0.4163228076	False
ENSMUSG00000035696;AF:4:44152553-44167627:44168005:44152553-44168243:44168287:-	AF	0.3588576804924909	0.0494505495	True
ENSMUSG00000035696;AF:4:44159052-44167318:44167492:44159052-44167627:44167951:-	AF	0.0	0.3278260201	False
ENSMUSG00000035696;AF:4:44159052-44167318:44167492:44159052-44168243:44168339:-	AF	0.0	0.4345654346	False
ENSMUSG00000035696;AF:4:44159052-44167466:44167535:44159052-44167627:44167951:-	AF	0.20134334824715647	0.3488511489	False
ENSMUSG00000035696;AF:4:44159052-44167466:44167535:44159052-44168243:44168339:-	AF	0.0138131428100317	0.4163228076	False
ENSMUSG00000035696;AF:4:44159052-44167627:44167922:44159052-44168243:44168339:-	AF	0.08730927319440007	0.3278260201	False
ENSMUSG00000035696;AF:4:44159052-44167627:44167951:44159052-44168243:44168339:-	AF	0.07363525476057096	0.3278260201	False
ENSMUSG00000035696;AF:4:44187519-44228250:44228312:44187519-44233543:44233789:-	AF	-0.003758981105624379	0.4223976024	False
ENSMUSG00000035696;SE:4:44131643-44133640:44133761-44134890:-	SE	-0.011914743200587607	0.4163228076	False
ENSMUSG00000035696;SE:4:44152553-44154641:44154733-44158903:-	SE	0.04893413063111554	0.3278260201	False
ENSMUSG00000035696;SE:4:44152553-44158903:44159052-44167466:-	SE	0.034378181761156305	0.4163228076	False
ENSMUSG00000035696;SE:4:44152553-44158903:44159052-44167627:-	SE	0.14167270922402947	0.3278260201	False
ENSMUSG00000035696;SE:4:44152553-44158903:44159052-44168243:-	SE	0.09396278463210161	0.3278260201	False
ENSMUSG00000035696;SE:4:44152553-44158990:44159052-44167627:-	SE	0.12316611998952705	0.3278260201	False
ENSMUSG00000035696;SE:4:44152553-44159005:44159054-44168243:-	SE	0.26674094306713936	0.1247502498	False
ENSMUSG00000035851;A3:5:86979559-86979632:86979559-86979656:+	A3	-0.07338385581383822	0.1868131868	False
ENSMUSG00000035851;A5:5:86977338-86978413:86975980-86978413:+	A5	0.04556605895228113	0.1868131868	False
ENSMUSG00000035851;SE:5:86952450-86957164:86957199-86963488:+	SE	0.04556605895228113	0.1868131868	False
ENSMUSG00000035851;SE:5:86968034-86968492:86968545-86969111:+	SE	-0.12601242559224712	0.1868131868	False
ENSMUSG00000035885;SE:19:7192849-7193846:7193914-7194764:-	SE	-0.008387195998988534	0.3306693307	False
ENSMUSG00000035890;A5:10:79596916-79597264:79596916-79597399:-	A5	0.15545820744181707	0.3346653347	False
ENSMUSG00000035890;A5:10:79598539-79602587:79598539-79602710:-	A5	-0.016782532849443754	0.3346653347	False
ENSMUSG00000035890;RI:10:79597264:79597333-79597399:79597467:-	RI	0.013859940707445999	0.3346653347	False
ENSMUSG00000035890;SE:10:79596916-79597264:79597333-79597399:-	SE	-0.017598042019351445	0.3346653347	False
ENSMUSG00000035919;A5:9:22387486-22387866:22387351-22387866:+	A5	0.0	0.3671328671	False
ENSMUSG00000035919;A5:9:22387486-22402114:22387351-22402114:+	A5	0.0103659348872075	0.3671328671	False
ENSMUSG00000035919;RI:9:22799158:22799292-22799523:22799570:+	RI	-0.014586174628067106	0.3671328671	False
ENSMUSG00000035919;SE:9:22387351-22387866:22387921-22402114:+	SE	-0.48185655937357613	0.041958042	True
ENSMUSG00000035919;SE:9:22387921-22400842:22400886-22402114:+	SE	0.0	0.3671328671	False
ENSMUSG00000035919;SE:9:22557364-22559316:22559330-22566521:+	SE	-0.01016538503493755	0.3671328671	False
ENSMUSG00000035919;SE:9:22559330-22565368:22565384-22566521:+	SE	0.030230396774440282	0.3671328671	False
ENSMUSG00000035941;A3:9:85602002-85602797:85601997-85602797:-	A3	-0.003012285483342092	0.4170829171	False
ENSMUSG00000035941;RI:9:85597352:85597469-85599604:85599705:-	RI	0.0029965401223155507	0.4170829171	False
ENSMUSG00000035941;SE:9:85603399-85604328:85604505-85606100:-	SE	0.10077091146813688	0.2382617383	False
ENSMUSG00000036036;A3:17:37315795-37316942:37315795-37316951:+	A3	-0.006044502577251865	0.4100899101	False
ENSMUSG00000036036;A5:17:37313669-37314178:37313492-37314178:+	A5	0.003645743896846021	0.4100899101	False
ENSMUSG00000036036;A5:17:37313669-37314178:37313651-37314178:+	A5	0.0065450392430980164	0.4100899101	False
ENSMUSG00000036036;AF:17:37313374:37313492-37314178:37313562:37313669-37314178:+	AF	-0.4377076619701014	0.4100899101	False
ENSMUSG00000036036;AF:17:37313504:37313669-37315689:37313930:37314207-37315689:+	AF	-0.21105454131623141	0.4100899101	False
ENSMUSG00000036036;SE:17:37313669-37314178:37314207-37315689:+	SE	0.0013431451848596732	0.4100899101	False
ENSMUSG00000036036;SE:17:37314207-37314356:37314409-37315689:+	SE	0.0027422588201942997	0.4100899101	False
ENSMUSG00000036036;SE:17:37314207-37315689:37315795-37316942:+	SE	0.001496321873677875	0.4100899101	False
ENSMUSG00000036087;SE:5:73115629-73123147:73123224-73131874:+	SE	0.034396457793271135	0.2127872128	False
ENSMUSG00000036097;A5:19:44931378-44931888:44930865-44931888:+	A5	-0.00627608593802767	0.3791208791	False
ENSMUSG00000036112;A3:10:93715498-93715935:93715435-93715935:-	A3	0.0009429640768878825	0.4471843946	False
ENSMUSG00000036112;A3:10:93715504-93715935:93715435-93715935:-	A3	-0.027714187275398428	0.375	False
ENSMUSG00000036112;A3:10:93715504-93715935:93715498-93715935:-	A3	-0.0017397480211213123	0.4471843946	False
ENSMUSG00000036112;A3:10:93715534-93715935:93715435-93715935:-	A3	-0.18543942570229566	0.2884615385	False
ENSMUSG00000036112;A3:10:93715534-93715935:93715498-93715935:-	A3	-0.010228017032808179	0.4471843946	False
ENSMUSG00000036112;A3:10:93715534-93715935:93715504-93715935:-	A3	-0.04939858248568178	0.375	False
ENSMUSG00000036112;A3:10:93722963-93725400:93722960-93725400:-	A3	0.02511298117673111	0.375	False
ENSMUSG00000036112;A3:10:93726160-93726959:93726136-93726959:-	A3	0.0	0.4471843946	False
ENSMUSG00000036112;A3:10:93726465-93726959:93726136-93726959:-	A3	0.007765658503664333	0.4471843946	False
ENSMUSG00000036112;A5:10:93722963-93725400:93722963-93725634:-	A5	0.0	0.4565434565	False
ENSMUSG00000036112;AF:10:93722963-93723283:93723348:93722963-93725400:93725590:-	AF	0.043884151279819726	0.375	False
ENSMUSG00000036112;AF:10:93722963-93723283:93723348:93722963-93725400:93725637:-	AF	0.13397363924214634	0.375	False
ENSMUSG00000036112;AF:10:93722963-93723283:93723348:93722963-93725400:93725646:-	AF	0.15203753860548344	0.3076923077	False
ENSMUSG00000036112;AF:10:93722963-93723283:93723348:93722963-93725400:93725676:-	AF	0.3642374958398717	0.2884615385	False
ENSMUSG00000036112;AF:10:93722963-93725400:93725590:93722963-93725634:93725670:-	AF	0.0	0.4565434565	False
ENSMUSG00000036112;RI:10:93715402:93715435-93715935:93716000:-	RI	0.06370747937310227	0.375	False
ENSMUSG00000036112;RI:10:93715402:93715498-93715935:93716000:-	RI	0.31559015935332724	0.375	False
ENSMUSG00000036112;RI:10:93715402:93715504-93715935:93716000:-	RI	0.012375110139454068	0.4437869822	False
ENSMUSG00000036112;RI:10:93715402:93715534-93715935:93716000:-	RI	0.045429844527327665	0.375	False
ENSMUSG00000036112;SE:10:93698354-93698792:93698895-93701269:-	SE	-0.0022932050077832944	0.4471843946	False
ENSMUSG00000036180;A3:8:70369101-70369219:70369098-70369219:-	A3	0.017553451806256865	0.4020979021	False
ENSMUSG00000036180;A5:8:70369098-70369210:70369098-70369219:-	A5	0.003069263972943999	0.4020979021	False
ENSMUSG00000036180;AF:8:70403404-70410950:70411054:70403404-70426740:70426921:-	AF	-0.0035311704640854646	0.4020979021	False
ENSMUSG00000036180;AF:8:70403404-70410950:70411054:70403404-70448593:70448883:-	AF	-0.014667769143993925	0.4020979021	False
ENSMUSG00000036180;AF:8:70403404-70410950:70411054:70403404-70448593:70449034:-	AF	-0.05030015772855312	0.4020979021	False
ENSMUSG00000036180;AF:8:70403404-70426740:70426921:70403404-70448593:70448883:-	AF	-0.0030852745477123467	0.4020979021	False
ENSMUSG00000036180;AF:8:70403404-70426740:70426921:70403404-70448593:70449034:-	AF	-0.0178418560044159	0.4020979021	False
ENSMUSG00000036202;A3:2:52006406-52006847:52006406-52006854:+	A3	0.09698007751776239	0.3146853147	False
ENSMUSG00000036202;A5:2:51983601-51984601:51983577-51984601:+	A5	-0.01769906557746681	0.3146853147	False
ENSMUSG00000036202;RI:2:51983515:51983601-51984601:51984674:+	RI	0.004507436757872366	0.3821178821	False
ENSMUSG00000036202;SE:2:51963265-51964259:51964337-51966093:+	SE	0.021599584810877537	0.3146853147	False
ENSMUSG00000036202;SE:2:52006406-52006680:52006757-52006847:+	SE	-0.020778643416257903	0.3146853147	False
ENSMUSG00000036282;AF:14:49410762:49410850-49418163:49415356:49415632-49418163:+	AF	-0.021814156648647935	0.3716283716	False
ENSMUSG00000036282;SE:14:49410850-49415509:49415632-49418163:+	SE	-0.0072597824417358625	0.3716283716	False
ENSMUSG00000036309;AF:11:52122822:52122945-52127664:52123016:52123439-52127664:+	AF	-0.20284457765605057	0.0832500833	False
ENSMUSG00000036309;AF:11:52122836:52122945-52127664:52123016:52123439-52127664:+	AF	-0.04563945151478399	0.1638361638	False
ENSMUSG00000036309;AF:11:52122864:52122945-52127664:52123016:52123439-52127664:+	AF	-0.30953392660055223	0.03996004	True
ENSMUSG00000036309;SE:11:52127760-52128211:52128299-52133414:+	SE	0.039751878647025785	0.1638361638	False
ENSMUSG00000036309;SE:11:52133487-52134442:52134585-52135808:+	SE	0.10680983015738443	0.0832500833	False
ENSMUSG00000036371;A3:6:67249011-67249123:67249011-67249141:+	A3	0.07055373042424401	0.2577422577	False
ENSMUSG00000036371;A3:6:67249212-67249803:67249212-67249848:+	A3	-0.13716308611087125	0.1558441558	False
ENSMUSG00000036371;A5:6:67248313-67249848:67248304-67249848:+	A5	0.006893801906136865	0.456043956	False
ENSMUSG00000036371;A5:6:67249216-67249803:67249212-67249803:+	A5	0.0	0.456043956	False
ENSMUSG00000036371;SE:6:67249011-67249123:67249212-67249848:+	SE	-0.00021325031301289155	0.456043956	False
ENSMUSG00000036371;SE:6:67249011-67249141:67249212-67249848:+	SE	-0.00030273556247462086	0.456043956	False
ENSMUSG00000036432;AF:3:58583864-58592971:58593458:58583864-58598817:58599821:-	AF	-0.0035907062210459497	0.3821178821	False
ENSMUSG00000036438;RI:17:87743032:87743138-87743219:87743362:-	RI	-0.0005057520556411531	0.4405594406	False
ENSMUSG00000036438;SE:17:87743362-87750124:87750154-87754221:-	SE	0.034855346496844186	0.3316683317	False
ENSMUSG00000036499;A3:10:95826327-95829092:95826327-95829286:+	A3	0.004625605912846968	0.3996003996	False
ENSMUSG00000036499;SE:10:95809940-95814023:95814148-95825424:+	SE	0.12182180130499766	0.1258741259	False
ENSMUSG00000036499;SE:10:95809940-95825424:95825551-95826117:+	SE	0.1252963012748195	0.1258741259	False
ENSMUSG00000036550;A3:8:96463073-96466436:96463021-96466436:-	A3	0.15797592572946983	0.1478521479	False
ENSMUSG00000036550;A3:8:96481739-96482720:96481736-96482720:-	A3	-0.00989819361241595	0.3481518482	False
ENSMUSG00000036550;A3:8:96501356-96501907:96501350-96501907:-	A3	0.16044732667358974	0.1478521479	False
ENSMUSG00000036550;A5:8:96457289-96459699:96457289-96459720:-	A5	-0.16158516655613803	0.1478521479	False
ENSMUSG00000036550;A5:8:96479778-96481593:96479778-96481608:-	A5	0.10305555542144174	0.1574425574	False
ENSMUSG00000036550;RI:8:96498599:96498802-96500060:96500114:-	RI	0.010985645470526717	0.3481518482	False
ENSMUSG00000036550;SE:8:96447113-96447271:96447405-96448134:-	SE	-0.04560622137681658	0.301032301	False
ENSMUSG00000036550;SE:8:96460776-96460869:96460977-96462314:-	SE	0.16158516655613775	0.1478521479	False
ENSMUSG00000036591;A3:2:20865921-20865997:20865918-20865997:-	A3	0.06322440984048952	0.3558441558	False
ENSMUSG00000036591;A3:2:20972531-20973295:20972527-20973295:-	A3	-0.015686188265684353	0.4485514486	False
ENSMUSG00000036591;A5:2:20919622-20972141:20919622-20972159:-	A5	-0.004585814273160405	0.4485514486	False
ENSMUSG00000036591;A5:2:20972531-20973254:20972531-20973291:-	A5	-0.3171652400579062	0.3558441558	False
ENSMUSG00000036591;A5:2:20972531-20973291:20972531-20973295:-	A5	-0.07258533978856907	0.3558441558	False
ENSMUSG00000036591;A5:2:20972531-20973291:20972531-20973298:-	A5	0.08665166277418213	0.3831168831	False
ENSMUSG00000036591;A5:2:20972531-20973295:20972531-20973298:-	A5	0.03669302582905809	0.3831168831	False
ENSMUSG00000036591;AF:2:20919622-20948094:20948230:20919622-20972141:20972531:-	AF	-0.19233458290346067	0.3558441558	False
ENSMUSG00000036591;RI:2:20860165:20860206-20860392:20860517:-	RI	0.0039089488490447	0.4485514486	False
ENSMUSG00000036591;SE:2:20857880-20858769:20858789-20859746:-	SE	-2.2141718806242497e-06	0.4485514486	False
ENSMUSG00000036591;SE:2:20857880-20858769:20859043-20859746:-	SE	-0.0021595745417193	0.4485514486	False
ENSMUSG00000036591;SE:2:20857880-20859431:20859454-20859746:-	SE	0.06758430206280128	0.3558441558	False
ENSMUSG00000036591;SE:2:20886662-20888011:20888040-20891917:-	SE	-0.04221581498516158	0.3831168831	False
ENSMUSG00000036825;A3:3:146138372-146138728:146138372-146138731:+	A3	-0.13037662190961968	0.3321678322	False
ENSMUSG00000036825;A5:3:146110690-146120451:146110539-146120451:+	A5	-0.01881950350779993	0.3426573427	False
ENSMUSG00000036825;A5:3:146110690-146123362:146110539-146123362:+	A5	0.08961898716650157	0.3321678322	False
ENSMUSG00000036825;AF:3:146110397:146110539-146123362:146110733:146110831-146123362:+	AF	-0.041289794831109616	0.3426573427	False
ENSMUSG00000036825;AF:3:146110397:146110690-146123362:146110733:146110831-146123362:+	AF	-0.038916030857156	0.3426573427	False
ENSMUSG00000036825;SE:3:146110539-146120451:146120554-146123362:+	SE	0.0168230874997316	0.3426573427	False
ENSMUSG00000036825;SE:3:146110690-146120451:146120554-146123362:+	SE	0.0826690219039542	0.3321678322	False
ENSMUSG00000036890;AF:2:44750338-44751498:44751634:44750338-44752114:44752287:-	AF	0.007899230860947216	0.4258241758	False
ENSMUSG00000036890;AF:2:44750338-44751498:44751634:44750338-44817154:44817161:-	AF	-0.4509398115000384	0.4258241758	False
ENSMUSG00000036890;AF:2:44750338-44751498:44751634:44750338-44817154:44817173:-	AF	0.23399478703441856	0.4258241758	False
ENSMUSG00000036890;AF:2:44750338-44751498:44751634:44750338-44817154:44817246:-	AF	0.012059411942875409	0.4258241758	False
ENSMUSG00000036890;AF:2:44750338-44751498:44751634:44750338-44817154:44817248:-	AF	-0.2615937357388748	0.4258241758	False
ENSMUSG00000036890;AF:2:44750338-44751498:44751634:44750338-44817154:44817276:-	AF	-0.04661817561088133	0.4258241758	False
ENSMUSG00000036890;AF:2:44750338-44751498:44751634:44750338-44817617:44817669:-	AF	-0.013951140238825932	0.4258241758	False
ENSMUSG00000036890;AF:2:44750338-44752114:44752287:44750338-44817154:44817161:-	AF	-0.04511171192797747	0.4258241758	False
ENSMUSG00000036890;AF:2:44750338-44752114:44752287:44750338-44817154:44817173:-	AF	0.03270013752102463	0.4258241758	False
ENSMUSG00000036890;AF:2:44750338-44752114:44752287:44750338-44817154:44817246:-	AF	0.0007521116338052858	0.4335664336	False
ENSMUSG00000036890;AF:2:44750338-44752114:44752287:44750338-44817154:44817248:-	AF	-0.0097700387814188	0.4258241758	False
ENSMUSG00000036890;AF:2:44750338-44752114:44752287:44750338-44817154:44817276:-	AF	-0.00286028886440326	0.4335664336	False
ENSMUSG00000036890;AF:2:44750338-44752114:44752287:44750338-44817617:44817669:-	AF	-0.0011621427207554325	0.4335664336	False
ENSMUSG00000036890;AF:2:44750338-44817154:44817161:44750338-44817617:44817669:-	AF	0.04981543438803826	0.4258241758	False
ENSMUSG00000036890;AF:2:44750338-44817154:44817276:44750338-44817617:44817669:-	AF	0.16921089080114693	0.4258241758	False
ENSMUSG00000036890;AL:2:44646280:44646447-44715363:44678740:44679055-44715363:-	AL	0.0007521116338052858	0.4335664336	False
ENSMUSG00000036890;AL:2:44646280:44646447-44715363:44681205:44681613-44715363:-	AL	-0.0476007665379945	0.4258241758	False
ENSMUSG00000036890;AL:2:44678740:44679055-44715363:44681205:44681613-44715363:-	AL	-0.03232616157194475	0.4258241758	False
ENSMUSG00000036893;A3:2:24753920-24767467:24753917-24767467:-	A3	0.06266065468814863	0.3906093906	False
ENSMUSG00000036893;A3:2:24753941-24767467:24753917-24767467:-	A3	0.03848875685452202	0.3906093906	False
ENSMUSG00000036893;A3:2:24753941-24767467:24753920-24767467:-	A3	0.0474710757181287	0.3906093906	False
ENSMUSG00000036893;A3:2:24777081-24809566:24777078-24809566:-	A3	-0.01654517790988097	0.3906093906	False
ENSMUSG00000036893;A5:2:24694916-24695086:24694916-24695094:-	A5	0.0	0.3906093906	False
ENSMUSG00000036893;A5:2:24705844-24714941:24705844-24714957:-	A5	0.0	0.3906093906	False
ENSMUSG00000036893;A5:2:24774714-24777009:24774714-24777015:-	A5	0.15657562793265178	0.3220779221	False
ENSMUSG00000036893;SE:2:24729768-24730648:24730791-24737956:-	SE	-0.002530377588825572	0.3906093906	False
ENSMUSG00000036893;SE:2:24738101-24742677:24742814-24746618:-	SE	-0.10580327495548209	0.3220779221	False
ENSMUSG00000036893;SE:2:24746738-24748185:24748262-24753235:-	SE	0.004240759168302355	0.3906093906	False
ENSMUSG00000036893;SE:2:24774714-24777009:24777081-24809566:-	SE	0.3325514811502047	0.3220779221	False
ENSMUSG00000036893;SE:2:24774714-24777015:24777078-24809566:-	SE	0.2601071444301951	0.3220779221	False
ENSMUSG00000036893;SE:2:24774714-24777015:24777081-24809566:-	SE	0.17640780234898445	0.3220779221	False
ENSMUSG00000036990;A3:8:80386091-80387667:80386091-80387670:+	A3	-0.056634201597747236	0.1563436563	False
ENSMUSG00000036990;A5:8:80391772-80393345:80391646-80393345:+	A5	0.14429018827724194	0.0939060939	False
ENSMUSG00000037159;SE:6:40420118-40420310:40420453-40420868:+	SE	0.018853704037137542	0.2432567433	False
ENSMUSG00000037197;AF:2:11605567-11607896:11608073:11605567-11608817:11608964:-	AF	-0.1063556655834309	0.0529470529	False
ENSMUSG00000037313;A3:5:33816071-33818566:33816071-33818687:+	A3	-0.02084533592724047	0.3336663337	False
ENSMUSG00000037313;A3:5:33824089-33824387:33824089-33824408:+	A3	-0.0341110981543761	0.3336663337	False
ENSMUSG00000037313;A3:5:33828854-33829009:33828854-33829070:+	A3	-0.0594051303343035	0.3336663337	False
ENSMUSG00000037313;AL:5:33829129-33829326:33829542:33829129-33835964:33836329:+	AL	0.012819248494426838	0.3336663337	False
ENSMUSG00000037313;AL:5:33829129-33829326:33829545:33829129-33835964:33836329:+	AL	0.023646022847756076	0.3336663337	False
ENSMUSG00000037313;SE:5:33829129-33829326:33829420-33835964:+	SE	0.2078748247322443	0.3336663337	False
ENSMUSG00000037369;A5:X:18143802-18144865:18143785-18144865:+	A5	0.04033990089935227	0.3924075924	False
ENSMUSG00000037369;AF:X:18112535:18112655-18114509:18113757:18113961-18114509:+	AF	-0.11689380904767255	0.3924075924	False
ENSMUSG00000037369;MX:X:18112655-18113214:18113348-18114509:18112655-18113806:18113961-18114509:+	MX	-0.03534952171197736	0.3924075924	False
ENSMUSG00000037369;SE:X:18089116-18100099:18100153-18102900:+	SE	0.04331481150813399	0.3924075924	False
ENSMUSG00000037369;SE:X:18112655-18113214:18113348-18113806:+	SE	-0.06638521362300343	0.3924075924	False
ENSMUSG00000037369;SE:X:18112655-18113214:18113348-18114509:+	SE	-0.012160914803563405	0.3936063936	False
ENSMUSG00000037369;SE:X:18112655-18113806:18113961-18114509:+	SE	0.015582892055535147	0.3936063936	False
ENSMUSG00000037369;SE:X:18113348-18113806:18113961-18114509:+	SE	-0.004212794983623314	0.3936063936	False
ENSMUSG00000037458;A3:15:38492603-38493718:38492600-38493718:-	A3	-0.037040522096638995	0.3384615385	False
ENSMUSG00000037458;A3:15:38497794-38498913:38497642-38498913:-	A3	0.026521897669197908	0.3384615385	False
ENSMUSG00000037458;AF:15:38514853-38518341:38518406:38514853-38519153:38519413:-	AF	-0.04212049200009205	0.3384615385	False
ENSMUSG00000037458;AF:15:38514853-38518341:38518406:38514853-38519153:38519507:-	AF	8.388196742759035e-05	0.4275724276	False
ENSMUSG00000037458;AF:15:38514853-38518341:38518406:38514853-38519153:38519510:-	AF	-0.020639727554286558	0.3384615385	False
ENSMUSG00000037458;AF:15:38514853-38518341:38518465:38514853-38519153:38519413:-	AF	0.2322114255648091	0.3384615385	False
ENSMUSG00000037458;AF:15:38514853-38518341:38518465:38514853-38519153:38519507:-	AF	0.12817197431651073	0.3384615385	False
ENSMUSG00000037458;AF:15:38514853-38518341:38518465:38514853-38519153:38519510:-	AF	0.21689518465366567	0.3384615385	False
ENSMUSG00000037458;SE:15:38494610-38495517:38495598-38497508:-	SE	-0.01987559803392902	0.3384615385	False
ENSMUSG00000037458;SE:15:38501844-38507431:38507590-38514717:-	SE	0.01546121536555578	0.3384615385	False
ENSMUSG00000037458;SE:15:38514853-38518061:38518202-38519153:-	SE	-0.0178603424093067	0.3384615385	False
ENSMUSG00000037519;A3:7:144074575-144074697:144074526-144074697:-	A3	-0.028239608321771636	0.3271728272	False
ENSMUSG00000037519;SE:7:144031726-144032764:144032834-144034822:-	SE	0.009263211986846986	0.3271728272	False
ENSMUSG00000037519;SE:7:144038945-144042428:144042454-144042934:-	SE	0.009870123413585175	0.3271728272	False
ENSMUSG00000037519;SE:7:144054140-144056604:144056633-144058640:-	SE	-0.020858021379080327	0.3271728272	False
ENSMUSG00000037519;SE:7:144068261-144068609:144068683-144069723:-	SE	-0.028077978724677377	0.3271728272	False
ENSMUSG00000037536;AF:14:47710018:47710174-47766632:47763536:47763771-47766632:+	AF	-0.02594650940156551	0.3676323676	False
ENSMUSG00000037536;AF:14:47710060:47710174-47742443:47711634:47711680-47742443:+	AF	-0.00887316826531609	0.3676323676	False
ENSMUSG00000037536;AF:14:47710076:47710174-47763662:47710574:47710721-47763662:+	AF	-0.17458470450610408	0.2197802198	False
ENSMUSG00000037536;AF:14:47710081:47710174-47742443:47711634:47711680-47742443:+	AF	-0.014371797259849273	0.3676323676	False
ENSMUSG00000037536;MX:14:47710174-47738251:47738327-47766632:47710174-47742443:47742589-47766632:+	MX	-0.05632932020688508	0.3416583417	False
ENSMUSG00000037536;MX:14:47710174-47738251:47738327-47766632:47710174-47763662:47763771-47766632:+	MX	0.09421491590031825	0.2197802198	False
ENSMUSG00000037536;MX:14:47710174-47742443:47742589-47766632:47710174-47763662:47763771-47766632:+	MX	0.13448052011595274	0.2197802198	False
ENSMUSG00000037536;MX:14:47744903-47745633:47745724-47763662:47744903-47746514:47746686-47763662:+	MX	0.2050922457262826	0.2197802198	False
ENSMUSG00000037536;SE:14:47710174-47738251:47738327-47742443:+	SE	0.13152297949939656	0.2197802198	False
ENSMUSG00000037536;SE:14:47710174-47738251:47738327-47763662:+	SE	0.040784021514056856	0.3293978749	False
ENSMUSG00000037536;SE:14:47710174-47738251:47738327-47766632:+	SE	-0.12032782205012851	0.2197802198	False
ENSMUSG00000037536;SE:14:47710174-47742443:47742589-47766632:+	SE	-0.09213805961320742	0.2364635365	False
ENSMUSG00000037536;SE:14:47710174-47763662:47763771-47766632:+	SE	-0.19161059810538383	0.2197802198	False
ENSMUSG00000037536;SE:14:47738327-47763662:47763771-47766632:+	SE	0.007366219413229125	0.3676323676	False
ENSMUSG00000037536;SE:14:47742589-47744722:47744903-47763662:+	SE	-0.02511561051443023	0.3676323676	False
ENSMUSG00000037536;SE:14:47742589-47763662:47763771-47766632:+	SE	0.008873168265316145	0.3676323676	False
ENSMUSG00000037536;SE:14:47744903-47745633:47745724-47763662:+	SE	0.37814373193100054	0.2197802198	False
ENSMUSG00000037536;SE:14:47744903-47746514:47746686-47763662:+	SE	0.19613298113536876	0.2197802198	False
ENSMUSG00000037608;A3:10:20197862-20198709:20197862-20198715:+	A3	-0.037014563392648525	0.2877122877	False
ENSMUSG00000037608;SE:10:20201845-20202910:20203137-20203848:+	SE	0.008898371065851982	0.3461538462	False
ENSMUSG00000037608;SE:10:20208007-20208142:20208303-20209138:+	SE	0.06603272406343025	0.2627372627	False
ENSMUSG00000037608;SE:10:20209318-20210245:20210391-20215455:+	SE	-0.21239560779152722	0.0679320679	False
ENSMUSG00000037622;A3:4:133022701-133023727:133022643-133023727:-	A3	0.003700236291500514	0.3926073926	False
ENSMUSG00000037622;AF:4:133051285-133066307:133066582:133051285-133080097:133080189:-	AF	-0.016165393576460352	0.3926073926	False
ENSMUSG00000037622;AF:4:133051285-133066307:133066635:133051285-133080097:133080189:-	AF	-0.13855959442952304	0.1658341658	False
ENSMUSG00000037622;SE:4:133051285-133054454:133054576-133080097:-	SE	-0.10136443346321669	0.2097902098	False
ENSMUSG00000037722;A3:14:45618473-45619013:45618455-45619013:-	A3	0.007066673636167364	0.4100899101	False
ENSMUSG00000037722;A5:14:45622205-45625730:45622205-45625905:-	A5	-0.0016882955708381667	0.4100899101	False
ENSMUSG00000037722;A5:14:45622205-45625730:45622205-45625919:-	A5	-0.4272407474749609	0.3926073926	False
ENSMUSG00000037722;A5:14:45622205-45625905:45622205-45625919:-	A5	-0.016553456138648892	0.4100899101	False
ENSMUSG00000037722;A5:14:45622205-45625905:45622205-45626205:-	A5	0.09726987005680465	0.3926073926	False
ENSMUSG00000037722;A5:14:45622205-45625919:45622205-45626205:-	A5	0.09399920485823243	0.4100899101	False
ENSMUSG00000037722;A5:14:45622205-45626508:45622205-45626521:-	A5	-0.23398948971709355	0.3926073926	False
ENSMUSG00000037722;AF:14:45622205-45625730:45626198:45622205-45626205:45626418:-	AF	-0.0018204913061218323	0.4100899101	False
ENSMUSG00000037722;SE:14:45619140-45619470:45619535-45620851:-	SE	-0.0032039367070666007	0.4100899101	False
ENSMUSG00000037742;AF:9:78387970-78388921:78389006:78387970-78396356:78396433:-	AF	-0.03704854229414534	0.3394105894	False
ENSMUSG00000037742;RI:9:78386240:78386474-78386560:78386816:-	RI	0.021908536312215798	0.3394105894	False
ENSMUSG00000037742;RI:9:78386560:78386816-78386906:78387056:-	RI	0.003980829507129483	0.3841158841	False
ENSMUSG00000037750;A3:11:78034040-78044523:78034040-78044635:+	A3	-0.022772196128417244	0.2722277722	False
ENSMUSG00000037750;AF:11:77985486:77985617-78033919:78006432:78006663-78033919:+	AF	0.2116088644177152	0.1243756244	False
ENSMUSG00000037750;AF:11:77985534:77985617-78033919:78006432:78006663-78033919:+	AF	0.08947884788122384	0.1670829171	False
ENSMUSG00000037791;A3:11:77914645-77915639:77914645-77915787:+	A3	0.0055646683126772505	0.3771228771	False
ENSMUSG00000037791;A3:11:77915912-77916711:77915912-77916764:+	A3	-0.08764329485260175	0.2997002997	False
ENSMUSG00000037791;SE:11:77914645-77915639:77915693-77915787:+	SE	0.012854522318426653	0.3771228771	False
ENSMUSG00000037795;AF:5:65920864:65920933-65928730:65921322:65921588-65928730:+	AF	0.09810019696877637	0.2347652348	False
ENSMUSG00000037795;AF:5:65920864:65920933-65928730:65921463:65921588-65928730:+	AF	0.040236713055381595	0.2347652348	False
ENSMUSG00000037795;SE:5:65933006-65941653:65941719-65943449:+	SE	-0.09946876577285824	0.2347652348	False
ENSMUSG00000037851;A3:13:49860281-49861882:49860281-49861886:+	A3	0.039820628866174435	0.2232767233	False
ENSMUSG00000037851;A5:13:49835784-49840862:49835679-49840862:+	A5	-0.07181049235937491	0.2232767233	False
ENSMUSG00000037857;AF:11:77576981:77577333-77582368:77578427:77578637-77582368:+	AF	0.000719879785406996	0.4165834166	False
ENSMUSG00000037857;AF:11:77576998:77577333-77582368:77578427:77578637-77582368:+	AF	0.0016663607298780247	0.4165834166	False
ENSMUSG00000037857;AL:11:77596367-77600509:77603567:77596367-77632512:77632747:+	AL	-0.03700624220099963	0.4165834166	False
ENSMUSG00000037857;SE:11:77578637-77579113:77579157-77582368:+	SE	-0.008342987983570693	0.4165834166	False
ENSMUSG00000037885;SE:2:129643924-129652408:129653157-129669694:+	SE	0.08440634029944527	0.1043956044	False
ENSMUSG00000037957;AL:12:110745912-110759548:110761462:110745912-110769839:110770672:+	AL	0.023730294932977736	0.2462537463	False
ENSMUSG00000037957;SE:12:110745912-110755612:110755671-110759548:+	SE	-0.017848781013446953	0.2462537463	False
ENSMUSG00000037979;AF:5:124916871-124928614:124928647:124916871-124938813:124938947:-	AF	0.007768795818027363	0.4275724276	False
ENSMUSG00000037979;AF:5:124916871-124928614:124928647:124916871-124939079:124939488:-	AF	0.059729594384483775	0.4275724276	False
ENSMUSG00000037979;AF:5:124916871-124938813:124938947:124916871-124939079:124939488:-	AF	0.0020844539710914572	0.4275724276	False
ENSMUSG00000037979;SE:5:124913355-124913544:124913630-124916007:-	SE	-0.0021538071735369355	0.4275724276	False
ENSMUSG00000037999;A5:5:62907159-62922863:62907159-62923237:-	A5	-0.008286368584577597	0.4440559441	False
ENSMUSG00000037999;SE:5:62761999-62763418:62763552-62769047:-	SE	0.0	0.4440559441	False
ENSMUSG00000037999;SE:5:62864071-62872076:62872145-62887864:-	SE	0.027710777849561885	0.4440559441	False
ENSMUSG00000038005;SE:8:61346894-61348495:61348684-61349772:+	SE	-0.23117528047886426	0.018981019	True
ENSMUSG00000038005;SE:8:61349870-61353118:61353268-61357034:+	SE	-0.003920195881922828	0.3796203796	False
ENSMUSG00000038056;A3:5:25579565-25580340:25579562-25580340:-	A3	0.006769508258613777	0.4387612388	False
ENSMUSG00000038056;A5:5:25486398-25486659:25486398-25486671:-	A5	-0.009024221742132021	0.4387612388	False
ENSMUSG00000038056;RI:5:25480898:25480971-25481138:25481254:-	RI	0.0012990314695477167	0.4395604396	False
ENSMUSG00000038056;SE:5:25498246-25500396:25500608-25503868:-	SE	-0.008177573558424744	0.4387612388	False
ENSMUSG00000038056;SE:5:25534573-25535794:25535898-25543411:-	SE	-0.01740513074334782	0.4387612388	False
ENSMUSG00000038056;SE:5:25568560-25571075:25571194-25577764:-	SE	-0.01740513074334782	0.4387612388	False
ENSMUSG00000038116;A3:2:156136195-156138569:156136195-156138576:+	A3	0.030599796779734678	0.3381618382	False
ENSMUSG00000038116;AF:2:156038386:156038466-156065255:156038562:156038717-156065255:+	AF	0.02382470682544267	0.3381618382	False
ENSMUSG00000038116;AF:2:156038386:156038466-156065255:156038676:156038717-156065255:+	AF	0.2700624533704997	0.3381618382	False
ENSMUSG00000038116;AF:2:156137949:156138045-156138569:156138325:156138472-156138569:+	AF	-0.022658956548770467	0.3381618382	False
ENSMUSG00000038116;SE:2:156038717-156065255:156065369-156093696:+	SE	-0.01277514877066499	0.3381618382	False
ENSMUSG00000038127;AF:16:27207619:27207887-27224397:27208686:27208738-27224397:+	AF	-0.017605936893302115	0.3211788212	False
ENSMUSG00000038127;AF:16:27207730:27207887-27224397:27208686:27208738-27224397:+	AF	0.04561363957974385	0.3211788212	False
ENSMUSG00000038127;SE:16:27236115-27240443:27240967-27254312:+	SE	-0.027290012797238392	0.3211788212	False
ENSMUSG00000038127;SE:16:27254427-27255118:27255162-27255248:+	SE	-0.0431553352512295	0.3211788212	False
ENSMUSG00000038187;A5:7:112927666-112929062:112927666-112929151:-	A5	-0.0012157817455962228	0.4360639361	False
ENSMUSG00000038368;A3:4:88267130-88273462:88267130-88273605:+	A3	0.001004447785882232	0.3861138861	False
ENSMUSG00000038368;SE:4:88104319-88114996:88115253-88147560:+	SE	-0.49495811361705255	0.014985015	True
ENSMUSG00000038369;AF:2:155280059-155282608:155282703:155280059-155315560:155315814:-	AF	0.08521475898853192	0.2472527473	False
ENSMUSG00000038369;AF:2:155280059-155282608:155282705:155280059-155315560:155315814:-	AF	0.017814564926025872	0.3226773227	False
ENSMUSG00000038369;SE:2:155257848-155260359:155260438-155260798:-	SE	0.06700954115637142	0.2472527473	False
ENSMUSG00000038369;SE:2:155280059-155282608:155282705-155315560:-	SE	0.05731375267297145	0.2472527473	False
ENSMUSG00000038369;SE:2:155282705-155291203:155291271-155315560:-	SE	-0.01653215067464993	0.3226773227	False
ENSMUSG00000038375;A3:2:155227384-155227801:155227384-155227921:+	A3	0.019506808928094976	0.4280719281	False
ENSMUSG00000038375;AF:2:155222979:155223112-155227210:155223734:155223937-155227210:+	AF	0.0	0.4280719281	False
ENSMUSG00000038375;AF:2:155222979:155223112-155227210:155223760:155223937-155227210:+	AF	0.0	0.4280719281	False
ENSMUSG00000038375;AF:2:155222979:155223112-155227210:155224122:155224849-155227210:+	AF	0.0	0.4280719281	False
ENSMUSG00000038375;AF:2:155223734:155223937-155227210:155224122:155224849-155227210:+	AF	-0.0017568127050581195	0.4280719281	False
ENSMUSG00000038375;AF:2:155223760:155223937-155227210:155224122:155224849-155227210:+	AF	0.020040457156873193	0.4280719281	False
ENSMUSG00000038375;AF:2:155223780:155223937-155227210:155224122:155224849-155227210:+	AF	0.15387755891908558	0.4280719281	False
ENSMUSG00000038406;AF:7:44663017-44663629:44663828:44663017-44665504:44665787:-	AF	0.3089836269282591	0.044955045	True
ENSMUSG00000038406;AF:7:44663759-44664262:44664360:44663759-44664889:44665281:-	AF	-0.1781631658054838	0.3296703297	False
ENSMUSG00000038406;AF:7:44663759-44664262:44664360:44663759-44665504:44665555:-	AF	-0.12092695007193802	0.3296703297	False
ENSMUSG00000038406;AF:7:44663759-44664889:44665281:44663759-44665504:44665555:-	AF	0.07157477336016749	0.3296703297	False
ENSMUSG00000038406;SE:7:44663017-44663629:44663759-44665504:-	SE	0.014380886744890235	0.3296703297	False
ENSMUSG00000038546;AF:13:43557165-43560088:43561504:43557165-43565887:43565960:-	AF	0.0	0.4390609391	False
ENSMUSG00000038546;AF:13:43615299-43632344:43632383:43615299-43632726:43632813:-	AF	-0.024542876151694037	0.4390609391	False
ENSMUSG00000038546;AF:13:43615299-43632344:43632383:43615299-43633888:43634147:-	AF	-0.0257320665621944	0.4390609391	False
ENSMUSG00000038546;AF:13:43615299-43632344:43632383:43615299-43633888:43634758:-	AF	0.034615327774210114	0.4390609391	False
ENSMUSG00000038546;AF:13:43615299-43632726:43632813:43615299-43633888:43634147:-	AF	0.011588910934514796	0.4415584416	False
ENSMUSG00000038546;AF:13:43615299-43632726:43632813:43615299-43633888:43634758:-	AF	0.019346925423198862	0.4390609391	False
ENSMUSG00000038546;SE:13:43557165-43560088:43560199-43565887:-	SE	0.0	0.4415584416	False
ENSMUSG00000038546;SE:13:43576139-43578506:43578690-43583924:-	SE	0.0	0.4415584416	False
ENSMUSG00000038546;SE:13:43578690-43583924:43583946-43588290:-	SE	-0.016399999727297554	0.4390609391	False
ENSMUSG00000038587;AF:10:4284545:4284709-4303142:4291195:4291263-4303142:+	AF	0.13677907747637785	0.2522477522	False
ENSMUSG00000038587;AF:10:4284545:4284709-4303142:4296808:4296966-4303142:+	AF	-0.05182748766859946	0.2702297702	False
ENSMUSG00000038587;AF:10:4284545:4284709-4303142:4297768:4297907-4303142:+	AF	0.1832405071397305	0.2522477522	False
ENSMUSG00000038587;AF:10:4291195:4291263-4303142:4296808:4296966-4303142:+	AF	-0.032259916282823764	0.2702297702	False
ENSMUSG00000038587;AF:10:4291195:4291263-4303142:4297768:4297907-4303142:+	AF	0.07148281208913665	0.2702297702	False
ENSMUSG00000038615;A5:11:96719049-96720645:96719049-96720649:-	A5	-0.037759580149186456	0.3276307026	False
ENSMUSG00000038615;AF:11:96713145-96713235:96713551:96713145-96714771:96714834:-	AF	0.014038691648846182	0.4030636031	False
ENSMUSG00000038615;AF:11:96713145-96714771:96714834:96713145-96714902:96714953:-	AF	0.15891701125679802	0.1771086057	False
ENSMUSG00000038615;AF:11:96713145-96714771:96714834:96713145-96715122:96715378:-	AF	0.0038977094071930285	0.4065934066	False
ENSMUSG00000038615;AF:11:96713145-96714771:96714834:96713145-96718024:96718545:-	AF	-0.30272088623610416	0.1613386613	False
ENSMUSG00000038615;AF:11:96713145-96714771:96714834:96713145-96718024:96718781:-	AF	-0.0005833998565913934	0.4065934066	False
ENSMUSG00000038615;AF:11:96719049-96720237:96720327:96719049-96720645:96720794:-	AF	-0.0775269037077767	0.2088911089	False
ENSMUSG00000038615;AF:11:96719049-96720237:96720327:96719049-96720649:96720781:-	AF	-0.11573306816697598	0.1783216783	False
ENSMUSG00000038615;AF:11:96719049-96720237:96720328:96719049-96720645:96720794:-	AF	0.1866214134467179	0.1771086057	False
ENSMUSG00000038615;AF:11:96719049-96720237:96720328:96719049-96720649:96720781:-	AF	0.17098320136124673	0.1771086057	False
ENSMUSG00000038696;A5:2:34297266-34325145:34297101-34325145:+	A5	0.2558745488837731	0.2342657343	False
ENSMUSG00000038696;AF:2:34296783:34296860-34322015:34296890:34297101-34322015:+	AF	-0.0262126469741496	0.3622377622	False
ENSMUSG00000038696;AF:2:34296783:34296860-34322015:34297195:34297266-34322015:+	AF	0.00361849392967184	0.4110889111	False
ENSMUSG00000038696;AF:2:34296874:34297266-34325145:34322037:34322342-34325145:+	AF	0.4957243727831032	0.2097902098	False
ENSMUSG00000038696;AF:2:34296890:34297101-34322015:34297195:34297266-34322015:+	AF	0.057207650811340494	0.31002331	False
ENSMUSG00000038696;AF:2:34296898:34297101-34325145:34322037:34322342-34325145:+	AF	0.12053907328435487	0.2878787879	False
ENSMUSG00000038696;AL:2:34334418-34368707:34368780:34334418-34387713:34387728:+	AL	-0.008237519988678716	0.4110889111	False
ENSMUSG00000038696;SE:2:34297101-34322015:34322342-34325145:+	SE	0.1208955668327496	0.2878787879	False
ENSMUSG00000038696;SE:2:34297266-34319530:34319638-34322015:+	SE	0.07345283189230915	0.31002331	False
ENSMUSG00000038696;SE:2:34297266-34322015:34322342-34325145:+	SE	-0.20091677195485158	0.2342657343	False
ENSMUSG00000038696;SE:2:34297266-34325145:34325234-34334270:+	SE	0.41804779052786734	0.2342657343	False
ENSMUSG00000038696;SE:2:34334418-34339178:34339320-34387713:+	SE	0.0017862710752748667	0.4110889111	False
ENSMUSG00000038696;SE:2:34334418-34373966:34374032-34387713:+	SE	0.0025393527243521502	0.4110889111	False
ENSMUSG00000038696;SE:2:34423909-34453067:34453174-34471204:+	SE	-0.05508086465203921	0.31002331	False
ENSMUSG00000038712;A3:3:95190055-95190231:95190055-95190542:+	A3	-0.027225983701001044	0.3076923077	False
ENSMUSG00000038712;A3:3:95202297-95202584:95202297-95202611:+	A3	0.05939105653384258	0.3076923077	False
ENSMUSG00000038712;A5:3:95188935-95189994:95188922-95189994:+	A5	-0.10358140666900585	0.3076923077	False
ENSMUSG00000038712;AF:3:95188656:95188922-95189994:95189156:95189242-95189994:+	AF	0.137612618530077	0.3076923077	False
ENSMUSG00000038712;AF:3:95188728:95188922-95189994:95189156:95189242-95189994:+	AF	0.036712244592029375	0.3076923077	False
ENSMUSG00000038712;AF:3:95188798:95188935-95189994:95189156:95189242-95189994:+	AF	0.09869302686001036	0.3076923077	False
ENSMUSG00000038712;AF:3:95190255:95190936-95194956:95193510:95193595-95194956:+	AF	0.02465242360794695	0.3076923077	False
ENSMUSG00000038712;AF:3:95190913:95190936-95194007:95193150:95193243-95194007:+	AF	0.24748837995995354	0.3076923077	False
ENSMUSG00000038712;AL:3:95190936-95191896:95192168:95190936-95194956:95195147:+	AL	-0.03671224459202935	0.3076923077	False
ENSMUSG00000038712;SE:3:95190936-95194007:95194183-95194956:+	SE	0.018598003879241168	0.3076923077	False
ENSMUSG00000038733;A3:1:181030789-181036616:181030725-181036616:-	A3	0.006949379239372999	0.3521478521	False
ENSMUSG00000038733;A5:1:181030725-181036568:181030725-181036616:-	A5	0.05891783511716531	0.3521478521	False
ENSMUSG00000038733;AL:1:181000793:181005396-181008869:181007972:181008213-181008869:-	AL	-0.011119034128087957	0.3521478521	False
ENSMUSG00000038733;AL:1:181000797:181005396-181008869:181007972:181008213-181008869:-	AL	-0.042798639316923764	0.3521478521	False
ENSMUSG00000038733;AL:1:181004662:181005396-181008869:181007972:181008213-181008869:-	AL	-0.043475474442166595	0.3521478521	False
ENSMUSG00000038733;SE:1:181005396-181008031:181008213-181008869:-	SE	0.01697301555899225	0.3521478521	False
ENSMUSG00000038740;AF:2:33764472-33776798:33776857:33764472-33777332:33777494:-	AF	0.16554268748257694	0.0589410589	False
ENSMUSG00000038740;AF:2:33764472-33776798:33776857:33764472-33777332:33777958:-	AF	-0.21490866617931403	0.0549450549	False
ENSMUSG00000038750;SE:9:78235974-78236248:78236413-78236574:+	SE	-0.00195383636884125	0.3946053946	False
ENSMUSG00000038762;AF:17:36276015-36280219:36280251:36276015-36280538:36280653:-	AF	0.0032794066570185354	0.4060939061	False
ENSMUSG00000038762;RI:17:36274018:36274128-36274213:36274284:-	RI	0.0813815126259563	0.2112887113	False
ENSMUSG00000038762;SE:17:36276015-36279860:36280125-36280538:-	SE	0.08435459489450339	0.2112887113	False
ENSMUSG00000038871;A5:6:34453584-34464225:34453559-34464225:+	A5	-0.13467413141867068	0.2532467532	False
ENSMUSG00000038871;AF:6:34453142:34453357-34464225:34453387:34453584-34464225:+	AF	-0.017541894487879794	0.2532467532	False
ENSMUSG00000038871;AF:6:34453142:34453357-34464225:34453414:34453559-34464225:+	AF	-0.020289524019958427	0.2532467532	False
ENSMUSG00000038871;AF:6:34453142:34453357-34464225:34454077:34454113-34464225:+	AF	0.09842817133933923	0.1828171828	False
ENSMUSG00000038871;AF:6:34453291:34453357-34464225:34453387:34453584-34464225:+	AF	-0.14381628106576416	0.2532467532	False
ENSMUSG00000038871;AF:6:34453291:34453357-34464225:34453414:34453559-34464225:+	AF	-0.5079111401273352	0.218031968	False
ENSMUSG00000038871;AF:6:34453291:34453357-34464225:34454077:34454113-34464225:+	AF	-0.0074098477724301995	0.2532467532	False
ENSMUSG00000038871;AF:6:34453387:34453584-34464225:34454077:34454113-34464225:+	AF	0.4043332638445212	0.1258741259	False
ENSMUSG00000038871;AF:6:34453414:34453559-34464225:34454077:34454113-34464225:+	AF	0.31033511486604587	0.1258741259	False
ENSMUSG00000038876;A5:10:29230443-29237960:29230443-29237980:-	A5	-0.08935887273380239	0.3546453546	False
ENSMUSG00000038876;A5:10:29237341-29237960:29237341-29237980:-	A5	0.002573556350003614	0.3696303696	False
ENSMUSG00000038876;AF:10:29230443-29233658:29233709:29230443-29237960:29238043:-	AF	0.0780537448246077	0.3546453546	False
ENSMUSG00000038876;AF:10:29230443-29233658:29233709:29230443-29237980:29238438:-	AF	-0.008001854252929208	0.3696303696	False
ENSMUSG00000038876;SE:10:29230443-29237281:29237341-29237960:-	SE	0.15830461026002768	0.3546453546	False
ENSMUSG00000038876;SE:10:29230443-29237281:29237341-29237980:-	SE	0.06591605256464517	0.3696303696	False
ENSMUSG00000038943;A3:7:79950181-79950785:79950181-79954109:+	A3	0.017663265518745263	0.4145854146	False
ENSMUSG00000038943;A3:7:79962956-79963275:79962956-79963278:+	A3	0.014943815236021951	0.4145854146	False
ENSMUSG00000038943;A5:7:79960928-79961965:79960919-79961965:+	A5	-0.0787704215748557	0.3356643357	False
ENSMUSG00000038943;A5:7:79962956-79963275:79962879-79963275:+	A5	-0.12686222430030203	0.3990295419	False
ENSMUSG00000038943;A5:7:79962956-79964862:79962879-79964862:+	A5	0.09866553361243607	0.3356643357	False
ENSMUSG00000038943;AL:7:79962879-79963275:79963445:79962879-79964862:79965332:+	AL	0.04709100796522143	0.3990295419	False
ENSMUSG00000038943;AL:7:79962879-79963275:79963445:79962879-79964862:79965999:+	AL	0.5319015926783544	0.2037962038	False
ENSMUSG00000038943;SE:7:79950181-79950785:79950907-79954109:+	SE	0.03301958999881027	0.3990295419	False
ENSMUSG00000038943;SE:7:79957443-79959141:79959236-79960489:+	SE	-0.02340841178394648	0.3990295419	False
ENSMUSG00000038943;SE:7:79962879-79963275:79963316-79964862:+	SE	-0.006147446580406817	0.4145854146	False
ENSMUSG00000038943;SE:7:79962956-79963275:79963316-79964862:+	SE	-0.0043172518890175204	0.4145854146	False
ENSMUSG00000038943;SE:7:79962956-79963278:79963316-79964862:+	SE	-0.00265208063447315	0.4145854146	False
ENSMUSG00000039103;AF:3:151961002-151967128:151967172:151961002-151968101:151968167:-	AF	0.08202675586746788	0.4450549451	False
ENSMUSG00000039103;AF:3:151961002-151967128:151967172:151961002-151968915:151969143:-	AF	0.002864580135205297	0.4450549451	False
ENSMUSG00000039103;AF:3:151961002-151967128:151967172:151961002-151971350:151971404:-	AF	0.0014484971444483907	0.4450549451	False
ENSMUSG00000039103;AF:3:151961002-151967128:151967172:151961002-151971350:151971405:-	AF	-0.0003553753215655986	0.4450549451	False
ENSMUSG00000039103;AF:3:151961002-151967128:151967172:151961002-151971350:151971432:-	AF	-0.016577902502171393	0.4450549451	False
ENSMUSG00000039103;AF:3:151961002-151967128:151967172:151961002-151971854:151971955:-	AF	0.03545823652609004	0.4450549451	False
ENSMUSG00000039103;AF:3:151961002-151967128:151967172:151961002-151971854:151971987:-	AF	0.0011189305977062913	0.4450549451	False
ENSMUSG00000039103;AF:3:151961002-151968101:151968167:151961002-151968915:151969143:-	AF	0.0005477548050931702	0.4450549451	False
ENSMUSG00000039103;AF:3:151961002-151968101:151968167:151961002-151971350:151971404:-	AF	-0.030685780155334408	0.4450549451	False
ENSMUSG00000039103;AF:3:151961002-151968101:151968167:151961002-151971350:151971405:-	AF	-0.0014975490268027691	0.4450549451	False
ENSMUSG00000039103;AF:3:151961002-151968101:151968167:151961002-151971350:151971432:-	AF	-0.08861790315307083	0.4450549451	False
ENSMUSG00000039103;AF:3:151961002-151968101:151968167:151961002-151971854:151971955:-	AF	-0.06780012858627577	0.4450549451	False
ENSMUSG00000039103;AF:3:151961002-151968101:151968167:151961002-151971854:151971987:-	AF	-0.040229810269554744	0.4450549451	False
ENSMUSG00000039103;AF:3:151961002-151968915:151969143:151961002-151971350:151971404:-	AF	-0.044966058335961345	0.4450549451	False
ENSMUSG00000039103;AF:3:151961002-151968915:151969143:151961002-151971350:151971405:-	AF	-0.33333333333333337	0.4450549451	False
ENSMUSG00000039103;AF:3:151961002-151968915:151969143:151961002-151971350:151971432:-	AF	-0.0673305680593275	0.4450549451	False
ENSMUSG00000039103;AF:3:151961002-151968915:151969143:151961002-151971854:151971955:-	AF	-0.00822161497315597	0.4450549451	False
ENSMUSG00000039103;AF:3:151961002-151968915:151969143:151961002-151971854:151971987:-	AF	-0.15949646159057357	0.4450549451	False
ENSMUSG00000039103;AF:3:151961002-151971350:151971404:151961002-151971854:151971955:-	AF	0.0075137325927586845	0.4450549451	False
ENSMUSG00000039103;AF:3:151961002-151971350:151971404:151961002-151971854:151971987:-	AF	-0.039659756330753304	0.4450549451	False
ENSMUSG00000039103;AF:3:151961002-151971350:151971405:151961002-151971854:151971955:-	AF	0.0010059697715315667	0.4450549451	False
ENSMUSG00000039103;AF:3:151961002-151971350:151971405:151961002-151971854:151971987:-	AF	0.016586032787826634	0.4450549451	False
ENSMUSG00000039103;AF:3:151961002-151971350:151971432:151961002-151971854:151971955:-	AF	0.04933208693013531	0.4450549451	False
ENSMUSG00000039103;AF:3:151961002-151971350:151971432:151961002-151971854:151971987:-	AF	0.037116327536723226	0.4450549451	False
ENSMUSG00000039103;RI:3:151942619:151943216-151943302:151943659:-	RI	0.0075137325927586845	0.4450549451	False
ENSMUSG00000039103;SE:3:151949660-151952723:151952911-151953570:-	SE	-0.0011744404939822983	0.4450549451	False
ENSMUSG00000039103;SE:3:151954005-151955297:151955338-151958445:-	SE	0.025027873539086976	0.4450549451	False
ENSMUSG00000039103;SE:3:151958593-151958688:151958766-151960922:-	SE	-0.015091282275127349	0.4450549451	False
ENSMUSG00000039103;SE:3:151958766-151959249:151959440-151960922:-	SE	0.08760956756187493	0.4450549451	False
ENSMUSG00000039108;SE:2:179669828-179670751:179670867-179673154:+	SE	0.0005553032111893993	0.4455544456	False
ENSMUSG00000039108;SE:2:179673321-179673587:179673664-179673854:+	SE	0.07801503086197159	0.1618381618	False
ENSMUSG00000039117;A5:2:179571217-179573773:179571217-179573809:-	A5	0.00360513568566459	0.4090909091	False
ENSMUSG00000039166;A3:10:25047146-25096509:25046300-25096509:-	A3	0.10655725608857636	0.4370629371	False
ENSMUSG00000039166;AF:10:25165628-25171796:25171998:25165628-25172826:25172971:-	AF	0.0212120301209741	0.4370629371	False
ENSMUSG00000039166;AF:10:25165628-25171796:25171998:25165628-25174938:25175062:-	AF	0.020709505440216436	0.4370629371	False
ENSMUSG00000039166;AF:10:25165628-25171796:25171998:25165628-25183683:25183768:-	AF	0.006495419381131851	0.4370629371	False
ENSMUSG00000039166;AF:10:25165628-25172826:25172971:25165628-25174938:25175062:-	AF	-0.04190158073536432	0.4370629371	False
ENSMUSG00000039166;AF:10:25165628-25172826:25172971:25165628-25183683:25183768:-	AF	0.0007711965207147786	0.4370629371	False
ENSMUSG00000039166;AF:10:25165628-25174938:25175062:25165628-25183683:25183768:-	AF	0.0031620907986356084	0.4370629371	False
ENSMUSG00000039166;SE:10:25165628-25174033:25174126-25174938:-	SE	-0.0476470216061724	0.4370629371	False
ENSMUSG00000039167;SE:3:151145024-151197914:151198063-151203464:+	SE	-0.08742274228263325	0.2392607393	False
ENSMUSG00000039218;A3:17:24040664-24040895:24040664-24041387:+	A3	0.011361041598834536	0.4195804196	False
ENSMUSG00000039218;A5:17:24022372-24025906:24022281-24025906:+	A5	-0.16668562514164986	0.1623376623	False
ENSMUSG00000039218;SE:17:24022372-24025906:24026176-24027040:+	SE	-0.03028434251957035	0.4195804196	False
ENSMUSG00000039218;SE:17:24030705-24030791:24031051-24031402:+	SE	0.0028944326367893497	0.4195804196	False
ENSMUSG00000039218;SE:17:24040664-24040895:24040989-24041387:+	SE	0.0030592299291845996	0.4195804196	False
ENSMUSG00000039275;MX:11:121181716-121186855:121187048-121187740:121181716-121187049:121187177-121187740:+	MX	-0.00019709987978033805	0.4360639361	False
ENSMUSG00000039307;A5:11:121097574-121098465:121095668-121098465:+	A5	0.00021377908774777854	0.4585414585	False
ENSMUSG00000039307;A5:11:121097574-121098465:121095805-121098465:+	A5	0.0006090157064339019	0.4585414585	False
ENSMUSG00000039307;A5:11:121097600-121098465:121097574-121098465:+	A5	-0.03243353529384556	0.4585414585	False
ENSMUSG00000039307;AF:11:121095259:121095668-121098465:121097464:121097600-121098465:+	AF	-0.0030680225567594	0.4585414585	False
ENSMUSG00000039307;AF:11:121095261:121095668-121098465:121097464:121097600-121098465:+	AF	0.0017714071105941667	0.4585414585	False
ENSMUSG00000039307;AF:11:121095601:121095668-121098465:121097464:121097600-121098465:+	AF	0.0	0.4585414585	False
ENSMUSG00000039307;AF:11:121095627:121095805-121098465:121097464:121097600-121098465:+	AF	-0.0023514967955388	0.4585414585	False
ENSMUSG00000039307;MX:11:121104896-121105586:121105750-121107719:121104896-121105997:121106161-121107719:+	MX	0.39497138083750266	0.4585414585	False
ENSMUSG00000039307;SE:11:121105750-121107719:121107902-121108914:+	SE	0.0007174388621175001	0.4585414585	False
ENSMUSG00000039307;SE:11:121109564-121110667:121110749-121111690:+	SE	-0.00013603993031423333	0.4585414585	False
ENSMUSG00000039536;A3:2:166795271-166796820:166795265-166796820:-	A3	-0.001588227683712029	0.4265734266	False
ENSMUSG00000039536;A3:2:166797050-166801943:166797032-166801943:-	A3	-0.1323077947654564	0.3911088911	False
ENSMUSG00000039536;A5:2:166791279-166791620:166791279-166791664:-	A5	-0.009592805294053819	0.3911088911	False
ENSMUSG00000039536;AF:2:166806637-166818578:166818691:166806637-166837954:166838023:-	AF	0.036769812740137534	0.3911088911	False
ENSMUSG00000039536;AF:2:166806637-166818578:166818691:166806637-166837954:166838185:-	AF	0.012333010370053932	0.3911088911	False
ENSMUSG00000039536;AF:2:166806637-166818578:166818691:166806637-166837954:166838198:-	AF	0.023132476851695668	0.3911088911	False
ENSMUSG00000039536;AF:2:166806637-166818578:166818691:166806637-166837954:166838219:-	AF	0.019481285694057666	0.3911088911	False
ENSMUSG00000039536;RI:2:166792701:166792774-166792860:166793020:-	RI	-0.02795288464424328	0.3911088911	False
ENSMUSG00000039536;RI:2:166793191:166793266-166794246:166794392:-	RI	0.020146982975883364	0.3911088911	False
ENSMUSG00000039630;A3:1:178156972-178157433:178152878-178157433:-	A3	-0.01905217214223201	0.2307692308	False
ENSMUSG00000039630;SE:1:178151278-178151531:178151581-178152808:-	SE	0.02715212317870319	0.2307692308	False
ENSMUSG00000039770;A5:17:73144814-73153274:73144703-73153274:+	A5	-0.06818250816630145	0.1473526474	False
ENSMUSG00000039770;AF:17:73143448:73143786-73153274:73144308:73144703-73153274:+	AF	-0.25137151201698715	0.0539460539	False
ENSMUSG00000039770;AF:17:73143448:73143786-73153274:73144531:73144814-73153274:+	AF	-0.16333603201309888	0.0695304695	False
ENSMUSG00000039770;AF:17:73143448:73143786-73153274:73147926:73148124-73153274:+	AF	-0.31535178916719075	0.0539460539	False
ENSMUSG00000039770;AF:17:73144308:73144703-73153274:73147926:73148124-73153274:+	AF	-0.2888275631580117	0.0589410589	False
ENSMUSG00000039770;AF:17:73144531:73144814-73153274:73147926:73148124-73153274:+	AF	-0.1823238965469013	0.0695304695	False
ENSMUSG00000039771;SE:5:136145659-136148849:136148938-136150943:+	SE	-0.027989304590407604	0.1928071928	False
ENSMUSG00000039936;A3:4:149738595-149738682:149738592-149738682:-	A3	0.04081258000879803	0.4190809191	False
ENSMUSG00000039936;A3:4:149739714-149739793:149739705-149739793:-	A3	-0.08199593899499452	0.4190809191	False
ENSMUSG00000039936;A3:4:149739960-149740038:149739957-149740038:-	A3	-0.04269591652030813	0.4190809191	False
ENSMUSG00000039936;A3:4:149741924-149742839:149741912-149742839:-	A3	-0.03545656386934748	0.4190809191	False
ENSMUSG00000039936;A5:4:149747773-149758533:149747773-149758597:-	A5	-0.007780720750119818	0.4190809191	False
ENSMUSG00000039936;AF:4:149758651-149759594:149759643:149758651-149783012:149783155:-	AF	-0.01468277602718955	0.4190809191	False
ENSMUSG00000039936;AF:4:149758651-149759594:149759643:149758651-149785960:149786047:-	AF	-0.00344532222250315	0.4190809191	False
ENSMUSG00000039936;AF:4:149758651-149759971:149760082:149758651-149783012:149783155:-	AF	0.0	0.4190809191	False
ENSMUSG00000039936;AF:4:149758651-149759971:149760082:149758651-149785960:149786047:-	AF	0.0	0.4190809191	False
ENSMUSG00000039936;AF:4:149758651-149760369:149760501:149758651-149783012:149783155:-	AF	0.15039986726424204	0.4190809191	False
ENSMUSG00000039936;AF:4:149758651-149760369:149760501:149758651-149785960:149786047:-	AF	0.06236735167699933	0.4190809191	False
ENSMUSG00000039936;AF:4:149758651-149760369:149760550:149758651-149783012:149783155:-	AF	0.08529069313106899	0.4190809191	False
ENSMUSG00000039936;AF:4:149758651-149760369:149760550:149758651-149785960:149786047:-	AF	0.017814968943163888	0.4190809191	False
ENSMUSG00000039936;AF:4:149758651-149782913:149783009:149758651-149783012:149783155:-	AF	-7.860380556925e-05	0.4190809191	False
ENSMUSG00000039936;AF:4:149758651-149782913:149783009:149758651-149785960:149786047:-	AF	-1.802920142723058e-05	0.4190809191	False
ENSMUSG00000039936;AF:4:149758651-149783012:149783155:149758651-149785960:149786047:-	AF	0.028020559609547357	0.4190809191	False
ENSMUSG00000039936;AF:4:149758651-149783012:149783155:149758651-149786921:149787028:-	AF	-0.08473220676819071	0.4190809191	False
ENSMUSG00000039936;AF:4:149758651-149783012:149783165:149758651-149785960:149786047:-	AF	-5.428269579110571e-10	0.4190809191	False
ENSMUSG00000039936;AF:4:149758651-149785960:149786047:149758651-149786921:149787028:-	AF	-0.015120459456316238	0.4190809191	False
ENSMUSG00000039936;SE:4:149758651-149781506:149781680-149783012:-	SE	-0.09675642482872975	0.4190809191	False
ENSMUSG00000039988;A3:3:157677954-157678637:157677954-157680865:+	A3	0.03668597635643973	0.2707292707	False
ENSMUSG00000039988;AF:3:157697360:157697449-157700234:157699272:157699422-157700234:+	AF	0.33329494431777	0.1358641359	False
ENSMUSG00000039988;RI:3:157678637:157678682-157680865:157680931:+	RI	0.05650578837001097	0.2707292707	False
ENSMUSG00000039988;SE:3:157677954-157678637:157678682-157680865:+	SE	0.04759281232131579	0.2707292707	False
ENSMUSG00000040029;A3:6:148674307-148676475:148674304-148676475:-	A3	-0.02420961275099187	0.4435564436	False
ENSMUSG00000040029;A3:6:148725983-148732662:148725954-148732662:-	A3	0.016607936642002108	0.4435564436	False
ENSMUSG00000040029;RI:6:148672181:148674307-148676475:148676591:-	RI	0.0005421767144689667	0.4435564436	False
ENSMUSG00000040029;SE:6:148706219-148707883:148708017-148711378:-	SE	0.00416515013710439	0.4435564436	False
ENSMUSG00000040054;A3:10:127948636-127949329:127948636-127949332:+	A3	-0.036727416946493396	0.3806193806	False
ENSMUSG00000040054;AF:10:127927451:127927645-127944763:127932249:127932392-127944763:+	AF	0.0356675096200574	0.3806193806	False
ENSMUSG00000040054;AF:10:127927479:127927645-127944763:127932249:127932392-127944763:+	AF	0.012332366082515733	0.3806193806	False
ENSMUSG00000040054;AF:10:127927482:127927645-127932308:127928652:127928719-127932308:+	AF	0.007180652403010533	0.3806193806	False
ENSMUSG00000040054;AF:10:127927504:127927645-127932308:127928652:127928719-127932308:+	AF	0.05331295611703908	0.3806193806	False
ENSMUSG00000040054;RI:10:127950894:127950954-127951930:127952038:+	RI	0.011466584245964202	0.3806193806	False
ENSMUSG00000040054;SE:10:127927645-127928329:127928719-127932308:+	SE	-0.33591774365769067	0.3806193806	False
ENSMUSG00000040054;SE:10:127927645-127932308:127932392-127944763:+	SE	0.07195201683909946	0.3806193806	False
ENSMUSG00000040128;AF:4:33246507-33247298:33247575:33246507-33247948:33248510:-	AF	0.0052971517998553165	0.3816183816	False
ENSMUSG00000040128;AF:4:33246507-33247948:33248510:33246507-33289995:33290163:-	AF	0.003394865074759723	0.3816183816	False
ENSMUSG00000040225;A3:1:162550856-162552273:162550850-162552273:-	A3	-0.00657421602349742	0.3816183816	False
ENSMUSG00000040225;A5:1:162501225-162501668:162501225-162501672:-	A5	0.09141130936593844	0.3816183816	False
ENSMUSG00000040225;A5:1:162505797-162507054:162505797-162507069:-	A5	-0.01948455586009984	0.3816183816	False
ENSMUSG00000040225;A5:1:162548175-162548999:162548175-162549014:-	A5	-0.005396761016773888	0.3816183816	False
ENSMUSG00000040225;MX:1:162501225-162501668:162501720-162504260:162501225-162503174:162503410-162504260:-	MX	-0.014030502060269262	0.3816183816	False
ENSMUSG00000040225;SE:1:162501225-162501668:162501720-162504260:-	SE	-0.049885246502311714	0.3816183816	False
ENSMUSG00000040225;SE:1:162501225-162501672:162501720-162503174:-	SE	-0.036540899487849415	0.3816183816	False
ENSMUSG00000040225;SE:1:162501225-162503174:162503410-162504260:-	SE	-0.057717124038859036	0.3816183816	False
ENSMUSG00000040225;SE:1:162501720-162503174:162503410-162504260:-	SE	-0.09141130936593844	0.3816183816	False
ENSMUSG00000040225;SE:1:162552438-162558789:162558931-162567894:-	SE	-0.006560827080167447	0.3816183816	False
ENSMUSG00000040250;A3:6:146456596-146457629:146456550-146457629:-	A3	-0.12628354166820072	0.3621378621	False
ENSMUSG00000040250;SE:6:146451483-146451585:146451662-146452137:-	SE	0.03155733899015267	0.3621378621	False
ENSMUSG00000040250;SE:6:146456144-146456426:146456550-146457629:-	SE	-0.01016288653123043	0.3621378621	False
ENSMUSG00000040250;SE:6:146456144-146456426:146456596-146457629:-	SE	-0.02048719734382265	0.3621378621	False
ENSMUSG00000040250;SE:6:146461708-146463092:146463115-146463227:-	SE	0.0456959413760614	0.3621378621	False
ENSMUSG00000040331;RI:7:130135307:130135396-130135500:130135591:-	RI	0.021825997537314533	0.3256743257	False
ENSMUSG00000040331;SE:7:130144540-130145096:130145154-130147625:-	SE	0.01023541759321025	0.3256743257	False
ENSMUSG00000040435;A3:7:45172746-45173163:45172697-45173163:-	A3	0.0	0.4575424575	False
ENSMUSG00000040481;A3:11:106927416-106931052:106926665-106931052:-	A3	-0.13004461364165532	0.1258741259	False
ENSMUSG00000040481;A3:11:106968624-106969346:106968594-106969346:-	A3	0.14423233674852398	0.1258741259	False
ENSMUSG00000040481;SE:11:106934651-106935318:106935491-106937826:-	SE	-0.13970127980599126	0.1258741259	False
ENSMUSG00000040481;SE:11:106952661-106952876:106953037-106953362:-	SE	0.045362916234517214	0.2277722278	False
ENSMUSG00000040481;SE:11:106973526-106977538:106977723-106986542:-	SE	-0.06901688818327255	0.2277722278	False
ENSMUSG00000040481;SE:11:106977723-106985828:106986016-106986542:-	SE	0.05908274770946631	0.2702297702	False
ENSMUSG00000040649;A3:6:122426951-122429513:122426874-122429513:-	A3	0.09877041005267428	0.2988677989	False
ENSMUSG00000040649;A5:6:122449722-122463050:122449722-122463309:-	A5	-0.010435217667464358	0.3481518482	False
ENSMUSG00000040649;AF:6:122449722-122463050:122463464:122449722-122475591:122475720:-	AF	-0.2958454272766416	0.0262237762	True
ENSMUSG00000040649;AF:6:122449722-122463309:122463398:122449722-122475591:122475720:-	AF	-0.2151982277879131	0.0262237762	True
ENSMUSG00000040649;SE:6:122441167-122449112:122449173-122449498:-	SE	0.007637025566065242	0.3481518482	False
ENSMUSG00000040681;SE:16:95928403-95928511:95928540-95928632:-	SE	0.20266565504126666	0.013986014	True
ENSMUSG00000040782;A3:1:159136534-159147294:159136534-159147318:+	A3	0.08073309470379864	0.3636363636	False
ENSMUSG00000040782;A5:1:159076848-159077593:159076836-159077593:+	A5	0.03154051265861235	0.3636363636	False
ENSMUSG00000040782;SE:1:159067191-159072159:159072256-159076772:+	SE	0.007075278265080587	0.4360639361	False
ENSMUSG00000040782;SE:1:159072256-159072370:159072410-159076772:+	SE	0.0010307531706053334	0.4360639361	False
ENSMUSG00000040850;AF:11:30721726:30722224-30741092:30722321:30722587-30741092:+	AF	-0.0007964921948768744	0.4475524476	False
ENSMUSG00000040850;SE:11:30815589-30816036:30816279-30824118:+	SE	0.008939684412680301	0.4475524476	False
ENSMUSG00000040865;A3:1:63132690-63132799:63132599-63132799:-	A3	-0.1957999846022962	0.1033966034	False
ENSMUSG00000040888;A3:17:24914424-24914805:24914391-24914805:-	A3	-0.12128581179706077	0.154045954	False
ENSMUSG00000040888;AF:17:24913416-24913765:24913960:24913416-24914228:24914680:-	AF	0.012982879006895334	0.3361638362	False
ENSMUSG00000040888;AF:17:24914424-24914805:24915067:24914424-24915336:24915503:-	AF	0.15739247361613615	0.154045954	False
ENSMUSG00000040888;AF:17:24914424-24914805:24915086:24914424-24915336:24915503:-	AF	-0.08571709892187701	0.154045954	False
ENSMUSG00000040888;AF:17:24914424-24914805:24915130:24914424-24915336:24915503:-	AF	0.11504086385333998	0.154045954	False
ENSMUSG00000040888;RI:17:24912164:24912586-24913142:24913416:-	RI	0.26020954255709694	0.1378621379	False
ENSMUSG00000041057;A3:17:71949828-71955768:71949828-71955772:+	A3	-0.025388855037711378	0.3061938062	False
ENSMUSG00000041057;SE:17:71949828-71950143:71950231-71955768:+	SE	0.0200639420850648	0.3061938062	False
ENSMUSG00000041147;A3:5:150491233-150492379:150491233-150492404:+	A3	0.015169136994196867	0.3186813187	False
ENSMUSG00000041147;A5:5:150446415-150446640:150446361-150446640:+	A5	0.013572286527555783	0.3186813187	False
ENSMUSG00000041147;A5:5:150446555-150446640:150446361-150446640:+	A5	-0.04252687721974238	0.3186813187	False
ENSMUSG00000041147;A5:5:150446555-150446640:150446415-150446640:+	A5	-0.05914136584924046	0.3186813187	False
ENSMUSG00000041235;A3:4:8855514-8856671:8855514-8856674:+	A3	-0.014970422500828362	0.3596403596	False
ENSMUSG00000041235;AF:4:8690406:8690775-8751324:8690921:8691067-8751324:+	AF	0.003254197792848537	0.3916083916	False
ENSMUSG00000041235;AF:4:8690406:8690775-8751324:8691365:8691434-8751324:+	AF	0.034821954396235824	0.3596403596	False
ENSMUSG00000041235;AF:4:8690406:8690775-8751324:8710340:8710558-8751324:+	AF	-0.2695044292272483	0.3216783217	False
ENSMUSG00000041235;AF:4:8690470:8690775-8751324:8690921:8691067-8751324:+	AF	-0.08618531538289181	0.3216783217	False
ENSMUSG00000041235;AF:4:8690470:8690775-8751324:8691365:8691434-8751324:+	AF	0.021699423698814224	0.3596403596	False
ENSMUSG00000041235;AF:4:8690470:8690775-8751324:8710340:8710558-8751324:+	AF	-0.10301195173789612	0.3216783217	False
ENSMUSG00000041235;AF:4:8690921:8691067-8751324:8691365:8691434-8751324:+	AF	0.104455690794655	0.3216783217	False
ENSMUSG00000041235;AF:4:8690921:8691067-8751324:8710340:8710558-8751324:+	AF	-0.05467243589496451	0.3596403596	False
ENSMUSG00000041235;AF:4:8691365:8691434-8751324:8710340:8710558-8751324:+	AF	-0.10787025988817422	0.3216783217	False
ENSMUSG00000041278;A5:11:43621434-43627242:43621434-43627246:-	A5	0.02862955043106441	0.2507492507	False
ENSMUSG00000041359;A5:12:105184551-105184918:105184551-105184967:-	A5	-0.03246982216056227	0.245004995	False
ENSMUSG00000041359;A5:12:105185088-105188767:105185088-105188792:-	A5	7.847376274845003e-05	0.4595404595	False
ENSMUSG00000041359;MX:12:105183960-105184482:105184551-105188792:105183960-105184918:105185088-105188792:-	MX	0.2943181587676167	0.0809190809	False
ENSMUSG00000041359;SE:12:105183960-105184482:105184551-105184918:-	SE	0.032685592194771296	0.245004995	False
ENSMUSG00000041359;SE:12:105184551-105184918:105185088-105188792:-	SE	0.019308613803697416	0.2565434565	False
ENSMUSG00000041359;SE:12:105184551-105184967:105185088-105188792:-	SE	0.28007537805165067	0.0809190809	False
ENSMUSG00000041408;A3:14:34414691-34416944:34414691-34416962:+	A3	0.01898083857931865	0.3791208791	False
ENSMUSG00000041408;A3:14:34459977-34461188:34459977-34461269:+	A3	0.016704754082358275	0.3791208791	False
ENSMUSG00000041408;SE:14:34459343-34459813:34459977-34461188:+	SE	0.0	0.4555444555	False
ENSMUSG00000041415;A3:12:104664113-104666624:104663403-104666624:-	A3	0.015776152248222333	0.3511488511	False
ENSMUSG00000041415;A5:12:104676119-104676884:104676119-104676943:-	A5	-0.04241841136660407	0.3409090909	False
ENSMUSG00000041415;SE:12:104658461-104658562:104658724-104660737:-	SE	-0.05152820992724649	0.3409090909	False
ENSMUSG00000041415;SE:12:104681165-104686876:104686977-104688230:-	SE	-0.009340153322705214	0.3511488511	False
ENSMUSG00000041415;SE:12:104698246-104704028:104704125-104705042:-	SE	-0.046189022248773526	0.3409090909	False
ENSMUSG00000041415;SE:12:104698246-104705042:104705107-104718007:-	SE	0.3270181964734051	0.1258741259	False
ENSMUSG00000041431;A5:13:100916293-100916530:100916293-100917284:-	A5	0.00764773344265375	0.3676323676	False
ENSMUSG00000041431;SE:13:100916293-100916530:100916640-100917284:-	SE	-0.07665577292514009	0.2457542458	False
ENSMUSG00000041431;SE:13:100918291-100919973:100920155-100921965:-	SE	0.004207557809387863	0.3676323676	False
ENSMUSG00000041498;A3:1:136404176-136406097:136404176-136406108:+	A3	0.0	0.452047952	False
ENSMUSG00000041498;A3:1:136415205-136417938:136415205-136417945:+	A3	0.008926244059505817	0.452047952	False
ENSMUSG00000041498;SE:1:136399312-136401123:136401210-136404078:+	SE	-0.020881461436037474	0.452047952	False
ENSMUSG00000041498;SE:1:136404176-136406097:136406149-136406882:+	SE	0.0	0.452047952	False
ENSMUSG00000041570;A3:1:136202638-136204276:136202611-136204276:-	A3	0.04919161019897366	0.2402597403	False
ENSMUSG00000041570;SE:1:136221159-136225022:136225054-136225480:-	SE	0.0290150078604251	0.2402597403	False
ENSMUSG00000041645;A3:12:103374736-103376187:103374528-103376187:-	A3	-0.09314799918050187	0.2022977023	False
ENSMUSG00000041645;A3:12:103390845-103391846:103390730-103391846:-	A3	0.17392837050227217	0.2022977023	False
ENSMUSG00000041645;A5:12:103390856-103391785:103390856-103392038:-	A5	-0.011460057252013378	0.3626373626	False
ENSMUSG00000041685;A3:13:98890605-98891588:98890356-98891588:-	A3	0.4928062756225169	0.1708291708	False
ENSMUSG00000041685;SE:13:98892133-98892249:98892360-98899340:-	SE	-0.012680317754250032	0.3746253746	False
ENSMUSG00000041685;SE:13:98926381-98932801:98932875-98942814:-	SE	0.005932968881000145	0.3746253746	False
ENSMUSG00000041718;A3:X:143101117-143102895:143101117-143102999:+	A3	-0.07386913780472681	0.3951048951	False
ENSMUSG00000041718;A5:X:143103057-143105008:143102998-143105008:+	A5	-0.0022152965472407304	0.3951048951	False
ENSMUSG00000041718;A5:X:143105146-143119108:143105054-143119108:+	A5	0.054467418908232035	0.3951048951	False
ENSMUSG00000041718;MX:X:143101117-143102895:143102998-143105008:143101117-143102999:143103057-143105008:+	MX	0.0057818371643366005	0.3951048951	False
ENSMUSG00000041718;SE:X:143101117-143102509:143102660-143102999:+	SE	0.033064741814175354	0.3951048951	False
ENSMUSG00000041718;SE:X:143105146-143106351:143106523-143107012:+	SE	-0.08754377165541621	0.3951048951	False
ENSMUSG00000041718;SE:X:143136624-143138580:143138648-143139792:+	SE	-0.013307599689308947	0.3951048951	False
ENSMUSG00000041718;SE:X:143139957-143146861:143147103-143150895:+	SE	0.021708821040772652	0.3951048951	False
ENSMUSG00000041718;SE:X:143147103-143147932:143147971-143150895:+	SE	-0.08864887936089735	0.3951048951	False
ENSMUSG00000041740;A3:5:115380120-115380452:115380117-115380452:-	A3	-0.09258531875978726	0.4420579421	False
ENSMUSG00000041740;A3:5:115386774-115386974:115386768-115386974:-	A3	0.0	0.4485514486	False
ENSMUSG00000041740;A3:5:115387232-115387456:115387229-115387456:-	A3	-0.003290005700402764	0.4485514486	False
ENSMUSG00000041740;SE:5:115380750-115382080:115382180-115383908:-	SE	0.007637919498416856	0.4485514486	False
ENSMUSG00000041740;SE:5:115395232-115397553:115397605-115398178:-	SE	0.004590234642039316	0.4485514486	False
ENSMUSG00000041837;AL:9:65264087-65264640:65264718:65264087-65265876:65265960:+	AL	0.0	0.4490509491	False
ENSMUSG00000041837;AL:9:65264087-65264640:65264718:65264087-65265876:65266925:+	AL	-0.04228433442343704	0.3406593407	False
ENSMUSG00000041852;AF:15:82741485-82783703:82784012:82741485-82796187:82796308:-	AF	-0.025035413840698628	0.4460539461	False
ENSMUSG00000041852;AF:15:82741485-82783703:82784012:82741485-82796187:82796335:-	AF	0.004453969801937185	0.4460539461	False
ENSMUSG00000041852;AF:15:82741485-82783703:82784012:82741485-82847622:82847759:-	AF	-0.12111612790677928	0.4460539461	False
ENSMUSG00000041852;AF:15:82741485-82783703:82784012:82741485-82871817:82872073:-	AF	0.0	0.4460539461	False
ENSMUSG00000041852;AF:15:82741485-82796187:82796308:82741485-82847622:82847759:-	AF	-0.08828883381742991	0.4460539461	False
ENSMUSG00000041852;AF:15:82741485-82796187:82796308:82741485-82871817:82872073:-	AF	0.0	0.4460539461	False
ENSMUSG00000041852;AF:15:82741485-82796187:82796335:82741485-82847622:82847759:-	AF	-0.05303336782710677	0.4460539461	False
ENSMUSG00000041852;AF:15:82741485-82796187:82796335:82741485-82871817:82872073:-	AF	0.0	0.4460539461	False
ENSMUSG00000041852;AF:15:82741485-82847622:82847759:82741485-82871817:82872073:-	AF	0.0	0.4460539461	False
ENSMUSG00000041852;SE:15:82693988-82698682:82698804-82699812:-	SE	0.027734025465464662	0.4460539461	False
ENSMUSG00000041857;SE:19:11645780-11664699:11664796-11666031:-	SE	0.03700906861715658	0.1713286713	False
ENSMUSG00000041857;SE:19:11645780-11666031:11666212-11668306:-	SE	-0.040004718769313	0.1713286713	False
ENSMUSG00000041995;AF:13:95460120:95460278-95472564:95461745:95461852-95472564:+	AF	-0.003283828068839978	0.3716283716	False
ENSMUSG00000041995;AF:13:95460120:95460278-95472564:95463275:95463452-95472564:+	AF	-0.00944787420333737	0.3716283716	False
ENSMUSG00000041995;AF:13:95461745:95461852-95472564:95463275:95463452-95472564:+	AF	-0.13391851033956748	0.2442557443	False
ENSMUSG00000042032;A3:11:40576168-40578428:40576140-40578428:-	A3	0.01698621062425887	0.3851148851	False
ENSMUSG00000042032;AF:11:40578622-40583305:40583448:40578622-40585630:40585814:-	AF	-0.011440738990132648	0.3851148851	False
ENSMUSG00000042032;AF:11:40578622-40583305:40583448:40578622-40585630:40586030:-	AF	-0.04112294155580465	0.3851148851	False
ENSMUSG00000042032;AF:11:40578622-40583305:40583455:40578622-40585630:40586030:-	AF	0.00871028982073475	0.3851148851	False
ENSMUSG00000042032;AF:11:40578622-40583305:40583601:40578622-40585630:40585814:-	AF	-0.0044603691725030314	0.3851148851	False
ENSMUSG00000042032;AF:11:40578622-40583305:40583601:40578622-40585630:40586030:-	AF	-0.01869267350945447	0.3851148851	False
ENSMUSG00000042079;AF:6:117877285:117877467-117894431:117883756:117883800-117894431:+	AF	0.06131127646810794	0.3480610299	False
ENSMUSG00000042079;AF:6:117877285:117877467-117894431:117883788:117883800-117894431:+	AF	0.23390597741806118	0.3480610299	False
ENSMUSG00000042079;AF:6:117877285:117877467-117894431:117883810:117884169-117894431:+	AF	-0.02675086480488137	0.4033466533	False
ENSMUSG00000042079;AF:6:117877285:117877467-117894431:117893942:117894032-117894431:+	AF	0.010972284690250154	0.4051717513	False
ENSMUSG00000042079;AF:6:117877301:117877467-117894431:117883756:117883800-117894431:+	AF	0.06071404861916703	0.3480610299	False
ENSMUSG00000042079;AF:6:117877301:117877467-117894431:117883810:117884169-117894431:+	AF	0.10074332923454274	0.3480610299	False
ENSMUSG00000042079;AF:6:117877301:117877467-117894431:117893942:117894032-117894431:+	AF	0.02962103762819662	0.3480610299	False
ENSMUSG00000042079;AF:6:117883756:117883800-117894431:117883810:117884169-117894431:+	AF	-0.28880286918790266	0.3371628372	False
ENSMUSG00000042079;AF:6:117883756:117883800-117894431:117893942:117894032-117894431:+	AF	-0.1448893975240317	0.3371628372	False
ENSMUSG00000042079;AF:6:117883788:117883800-117894431:117883810:117884169-117894431:+	AF	-0.15204357800612348	0.3480610299	False
ENSMUSG00000042079;AF:6:117883788:117883800-117894431:117893942:117894032-117894431:+	AF	-0.0028397091663624006	0.4340659341	False
ENSMUSG00000042079;AF:6:117883810:117884169-117894431:117893942:117894032-117894431:+	AF	0.09959255674778449	0.3480610299	False
ENSMUSG00000042079;SE:6:117883800-117884110:117884169-117894431:+	SE	0.06795223540929674	0.3480610299	False
ENSMUSG00000042079;SE:6:117894559-117896060:117896120-117900669:+	SE	-0.06399411200324112	0.3480610299	False
ENSMUSG00000042079;SE:6:117896120-117896252:117896326-117900669:+	SE	0.0010348792708481831	0.4340659341	False
ENSMUSG00000042133;A3:2:69562798-69563162:69562798-69563226:+	A3	0.0006551574847304398	0.4450549451	False
ENSMUSG00000042133;A3:2:69576459-69579305:69576459-69579325:+	A3	0.01093992369754554	0.391751106	False
ENSMUSG00000042133;AF:2:69553149:69553301-69562090:69553437:69553707-69562090:+	AF	0.045114398213684126	0.391751106	False
ENSMUSG00000042133;AF:2:69553198:69553301-69562090:69553437:69553707-69562090:+	AF	-0.012304584974067542	0.3967282717	False
ENSMUSG00000042133;AF:2:69553247:69553301-69561835:69553670:69553707-69561835:+	AF	0.24224275516027383	0.391751106	False
ENSMUSG00000042133;AF:2:69553247:69553301-69561835:69559536:69559636-69561835:+	AF	0.08715955754027666	0.391751106	False
ENSMUSG00000042133;AF:2:69553670:69553707-69561835:69559536:69559636-69561835:+	AF	0.039611323829088246	0.391751106	False
ENSMUSG00000042133;SE:2:69553301-69561835:69561924-69562090:+	SE	0.04292040174219902	0.391751106	False
ENSMUSG00000042133;SE:2:69553707-69561835:69561924-69562090:+	SE	0.03232994093418162	0.391751106	False
ENSMUSG00000042203;A5:17:29790768-29791944:29790709-29791944:+	A5	0.0	0.4420579421	False
ENSMUSG00000042390;A3:3:90258881-90259121:90258881-90259124:+	A3	0.011676304811081506	0.4420579421	False
ENSMUSG00000042390;A5:3:90258881-90259121:90258833-90259121:+	A5	-0.0006398653841017676	0.4420579421	False
ENSMUSG00000042390;AF:3:90200485:90200731-90248963:90201390:90201650-90248963:+	AF	0.03335078689723314	0.4420579421	False
ENSMUSG00000042390;AF:3:90200668:90200731-90248963:90201390:90201650-90248963:+	AF	0.0288331697404519	0.4420579421	False
ENSMUSG00000042390;RI:3:90261615:90261817-90262982:90263092:+	RI	0.005496569812036651	0.4420579421	False
ENSMUSG00000042390;SE:3:90200731-90231349:90231401-90248963:+	SE	0.20456176544882423	0.2247752248	False
ENSMUSG00000042423;A3:7:127088422-127088560:127088422-127088626:+	A3	-0.0012315165698890684	0.4235764236	False
ENSMUSG00000042423;A5:7:127086070-127086437:127086061-127086437:+	A5	-0.0059555169813201	0.4235764236	False
ENSMUSG00000042520;A3:3:89909783-89910552:89909780-89910552:-	A3	-0.05022020902294888	0.3409090909	False
ENSMUSG00000042520;A5:3:89935684-89938603:89935684-89938618:-	A5	-0.0432135839946563	0.3541619671	False
ENSMUSG00000042520;A5:3:89945772-89946122:89945772-89946155:-	A5	0.1836443576034426	0.2542911634	False
ENSMUSG00000042520;A5:3:89955206-89959336:89955206-89959697:-	A5	0.009557309099187866	0.3604483752	False
ENSMUSG00000042520;A5:3:89955206-89959697:89955206-89959762:-	A5	-0.0831940479654738	0.264294529	False
ENSMUSG00000042520;AF:3:89955206-89959336:89959389:89955206-89959612:89959638:-	AF	0.12276823829073924	0.2972027972	False
ENSMUSG00000042520;AF:3:89955206-89959336:89959389:89955206-89959697:89959759:-	AF	-0.03060568676265263	0.3541619671	False
ENSMUSG00000042520;AF:3:89955206-89959336:89959389:89955206-89959697:89959762:-	AF	0.18277855388794106	0.2542911634	False
ENSMUSG00000042520;AF:3:89955206-89959336:89959389:89955206-89959697:89959772:-	AF	0.1688480672884073	0.2589597902	False
ENSMUSG00000042520;AF:3:89955206-89959336:89959389:89955206-89959697:89959779:-	AF	0.0	0.3791208791	False
ENSMUSG00000042520;AF:3:89955206-89959336:89959389:89955206-89959697:89959782:-	AF	0.15296967356537527	0.2542911634	False
ENSMUSG00000042520;AF:3:89955206-89959336:89959389:89955206-89959762:89959769:-	AF	0.41968102104299965	0.2542911634	False
ENSMUSG00000042520;AF:3:89955206-89959336:89959389:89955206-89959762:89959809:-	AF	-0.018269753815045475	0.3600305944	False
ENSMUSG00000042520;AF:3:89955206-89959336:89959389:89955206-89959762:89959822:-	AF	-0.021635558184804726	0.3541619671	False
ENSMUSG00000042520;AF:3:89955206-89959336:89959389:89955206-89959891:89959935:-	AF	0.32873709876016777	0.2542911634	False
ENSMUSG00000042520;AF:3:89955206-89959336:89959745:89955206-89959762:89959822:-	AF	0.013835349078922166	0.3604483752	False
ENSMUSG00000042520;AF:3:89955206-89959336:89959745:89955206-89959891:89959935:-	AF	0.6723419166284685	0.2542911634	False
ENSMUSG00000042520;AF:3:89955206-89959612:89959638:89955206-89959697:89959762:-	AF	-0.027886842053796313	0.3541619671	False
ENSMUSG00000042520;AF:3:89955206-89959612:89959638:89955206-89959697:89959772:-	AF	-0.07871513428128671	0.3541619671	False
ENSMUSG00000042520;AF:3:89955206-89959612:89959638:89955206-89959697:89959782:-	AF	-0.03082936558840172	0.3541619671	False
ENSMUSG00000042520;AF:3:89955206-89959612:89959638:89955206-89959762:89959809:-	AF	-0.4999995943947326	0.2589597902	False
ENSMUSG00000042520;AF:3:89955206-89959612:89959638:89955206-89959762:89959822:-	AF	-0.024874335002161595	0.3541619671	False
ENSMUSG00000042520;AF:3:89955206-89959697:89959759:89955206-89959762:89959822:-	AF	0.030233924316671698	0.3541619671	False
ENSMUSG00000042520;AF:3:89955206-89959697:89959762:89955206-89959891:89959935:-	AF	0.14739402312124328	0.2589597902	False
ENSMUSG00000042520;AF:3:89955206-89959697:89959772:89955206-89959891:89959935:-	AF	0.1743887577954636	0.2589597902	False
ENSMUSG00000042520;AF:3:89955206-89959697:89959782:89955206-89959891:89959935:-	AF	0.17089027412371838	0.2542911634	False
ENSMUSG00000042520;AF:3:89955206-89959762:89959809:89955206-89959891:89959935:-	AF	0.5020180124705589	0.2542911634	False
ENSMUSG00000042520;AF:3:89955206-89959762:89959822:89955206-89959891:89959935:-	AF	0.17742263026168237	0.2542911634	False
ENSMUSG00000042520;AL:3:89907447:89907560-89909125:89908120:89908298-89909125:-	AL	0.17146176060253532	0.2542911634	False
ENSMUSG00000042520;AL:3:89907447:89907560-89909586:89907595:89908298-89909586:-	AL	-0.04040271599621564	0.3541619671	False
ENSMUSG00000042520;AL:3:89907447:89907560-89909586:89907600:89908298-89909586:-	AL	0.24337495142597387	0.2542911634	False
ENSMUSG00000042520;SE:3:89907560-89909125:89909175-89909586:-	SE	0.03888028897525936	0.3541619671	False
ENSMUSG00000042520;SE:3:89908298-89909125:89909175-89909586:-	SE	-0.10624861781967992	0.2589597902	False
ENSMUSG00000042520;SE:3:89935684-89938603:89938677-89941372:-	SE	0.0287224421026554	0.3541619671	False
ENSMUSG00000042520;SE:3:89935684-89938618:89938677-89941372:-	SE	0.04864611895966209	0.3409090909	False
ENSMUSG00000042548;AF:2:153187749:153188310-153194109:153189723:153189959-153194109:+	AF	-0.4809000272924435	0.1068931069	False
ENSMUSG00000042548;AF:2:153187765:153188310-153194109:153189723:153189959-153194109:+	AF	-0.16068329879615417	0.1068931069	False
ENSMUSG00000042548;RI:2:153235269:153235421-153235544:153235707:+	RI	0.02582793443537046	0.3211788212	False
ENSMUSG00000042548;SE:2:153194191-153196570:153196572-153198990:+	SE	-0.015145109471316753	0.3211788212	False
ENSMUSG00000042557;A5:9:57025455-57026377:57025446-57026377:+	A5	0.04342365603201454	0.372960373	False
ENSMUSG00000042557;AF:9:56979324:56979347-56993865:56983683:56983914-56993865:+	AF	-0.292852202879461	0.1558441558	False
ENSMUSG00000042557;AF:9:56979324:56979347-56993865:56988442:56988486-56993865:+	AF	0.0	0.3916083916	False
ENSMUSG00000042557;AF:9:56982622:56982629-56988379:56983660:56983914-56988379:+	AF	-0.08749214130044092	0.372960373	False
ENSMUSG00000042557;AF:9:56982622:56982629-56988379:56983912:56983914-56988379:+	AF	-0.02346727493658618	0.3916083916	False
ENSMUSG00000042557;AF:9:56983683:56983914-56993865:56988442:56988486-56993865:+	AF	0.0	0.3916083916	False
ENSMUSG00000042557;SE:9:56983914-56988379:56988486-56993865:+	SE	-0.031809487197109854	0.3916083916	False
ENSMUSG00000042557;SE:9:56994085-56996662:56996838-57001721:+	SE	-0.005251080053253143	0.3916083916	False
ENSMUSG00000042570;A3:10:79384743-79385018:79384737-79385018:-	A3	-0.14619505643931996	0.2532467532	False
ENSMUSG00000042570;A3:10:79385687-79386150:79385513-79386150:-	A3	0.03057033011453253	0.352980353	False
ENSMUSG00000042570;A5:10:79386240-79390745:79386240-79390908:-	A5	-0.03207975580348443	0.352980353	False
ENSMUSG00000042570;AF:10:79386240-79390380:79390439:79386240-79390745:79390911:-	AF	0.10783685693491529	0.333095476	False
ENSMUSG00000042570;AF:10:79386240-79390380:79390439:79386240-79390908:79390925:-	AF	-0.2948582358742805	0.2532467532	False
ENSMUSG00000042570;AF:10:79386240-79390380:79390439:79386240-79390908:79390948:-	AF	-0.3005735170298161	0.2532467532	False
ENSMUSG00000042570;AF:10:79386240-79390380:79390439:79386240-79390908:79391033:-	AF	-0.08963407099209844	0.2567432567	False
ENSMUSG00000042570;AF:10:79386240-79390380:79390718:79386240-79390745:79390911:-	AF	-0.017774173438311114	0.3764235764	False
ENSMUSG00000042570;AF:10:79386240-79390380:79390718:79386240-79390908:79390948:-	AF	-0.18275015534335645	0.2567432567	False
ENSMUSG00000042570;AF:10:79386240-79390380:79390718:79386240-79390908:79391033:-	AF	0.0037126660604765577	0.3941058941	False
ENSMUSG00000042570;AL:10:79384636:79384737-79385018:79384740:79384743-79385018:-	AL	0.0	0.3941058941	False
ENSMUSG00000042570;SE:10:79385513-79386150:79386240-79390908:-	SE	0.14069616214019276	0.2532467532	False
ENSMUSG00000042605;A3:5:121935438-121935784:121935438-121935788:+	A3	0.006123099385264133	0.4295704296	False
ENSMUSG00000042605;A3:5:121949059-121949448:121949059-121949527:+	A3	0.0	0.4295704296	False
ENSMUSG00000042605;A3:5:121949675-121952401:121949675-121952656:+	A3	0.0	0.4295704296	False
ENSMUSG00000042605;A5:5:121935854-121940144:121935848-121940144:+	A5	-0.12922240616488923	0.222977023	False
ENSMUSG00000042605;AF:5:121849400:121849586-121883786:121849672:121850339-121883786:+	AF	0.0	0.4295704296	False
ENSMUSG00000042605;AF:5:121849400:121849586-121883786:121849923:121850339-121883786:+	AF	0.0	0.4295704296	False
ENSMUSG00000042605;AF:5:121849672:121850339-121883786:121851032:121851087-121883786:+	AF	-0.3725269584674278	0.222977023	False
ENSMUSG00000042605;AF:5:121849923:121850339-121883786:121851032:121851087-121883786:+	AF	-0.1499722322023197	0.222977023	False
ENSMUSG00000042605;AL:5:121949675-121951448:121951518:121949675-121952401:121953012:+	AL	0.0	0.4295704296	False
ENSMUSG00000042605;SE:5:121917659-121919396:121919605-121921920:+	SE	-0.005410435744385822	0.4295704296	False
ENSMUSG00000042605;SE:5:121941143-121944285:121944338-121948914:+	SE	-0.18533017714209252	0.222977023	False
ENSMUSG00000042605;SE:5:121949675-121951448:121951616-121952401:+	SE	0.12093499903063915	0.222977023	False
ENSMUSG00000042606;RI:7:126461772:126461892-126461990:126462098:+	RI	0.02371140045132991	0.2727272727	False
ENSMUSG00000042650;AF:11:60427207:60427463-60438514:60428804:60430021-60438514:+	AF	-0.11394976370784715	0.0809190809	False
ENSMUSG00000042688;A5:9:75306033-75317137:75306033-75317145:-	A5	0.017126172309444604	0.3486513487	False
ENSMUSG00000042688;AF:9:75306033-75316484:75316641:75306033-75317137:75317267:-	AF	0.030179003128931847	0.3486513487	False
ENSMUSG00000042688;AF:9:75306033-75316484:75316641:75306033-75317145:75317278:-	AF	-0.014488949246893923	0.3486513487	False
ENSMUSG00000042688;AF:9:75306033-75316484:75316641:75306033-75317145:75317287:-	AF	0.0468928060011312	0.3486513487	False
ENSMUSG00000042688;AF:9:75306033-75316484:75316865:75306033-75317137:75317267:-	AF	0.04364159258160394	0.3486513487	False
ENSMUSG00000042688;AF:9:75306033-75316484:75316865:75306033-75317145:75317278:-	AF	-0.02085430684119849	0.3486513487	False
ENSMUSG00000042688;AF:9:75306033-75316484:75316865:75306033-75317145:75317287:-	AF	0.058313628941715545	0.3486513487	False
ENSMUSG00000042790;A5:9:45809789-45811044:45809789-45811509:-	A5	0.03921374900159602	0.3931068931	False
ENSMUSG00000042790;A5:9:45811554-45816068:45811554-45816104:-	A5	0.0150879270463948	0.3931068931	False
ENSMUSG00000042790;A5:9:45816217-45817650:45816217-45818036:-	A5	0.05330704480110262	0.3931068931	False
ENSMUSG00000042790;AF:9:45816217-45817650:45817671:45816217-45818036:45818167:-	AF	0.12689499332315715	0.3931068931	False
ENSMUSG00000042790;AF:9:45816217-45817650:45817671:45816217-45818036:45818209:-	AF	0.027749970459544936	0.3931068931	False
ENSMUSG00000042790;AF:9:45816217-45817650:45817685:45816217-45818036:45818159:-	AF	-0.013225929304592987	0.3931068931	False
ENSMUSG00000042790;AF:9:45816217-45817650:45817685:45816217-45818036:45818167:-	AF	0.03690799652706278	0.3931068931	False
ENSMUSG00000042790;AF:9:45816217-45817650:45817685:45816217-45818036:45818209:-	AF	0.053755959175273205	0.3931068931	False
ENSMUSG00000042790;AF:9:45816217-45817650:45817689:45816217-45818036:45818167:-	AF	0.0	0.3931068931	False
ENSMUSG00000042790;AF:9:45816217-45817650:45817689:45816217-45818036:45818209:-	AF	0.0	0.3931068931	False
ENSMUSG00000042790;AF:9:45816217-45817650:45817705:45816217-45818036:45818167:-	AF	-0.0867789494582665	0.3931068931	False
ENSMUSG00000042790;AF:9:45816217-45817650:45817705:45816217-45818036:45818209:-	AF	-0.019265246834857502	0.3931068931	False
ENSMUSG00000042790;AF:9:45816217-45817650:45817801:45816217-45818036:45818167:-	AF	0.0	0.3931068931	False
ENSMUSG00000042790;AF:9:45816217-45817650:45817801:45816217-45818036:45818209:-	AF	0.0	0.3931068931	False
ENSMUSG00000042790;RI:9:45777864:45777959-45778798:45778930:-	RI	0.02591649624618405	0.3931068931	False
ENSMUSG00000042790;SE:9:45777959-45778245:45778349-45778798:-	SE	-0.021377596497083096	0.3931068931	False
ENSMUSG00000042790;SE:9:45809789-45811044:45811554-45816104:-	SE	-0.030040498565706786	0.3931068931	False
ENSMUSG00000042790;SE:9:45809789-45811509:45811554-45816104:-	SE	-0.048654928342046225	0.3931068931	False
ENSMUSG00000043323;A3:5:110526363-110526760:110526121-110526760:-	A3	-0.08703962636149362	0.2737262737	False
ENSMUSG00000043323;SE:5:110522385-110523873:110523944-110524119:-	SE	0.17905603643916723	0.2737262737	False
ENSMUSG00000043323;SE:5:110526121-110526295:110526363-110526760:-	SE	0.07798968209449747	0.2737262737	False
ENSMUSG00000043411;A3:4:137341172-137343024:137341172-137343027:+	A3	0.026408074918136237	0.3236763237	False
ENSMUSG00000043411;A3:4:137350699-137352468:137350699-137352471:+	A3	0.05782044540781392	0.3076923077	False
ENSMUSG00000043411;A3:4:137362319-137365071:137362319-137365076:+	A3	0.23588885306311047	0.3076923077	False
ENSMUSG00000043411;A3:4:137380317-137382404:137380317-137382534:+	A3	-0.03468260781108457	0.3236763237	False
ENSMUSG00000043411;A3:4:137380317-137382470:137380317-137382534:+	A3	0.020114051432949615	0.3236763237	False
ENSMUSG00000043411;A5:4:137350826-137352471:137350699-137352471:+	A5	0.06720608037180743	0.3076923077	False
ENSMUSG00000043411;AL:4:137377729-137379848:137380151:137377729-137380269:137380317:+	AL	0.11395292024765909	0.3076923077	False
ENSMUSG00000043411;SE:4:137362319-137364245:137364298-137365071:+	SE	-0.08091887546893117	0.3076923077	False
ENSMUSG00000043535;SE:2:29063733-29064331:29064495-29066889:+	SE	-0.005018673194444975	0.3906093906	False
ENSMUSG00000043733;A3:5:121282759-121287166:121282747-121287166:-	A3	0.08964729875739236	0.1908091908	False
ENSMUSG00000043733;RI:5:121290538:121290617-121292493:121292589:-	RI	0.009082676400870734	0.3431568432	False
ENSMUSG00000043866;RI:7:105392433:105392547-105392635:105392699:-	RI	-0.05686657092638786	0.1478521479	False
ENSMUSG00000043909;A3:2:121033239-121034814:121033233-121034814:-	A3	-0.03681494319123646	0.289044289	False
ENSMUSG00000043909;AF:2:121041903-121042281:121042456:121041903-121051639:121051722:-	AF	-0.03668384083995235	0.2931683701	False
ENSMUSG00000043909;AF:2:121046652-121048867:121048917:121046652-121051639:121051713:-	AF	-0.19942709732246444	0.2253302253	False
ENSMUSG00000043909;AF:2:121046652-121048867:121048917:121046652-121051639:121051860:-	AF	-0.1431687838125123	0.2253302253	False
ENSMUSG00000043909;AL:2:121023762:121024066-121029457:121025319:121029088-121029457:-	AL	-0.18594618675574925	0.2253302253	False
ENSMUSG00000043909;AL:2:121023762:121024066-121029457:121028732:121029088-121029457:-	AL	-0.18994846308134633	0.2253302253	False
ENSMUSG00000043909;SE:2:121033239-121033874:121033933-121034814:-	SE	-0.0821990633757323	0.2253302253	False
ENSMUSG00000043909;SE:2:121038610-121038836:121038985-121039562:-	SE	-0.0799905766287835	0.2314685315	False
ENSMUSG00000043909;SE:2:121041903-121046148:121046652-121051639:-	SE	0.08916379250739881	0.2253302253	False
ENSMUSG00000043909;SE:2:121058329-121058503:121058643-121059069:-	SE	-0.12314164032999364	0.2253302253	False
ENSMUSG00000043909;SE:2:121058329-121059069:121059188-121066054:-	SE	-0.29745330202382725	0.2253302253	False
ENSMUSG00000043909;SE:2:121078771-121081458:121081595-121082349:-	SE	-0.11790983677955551	0.2701843611	False
ENSMUSG00000043909;SE:2:121100469-121100700:121100790-121101005:-	SE	-0.03145376065663985	0.3151848152	False
ENSMUSG00000043962;A5:4:126070149-126071655:126070149-126072168:-	A5	0.1424987707981097	0.3102160997	False
ENSMUSG00000043962;AF:4:126080381-126088110:126088184:126080381-126095916:126096183:-	AF	0.478073417161365	0.3102160997	False
ENSMUSG00000043962;AF:4:126080381-126088110:126088184:126080381-126096363:126096405:-	AF	0.3916735303112851	0.3102160997	False
ENSMUSG00000043962;AF:4:126080381-126088110:126088184:126080381-126096363:126096553:-	AF	0.0423368165294643	0.3102160997	False
ENSMUSG00000043962;AF:4:126080381-126094739:126094910:126080381-126095916:126096183:-	AF	-0.21048104599032236	0.3102160997	False
ENSMUSG00000043962;AF:4:126080381-126094739:126094910:126080381-126096363:126096405:-	AF	-0.3838780508217977	0.3102160997	False
ENSMUSG00000043962;AF:4:126080381-126094739:126094910:126080381-126096363:126096553:-	AF	-0.0188217772814363	0.3102160997	False
ENSMUSG00000043962;AF:4:126080381-126095596:126096169:126080381-126096363:126096553:-	AF	0.019888415912337	0.3102160997	False
ENSMUSG00000043962;AF:4:126080381-126095916:126096183:126080381-126096363:126096405:-	AF	-0.11168654445234766	0.3102160997	False
ENSMUSG00000043962;AF:4:126080381-126095916:126096183:126080381-126096363:126096416:-	AF	-0.14598625337284965	0.3102160997	False
ENSMUSG00000043962;AF:4:126080381-126095916:126096183:126080381-126096363:126096553:-	AF	0.00889879365713557	0.3526473526	False
ENSMUSG00000043962;SE:4:126065674-126066930:126067122-126067237:-	SE	0.057237631336421034	0.3102160997	False
ENSMUSG00000043962;SE:4:126074607-126078724:126078935-126080228:-	SE	0.035243791335702865	0.3102160997	False
ENSMUSG00000043962;SE:4:126080381-126088110:126088197-126096363:-	SE	-0.028291848430580337	0.3102160997	False
ENSMUSG00000043962;SE:4:126088197-126094739:126094800-126096363:-	SE	0.09519513225005848	0.3102160997	False
ENSMUSG00000043962;SE:4:126088197-126095315:126095421-126096363:-	SE	-0.05357301604990543	0.3102160997	False
ENSMUSG00000044221;A5:5:88821708-88823354:88821708-88823405:-	A5	-0.01706250684340588	0.4195804196	False
ENSMUSG00000044221;AF:5:88821708-88822880:88823058:88821708-88823405:88823529:-	AF	0.0	0.4195804196	False
ENSMUSG00000044221;AF:5:88821708-88822880:88823058:88821708-88823617:88824030:-	AF	0.0	0.4195804196	False
ENSMUSG00000044221;AF:5:88821708-88822952:88823101:88821708-88823405:88823529:-	AF	-0.0026949540065727834	0.4195804196	False
ENSMUSG00000044221;AF:5:88821708-88822952:88823101:88821708-88823617:88824030:-	AF	0.01139961142311173	0.4195804196	False
ENSMUSG00000044221;AF:5:88821708-88822979:88823051:88821708-88823354:88823525:-	AF	-0.30594300000265884	0.1717032967	False
ENSMUSG00000044221;AF:5:88821708-88822979:88823051:88821708-88823405:88823529:-	AF	-0.28530780158297353	0.1346153846	False
ENSMUSG00000044221;AF:5:88821708-88822979:88823051:88821708-88823617:88824030:-	AF	-0.191873664984198	0.1346153846	False
ENSMUSG00000044221;AF:5:88821708-88823354:88823525:88821708-88823617:88824030:-	AF	-0.010619484263855332	0.4195804196	False
ENSMUSG00000044221;AF:5:88821708-88823405:88823529:88821708-88823617:88824030:-	AF	0.02386187340846746	0.4195804196	False
ENSMUSG00000044783;A5:1:88195748-88202750:88195748-88202764:-	A5	-0.10980816724044151	0.2327672328	False
ENSMUSG00000044783;SE:1:88194380-88195670:88195748-88197043:-	SE	0.0049258645541838675	0.3931068931	False
ENSMUSG00000045128;A3:8:71348353-71348560:71348151-71348560:-	A3	-0.053746013541285734	0.375	False
ENSMUSG00000045128;A3:8:71348956-71350003:71348824-71350003:-	A3	0.0	0.4460539461	False
ENSMUSG00000045128;A5:8:71348151-71348244:71348151-71348560:-	A5	0.013567978403188408	0.4014167651	False
ENSMUSG00000045128;A5:8:71348689-71348777:71348689-71348790:-	A5	0.03484691774452653	0.3283858998	False
ENSMUSG00000045128;A5:8:71348956-71349977:71348956-71350003:-	A5	-0.07484493733485167	0.2766233766	False
ENSMUSG00000045128;AF:8:71348956-71349773:71349927:71348956-71349977:71350039:-	AF	0.26142124270641987	0.1536796537	False
ENSMUSG00000045128;AF:8:71348956-71349773:71349927:71348956-71350003:71350040:-	AF	0.029480142512269825	0.4006493506	False
ENSMUSG00000045128;AF:8:71348956-71349773:71349927:71348956-71350003:71350042:-	AF	0.10105777913695135	0.2766233766	False
ENSMUSG00000045128;AF:8:71348956-71349773:71349927:71348956-71350003:71350044:-	AF	0.16226149863257122	0.1536796537	False
ENSMUSG00000045128;AF:8:71348956-71349773:71349927:71348956-71350003:71350056:-	AF	0.19183527963823976	0.1536796537	False
ENSMUSG00000045128;RI:8:71348023:71348151-71348244:71348353:-	RI	-0.015672861277520902	0.4006493506	False
ENSMUSG00000045128;RI:8:71348244:71348353-71348560:71348689:-	RI	-0.0052507812832794515	0.4188311688	False
ENSMUSG00000045128;SE:8:71348151-71348244:71348353-71348560:-	SE	0.038952152365451354	0.3283858998	False
ENSMUSG00000045291;A3:6:136378903-136392325:136378884-136392325:-	A3	0.01725582531944716	0.2422577423	False
ENSMUSG00000045328;SE:3:134948114-134948238:134948393-134949361:+	SE	-0.0009301293096255492	0.4365634366	False
ENSMUSG00000045636;A5:8:41468491-41469568:41468491-41469723:-	A5	-0.009598653741356156	0.4242424242	False
ENSMUSG00000045636;A5:8:41537877-41586518:41537877-41586698:-	A5	-0.01090485558882437	0.4242424242	False
ENSMUSG00000045636;AF:8:41468491-41469238:41469357:41468491-41469723:41469792:-	AF	0.0	0.4242424242	False
ENSMUSG00000045636;AF:8:41537877-41567577:41567704:41537877-41586518:41586763:-	AF	-0.011073821277486906	0.4242424242	False
ENSMUSG00000045636;AF:8:41537877-41567577:41567704:41537877-41586698:41586755:-	AF	-0.026802937689437895	0.4242424242	False
ENSMUSG00000045636;SE:8:41455556-41461782:41461906-41468425:-	SE	-0.0012396389605867676	0.4285714286	False
ENSMUSG00000045636;SE:8:41503153-41509572:41509721-41529269:-	SE	0.01679558710887566	0.4242424242	False
ENSMUSG00000045962;A3:6:119921761-119923198:119921745-119923198:-	A3	0.024939635146894873	0.4279357007	False
ENSMUSG00000045962;A3:6:119931193-119933032:119930863-119933032:-	A3	-0.082725346764428	0.3628371628	False
ENSMUSG00000045962;AF:6:119949817-119958079:119958409:119949817-119967053:119967128:-	AF	0.0036460457496641004	0.453046953	False
ENSMUSG00000045962;AF:6:119949817-119958079:119958409:119949817-119969301:119969490:-	AF	0.4605345054674894	0.3096903097	False
ENSMUSG00000045962;AF:6:119949817-119967053:119967128:119949817-119969301:119969490:-	AF	0.02540217024217295	0.4191364191	False
ENSMUSG00000045962;SE:6:119904195-119905084:119905110-119911217:-	SE	-0.0007134486357971502	0.453046953	False
ENSMUSG00000045962;SE:6:119904195-119906787:119906828-119911217:-	SE	0.0016246254746244667	0.453046953	False
ENSMUSG00000045962;SE:6:119920827-119921662:119921745-119923198:-	SE	0.14920608384758094	0.2637362637	False
ENSMUSG00000045962;SE:6:119920827-119921662:119921761-119923198:-	SE	0.05648650433519317	0.3666333666	False
ENSMUSG00000045962;SE:6:119928956-119929646:119929930-119933032:-	SE	-0.17428983881174476	0.2637362637	False
ENSMUSG00000045962;SE:6:119929930-119930732:119930863-119933032:-	SE	0.046664418690010714	0.3630655059	False
ENSMUSG00000045962;SE:6:119929930-119930732:119931193-119933032:-	SE	0.03757709329632225	0.3630655059	False
ENSMUSG00000045962;SE:6:119937685-119939358:119940593-119945437:-	SE	-0.00034935000630855004	0.453046953	False
ENSMUSG00000045962;SE:6:119940593-119942626:119942883-119945437:-	SE	0.6980330418117061	0.2637362637	False
ENSMUSG00000045962;SE:6:119949817-119953267:119953395-119967053:-	SE	0.0004963059267629	0.453046953	False
ENSMUSG00000045962;SE:6:119949817-119967053:119967210-119969301:-	SE	0.016300425259979767	0.4279357007	False
ENSMUSG00000046230;A5:19:16720422-16722150:16720422-16722188:-	A5	0.010456391746692106	0.4215784216	False
ENSMUSG00000046230;AL:19:16609920:16610526-16613133:16612571:16612957-16613133:-	AL	-0.002422801563797483	0.4215784216	False
ENSMUSG00000046230;SE:19:16720422-16722150:16722321-16723025:-	SE	0.022113015793552515	0.4215784216	False
ENSMUSG00000046230;SE:19:16720422-16722188:16722321-16723025:-	SE	0.13484024951514734	0.4215784216	False
ENSMUSG00000046323;AF:6:122603369:122603569-122605536:122603712:122603770-122605536:+	AF	-0.0026363321155971065	0.3816183816	False
ENSMUSG00000046324;SE:19:29595370-29600469:29600659-29601041:-	SE	0.023419627097504003	0.2972027972	False
ENSMUSG00000046324;SE:19:29614796-29617257:29617384-29623367:-	SE	-0.010477116316713955	0.2972027972	False
ENSMUSG00000046434;SE:15:103151145-103151349:103151507-103152052:+	SE	-0.053713789928395164	0.3349150849	False
ENSMUSG00000046434;SE:15:103151145-103152052:103152207-103152386:+	SE	0.0044566925275725255	0.3856143856	False
ENSMUSG00000046434;SE:15:103152455-103152683:103154393-103154773:+	SE	0.030120513526571097	0.3349150849	False
ENSMUSG00000046591;A5:7:79325210-79326975:79325156-79326975:+	A5	0.005075090969549551	0.3906093906	False
ENSMUSG00000046591;A5:7:79330795-79331558:79330756-79331558:+	A5	-0.0057592256037782025	0.3906093906	False
ENSMUSG00000046591;A5:7:79335703-79337974:79335686-79337974:+	A5	0.046221218729619734	0.3906093906	False
ENSMUSG00000046591;RI:7:79317408:79317646-79319196:79319430:+	RI	0.005075090969549551	0.3906093906	False
ENSMUSG00000046591;SE:7:79341727-79343449:79345570-79345683:+	SE	0.006212062273004526	0.3906093906	False
ENSMUSG00000046707;A5:8:96214304-96214830:96214304-96214972:-	A5	0.07000651281254615	0.3766233766	False
ENSMUSG00000046707;A5:8:96214304-96214830:96214304-96215031:-	A5	0.03757770814616831	0.3766233766	False
ENSMUSG00000046707;A5:8:96214304-96214972:96214304-96215031:-	A5	-0.24552005460652615	0.3766233766	False
ENSMUSG00000046707;AF:8:96214304-96214972:96215408:96214304-96216585:96216667:-	AF	2.3749315514187685e-08	0.3766233766	False
ENSMUSG00000046707;AF:8:96214304-96214972:96215455:96214304-96216585:96216667:-	AF	1.4071817044936097e-09	0.3766233766	False
ENSMUSG00000046707;AF:8:96214304-96215031:96215089:96214304-96216585:96216667:-	AF	2.0739994610607937e-08	0.3766233766	False
ENSMUSG00000046707;SE:8:96184116-96186700:96186801-96187306:-	SE	0.013511648790002884	0.3766233766	False
ENSMUSG00000046707;SE:8:96187416-96188174:96188257-96192279:-	SE	-0.014395271630460837	0.3766233766	False
ENSMUSG00000046707;SE:8:96188257-96192279:96192338-96199999:-	SE	-0.02533096494592091	0.3766233766	False
ENSMUSG00000046711;A3:17:27778677-27779890:27778677-27779902:+	A3	0.0068394623740218345	0.3891608392	False
ENSMUSG00000046711;A3:17:27778677-27779902:27778677-27779906:+	A3	0.004700044069509524	0.3911088911	False
ENSMUSG00000046711;A3:17:27779985-27780435:27779985-27780439:+	A3	0.08248514157889886	0.320979021	False
ENSMUSG00000046711;A3:17:27780485-27781412:27780485-27781415:+	A3	0.05372718427232326	0.320979021	False
ENSMUSG00000046711;A3:17:27780485-27781412:27780485-27782484:+	A3	0.04910516927188546	0.3277972028	False
ENSMUSG00000046711;A3:17:27780485-27781415:27780485-27782484:+	A3	0.3333333333333333	0.320979021	False
ENSMUSG00000046711;A5:17:27775685-27778507:27775683-27778507:+	A5	0.013468656133389545	0.3875598086	False
ENSMUSG00000046711;A5:17:27775723-27778507:27775683-27778507:+	A5	-0.07505480580791224	0.320979021	False
ENSMUSG00000046711;A5:17:27775723-27778507:27775685-27778507:+	A5	-0.0840385817154618	0.320979021	False
ENSMUSG00000046711;A5:17:27776040-27778507:27775683-27778507:+	A5	0.05526497467883923	0.3454045954	False
ENSMUSG00000046711;A5:17:27776040-27778507:27775685-27778507:+	A5	0.01750655463937742	0.3875598086	False
ENSMUSG00000046711;A5:17:27776040-27778507:27775723-27778507:+	A5	0.11297134516077822	0.320979021	False
ENSMUSG00000046711;A5:17:27778677-27779902:27778644-27779902:+	A5	-0.008592102725280215	0.3875598086	False
ENSMUSG00000046711;AL:17:27780485-27781412:27781613:27780485-27782484:27782641:+	AL	-0.05827006585950878	0.3832167832	False
ENSMUSG00000046711;AL:17:27780485-27781412:27781782:27780485-27782484:27782641:+	AL	0.22688586133048771	0.320979021	False
ENSMUSG00000046711;AL:17:27780485-27781412:27781820:27780485-27782484:27782641:+	AL	0.38085935249425373	0.320979021	False
ENSMUSG00000046711;AL:17:27780485-27781412:27781901:27780485-27782484:27782641:+	AL	-0.1128117643435535	0.3292092523	False
ENSMUSG00000046711;AL:17:27780485-27781412:27781999:27780485-27782484:27782641:+	AL	0.1756280309415279	0.3277972028	False
ENSMUSG00000046711;AL:17:27780485-27781415:27781599:27780485-27782484:27782641:+	AL	0.01187062295988206	0.3875598086	False
ENSMUSG00000046711;AL:17:27780485-27781415:27782008:27780485-27782484:27782641:+	AL	0.26936617554796805	0.320979021	False
ENSMUSG00000046711;SE:17:27775685-27775926:27776040-27778507:+	SE	0.059951613285537	0.320979021	False
ENSMUSG00000046962;A3:16:97758100-97763614:97758094-97763614:-	A3	-0.0068980369192161994	0.3796203796	False
ENSMUSG00000046962;A5:16:97752069-97752670:97752069-97754128:-	A5	-0.062481434366162714	0.3796203796	False
ENSMUSG00000046962;A5:16:97758100-97763614:97758100-97763713:-	A5	-0.03848262230421218	0.3796203796	False
ENSMUSG00000046962;SE:16:97754293-97757958:97758094-97763614:-	SE	0.05150838783992262	0.3796203796	False
ENSMUSG00000046962;SE:16:97754293-97757958:97758100-97763614:-	SE	-0.007183906365450077	0.3796203796	False
ENSMUSG00000047126;A5:11:86624670-86627885:86624670-86627897:-	A5	-4.608821085420299e-06	0.4325674326	False
ENSMUSG00000047126;SE:11:86588166-86591887:86591907-86593035:-	SE	-0.022167555780981105	0.4325674326	False
ENSMUSG00000047213;SE:3:16238110-16241131:16241279-16243642:+	SE	0.08763528457339764	0.1745754246	False
ENSMUSG00000047213;SE:3:16241279-16241803:16241881-16243642:+	SE	-0.22699013566962323	0.0674325674	False
ENSMUSG00000047213;SE:3:16243727-16257351:16257383-16257990:+	SE	0.028327626592478082	0.2442557443	False
ENSMUSG00000047547;A3:13:54741855-54746535:54741704-54746535:-	A3	0.008280442182181491	0.3596403596	False
ENSMUSG00000047547;SE:13:54741855-54744839:54744892-54746535:-	SE	-0.011732475644561924	0.3596403596	False
ENSMUSG00000047554;A3:7:109578696-109580196:109578689-109580196:-	A3	0.10867580060818416	0.0584415584	False
ENSMUSG00000047554;RI:7:109585169:109585231-109585417:109585466:-	RI	-0.3062056429479326	0.0584415584	False
ENSMUSG00000047554;SE:7:109580324-109581863:109581980-109585169:-	SE	-0.13117766374072037	0.0584415584	False
ENSMUSG00000047832;A5:12:112785732-112792469:112785732-112792926:-	A5	0.008380547481207368	0.3606393606	False
ENSMUSG00000047843;AF:5:144181247:144181425-144192620:144192035:144192329-144192620:+	AF	0.020832951760764273	0.2952047952	False
ENSMUSG00000047843;AF:5:144181247:144181425-144192620:144192044:144192329-144192620:+	AF	0.032024595835519976	0.2952047952	False
ENSMUSG00000047911;AF:14:70890135-70890461:70890524:70890135-70896646:70896684:-	AF	-0.04329557034177034	0.1413586414	False
ENSMUSG00000048076;AF:11:59104349-59118702:59118988:59104349-59118999:59119096:-	AF	0.035858767451607765	0.1773226773	False
ENSMUSG00000048108;SE:6:116675353-116678803:116678827-116678938:-	SE	0.00015651922250476668	0.461038961	False
ENSMUSG00000048154;A5:15:98745362-98747057:98745362-98747101:-	A5	0.032513965885936434	0.2492507493	False
ENSMUSG00000048154;A5:15:98753779-98753950:98753779-98753959:-	A5	-0.09483355500991861	0.2492507493	False
ENSMUSG00000048154;SE:15:98733348-98734462:98734509-98734956:-	SE	-0.05704176873103518	0.2492507493	False
ENSMUSG00000048271;A3:5:28599668-28613250:28599668-28613253:+	A3	-0.045782445572265074	0.4090909091	False
ENSMUSG00000048271;A3:5:28618373-28618566:28618373-28618669:+	A3	0.01789739227763687	0.4090909091	False
ENSMUSG00000048271;SE:5:28544306-28547393:28547512-28557470:+	SE	-0.0037880831889802735	0.4090909091	False
ENSMUSG00000048701;AL:10:70023645-70023757:70024003:70023645-70024908:70029030:+	AL	-0.010278961196562601	0.2747252747	False
ENSMUSG00000048756;A3:10:42151541-42152522:42151537-42152522:-	A3	-0.008378114005605175	0.3331668332	False
ENSMUSG00000048756;AL:10:42072264:42073897-42150812:42123427:42123782-42150812:-	AL	-0.058189599889689414	0.3331668332	False
ENSMUSG00000048799;RI:18:53856155:53856377-53857426:53857653:-	RI	0.002494456201575267	0.4230769231	False
ENSMUSG00000048874;AF:1:30863600-30902068:30902151:30863600-30912659:30912776:-	AF	0.031807134466159764	0.3961038961	False
ENSMUSG00000048874;AF:1:30902336-30912104:30912333:30902336-30912659:30912662:-	AF	-0.004545159247851333	0.3961038961	False
ENSMUSG00000048874;AF:1:30902336-30912104:30912333:30902336-30912659:30912885:-	AF	-0.007155964558625568	0.3961038961	False
ENSMUSG00000048874;AF:1:30902336-30912104:30912333:30902336-30912659:30912975:-	AF	-0.014261414777902716	0.3961038961	False
ENSMUSG00000048874;AL:1:30863497:30863600-30902068:30870286:30870640-30902068:-	AL	0.028593434214923764	0.3961038961	False
ENSMUSG00000048874;SE:1:30863600-30868924:30870640-30876186:-	SE	0.020720888094888146	0.3961038961	False
ENSMUSG00000048874;SE:1:30863600-30876186:30876347-30902068:-	SE	-0.017468545427554272	0.3961038961	False
ENSMUSG00000048874;SE:1:30870640-30876186:30876347-30902068:-	SE	-0.0340987028156694	0.3961038961	False
ENSMUSG00000049327;AF:5:124577993:124578078-124584032:124583568:124583791-124584032:+	AF	-0.06260626267754388	0.3248001998	False
ENSMUSG00000049327;AF:5:124578030:124578078-124585277:124583556:124583791-124585277:+	AF	-0.10271694884680561	0.3042790543	False
ENSMUSG00000049327;AF:5:124578030:124578078-124585277:124583847:124584147-124585277:+	AF	-0.2677073368407778	0.2441308691	False
ENSMUSG00000049327;AF:5:124578030:124578078-124585277:124584767:124584972-124585277:+	AF	-0.2509280481647379	0.2904095904	False
ENSMUSG00000049327;AF:5:124578030:124578078-124585277:124585025:124585067-124585277:+	AF	0.05138882415510029	0.3248001998	False
ENSMUSG00000049327;AF:5:124578030:124578078-124585277:124585068:124585156-124585277:+	AF	0.0	0.4189144189	False
ENSMUSG00000049327;AF:5:124583556:124583791-124585277:124583847:124584147-124585277:+	AF	-0.051377651792288925	0.3248001998	False
ENSMUSG00000049327;AF:5:124583556:124583791-124585277:124584767:124584972-124585277:+	AF	-0.07901130613856489	0.3069073783	False
ENSMUSG00000049327;AF:5:124583556:124583791-124585277:124585025:124585067-124585277:+	AF	0.23718488976714347	0.1754911755	False
ENSMUSG00000049327;AF:5:124583556:124583791-124585277:124585068:124585156-124585277:+	AF	0.0	0.4215784216	False
ENSMUSG00000049327;AF:5:124583847:124584147-124585277:124584767:124584972-124585277:+	AF	-0.09639026493239355	0.3248001998	False
ENSMUSG00000049327;AF:5:124583847:124584147-124585277:124585025:124585067-124585277:+	AF	0.28464972546887124	0.1754911755	False
ENSMUSG00000049327;AF:5:124584767:124584972-124585277:124585025:124585067-124585277:+	AF	0.24385478906441488	0.1754911755	False
ENSMUSG00000049327;AF:5:124585025:124585067-124585277:124585068:124585156-124585277:+	AF	0.0	0.4215784216	False
ENSMUSG00000049327;SE:5:124578078-124584032:124584147-124585277:+	SE	0.10911114559696966	0.3216158841	False
ENSMUSG00000049327;SE:5:124583791-124584032:124584147-124585277:+	SE	0.009295137713675114	0.4189144189	False
ENSMUSG00000049764;SE:10:75868583-75868787:75868909-75874068:+	SE	0.16656336315880843	0.0224775225	True
ENSMUSG00000050705;A3:17:36203881-36203932:36203858-36203932:-	A3	0.0026996916171767335	0.4220779221	False
ENSMUSG00000050705;A5:17:36206964-36207872:36206964-36207937:-	A5	0.4136182974814357	0.3111888112	False
ENSMUSG00000050705;AF:17:36206964-36207152:36207500:36206964-36207872:36208012:-	AF	0.09078822334640292	0.3699300699	False
ENSMUSG00000050705;AF:17:36206964-36207152:36207500:36206964-36207937:36207965:-	AF	0.3584798029782865	0.3111888112	False
ENSMUSG00000050705;AF:17:36206964-36207152:36207500:36206964-36208083:36208323:-	AF	0.006635779556083968	0.4220779221	False
ENSMUSG00000050705;AF:17:36206964-36207872:36208012:36206964-36208083:36208323:-	AF	0.07118343879098989	0.3111888112	False
ENSMUSG00000050705;AF:17:36206964-36207937:36207965:36206964-36208083:36208323:-	AF	-0.02781559889871814	0.3699300699	False
ENSMUSG00000050708;A3:7:45108105-45108508:45108084-45108508:-	A3	-0.01766443463578605	0.4515484515	False
ENSMUSG00000050708;AF:7:45108654-45108748:45108845:45108654-45108954:45109308:-	AF	0.0	0.4515484515	False
ENSMUSG00000050708;RI:7:45108508:45108546-45108616:45108654:-	RI	0.002937966607367115	0.4515484515	False
ENSMUSG00000050812;AF:4:58885498-58911869:58911902:58885498-58912476:58912749:-	AF	0.03713686930090801	0.3184315684	False
ENSMUSG00000050812;AF:4:58905107-58911869:58911927:58905107-58912476:58912704:-	AF	0.19448161998353275	0.3184315684	False
ENSMUSG00000050812;AF:4:58905107-58911869:58911930:58905107-58912476:58912704:-	AF	0.05156079987350348	0.3184315684	False
ENSMUSG00000050812;SE:4:58885498-58905004:58905107-58911869:-	SE	-0.13005506687381385	0.3184315684	False
ENSMUSG00000050812;SE:4:58885498-58905004:58905107-58912476:-	SE	0.005282748475908192	0.3741258741	False
ENSMUSG00000051391;A3:5:135961496-135963177:135959803-135963177:-	A3	-0.3125123836322606	0.2572427572	False
ENSMUSG00000051391;AL:5:135937263:135940505-135963177:135959534:135961496-135963177:-	AL	-0.03138045732661343	0.2572427572	False
ENSMUSG00000051391;AL:5:135937263:135940505-135963177:135959615:135959803-135963177:-	AL	-0.04243108312349542	0.2572427572	False
ENSMUSG00000051391;RI:5:135937263:135937975-135939841:135940505:-	RI	0.08032682347331566	0.2572427572	False
ENSMUSG00000051391;SE:5:135959803-135961371:135961496-135963177:-	SE	-0.17961507417692568	0.2572427572	False
ENSMUSG00000051920;A5:15:43033391-43033510:43033391-43033768:-	A5	0.0021313617132230345	0.4210789211	False
ENSMUSG00000052144;A5:6:100842178-100842749:100841714-100842749:+	A5	0.006548983564979502	0.4130869131	False
ENSMUSG00000052144;MX:6:100840121-100841640:100841714-100842749:100840121-100842035:100842178-100842749:+	MX	-0.08517910884314023	0.3105228105	False
ENSMUSG00000052144;RI:6:100840084:100840121-100842035:100842178:+	RI	0.0019209509680122665	0.4130869131	False
ENSMUSG00000052144;SE:6:100840121-100841640:100841714-100842035:+	SE	-0.039768130072366015	0.3105228105	False
ENSMUSG00000052144;SE:6:100841714-100842035:100842178-100842749:+	SE	0.030597076244405053	0.3105228105	False
ENSMUSG00000052298;AF:11:54647385-54651007:54651165:54647385-54678386:54678451:-	AF	-0.14213320669912088	0.3391608392	False
ENSMUSG00000052298;AF:11:54647385-54651007:54651165:54647385-54678386:54678467:-	AF	-0.061535256839392205	0.3834498834	False
ENSMUSG00000052298;AF:11:54647385-54651007:54651165:54647385-54678386:54678472:-	AF	-0.05784854847624993	0.3391608392	False
ENSMUSG00000052298;AF:11:54647385-54651007:54651165:54647385-54678386:54678501:-	AF	0.0011876083190960202	0.4305694306	False
ENSMUSG00000052298;MX:11:54631376-54632079:54632160-54647232:54631376-54646652:54646750-54647232:-	MX	0.010869657200390903	0.3834498834	False
ENSMUSG00000052298;SE:11:54631376-54632079:54632160-54647232:-	SE	-0.07772368675123331	0.3391608392	False
ENSMUSG00000052298;SE:11:54631376-54646652:54646750-54647232:-	SE	0.011362146767721897	0.3834498834	False
ENSMUSG00000052331;A3:1:54774272-54775389:54774218-54775389:-	A3	0.007130186870250854	0.4200799201	False
ENSMUSG00000052331;AF:1:54867854-54923779:54923870:54867854-54965299:54965546:-	AF	0.010873529055594286	0.4200799201	False
ENSMUSG00000052331;AL:1:54684499:54687494-54690828:54688256:54688759-54690828:-	AL	-0.03889472408706379	0.4200799201	False
ENSMUSG00000052331;AL:1:54684501:54687494-54690828:54688256:54688759-54690828:-	AL	-0.011896004364552251	0.4200799201	False
ENSMUSG00000052331;RI:1:54696775:54696858-54698078:54698165:-	RI	0.0020099358966239496	0.4200799201	False
ENSMUSG00000052512;A3:7:49107956-49111657:49107956-49111660:+	A3	0.07006709203227451	0.4465534466	False
ENSMUSG00000052512;AF:7:48895937:48896946-49011846:48953886:48954306-49011846:+	AF	0.017744701880044178	0.4465534466	False
ENSMUSG00000052512;AF:7:48895937:48896946-49011846:48954000:48954306-49011846:+	AF	0.0	0.4465534466	False
ENSMUSG00000052512;AF:7:48895937:48896946-49011846:48993222:48993376-49011846:+	AF	0.0	0.4465534466	False
ENSMUSG00000052512;AF:7:48896592:48896946-49011846:48953886:48954306-49011846:+	AF	-0.0006617739800763855	0.4465534466	False
ENSMUSG00000052512;AF:7:48896592:48896946-49011846:48954000:48954306-49011846:+	AF	0.0	0.4465534466	False
ENSMUSG00000052512;AF:7:48896592:48896946-49011846:48993222:48993376-49011846:+	AF	0.0	0.4465534466	False
ENSMUSG00000052512;SE:7:48896946-49011846:49011963-49022065:+	SE	-0.0009453238877352721	0.4465534466	False
ENSMUSG00000052512;SE:7:49058654-49062574:49062642-49069922:+	SE	0.0003845464763157166	0.4465534466	False
ENSMUSG00000052812;A5:12:4991766-4991972:4990245-4991972:+	A5	-0.017211629746735013	0.2942057942	False
ENSMUSG00000052812;SE:12:5041058-5050640:5050693-5056606:+	SE	0.030705370151901612	0.2942057942	False
ENSMUSG00000052997;AF:7:33864910-33867798:33868000:33864910-33868702:33869024:-	AF	0.016678939621576516	0.4062604063	False
ENSMUSG00000052997;SE:7:33840891-33841228:33841277-33842163:-	SE	0.01772633699989275	0.4062604063	False
ENSMUSG00000052997;SE:7:33854069-33855310:33855409-33856668:-	SE	-0.05967257310761942	0.4062604063	False
ENSMUSG00000052997;SE:7:33855409-33856668:33856789-33857404:-	SE	0.0	0.4215784216	False
ENSMUSG00000053012;AF:6:71248661:71248824-71259135:71249003:71249043-71259135:+	AF	0.0	0.4240759241	False
ENSMUSG00000053012;AF:6:71248685:71248824-71260948:71259264:71259301-71260948:+	AF	-0.1481891829877056	0.1538461538	False
ENSMUSG00000053012;SE:6:71248824-71259135:71259301-71260948:+	SE	0.23910755163600073	0.1498501499	False
ENSMUSG00000053012;SE:6:71259301-71260005:71260189-71260948:+	SE	0.0	0.4240759241	False
ENSMUSG00000053110;A3:9:7939165-7952954:7939153-7952954:-	A3	-0.12598322055697836	0.1662337662	False
ENSMUSG00000053110;A5:9:7953135-7962284:7953135-7962290:-	A5	0.045554292789252236	0.3288140431	False
ENSMUSG00000053110;A5:9:8001708-8003452:8001708-8003649:-	A5	0.5858586917496929	0.2037962038	False
ENSMUSG00000053110;AF:9:8001708-8003452:8003758:8001708-8004116:8004391:-	AF	0.0083322497812668	0.4330669331	False
ENSMUSG00000053110;AF:9:8001708-8003452:8003758:8001708-8004116:8004589:-	AF	0.008320931561872899	0.4330669331	False
ENSMUSG00000053110;AF:9:8001708-8003452:8003758:8001708-8004116:8004597:-	AF	0.018989660983297636	0.4330669331	False
ENSMUSG00000053110;AF:9:8001708-8003649:8003776:8001708-8004116:8004391:-	AF	-0.0020254583413203495	0.4330669331	False
ENSMUSG00000053110;AF:9:8001708-8003649:8003776:8001708-8004116:8004589:-	AF	-0.00358032259427315	0.4330669331	False
ENSMUSG00000053110;AF:9:8001708-8003649:8003776:8001708-8004116:8004597:-	AF	-0.0031300601924773193	0.4330669331	False
ENSMUSG00000053110;MX:9:7938539-7939141:7939153-7952954:7938539-7950493:7950540-7952954:-	MX	0.01956196621400874	0.4330669331	False
ENSMUSG00000053110;MX:9:7938539-7939141:7939165-7952954:7938539-7950493:7950540-7952954:-	MX	-0.14920492730842738	0.1662337662	False
ENSMUSG00000053110;SE:9:7938539-7939141:7939153-7950493:-	SE	0.1636960533990284	0.1662337662	False
ENSMUSG00000053110;SE:9:7938539-7939141:7939153-7952954:-	SE	0.0049101284745353135	0.4330669331	False
ENSMUSG00000053110;SE:9:7938539-7939141:7939165-7952954:-	SE	-0.1323079758927884	0.1662337662	False
ENSMUSG00000053110;SE:9:7938539-7950493:7950540-7952954:-	SE	-0.015904999743238668	0.4330669331	False
ENSMUSG00000053110;SE:9:7939153-7950493:7950540-7952954:-	SE	0.14495124211674332	0.1662337662	False
ENSMUSG00000053332;A3:1:160862764-160863322:160862764-160863331:+	A3	-4.440892098500626e-16	0.4395604396	False
ENSMUSG00000053332;A3:1:160863374-160863553:160863374-160863778:+	A3	-0.1182568117942342	0.4352465716	False
ENSMUSG00000053332;A3:1:160863584-160863665:160863584-160863778:+	A3	0.0	0.4352465716	False
ENSMUSG00000053332;A3:1:160863584-160863778:160863584-160863788:+	A3	-2.220446049250313e-16	0.4352465716	False
ENSMUSG00000053332;A3:1:160863584-160863778:160863584-160864119:+	A3	-0.12096591126294137	0.4352465716	False
ENSMUSG00000053332;A3:1:160864422-160864694:160864422-160864858:+	A3	0.0	0.4352465716	False
ENSMUSG00000053332;A5:1:160862846-160863322:160862764-160863322:+	A5	0.0015741126782103665	0.4352465716	False
ENSMUSG00000053332;A5:1:160862885-160863322:160862764-160863322:+	A5	0.007996131235334634	0.4352465716	False
ENSMUSG00000053332;A5:1:160863382-160863553:160863374-160863553:+	A5	0.0	0.4395604396	False
ENSMUSG00000053332;A5:1:160864149-160864390:160863584-160864390:+	A5	-0.4852897657978311	0.4352465716	False
ENSMUSG00000053332;A5:1:160864734-160864858:160864422-160864858:+	A5	0.026352234161373934	0.4352465716	False
ENSMUSG00000053332;A5:1:160864885-160865075:160864422-160865075:+	A5	0.0	0.4352465716	False
ENSMUSG00000053332;A5:1:160864894-160865075:160864885-160865075:+	A5	0.07187585945130984	0.4352465716	False
ENSMUSG00000053332;A5:1:160865842-160866027:160864422-160866027:+	A5	5.619605354446368e-05	0.4352465716	False
ENSMUSG00000053332;AF:1:160861992:160862027-160863322:160862152:160862289-160863322:+	AF	-0.07497724658318938	0.4352465716	False
ENSMUSG00000053332;AF:1:160861992:160862027-160863322:160862155:160862289-160863322:+	AF	0.0	0.4352465716	False
ENSMUSG00000053332;AF:1:160861992:160862027-160863322:160862163:160862289-160863322:+	AF	0.0	0.4352465716	False
ENSMUSG00000053332;AF:1:160861992:160862027-160863322:160862171:160862289-160863322:+	AF	0.3626183587443753	0.4352465716	False
ENSMUSG00000053332;AF:1:160861992:160862027-160863322:160862214:160862289-160863322:+	AF	0.0	0.4352465716	False
ENSMUSG00000053332;AF:1:160861992:160862027-160863322:160862499:160862764-160863322:+	AF	0.0	0.4352465716	False
ENSMUSG00000053332;AF:1:160861992:160862027-160863322:160862637:160862764-160863322:+	AF	0.004031985423677942	0.4352465716	False
ENSMUSG00000053332;AF:1:160861992:160862027-160863322:160862728:160862764-160863322:+	AF	0.0	0.4352465716	False
ENSMUSG00000053332;AF:1:160861992:160862027-160863322:160862733:160862764-160863322:+	AF	0.0832141206579558	0.4352465716	False
ENSMUSG00000053332;AF:1:160861992:160862027-160863322:160862734:160862764-160863322:+	AF	-0.05049415282041639	0.4352465716	False
ENSMUSG00000053332;AF:1:160861992:160862027-160863322:160862734:160862885-160863322:+	AF	-0.290112825452439	0.4352465716	False
ENSMUSG00000053332;AF:1:160861992:160862027-160863322:160862736:160862764-160863322:+	AF	0.004664007353324354	0.4352465716	False
ENSMUSG00000053332;AF:1:160861992:160862027-160863322:160862736:160862846-160863322:+	AF	-0.1011351416540206	0.4352465716	False
ENSMUSG00000053332;AF:1:160861992:160862027-160863322:160862737:160862764-160863322:+	AF	0.0	0.4352465716	False
ENSMUSG00000053332;AF:1:160861992:160862027-160863322:160862738:160862764-160863322:+	AF	0.0	0.4352465716	False
ENSMUSG00000053332;AF:1:160862152:160862289-160863322:160862637:160862764-160863322:+	AF	-0.00782246579610571	0.4352465716	False
ENSMUSG00000053332;AF:1:160862152:160862289-160863322:160862733:160862764-160863322:+	AF	-0.013221027354517897	0.4352465716	False
ENSMUSG00000053332;AF:1:160862152:160862289-160863322:160862734:160862764-160863322:+	AF	-0.045753003022564145	0.4352465716	False
ENSMUSG00000053332;AF:1:160862152:160862289-160863322:160862736:160862764-160863322:+	AF	-0.011199484402674865	0.4352465716	False
ENSMUSG00000053332;AF:1:160862155:160862289-160863322:160862733:160862764-160863322:+	AF	0.0	0.4352465716	False
ENSMUSG00000053332;AF:1:160862155:160862289-160863322:160862734:160862764-160863322:+	AF	0.0	0.4352465716	False
ENSMUSG00000053332;AF:1:160862155:160862289-160863322:160862736:160862764-160863322:+	AF	0.0	0.4352465716	False
ENSMUSG00000053332;AF:1:160862163:160862289-160863322:160862733:160862764-160863322:+	AF	0.0	0.4352465716	False
ENSMUSG00000053332;AF:1:160862163:160862289-160863322:160862734:160862764-160863322:+	AF	0.0	0.4352465716	False
ENSMUSG00000053332;AF:1:160862163:160862289-160863322:160862736:160862764-160863322:+	AF	0.0	0.4352465716	False
ENSMUSG00000053332;AF:1:160862171:160862289-160863322:160862733:160862764-160863322:+	AF	-0.02734755139417185	0.4352465716	False
ENSMUSG00000053332;AF:1:160862171:160862289-160863322:160862734:160862764-160863322:+	AF	-0.0568388431683305	0.4352465716	False
ENSMUSG00000053332;AF:1:160862171:160862289-160863322:160862736:160862764-160863322:+	AF	-0.02065126083944665	0.4352465716	False
ENSMUSG00000053332;AF:1:160862214:160862289-160863322:160862733:160862764-160863322:+	AF	0.0	0.4352465716	False
ENSMUSG00000053332;AF:1:160862214:160862289-160863322:160862734:160862764-160863322:+	AF	0.0	0.4352465716	False
ENSMUSG00000053332;AF:1:160862214:160862289-160863322:160862736:160862764-160863322:+	AF	0.0	0.4352465716	False
ENSMUSG00000053332;MX:1:160864149-160864390:160864422-160866027:160864149-160865795:160865842-160866027:+	MX	0.0	0.4352465716	False
ENSMUSG00000053332;MX:1:160865117-160865565:160865607-160865795:160864885-160865795:160865842-160866027:+	MX	-0.015584979338130966	0.4352465716	False
ENSMUSG00000053332;RI:1:160862734:160862764-160863322:160863374:+	RI	-0.0335262032045397	0.4352465716	False
ENSMUSG00000053332;RI:1:160863322:160863374-160863553:160863584:+	RI	0.002364825022207249	0.4352465716	False
ENSMUSG00000053332;RI:1:160863553:160863584-160863778:160863814:+	RI	0.03686646004560867	0.4352465716	False
ENSMUSG00000053332;RI:1:160863553:160863584-160864119:160864149:+	RI	0.027289885435281908	0.4352465716	False
ENSMUSG00000053332;RI:1:160863778:160863814-160864119:160864149:+	RI	-0.02417999680680705	0.4352465716	False
ENSMUSG00000053332;RI:1:160864119:160864149-160864390:160864422:+	RI	0.03162377873475897	0.4352465716	False
ENSMUSG00000053332;RI:1:160864390:160864422-160864694:160864885:+	RI	0.0	0.4352465716	False
ENSMUSG00000053332;RI:1:160864390:160864422-160864858:160864885:+	RI	-0.03550898488766314	0.4352465716	False
ENSMUSG00000053332;RI:1:160864390:160864734-160864858:160864885:+	RI	-0.2291570258737865	0.4352465716	False
ENSMUSG00000053332;RI:1:160864858:160864885-160865075:160865117:+	RI	0.012598442284330068	0.4352465716	False
ENSMUSG00000053332;RI:1:160865075:160865117-160865565:160865607:+	RI	0.04406917629978546	0.4352465716	False
ENSMUSG00000053332;RI:1:160865565:160865607-160865795:160865842:+	RI	-0.049305230460403984	0.4352465716	False
ENSMUSG00000053332;RI:1:160865795:160865842-160866027:160866109:+	RI	-0.0013650490595819333	0.4352465716	False
ENSMUSG00000053332;SE:1:160862764-160863322:160863374-160863553:+	SE	0.02194372871831074	0.4352465716	False
ENSMUSG00000053332;SE:1:160863374-160863553:160863584-160863778:+	SE	-0.015753167525528355	0.4352465716	False
ENSMUSG00000053332;SE:1:160863584-160863778:160863814-160864119:+	SE	-0.10516002961619175	0.4352465716	False
ENSMUSG00000053332;SE:1:160863814-160864119:160864149-160864390:+	SE	-0.03450088051846567	0.4352465716	False
ENSMUSG00000053332;SE:1:160864422-160864694:160864734-160864858:+	SE	0.003220792482443474	0.4352465716	False
ENSMUSG00000053332;SE:1:160864422-160864858:160864885-160865075:+	SE	0.0	0.4352465716	False
ENSMUSG00000053332;SE:1:160864422-160865795:160865842-160866027:+	SE	-0.1952539013856405	0.4352465716	False
ENSMUSG00000053332;SE:1:160865607-160865795:160865842-160866027:+	SE	0.0929217809657179	0.4352465716	False
ENSMUSG00000053559;A3:15:100519907-100520510:100519839-100520510:-	A3	0.015286957761118991	0.2722277722	False
ENSMUSG00000053559;A5:15:100520590-100533197:100520590-100533244:-	A5	-0.13355901743317966	0.1760739261	False
ENSMUSG00000053559;A5:15:100534136-100534440:100534136-100534630:-	A5	0.09169645289943659	0.1760739261	False
ENSMUSG00000053559;AF:15:100534136-100534440:100534572:100534136-100534630:100534745:-	AF	-0.12639197030213123	0.1760739261	False
ENSMUSG00000053559;AF:15:100534136-100534440:100534572:100534136-100534630:100534821:-	AF	-0.05731363948264015	0.1760739261	False
ENSMUSG00000053716;A3:9:106248334-106250790:106248334-106250838:+	A3	-0.03572550407143034	0.2522477522	False
ENSMUSG00000053716;AF:9:106245831:106246522-106247900:106246811:106246905-106247900:+	AF	-0.016810212563304616	0.2522477522	False
ENSMUSG00000053754;A3:14:52450200-52450281:52450176-52450281:-	A3	-0.05576953157711903	0.3701298701	False
ENSMUSG00000053754;AF:14:52475245-52481890:52481966:52475245-52495135:52495237:-	AF	-0.016553915179745277	0.3701298701	False
ENSMUSG00000053754;RI:14:52441890:52442041-52442247:52442963:-	RI	0.020401856510788935	0.3701298701	False
ENSMUSG00000053754;SE:14:52439204-52439601:52439780-52439961:-	SE	-0.2295377195568512	0.0724275724	False
ENSMUSG00000053754;SE:14:52460076-52461977:52462007-52462083:-	SE	-0.0082421570827119	0.3701298701	False
ENSMUSG00000053877;A3:7:127127661-127128307:127127661-127128310:+	A3	-0.008711075387718314	0.424020424	False
ENSMUSG00000053877;A5:7:127112295-127113337:127112218-127113337:+	A5	0.028766225692459346	0.424020424	False
ENSMUSG00000053877;AF:7:127111155:127111510-127113337:127111637:127111802-127113337:+	AF	0.0065512920377914785	0.424020424	False
ENSMUSG00000053877;AF:7:127111155:127111510-127113337:127112164:127112218-127113337:+	AF	0.011724653150696374	0.424020424	False
ENSMUSG00000053877;AF:7:127111155:127111510-127113337:127112190:127112295-127113337:+	AF	0.000912270677349003	0.4240759241	False
ENSMUSG00000053877;AF:7:127111174:127111510-127113337:127111637:127111802-127113337:+	AF	-0.009554026047325831	0.424020424	False
ENSMUSG00000053877;AF:7:127111174:127111510-127113337:127112164:127112218-127113337:+	AF	0.07186662150111528	0.424020424	False
ENSMUSG00000053877;AF:7:127111174:127111510-127113337:127112190:127112295-127113337:+	AF	-0.009805443938355543	0.424020424	False
ENSMUSG00000053877;AF:7:127111284:127111510-127113337:127111637:127111802-127113337:+	AF	0.20638692926928875	0.424020424	False
ENSMUSG00000053877;AF:7:127111284:127111510-127113337:127112164:127112218-127113337:+	AF	0.4637339723492935	0.424020424	False
ENSMUSG00000053877;AF:7:127111284:127111510-127113337:127112190:127112295-127113337:+	AF	0.35396814825861955	0.424020424	False
ENSMUSG00000053877;AF:7:127111473:127111510-127113337:127111637:127111802-127113337:+	AF	-0.016906185166953382	0.424020424	False
ENSMUSG00000053877;AF:7:127111473:127111510-127113337:127112164:127112218-127113337:+	AF	-0.09530573375879114	0.424020424	False
ENSMUSG00000053877;AF:7:127111473:127111510-127113337:127112190:127112295-127113337:+	AF	-0.06094394431486875	0.424020424	False
ENSMUSG00000053877;AF:7:127111637:127111802-127113337:127112164:127112218-127113337:+	AF	-0.010534171485135468	0.424020424	False
ENSMUSG00000053877;AF:7:127111637:127111802-127113337:127112190:127112295-127113337:+	AF	-0.009988041244821555	0.424020424	False
ENSMUSG00000053877;RI:7:127118753:127118774-127118832:127119004:+	RI	-0.0024750646046730607	0.4240759241	False
ENSMUSG00000053877;SE:7:127113412-127114376:127114482-127115114:+	SE	-0.011326349997590766	0.424020424	False
ENSMUSG00000053877;SE:7:127137940-127138121:127138408-127138929:+	SE	-0.020203061126737643	0.424020424	False
ENSMUSG00000053877;SE:7:127139093-127139423:127139605-127139828:+	SE	0.013371117864525467	0.424020424	False
ENSMUSG00000054387;A3:1:132932459-132936875:132932430-132936875:-	A3	-0.002939995886323876	0.4365634366	False
ENSMUSG00000054387;A3:1:132940452-132946515:132940449-132946515:-	A3	0.014115803867973065	0.4365634366	False
ENSMUSG00000054387;AF:1:132947169-132952986:132953086:132947169-132958273:132958299:-	AF	0.006814713370276143	0.4365634366	False
ENSMUSG00000054387;AL:1:132887222:132890894-132922241:132913958:132919963-132922241:-	AL	-0.0016996061352610831	0.4365634366	False
ENSMUSG00000054387;AL:1:132887222:132890894-132922241:132917583:132919963-132922241:-	AL	-0.043997809884038716	0.4365634366	False
ENSMUSG00000054387;AL:1:132887222:132890894-132922241:132918140:132919963-132922241:-	AL	-0.017190204410987554	0.4365634366	False
ENSMUSG00000054387;AL:1:132887222:132890894-132922241:132918965:132919963-132922241:-	AL	0.06144316295010921	0.4365634366	False
ENSMUSG00000054387;AL:1:132887222:132890894-132922241:132919092:132919963-132922241:-	AL	-0.000576966036703315	0.4365634366	False
ENSMUSG00000054387;SE:1:132924447-132929021:132929181-132931529:-	SE	-0.004367162088766752	0.4365634366	False
ENSMUSG00000054387;SE:1:132931628-132932392:132932430-132936875:-	SE	0.043284662267090324	0.4365634366	False
ENSMUSG00000054387;SE:1:132931628-132932392:132932459-132936875:-	SE	-0.01014406458478101	0.4365634366	False
ENSMUSG00000054387;SE:1:132946622-132947092:132947169-132952986:-	SE	-0.0005695520703203668	0.4365634366	False
ENSMUSG00000054405;A3:4:132265599-132269032:132265599-132269093:+	A3	0.0084221927359175	0.4283216783	False
ENSMUSG00000054405;A3:4:132269149-132271321:132269149-132271367:+	A3	0.008229315798479133	0.4283216783	False
ENSMUSG00000054405;AF:4:132262861:132262974-132265498:132263339:132263457-132265498:+	AF	-0.004358051785050665	0.4340659341	False
ENSMUSG00000054405;AF:4:132262970:132262974-132265498:132263339:132263457-132265498:+	AF	0.10087140705355757	0.4283216783	False
ENSMUSG00000054405;MX:4:132262974-132265498:132265599-132271367:132262974-132269093:132269149-132271367:+	MX	0.024458324014439235	0.4283216783	False
ENSMUSG00000054405;RI:4:132271367:132271433-132271968:132272062:+	RI	0.0008355174854361334	0.4340659341	False
ENSMUSG00000054405;SE:4:132262974-132263294:132263457-132265498:+	SE	-0.009774337890177752	0.4283216783	False
ENSMUSG00000054405;SE:4:132262974-132265498:132265599-132269093:+	SE	0.020531567411580853	0.4283216783	False
ENSMUSG00000054405;SE:4:132265599-132269093:132269149-132271367:+	SE	-0.03610071261911674	0.4283216783	False
ENSMUSG00000054405;SE:4:132271433-132271968:132272062-132273948:+	SE	-0.06004092246551862	0.4283216783	False
ENSMUSG00000054405;SE:4:132277779-132278846:132278921-132280328:+	SE	-0.00740707679862862	0.4283216783	False
ENSMUSG00000054405;SE:4:132278921-132279352:132279460-132280328:+	SE	0.0017408932688658153	0.4340659341	False
ENSMUSG00000054717;A3:8:57965039-57965549:57965039-57965609:+	A3	-0.086444497523113	0.0774225774	False
ENSMUSG00000054814;AF:5:74193178-74196209:74196302:74193178-74228911:74229081:-	AF	-0.030603152412623236	0.3236763237	False
ENSMUSG00000054814;AF:5:74197774-74226308:74226409:74197774-74228911:74229092:-	AF	0.05375202030975329	0.3236763237	False
ENSMUSG00000054814;SE:5:74193178-74197694:74197774-74228911:-	SE	-0.01170870641692856	0.3236763237	False
ENSMUSG00000054836;A3:9:110143162-110144819:110143162-110144865:+	A3	-0.0011876075902609307	0.4235764236	False
ENSMUSG00000054836;SE:9:110134417-110138104:110138270-110139163:+	SE	-0.018071655139347165	0.4235764236	False
ENSMUSG00000055204;A3:5:90426250-90430710:90426247-90430710:-	A3	0.02036946789143368	0.3652597403	False
ENSMUSG00000055204;AF:5:90451924-90487508:90487602:90451924-90513526:90514087:-	AF	0.0009148480576276485	0.4320679321	False
ENSMUSG00000055204;AF:5:90451924-90487508:90487602:90451924-90513526:90514423:-	AF	0.028882625114029725	0.3652597403	False
ENSMUSG00000055204;AF:5:90451924-90487508:90487602:90451924-90513526:90514436:-	AF	0.0376925146750785	0.3652597403	False
ENSMUSG00000055204;SE:5:90426250-90430710:90431462-90432900:-	SE	-0.06940655408778923	0.3652597403	False
ENSMUSG00000055239;AF:6:72838908-72875963:72876066:72838908-72876597:72876686:-	AF	0.0	0.453046953	False
ENSMUSG00000055239;AF:6:72838908-72875963:72876066:72838908-72876597:72876962:-	AF	0.0	0.453046953	False
ENSMUSG00000055239;AF:6:72838908-72875963:72876275:72838908-72876597:72876686:-	AF	0.06295732078224725	0.2917082917	False
ENSMUSG00000055239;AF:6:72838908-72875963:72876275:72838908-72876597:72876962:-	AF	0.04238102325305437	0.2917082917	False
ENSMUSG00000055239;AL:6:72819968:72820113-72835757:72825219:72825490-72835757:-	AL	0.10498186989316527	0.2917082917	False
ENSMUSG00000055239;SE:6:72827467-72835757:72835896-72838741:-	SE	0.0	0.453046953	False
ENSMUSG00000055403;SE:6:89075615-89076411:89076509-89078496:+	SE	0.003664352871309645	0.3846153846	False
ENSMUSG00000055717;AF:14:103887664:103888344-103894369:103893207:103893262-103894369:+	AF	-0.051404913968684185	0.2652347652	False
ENSMUSG00000055717;AF:14:103888082:103888344-103894369:103893207:103893262-103894369:+	AF	-0.03130637119741897	0.2652347652	False
ENSMUSG00000055717;SE:14:103894508-103921670:103921819-103923105:+	SE	-0.00430303277272992	0.3671328671	False
ENSMUSG00000056153;A3:18:88905189-88905333:88905176-88905333:-	A3	0.1394565131313542	0.2717282717	False
ENSMUSG00000056153;A5:18:88889042-88905333:88889042-88905337:-	A5	-0.040809855893450875	0.3596403596	False
ENSMUSG00000056153;AF:18:88905457-88912286:88912340:88905457-88945515:88945605:-	AF	-0.06313066185351468	0.3596403596	False
ENSMUSG00000056153;AF:18:88905457-88912286:88912434:88905457-88945515:88945605:-	AF	-0.3333333273549499	0.2717282717	False
ENSMUSG00000056153;AF:18:88905457-88912286:88912476:88905457-88945515:88945605:-	AF	-0.004015786258412923	0.4235764236	False
ENSMUSG00000056153;AL:18:88869506:88872625-88905116:88886619:88889042-88905116:-	AL	0.0	0.4235764236	False
ENSMUSG00000056153;AL:18:88869506:88872625-88905116:88888374:88889042-88905116:-	AL	0.0	0.3596403596	False
ENSMUSG00000056153;SE:18:88889042-88905116:88905176-88905333:-	SE	-0.16903075750114505	0.2717282717	False
ENSMUSG00000056153;SE:18:88889042-88905116:88905189-88905333:-	SE	-0.008199636002334088	0.4235764236	False
ENSMUSG00000056486;A3:2:73540830-73546708:73540826-73546708:-	A3	0.0	0.4205794206	False
ENSMUSG00000056486;AF:2:73462174-73462806:73462907:73462174-73485282:73485402:-	AF	0.0	0.4205794206	False
ENSMUSG00000056486;AF:2:73462174-73462806:73462907:73462174-73490024:73490750:-	AF	0.0	0.4205794206	False
ENSMUSG00000056486;AF:2:73551785-73552244:73552438:73551785-73599090:73599197:-	AF	0.0	0.4205794206	False
ENSMUSG00000056486;AF:2:73551785-73552244:73552438:73551785-73605367:73605387:-	AF	0.0	0.4205794206	False
ENSMUSG00000056486;AF:2:73551785-73552244:73552438:73551785-73605367:73605411:-	AF	0.0	0.4205794206	False
ENSMUSG00000056486;AF:2:73551785-73552244:73552438:73551785-73605367:73605670:-	AF	0.0	0.4205794206	False
ENSMUSG00000056486;AF:2:73551785-73552244:73552438:73551785-73605367:73605690:-	AF	0.0	0.4205794206	False
ENSMUSG00000056486;AF:2:73551785-73599090:73599197:73551785-73605367:73605387:-	AF	-0.02084673403576187	0.4205794206	False
ENSMUSG00000056486;AF:2:73551785-73599090:73599197:73551785-73605367:73605411:-	AF	0.06012877840600794	0.4205794206	False
ENSMUSG00000056486;AF:2:73551785-73599090:73599197:73551785-73605367:73605670:-	AF	-0.08319247557218534	0.4205794206	False
ENSMUSG00000056486;AF:2:73551785-73599090:73599197:73551785-73605367:73605690:-	AF	-0.04883792554679911	0.4205794206	False
ENSMUSG00000056486;SE:2:73454536-73455221:73455394-73462090:-	SE	-0.049664310345628127	0.4205794206	False
ENSMUSG00000056486;SE:2:73490101-73509959:73510247-73537263:-	SE	-0.12236920157775477	0.4205794206	False
ENSMUSG00000056537;A5:X:103022940-103024669:103022940-103024679:-	A5	-0.07709253628463236	0.1133866134	False
ENSMUSG00000056692;A5:17:27972969-27986885:27972969-27987110:-	A5	0.09892833069455675	0.2773892774	False
ENSMUSG00000056692;AL:17:27970220:27972969-27987110:27977010:27977946-27987110:-	AL	-0.10579811060184918	0.2773892774	False
ENSMUSG00000056692;AL:17:27972251:27972969-28005045:27986463:27987213-28005045:-	AL	0.03485643856351228	0.2773892774	False
ENSMUSG00000056692;MX:17:27972969-27986885:27987213-28012883:27972969-28005045:28005242-28012883:-	MX	0.04199384580968696	0.2773892774	False
ENSMUSG00000056692;SE:17:27972969-27986885:27987213-28005045:-	SE	0.005240421611034329	0.3776223776	False
ENSMUSG00000056692;SE:17:27972969-27987110:27987213-28005045:-	SE	-0.11646631184489506	0.2773892774	False
ENSMUSG00000056692;SE:17:27987213-28005045:28005242-28012883:-	SE	-0.04904276956156184	0.2773892774	False
ENSMUSG00000056851;A3:15:102379238-102381696:102379238-102381720:+	A3	-0.06560210628070806	0.3926073926	False
ENSMUSG00000056851;A3:15:102391723-102392589:102391723-102392601:+	A3	-0.029366725443759956	0.3926073926	False
ENSMUSG00000056851;A3:15:102396712-102398187:102396712-102398190:+	A3	-0.5081319719044681	0.2532467532	False
ENSMUSG00000056851;A3:15:102397249-102398187:102397249-102398190:+	A3	0.13085771132529722	0.3652597403	False
ENSMUSG00000056851;A5:15:102394475-102395523:102394387-102395523:+	A5	-0.00415330434995953	0.3926073926	False
ENSMUSG00000056851;A5:15:102394652-102395523:102394475-102395523:+	A5	0.06919459950752617	0.3926073926	False
ENSMUSG00000056851;AF:15:102378977:102379238-102381696:102379503:102379572-102381696:+	AF	0.06774949896492466	0.3926073926	False
ENSMUSG00000056851;AF:15:102379112:102379238-102381696:102379503:102379572-102381696:+	AF	0.004457610083687169	0.3926073926	False
ENSMUSG00000056851;AF:15:102379200:102379238-102381696:102379503:102379572-102381696:+	AF	0.0025598019395476346	0.3926073926	False
ENSMUSG00000056851;AF:15:102379219:102379238-102381696:102379503:102379572-102381696:+	AF	-0.05701378638065069	0.3926073926	False
ENSMUSG00000056851;AF:15:102381705:102381837-102382566:102381937:102382062-102382566:+	AF	0.07996721643958082	0.3926073926	False
ENSMUSG00000056851;AF:15:102381705:102381837-102382566:102381974:102382062-102382566:+	AF	0.0	0.3926073926	False
ENSMUSG00000056851;AF:15:102381705:102381837-102382566:102381976:102382062-102382566:+	AF	0.0	0.3926073926	False
ENSMUSG00000056851;AF:15:102381769:102381837-102382566:102381937:102382062-102382566:+	AF	-0.05043563754192304	0.3926073926	False
ENSMUSG00000056851;AF:15:102381769:102381837-102382566:102381974:102382062-102382566:+	AF	0.0	0.3926073926	False
ENSMUSG00000056851;AF:15:102381769:102381837-102382566:102381976:102382062-102382566:+	AF	0.0	0.3926073926	False
ENSMUSG00000056851;AL:15:102396712-102397211:102397245:102396712-102398190:102398242:+	AL	-0.6088844370405029	0.2532467532	False
ENSMUSG00000056851;AL:15:102396712-102397211:102397315:102396712-102398190:102398242:+	AL	-0.5476063381970181	0.2532467532	False
ENSMUSG00000056851;AL:15:102396712-102397211:102397765:102396712-102398190:102398242:+	AL	0.21412894164292062	0.3926073926	False
ENSMUSG00000056851;AL:15:102399238-102402096:102402884:102399238-102406924:102406960:+	AL	0.36371214919369743	0.2532467532	False
ENSMUSG00000056851;AL:15:102399238-102402096:102402884:102399238-102406924:102406969:+	AL	-0.18491097758497277	0.3926073926	False
ENSMUSG00000056851;AL:15:102399238-102402096:102402884:102399238-102406924:102407046:+	AL	0.06601268764681889	0.3926073926	False
ENSMUSG00000056851;AL:15:102399238-102402096:102402884:102399238-102406924:102407051:+	AL	-0.058281155398723805	0.3926073926	False
ENSMUSG00000056851;AL:15:102399238-102402096:102402884:102399238-102406924:102407055:+	AL	0.1322343902640623	0.3926073926	False
ENSMUSG00000056851;AL:15:102399238-102402096:102402884:102399238-102406924:102407074:+	AL	-0.06750073436234472	0.3926073926	False
ENSMUSG00000056851;AL:15:102399238-102402096:102402884:102399238-102406924:102407076:+	AL	-0.08382732524586622	0.3926073926	False
ENSMUSG00000056851;AL:15:102399238-102402096:102402884:102399238-102406924:102407077:+	AL	-0.05049269357927422	0.3926073926	False
ENSMUSG00000056851;AL:15:102399238-102402096:102402884:102399238-102406924:102407316:+	AL	0.32896603539096064	0.288961039	False
ENSMUSG00000056851;AL:15:102399238-102402096:102402884:102399238-102406924:102408494:+	AL	-0.015566926447032725	0.3926073926	False
ENSMUSG00000056851;AL:15:102399238-102402096:102402884:102399238-102406924:102408496:+	AL	0.08533599326336605	0.3926073926	False
ENSMUSG00000056851;MX:15:102392675-102394383:102394475-102396640:102392675-102395523:102395564-102396640:+	MX	-0.007674850905023735	0.3926073926	False
ENSMUSG00000056851;SE:15:102392675-102394383:102394475-102395523:+	SE	-0.0801524740415735	0.3926073926	False
ENSMUSG00000056851;SE:15:102392675-102395523:102395564-102396640:+	SE	0.010928555092401426	0.3926073926	False
ENSMUSG00000056851;SE:15:102394475-102395523:102395564-102396640:+	SE	0.01335146485283023	0.3926073926	False
ENSMUSG00000056851;SE:15:102396712-102397211:102397249-102398187:+	SE	-0.058466162783578746	0.3926073926	False
ENSMUSG00000056851;SE:15:102396712-102397211:102397249-102398190:+	SE	-0.48301375593479245	0.2532467532	False
ENSMUSG00000057113;AL:11:33104927:33105220-33106003:33105328:33105431-33106003:-	AL	0.13340822803028196	0.041958042	True
ENSMUSG00000057113;SE:11:33106104-33106664:33106747-33106991:-	SE	0.05716525846060705	0.1073926074	False
ENSMUSG00000058290;A3:15:102204850-102205141:102204850-102205166:+	A3	-0.33595385231142383	0.1948051948	False
ENSMUSG00000058290;A3:15:102204850-102205141:102204850-102205195:+	A3	-0.2830821790740859	0.1558441558	False
ENSMUSG00000058290;A3:15:102204850-102205166:102204850-102205195:+	A3	-0.03629219917788595	0.3978521479	False
ENSMUSG00000058290;A5:15:102205074-102205166:102204850-102205166:+	A5	-0.18372062807291784	0.2637362637	False
ENSMUSG00000058290;A5:15:102231710-102231885:102231705-102231885:+	A5	0.0	0.4040959041	False
ENSMUSG00000058290;RI:15:102231011:102231181-102231303:102231407:+	RI	0.011166426034429898	0.4040959041	False
ENSMUSG00000058407;A3:1:38029538-38033073:38026860-38033073:-	A3	0.03645837921513094	0.2557442557	False
ENSMUSG00000058407;A5:1:38034922-38035974:38034922-38036190:-	A5	-0.158926860274947	0.2557442557	False
ENSMUSG00000058407;A5:1:38034922-38035974:38034922-38036245:-	A5	-0.11716666886139487	0.2557442557	False
ENSMUSG00000058407;A5:1:38034922-38036190:38034922-38036245:-	A5	0.07993261296612975	0.2557442557	False
ENSMUSG00000058407;AF:1:38034922-38035570:38035739:38034922-38035974:38036697:-	AF	0.0641537698077338	0.2557442557	False
ENSMUSG00000058407;AF:1:38034922-38035570:38035739:38034922-38036190:38036305:-	AF	-0.10158032958095353	0.2557442557	False
ENSMUSG00000058407;AF:1:38034922-38035570:38035739:38034922-38036190:38036396:-	AF	-0.04154975496428237	0.2557442557	False
ENSMUSG00000058407;AF:1:38034922-38035570:38035739:38034922-38036245:38036324:-	AF	-0.07664352073446767	0.2557442557	False
ENSMUSG00000058407;AF:1:38034922-38035570:38035739:38034922-38036245:38036974:-	AF	0.07981823921712883	0.2557442557	False
ENSMUSG00000058407;AL:1:38026721:38026860-38033073:38029339:38029538-38033073:-	AL	-0.07065725536782874	0.2557442557	False
ENSMUSG00000058407;RI:1:38026475:38026860-38029284:38029538:-	RI	0.16349539571941263	0.2557442557	False
ENSMUSG00000058407;RI:1:38033073:38033191-38034714:38034922:-	RI	0.05470674503513831	0.2557442557	False
ENSMUSG00000058407;SE:1:38026860-38029284:38029538-38033073:-	SE	0.04527440696349494	0.2557442557	False
ENSMUSG00000058440;A3:6:30088987-30089911:30088987-30089914:+	A3	0.09331576170664135	0.2372400327	False
ENSMUSG00000058440;AF:6:30047987:30048112-30088832:30076320:30076486-30088832:+	AF	0.16009716548473735	0.245350803	False
ENSMUSG00000058440;AF:6:30047990:30048112-30088832:30076320:30076486-30088832:+	AF	0.2004250806941727	0.233041958	False
ENSMUSG00000058440;AF:6:30048001:30048112-30088832:30076320:30076486-30088832:+	AF	0.5680686312275722	0.0501165501	False
ENSMUSG00000058440;AF:6:30048028:30048112-30088832:30076320:30076486-30088832:+	AF	0.077528964878534	0.3100961538	False
ENSMUSG00000058440;AF:6:30048030:30048112-30088832:30048150:30048355-30088832:+	AF	-0.33333333333333337	0.1980796981	False
ENSMUSG00000058440;AF:6:30048030:30048112-30088832:30076320:30076486-30088832:+	AF	-0.21516063581012035	0.1980796981	False
ENSMUSG00000058440;AF:6:30048041:30048112-30088832:30076320:30076486-30088832:+	AF	-0.0506971039567652	0.3227430464	False
ENSMUSG00000058440;AF:6:30048071:30048112-30088832:30048150:30048355-30088832:+	AF	-0.0725067818169095	0.3227430464	False
ENSMUSG00000058440;AF:6:30048071:30048112-30088832:30076320:30076486-30088832:+	AF	0.07037771133141088	0.3227430464	False
ENSMUSG00000058440;AF:6:30048150:30048355-30088832:30076320:30076486-30088832:+	AF	0.018216897325433867	0.3560064935	False
ENSMUSG00000058440;AL:6:30090145-30090268:30090997:30090145-30095339:30098907:+	AL	-0.054633090732192524	0.3227430464	False
ENSMUSG00000058440;AL:6:30126358-30129180:30129391:30126358-30140215:30140903:+	AL	-0.2420986697534391	0.1145521146	False
ENSMUSG00000058440;AL:6:30126358-30129180:30129391:30126358-30144580:30144854:+	AL	-0.9318893260180039	0.0214785215	True
ENSMUSG00000058440;AL:6:30126358-30129180:30129391:30126358-30151513:30153179:+	AL	-0.9071508436131345	0.0214785215	True
ENSMUSG00000058440;AL:6:30126358-30129180:30129391:30126358-30151513:30153457:+	AL	-0.6811435220796551	0.073981574	False
ENSMUSG00000058440;AL:6:30126358-30129180:30129759:30126358-30140215:30140903:+	AL	-0.018203047987250226	0.3453085376	False
ENSMUSG00000058440;AL:6:30126358-30129180:30129759:30126358-30144580:30144854:+	AL	-0.6872471156265105	0.042957043	True
ENSMUSG00000058440;AL:6:30126358-30129180:30129759:30126358-30144580:30144859:+	AL	0.21516063581012013	0.1980796981	False
ENSMUSG00000058440;AL:6:30126358-30129180:30129759:30126358-30151513:30151676:+	AL	-0.10554364528977422	0.2870962371	False
ENSMUSG00000058440;AL:6:30126358-30129180:30129759:30126358-30151513:30152517:+	AL	0.0	0.3866133866	False
ENSMUSG00000058440;AL:6:30126358-30129180:30129759:30126358-30151513:30153179:+	AL	-0.5680686312275722	0.0501165501	False
ENSMUSG00000058440;AL:6:30126358-30129180:30129759:30126358-30151513:30153457:+	AL	-0.1600971654847374	0.245350803	False
ENSMUSG00000058440;AL:6:30126358-30129180:30130115:30126358-30140215:30140903:+	AL	-0.004434373144718853	0.3947956805	False
ENSMUSG00000058440;AL:6:30126358-30129180:30130115:30126358-30144580:30144859:+	AL	0.2934979020153408	0.2170461118	False
ENSMUSG00000058440;AL:6:30126358-30129180:30130115:30126358-30151513:30153457:+	AL	-0.42368418479044867	0.2372400327	False
ENSMUSG00000058440;AL:6:30126358-30140215:30140903:30126358-30144580:30144854:+	AL	-0.3478827454436778	0.073981574	False
ENSMUSG00000058440;AL:6:30126358-30140215:30140903:30126358-30144580:30144859:+	AL	0.15322959761254717	0.1980796981	False
ENSMUSG00000058440;AL:6:30126358-30140215:30140903:30126358-30151513:30151676:+	AL	-0.052421940085289	0.2882279011	False
ENSMUSG00000058440;AL:6:30126358-30140215:30140903:30126358-30151513:30152517:+	AL	0.0	0.4145854146	False
ENSMUSG00000058440;AL:6:30126358-30140215:30140903:30126358-30151513:30153179:+	AL	-0.2615635244272808	0.0976296431	False
ENSMUSG00000058440;AL:6:30126358-30140215:30140903:30126358-30151513:30153457:+	AL	-0.07698468613623033	0.2458097458	False
ENSMUSG00000058440;AL:6:30126358-30144580:30144859:30126358-30151513:30151676:+	AL	-0.3333333330622462	0.1980796981	False
ENSMUSG00000058440;AL:6:30126358-30144580:30144859:30126358-30151513:30153179:+	AL	-0.7174671011218345	0.0501165501	False
ENSMUSG00000058440;AL:6:30126358-30144580:30144859:30126358-30151513:30153457:+	AL	-0.36123823344671613	0.1685237839	False
ENSMUSG00000058440;SE:6:30048112-30088832:30088987-30089914:+	SE	-0.20999551639006564	0.245350803	False
ENSMUSG00000058440;SE:6:30090145-30090268:30090303-30095339:+	SE	-0.08556174511293482	0.2409329801	False
ENSMUSG00000058440;SE:6:30119105-30126234:30126358-30144580:+	SE	-0.08032527644497867	0.2707827886	False
ENSMUSG00000058440;SE:6:30126358-30140215:30140270-30151513:+	SE	-0.06506334028205264	0.3227430464	False
ENSMUSG00000058594;A5:2:11772522-11774561:11772522-11774587:-	A5	0.04727962042800016	0.3396603397	False
ENSMUSG00000058594;A5:2:11774742-11781880:11774742-11782215:-	A5	0.0009603303953663531	0.4125874126	False
ENSMUSG00000058594;A5:2:11774742-11781880:11774742-11782243:-	A5	0.0030001040539132176	0.4125874126	False
ENSMUSG00000058594;A5:2:11774742-11782215:11774742-11782243:-	A5	0.05476859421792235	0.3396603397	False
ENSMUSG00000058594;SE:2:11760588-11761228:11761314-11761413:-	SE	0.06431339609598574	0.3396603397	False
ENSMUSG00000058799;A3:10:111330685-111330912:111330685-111331186:+	A3	0.009811835818489132	0.3036963037	False
ENSMUSG00000059005;A5:2:75489733-75491810:75489667-75491810:+	A5	0.0014024241304948504	0.4240759241	False
ENSMUSG00000059119;AF:7:143095515-143102474:143102565:143095515-143102779:143102829:-	AF	-0.003784922471056759	0.4545454545	False
ENSMUSG00000059119;AF:7:143095515-143102474:143102565:143095515-143102779:143102843:-	AF	-0.0017496830723718465	0.4545454545	False
ENSMUSG00000059119;SE:7:143068374-143072587:143072622-143074121:-	SE	-0.025468340069816908	0.4545454545	False
ENSMUSG00000059119;SE:7:143086117-143088023:143088154-143089388:-	SE	0.008817051152319455	0.4545454545	False
ENSMUSG00000059119;SE:7:143093983-143094423:143094467-143095485:-	SE	0.0	0.4545454545	False
ENSMUSG00000059273;AF:7:16134835:16134966-16150698:16135132:16135231-16150698:+	AF	0.03943011754507275	0.2197802198	False
ENSMUSG00000059273;SE:7:16135231-16136380:16136441-16150698:+	SE	0.15420427331434178	0.2197802198	False
ENSMUSG00000059273;SE:7:16163835-16166699:16166947-16167946:+	SE	-0.09087266690923179	0.2197802198	False
ENSMUSG00000059436;AF:12:77000050-77000424:77001183:77000050-77008559:77008695:-	AF	0.07639752318166892	0.4114219114	False
ENSMUSG00000059436;AF:12:77000050-77000424:77001183:77000050-77008764:77008975:-	AF	0.011883316943847949	0.4114219114	False
ENSMUSG00000059436;AF:12:77000050-77008559:77008695:77000050-77008764:77008975:-	AF	-0.003262729578978024	0.4160839161	False
ENSMUSG00000059436;MX:12:76986864-76999943:77000050-77008764:76986864-77008037:77008063-77008764:-	MX	0.014446758554652273	0.4114219114	False
ENSMUSG00000059436;SE:12:76985529-76986204:76986288-76986741:-	SE	0.014478432018144305	0.4114219114	False
ENSMUSG00000059436;SE:12:76986864-76999943:77000050-77008037:-	SE	0.12440095109617255	0.4114219114	False
ENSMUSG00000059436;SE:12:77000050-77008037:77008063-77008764:-	SE	-0.010729398299874252	0.4114219114	False
ENSMUSG00000059474;A3:11:93824784-93834488:93824784-93834601:+	A3	-0.07267271037993561	0.2979877266	False
ENSMUSG00000059474;A5:11:93776947-93795985:93776888-93795985:+	A5	-0.1617842622880687	0.2979877266	False
ENSMUSG00000059474;AF:11:93776678:93776888-93795985:93777045:93777242-93795985:+	AF	0.07455884302704124	0.2979877266	False
ENSMUSG00000059474;AF:11:93776678:93776888-93795985:93777706:93777899-93795985:+	AF	0.016784043383694436	0.3983708599	False
ENSMUSG00000059474;AF:11:93776692:93776947-93795985:93777045:93777242-93795985:+	AF	-0.07949987491268204	0.2979877266	False
ENSMUSG00000059474;AF:11:93776692:93776947-93795985:93777706:93777899-93795985:+	AF	-0.06404569922517933	0.3896103896	False
ENSMUSG00000059474;AF:11:93776932:93776947-93777848:93777034:93777242-93777848:+	AF	-0.035159794291220105	0.3896103896	False
ENSMUSG00000059474;AF:11:93776932:93776947-93777848:93777043:93777242-93777848:+	AF	-0.024157380892257163	0.3896103896	False
ENSMUSG00000059474;AF:11:93777045:93777242-93795985:93777706:93777899-93795985:+	AF	-0.005192349785185013	0.4275724276	False
ENSMUSG00000059474;MX:11:93777242-93777848:93777899-93795985:93777242-93782165:93782214-93795985:+	MX	-0.11490519838710367	0.2979877266	False
ENSMUSG00000059474;SE:11:93777242-93777848:93777899-93782165:+	SE	-0.10718945039015426	0.2979877266	False
ENSMUSG00000059474;SE:11:93777242-93777848:93777899-93795985:+	SE	-0.07487406422225407	0.2979877266	False
ENSMUSG00000059474;SE:11:93777242-93782165:93782214-93795985:+	SE	0.057248413576474144	0.3436563437	False
ENSMUSG00000059474;SE:11:93777899-93782165:93782214-93795985:+	SE	-0.0031484189081062985	0.439027639	False
ENSMUSG00000059474;SE:11:93803284-93809657:93809773-93812193:+	SE	-0.014377733665641	0.3896103896	False
ENSMUSG00000059474;SE:11:93817152-93820440:93820587-93822639:+	SE	-0.0014723373170199006	0.4390609391	False
ENSMUSG00000059708;SE:X:35882386-35887221:35887989-35900126:-	SE	0.016300898408930897	0.2887112887	False
ENSMUSG00000059796;A3:11:69561927-69563105:69561802-69563105:-	A3	0.009338336424288067	0.3516483516	False
ENSMUSG00000059796;AF:11:69561573-69561754:69562276:69561573-69563105:69563142:-	AF	0.03952784512302365	0.3516483516	False
ENSMUSG00000059796;AF:11:69561802-69562431:69562556:69561802-69563105:69563143:-	AF	0.06358106673606968	0.3516483516	False
ENSMUSG00000059796;AF:11:69561802-69562431:69562556:69561802-69563105:69563249:-	AF	0.19373310387829273	0.2877122877	False
ENSMUSG00000059796;RI:11:69558521:69558600-69558848:69558937:-	RI	-0.00247738504133005	0.4095904096	False
ENSMUSG00000059796;RI:11:69559022:69559159-69559231:69559374:-	RI	0.016179419570635584	0.3516483516	False
ENSMUSG00000059796;RI:11:69559022:69559374-69559470:69559579:-	RI	-0.12013126846167332	0.3516483516	False
ENSMUSG00000059796;SE:11:69561573-69561754:69561802-69563105:-	SE	-0.010595129543860327	0.3516483516	False
ENSMUSG00000060126;SE:14:76082896-76083057:76083130-76083643:+	SE	0.0015978807985668197	0.4300699301	False
ENSMUSG00000060373;A3:14:52312872-52313070:52312869-52313070:-	A3	-0.006534499082761713	0.4074675325	False
ENSMUSG00000060373;A3:14:52312893-52313070:52312869-52313070:-	A3	-0.006848334099330944	0.4074675325	False
ENSMUSG00000060373;A3:14:52312893-52313070:52312872-52313070:-	A3	-0.0015404317053323568	0.4195804196	False
ENSMUSG00000060373;A3:14:52336001-52341346:52335497-52341346:-	A3	0.02334674724900543	0.4074675325	False
ENSMUSG00000060373;A5:14:52318764-52319246:52318764-52319285:-	A5	-0.0067410880918047505	0.4074675325	False
ENSMUSG00000060373;A5:14:52321848-52334772:52321848-52334779:-	A5	0.08731747175001581	0.4074675325	False
ENSMUSG00000060373;A5:14:52321848-52334779:52321848-52335472:-	A5	0.02337699814742983	0.4074675325	False
ENSMUSG00000060373;AF:14:52321848-52334772:52335076:52321848-52341346:52341426:-	AF	0.020730123543292095	0.4074675325	False
ENSMUSG00000060373;RI:14:52335472:52335497-52335773:52336001:-	RI	0.22888419463290577	0.4074675325	False
ENSMUSG00000060373;SE:14:52321848-52334779:52336001-52341346:-	SE	-0.01460766431826091	0.4074675325	False
ENSMUSG00000060373;SE:14:52321848-52335472:52335497-52341346:-	SE	-0.05486861827509021	0.4074675325	False
ENSMUSG00000060373;SE:14:52321848-52335472:52336001-52341346:-	SE	-0.009446191866924386	0.4074675325	False
ENSMUSG00000060373;SE:14:52335497-52335773:52336001-52341346:-	SE	-0.018088228118219182	0.4074675325	False
ENSMUSG00000060450;A3:18:38429851-38430519:38429851-38430553:+	A3	-0.11567499052840396	0.4130869131	False
ENSMUSG00000060450;A5:18:38433643-38434709:38433537-38434709:+	A5	-0.001984830312777519	0.4130869131	False
ENSMUSG00000060450;A5:18:38433643-38440918:38433537-38440918:+	A5	-0.018735627087271944	0.4130869131	False
ENSMUSG00000060450;AF:18:38429688:38429851-38432807:38430205:38430484-38432807:+	AF	-0.02529328576004819	0.4130869131	False
ENSMUSG00000060450;AF:18:38429731:38429851-38430553:38429858:38430258-38430553:+	AF	0.0	0.4130869131	False
ENSMUSG00000060450;AF:18:38429747:38429851-38432807:38430205:38430484-38432807:+	AF	-0.21326061765585747	0.4130869131	False
ENSMUSG00000060450;MX:18:38429851-38430306:38430484-38432807:38429851-38430553:38430628-38432807:+	MX	-0.09269694164824901	0.4130869131	False
ENSMUSG00000060450;MX:18:38429851-38430553:38430628-38432807:38429851-38431362:38431448-38432807:+	MX	-0.04629949223590313	0.4130869131	False
ENSMUSG00000060450;SE:18:38429851-38430306:38430484-38432807:+	SE	-0.06400140187113659	0.4130869131	False
ENSMUSG00000060450;SE:18:38429851-38430519:38430628-38432807:+	SE	-0.06135053812078556	0.4130869131	False
ENSMUSG00000060450;SE:18:38429851-38430553:38430628-38431362:+	SE	-0.10643711285381519	0.4130869131	False
ENSMUSG00000060450;SE:18:38429851-38430553:38430628-38432807:+	SE	-0.009781503606460684	0.4130869131	False
ENSMUSG00000060450;SE:18:38429851-38431362:38431448-38432807:+	SE	0.019130619628455765	0.4130869131	False
ENSMUSG00000060450;SE:18:38429851-38432807:38432979-38433482:+	SE	0.024054743885662422	0.4130869131	False
ENSMUSG00000060450;SE:18:38430628-38431362:38431448-38432807:+	SE	-0.0106755227256633	0.4130869131	False
ENSMUSG00000060450;SE:18:38433643-38434709:38434860-38440918:+	SE	-0.054359052601036906	0.4130869131	False
ENSMUSG00000060450;SE:18:38434860-38440421:38440485-38440918:+	SE	0.0022974990298389	0.4130869131	False
ENSMUSG00000060475;AF:17:13204840-13210964:13211079:13204840-13211196:13211384:-	AF	-0.0030388869011784836	0.4390609391	False
ENSMUSG00000060475;AF:17:13204840-13210964:13211079:13204840-13211196:13211433:-	AF	0.000745456685042542	0.4390609391	False
ENSMUSG00000060475;AF:17:13204840-13210964:13211079:13204840-13212950:13213056:-	AF	-0.0009390408556004329	0.4390609391	False
ENSMUSG00000060475;AF:17:13204840-13210964:13211146:13204840-13211196:13211384:-	AF	-0.208148518949905	0.031968032	True
ENSMUSG00000060475;AF:17:13204840-13210964:13211146:13204840-13211196:13211433:-	AF	-0.061863563268466426	0.293040293	False
ENSMUSG00000060475;AF:17:13204840-13210964:13211146:13204840-13212950:13213056:-	AF	-0.19574389511627205	0.031968032	True
ENSMUSG00000060475;AF:17:13204840-13211196:13211384:13204840-13212950:13213056:-	AF	-0.0009662687325639463	0.4390609391	False
ENSMUSG00000060475;AF:17:13204840-13211196:13211433:13204840-13212950:13213056:-	AF	-0.007867602381879057	0.4390609391	False
ENSMUSG00000060657;A5:16:13969180-13969890:13969180-13970427:-	A5	0.01093823789059567	0.3436563437	False
ENSMUSG00000060733;A3:10:71201935-71208535:71201935-71208538:+	A3	0.04796896588810434	0.2217782218	False
ENSMUSG00000060733;A5:10:71212750-71217035:71212616-71217035:+	A5	0.02605240912586021	0.2217782218	False
ENSMUSG00000060743;A3:1:180630770-180637682:180630767-180637682:-	A3	0.08417211204468372	0.3076923077	False
ENSMUSG00000060743;A3:1:180639551-180641036:180639514-180641036:-	A3	-0.0016047413753432459	0.4190809191	False
ENSMUSG00000060743;SE:1:180639514-180640255:180640311-180641036:-	SE	-0.0140244067107544	0.4115884116	False
ENSMUSG00000060743;SE:1:180639514-180640255:180640351-180641036:-	SE	-0.010981945348042615	0.4115884116	False
ENSMUSG00000060860;AF:7:4814555-4814886:4814905:4814555-4815008:4815123:-	AF	0.41091230278332136	0.004995005	True
ENSMUSG00000060860;AF:7:4814555-4814886:4814905:4814555-4815162:4815350:-	AF	0.3668441011506123	0.0062437562	True
ENSMUSG00000060860;AF:7:4814555-4814886:4814905:4814555-4815162:4815589:-	AF	0.045950064996186174	0.2314352314	False
ENSMUSG00000060860;AF:7:4814555-4815008:4815123:4814555-4815162:4815350:-	AF	-0.031269345789458725	0.3281718282	False
ENSMUSG00000060860;AF:7:4814555-4815008:4815123:4814555-4815162:4815589:-	AF	-0.007795037624702655	0.3281718282	False
ENSMUSG00000060938;A5:11:68792638-68793096:68792450-68793096:+	A5	-0.02356227667085355	0.4405594406	False
ENSMUSG00000060938;A5:11:68793268-68794005:68793262-68794005:+	A5	0.023562276670853755	0.4405594406	False
ENSMUSG00000060938;AF:11:68792409:68792450-68793096:68792453:68792638-68793096:+	AF	-0.010225664154415282	0.4405594406	False
ENSMUSG00000060938;AF:11:68792409:68792450-68793096:68792461:68792583-68793096:+	AF	0.0	0.4405594406	False
ENSMUSG00000060938;AL:11:68794145-68795191:68795360:68794145-68797412:68797815:+	AL	0.0020299860007283455	0.4405594406	False
ENSMUSG00000061130;AF:17:85264169:85264315-85301108:85265427:85265822-85301108:+	AF	-0.038264299172594635	0.3474303474	False
ENSMUSG00000061130;AF:17:85264169:85264315-85301108:85265437:85265822-85301108:+	AF	-0.037476897564410735	0.3474303474	False
ENSMUSG00000061130;AF:17:85264169:85264315-85301108:85265804:85265822-85301108:+	AF	-0.012817442861183404	0.3474303474	False
ENSMUSG00000061130;AL:17:85312994-85320994:85322119:85312994-85322837:85324625:+	AL	9.726195775805468e-05	0.4260739261	False
ENSMUSG00000061130;AL:17:85312994-85320994:85322119:85312994-85331124:85331246:+	AL	-0.024013454331679646	0.3474303474	False
ENSMUSG00000061130;AL:17:85312994-85320994:85322119:85312994-85331124:85331419:+	AL	0.03826429917259466	0.3474303474	False
ENSMUSG00000061130;AL:17:85312994-85322837:85324625:85312994-85331124:85331246:+	AL	-0.01609038551563005	0.3474303474	False
ENSMUSG00000061130;AL:17:85312994-85322837:85324625:85312994-85331124:85331419:+	AL	0.03747689756441075	0.3474303474	False
ENSMUSG00000061130;SE:17:85312994-85322837:85322863-85330460:+	SE	0.29738370568796285	0.3474303474	False
ENSMUSG00000061130;SE:17:85312994-85330460:85330507-85331124:+	SE	-0.0373042718246201	0.3474303474	False
ENSMUSG00000061136;A3:2:53078552-53079981:53078539-53079981:-	A3	-0.052927453996528304	0.2832167832	False
ENSMUSG00000061136;A5:2:53034891-53035245:53034891-53035298:-	A5	-0.01337496696013174	0.2832167832	False
ENSMUSG00000061136;A5:2:53080112-53081035:53080112-53081161:-	A5	-0.11842543537012068	0.2367632368	False
ENSMUSG00000061136;SE:2:53065044-53065156:53065247-53066398:-	SE	0.07681104907545476	0.2367632368	False
ENSMUSG00000061136;SE:2:53067445-53078460:53078539-53079981:-	SE	-0.07538211918136722	0.2367632368	False
ENSMUSG00000061136;SE:2:53067445-53078460:53078552-53079981:-	SE	-0.02753615833490513	0.2832167832	False
ENSMUSG00000061315;SE:10:127872429-127875040:127880955-127882037:+	SE	0.0001727651895527503	0.4445554446	False
ENSMUSG00000061689;A3:2:156588116-156589943:156588116-156590252:+	A3	0.0041591445126816715	0.4245754246	False
ENSMUSG00000061689;A5:2:156590340-156590864:156590022-156590864:+	A5	0.011354294642183294	0.4245754246	False
ENSMUSG00000061689;A5:2:156590340-156590864:156590323-156590864:+	A5	0.0014078683854678031	0.4245754246	False
ENSMUSG00000061689;A5:2:156603919-156604605:156603848-156604605:+	A5	-0.0038222866584431	0.4245754246	False
ENSMUSG00000061689;AF:2:156562492:156562649-156587755:156562951:156563007-156587755:+	AF	0.048687195849057674	0.4245754246	False
ENSMUSG00000061689;AF:2:156562492:156562649-156587755:156562965:156563007-156587755:+	AF	-0.0068174244619184365	0.4245754246	False
ENSMUSG00000061689;AF:2:156562492:156562649-156587755:156562977:156563007-156587755:+	AF	-0.2053841534705164	0.4245754246	False
ENSMUSG00000061689;AF:2:156562492:156562649-156587755:156563412:156564022-156587755:+	AF	-0.054776079810582384	0.4245754246	False
ENSMUSG00000061689;AF:2:156562951:156563007-156587755:156563412:156564022-156587755:+	AF	-0.21858986354723436	0.4222027972	False
ENSMUSG00000061689;AF:2:156562965:156563007-156587755:156563412:156564022-156587755:+	AF	0.012073311339022896	0.4245754246	False
ENSMUSG00000061689;AF:2:156562966:156563007-156587755:156563412:156564022-156587755:+	AF	0.02744579341574175	0.4245754246	False
ENSMUSG00000061689;AF:2:156562977:156563007-156587755:156563412:156564022-156587755:+	AF	0.018396787420161126	0.4245754246	False
ENSMUSG00000061689;AF:2:156562980:156563007-156587755:156563412:156564022-156587755:+	AF	0.06569120632145789	0.4245754246	False
ENSMUSG00000061689;AF:2:156562982:156563007-156587755:156563412:156564022-156587755:+	AF	-0.05409208947702303	0.4245754246	False
ENSMUSG00000061689;AF:2:156562990:156563007-156587755:156563412:156564022-156587755:+	AF	-0.02088444149408815	0.4245754246	False
ENSMUSG00000061689;MX:2:156588116-156589943:156590022-156590864:156588116-156590252:156590340-156590864:+	MX	-0.0009550810644217661	0.4245754246	False
ENSMUSG00000061689;RI:2:156590864:156590940-156591170:156591276:+	RI	0.13009531994404777	0.4222027972	False
ENSMUSG00000061689;SE:2:156547890-156548998:156549048-156552941:+	SE	-0.5710557654828983	0.4222027972	False
ENSMUSG00000061689;SE:2:156588116-156589943:156590340-156590864:+	SE	-0.011752261480519999	0.4245754246	False
ENSMUSG00000061689;SE:2:156588116-156590252:156590340-156590864:+	SE	-0.009263247631954075	0.4245754246	False
ENSMUSG00000061751;A3:16:33834051-33834328:33834046-33834328:-	A3	0.036420951341819	0.3851148851	False
ENSMUSG00000061751;A3:16:33834584-33836762:33834581-33836762:-	A3	0.023858698519220956	0.3851148851	False
ENSMUSG00000061751;A3:16:34040644-34047397:34040617-34047397:-	A3	0.018558142824107615	0.3851148851	False
ENSMUSG00000061751;A5:16:34072769-34076522:34072769-34076561:-	A5	-0.028727706316587387	0.3851148851	False
ENSMUSG00000061751;AF:16:34212479-34277251:34277287:34212479-34334284:34334314:-	AF	-0.03230658197212921	0.3851148851	False
ENSMUSG00000061751;AF:16:34212479-34277251:34277287:34212479-34334284:34334418:-	AF	-0.06543190625950923	0.3851148851	False
ENSMUSG00000061751;AF:16:34212479-34277251:34277287:34212479-34334284:34334456:-	AF	0.0	0.3851148851	False
ENSMUSG00000061751;AF:16:34212479-34277251:34277287:34212479-34393477:34393902:-	AF	-0.0440009817070679	0.3851148851	False
ENSMUSG00000061751;AF:16:34212479-34334284:34334314:34212479-34393477:34393902:-	AF	-0.01666931633947133	0.3851148851	False
ENSMUSG00000061751;AF:16:34212479-34334284:34334418:34212479-34393477:34393902:-	AF	0.003583408587845477	0.3851148851	False
ENSMUSG00000061751;AF:16:34212479-34334284:34334456:34212479-34393477:34393902:-	AF	0.0	0.3851148851	False
ENSMUSG00000061751;SE:16:33860379-33870200:33870292-33873930:-	SE	-0.14141095044682345	0.3851148851	False
ENSMUSG00000062127;A3:3:104940076-104946181:104940068-104946181:-	A3	0.10183799323967302	0.1960539461	False
ENSMUSG00000062127;AF:3:104946303-104960216:104960241:104946303-104960301:104960462:-	AF	-0.010123233123952581	0.4290709291	False
ENSMUSG00000062127;AF:3:104946303-104960216:104960267:104946303-104960301:104960462:-	AF	-0.042268441019811864	0.3096903097	False
ENSMUSG00000062127;AF:3:104946303-104960216:104960270:104946303-104960301:104960462:-	AF	-0.12455160093393236	0.1960539461	False
ENSMUSG00000062127;RI:3:104915264:104915371-104918509:104918739:-	RI	-0.00076039674354415	0.4290709291	False
ENSMUSG00000062397;AF:15:37004066-37007113:37007259:37004066-37007372:37007646:-	AF	-0.05445676087800931	0.3206793207	False
ENSMUSG00000062397;AF:15:37004066-37007113:37007259:37004066-37007926:37008017:-	AF	-0.030262959848725415	0.3206793207	False
ENSMUSG00000062397;AF:15:37004066-37007372:37007646:37004066-37007926:37008017:-	AF	-0.008900973428846548	0.3206793207	False
ENSMUSG00000062762;A5:9:36704645-36708255:36704645-36708300:-	A5	-0.28324368027552727	0.020979021	True
ENSMUSG00000062762;A5:9:36704645-36708300:36704645-36708509:-	A5	0.07959525232449757	0.1748251748	False
ENSMUSG00000062762;AF:9:36704645-36708255:36708316:36704645-36708509:36708657:-	AF	0.1049805589585805	0.1391608392	False
ENSMUSG00000062762;AF:9:36704645-36708255:36708316:36704645-36708509:36708689:-	AF	0.23043257806967943	0.0253496503	True
ENSMUSG00000062762;AF:9:36704645-36708300:36708364:36704645-36708509:36708689:-	AF	0.6169870575395948	0.0017482517	True
ENSMUSG00000062762;SE:9:36699549-36701076:36701221-36704536:-	SE	0.06672337315371524	0.1520979021	False
ENSMUSG00000063253;A3:8:84164265-84164614:84164262-84164614:-	A3	0.017328012114393387	0.451048951	False
ENSMUSG00000063253;AF:8:84164685-84164805:84164875:84164685-84169051:84169130:-	AF	0.0	0.451048951	False
ENSMUSG00000063253;AF:8:84164685-84164805:84164875:84164685-84169051:84169134:-	AF	0.0	0.451048951	False
ENSMUSG00000063253;AF:8:84164685-84164805:84164875:84164685-84169051:84169136:-	AF	0.0	0.451048951	False
ENSMUSG00000063253;AF:8:84164685-84164805:84164875:84164685-84184890:84184978:-	AF	0.0	0.451048951	False
ENSMUSG00000063253;AF:8:84164685-84165759:84165873:84164685-84169051:84169130:-	AF	-0.6200692097662232	0.451048951	False
ENSMUSG00000063253;AF:8:84164685-84165759:84165873:84164685-84169051:84169134:-	AF	-0.032331408522164984	0.451048951	False
ENSMUSG00000063253;AF:8:84164685-84165759:84165873:84164685-84169051:84169136:-	AF	-0.0733019315258373	0.451048951	False
ENSMUSG00000063253;AF:8:84164685-84165759:84165873:84164685-84184890:84184978:-	AF	-0.25278527080399565	0.451048951	False
ENSMUSG00000063253;AF:8:84164685-84169051:84169079:84164685-84184890:84184978:-	AF	0.0	0.451048951	False
ENSMUSG00000063253;AF:8:84164685-84169051:84169124:84164685-84184890:84184978:-	AF	-0.013389076149217083	0.451048951	False
ENSMUSG00000063253;AF:8:84164685-84169051:84169130:84164685-84184890:84184978:-	AF	0.056871441026113904	0.451048951	False
ENSMUSG00000063253;AF:8:84164685-84169051:84169130:84164685-84184890:84185020:-	AF	0.15261495418009086	0.451048951	False
ENSMUSG00000063253;AF:8:84164685-84169051:84169134:84164685-84184890:84184978:-	AF	0.009514916296929243	0.451048951	False
ENSMUSG00000063253;AF:8:84164685-84169051:84169134:84164685-84184890:84185020:-	AF	-0.000854218230944892	0.451048951	False
ENSMUSG00000063253;AF:8:84164685-84169051:84169136:84164685-84184890:84184978:-	AF	-0.0075020275375590195	0.451048951	False
ENSMUSG00000063253;AF:8:84164685-84169051:84169136:84164685-84184890:84185020:-	AF	-0.0032906226219558965	0.451048951	False
ENSMUSG00000063253;AL:8:84156713:84157233-84164614:84162877:84164265-84164614:-	AL	0.35140224021736666	0.451048951	False
ENSMUSG00000063253;AL:8:84156713:84157233-84164614:84164183:84164265-84164614:-	AL	0.6200692097662233	0.451048951	False
ENSMUSG00000063253;AL:8:84157139:84157233-84164182:84161124:84162669-84164182:-	AL	0.0	0.451048951	False
ENSMUSG00000063253;AL:8:84157139:84157233-84164182:84161145:84162669-84164182:-	AL	0.0	0.451048951	False
ENSMUSG00000063253;AL:8:84157139:84157233-84164182:84162501:84162669-84164182:-	AL	0.0	0.451048951	False
ENSMUSG00000063253;SE:8:84157233-84164182:84164265-84164614:-	SE	0.0	0.451048951	False
ENSMUSG00000063410;AF:14:121575064-121597236:121597280:121575064-121616310:121616746:-	AF	-0.07685600489054356	0.2017982018	False
ENSMUSG00000063410;AF:14:121575064-121597236:121597280:121575064-121617309:121617423:-	AF	0.038344387064913166	0.2017982018	False
ENSMUSG00000063410;AF:14:121575064-121616310:121616746:121575064-121617309:121617423:-	AF	0.05925792979407274	0.2017982018	False
ENSMUSG00000063450;A3:12:75957954-75959077:75957954-75959080:+	A3	-0.03688621612692755	0.3831168831	False
ENSMUSG00000063450;A3:12:76069918-76070790:76069918-76070793:+	A3	-0.012957505699787264	0.3831168831	False
ENSMUSG00000063450;A3:12:76152891-76154202:76152891-76154258:+	A3	0.04215543534853705	0.3831168831	False
ENSMUSG00000063450;A3:12:76154989-76155638:76154989-76155641:+	A3	-0.047334921846447275	0.3831168831	False
ENSMUSG00000063450;AF:12:75864908:75864962-75900795:75865092:75865252-75900795:+	AF	0.013799752029969817	0.3831168831	False
ENSMUSG00000063450;AF:12:75864908:75864962-75900795:75865097:75865252-75900795:+	AF	-0.04629103743796792	0.3831168831	False
ENSMUSG00000063450;AF:12:75864908:75864962-75900795:75865124:75865252-75900795:+	AF	-0.04214520170417868	0.3831168831	False
ENSMUSG00000063450;AF:12:75864908:75864962-75900795:75899504:75899847-75900795:+	AF	-0.13493681499719978	0.3831168831	False
ENSMUSG00000063450;AF:12:75865092:75865252-75900795:75899504:75899847-75900795:+	AF	-0.028444145052726078	0.3831168831	False
ENSMUSG00000063450;SE:12:75865252-75874376:75874566-75900795:+	SE	0.004038444001082949	0.3836163836	False
ENSMUSG00000063450;SE:12:76134687-76141055:76141242-76141816:+	SE	0.08335629022396696	0.3831168831	False
ENSMUSG00000063450;SE:12:76146286-76146802:76146870-76147766:+	SE	0.03998934869399412	0.3831168831	False
ENSMUSG00000063511;A3:7:45032608-45033228:45030242-45033228:-	A3	0.0070824231549850665	0.4360639361	False
ENSMUSG00000063511;A5:7:45036877-45041498:45036877-45041503:-	A5	0.002215008573589267	0.4360639361	False
ENSMUSG00000063511;AF:7:45044239-45044517:45044596:45044239-45044933:45045166:-	AF	0.0026196659338940664	0.4360639361	False
ENSMUSG00000063511;AF:7:45044239-45044517:45044618:45044239-45044933:45045166:-	AF	0.012334251198452766	0.4360639361	False
ENSMUSG00000063511;SE:7:45030242-45031249:45032608-45033228:-	SE	-0.00100317072400755	0.4360639361	False
ENSMUSG00000063511;SE:7:45030242-45032549:45032608-45033228:-	SE	0.026113701386362043	0.4360639361	False
ENSMUSG00000063511;SE:7:45044239-45044517:45044596-45044933:-	SE	0.01726055826547916	0.4360639361	False
ENSMUSG00000063550;A5:7:101825612-101829584:101825612-101829635:-	A5	-0.02984184924171207	0.3471528472	False
ENSMUSG00000063550;AF:7:101845095-101858946:101859074:101845095-101859225:101859327:-	AF	-0.1405012951614122	0.3471528472	False
ENSMUSG00000063550;AF:7:101845095-101858946:101859074:101845095-101859225:101859349:-	AF	0.5115164326944337	0.1318681319	False
ENSMUSG00000063550;AF:7:101845095-101858946:101859074:101845095-101859225:101859352:-	AF	-0.005268816699626089	0.3471528472	False
ENSMUSG00000063550;AF:7:101845095-101858946:101859074:101845095-101859225:101859357:-	AF	-0.012020644948716866	0.3471528472	False
ENSMUSG00000063550;AF:7:101845095-101858946:101859074:101845095-101859225:101859383:-	AF	0.017171976922011743	0.3471528472	False
ENSMUSG00000063659;A5:1:177272371-177274655:177272253-177274655:+	A5	-0.08263869529588179	0.3008529932	False
ENSMUSG00000063659;A5:1:177272388-177274655:177272253-177274655:+	A5	0.04025601664296402	0.3008529932	False
ENSMUSG00000063659;A5:1:177272388-177274655:177272371-177274655:+	A5	0.13006076967477553	0.3008529932	False
ENSMUSG00000063659;AF:1:177269917:177270161-177274655:177271861:177272388-177274655:+	AF	-0.22222181536782004	0.3008529932	False
ENSMUSG00000063659;AF:1:177269917:177270161-177274655:177272215:177272371-177274655:+	AF	0.14614356393768924	0.3008529932	False
ENSMUSG00000063659;AF:1:177269917:177270161-177274655:177272219:177272388-177274655:+	AF	0.07796625405317598	0.3008529932	False
ENSMUSG00000063659;AF:1:177269917:177270161-177274655:177272227:177272253-177274655:+	AF	0.03949959478852583	0.3008529932	False
ENSMUSG00000063659;AF:1:177269917:177270161-177274655:177272504:177272621-177274655:+	AF	-0.019684685638379162	0.3473312402	False
ENSMUSG00000063659;AF:1:177271861:177272388-177274655:177272504:177272621-177274655:+	AF	0.14818549268534867	0.3008529932	False
ENSMUSG00000063659;AF:1:177272215:177272371-177274655:177272504:177272621-177274655:+	AF	-0.12449112892202036	0.3008529932	False
ENSMUSG00000063659;AF:1:177272219:177272388-177274655:177272504:177272621-177274655:+	AF	-0.09053426668587955	0.3008529932	False
ENSMUSG00000063659;AF:1:177272227:177272253-177274655:177272504:177272621-177274655:+	AF	-0.07080214709805088	0.3008529932	False
ENSMUSG00000063659;RI:1:177274655:177275342-177275455:177278330:+	RI	0.25968293605877507	0.3008529932	False
ENSMUSG00000063659;SE:1:177270161-177270790:177270907-177274655:+	SE	-0.06609800482674794	0.3008529932	False
ENSMUSG00000063659;SE:1:177272388-177274106:177274138-177274655:+	SE	0.0	0.3701298701	False
ENSMUSG00000063870;A3:6:125077552-125077741:125077552-125077762:+	A3	0.12452815217034557	0.0981518482	False
ENSMUSG00000063870;A3:6:125079261-125079395:125079261-125079434:+	A3	0.15038280330580078	0.0981518482	False
ENSMUSG00000063870;RI:6:125097168:125097348-125097433:125097519:+	RI	0.005173085391733397	0.3846153846	False
ENSMUSG00000063972;AF:2:38650441-38674405:38674481:38650441-38675087:38675123:-	AF	-0.003770300001122197	0.3986013986	False
ENSMUSG00000063972;SE:2:38650441-38762607:38762651-38775208:-	SE	0.1311205531406896	0.3716283716	False
ENSMUSG00000064326;SE:12:112611518-112613272:112613466-112614259:+	SE	0.035147477641102376	0.1803196803	False
ENSMUSG00000066027;A5:12:88143209-88143844:88143209-88144272:-	A5	0.031533042518425924	0.2490842491	False
ENSMUSG00000066027;MX:12:88144419-88144933:88145243-88148510:88144419-88147532:88147714-88148510:-	MX	-0.07902063237644541	0.230969031	False
ENSMUSG00000066027;MX:12:88145243-88146432:88146482-88148510:88145243-88147532:88147714-88148510:-	MX	-0.1201247409226397	0.230969031	False
ENSMUSG00000066027;SE:12:88144419-88144933:88145243-88147532:-	SE	0.07583989394064744	0.230969031	False
ENSMUSG00000066027;SE:12:88144419-88144933:88145243-88148510:-	SE	-0.05772227940997038	0.230969031	False
ENSMUSG00000066027;SE:12:88144419-88147532:88147714-88148510:-	SE	0.018268391914306042	0.2682317682	False
ENSMUSG00000066027;SE:12:88145243-88146432:88146482-88148510:-	SE	-0.018807884502368644	0.2682317682	False
ENSMUSG00000066027;SE:12:88145243-88147532:88147714-88148510:-	SE	0.08567325209526003	0.230969031	False
ENSMUSG00000066359;SE:12:105130824-105131729:105131798-105132292:+	SE	-0.058014727004750966	0.1083916084	False
ENSMUSG00000066463;A3:9:78219917-78220187:78219818-78220187:-	A3	-0.014720847424339767	0.3931068931	False
ENSMUSG00000066463;AF:9:78220357-78220609:78220729:78220357-78221979:78222078:-	AF	0.07540114158526456	0.3931068931	False
ENSMUSG00000066463;AF:9:78220357-78220609:78221298:78220357-78221979:78222078:-	AF	-0.019261543753332	0.3931068931	False
ENSMUSG00000066463;SE:9:78219591-78219752:78219818-78220187:-	SE	0.0028039031490603335	0.3931068931	False
ENSMUSG00000066463;SE:9:78219591-78219752:78219917-78220187:-	SE	0.010765867074313679	0.3931068931	False
ENSMUSG00000066568;A5:7:34050942-34052803:34050942-34052815:-	A5	-0.0007864428366268659	0.4370629371	False
ENSMUSG00000066568;AF:7:34074817-34088199:34088505:34074817-34088783:34088904:-	AF	0.0026582773744662225	0.4370629371	False
ENSMUSG00000066568;AF:7:34074817-34088199:34088505:34074817-34088783:34089112:-	AF	0.008158346508964465	0.4370629371	False
ENSMUSG00000066568;AF:7:34074817-34088199:34088505:34074817-34092631:34092740:-	AF	-0.04253020955725818	0.3706293706	False
ENSMUSG00000066568;AF:7:34074817-34088783:34088904:34074817-34092631:34092740:-	AF	-0.12725693059897802	0.0932400932	False
ENSMUSG00000066568;AF:7:34074817-34088783:34089112:34074817-34092631:34092740:-	AF	-0.14768174343274654	0.0859140859	False
ENSMUSG00000066568;SE:7:34045383-34047351:34047407-34050711:-	SE	-0.1802127609180625	0.0859140859	False
ENSMUSG00000066568;SE:7:34056921-34057191:34057367-34065040:-	SE	0.0021385658534895935	0.4370629371	False
ENSMUSG00000066571;A3:7:33940071-33941665:33940065-33941665:-	A3	0.035238069910189185	0.3156843157	False
ENSMUSG00000066571;A5:7:33985378-34012912:33985378-34012917:-	A5	0.0944911311684189	0.3156843157	False
ENSMUSG00000066571;AF:7:33985378-34004813:34004937:33985378-34012912:34012976:-	AF	0.018233733073095566	0.3156843157	False
ENSMUSG00000066571;AF:7:33985378-34004813:34004937:33985378-34012917:34012975:-	AF	0.09502221614829173	0.3156843157	False
ENSMUSG00000066571;MX:7:33963175-33984127:33985378-34012912:33963175-34011514:34011601-34012912:-	MX	0.07885983323933721	0.3156843157	False
ENSMUSG00000066571;SE:7:33985378-34011514:34011601-34012912:-	SE	-0.02191584006008815	0.3156843157	False
ENSMUSG00000067274;A3:5:115697947-115698778:115697947-115698800:+	A3	0.0005699353660957845	0.4430569431	False
ENSMUSG00000068036;A3:17:14024396-14027539:14024396-14027542:+	A3	-0.0031454738461307863	0.4100899101	False
ENSMUSG00000068036;A3:17:14027654-14029194:14027654-14029197:+	A3	0.006749900327623681	0.4100899101	False
ENSMUSG00000068036;A5:17:14119720-14122792:14119489-14122792:+	A5	-0.004168105938003749	0.4100899101	False
ENSMUSG00000068036;AF:17:13980801:13981040-14024201:13981867:13982265-14024201:+	AF	0.011962473662736506	0.4100899101	False
ENSMUSG00000068036;AF:17:13980803:13981040-14024201:13981867:13982265-14024201:+	AF	0.033293986119239616	0.4100899101	False
ENSMUSG00000068036;AF:17:13980810:13981040-14024201:13981867:13982265-14024201:+	AF	0.028149997012107075	0.4100899101	False
ENSMUSG00000068036;AF:17:13980861:13981040-14024201:13981867:13982265-14024201:+	AF	-0.07672325209961639	0.4100899101	False
ENSMUSG00000068036;AF:17:13980936:13981040-14024201:13981867:13982265-14024201:+	AF	0.009118442727986786	0.4100899101	False
ENSMUSG00000068036;AL:17:14072721-14074182:14074487:14072721-14075476:14075527:+	AL	0.0	0.4100899101	False
ENSMUSG00000068036;AL:17:14072721-14074182:14074487:14072721-14075476:14075840:+	AL	-0.12316921862428964	0.4100899101	False
ENSMUSG00000068036;SE:17:14043720-14046205:14046249-14049191:+	SE	-0.014761062518229631	0.4100899101	False
ENSMUSG00000068036;SE:17:14066901-14068617:14068637-14069370:+	SE	-0.008274451974757936	0.4100899101	False
ENSMUSG00000068036;SE:17:14109239-14111225:14111260-14116350:+	SE	-0.03191709296606632	0.4100899101	False
ENSMUSG00000068823;A3:3:102936528-102946008:102936528-102947249:+	A3	-0.2253649247235267	0.3789068075	False
ENSMUSG00000068823;A3:3:102951247-102951894:102951247-102951945:+	A3	0.012737715424689534	0.3789068075	False
ENSMUSG00000068823;A3:3:102951247-102951894:102951247-102952075:+	A3	0.012856523755973348	0.3789068075	False
ENSMUSG00000068823;A3:3:102951247-102951945:102951247-102952075:+	A3	-4.5304005065194275e-05	0.4555444555	False
ENSMUSG00000068823;A5:3:102928207-102936105:102927985-102936105:+	A5	0.12228433779643239	0.3109390609	False
ENSMUSG00000068823;AF:3:102927928:102927985-102946008:102936318:102936528-102946008:+	AF	-0.007488800705429788	0.3789068075	False
ENSMUSG00000068823;AF:3:102927928:102927985-102946008:102937481:102937596-102946008:+	AF	-0.06224542389860932	0.3789068075	False
ENSMUSG00000068823;AF:3:102927936:102927985-102946008:102936318:102936528-102946008:+	AF	-0.15631749884456125	0.3789068075	False
ENSMUSG00000068823;AF:3:102936318:102936528-102946008:102937481:102937596-102946008:+	AF	-0.038318754295674815	0.3789068075	False
ENSMUSG00000068823;MX:3:102927985-102936105:102936528-102947249:102927985-102946008:102946206-102947249:+	MX	0.009920891828105051	0.3789068075	False
ENSMUSG00000068823;SE:3:102927985-102936105:102936528-102946008:+	SE	-0.0814242153906482	0.3671328671	False
ENSMUSG00000068823;SE:3:102936528-102943891:102944037-102946008:+	SE	0.02253546722231195	0.3789068075	False
ENSMUSG00000068823;SE:3:102936528-102946008:102946206-102947249:+	SE	-0.014058021160896828	0.3789068075	False
ENSMUSG00000068823;SE:3:102947358-102947757:102947849-102948461:+	SE	-0.11109378655156943	0.3109390609	False
ENSMUSG00000068917;A3:3:89074511-89076002:89074511-89076005:+	A3	-0.027572928758989312	0.3102453102	False
ENSMUSG00000068917;A3:3:89076230-89076922:89076230-89076925:+	A3	-0.10695822618520351	0.3102453102	False
ENSMUSG00000068917;A5:3:89072413-89074342:89072198-89074342:+	A5	-0.07822063708948707	0.3102453102	False
ENSMUSG00000068917;AF:3:89072126:89072198-89074342:89072286:89072413-89074342:+	AF	-0.027161190792969858	0.3102453102	False
ENSMUSG00000068917;RI:3:89076922:89077009-89077356:89077422:+	RI	0.06345502808440415	0.3102453102	False
ENSMUSG00000068917;SE:3:89072413-89073989:89074121-89074342:+	SE	0.0066613968555860326	0.3681318681	False
ENSMUSG00000068917;SE:3:89076230-89076922:89077009-89077356:+	SE	-0.06756158904877996	0.3102453102	False
ENSMUSG00000068917;SE:3:89076230-89076925:89077009-89077356:+	SE	-0.021991180646866004	0.3102453102	False
ENSMUSG00000069539;A3:10:89481419-89481539:89481416-89481539:-	A3	0.025601229799130876	0.2397602398	False
ENSMUSG00000069678;A3:6:83056249-83056414:83056249-83056415:+	A3	-0.01494833600864219	0.4175824176	False
ENSMUSG00000069678;A3:6:83056936-83057035:83056936-83057061:+	A3	-0.026389737528271784	0.4175824176	False
ENSMUSG00000069678;AF:6:83055327:83055459-83055876:83055611:83055680-83055876:+	AF	-0.08659558089970065	0.4175824176	False
ENSMUSG00000069678;AF:6:83055327:83055459-83055876:83055672:83055680-83055876:+	AF	0.0	0.4175824176	False
ENSMUSG00000069678;AF:6:83055371:83055459-83055876:83055611:83055680-83055876:+	AF	-0.07931078633582278	0.4175824176	False
ENSMUSG00000069678;AF:6:83055371:83055459-83055876:83055672:83055680-83055876:+	AF	0.0	0.4175824176	False
ENSMUSG00000069895;SE:8:110461995-110462092:110462157-110464263:-	SE	0.12127467837562833	0.0594405594	False
ENSMUSG00000070034;A3:1:85523448-85523683:85522154-85523683:-	A3	0.1806313719252108	0.0729270729	False
ENSMUSG00000070034;RI:1:85506778:85506920-85507365:85507466:-	RI	0.06460258307953812	0.1103896104	False
ENSMUSG00000070034;RI:1:85512624:85512773-85513936:85514016:-	RI	0.13139110862997014	0.0729270729	False
ENSMUSG00000070034;SE:1:85523830-85525966:85526117-85526350:-	SE	0.06367536753981685	0.1103896104	False
ENSMUSG00000070686;A5:5:93784602-93785392:93784602-93785419:-	A5	-0.008087269272581521	0.3676323676	False
ENSMUSG00000070686;A5:5:93784602-93785392:93784602-93785853:-	A5	-0.012245088546443683	0.3676323676	False
ENSMUSG00000070686;A5:5:93784602-93785419:93784602-93785853:-	A5	-0.01916536236413907	0.3676323676	False
ENSMUSG00000071054;A3:17:56907971-56908048:56907971-56908056:+	A3	-0.003006442817641841	0.4135864136	False
ENSMUSG00000071054;A3:17:56912399-56912551:56912399-56912557:+	A3	-0.10925500758729571	0.2487512488	False
ENSMUSG00000071054;SE:17:56904815-56905644:56906220-56906623:+	SE	-0.003118972188943636	0.4135864136	False
ENSMUSG00000071072;SE:10:127906101-127907937:127908026-127910091:+	SE	0.00902300154100455	0.3201798202	False
ENSMUSG00000071089;A5:8:65436754-65440217:65436754-65440245:-	A5	-0.05428351191993319	0.1348651349	False
ENSMUSG00000071226;A3:6:120735592-120738102:120735592-120738105:+	A3	-0.015100699846759214	0.4340659341	False
ENSMUSG00000071226;A5:6:120733898-120734527:120733814-120734527:+	A5	-0.001070629122560618	0.4340659341	False
ENSMUSG00000071226;SE:6:120715286-120720744:120720827-120727813:+	SE	-0.03401775644104743	0.4340659341	False
ENSMUSG00000071708;AF:X:156253104-156274288:156274368:156253104-156274901:156275040:-	AF	-0.16497471366625271	0.3016983017	False
ENSMUSG00000071708;AF:X:156253104-156274288:156274368:156253104-156274901:156275062:-	AF	0.0175065134168104	0.3016983017	False
ENSMUSG00000071708;AF:X:156253104-156274288:156274368:156253104-156274901:156275283:-	AF	0.023146150958024445	0.3016983017	False
ENSMUSG00000071708;SE:X:156237909-156238990:156239104-156243323:-	SE	0.05396587467801889	0.3016983017	False
ENSMUSG00000072679;A3:6:143193620-143194576:143193620-143194608:+	A3	0.05172592103558782	0.2577422577	False
ENSMUSG00000072679;AL:6:143193620-143194608:143194838:143193620-143241340:143241799:+	AL	-0.06733474747908455	0.1951381951	False
ENSMUSG00000072679;SE:6:143193620-143194576:143194668-143195177:+	SE	-0.08343821206318128	0.1951381951	False
ENSMUSG00000072679;SE:6:143193620-143195177:143195409-143241340:+	SE	-0.04924740564497615	0.1951381951	False
ENSMUSG00000072889;SE:5:72686847-72690388:72690478-72694709:-	SE	0.0	0.4235764236	False
ENSMUSG00000073079;A5:12:55127521-55135955:55127171-55135955:+	A5	0.15309493078165592	0.1971361971	False
ENSMUSG00000073079;AF:12:55127062:55127171-55135955:55127311:55127521-55135955:+	AF	-0.0350540601701432	0.2357642358	False
ENSMUSG00000073079;AF:12:55127062:55127171-55135955:55127345:55127521-55135955:+	AF	-0.7415377838445952	0.041958042	True
ENSMUSG00000073079;AL:12:55138118-55138492:55138686:55138118-55142600:55142674:+	AL	0.3333333333333333	0.1971361971	False
ENSMUSG00000073563;AL:18:54081226-54081717:54081743:54081226-54086317:54086545:+	AL	0.0	0.4245754246	False
ENSMUSG00000073563;SE:18:54066617-54069925:54070020-54081120:+	SE	0.029403153198941934	0.3678821179	False
ENSMUSG00000073563;SE:18:54081226-54081717:54081740-54086317:+	SE	-0.029403153198941767	0.3678821179	False
ENSMUSG00000073705;A3:4:149216889-149221933:149216839-149221933:-	A3	-0.2454399565280544	0.024975025	True
ENSMUSG00000073705;A5:4:149216129-149216716:149216129-149216735:-	A5	-0.0993742166526227	0.103021978	False
ENSMUSG00000073705;AF:4:149216839-149217046:149217092:149216839-149221933:149222026:-	AF	-0.42338056070389607	0.0524475524	False
ENSMUSG00000073705;AF:4:149216839-149217046:149217092:149216839-149221933:149222086:-	AF	-0.11989800408297985	0.1038961039	False
ENSMUSG00000074129;A3:7:44775677-44775902:44775661-44775902:-	A3	0.028232572805217716	0.3384692231	False
ENSMUSG00000074129;A3:7:44776251-44776415:44776218-44776415:-	A3	0.003501257043722133	0.4340659341	False
ENSMUSG00000074129;A3:7:44776516-44776633:44776511-44776633:-	A3	-0.002183126892264853	0.4340659341	False
ENSMUSG00000074129;A3:7:44776698-44776920:44776516-44776920:-	A3	-0.0097316338195742	0.4301809302	False
ENSMUSG00000074129;A5:7:44776992-44777966:44776992-44778124:-	A5	-0.0017145247447602156	0.4340659341	False
ENSMUSG00000074129;AF:7:44776992-44777252:44777577:44776992-44777966:44778050:-	AF	0.40313614671201703	0.2821067821	False
ENSMUSG00000074129;AF:7:44776992-44777252:44777577:44776992-44777966:44778159:-	AF	0.05855074964257212	0.4227772228	False
ENSMUSG00000074129;AF:7:44776992-44777252:44777577:44776992-44778124:44778126:-	AF	0.0015157428411516835	0.4340659341	False
ENSMUSG00000074129;AF:7:44776992-44777252:44777577:44776992-44778124:44778144:-	AF	-0.24302384648805425	0.3175006811	False
ENSMUSG00000074129;AF:7:44776992-44777252:44777577:44776992-44778124:44778147:-	AF	-0.0350572980372692	0.4301809302	False
ENSMUSG00000074129;AF:7:44776992-44777252:44777577:44776992-44778124:44778159:-	AF	0.39801874107836543	0.2821067821	False
ENSMUSG00000074129;AF:7:44776992-44777252:44777577:44776992-44778124:44778160:-	AF	0.39617724825677	0.2821067821	False
ENSMUSG00000074129;AF:7:44776992-44777252:44777577:44776992-44778124:44778161:-	AF	0.0	0.4301809302	False
ENSMUSG00000074129;AF:7:44776992-44777252:44777577:44776992-44778124:44778185:-	AF	0.06903478983290215	0.3175006811	False
ENSMUSG00000074129;AF:7:44776992-44777966:44778050:44776992-44778124:44778126:-	AF	-0.07240588697688694	0.2821067821	False
ENSMUSG00000074129;AF:7:44776992-44777966:44778050:44776992-44778124:44778185:-	AF	-0.10450273831128797	0.2821067821	False
ENSMUSG00000074129;MX:7:44775661-44775902:44775961-44776415:44775661-44776166:44776218-44776415:-	MX	0.0	0.4340659341	False
ENSMUSG00000074129;RI:7:44776415:44776516-44776633:44776698:-	RI	0.0258414534204711	0.4227772228	False
ENSMUSG00000074129;SE:7:44775961-44776133:44776218-44776415:-	SE	0.08943513173782769	0.2821067821	False
ENSMUSG00000074129;SE:7:44775961-44776133:44776251-44776415:-	SE	0.09913206501336974	0.3384692231	False
ENSMUSG00000074129;SE:7:44775961-44776415:44776516-44776633:-	SE	0.16703871027327166	0.2821067821	False
ENSMUSG00000074129;SE:7:44776516-44776633:44776698-44776920:-	SE	-0.3618228072216619	0.022977023	True
ENSMUSG00000074238;SE:3:127606944-127609245:127609343-127610559:-	SE	0.09717216457546363	0.2262737263	False
ENSMUSG00000074238;SE:3:127616962-127628513:127628543-127630798:-	SE	0.03472956323048867	0.2262737263	False
ENSMUSG00000074305;SE:9:56168046-56225947:56226104-56281660:-	SE	0.012873996584986891	0.2867132867	False
ENSMUSG00000074366;A5:7:15484408-15491417:15484341-15491417:+	A5	0.04507762330549725	0.1763236763	False
ENSMUSG00000074366;SE:7:15484341-15484472:15484530-15491417:+	SE	0.03164385650331836	0.1763236763	False
ENSMUSG00000074513;A5:3:84435105-84436477:84435105-84436498:-	A5	-0.0066633504055736426	0.4040959041	False
ENSMUSG00000074513;SE:3:84435105-84436477:84436572-84441894:-	SE	0.005702951819204438	0.4040959041	False
ENSMUSG00000074513;SE:3:84435105-84436498:84436572-84441894:-	SE	0.003543414215531933	0.4040959041	False
ENSMUSG00000074656;A5:2:154730280-154734029:154730280-154734610:-	A5	0.03469654893474744	0.2037962038	False
ENSMUSG00000074698;A5:2:152068952-152092322:152068911-152092322:+	A5	0.05899081510503307	0.2572427572	False
ENSMUSG00000074698;SE:2:152096241-152099298:152099399-152099861:+	SE	-0.030898246338834312	0.2572427572	False
ENSMUSG00000074884;A3:2:121280564-121281069:121280564-121281179:+	A3	-0.019623456509994953	0.3221778222	False
ENSMUSG00000074884;A3:2:121280564-121281069:121280564-121281202:+	A3	-0.030318511955203173	0.3221778222	False
ENSMUSG00000074884;A3:2:121280564-121281179:121280564-121281202:+	A3	-0.11752465650964061	0.1918081918	False
ENSMUSG00000074895;A3:13:54931914-54932004:54931914-54932167:+	A3	-0.08451575806960794	0.3944805195	False
ENSMUSG00000074895;A3:13:54934545-54934662:54934545-54934692:+	A3	-0.0008094535571413486	0.4300699301	False
ENSMUSG00000074895;A3:13:54934545-54934662:54934545-54934700:+	A3	0.0077013476426061045	0.4300699301	False
ENSMUSG00000074895;A3:13:54934545-54934692:54934545-54934700:+	A3	0.05813218762667155	0.4099025974	False
ENSMUSG00000074895;A5:13:54931846-54932167:54931843-54932167:+	A5	0.049748705959414496	0.3944805195	False
ENSMUSG00000074895;A5:13:54931914-54932004:54931846-54932004:+	A5	-0.04461674191078524	0.4099025974	False
ENSMUSG00000074895;A5:13:54931914-54932167:54931843-54932167:+	A5	0.13975195858646539	0.3944805195	False
ENSMUSG00000074895;A5:13:54931914-54932167:54931846-54932167:+	A5	0.014271768286677894	0.4099025974	False
ENSMUSG00000074895;A5:13:54932375-54932622:54932114-54932622:+	A5	0.026198465842352525	0.4099025974	False
ENSMUSG00000074895;A5:13:54932818-54933291:54932717-54933291:+	A5	0.000986162992317483	0.4300699301	False
ENSMUSG00000074895;MX:13:54931846-54932004:54932114-54932622:54931846-54932167:54932375-54932622:+	MX	0.0010948494569426332	0.4300699301	False
ENSMUSG00000074895;MX:13:54931914-54932004:54932114-54932622:54931914-54932167:54932375-54932622:+	MX	-0.07533295676582052	0.3944805195	False
ENSMUSG00000074895;SE:13:54932717-54933291:54933354-54934432:+	SE	0.002181483780410054	0.4300699301	False
ENSMUSG00000075023;A3:2:93687195-93687290:93687162-93687290:-	A3	-0.006188165402730039	0.3471528472	False
ENSMUSG00000075023;A3:2:93699032-93699367:93698990-93699367:-	A3	-0.2830675153197354	0.038961039	True
ENSMUSG00000075023;AF:2:93694796-93695078:93695161:93694796-93699367:93699502:-	AF	0.04919863254828505	0.2770354645	False
ENSMUSG00000075023;AF:2:93696574-93698784:93699038:93696574-93699367:93699502:-	AF	0.2234787773238816	0.0382117882	True
ENSMUSG00000075023;AF:2:93696574-93699367:93699502:93696574-93760611:93760827:-	AF	-0.0353328012921067	0.2697302697	False
ENSMUSG00000075023;SE:2:93686125-93686249:93686325-93687042:-	SE	-0.017621926554249864	0.2770354645	False
ENSMUSG00000075023;SE:2:93694796-93696027:93696574-93699367:-	SE	-0.11429623244843323	0.1045204795	False
ENSMUSG00000075023;SE:2:93696574-93698784:93698990-93699367:-	SE	0.19812458909627492	0.0382117882	True
ENSMUSG00000075023;SE:2:93696574-93698784:93699032-93699367:-	SE	-0.045867863897015984	0.2697302697	False
ENSMUSG00000075610;A3:11:94669941-94670082:94669885-94670082:-	A3	-0.22173826935962782	0.1888111888	False
ENSMUSG00000075610;A5:11:94669574-94669743:94669574-94669887:-	A5	0.01983918581513408	0.2662337662	False
ENSMUSG00000075610;MX:11:94669574-94669743:94669885-94670082:94669574-94669887:94669941-94670082:-	MX	0.056161300782599025	0.239010989	False
ENSMUSG00000076432;SE:12:21441416-21441718:21441800-21444966:-	SE	0.10677277743978449	0.1158841159	False
ENSMUSG00000078578;A3:3:135144459-135145405:135144459-135145422:+	A3	-0.17548793094429838	0.1905786521	False
ENSMUSG00000078578;A5:3:135144193-135145405:135144113-135145405:+	A5	0.015360229140246835	0.327992008	False
ENSMUSG00000078578;A5:3:135144459-135145405:135144323-135145405:+	A5	0.07133833142369317	0.2801008515	False
ENSMUSG00000078578;A5:3:135144625-135145405:135144459-135145405:+	A5	0.06474830512328794	0.2849324588	False
ENSMUSG00000078578;A5:3:135144631-135145405:135144625-135145405:+	A5	0.18001663651103095	0.1905786521	False
ENSMUSG00000078578;AF:3:135143910:135143945-135145405:135143995:135144113-135145405:+	AF	0.17048417438205024	0.0999000999	False
ENSMUSG00000078578;AF:3:135143910:135143945-135145405:135144077:135144193-135145405:+	AF	0.39950271597444964	0.0999000999	False
ENSMUSG00000078578;AF:3:135143910:135143945-135145405:135144241:135144459-135145405:+	AF	0.34889680029858905	0.0999000999	False
ENSMUSG00000078578;AF:3:135143910:135143945-135145405:135144290:135144459-135145405:+	AF	-0.00017931743198429384	0.4045609563	False
ENSMUSG00000078578;AF:3:135143910:135143945-135145405:135144294:135144323-135145405:+	AF	0.4531613120146061	0.0999000999	False
ENSMUSG00000078578;AF:3:135143910:135143945-135145405:135144326:135144625-135145405:+	AF	0.38715050378187565	0.1054945055	False
ENSMUSG00000078578;AF:3:135143910:135143945-135145405:135144508:135144631-135145405:+	AF	-0.20130010072915938	0.2264402264	False
ENSMUSG00000078578;AF:3:135143910:135143945-135145405:135144515:135144625-135145405:+	AF	0.24064418629022644	0.1712573141	False
ENSMUSG00000078578;AF:3:135143995:135144113-135145405:135144241:135144459-135145405:+	AF	-0.0814081695420743	0.1905786521	False
ENSMUSG00000078578;AF:3:135143995:135144113-135145405:135144290:135144459-135145405:+	AF	-2.4400670584845408e-05	0.453046953	False
ENSMUSG00000078578;AF:3:135143995:135144113-135145405:135144294:135144323-135145405:+	AF	0.0006365271814949836	0.453046953	False
ENSMUSG00000078578;AF:3:135143995:135144113-135145405:135144326:135144625-135145405:+	AF	-0.024249965039478405	0.2849324588	False
ENSMUSG00000078578;AF:3:135143995:135144113-135145405:135144508:135144631-135145405:+	AF	-0.05065902691459501	0.2264402264	False
ENSMUSG00000078578;AF:3:135143995:135144113-135145405:135144515:135144625-135145405:+	AF	-0.09919862827587134	0.1905786521	False
ENSMUSG00000078578;AF:3:135144077:135144193-135145405:135144241:135144459-135145405:+	AF	-0.09105688482283622	0.2330301278	False
ENSMUSG00000078578;AF:3:135144077:135144193-135145405:135144290:135144459-135145405:+	AF	-0.0008034915491093031	0.4045609563	False
ENSMUSG00000078578;AF:3:135144077:135144193-135145405:135144294:135144323-135145405:+	AF	0.017358283710784073	0.4045609563	False
ENSMUSG00000078578;AF:3:135144077:135144193-135145405:135144326:135144625-135145405:+	AF	-0.17935475921643507	0.2264402264	False
ENSMUSG00000078578;AF:3:135144077:135144193-135145405:135144508:135144631-135145405:+	AF	-0.3180348447780582	0.1905786521	False
ENSMUSG00000078578;AF:3:135144077:135144193-135145405:135144515:135144625-135145405:+	AF	-0.17185308499120705	0.1905786521	False
ENSMUSG00000078578;AF:3:135144241:135144459-135145405:135144508:135144631-135145405:+	AF	-0.22458623229977015	0.1712573141	False
ENSMUSG00000078578;AF:3:135144241:135144459-135145405:135144515:135144625-135145405:+	AF	-0.10858537297057591	0.2264402264	False
ENSMUSG00000078578;AF:3:135144290:135144459-135145405:135144515:135144625-135145405:+	AF	0.00015954391334186668	0.4342324342	False
ENSMUSG00000078578;AF:3:135144294:135144323-135145405:135144326:135144625-135145405:+	AF	-0.169836583080714	0.2801008515	False
ENSMUSG00000078578;AF:3:135144294:135144323-135145405:135144515:135144625-135145405:+	AF	-0.0628698246842514	0.2937062937	False
ENSMUSG00000078578;SE:3:135161138-135162362:135162405-135164559:+	SE	0.05673995559610123	0.2264402264	False
ENSMUSG00000078578;SE:3:135168804-135169482:135169531-135170956:+	SE	-0.006482505562892818	0.4045609563	False
ENSMUSG00000078652;A5:11:101210418-101210738:101210330-101210738:+	A5	0.0154134603947252	0.3496503497	False
ENSMUSG00000078652;AF:11:101207039:101207314-101208007:101207803:101207921-101208007:+	AF	-0.006888167205324036	0.3496503497	False
ENSMUSG00000078652;AF:11:101207039:101207314-101208007:101207849:101207921-101208007:+	AF	-0.016933129625117505	0.3496503497	False
ENSMUSG00000078652;SE:11:101207314-101207847:101207921-101208007:+	SE	-0.018364733836789514	0.3496503497	False
ENSMUSG00000078812;AF:11:69810162-69811167:69811456:69810162-69811627:69811766:-	AF	-0.36388976801100004	0.4099025974	False
ENSMUSG00000078812;AF:11:69810162-69811167:69811456:69810162-69811850:69811890:-	AF	-0.08769039766897324	0.4099025974	False
ENSMUSG00000078812;AF:11:69810162-69811167:69811456:69810162-69811868:69811890:-	AF	-0.4741712208011932	0.4099025974	False
ENSMUSG00000078812;AF:11:69810162-69811167:69811456:69810162-69811989:69812212:-	AF	0.01585175131870458	0.4099025974	False
ENSMUSG00000078812;AF:11:69810162-69811627:69811766:69810162-69811989:69812212:-	AF	0.018363686871217734	0.4099025974	False
ENSMUSG00000078812;AF:11:69810162-69811850:69811890:69810162-69811989:69812212:-	AF	0.008344162548901352	0.4467532468	False
ENSMUSG00000078812;AF:11:69810162-69811868:69811890:69810162-69811989:69812212:-	AF	0.052521895916864535	0.4099025974	False
ENSMUSG00000078812;AF:11:69811260-69811627:69811766:69811260-69811850:69811911:-	AF	-0.005161054287976117	0.4475524476	False
ENSMUSG00000078812;AF:11:69811260-69811850:69811911:69811260-69811989:69812212:-	AF	-0.05829195282052779	0.4099025974	False
ENSMUSG00000078812;SE:11:69810162-69810275:69810304-69811989:-	SE	-0.0012099327360584004	0.4475524476	False
ENSMUSG00000078812;SE:11:69810162-69811167:69811248-69811989:-	SE	0.0	0.4475524476	False
ENSMUSG00000078812;SE:11:69810162-69811167:69811260-69811850:-	SE	-0.014971144475335985	0.4467532468	False
ENSMUSG00000078812;SE:11:69810162-69811167:69811260-69811989:-	SE	0.01904443431192495	0.4099025974	False
ENSMUSG00000078941;AF:13:100787487:100787953-100790699:100788134:100788225-100790699:+	AF	0.0	0.4380619381	False
ENSMUSG00000078941;AF:13:100787851:100787953-100790699:100788134:100788225-100790699:+	AF	0.0	0.4380619381	False
ENSMUSG00000079084;SE:9:13246676-13248884:13248967-13251696:+	SE	-0.010742172696292351	0.3586413586	False
ENSMUSG00000079084;SE:9:13246676-13251696:13252423-13252851:+	SE	-0.013673135805302269	0.3586413586	False
ENSMUSG00000079477;AF:6:87990680-87996618:87996765:87990680-88021919:88021999:-	AF	0.03915089405066163	0.1910589411	False
ENSMUSG00000079477;AF:6:87990680-87996618:87996765:87990680-88022055:88022180:-	AF	-0.05563759455205797	0.1576994434	False
ENSMUSG00000079477;AF:6:87990680-87996618:87996765:87990680-88022055:88022252:-	AF	-0.10451171652830205	0.1423576424	False
ENSMUSG00000079477;AF:6:87990680-88021919:88021999:87990680-88022055:88022252:-	AF	-0.20494654279458752	0.1423576424	False
ENSMUSG00000079477;AF:6:87992700-87996618:87996765:87992700-88022055:88022213:-	AF	-0.1406943870980416	0.1576994434	False
ENSMUSG00000079477;AF:6:87992700-87996618:87996765:87992700-88022055:88022227:-	AF	-0.16673039694503566	0.1423576424	False
ENSMUSG00000079477;SE:6:87990680-87991568:87991702-87992614:-	SE	0.12109521434141184	0.1576994434	False
ENSMUSG00000079477;SE:6:87990680-87992614:87992700-87996618:-	SE	-0.007935937322159456	0.3306693307	False
ENSMUSG00000079477;SE:6:87990680-87992614:87992700-88022055:-	SE	0.02014786181867842	0.3306693307	False
ENSMUSG00000079658;A5:1:16718231-16727136:16718231-16727216:-	A5	-0.0175685554000658	0.3854781582	False
ENSMUSG00000079658;AF:1:16718231-16726520:16726849:16718231-16727046:16727108:-	AF	-0.2471241778458384	0.3854781582	False
ENSMUSG00000079658;AF:1:16718231-16726520:16726849:16718231-16727136:16727242:-	AF	-0.1866494083967851	0.3854781582	False
ENSMUSG00000079658;AF:1:16718231-16726520:16726849:16718231-16727216:16727266:-	AF	-0.04698137812842558	0.3854781582	False
ENSMUSG00000079658;AF:1:16718231-16727046:16727102:16718231-16727136:16727242:-	AF	0.15810540543592105	0.3854781582	False
ENSMUSG00000079658;AF:1:16718231-16727046:16727102:16718231-16727216:16727266:-	AF	0.017854576570927566	0.3854781582	False
ENSMUSG00000079658;AF:1:16718231-16727046:16727108:16718231-16727136:16727242:-	AF	-0.06715811712869169	0.3854781582	False
ENSMUSG00000079658;AF:1:16718231-16727046:16727108:16718231-16727216:16727262:-	AF	0.27341086554708904	0.3854781582	False
ENSMUSG00000079658;AF:1:16718231-16727046:16727108:16718231-16727216:16727266:-	AF	-0.013173233652737586	0.3854781582	False
ENSMUSG00000079658;AF:1:16718231-16727046:16727124:16718231-16727136:16727242:-	AF	0.0	0.3977272727	False
ENSMUSG00000079658;AF:1:16718231-16727046:16727124:16718231-16727216:16727266:-	AF	0.0	0.4335664336	False
ENSMUSG00000079658;SE:1:16716053-16717212:16717277-16718179:-	SE	-0.030071168462097585	0.3854781582	False
ENSMUSG00000079658;SE:1:16718231-16726520:16726683-16727046:-	SE	0.021218542555619835	0.3854781582	False
ENSMUSG00000083012;AL:5:143534889-143537297:143537688:143534889-143548512:143550286:+	AL	-0.002004978979797567	0.4095904096	False
ENSMUSG00000084786;A3:9:20556785-20556898:20556785-20556918:+	A3	0.009490080134948883	0.4083416583	False
ENSMUSG00000084786;A5:9:20556272-20556489:20556189-20556489:+	A5	-0.09014279987736037	0.3471528472	False
ENSMUSG00000084786;A5:9:20556789-20556918:20556785-20556918:+	A5	5.3907484551283386e-05	0.4470529471	False
ENSMUSG00000084786;AF:9:20555367:20555434-20556120:20555636:20555684-20556120:+	AF	-0.011451132038270806	0.4083416583	False
ENSMUSG00000084786;RI:9:20556489:20556555-20556702:20556785:+	RI	0.009379506944062116	0.4083416583	False
ENSMUSG00000090083;A3:17:29840611-29845374:29840611-29845480:+	A3	-0.13267166919706647	0.196969697	False
ENSMUSG00000090083;AF:17:29833764:29834052-29840483:29835110:29835202-29840483:+	AF	0.3245221729068597	0.196969697	False
ENSMUSG00000090083;AF:17:29833828:29834052-29840483:29835110:29835202-29840483:+	AF	0.08229627511151116	0.196969697	False
ENSMUSG00000090083;AF:17:29833942:29834052-29840483:29835110:29835202-29840483:+	AF	0.11219004870418758	0.196969697	False
ENSMUSG00000090083;AL:17:29834052-29838268:29838531:29834052-29845480:29846146:+	AL	-0.25925983938578245	0.196969697	False
ENSMUSG00000090083;RI:17:29845480:29845816-29845921:29846223:+	RI	0.02243883694864085	0.3026973027	False
ENSMUSG00000090083;SE:17:29834052-29840483:29840611-29845480:+	SE	-0.08440588200693488	0.196969697	False
ENSMUSG00000090254;A3:6:89118067-89121530:89118067-89121544:+	A3	0.04607042026174239	0.1873126873	False
ENSMUSG00000090254;A3:6:89118067-89121530:89118067-89121595:+	A3	0.22110443829044713	0.0629370629	False
ENSMUSG00000090254;A3:6:89118067-89121544:89118067-89121595:+	A3	0.051881895011358536	0.1873126873	False
ENSMUSG00000090254;SE:6:89118067-89121530:89121658-89122141:+	SE	0.10395510825256304	0.1873126873	False
ENSMUSG00000090254;SE:6:89118067-89121544:89121658-89122141:+	SE	0.008811897871509267	0.3046953047	False
ENSMUSG00000090254;SE:6:89118067-89121595:89121658-89122141:+	SE	0.014382664365763964	0.3046953047	False
ENSMUSG00000090553;SE:1:133531814-133534239:133534317-133536635:-	SE	-0.004671087563281606	0.3791208791	False
ENSMUSG00000090891;A3:6:87081824-87087856:87081824-87087859:+	A3	0.017917977748635787	0.3215534466	False
ENSMUSG00000090891;A5:6:87081824-87087856:87081821-87087856:+	A5	0.018822481858892348	0.3361638362	False
ENSMUSG00000090891;MX:6:87081824-87087041:87087116-87087859:87081824-87087603:87087720-87087859:+	MX	-0.023732103436615803	0.3215534466	False
ENSMUSG00000090891;SE:6:87081824-87087041:87087116-87087859:+	SE	0.12308359852764236	0.1398601399	False
ENSMUSG00000090891;SE:6:87081824-87087603:87087720-87087859:+	SE	0.0164887864576025	0.3215534466	False
ENSMUSG00000091896;A3:18:35926581-35932894:35926581-35934327:+	A3	0.49290029278873226	0.4184704185	False
ENSMUSG00000091896;A3:18:35933268-35934327:35933268-35934369:+	A3	0.003857488536185283	0.4184704185	False
ENSMUSG00000091896;AL:18:35934420-35938571:35938749:35934420-35942261:35942547:+	AL	0.11613713212727905	0.4184704185	False
ENSMUSG00000091896;AL:18:35934420-35938571:35940214:35934420-35942261:35942547:+	AL	-0.2410299853975526	0.4184704185	False
ENSMUSG00000091896;AL:18:35934420-35938571:35940221:35934420-35942261:35942547:+	AL	-0.03181765609829801	0.4184704185	False
ENSMUSG00000091896;RI:18:35933005:35933082-35933163:35933268:+	RI	0.007725445174492334	0.4184704185	False
ENSMUSG00000091896;SE:18:35932925-35933005:35933082-35933163:+	SE	0.0	0.457042957	False
ENSMUSG00000093674;A3:10:128384320-128384527:128384298-128384527:-	A3	-0.0029074724503071825	0.3851148851	False
ENSMUSG00000093674;A3:10:128384842-128384957:128384840-128384957:-	A3	-0.010906324712640636	0.3851148851	False
ENSMUSG00000093674;RI:10:128384527:128384549-128384818:128384842:-	RI	0.03190655692348997	0.3851148851	False
ENSMUSG00000095975;AF:14:25938728:25938818-25952340:25942963:25943024-25952340:+	AF	0.00915920523639345	0.3551448551	False
ENSMUSG00000096276;A3:12:87924881-87925395:87924881-87925398:+	A3	-0.0017775482441452217	0.4290709291	False
ENSMUSG00000096276;A5:12:87925970-87926602:87925542-87926602:+	A5	-0.12825069390400695	0.0719280719	False
ENSMUSG00000096276;AF:12:87920850:87920949-87924571:87921198:87921352-87924571:+	AF	0.17410962078114653	0.0719280719	False
ENSMUSG00000096276;AF:12:87920850:87920949-87924571:87921249:87921352-87924571:+	AF	0.2304397241912385	0.0719280719	False
ENSMUSG00000096276;AF:12:87920850:87920949-87924571:87921272:87921352-87924571:+	AF	0.16472327387528168	0.0771728272	False
ENSMUSG00000096276;AF:12:87920902:87920949-87924571:87921198:87921352-87924571:+	AF	0.0	0.4290709291	False
ENSMUSG00000096276;AF:12:87920902:87920949-87924571:87921249:87921352-87924571:+	AF	0.0	0.4290709291	False
ENSMUSG00000096276;AF:12:87920902:87920949-87924571:87921272:87921352-87924571:+	AF	0.0	0.4290709291	False
ENSMUSG00000096276;MX:12:87921352-87922173:87922355-87924571:87921352-87923333:87923383-87924571:+	MX	0.1368789339938581	0.0719280719	False
ENSMUSG00000096276;SE:12:87921352-87922173:87922355-87924571:+	SE	0.2611388977132984	0.02997003	True
ENSMUSG00000096276;SE:12:87921352-87923333:87923383-87924571:+	SE	0.12172627032975092	0.0719280719	False
ENSMUSG00000096276;SE:12:87921352-87924571:87924881-87925395:+	SE	-0.13460970778366232	0.0719280719	False
ENSMUSG00000096576;SE:12:87649537-87652736:87653046-87653561:+	SE	-0.24774014746081263	0.0064935065	True
ENSMUSG00000105153;SE:3:34764507-34768116:34768186-34770707:-	SE	-0.03304036573145164	0.1808191808	False
ENSMUSG00000106864;AF:5:31331839-31336989:31337193:31331839-31337228:31337253:-	AF	-0.2890824837203648	0.2830502831	False
ENSMUSG00000106864;AF:5:31331839-31336989:31337193:31331839-31337228:31337255:-	AF	0.007878656127878914	0.4015984016	False
ENSMUSG00000106864;AF:5:31331839-31336989:31337193:31331839-31337228:31337476:-	AF	-0.11803645684354258	0.2830502831	False
ENSMUSG00000106864;AF:5:31331839-31336989:31337193:31331839-31337228:31337488:-	AF	-0.04276548813409159	0.3134865135	False
ENSMUSG00000106864;AL:5:31330038:31330405-31331112:31330735:31330855-31331112:-	AL	0.0	0.4215784216	False
ENSMUSG00000106864;AL:5:31330358:31330405-31331576:31331148:31331433-31331576:-	AL	0.4627106904445579	0.1588411588	False
ENSMUSG00000106864;RI:5:31316778:31316865-31317044:31317205:-	RI	0.05216134011290065	0.2830502831	False
ENSMUSG00000106864;RI:5:31325333:31325444-31325595:31325822:-	RI	0.0770128060657298	0.2830502831	False
ENSMUSG00000106864;SE:5:31330405-31330727:31330855-31331112:-	SE	-0.03858933097777678	0.2830502831	False
ENSMUSG00000106864;SE:5:31330405-31331112:31331433-31331576:-	SE	-0.08257688744082647	0.2830502831	False
ENSMUSG00000106864;SE:5:31331839-31333839:31333900-31337228:-	SE	-0.03858933097777678	0.2830502831	False
ENSMUSG00000109511;A5:7:44465896-44477911:44465883-44477911:+	A5	0.0	0.456043956	False
ENSMUSG00000109511;A5:7:44465902-44477911:44465883-44477911:+	A5	0.10520032304813381	0.2787212787	False
ENSMUSG00000109511;A5:7:44465902-44477911:44465896-44477911:+	A5	0.0	0.456043956	False
ENSMUSG00000109511;A5:7:44465907-44477911:44465883-44477911:+	A5	-0.014682622852856153	0.456043956	False
ENSMUSG00000109511;A5:7:44465907-44477911:44465896-44477911:+	A5	0.0	0.456043956	False
ENSMUSG00000109511;A5:7:44465907-44477911:44465902-44477911:+	A5	-0.10889934956780245	0.2787212787	False
ENSMUSG00000109511;AF:7:44465512:44465907-44477911:44467861:44467992-44477911:+	AF	-0.009303999972229193	0.456043956	False
ENSMUSG00000109511;AF:7:44465724:44465883-44477911:44467861:44467992-44477911:+	AF	-0.008576497175105002	0.456043956	False
ENSMUSG00000109511;AF:7:44465807:44465902-44477911:44467861:44467992-44477911:+	AF	-0.034342554874984055	0.456043956	False
ENSMUSG00000110001;MX:7:46618456-46618901:46619152-46624602:46618456-46620083:46620189-46624602:-	MX	-0.0034381249405923686	0.4355644356	False
ENSMUSG00000110001;SE:7:46618456-46618901:46619152-46620083:-	SE	0.0010210308691399606	0.4355644356	False
ENSMUSG00000110001;SE:7:46618456-46618901:46619152-46624602:-	SE	0.008558388018968438	0.4355644356	False
ENSMUSG00000110001;SE:7:46618456-46620083:46620189-46624602:-	SE	0.0005823181096936657	0.4355644356	False
ENSMUSG00000110001;SE:7:46619152-46620083:46620189-46624602:-	SE	0.005371888127867486	0.4355644356	False
ENSMUSG00000117310;A3:1:30985720-30988630:30985717-30988630:-	A3	0.021676184320954583	0.2582417582	False
ENSMUSG00000118332;AL:5:143534889-143537164:143537693:143534889-143548512:143550280:+	AL	-0.07304995472747422	0.2757242757	False
ENSMUSG00000118332;AL:5:143534889-143537164:143537693:143534889-143548512:143550286:+	AL	-0.0037886939674257603	0.3831168831	False
ENSMUSG00000118332;SE:5:143534889-143537164:143537296-143548512:+	SE	-0.03017688144550388	0.3831168831	False
ENSMUSG00000119987;A3:3:57287162-57295077:57286991-57295077:-	A3	0.0	0.4635364635	False
ENSMUSG00000119987;AL:3:57213277:57213838-57295077:57285312:57286991-57295077:-	AL	0.0	0.4635364635	False
ENSMUSG00000121465;A3:14:24343655-24346065:24343655-24346077:+	A3	0.013159569804534477	0.3266733267	False
ENSMUSG00000121465;A3:14:24348165-24356882:24348165-24356894:+	A3	0.03605655515711015	0.2455877456	False
ENSMUSG00000121465;AF:14:24343282:24343375-24346065:24343387:24343655-24346065:+	AF	-0.13027185616735393	0.1423576424	False
ENSMUSG00000121465;AF:14:24343304:24343375-24346065:24343387:24343655-24346065:+	AF	-0.0385150076379307	0.2455877456	False
ENSMUSG00000121465;AF:14:24343352:24343375-24346065:24343387:24343655-24346065:+	AF	-0.015067828689445173	0.3266733267	False
