	coef	c_control	c_perturbed	delta	symbol	label	log2FC_control_L2C_vs_E2C
106564	-0.013523241408207416	-0.024228573187334186	-0.018497126232042596	0.00573144695529159	Ppcs	zygotic	3.6820930462533403
16601	-0.019932754592436968	-0.02413362835219286	-0.023050318545831002	0.0010833098063618568	Klf9	neither	3.5689305517331613
27060	-0.019755398159038262	-0.01812672594091404	-0.01173949661873177	0.006387229322182272	Tcirg1	neither	2.494366082701327
100515	-0.015969915076996768	-0.017348357856248647	-0.013669059128738526	0.003679298727510121	Zfp518b	neither	3.183372712030688
64660	-0.017225248272322646	-0.01439115016227751	-0.006047657099252542	0.008343493063024968	Mrps24	neither	2.4976648336743312
11932	-0.012393574621998872	-0.01419202220803466	-0.018356586920535888	-0.004164564712501229	Atp1b2	neither	2.634704110497529
84095	-0.01591479283604847	-0.014000300709381405	-0.013288338128819495	0.0007119625805619093	Pi4k2a	neither	2.6879726993073714
71461	-0.012004434760982077	-0.013895886519515463	-0.010983803907488841	0.002912082612026622	Ptk7	neither	2.9996025222964953
93689	-0.012491057588569793	-0.013015170479160426	-0.01183690744628485	0.001178263032875576	Lmod1	neither	2.609312451972909
93695	0.020840951603642202	-0.012770877617060167	-0.007940696617979663	0.004830180999080504	Gpnmb	neither	-1.4149865900968825
74513	-0.022684808124284125	-0.012722955736798384	-0.00882696068648618	0.0038959950503122034	Neto2	neither	1.9045112131847495
14114	-0.010999677024866433	-0.012382312834787008	-0.011558543202003009	0.000823769632783999	Fbln1	neither	2.6077151820331372
105193	-0.014540898711711733	-0.011855769217706967	-0.007609135555654244	0.004246633662052723	Nhlrc1	neither	1.2133362851763
15507	-0.01243784933753788	-0.011829350055943634	-0.006075677233538857	0.005753672822404777	Hspb1	neither	2.553387734905313
66614	-0.013517191664869161	-0.011439078268214102	-0.004425103099128837	0.007013975169085265	Gpatch4	neither	2.747256212594745
15505	-0.014823956116726628	-0.011328160046454976	-0.007802329151266292	0.0035258308951886834	Hsph1	neither	2.489329719814067
108811	0.011762895845292519	-0.010965161610287072	-0.0048749905477950915	0.0060901710624919805	Ccdc122	neither	-1.7857339098018197
54561	0.012699591137237193	-0.010918613076250578	-0.007343911090419241	0.0035747019858313363	Nap1l3	neither	-1.8785786177339845
101502	0.0069236226098607825	-0.010861364164648796	-0.005645022948634047	0.00521634121601475	Hsd3b7	maternal	-2.8516469900358357
11363	0.014663941009133319	-0.010655781341986807	-0.006731838628022081	0.003923942713964726	Acadl	neither	-0.8666670815682292
22371	0.031865263090154854	-0.0095851968308141	-0.0032385672991089966	0.006346629531705104	Vwf	neither	-0.47984997345894564
226830	0.031804953453274595	-0.009535884209851039	-0.0117529808418292	-0.0022170966319781608	Smyd2	neither	-0.398169932683516
242466	-0.010855845137065737	-0.009506635704400166	-0.010378908557323879	-0.0008722728529237129	Zfp462	neither	2.7289713897231955
72825	-0.008192316792233626	-0.009237978662829643	-0.0068135025991048585	0.002424476063724784	Mon1a	neither	3.335057772426198
11815	0.016854197063529728	-0.009175250041863581	-0.005730192077208148	0.0034450579646554333	Apod	neither	-0.8854469701280948
227656	-0.011847366900141692	-0.009161197239849147	-0.008687091415283277	0.0004741058245658694	Rexo4	neither	2.5313746595377187
19173	-0.008954702937037736	-0.009051963367129694	-0.010047100514996469	-0.0009951371478667745	Psmb5	neither	2.724972032514702
12824	0.007057013130897925	-0.00904900202606295	-0.004725458949604773	0.0043235430764581775	Col2a1	neither	-1.8091012260299113
269615	-0.01284100932570017	-0.008861993977966939	-0.011566449431585779	-0.00270445545361884	Plch2	neither	1.5761504275618419
70099	-0.03438699856510429	-0.008581475536689823	-0.003019268948002593	0.005562206588687229	Smc4	neither	0.9655708166193213
100502698	0.01730696406446664	-0.00848156298225631	-0.010951895326521225	-0.002470332344264914	Rubcn	neither	-1.2173090583796309
66522	0.0115780449164405	-0.008345405724846627	-0.004784787129794528	0.0035606185950520994	Pgpep1	neither	-1.3907181789604917
71913	-0.006267821158640776	-0.008134988886730117	-0.006614525247186135	0.0015204636395439826	Tmem79	neither	3.782083417971572
228852	-0.005435691888646102	-0.007968110333864372	-0.004661962220370125	0.003306148113494247	Ppp1r16b	neither	4.264402611969291
330171	0.022065246398095654	-0.007933910908163293	-0.007088705289364032	0.0008452056187992617	Kctd10	neither	-0.8052517257315942
381101	-0.006083071094564058	-0.007926649181711688	-0.007148824092845668	0.0007778250888660207	Dnph1	neither	2.196125675970317
12266	0.007356103970099988	-0.007899143565977573	-0.0015010439366895199	0.006398099629288053	C3	neither	-1.4145378986586137
74186	0.006927715155004229	-0.007573753403250089	-0.005806110600103312	0.0017676428031467763	Ccdc3	neither	-2.2009526085355007
330627	0.014346556110092478	-0.007235525694601545	-0.004024762631865026	0.0032107630627365193	Trim66	neither	-0.5184537807080837
21356	-0.012154166474457773	-0.007222508467021278	-0.002280843954051167	0.004941664512970111	Tapbp	neither	1.7178197731139486
224008	0.011940161763406839	-0.007050433285974358	-0.005958435356181942	0.0010919979297924157	Spidr	neither	-1.4881671507121528
75695	-0.01397157207781245	-0.0069997465497646716	-0.005316319144228629	0.0016834274055360426	Rilpl1	neither	1.3568300418809704
20229	-0.009415995684895921	-0.006939686779868017	-0.005914007234129537	0.0010256795457384803	Sat1	neither	2.418734114112923
16453	0.017070198945327936	-0.00657278850512132	0.0025292164805945606	0.00910200498571588	Jak3	neither	-0.32771171270207544
74020	0.008201325174885449	-0.006403102744739679	-0.00014524138479058088	0.006257861359949097	Cpne4	neither	-0.6144297052508388
16147	0.010506735538097216	-0.006364433621325361	0.005604426397113386	0.011968860018438747	Ihh	neither	-0.34658973816506683
12023	0.008190596264903918	-0.00625498320268584	-0.0060151315120144785	0.00023985169067136138	Barx2	neither	-0.9183831412520723
654812	-0.00536455197483453	-0.0061739958958192225	-0.00032903680135496627	0.005844959094464256	Angptl7	neither	1.2057925812519525
22403	0.011462516867536604	-0.0061572235461945955	-0.00460196721991707	0.0015552563262775255	Ccn5	neither	-1.4742026311271499
13602	0.014436315836207615	-0.006071649317280694	-0.005995692499923183	7.595681735751095e-05	Sparcl1	neither	-0.6198352190568629
74414	-0.025230929981288577	-0.0060599402187425854	-0.00423433211710093	0.0018256081016416554	Polr3c	neither	1.0637277471259345
212547	-0.007450619538041031	-0.006019853067244807	-0.005204312707373951	0.0008155403598708562	Nepro	neither	2.5559817357216934
16956	0.010040756273216538	-0.005962199881607821	-0.0033308082590910674	0.0026313916225167537	Lpl	neither	-1.4183005316580186
27276	0.028673396110681915	-0.005798138059002173	-0.007477680770045604	-0.0016795427110434307	Plekhb1	neither	-0.28484991140033905
67669	-0.013265841932150928	-0.005733122048612502	-0.005662255893753504	7.086615485899818e-05	Hikeshi	neither	1.4689536791158118
16570	-0.005132612975383385	-0.005663773184212645	-0.004261869033209798	0.0014019041510028463	Kif3c	neither	3.3058132774172995
67728	-0.005520948935407498	-0.005658652319958614	-0.004798307695172048	0.0008603446247865661	Dph2	neither	3.0154618736702696
20474	0.01416496432178908	-0.005646969927168088	0.00017147706355418794	0.005818446990722276	Six4	neither	-1.0446410369102963
72486	0.005655079337133768	-0.0056369007798790305	-0.0044698339396035845	0.001167066840275446	Obi1	neither	-2.5806249814498967
20500	-0.00490635730280101	-0.005622806902644671	-0.004242514514867114	0.0013802923877775566	Slc13a2	neither	2.216236734708018
16997	0.007685844360215609	-0.00558913588568315	-0.006476898004467767	-0.000887762118784617	Ltbp2	neither	-1.6180212600554336
22352	0.006451966979607658	-0.005584316826034428	-0.002138906911990316	0.003445409914044112	Vim	neither	-1.8583864651197468
75568	-0.005739730847164667	-0.00556881646768868	-0.0035793297702980966	0.0019894866973905836	Capsl	neither	1.116244449963743
94214	0.01412814765385308	-0.005514894637179423	0.002429146191779101	0.007944040828958525	Spock2	neither	-0.5166682735239421
333088	0.007708931117451913	-0.005425749514899659	-0.002122053498073432	0.003303696016826227	Kcp	neither	-1.123469284705118
241070	0.004268850182392995	-0.00538158358950654	-0.0038780291247759243	0.0015035544647306154	Gpr1	maternal	-3.0041411481633706
69215	-0.00657228819699247	-0.005265005777608948	-0.006782924666388689	-0.0015179188887797408	Sat2	neither	2.0285574239958577
20564	0.013189751056217638	-0.005255907685340147	-0.0059191402366679385	-0.0006632325513277913	Slit3	neither	-0.6157969735158063
68458	-0.007295165131602068	-0.005234980834882862	-0.005255997832404563	-2.1016997521701095e-05	Ppp1r14a	neither	1.4175574617994497
16450	0.015334475966643136	-0.005217312884817805	-0.00658868279878594	-0.0013713699139681354	Jag2	neither	-0.7245154017300078
66513	-0.005872714605833362	-0.005200005920088467	-0.004234375776501697	0.0009656301435867704	Tab1	neither	1.8815218418339663
68611	-0.008381155079475887	-0.005184790179538097	-0.0035592370426901234	0.0016255531368479736	Mrpl28	neither	1.8846192355187923
13685	-0.009087672940032893	-0.005139659019948504	-0.005930530703462224	-0.0007908716835137199	Eif4ebp1	neither	1.7659953934055632
108699	0.021583081330789535	-0.0051170910728526664	-0.0022728749267342005	0.002844216146118466	Chn1	neither	-0.4648898612949028
54353	0.020160064584108198	-0.004966088391946171	-0.002362144597930207	0.002603943794015964	Skap2	neither	-0.48987911875671997
16373	0.005390761170025202	-0.0049070444391158	-0.0013776673638860664	0.003529377075229734	Irx3	neither	-1.0509472219185467
15559	-0.006717526933770497	-0.004851586032921665	-0.004288359645495632	0.0005632263874260331	Htr2b	neither	0.875536165501422
59083	0.004651831173935489	-0.004813527584928405	-0.003306824676397771	0.001506702908530634	Fetub	neither	-2.43389889558711
50794	-0.010189663602943221	-0.004794298095345508	-0.0022692321905644886	0.0025250659047810196	Klf13	neither	1.587127037668506
30059	-0.0035929002790336655	-0.004791314206464798	-0.005691667753360881	-0.0009003535468960827	Timm10	zygotic	3.5765206602560227
13032	-0.0027221669701660988	-0.004785862944139446	-0.004294781821779088	0.0004910811223603588	Ctsc	neither	5.134997424027517
16007	0.004863931105344555	-0.004761115723718366	-0.0009173598198011871	0.0038437559039171793	Ccn1	neither	-1.7142813472143819
242509	0.01216250900099952	-0.004732941119600023	-0.0028536054302100333	0.0018793356893899893	Bnc2	neither	-0.911912843629803
320974	-0.007372898978295856	-0.004714570542561752	-0.0031632894095435797	0.0015512811330181723	Lrrn4	neither	2.013972045054913
170768	-0.0051223167767096775	-0.004692993996381564	-0.003489608717959373	0.0012033852784221915	Pfkfb3	neither	3.071439139686327
20750	0.003349843303526912	-0.004692415382502549	-0.002121504728337381	0.002570910654165168	Spp1	neither	-2.008552112016371
66169	-0.007860826908464836	-0.004662642589135293	-0.005064429736640363	-0.0004017871475050696	Tomm7	neither	1.850464969746198
100072	0.0068007936569947445	-0.004648294821526861	-0.0036546519626520784	0.0009936428588747828	Camta1	neither	-1.7479994116662325
77065	-0.0034356155529110203	-0.004519775193455506	-0.0027357191570730865	0.0017840560363824197	Ints7	neither	3.846606408480898
110446	0.013507354899313987	-0.004485848737548017	-0.004167138488832768	0.0003187102487152496	Acat1	neither	-0.7326096740010178
54598	-0.011784992647731399	-0.004479000769827968	-0.005715081321294431	-0.0012360805514664624	Calcrl	neither	0.8661231318767839
192216	0.010229070713615535	-0.0043603152101978696	-0.003225864015751889	0.0011344511944459804	Tmem47	neither	-0.8765150366484249
104943	0.0030005648441270147	-0.00435227082124695	-0.0034021975371855175	0.0009500732840614324	Fam110c	maternal	-3.4177356461761335
83965	0.00841295598941518	-0.0043396467752632	-0.003129939473207364	0.001209707302055836	Enpp5	neither	-1.2138421381040765
17916	0.0066294198549797	-0.004252284190026063	-0.0014123603521907554	0.0028399238378353075	Myo1f	neither	-0.5942380246071268
70350	-0.0051854278735059735	-0.004222222420882013	0.0008060789732747606	0.005028301394156773	Basp1	neither	2.119087205016203
268465	-0.005276629653256493	-0.004172009903175888	-0.0029919284253268146	0.0011800814778490736	Eme1	neither	2.4783795290355517
14534	-0.0099278063097291	-0.004134059406155744	-0.0026850937106728157	0.0014489656954829286	Kat2a	neither	1.527440346521184
14580	0.008705907009214848	-0.004120570013034377	-0.005436922057596329	-0.001316352044561952	Gfap	neither	-0.6518857970738575
12525	0.006504697214896615	-0.004061396073662877	-0.0030439076052356405	0.0010174884684272367	Cd8a	neither	-0.6116280417181619
170799	0.00990143923142607	-0.004057696978286658	-0.005132016473798006	-0.001074319495511348	Rtkn2	neither	-0.849090145691101
18976	-0.009041123581672401	-0.004040089447248853	-0.005368234311407045	-0.001328144864158192	Pomc	neither	0.4067406691393514
74464	0.008964342968088875	-0.004033995103771471	-0.0033629273142446016	0.0006710677895268692	Zswim5	neither	-1.038520103075005
12294	0.009976578400957786	-0.0040243819870085015	-0.0021857701613994087	0.0018386118256090928	Cacna2d3	neither	-0.8506839411823784
381798	-0.003927844995955474	-0.004021685720897987	-0.0027823345575443362	0.0012393511633536506	4930590J08Rik	neither	1.843262787157791
16854	0.01364004924050753	-0.003991997363047123	0.005006175385250708	0.008998172748297832	Lgals3	neither	-0.068318534336184
76884	0.005173511269587684	-0.003985954816611056	-0.0023417723735573563	0.0016441824430536993	Cyfip2	neither	-1.9343751325385228
20692	-0.008796362598146795	-0.003985037404522541	0.0010622916124611952	0.005047329016983736	Sparc	neither	1.1894205509666769
76267	-0.011802504507989291	-0.0039774252078437836	-0.005604244751434869	-0.0016268195435910852	Fads1	neither	0.9454321422075364
13631	0.004415584683134162	-0.003972932079595924	-0.0024011389777150406	0.0015717931018808832	Eef2k	neither	-2.34850663432987
20893	0.00613952165157057	-0.003937695955707054	-0.0028101885332198345	0.0011275074224872195	Bhlhe40	neither	-1.5551097580150925
20371	0.006814279639115621	-0.003937065069301383	-0.005244655774394067	-0.0013075907050926839	Foxp3	neither	-0.8179972250545902
29877	0.008137944079622884	-0.003915151752040407	-0.0008392948645355466	0.0030758568875048605	Hdgfl3	neither	-0.5408336765918872
77630	0.011090081343839429	-0.003858912479536172	-0.0061595047174912996	-0.0023005922379551276	Prdm8	neither	-0.07495948340060513
231050	-0.008677257075382548	-0.003830656457733829	-0.0036270782832389763	0.00020357817449485286	Galnt11	neither	1.5019410086770966
381853	0.0030852480269386623	-0.00378107110807842	-0.0013741037213422258	0.002406967386736194	Gipr	neither	-1.597568683876684
18142	-0.009420034283324694	-0.0037587802832335167	0.0011705954889084623	0.0049293757721419786	Npas1	neither	0.6044111368015352
102774	0.005123868412230477	-0.003726586436223618	-0.004302734034211237	-0.000576147597987619	Bbs4	neither	-1.9077740231010505
16870	0.007598381252735641	-0.0036723535056255403	-0.002995270506574001	0.0006770829990515393	Lhx2	neither	-0.907944101703934
329941	-0.0045183161788474	-0.0036686192430550875	-0.00371608975704479	-4.747051398970234e-05	Col8a2	neither	1.628238795104446
69487	-0.0037302144684479253	-0.0036467401845519756	-0.0027071619832867303	0.0009395782012652453	Ndufaf5	neither	2.348832726833479
26878	-0.00908000915088219	-0.0035810457980683073	-0.0016409044488229268	0.0019401413492453805	B3galt2	neither	1.2538217732246695
83453	-0.011525630297391648	-0.003537940923744789	0.0069335400095414815	0.01047148093328627	Chrdl1	neither	0.6563853695789804
20613	-0.004724860732913885	-0.0035369991800437584	-0.0030362178065721497	0.0005007813734716087	Snai1	neither	2.2353293713678752
234854	-0.008492740893830801	-0.0035360404017125103	-0.0013012423626176577	0.002234798039094853	Cdk10	neither	1.2813197253906314
58223	-0.0022203125957280176	-0.0034706696790261634	-0.003653955491218429	-0.00018328581219226574	Mmp19	neither	3.974860569514886
226841	0.005038219383847928	-0.003450264660595974	0.0006128182685780537	0.004063082929174028	Vash2	neither	-0.5785809400028228
12298	0.005544372842032105	-0.003416401215231281	-0.0019955482286804055	0.0014208529865508755	Cacnb4	neither	-0.79562459891039
268567	-0.007875454404350743	-0.0034100379605482454	-0.0021064177001891313	0.0013036202603591142	Tmem229b	neither	1.57632179852278
55927	0.005958754170636954	-0.0033838322340460996	-0.0020686316939600084	0.0013152005400860912	Hes6	neither	-1.059219197944504
26939	-0.002540378148078413	-0.003370647767709238	-0.0028147183556755453	0.0005559294120336925	Polr3e	neither	4.178311089476739
78797	-0.012601554221279083	-0.0033405571370741754	-0.0009923296469047035	0.002348227490169472	Ndor1	neither	1.1737023066865881
57444	-0.004829426229828328	-0.0033030732247251123	-0.0004982118620776482	0.002804861362647464	Isg20	neither	1.4712373031407475
77609	0.008684030202308821	-0.0033026658174123845	-0.010287161947767689	-0.0069844961303553044	Ccdc151	neither	-0.4444173369349817
140742	-0.015548182953903639	-0.0032778659339814022	-0.007673949743430153	-0.0043960838094487505	Sesn1	neither	1.0955300913715609
59030	-0.007562828435626382	-0.0032777735709607083	-0.0004496138625329329	0.0028281597084277754	Mkks	neither	1.4957127874063538
22271	0.01119834872452596	-0.0032110086987021873	-0.0015211148201088056	0.0016898938785933817	Upp1	neither	-0.45686101692958064
57344	0.004651291917893456	-0.0031866258372082053	-0.002671330940433574	0.0005152948967746315	As3mt	neither	-0.5844836767766781
245555	0.004422512133644113	-0.003165271404920312	-0.0010181148807798645	0.0021471565241404475	Nexmif	neither	-1.6223375458075475
19275	-0.003461395865681455	-0.00314031823458541	-0.00010574374170861366	0.0030345744928767966	Ptprn	neither	1.083269678481233
20907	-0.006448693768730498	-0.00310632927311958	-0.003911069025896731	-0.0008047397527771506	Stx1a	neither	1.0780351407091153
231147	0.004261211994162894	-0.003094235345200294	-0.004220218337285729	-0.0011259829920854353	Sh3tc1	neither	-1.2165509226579587
73852	0.006391526491535353	-0.003078998436396891	-0.0014229250585746272	0.001656073377822264	D3Ertd751e	neither	-0.7744495014763972
100061	-0.012871100700187297	-0.003065377877531532	-0.0009617830142720616	0.0021035948632594703	Lrrc19	neither	0.6575392454134174
225845	-0.010949767403301381	-0.003035351427043877	-0.0027007603704406803	0.0003345910566031969	Plaat3	neither	1.0023254214786985
14766	0.0049487416734817205	-0.0029815406258241668	-0.0025036983028206197	0.0004778423230035471	Adgrg1	neither	-1.5048282126442782
77889	0.00723756753490632	-0.0029273115808176094	-0.0008834835656614384	0.002043828015156171	Lbh	neither	-0.5742992376410878
11881	0.006381247719779865	-0.002907796512212705	-0.0016660937447040172	0.0012417027675086876	Arsb	neither	-1.0283040285707938
52463	-0.002589575408566634	-0.002897915719021064	-0.0027845461526926573	0.0001133695663284068	Tet1	neither	3.4952060760640444
52009	0.006600399754327326	-0.0028627097851487873	-0.0010560624614958717	0.0018066473236529156	Jpt2	neither	-1.0532956762506653
21940	-0.007341036303604917	-0.002836985497720697	-0.0018413806976587937	0.0009956048000619032	Cd27	neither	0.6479955996925559
21334	0.0035245664890807046	-0.0028235943725390534	-0.0008126478445906938	0.0020109465279483595	Tac2	neither	-1.5637685197421154
67755	-0.003959744497175235	-0.002812949811091698	-0.0021654889103783137	0.0006474609007133844	Ddx47	neither	2.341476809796317
73884	-0.007131094937920997	-0.0028010023232054025	-0.0016997029635607926	0.00110129935964461	Zdbf2	neither	1.2511057466845794
64706	-0.008326550573537156	-0.002799690134249466	-0.0009197350289167848	0.001879955105332681	Scube1	neither	0.9618677873059357
12142	0.003467267706441328	-0.002788933755120489	-0.0021256499758317148	0.0006632837792887743	Prdm1	neither	-2.0265960706188237
73668	-0.006622448208802772	-0.0027760125312135866	0.0012770047689135014	0.004053017300127088	Ttc21b	neither	0.19933239885987683
102871	0.00941364983861329	-0.002762259253346451	-0.003256983350952438	-0.0004947240976059869	Radx	neither	0.03354357542828572
58226	0.005934826734907579	-0.0027482370394025855	-0.002171246292932027	0.0005769907464705584	Cacna1h	neither	-1.2063746029271063
71648	0.0029872723063853876	-0.0027339163671120797	-0.0018608973975888705	0.0008730189695232093	Optn	neither	-2.2788014540627226
12971	0.0019979133332783546	-0.002729706921680166	-0.0016539895398002234	0.0010757173818799425	Crym	neither	-1.496004218728765
74039	-0.005589871246270684	-0.002726981008223192	-0.001451558353517974	0.001275422654705218	Nfam1	neither	1.2438835939383677
93888	0.01027240300246309	-0.0027119595555556483	-0.004190043966529056	-0.0014780844109734074	Pcdhb17	neither	-0.43841947591176594
14595	-0.0036051530920514735	-0.0027105485694694418	-0.0036626689717748503	-0.0009521204023054085	B4galt1	neither	1.9442967413259642
227394	-0.0031462402300806887	-0.0026614180343926923	-0.002126374034406833	0.0005350439999858591	Slco4c1	neither	2.6518583555598547
58994	-0.0038191031848101306	-0.0026544032989280902	-0.0028559754690363442	-0.000201572170108254	Smpd3	neither	1.9744124631537598
20216	0.004406065383223249	-0.0026483166728760305	-0.001093627536628522	0.0015546891362475084	Acsm3	neither	-1.0115548259950347
15936	0.0027293642901533694	-0.002637349774574845	-3.3690042086030717e-05	0.0026036597324888143	Ier2	neither	-1.5294201949822663
235587	0.04410807356116416	-0.0026212307286354163	0.023398049386007407	0.026019280114642822	Parp3	neither	-0.5280151577576468
50765	0.00320736773714898	-0.0025675676255296114	5.910297292036487e-05	0.0026266705984499764	Tfr2	neither	-0.7977282026745809
338365	0.01133159894829507	-0.0025598790427445433	-0.003589530527877391	-0.0010296514851328479	Slc41a2	neither	-0.31485078678137074
353282	-0.003042383817519038	-0.0025300086590711356	-0.0021439261305819064	0.0003860825284892292	Sfmbt2	neither	1.5998858505435114
78560	-0.002967628934067483	-0.002522116220989414	-0.0008499658259279724	0.0016721503950614413	Adgra2	neither	2.1916872115319603
12183	0.0036078097624650273	-0.0025079720380935156	-0.001070348246901248	0.0014376237911922676	Bpgm	neither	-1.7996125216492629
15200	-0.007828196778235425	-0.002481159758757049	-0.003353252934583157	-0.000872093175826108	Hbegf	neither	1.0669267685647332
66673	0.004833156195311877	-0.0024621079018104838	-0.004212029557223487	-0.0017499216554130032	Sorcs3	neither	-0.979698655086355
20856	0.004281615077938109	-0.00245812427777076	-0.0034204461097094895	-0.0009623218319387296	Stc2	neither	-1.1956510853529825
13809	0.0038047492033331477	-0.0024563203252362617	-0.002172651147584782	0.00028366917765147975	Enpep	neither	-0.5668248211547134
74895	0.005557780884729887	-0.0024545084906262182	-0.003313466873948942	-0.0008589583833227238	Ccdc181	neither	-1.0205396637646906
22042	-0.0018325817130129794	-0.002451284989395484	-0.0026108109809970057	-0.00015952599160152158	Tfrc	neither	4.196164986283265
74770	0.004442699360960437	-0.0024339393608149244	-0.0044811860809901875	-0.002047246720175263	Hhatl	neither	-0.6409386033834275
110417	-0.002415423518293338	-0.002432276787176869	-0.0016961914548980358	0.0007360853322788332	Pigh	neither	2.692695388670468
67795	0.0018137066172813855	-0.0024299739203608233	-0.0019281254236858433	0.0005018484966749801	Rnls	neither	-1.8648197112073597
83603	-0.004979974354810818	-0.002412934585741826	-0.004111916369226295	-0.0016989817834844687	Elovl4	neither	1.2294630482892714
18553	0.006875741527826854	-0.002408967103032533	-0.0007543113900033576	0.0016546557130291755	Pcsk6	neither	-0.6231766363578154
14229	0.011837692347406512	-0.0023854197075105963	-0.0013026412855841917	0.0010827784219264046	Fkbp5	neither	-0.38278670131741
12834	-0.007898773609728557	-0.0023822524102973747	0.0062569264677292315	0.008639178878026607	Col6a2	neither	0.4295934039420817
74393	-0.0051660066126887	-0.002359770829749284	-0.0026493789027500873	-0.00028960807300080355	Map10	neither	1.6595255464486984
66416	-0.006878979935543828	-0.002346110494525863	-0.002901872472322643	-0.0005557619777967798	Ndufa7	neither	1.0286634218191943
109254	0.002636072005570343	-0.00234185522950845	-0.0012364813399684247	0.0011053738895400252	Adtrp	neither	-1.842625870964832
231130	-0.0038553976596541065	-0.002333432013283299	-0.002102535441397117	0.0002308965718861816	Tnip2	neither	1.7373999515511749
75769	-0.005512305283825186	-0.0023327986273646625	0.0010469126752288543	0.0033797113025935167	Plppr5	neither	0.7348478658753664
207181	-0.00886858105022155	-0.00232147689430453	0.002849566801939827	0.0051710436962443575	Rbms3	neither	0.37053770862302193
382045	0.003128915009176919	-0.0023101736960922177	-0.0017330829718400786	0.0005770907242521391	Adgrg5	neither	-1.2443992936774897
94040	-0.00568270655815414	-0.0023013198310953176	0.0001175115712776772	0.002418831402372995	Clmn	neither	1.0995501241473578
20391	0.0023670772325921053	-0.0022679700908666916	-0.0022479612363906208	2.0008854476070807e-05	Sgca	neither	-1.0494427775214263
12227	0.003519425654750939	-0.0022676371865287133	-0.0007476254955889437	0.0015200116909397697	Btg2	neither	-1.4116908223485491
15939	0.003444933043967898	-0.002250140657848398	0.0021139191295304637	0.004364059787378862	Ier5	neither	-0.7233186698305805
240667	0.003328336853087925	-0.0022440845049196594	-0.0014109760597163805	0.0008331084452032789	Sec31b	neither	-0.6308162165687765
67419	0.008840881596193288	-0.0022339457182600124	-0.0022494069141471766	-1.5461195887164162e-05	Armh4	neither	-0.2675315112537563
76527	0.004890091184490339	-0.0022147909596202807	-0.0020657026177079265	0.00014908834191235424	Il34	neither	-0.883218131368596
15442	0.007972589690845019	-0.002214753448248054	0.0008240687139919866	0.0030388221622400405	Hpse	neither	-0.5021740428622387
213435	-0.004927622991509198	-0.0022140114921536543	0.000989024126895754	0.003203035619049408	Mylk3	neither	0.6765977433138368
240185	-0.016651960019028657	-0.0022081342093445964	0.0015297111184195025	0.003737845327764099	Jcad	neither	0.597453289337796
16011	0.007181563289408188	-0.0022001257032778407	-0.002604043381486633	-0.00040391767820879224	Igfbp5	neither	-0.5815928874801756
110893	0.003621730475803332	-0.0021999964482328667	-0.0006422307799303337	0.0015577656683025331	Slc8a3	neither	-0.36569989680533466
72685	0.0031573871900615505	-0.0021925335696860913	0.0007557374903994699	0.0029482710600855612	Dnajc6	neither	-0.857967499029482
15114	0.007921852277184881	-0.002170649991408429	-0.006246973114176757	-0.004076323122768328	Hap1	neither	-0.4698258868979945
100705	0.011025642126597244	-0.0021577375008906574	-0.0039149309039784785	-0.0017571934030878211	Acacb	neither	-0.349304566502159
237711	0.005922966397506349	-0.002144549255384318	-0.001117666293710474	0.0010268829616738439	Eml6	neither	-0.8073488523473604
228775	-0.0021459013234134978	-0.0021265901135076315	-0.002665663830802859	-0.0005390737172952277	Trib3	neither	2.886072368967162
170711	-0.006388403086572764	-0.0021252135168057817	-0.0028105853298245284	-0.0006853718130187467	Otud7a	neither	0.9823176327366314
238257	0.0046193012286029	-0.002119618878121671	-0.002248617935179908	-0.0001289990570582369	Tmem30b	neither	-0.7866631864756095
231004	-0.004899990325584719	-0.0021105731321899406	-0.002380541116669598	-0.0002699679844796574	Samd11	neither	1.0318317202655587
16776	0.005754176019910757	-0.0021063120309948056	-0.0019411505301796985	0.0001651615008151071	Lama5	neither	-0.8217863231270958
216560	0.004928164177940228	-0.0020921133508094154	0.002258324739673965	0.00435043809048338	Wdpcp	neither	-0.6073782339930391
14027	0.003236165978427282	-0.00208259944892969	-0.0020282161111527634	5.4383337776926517e-05	Evpl	neither	-1.0099142726622046
20350	-0.007302340702887583	-0.002050613851332107	-0.0021136452427126845	-6.303139138057754e-05	Sema3f	neither	0.8588140584013364
77505	-0.003803666044529452	-0.0020330514811339544	-0.0013920222710744373	0.0006410292100595171	Dnhd1	neither	1.7494043498198701
22151	0.004035142885398012	-0.002019728344931359	-0.0014881472630511373	0.0005315810818802215	Tubb2a	neither	-1.2381467404289417
227094	0.007446533360481544	-0.0020192538262229585	-0.003008165149862059	-0.0009889113236391006	Nemp2	neither	-0.31834249638045853
66011	-0.010062805088938337	-0.0020174048306203776	-0.0024111551217138095	-0.0003937502910934319	Ranbp17	neither	0.8158865185093226
71839	0.002296666052963891	-0.002002968510074822	-0.001363628858754853	0.0006393396513199691	Osgin1	neither	-2.1637979870471287
23821	-0.0059689713279545776	-0.0019871870393748632	-0.0002920119389286847	0.0016951751004461784	Bace1	neither	1.379647022586259
59126	-0.010257811255748029	-0.001986413891391526	0.00020738348782416407	0.00219379737921569	Nek6	neither	0.26620507399217336
18933	0.003993573671547535	-0.001975043520543592	-0.0020152127603039406	-4.016923976034878e-05	Prrx1	neither	-1.1087272555130467
12373	0.0025110662445923275	-0.001942700326203902	-0.0009061180291015346	0.0010365822971023673	Casq2	neither	-1.642465821510551
214253	-0.002573723418763923	-0.0019359147490459522	-0.002501512431662501	-0.0005655976826165487	Etnk2	neither	0.9043156861619077
14773	-0.012597968092451393	-0.00193542706721351	-0.00036752332718243525	0.0015679037400310747	Grk5	neither	0.7355455785481776
53418	0.004635087281078258	-0.0019330990478972849	-0.001986261037796485	-5.316198989920029e-05	B4galt2	neither	-0.9314876947430296
104346	0.0029858326805612253	-0.001921158665667272	-0.0015868731038556465	0.00033428556181162557	Gas8	neither	-1.5577784298461403
14917	0.0026693707033887864	-0.0019206044828017526	-0.0012777905640793832	0.0006428139187223693	Gucy2c	neither	-1.6506860303097852
20515	0.00772889968860112	-0.0019132439878522612	-0.000330164227970368	0.0015830797598818931	Slc20a1	neither	-0.4496234191519256
224938	0.003616742481379068	-0.0018963882234325803	-0.0014949780659714693	0.00040141015746111104	Pja2	neither	-1.2113218699553663
78908	0.004259466339015119	-0.0018930299991150325	-0.0020101206792755657	-0.00011709068016053318	Igsf3	neither	-1.1026613946694284
279028	-0.0035430286694250954	-0.0018836898779424694	0.002268246945894963	0.0041519368238374325	Adamts13	neither	0.6997325021481879
15430	0.002435065481632268	-0.0018723018993170712	-0.0009541501896633091	0.000918151709653762	Hoxd10	neither	-0.7188856633977754
58206	0.005058449605083472	-0.0018722321339341662	-0.00041008381703004203	0.0014621483169041242	Zbtb32	neither	-0.6738103258774063
20512	-0.012584536898633111	-0.0018692108314136487	0.002015384479445667	0.003884595310859316	Slc1a3	neither	0.502691918214633
224093	0.004094171138322739	-0.0018642900784614856	0.0015983540281115597	0.0034626441065730455	Fam43a	neither	-0.6208279137580708
77034	-0.0013047447167564856	-0.0018602538163088752	-0.0012428253409546405	0.0006174284753542347	2510039O18Rik	neither	4.00637683531966
23876	0.0015531274289997724	-0.0018568334296605845	-0.0013363563528622144	0.0005204770767983701	Fbln5	neither	-1.6296898275985217
223864	0.0023912778188218227	-0.0018486195612541416	-0.003112676096963866	-0.0012640565357097246	Rapgef3	neither	-0.9409696020449799
225266	-0.006614949823873375	-0.0018171120753965732	0.0049677630127797565	0.00678487508817633	Klhl14	neither	0.10288096373021448
15284	0.017352487931776548	-0.0018151619602704712	-0.005594777491353218	-0.003779615531082747	Hlx	neither	-0.05539672810905398
217198	0.007789901201567442	-0.0017949772170229336	-0.0037094797863658816	-0.001914502569342948	Plekhh3	neither	-0.27150369873204155
69684	-0.0038246760532558884	-0.0017879551585584929	-0.0011160207844968233	0.0006719343740616696	Aarsd1	neither	1.335602749778015
218271	-0.0032711914956202815	-0.001785626075872666	-0.0015417169521914308	0.00024390912368123523	B4galt7	neither	1.2862232655909425
12845	0.002151726454856176	-0.0017855111573207923	-0.000767112187019796	0.0010183989703009962	Comp	neither	-1.1769894319794563
83771	-0.0024000069164409983	-0.0017775295598708078	-0.0004089097434610541	0.0013686198164097538	Tas1r3	neither	1.829205195824308
29817	0.0026482962479856932	-0.001775003956309587	-0.0015547413461479635	0.00022026261016162342	Igfbp7	neither	-1.1157313060514762
269855	0.003517099976028818	-0.001765590474990944	-0.004146071030277276	-0.0023804805552863316	Ssc5d	neither	-0.7195499394345686
229595	-0.0018679085529802902	-0.001760351631460368	-0.0011499213864623343	0.0006104302449980337	Adamtsl4	neither	1.5252308089214062
15490	0.0024646349060037757	-0.0017471322757719309	-0.0008441587923134066	0.0009029734834585242	Hsd17b7	neither	-1.6698559769792405
320664	0.002589215333590799	-0.0017420584902277595	7.191896809831494e-05	0.0018139774583260744	Cass4	neither	-0.6260569422269173
67893	-0.00374271240312686	-0.001734171635162897	-0.002833717659871185	-0.001099546024708288	Tmem86a	neither	1.3332939070358916
232223	0.0019851864614795077	-0.0017322561028238837	-0.0014863640942831852	0.00024589200854069847	Txnrd3	neither	-2.24253387346838
75593	-0.002194928000806681	-0.0017306708697351376	-0.0002656792949240886	0.001464991574811049	Malsu1	neither	1.078917681708678
224697	-0.010128193743933906	-0.0017269078877518449	0.001334710924191949	0.0030616188119437938	Adamts10	neither	0.4493768721491593
245049	0.0033006711428191816	-0.0017243164648409496	-0.0014471389610059716	0.00027717750383497806	Myrip	neither	-1.2944240181544393
245638	0.002288993232363302	-0.0017098831948278795	-0.0013161000488202453	0.00039378314600763413	Tbc1d8b	neither	-1.2977134901577738
320696	0.0025394491662286823	-0.0017075307532196146	-0.001812552059533751	-0.00010502130631413645	Ccdc158	neither	-1.5766046379691172
244954	-0.006096022978008405	-0.0016978383809029163	-0.0007924404449622458	0.0009053979359406705	Prss35	neither	0.6658557205974801
13003	0.004151491029780956	-0.0016906784024316604	-0.00014547094141545056	0.0015452074610162098	Vcan	neither	-0.4262402367877434
72244	-0.012302909217616707	-0.001669341254036746	0.01224138430255154	0.013910725556588286	1600014C10Rik	neither	0.5681151754827226
207565	-0.008919007548927674	-0.0016659978999943187	-0.0016781364523488697	-1.2138552354551066e-05	Camkk2	neither	0.7024939093529138
53321	0.00501541470360002	-0.0016499972299665814	-0.001463337692998553	0.00018665953696802846	Cntnap1	neither	-0.7461713631236331
65964	0.005508921887245447	-0.0016446804053468986	-0.0009474970747413532	0.0006971833306055453	Map3k20	neither	-0.5519727736778641
223435	0.0033848293786587777	-0.0016426840231395822	-0.0014226044759913634	0.00022007954714821885	Trio	neither	-1.2130942690043534
236900	0.007723373221657668	-0.0016337407546777472	0.00010241769692195952	0.0017361584515997066	Pdk3	neither	-0.29608292778724193
272428	0.004843806592856346	-0.0016238962004951666	-0.002698236166782524	-0.0010743399662873575	Acsm5	neither	-0.4244805072628615
68393	0.0029577360073985734	-0.0016009143418005216	0.0018784714523250082	0.00347938579412553	Mogat1	neither	-0.42487235120741684
11423	0.0015271626990880443	-0.0015926083205149483	-0.00048705242675113467	0.0011055558937638136	Ache	neither	-2.154215242595261
19395	0.002602804896776643	-0.0015918577292196913	-0.0005561056703653378	0.0010357520588543535	Rasgrp2	neither	-0.7847631362006231
18164	-0.0025015946564734453	-0.00157883741868895	-0.0006899875979120861	0.0008888498207768639	Nptx1	neither	1.0639715060657342
75869	-0.010798118283340428	-0.0015585369303885838	-0.0015690134380984926	-1.0476507709908768e-05	Arl5b	neither	0.6591119015384163
15368	0.0033464293768657154	-0.0015515225470088745	-0.0004171237585393768	0.0011343987884694976	Hmox1	neither	-0.9891614205789444
233744	0.003880022442686041	-0.0015385445727572088	-0.0010870797699556926	0.0004514648028015162	Spon1	neither	-0.8332710324612866
26561	0.007729517065775356	-0.0015215046901805372	-0.0016457168363724537	-0.0001242121461919165	Mmp23	neither	-0.12936254294708646
104156	-0.0016290618157138034	-0.0015133845165615754	-0.0006488607822032187	0.0008645237343583567	Etv5	neither	2.8871042464232244
103711	0.009802471952582019	-0.0015131540474051083	-0.0015221055118897278	-8.951464484619484e-06	Pnpo	neither	-0.1451843062764883
14733	0.00481052459664971	-0.0015102940403803977	-0.0022483375820491623	-0.0007380435416687646	Gpc1	neither	-0.5508249063548368
66421	-0.005019247577436642	-0.0014909458102438486	-0.0007338748923546991	0.0007570709178891495	2410004B18Rik	neither	1.135491728400412
76917	-0.004687080725253475	-0.0014863095976842395	-0.0039409322528487336	-0.002454622655164494	Flywch2	neither	0.7180924255530257
238328	-0.008376227866476715	-0.0014802264108001659	0.001925524949993695	0.0034057513607938608	Vash1	neither	0.5437687363881554
16979	-0.0023315376082948666	-0.0014639187370164921	-0.000998287639709574	0.00046563109730691815	Lrrn1	neither	0.4585998702349105
93735	0.0029545514527920032	-0.0014610077441664635	0.00040169662704142854	0.001862704371207892	Wnt16	neither	-0.26959418626183745
104601	-0.005334392917703035	-0.0014490278483086734	-0.00022450979564244466	0.0012245180526662288	Mycbpap	neither	0.7181548648495892
225998	0.011422065610509343	-0.0014446626256669223	0.00397103073967933	0.0054156933653462525	Rorb	neither	-0.4427562431751058
18187	0.012661203245592813	-0.0014392455692605847	-0.0030589849294422773	-0.0016197393601816927	Nrp2	neither	0.2113635288994089
72301	0.0013010889685819568	-0.0014322574514744415	-0.0005465346416379326	0.000885722809836509	Shisal1	neither	-0.8752070315582661
72287	0.004420749148728363	-0.0014208434465982354	-0.00027231382850165546	0.00114852961809658	Plekhf1	neither	-0.35628935934340683
18784	-0.0009342959503738794	-0.001416807972070501	-0.00015947746929516527	0.0012573305027753358	Pla2g5	neither	2.0926447153819665
74182	-0.018887679258795396	-0.001410936603028424	-0.00269766523842167	-0.001286728635393246	Gpcpd1	neither	0.4231689588634764
20528	-0.002873532591316385	-0.00140982785123718	-0.001761103401902367	-0.00035127555066518713	Slc2a4	neither	0.4430703203999391
226591	-0.002069255101104766	-0.0014097289291023158	-0.0011211531915809327	0.00028857573752138306	Tiprl	neither	2.230384280853301
15904	0.008303195165122214	-0.0014042923435074494	0.003462291309797804	0.0048665836533052535	Id4	neither	0.2892092452697021
329502	0.010035999103213986	-0.0014038658380525133	-0.0016008259577507669	-0.00019696011969825363	Pla2g4e	neither	-0.09419141348423535
13867	-0.001543366541413703	-0.001396076966762828	-0.0010249152307316202	0.00037116173603120783	Erbb3	neither	2.760455877230014
240752	0.004669944970186568	-0.001394317739015669	-0.0010106094129497616	0.0003837083260659073	Pik3c2b	neither	-0.63969863953372
16772	0.00347057662137416	-0.0013892908400180018	-0.0012395072515378129	0.00014978358848018896	Lama1	neither	-0.7864124556579021
245269	-0.005025942062389599	-0.0013817259820409716	-0.00013332351810546096	0.0012484024639355107	Nim1k	neither	0.8943275157244023
22393	0.0017652409909828027	-0.0013805563980766491	-0.0012115077173154268	0.00016904868076122233	Wfs1	neither	-1.8801533690045527
101497	-0.00433486318271551	-0.0013710441783451573	0.00010390492800195615	0.0014749491063471135	Plekhg2	neither	1.0284257423092666
170706	-0.0027578140580678794	-0.0013635468333057555	-0.00072642359435114	0.0006371232389546155	Tmem37	neither	0.5235413273406473
72404	-0.0012370145425532697	-0.0013587086035076956	-0.0007959133016847389	0.0005627953018229567	Wdr44	neither	3.3729736170672777
76179	-0.009807985077936574	-0.0013307792221476206	-0.0007309330078884767	0.000599846214259144	Usp31	neither	0.6460677177946006
68845	-0.003133420189340602	-0.001328369067542554	-0.00021198344569861547	0.0011163856218439387	Pih1d1	neither	1.146447544731021
55985	0.003996697060265275	-0.0013249222240473198	-0.0002179355416349083	0.0011069866824124116	Cxcl13	neither	-0.4832484703682963
641376	-0.00239676526241127	-0.0013001296315141688	0.0005472891854002022	0.001847418816914371	Tomm40l	neither	0.4895885495325802
22063	0.004781300785543073	-0.0012970124952590596	0.0011368642480180007	0.0024338767432770603	Trpc1	neither	-0.058665533381173945
240261	0.0021045350143351184	-0.0012932573342830944	-0.0009572154947400899	0.0003360418395430045	Ccdc112	neither	-1.3961556368841785
320343	0.002401432045229531	-0.0012913869077360834	-0.0003628304400740392	0.0009285564676620442	Lypd6	neither	-1.0909574945934497
108159	-0.008258959843211492	-0.0012784523946789861	0.0010613753473805753	0.0023398277420595614	Ubxn8	neither	0.7961293356777506
268481	0.001875469795240597	-0.0012768561074744836	4.02379820867054e-05	0.001317094089561189	Krt222	neither	-0.34540705853794984
268860	0.008957964064028868	-0.0012748160479186942	-8.991157469347117e-05	0.001184904473225223	Abat	neither	-0.1527299462158052
14560	-0.009594055638652236	-0.0012659401398305375	0.0001930039289571318	0.0014589440687876694	Gdf10	neither	0.329745503769146
320204	-0.003983524624618491	-0.001256297991374119	0.001166384759182521	0.00242268275055664	Etfbkmt	neither	0.2501911356307934
67178	-0.001250910631912713	-0.0012542174573968703	-0.0008261884640018982	0.0004280289933949722	Zmat5	neither	2.8973425530925074
208213	0.0028236297048986917	-0.0012444183323610466	0.00067068077448706	0.0019150991068481067	Tmem132c	neither	-0.42659114520501773
14281	0.0009186966770447031	-0.001242310823004172	-0.0008747961185969639	0.000367514704407208	Fos	neither	-1.5864902478572924
76566	-0.0007232893395930645	-0.0012422828718062155	-0.0005245507407025114	0.0007177321311037041	Rflnb	neither	3.2594356800522784
17005	-0.0022501323884331157	-0.001240429248859941	-0.001738715696274934	-0.000498286447414993	Ltk	neither	1.3394164163837612
17189	-0.003523485933538705	-0.0012378693875395594	0.005533150066610766	0.0067710194541503255	Mb	neither	0.32491844524117464
231503	-0.0011580490131977478	-0.0012377524624795767	-0.0014753058564601045	-0.00023755339398052783	Tmem150c	neither	3.1438133401458095
64293	0.002720864652424827	-0.001236603474115912	-0.000750836683312777	0.0004857667908031351	Stk32b	neither	-1.0363976864930335
244723	0.0038425926275573526	-0.0012362329792458653	0.00029304171689960594	0.0015292746961454713	Olfm2	neither	0.10329160945206659
19215	0.002071722221478778	-0.0012353771024703698	-0.00035633905929573066	0.0008790380431746392	Ptgds	neither	-0.4177682891886631
15932	-0.004033454750254496	-0.001235287854083428	-0.0005134038834381089	0.0007218839706453191	Idua	neither	1.011318140455942
54634	0.002708818650453333	-0.0012315659777882002	0.0007527088765191849	0.001984274854307385	Magix	neither	-0.400160021250323
16525	0.004042690772530803	-0.0012268736283632148	-0.0019488690494534517	-0.0007219954210902369	Kcnk1	neither	-0.42783622861675286
68067	0.003205717491067533	-0.0012092732459459976	-0.001061820663865832	0.0001474525820801655	Mrnip	neither	-0.8087977204389403
224171	0.00787965110041052	-0.0012059461441253148	-0.0012487337764435112	-4.278763231819636e-05	Cip2a	neither	-0.2161739856444651
53374	0.005457479067950627	-0.001199036349033313	-0.0015736845950818537	-0.0003746482460485407	Chst3	neither	-0.33401954059551087
242297	0.0015144357903715364	-0.001193840995694231	-0.0006917498216331185	0.0005020911740611126	Fam110b	neither	-0.9418283053604756
14681	0.007918270270305394	-0.001192904089074994	-0.0017467585057704162	-0.0005538544166954222	Gnao1	neither	-0.3099060909313043
67971	0.004222647496269341	-0.0011850830151527555	0.0006711809881411904	0.001856264003293946	Tppp3	neither	-0.5293414593087536
69219	0.003359560860554562	-0.0011704389952130615	0.0018829823944496145	0.003053421389662676	Ddah1	neither	-0.14420530665461592
11717	0.0047922166874169855	-0.001161207277625103	-0.00034552593879122413	0.0008156813388338789	Ampd3	neither	-0.4592195500705433
21339	-0.006937024145777623	-0.0011536425497776098	0.0011679276822911056	0.002321570232068715	Taf1a	neither	0.7131975441029239
218772	0.0017164570238630502	-0.0011512620541590298	-0.0004184159234661053	0.0007328461306929245	Rarb	neither	-0.47175047223976824
22640	-0.0010380003794355865	-0.0011399653102958957	-0.0012527322440701266	-0.00011276693377423094	Zfp1	neither	3.1617002595867385
24053	-0.005240434741564517	-0.001139691674359107	-0.0024205399592729525	-0.0012808482849138456	Sgcg	neither	0.5829818215291667
108897	-0.002238157546268969	-0.0011387593415575598	-0.0012617533057986284	-0.00012299396424106856	Aif1l	neither	1.1090733491123492
57890	0.005074683588446881	-0.0011322742807064743	0.000970523013861065	0.002102797294567539	Il17re	neither	-0.0412455255285585
19183	-0.0011755361362660265	-0.001123525736010732	-0.001133442887137696	-9.917151126963937e-06	Psmc3ip	neither	2.955555773728194
56434	-0.006092906959815648	-0.0011232258991615805	0.0013916715481209854	0.002514897447282566	Tspan3	neither	0.7097879716538263
67168	-0.0024642344044495668	-0.0011208684735446622	-0.0020252510889328923	-0.0009043826153882302	Lpar6	neither	1.1622587236487836
98256	-0.010875557101030331	-0.001119801590260073	-0.0027051720897237302	-0.0015853704994636573	Kmo	neither	0.16843460637625632
109242	0.00480840339369229	-0.0011018505848401636	-0.0011327573233293866	-3.090673848922293e-05	Kif24	neither	-0.3991698678769374
12972	0.003300976384992923	-0.0010928232348422838	-0.0017040421583800602	-0.0006112189235377764	Cryz	neither	-0.2878438384421131
100978	0.0028385827990852945	-0.001087300649019603	-0.0009777278508700962	0.00010957279814950683	Nfxl1	neither	-0.9204139992318037
14613	0.0008968215416116209	-0.001086158809188954	-7.687450398865656e-05	0.0010092843052002974	Gja5	neither	-1.7531244337947094
13170	-0.0020741804888640834	-0.0010747672739780429	-0.0019610107061615277	-0.0008862434321834848	Dbp	neither	1.0306881257293607
234199	0.0020965150094842708	-0.0010606868055262266	-0.001412007399844284	-0.00035132059431805746	Fgl1	neither	-0.8262446225823709
226791	0.0014006026180919508	-0.0010581049898535136	-0.0006793450101087369	0.00037875997974477673	Lyplal1	neither	-1.8630271129968017
226409	0.0026196064526806764	-0.0010560993698131896	-0.0010662678489255942	-1.016847911240455e-05	Zranb3	neither	-0.8542478582710242
231238	-0.007204560281164693	-0.0010526323870972039	0.0031807240673728866	0.004233356454470091	Sel1l3	neither	0.3844909102498049
116838	0.008210866932551856	-0.0010465110501511566	-0.0016887423644506103	-0.0006422313142994537	Rims2	neither	-0.12679395080022815
17153	-0.004166422553111092	-0.0010455178218234675	0.0009403525575840361	0.0019858703794075035	Mal	neither	0.4637357522374438
14012	-0.0017690566938174713	-0.001044141847873971	0.0011236123466600032	0.002167754194533974	Mpzl2	neither	1.1635696148080483
70423	-0.0014049744419728683	-0.0010432014829216598	-0.00044499725174252915	0.0005982042311791307	Tspan15	neither	0.9605518629781513
66591	-0.0033083463629748015	-0.0010388791582561802	-0.0022600835117902447	-0.0012212043535340645	Mad2l1bp	neither	1.149661965809894
103988	-0.00401065299229275	-0.0010356838303731328	-0.002723841583351152	-0.0016881577529780192	Gck	neither	0.8907656810273438
22378	0.004647954984569283	-0.001031465895521762	-0.0009911880077856686	4.0277887736093424e-05	Wbp2	neither	-0.4102284934433371
21802	0.0038371257659305536	-0.0010310646932526894	-0.0016788161506126405	-0.0006477514573599511	Tgfa	neither	-0.21256053653105203
21935	-0.002933980162305557	-0.0010269179194917477	-0.0012972531861430933	-0.00027033526665134556	Tnfrsf17	neither	1.0119948321039522
194655	0.01099101889913934	-0.0010246606206205633	-0.001217045039196304	-0.00019238441857574056	Klf11	neither	-0.030956529797664244
52906	0.002681075087842777	-0.001016144899366867	-0.00022698970771472532	0.0007891551916521418	Ahi1	neither	-0.5536820565447161
70546	-0.002110674489601412	-0.001012086135614159	0.0007291021184872412	0.0017411882541014001	Zdhhc2	neither	0.43222436354201293
268902	0.000776779826672035	-0.0009985549855549601	-4.5836251498930866e-05	0.0009527187340560293	Robo2	neither	-1.0489047519132306
665563	0.006575123036223829	-0.0009903503990040148	-0.0007714990358137174	0.00021885136319029744	Mthfd2l	neither	-0.4353541806022411
102502	0.0012903447231001285	-0.000986063771459459	-0.00038449048752992065	0.0006015732839295383	Pls1	neither	-1.7469868050209332
14251	0.002996489027332306	-0.0009767781235080143	-0.00039159612121338283	0.0005851820022946316	Flot1	neither	-0.500472673355653
22350	0.003558066291396172	-0.0009762612086700047	-0.0006009212422653828	0.00037533996640462194	Ezr	neither	-0.481796986176289
70061	0.0028039022155655026	-0.0009714713913630183	-0.0006320038339927504	0.00033946755737026787	Sdr9c7	neither	-0.16507753514190204
408022	0.0040696011679663795	-0.0009637444726137826	0.00015608634095806356	0.0011198308135718462	Primpol	neither	-0.3743404620571881
14120	0.0023712146753597316	-0.0009622663846159832	-0.001266405663232271	-0.00030413927861628774	Fbp2	neither	-0.41259981677751667
12307	0.0011861948664377518	-0.0009573886682507208	-0.0001828535499850067	0.0007745351182657141	Calb1	neither	-1.7235684436111272
56526	-0.002292198625744257	-0.0009498265433524886	-0.00176283113571552	-0.0008130045923630314	Septin6	neither	1.4853759779591629
102436	0.0019791140382622832	-0.0009445592180850409	-0.0001377619162152914	0.0008067973018697495	Lars2	neither	-1.4372597559110105
70129	0.0032796631096677358	-0.0009336048980599193	-0.0016317933184144336	-0.0006981884203545143	Slc44a4	neither	-0.2650577999720004
54720	-0.005385631430660745	-0.0009113468050661237	-0.0006883015141977564	0.00022304529086836732	Rcan1	neither	0.755959019957161
234740	-0.007740306695339119	-0.0009109432907322872	-0.001043950720783168	-0.00013300743005088085	Tmem231	neither	0.6160807940177337
381511	0.0011853207353457473	-0.0009098921744869191	-0.0004473898016797592	0.00046250237280715987	Pdp1	neither	-1.85183836709992
19260	0.0014479676940967183	-0.0008990600360819037	-0.0006116181104356057	0.00028744192564629793	Ptpn22	neither	-1.4125776780046124
387314	0.00557434164265191	-0.0008965198329859886	-0.0004720303206528745	0.0004244895123331141	Tmtc1	neither	-0.2693017827931524
74386	0.001607535582200071	-0.000880774784102219	-0.000520173897277286	0.000360600886824933	Rmi1	neither	-1.3541654543117303
12448	0.002593479577773614	-0.0008794646504333082	-0.00011125886938627137	0.0007682057810470368	Ccne2	neither	-0.6728782463434515
17537	-0.002915728033165683	-0.0008741677383702833	0.000428438767193719	0.0013026065055640023	Meis3	neither	0.25321789403122724
102545	-0.002247351357383073	-0.0008732063373093524	4.8250101187086807e-05	0.0009214564384964392	Cmtm7	neither	1.0046357386844684
67784	0.0022667960297604395	-0.0008704784184576267	-0.00145979649155264	-0.0005893180730950132	Plxnd1	neither	-0.8273108513032942
78177	-0.0016294265474739603	-0.0008676953299212567	-0.0001388239343274981	0.0007288713955937586	Ninl	neither	1.7920505310821537
272465	0.0013128896888041019	-0.0008673320590313692	-0.0008805988620054802	-1.326680297411109e-05	Tmem255b	neither	-1.5060304591109366
52585	0.0007653805797685128	-0.0008652725681057438	-0.0003852315146884747	0.0004800410534172691	Dhrs1	maternal	-2.698948747186573
20419	0.0025584097133607444	-0.0008649117179816126	-0.0012063873309812365	-0.00034147561299962387	Shcbp1	neither	-0.5988142327872159
19734	0.0019986047155409435	-0.000860538618460538	0.00010874363478519232	0.0009692822532457303	Rgs16	neither	-0.8395334505510773
240913	0.002604517256884626	-0.0008600517920167792	-0.0009129547439691757	-5.290295195239643e-05	Adamts4	neither	-0.604568400907157
68631	0.003049173192146642	-0.0008574997480476181	-0.0006401010191826172	0.00021739872886500085	Cryl1	neither	-0.4703035159436398
63954	-0.0017077621314314322	-0.0008569321745242695	-0.0010123363657007264	-0.00015540419117645687	Rbp7	neither	1.03723704802598
210356	0.0022911233205895674	-0.0008533099588351669	-0.00039550520840878577	0.0004578047504263811	Nckap5	neither	-0.822894404589251
19057	0.0022106274506618877	-0.0008521802415179088	-0.0015194366975532856	-0.0006672564560353769	Ppp3cc	neither	-0.4319987129891743
13823	0.0017732467194543577	-0.0008516802009940859	-0.00047144006014614116	0.00038024014084794475	Epb41l3	neither	-1.1099201701521666
12986	0.009584227997609279	-0.0008465431048256922	0.002590308334896335	0.0034368514397220273	Csf3r	neither	0.030033841188337282
56358	0.0013219660736170987	-0.0008424541403044441	-0.00039677291783721193	0.0004456812224672322	Copz2	neither	-1.2261253362254807
72568	-0.0061228006380014376	-0.000841910912301003	-0.0013572156306887078	-0.0005153047183877047	Lin9	neither	0.655896634379405
320563	0.001138958532695391	-0.0008411295360521682	-0.0004588091449605308	0.0003823203910916374	Islr2	neither	-0.6662974506064703
66395	0.00610142259097119	-0.0008380493544289422	-0.0005197192041762197	0.0003183301502527225	Ahnak	neither	-0.08809570823555708
16658	0.001145568174591699	-0.0008367534509456929	-0.0010369607638698146	-0.00020020731292412172	Mafb	neither	-0.8358579202769436
54131	-0.0015282698995234632	-0.0008340217208763034	-0.0012398458667909748	-0.00040582414591467135	Irf3	neither	1.6389592869761969
74470	0.003271565711985909	-0.0008272527190101063	-0.0016234243511401194	-0.0007961716321300131	Cep72	neither	-0.352034492025908
321007	0.0023083330957763804	-0.0008253998577335555	-0.0004069715107292416	0.0004184283470043139	Serac1	neither	-0.6614816972661802
13400	0.003412688968389328	-0.0008239577268036904	-0.0011754861115158804	-0.00035152838471219	Dmpk	neither	-0.41256261681127987
56047	0.001605647077075818	-0.0008235508694822621	0.0002404139727400436	0.0010639648422223057	Msln	neither	-1.3793319879206027
77113	-0.005293826957748966	-0.000822029500735236	-0.0011371148103258213	-0.00031508530959058526	Klhl2	neither	0.7056726174064772
208092	-0.0013332046092182199	-0.0008215635045518694	-0.0013372676320866298	-0.0005157041275347604	Chmp6	neither	0.9542017867907924
665113	0.002397491271090761	-0.0008179364800882415	-0.000666900257527097	0.00015103622256114454	Tnik	neither	-0.7402295808748363
12630	0.004555259909687711	-0.0008096724604425685	0.0001567346359214825	0.000966407096364051	Cfi	neither	-0.13173915864266722
240023	-0.0010850835575919831	-0.0007807933801412203	-0.0008331529395881954	-5.235955944697516e-05	Pnldc1	neither	2.1035718937744146
12482	0.0014619519121043141	-0.0007760637499265216	-0.0006841975555177207	9.186619440880092e-05	Ms4a1	neither	-1.2633201659703437
27660	-0.0029625392178021397	-0.0007748415688335675	-0.0010898035275562334	-0.0003149619587226659	1700088E04Rik	neither	0.806980017999691
50490	-0.010669334746565996	-0.000774560721614447	-0.0009930096267595856	-0.00021844890514513863	Nox4	neither	0.5350211255702749
235534	0.003045439242340661	-0.0007695132634652556	-0.00023643447528014168	0.0005330787881851139	Pxylp1	neither	-0.20061711381580463
19769	-0.004482029329828428	-0.0007669087500063626	-0.0010290775676603714	-0.00026216881765400875	Rit1	neither	0.7509000246713341
634731	-0.0011580345320570907	-0.0007663471253173792	0.000745006211245299	0.0015113533365626783	Susd1	neither	0.8519239893288978
17885	-0.001318984792905066	-0.0007566975890814919	-9.393910211606378e-05	0.0006627584869654281	Myh8	neither	0.6290947524516625
622434	-0.0021273874739582404	-0.0007521736506755899	-0.001266215205367803	-0.0005140415546922132	Arhgef26	neither	1.3214217685714789
70223	0.002402457211215207	-0.0007426656641762652	-0.0010135152114755237	-0.0002708495472992585	Nars	neither	-0.6261856512037354
50773	-0.0006124708087416036	-0.0007401616876402089	-0.0005089051246628674	0.0002312565629773415	Nt5c	neither	2.3145285277559218
75590	-0.002817528104810045	-0.0007385041012747876	-0.0016850107721588879	-0.0009465066708841003	Dusp9	neither	0.9505616909936464
68846	-0.0007298196014974011	-0.0007380023728424487	0.000218667940379738	0.0009566703132221868	Rnf208	neither	0.9780972510853553
110033	-0.0015497550106404402	-0.0007349544862551552	-0.00018330488470354154	0.0005516496015516136	Kif22	neither	1.7740183692593572
75597	0.0018219025099965264	-0.0007336563851910036	-0.00037924753343016867	0.00035440885176083494	Ndufaf2	neither	-0.8649029223563561
67758	0.001835001525977427	-0.0007319215948020651	-0.00042934068335608917	0.0003025809114459759	Aadac	neither	-0.6502621476976801
12029	0.0007606354762191492	-0.0007258019144376239	0.00021375697954359563	0.0009395588939812195	Bcl6b	neither	-1.0357801026832771
72902	0.002869579860011434	-0.0007213597643865484	-0.00024064866719764605	0.0004807110971889023	Spock3	neither	-0.3905564144498744
66902	0.0007713457068540194	-0.0007208565840109885	-0.00045186254825702775	0.00026899403575396077	Mtap	neither	-2.2779007895549053
77976	0.003236289143026024	-0.0007175837865411114	-0.0007248152737762326	-7.2314872351211855e-06	Nuak1	neither	-0.5672292462803539
207495	0.004732349230443993	-0.0007167303966167328	0.00025325769031654845	0.0009699880869332813	Baiap2l2	neither	-0.07811067231051722
233199	0.0007439974721052786	-0.0007141982905536664	-0.0003119570659441433	0.0004022412246095231	Mybpc2	neither	-0.7983828683401132
109660	-0.0034311745780329314	-0.0007097752535684866	0.0007094382782197813	0.0014192135317882678	Ctrl	neither	1.0543053351359353
12831	-0.0047051422405880615	-0.0007070036072845362	0.0016500826351214242	0.0023570862424059603	Col5a1	neither	0.21160205864063425
235041	0.002115473223845176	-0.0007047219292398146	-0.0006660782747400656	3.864365449974898e-05	Kank2	neither	-0.6945323828836185
243897	0.0037612493069798386	-0.0007035291793150391	-0.001266333745260177	-0.000562804565945138	Ggn	neither	-0.16243539444576413
74694	0.0009589745296348013	-0.0007010775261266828	-0.0005669106824083683	0.00013416684371831452	Tbc1d30	neither	-1.585716080953594
68440	0.002208773712343852	-0.0006979305329025767	-0.00044111665333281815	0.00025681387956975855	Dusp23	neither	-0.5578283609172949
20354	-0.007493188488446679	-0.0006818174099607791	-0.0002811746409327796	0.00040064276902799953	Sema4d	neither	0.5584248188983552
239188	0.0013522632013150684	-0.0006816213514223558	-0.0004945787735401668	0.00018704257788218904	Enox1	neither	-1.2356422541234928
19876	-0.012019124637610012	-0.0006772800703229687	-0.001139609698367129	-0.00046232962804416034	Robo1	neither	0.44553114646768904
214663	-0.004238021288183428	-0.0006750520811437786	-0.0010498041305886847	-0.0003747520494449061	Slc25a29	neither	0.6822889300268868
101685	0.0019151042769537771	-0.0006735448392518435	-0.0010984301597866076	-0.00042488532053476416	Spty2d1	neither	-0.6494363012769959
53625	-0.0029459242271584842	-0.0006724285652770274	-0.0009159177484121755	-0.00024348918313514805	B3gnt2	neither	0.944650532323211
75690	0.0032182088178681237	-0.0006701431394448255	-0.0011873357851782602	-0.0005171926457334347	Vsig10l	neither	-0.2791870725329156
241494	0.0009785828085575924	-0.0006693671506109255	-0.0007384363063632493	-6.906915575232385e-05	Zfp385b	neither	-1.461079931156834
211712	0.0022402083855228732	-0.0006660587361720355	-0.00033479388105986065	0.00033126485511217487	Pcdh9	neither	-0.6696086142006688
338403	0.0013368536961442855	-0.0006545422288719789	-0.0002874538947584696	0.0003670883341135093	Cndp1	neither	-0.9554494600575315
11931	0.004163261207813652	-0.0006525328681041818	-0.0006325829819189665	1.994988618521528e-05	Atp1b1	neither	-0.19180360565613003
140488	-0.006504170996644577	-0.0006517104765904412	-0.000279810966684033	0.00037189950990640814	Igf2bp3	neither	0.5247967064757982
110310	-0.0042757593967375105	-0.0006452051581860783	0.0009896989179175872	0.0016349040761036654	Krt7	neither	0.6945108697604196
232035	0.0058419629567002355	-0.0006421841927955635	-0.0003259904719417449	0.0003161937208538186	Ccser1	neither	-0.06568616439001145
22031	-0.019281953812954004	-0.000642033178718411	0.00297742531584117	0.003619458494559581	Traf3	neither	0.34606921655815376
83946	0.002446174886318957	-0.0006414503146409797	-0.00013251886508158154	0.0005089314495593982	Phip	neither	-0.5315756757721639
320865	0.0030571058347324894	-0.0006343726138947648	-0.0002447745287368274	0.0003895980851579374	Cdh18	neither	-0.16855312495080887
12795	-0.00162140169915176	-0.0006254462699836547	-0.0005386418750582843	8.68043949253704e-05	Plk3	neither	1.4743437007931621
22771	0.0008944978239577005	-0.0006220751471876849	0.00015610231721471321	0.0007781774644023982	Zic1	neither	-0.6563184951356993
320633	-0.0022282258744347905	-0.0006201946461692055	-0.0006234316184952216	-3.236972326016137e-06	Zbtb26	neither	1.1273972497640548
213760	0.001051738270185445	-0.0006176505828940621	-0.0005896659880891107	2.798459480495138e-05	Prepl	neither	-1.4413027530028253
78100	0.002458924355944452	-0.0006167965234102468	-0.00046096523521245745	0.0001558312881977893	Msantd4	neither	-0.4830358093125606
12850	0.0047198795459725	-0.0006102233557115226	-0.0006824935202349011	-7.227016452337847e-05	Coq7	neither	0.043617726353602906
20682	0.0030961289015451828	-0.0006088993789475272	-0.001416518111261288	-0.0008076187323137608	Sox9	neither	0.12397480236534283
11927	-0.00225535285667743	-0.000594239508828751	-0.00041540932206716026	0.00017883018676159078	Atox1	neither	0.9050263324604911
18791	0.0038581120048062066	-0.0005807287745836668	-0.0004213094690377135	0.00015941930554595334	Plat	neither	-0.19350853002697657
17427	0.007238343446025018	-0.0005723797186884111	0.001909441840222676	0.002481821558911087	Mns1	neither	0.01155020864810008
70466	-0.004026390044372589	-0.0005692701883726559	-0.0007459418792758397	-0.00017667169090318383	Ckap2l	neither	0.6436661818775011
56533	0.0006751355142739268	-0.0005623797788621713	-0.00028657671389078007	0.0002758030649713912	Rgs17	neither	-2.1439499572362686
98170	-0.01969468920886977	-0.0005556300514878195	0.020899833363503525	0.021455463414991344	Tmem132a	neither	0.7393150705537128
54650	0.0011701297872947626	-0.0005537020428481001	-0.00027006197497981654	0.0002836400678682835	Sfmbt1	neither	-1.2114828772099693
12876	0.0012902334804400738	-0.0005510080685944051	-0.0008318777436507912	-0.0002808696750563861	Cpe	neither	-0.26748286393329135
20616	0.0021855165984349914	-0.0005503805232933384	-0.0005323213772323803	1.80591460609581e-05	Snap91	neither	-0.43416791541254973
74761	-0.004223642435902725	-0.000548890489454124	0.00018628711288225244	0.0007351776023363765	Mxra8	neither	0.5527099534352364
228778	-0.002647640678089094	-0.0005420730071644578	-0.0006332607036959266	-9.118769653146874e-05	6820408C15Rik	neither	0.8340742896933777
19204	-0.002594099656288727	-0.0005416483372308592	-1.7046898034399183e-05	0.00052460143919646	Ptafr	neither	0.5263157549048502
14536	-0.00601641803192309	-0.0005380705271983104	-0.0005525219060636547	-1.4451378865344331e-05	Nr6a1	neither	0.4889101733004434
18779	0.0010391249890563886	-0.0005338672067389843	-0.0005043728285064009	2.949437823258341e-05	Pla2r1	neither	-0.7216692001471541
18712	-0.00122391773207449	-0.0005316343560484579	-0.0005000625080658672	3.157184798259071e-05	Pim1	neither	1.5489971371606313
14420	0.0076912812612621355	-0.0005289996902901452	-0.001304457547398584	-0.0007754578571084387	Galc	neither	0.12066540903392416
224661	0.002771006038261176	-0.0005268466273160903	-8.416903673549931e-05	0.000442677590580591	Slc26a8	neither	0.09087040995663041
27261	-0.0009346762084211093	-0.0005198263532460394	-0.00045633416502141377	6.349218822462567e-05	Dok3	neither	1.4532788569544575
12902	-0.008450080437120252	-0.0005196021886000068	0.002902439131654264	0.003422041320254271	Cr2	neither	0.29328744538234164
17897	-0.002657098725737661	-0.0005159231126248298	-0.0016903586445232218	-0.001174435531898392	Myl3	neither	0.49052078703155555
15213	0.0015118743554934197	-0.0005113801249191144	-4.174560079205851e-05	0.0004696345241270559	Hey1	neither	-0.6438232228664177
73683	-0.0019775381719340625	-0.0005094623387512132	0.00017160452602559784	0.0006810668647768111	Atg16l2	neither	0.6574366628939243
11513	-0.005104422086895493	-0.0005086489177739984	0.0005242820196848998	0.0010329309374588983	Adcy7	neither	0.4784823060903179
110197	0.0013422596973942209	-0.0005069665734313611	-0.0006818900763743059	-0.00017492350294294478	Dgkg	neither	-0.5314317938807331
108899	-0.0007634332110802759	-0.0005017656255146239	0.00011402794588409112	0.000615793571398715	2700081O15Rik	neither	1.415264337238939
235281	-0.0018411524887378375	-0.0004959017022212108	0.001177530581136764	0.0016734322833579748	Scn3b	neither	0.37895482882085063
241230	0.0016679575035964316	-0.0004915229617211087	0.00011920456533460715	0.0006107275270557158	St8sia6	neither	-0.4534459106313005
66953	-0.002307060199367514	-0.00047967326886604554	0.00015245208818390974	0.0006321253570499552	Cdca7	neither	0.8891324540917316
15186	0.0012767381345365422	-0.0004792144540612564	3.744027337140399e-05	0.0005166547274326604	Hdc	neither	-0.6452376674013669
70717	0.010389260926548632	-0.00047321018786568677	0.0024617982144333017	0.0029350084022989886	Medag	neither	-0.29501973478707905
100198	0.002352423203468125	-0.0004725485630843411	-0.0008682935544495795	-0.0003957449913652384	H6pd	neither	0.06122583695227444
20897	0.003239908534631885	-0.0004723496443592936	-0.002392112005120183	-0.0019197623607608892	Stra6	neither	-0.28674693677456586
18039	0.0023145431654496003	-0.00047047789307229674	0.0031459805553170884	0.003616458448389385	Nefl	neither	-0.13966508659182617
21823	0.005398916164278167	-0.0004692351097609977	0.0001978081917650638	0.0006670433015260615	Th	neither	0.010596410171760209
170459	0.000600176837561622	-0.000465976248168479	-0.00015467350731163996	0.00031130274085683905	Stard4	neither	-1.421226338846058
56811	-0.005628015873093352	-0.000463356315856588	0.0033144306159215587	0.003777786931778147	Dkk2	neither	0.20347981055285666
23794	0.0012297393731091962	-0.0004624655803942157	-0.0006733121896652116	-0.0002108466092709959	Adamts5	neither	-1.092748566122479
71755	-0.0011392538348109378	-0.00045731238440991853	-0.00030521790260224196	0.00015209448180767657	Dhdh	neither	1.3374239731404978
14400	0.00138345052790648	-0.0004528757199882966	-0.0009899563926401836	-0.000537080672651887	Gabrb1	neither	-0.32209358992665477
76223	0.0024433852838290984	-0.00045232110463539816	0.0003697994042716169	0.000822120508907015	Agbl3	neither	-0.3200078114699397
217341	0.0008649899263756034	-0.00045228895069254126	-9.328803188787364e-05	0.0003590009188046676	Qrich2	neither	-0.86315792222542
227632	-0.0010111670827596042	-0.00045081294227994925	3.161800531900815e-05	0.0004824309475989574	Kcnt1	neither	0.4283308665561013
225724	0.0012605572828537739	-0.0004455515525436163	-0.0001811389919734286	0.0002644125605701877	Mapk4	neither	-0.3748112891007643
228357	0.0006878582186599283	-0.0004417509281304024	-0.000262959362689669	0.00017879156544073344	Lrp4	neither	-1.1144501536013842
118449	0.002505916646162973	-0.0004397698409903305	-0.0010428543467126648	-0.0006030845057223343	Synpo2	neither	-0.0931975610085818
71240	-0.0009014044302681834	-0.00043949456141680526	-3.0859128355347554e-05	0.0004086354330614577	Osbpl7	neither	1.565354518112392
68667	0.0012506113009730282	-0.0004363145260517022	-0.0002515786505551102	0.000184735875496592	Trpm4	neither	-0.5901572524419398
330908	-0.0035142315805061527	-0.0004285010659964352	0.0019095223043264086	0.002338023370322844	Opcml	neither	0.5902862961518432
18769	-0.009097782086893894	-0.0004225061328010896	-0.0007931766618336787	-0.00037067052903258914	Pkig	neither	0.38876589075529844
219228	-0.002186501890333149	-0.00041748909775116643	0.001096044410072799	0.0015135335078239655	Pcdh17	neither	0.8796869217766997
70726	-0.00427375317203963	-0.000416925157326078	0.0034716396313341277	0.0038885647886602055	Angptl6	neither	-0.17000889374865644
107513	0.002045559560677801	-0.00041363181572133913	-0.00028184714389978423	0.0001317846718215549	Ssr1	neither	-0.33471360227833347
432530	0.002148837954126144	-0.00041081533817674	-0.0010403073334960045	-0.0006294919953192645	Adcy1	neither	-0.0827966640243743
236904	-0.009613946015577003	-0.000401489526338464	-0.0012326018974063383	-0.0008311123710678743	Klhl15	neither	0.36143414032598536
170737	-0.006122708298460106	-0.00039491634309327215	0.00019906968256267062	0.0005939860256559428	Znrf1	neither	0.6010796413151112
103967	0.001258713966210759	-0.00039377719282834747	-0.0003712051796587007	2.2572013169646743e-05	Dnm3	neither	-0.6340742097279591
241525	-0.001718847003135082	-0.0003926929159361453	-0.0010309325378079252	-0.0006382396218717798	Ypel4	neither	0.9618410790084772
18768	0.0011614129721794605	-0.0003923498198681146	-0.0003918644326297778	4.853872383368211e-07	Pkib	neither	-0.5744190655145396
20656	-0.0017909472494701708	-0.0003912306566548858	-0.0005229923534262968	-0.000131761696771411	Sod2	neither	0.880584817489311
219114	-0.0007292270736885874	-0.0003877062715705698	-0.0003002934154432744	8.74128561272954e-05	Ska3	neither	1.72973270747859
140571	0.0007394878527404583	-0.0003862301808132148	-0.000296383444024775	8.984673678843981e-05	Plxnb3	neither	-1.053559628084283
12810	-0.0010220540775802939	-0.00038618050796966597	-0.0002064742960177251	0.00017970621195194088	Coch	neither	0.706769973047788
75641	-0.0040863274526894726	-0.0003860357478515944	0.0009429968817783061	0.0013290326296299005	1700029I15Rik	neither	0.2816438680581302
56631	-0.0009667859892389985	-0.00038437533389753934	-0.0005313791794130548	-0.0001470038455155155	Trim17	neither	1.209762718570439
72472	-0.0026769542774594183	-0.00038296031646743766	-0.0002973967977623803	8.556351870505735e-05	Slc16a10	neither	0.6646878957660881
18413	-0.0005066821483293225	-0.00037982958104476144	-0.000597922394443347	-0.00021809281339858555	Osm	neither	1.1455702712607543
381644	0.0025156239984630855	-0.0003795263371113561	-4.502605788577878e-05	0.00033450027922557734	Cep135	neither	-0.19963437552847987
270192	-0.0074708161102057	-0.0003788140711433259	0.0021651195029784185	0.0025439335741217445	Rab6b	neither	0.398827015895238
66824	-0.0010493031651035727	-0.00037682767583842064	-0.00013794059071035639	0.00023888708512806426	Pycard	neither	1.1630196857087864
13058	0.003053388462847711	-0.0003719602349377369	-5.518467272313457e-05	0.00031677556221460234	Cybb	neither	-0.023965733407080327
24001	0.005918391231393209	-0.00037101268892447806	-0.0003737597600180678	-2.747071093589721e-06	Tiam2	neither	0.0018517239608247427
544963	0.0004947875837109241	-0.0003694259065607347	-0.00014808765699264516	0.00022133824956808952	Iqgap2	neither	-1.9329974292191163
16768	0.0005693507314988849	-0.0003684717748211217	2.414597159430477e-05	0.0003926177464154265	Lag3	neither	-0.6673138101714245
216867	-0.002183582655200881	-0.00035302710526861604	0.0001878357278030363	0.0005408628330716524	Slc16a11	neither	0.6651907921161514
71228	0.005791979122686849	-0.00035137304651628495	-0.0013131307603731139	-0.0009617577138568289	Dlg5	neither	0.01702641300978305
16438	0.00473167701582156	-0.0003468308914601801	2.0319812521107528e-05	0.0003671507039812876	Itpr1	neither	-0.030008387940920405
70551	0.0005284756590021292	-0.00034488209002972843	-0.0001728432166082769	0.00017203887342145152	Tmtc4	neither	-1.5650066668507767
109272	0.0010242412081732661	-0.0003446414206710221	0.0002293875123291031	0.0005740289330001252	Mybpc1	neither	-0.5645510310389055
216292	0.001608434149670186	-0.0003442033804830197	-0.00042630442528062746	-8.210104479760774e-05	Mettl25	neither	-0.27713789982889614
338370	0.007776587612157363	-0.0003438106183577708	0.0008264410549979216	0.0011702516733556924	Nalcn	neither	0.10138318127124663
71279	0.0010822080844695792	-0.0003436498657205493	-0.0002943114670006739	4.9338398719875375e-05	Slc29a3	neither	-0.4929984099807202
216856	0.001334288169688112	-0.00033619143689310216	0.00010237289174863434	0.0004385643286417365	Nlgn2	neither	-0.06079108303706929
14183	0.0006808373663003875	-0.0003357597539027363	-0.000299996079275724	3.5763674627012256e-05	Fgfr2	neither	-1.1347219662020176
233878	-0.0005525984113965936	-0.00033174372504345774	-0.0004470134361661721	-0.00011526971112271435	Sez6l2	neither	1.7457815465420727
244895	0.003671379804624284	-0.0003301550168920306	-4.112045671376402e-05	0.00028903456017826654	Peak1	neither	-0.08746753571543006
107503	0.0034991973607352658	-0.0003268301153536516	-0.00015179040197667643	0.00017503971337697518	Atf5	neither	-0.06734865220627322
207911	0.007594463149893183	-0.00032247707591868854	-0.0025489528516335256	-0.002226475775714837	Mchr1	neither	-0.08815848336979194
18984	-0.0004677289850941731	-0.0003220252947645482	-0.00020554685095250882	0.00011647844381203938	Por	neither	2.3075598146598146
232821	-0.0032634807311706943	-0.00032085717092739287	-0.0003691930465054598	-4.833587557806691e-05	Ccdc106	neither	0.4686386708887703
101772	0.0017360240759573587	-0.0003193748196045453	-0.0008932982188554716	-0.0005739233992509262	Ano1	neither	-0.11637400259912337
77782	-0.00030351512279033397	-0.0003155314867737107	-0.00020522913260806282	0.0001103023541656479	Polq	neither	3.3100496428678006
319901	0.001092037821022753	-0.0003155224722260047	6.0126244208211595e-05	0.00037564871643421633	Dsel	neither	-0.2202512078406047
51801	0.00047949732522968276	-0.000312994448356918	-0.0002651075519425526	4.7886896414365394e-05	Ramp1	neither	-1.2419734248578975
17387	0.001095973192061985	-0.0003097847355615366	-0.0003732591325664671	-6.34743970049305e-05	Mmp14	neither	-0.12275442184088028
16971	0.006106135958574104	-0.0003079449192221062	-0.0007912402587992888	-0.0004832953395771826	Lrp1	neither	0.011929061505625881
14081	0.0008164402953713671	-0.00030223586051715995	-0.00022470935853133702	7.752650198582293e-05	Acsl1	neither	-0.8237980188019884
73728	0.001405560855590048	-0.00030191853265214416	-0.0002915195560479028	1.0398976604241383e-05	Psd	neither	-0.28260132309754793
56485	0.0008366872199686845	-0.00029967657282479803	-2.6700473766722188e-05	0.00027297609905807584	Slc2a5	neither	-0.2902093196119823
16511	0.00043121242020896207	-0.00029811254644997463	-0.0002607107673501807	3.740177909979396e-05	Kcnh2	neither	-1.6515673403791125
319520	0.0005273626898562722	-0.0002942212433220913	0.0001801823076981885	0.00047440355102027984	Dusp4	neither	-1.062459945928531
76547	-0.0006754156420136565	-0.0002914144374160024	-0.00041801255233901296	-0.00012659811492301057	Tmem101	neither	1.0986333947078524
320051	0.0004233069196647208	-0.0002900228311995888	0.00011524556563071344	0.0004052683968303022	Exph5	neither	-0.8930755569081658
218341	-0.0010543739461016865	-0.0002881097618433185	0.0005602883399402301	0.0008483981017835486	Rfesd	neither	0.8662436266903177
225825	0.0005078507302929139	-0.0002874175051620885	-9.403734596673584e-05	0.00019338015919535264	Cd226	neither	-0.8002597102375013
12643	-0.005867854784649521	-0.00028622059649494963	0.0029167567131779147	0.0032029773096728643	Chad	neither	-0.5333225823702533
666048	0.0014527465935809114	-0.00027999539594924155	0.0009984518380800997	0.0012784472340293413	Trabd2b	neither	-0.29406214485601717
18584	0.0015519245091677445	-0.00027668139682312604	-0.0003706656076596563	-9.398421083653028e-05	Pde8a	neither	-0.2628734705663665
18974	0.0005076557074740186	-0.00027370258942047246	-0.00021584729611602834	5.785529330444412e-05	Pole2	neither	-1.2306370342639366
68567	0.0006420846529014775	-0.0002735778555952479	-0.0006594358799006607	-0.00038585802430541276	Cgref1	neither	-0.20496541298010945
171531	0.0022158751307300604	-0.0002688427581558331	-0.0009961638222526327	-0.0007273210640967997	Mlph	neither	0.006649736715327076
30954	0.00609558579952192	-0.00026883883198959433	0.0010362738624354164	0.0013051126944250107	Siva1	neither	0.1127956795039347
330409	-0.0013515279801102889	-0.00026878890837237916	-2.6211282757892425e-05	0.00024257762561448673	Cecr2	neither	0.8005682214719106
11746	0.001275696845910789	-0.0002656157665368025	0.0001811321269921021	0.00044674789352890456	Anxa4	neither	-0.27647485950082
16975	0.0031652427299693237	-0.0002645245586724354	-0.0012315917634352842	-0.0009670672047628488	Lrp8	neither	0.03108805527509834
238024	-0.0003832270511714303	-0.000263761217574695	-3.154572116723887e-05	0.00023221549640745615	Fn3krp	neither	1.5690343168081935
99512	0.0015303992770483341	-0.0002627866148084584	-3.641608210977997e-05	0.00022637053269867845	Wdr47	neither	-0.2866610128665224
14545	0.007713109274291431	-0.00026202065306084777	0.0005941336008425403	0.000856154253903388	Gdap1	neither	0.08102096775765708
12236	0.003466551995864576	-0.0002613230642454189	-0.00022289052845190696	3.843253579351196e-05	Bub1b	neither	0.04536770419185706
20509	-0.0006291634706259053	-0.00026036474409451746	0.00017035955376474386	0.0004307242978592613	Slc19a1	neither	1.3226884363462854
16535	0.0019316343281472433	-0.00025448890935814345	-0.0004023416395756589	-0.00014785273021751544	Kcnq1	neither	-0.07297138673247401
72585	-0.0011194375224351384	-0.00025311897443422394	0.0002410387158956927	0.0004941576903299167	Lypd1	neither	0.4965668642475074
72008	-0.002089547764498024	-0.00024727242405096826	0.0002915839528344004	0.0005388563768853687	Zfyve19	neither	0.6593958567681284
234515	0.00516761875377889	-0.00024161557840425275	-0.002716271212302445	-0.0024746556338981923	Inpp4b	neither	0.8309465239541027
22171	-0.0009303149585737111	-0.00024111526312551392	-2.0575471459536554e-05	0.00022053979166597736	Tyms	neither	0.9802194049534495
22785	-0.0016775671903552457	-0.00023925687273402082	-0.00015630938765175703	8.294748508226379e-05	Slc30a4	neither	0.6366257305556147
26949	0.0065651066948202545	-0.00023829448123366677	-0.0008535280596658231	-0.0006152335784321563	Vat1	neither	0.19329106196622528
54725	0.0010425560666997326	-0.00023521284640756927	-0.00011899546231078976	0.00011621738409677952	Cadm1	neither	-0.4064092647990762
14632	-0.000752665368738606	-0.00023467899892256445	-0.0001717707771599015	6.290822176266295e-05	Gli1	neither	0.8991008115286498
11600	0.0005205492579753231	-0.00023390130861046117	-0.0001956423162463999	3.825899236406126e-05	Angpt1	neither	-0.5242784945497216
237353	-0.004620977534842529	-0.00023361013397239886	0.00010010048064678143	0.0003337106146191803	Sh3rf3	neither	0.3512195066723589
12162	0.00459592865738221	-0.00023245699320369949	-0.0010345758368100896	-0.0008021188436063901	Bmp7	neither	0.19830694435830257
269423	0.0021107358348142094	-0.00023223636389581095	-0.0003746703952051891	-0.00014243403130937817	Abhd18	neither	-0.020445784979001864
81904	-0.0022474126240373104	-0.00022947896732382223	0.0002817986880735407	0.0005112776553973629	Cacng7	neither	0.5343501822906578
76217	-0.001233872917282987	-0.0002291188257657412	0.00021641696980893038	0.0004455357955746716	Jakmip2	neither	0.36319357226126897
54381	0.009687410091020142	-0.00022894951294481666	-0.0018264521815281793	-0.0015975026685833627	Cpq	neither	0.19211995237521365
110351	0.0018741135849771214	-0.0002284089498995091	-0.0013315083326968394	-0.0011030993827973303	Rap1gap	neither	0.223563478827998
69217	-0.0039044720712377422	-0.00022763814652335685	-7.579774529517346e-05	0.0001518404012281834	Plekha4	neither	0.390633964859284
108153	0.003999348579908353	-0.00022703417457325267	0.0010391279462171037	0.0012661621207903564	Adamts7	neither	-0.05702838204896802
225913	-0.005632875624605075	-0.00022480792823389043	0.00032234465535125353	0.0005471525835851439	Tkfc	neither	0.37548522172391263
109019	0.0020314768566399802	-0.0002239593314865642	0.0006211785793257716	0.0008451379108123359	Nabp1	neither	-0.03846946114937535
236539	-0.00042276750549125633	-0.00021684107301782741	-3.520969747780593e-05	0.0001816313755400215	Phgdh	neither	1.952897269567655
22780	0.0012759102174221242	-0.0002141511703970647	-0.00046915864626242407	-0.0002550074758653594	Ikzf3	neither	-0.004125747845116213
80914	-0.0002823358093053254	-0.000208350546247019	-0.00018523738300361357	2.3113163243405427e-05	Uck2	neither	2.40566839780583
67603	0.0006829025897217594	-0.00020767889202419893	0.0003498878443921348	0.0005575667364163337	Dusp6	neither	0.005827449566000866
66446	-0.0017546603836974077	-0.00020418708800583286	8.725655699996746e-05	0.00029144364500580035	Exosc7	neither	0.7140980421190705
17381	0.000303569425977304	-0.00020346241063309484	-0.00020309358859298766	3.6882204010717516e-07	Mmp12	neither	-1.2572485878165653
210044	-0.0018429166625334968	-0.0002018090933139515	-0.00010557176855438224	9.623732475956925e-05	Adcy2	neither	0.39531874408698847
27371	0.002610197418634423	-0.0002015095328563725	-0.0006207915802388581	-0.0004192820473824856	Sh2d2a	neither	0.020091397701739355
12550	0.0018985996381031985	-0.00020099330268127707	0.00014176086672985637	0.00034275416941113347	Cdh1	neither	-0.036891460913356114
17930	0.0005938628757678994	-0.00019729761597641517	-0.00014880850609232086	4.848910988409431e-05	Myom2	neither	-0.7593377891383996
17868	-0.0003824948392255266	-0.00019446547145807115	0.00014791875867870157	0.00034238423013677275	Mybpc3	neither	0.7977176514275787
76854	0.000547872655575252	-0.00019352824662256503	-0.00024032273173861502	-4.679448511604999e-05	Gper1	neither	-0.03395930368700866
67163	0.001998775152985271	-0.00019022261738463415	-0.00019460959343368497	-4.386976049050822e-06	Ccdc47	neither	-0.056457724976757544
215456	-0.0009213885566244037	-0.0001827738058327482	-0.00030470056737097597	-0.00012192676153822778	Gpat2	neither	0.6174843372242852
56078	0.0042749664000178945	-0.00018122192040203792	-0.00022548910469434618	-4.426718429230826e-05	Car5b	neither	0.16253898280421641
23948	-0.00026621061635766555	-0.00017971643100446997	-7.2346409539501e-05	0.00010737002146496897	Mmp17	neither	1.56997470194183
14160	0.0007606719216915984	-0.00017887600368802502	-4.028774361935253e-06	0.00017484722932608978	Lgr5	neither	-0.4086176487161487
320472	-0.0027642250428269125	-0.0001782444040560536	-3.1534729285800024e-05	0.00014670967477025358	Ppm1e	neither	0.505469059092109
16371	0.0008213407794916335	-0.00017679770371394	0.0005233263360908643	0.0007001240398048043	Irx1	neither	-0.06515374291535553
19725	0.0016377170605158008	-0.00017583322163025988	-0.0003022672838800549	-0.000126434062249795	Rfx2	neither	-0.06224969792633997
237175	0.0024627210036267896	-0.00017515223483039827	-0.0001100814809736028	6.507075385679547e-05	Adgrg2	neither	0.6657722773930435
14823	0.0008291661961882035	-0.000174611907885187	-5.6232343577288805e-05	0.0001183795643078982	Grm8	neither	-0.3412563539910374
107448	0.005374309317357704	-0.00017104473136131016	-0.001885352619676469	-0.0017143078883151588	Unc5a	neither	0.16784159872130336
242585	-0.00721191992825952	-0.0001703673300195292	0.001420175449599389	0.0015905427796189182	Slc35d1	neither	0.12230927478088792
13363	-0.0010614838431869582	-0.00016971648327302095	2.9410364979938824e-05	0.00019912684825295978	Dhh	neither	0.2412594554616599
58208	-0.0012971804324741843	-0.00016945380168144474	0.0006852909565180917	0.0008547447581995364	Bcl11b	neither	0.2696774922810284
230721	-0.0020749508132526517	-0.0001687670502728713	-3.7922135317487517e-06	0.00016497483674112254	Pabpc4	neither	0.4478884062212754
237073	-0.0002278068740197252	-0.0001670663069254711	-0.00010048519775225913	6.658110917321197e-05	Rbm41	neither	2.194900330424826
105239	-0.0002503838321787423	-0.00016617234362555514	-9.406597951632505e-05	7.210636410923009e-05	Rnf44	neither	2.200938642480273
19249	-0.0008694275196386948	-0.00016480321632913686	-5.9718599753283034e-05	0.00010508461657585382	Ptpn13	neither	0.8255386488690606
209032	-0.0005246124539789618	-0.00016440793460615314	-1.0798915353071297e-05	0.00015360901925308185	Zc3hav1l	neither	0.8390993270171343
243780	-0.002413974689890965	-0.00016361264763454302	-0.00019834019070603294	-3.4727543071489926e-05	Dennd11	neither	0.4313269866466896
22417	0.0030393788937929244	-0.00016015674858299366	0.0001786553359854821	0.0003388120845684758	Wnt4	neither	0.04189734363190632
216527	-0.0018883295630187644	-0.000155280186082642	0.0003138017205553153	0.0004690819066379573	Ccm2	neither	0.5478782760156033
53324	-0.002058946776419306	-0.0001532301160468489	-0.00033711857736835025	-0.00018388846132150134	Nptx2	neither	0.4746576222518625
64340	-0.0035880001080771822	-0.00015258637978186526	0.0003104904019518381	0.00046307678173370336	Dhx38	neither	0.3601925112679293
17874	-0.0009966061341048302	-0.00014832792279207164	-0.00011866626836638184	2.96616544256898e-05	Myd88	neither	0.6967144389558334
78286	0.0006323939724851076	-0.00014669493592083394	-9.514560931286419e-05	5.154932660796976e-05	Nav2	neither	-0.5292530505136921
433938	-0.001616134528292822	-0.00014660134688049948	0.00019818195194605399	0.00034478329882655344	Mn1	neither	0.47726094069958935
17196	-0.0026565579997708698	-0.00014435425650800136	0.000964334404157458	0.0011086886606654594	Mbp	neither	0.31411673636450976
66329	-0.008433304910434923	-0.00014189041247318943	-0.0007296185152445101	-0.0005877281027713206	Susd3	neither	0.22906549576490645
19273	0.004022033859623657	-0.00014184275742002163	-0.0009223178591509696	-0.000780475101730948	Ptpru	neither	0.13946813747382947
74134	-0.0004551249408279243	-0.00014060882526152366	-0.00010378786544272275	3.682095981880091e-05	Cyp2s1	neither	0.9700934945682655
64424	-0.00011631634060772519	-0.00013999076742043023	-8.476635635748526e-05	5.5224411062944966e-05	Polr1e	neither	3.6171326475629573
57738	0.00020400854249046977	-0.00013750247560843904	-6.41352617201456e-05	7.336721388829343e-05	Slc15a2	neither	-1.3318487095148146
13982	0.0006735497829876938	-0.00013706926860546667	-0.0001618347976434801	-2.4765529038013427e-05	Esr1	neither	-0.3420293880395431
20191	0.0005490107097410086	-0.0001356866411508116	-8.181329349047225e-05	5.387334766033935e-05	Ryr2	neither	-0.4431235678869704
68479	0.0006091328275190451	-0.00013515982644867817	-0.00013947314552372928	-4.313319075051114e-06	Phf5a	neither	-0.41265697335601953
16402	0.0022884778982329474	-0.00013290482991713007	0.0005440528528038795	0.0006769576827210097	Itga5	neither	0.180032976228649
12416	-0.001251876648665967	-0.0001290376861037674	9.514095882629606e-06	0.000138551781986397	Cbx2	neither	0.4907404674815147
93835	-0.004640084586523522	-0.00012894894707824025	0.0015977538389179422	0.0017267027859961825	Amn	neither	0.2698490511246023
73747	-0.001649400738747865	-0.00012752270074691162	0.0006918675141882878	0.0008193902149351994	Shld1	neither	0.432569355805806
329650	-0.0018999328544522533	-0.00012549824638249094	5.9826291923155834e-05	0.00018532453830564678	Med12l	neither	0.4577480655074368
22359	-0.0012225924242933942	-0.00012400770695765047	-1.906194448380554e-05	0.00010494576247384493	Vldlr	neither	0.3781550532701352
216739	0.0015826697576074818	-0.00012378993366527713	-0.001025825782085003	-0.0009020358484197259	Acsl6	neither	0.051248275320665844
231724	-0.0020106571332046304	-0.00012334497021476056	-0.0005141410239184111	-0.00039079605370365047	Rad9b	neither	0.42167787600092804
20964	-0.0008413932816784368	-0.00012318938380385055	-1.8458419471772494e-05	0.00010473096433207805	Syn1	neither	0.49934786723687674
15945	-0.002366988906438771	-0.00012236064497643707	-0.001526861711207341	-0.001404501066230904	Cxcl10	neither	0.4144381697357745
20447	0.00039706783157681584	-0.00011985405071214848	-8.8630044261193e-05	3.122400645095548e-05	St6galnac3	neither	-0.5326270027977761
52033	-0.0006454752461329082	-0.00011781313652958136	-0.00021575114489084187	-9.79380083612605e-05	Pbk	neither	0.7709089621692021
67196	0.0004203486396378265	-0.00011376852713706432	-0.0001243675727629796	-1.0599045625915289e-05	Ube2t	neither	-0.544503162323342
268395	0.0004937824593092552	-0.00011349328463580388	-0.0001424871890443317	-2.899390440852783e-05	Mpg	neither	-0.17366888614646955
233875	-0.002846962512174834	-0.00011240250948635835	0.0005422954174464349	0.0006546979269327932	Ino80e	neither	0.39841420506854425
236930	-0.0013599569968207569	-0.000110056027580945	-6.85249257680317e-05	4.1531101812913304e-05	Ercc6l	neither	0.46765783230663965
75209	-0.0012627690753080425	-0.00010979303051543249	0.0006397296586361911	0.0007495226891516235	Sv2c	neither	0.620150192014832
80901	0.0005664520643509457	-0.00010903116620873239	-3.203962974850913e-05	7.699153646022326e-05	Cxcr6	neither	0.0460401716107988
381379	0.004237654818756498	-0.00010840904344206053	-0.0008436024308892266	-0.000735193387447166	Med19	neither	0.1792095841137544
384569	-0.004099459461435089	-0.00010620939085988847	0.0008078213328345011	0.0009140307236943895	Nova2	neither	0.6228967489921086
270906	-0.00011453678482687733	-0.00010116633467801378	-0.00010477829223219425	-3.6119575541804683e-06	Prr11	neither	2.7859990609728826
70310	0.0003437419230341576	-9.971010013263152e-05	4.7981405976065435e-05	0.00014769150610869695	Plscr3	neither	-0.34264667430334017
77015	-0.0007936592397233021	-9.738973180157577e-05	0.00040563523668188476	0.0005030249684834606	Mpped2	neither	0.08037421568487682
13131	0.0002426752484083481	-9.380669727694512e-05	-8.17136422419089e-05	1.2093055035036215e-05	Dab1	neither	-0.7006816637275671
23966	0.000262192967488681	-9.348474166901567e-05	-7.115756249123889e-05	2.2327179177776787e-05	Tenm4	neither	-0.40548385068424037
56532	-0.0003456546405641812	-9.293328387024109e-05	-0.0001608888701752457	-6.795558630500461e-05	Ripk3	neither	0.7852942241117524
171282	0.0005508338698102692	-9.259547535304679e-05	-5.483908083755043e-05	3.7756394515496364e-05	Acot4	neither	-0.1873216307461775
20745	0.0003134318532035798	-9.069817045350609e-05	-0.0001832329844936653	-9.25348140401592e-05	Spock1	neither	-0.39138357266839163
68039	-0.005742508501443271	-7.58663511503538e-05	-0.006684608996107798	-0.006608742644957444	Nmb	neither	0.27883003876718515
14675	0.00015108728883515962	-7.446744249010844e-05	-4.37000148600023e-05	3.076742763010614e-05	Gna14	neither	-1.1540252968238542
407823	0.00032699593917818727	-7.393681206319034e-05	-3.545036564295709e-05	3.848644642023325e-05	Baz2b	neither	-0.4227035994133957
234214	0.00014537526126626619	-7.334344467003612e-05	-3.258657824638456e-05	4.075686642365156e-05	Sorbs2	neither	-1.1712346348913711
210530	0.003205898946544732	-7.273935932138982e-05	-0.00201315374171161	-0.00194041438239022	P3h2	neither	0.5434650939211071
12842	-0.0015254770435705024	-7.243525146383044e-05	0.0007573516831007978	0.0008297869345646283	Col1a1	neither	0.32926105806773265
218440	-0.0027615996858228395	-7.211966073346475e-05	-0.0014175496812161377	-0.001345430020482673	Ankrd34b	neither	0.3602830970638006
17345	-0.0011538563094566025	-6.660376446440936e-05	-0.000212942514945884	-0.00014633875048147463	Mki67	neither	0.37240297954295387
218820	0.00020940426013648896	-6.592513791268273e-05	0.0001806209992203336	0.00024654613713301636	Zfp503	neither	-0.4159485520207644
22276	-0.00017033660854438648	-6.504957013632648e-05	4.27544253674442e-05	0.00010780399550377068	Uros	neither	1.111911389967516
17921	0.00041957226492865795	-6.318621264793427e-05	-3.7107819028503644e-05	2.6078393619430626e-05	Myo7a	neither	-0.17007510926694824
241770	-0.00011788915350245995	-6.193710994083649e-05	-3.5341174347316965e-05	2.6595935593519526e-05	Rims4	neither	0.667738756731225
330355	-0.0005198025193304171	-6.174444683627895e-05	8.189434045724113e-05	0.0001436387872935201	Dnah6	neither	0.46294422489875536
22637	0.00036762861980119854	-5.8197385945085805e-05	-0.0001030294539254564	-4.48320679803706e-05	Zap70	neither	0.48281559043451133
80890	0.002300191210353975	-5.670723336764474e-05	-0.0002013469394909315	-0.00014463970612328678	Trim2	neither	0.11714968639628247
329324	-0.000330467603033562	-5.6139149857254324e-05	5.4756562988330504e-05	0.00011089571284558482	Syt14	neither	0.643676185713915
236285	0.0005301002500192312	-5.5067098393107084e-05	0.0004149257630223752	0.0004699928614154823	Lancl3	neither	-0.25963537640872497
67426	0.0004989569757984555	-5.417871761301563e-05	7.375236806041282e-05	0.00012793108567342844	Coq8a	neither	0.031201890428137816
110385	-0.0020277436991259223	-4.872195675169042e-05	-0.0005322358058368871	-0.00048351384908519666	Pde4c	neither	0.23981443999214525
78412	0.0007369525054508317	-4.871923593585719e-05	-0.0006444304028787993	-0.0005957111669429422	Cyren	neither	0.14148092942878474
21828	5.3926414618514494e-05	-4.5975045232634776e-05	-4.564656260565556e-05	3.2848262697921475e-07	Thbs4	neither	-1.6303271268690127
12805	0.0003790908710382799	-4.580069377523151e-05	-1.4288326596763668e-05	3.151236717846784e-05	Cntn1	neither	-0.09454091788060524
170745	-0.0006731727787803239	-4.5251030790115585e-05	-0.0002182086804260149	-0.00017295764963589933	Xpnpep2	neither	-0.10610305345291632
227059	0.003235759412801702	-4.476102384352924e-05	0.0004980538062324785	0.0005428148300760077	Slc39a10	neither	0.19070969512581373
56177	0.00032222908150168956	-4.463194403707669e-05	-3.147149932513017e-05	1.3160444711946517e-05	Olfm1	neither	-0.18607551479455228
12931	0.0008341359136735704	-4.4032224440054217e-05	-9.100737016524819e-05	-4.697514572519397e-05	Crlf1	neither	0.2467095528138579
22062	6.567534754703616e-05	-4.392334111147202e-05	-3.673038114541668e-05	7.192959966055339e-06	Trp73	neither	-1.5740545539962056
319582	-0.002255301771097552	-4.3722936425596197e-05	-0.000831544050808141	-0.0007878211143825448	Trmt9b	neither	0.26131555314560967
244058	-0.0014307322266055994	-4.257081562797112e-05	-0.000802322966271654	-0.0007597521506436829	Rgma	neither	-0.14528900764835306
54609	0.006561171277594542	-4.208392757531683e-05	-8.678295253322701e-05	-4.469902495791018e-05	Ubqln2	neither	0.23818547636884257
74199	-0.0009594570032992712	-4.127555466934851e-05	0.00016031330223868174	0.00020158885690803026	Vit	neither	0.46934323054585664
73327	-0.0003190136388396477	-4.027143334392537e-05	5.703159536562602e-05	9.730302870955139e-05	Pradc1	neither	0.4882460851974585
56224	-0.0007488913522230551	-4.011227678484867e-05	-1.896440322880552e-05	2.1147873556043148e-05	Tspan5	neither	0.3839256405416556
17193	0.0002880967066578605	-3.972945255442099e-05	-3.4049921961467774e-05	5.679530592953218e-06	Mbd4	neither	-0.062023327198170164
101565	0.0006445549746747451	-3.8603138147246114e-05	6.37441155982548e-05	0.0001023472537455009	Ccp110	neither	0.047721192633835535
380924	-0.00022912956777850394	-3.527148172385604e-05	4.2409966123898276e-05	7.768144784775431e-05	Olfm4	neither	0.5234707149711924
380863	4.49965439895278e-05	-3.381322550273416e-05	2.98196814626199e-07	3.4111422317360355e-05	Tmem171	neither	-1.2992503579239538
22324	0.00010111271105277085	-3.376868456382317e-05	-5.09286914269029e-05	-1.716000686307973e-05	Vav1	neither	0.09311348851371219
69066	4.92412002215819e-05	-2.9549223541797226e-05	-7.205324486019846e-06	2.234389905577738e-05	1810010H24Rik	neither	-1.1064487830615555
56419	-0.0011723002985214144	-2.921878696226216e-05	-0.0001711532857479333	-0.00014193449878567113	Diaph3	neither	0.27605907023589404
75906	0.0021176019018658274	-2.8128895874792257e-05	0.0001044025969978932	0.00013253149287268545	Fam184a	neither	0.19146821743142828
56700	-5.588172938799767e-05	-2.77547945568323e-05	-6.93923811861681e-06	2.081555643821549e-05	Glmp	neither	1.5353833266705832
22113	5.9692896899078854e-05	-2.7558574470416298e-05	3.529513071413249e-05	6.285370518454879e-05	Phlda2	neither	-0.7467954330711218
546611	-0.01014680791412167	-2.645425560227943e-05	-0.0023780373977139693	-0.00235158314211169	Klhl33	neither	0.3007480883650371
14805	-0.00019586943446672772	-2.5947821765337277e-05	2.7764747662047298e-05	5.3712569427384575e-05	Grik1	neither	0.4713649112028994
16404	0.005516795194792232	-2.540342818690073e-05	-0.00031299489016499985	-0.00028759146197809913	Itga7	neither	0.27788584026537605
21987	0.00536388427513216	-2.5270118009258297e-05	-0.0021859366373297964	-0.0021606665193205383	Tpd52l1	neither	0.22705207727317367
238799	0.00016787786798700118	-2.466208231168197e-05	-4.012565074427492e-06	2.064951723725448e-05	Tnpo1	neither	-0.2518334062203337
242819	-0.001443328148356207	-2.4502982559785504e-05	-0.00031922265637859213	-0.0002947196738188066	Rundc3b	neither	0.2970325092330725
107351	6.629878310186463e-05	-2.3721611254494007e-05	-1.5397564003070608e-05	8.3240472514234e-06	Kank1	neither	-0.7640762769392871
72415	0.0023801668778237243	-2.273650237204247e-05	-2.0286310323255183e-05	2.450192048787289e-06	Sgo1	neither	0.19897259684675297
28240	-0.0001318131481840418	-2.1363997345785188e-05	-7.016158807171343e-05	-4.879759072592824e-05	Trpm2	neither	0.3434630902938875
56794	0.0033760513910366568	-2.0569496640796155e-05	-0.0001292505014577479	-0.00010868100481695175	Hacl1	neither	-0.018336357366947997
14163	-0.0013407798003773107	-2.0318457647888482e-05	0.0003404864012193736	0.0003608048588672621	Fgd1	neither	0.22470375828583916
211798	0.00010062232310222396	-1.8885229078440126e-05	-2.9562625588277046e-05	-1.067739650983692e-05	Mfsd9	neither	-0.2722365173678733
21816	0.0004892529269154583	-1.8813901936505487e-05	-0.0003997149500482243	-0.0003809010481117188	Tgm1	neither	0.3222422545089187
54710	0.00018349127349540252	-1.8669649491191234e-05	1.6870689767779602e-05	3.554033925897084e-05	Hs3st3b1	neither	0.09496773207589657
546336	0.0002896886269916129	-1.7823849361859845e-05	4.5488628231008585e-05	6.331247759286843e-05	Prrg1	neither	0.12224809797413955
110902	-0.00010290274959922771	-1.6260357329859543e-05	-1.7600577179726736e-05	-1.3402198498671938e-06	Chrna2	neither	0.5876123989594092
19258	-3.779176427833585e-05	-1.599533244666781e-05	-2.258895240367311e-05	-6.593619957005301e-06	Ptpn4	neither	1.4641920832922783
16881	9.316604164897051e-05	-1.5930974532594455e-05	-2.2709943949190435e-05	-6.77896941659598e-06	Lig1	neither	-0.3525825351140748
19416	4.5769080156552235e-05	-1.591180751447936e-05	-2.63029283194905e-06	1.328151468253031e-05	Rasd1	neither	-0.5141655762147096
20273	6.398431231755789e-05	-1.3885348325097185e-05	-2.6250833370662525e-05	-1.236548504556534e-05	Scn8a	neither	-0.2998353080275757
20516	0.00045040893056799534	-1.3285414919697319e-05	-1.0889737930046679e-05	2.39567698965064e-06	Slc20a2	neither	0.5683445881260198
171463	-0.0001066027182789507	-1.2301630807000833e-05	1.0543353561714527e-05	2.2844984368715358e-05	Il17rd	neither	0.592327722472335
78892	-0.0012049790860610202	-1.0468412021233133e-05	-0.00026107635526050505	-0.0002506079432392719	Crispld2	neither	0.20424818660087818
20532	0.0004248266622277261	-1.018469056464714e-05	0.00014608853858410497	0.0001562732291487521	Slc3a1	neither	0.11188941591810976
24057	5.074515671905569e-05	-9.725359683934395e-06	-1.2637531351224642e-06	8.46160654881193e-06	Sh3yl1	neither	-0.28693279353981643
22256	5.178410535622279e-05	-7.536776390844989e-06	-1.0690619811521158e-05	-3.153843420676169e-06	Ung	neither	-0.12985748590631366
68760	-0.00017388529756955594	-6.279601272760936e-06	4.9277432339403416e-05	5.555703361216435e-05	Synpo2l	neither	0.42603505781430034
83674	2.4865615853220064e-05	-6.210399169026843e-06	9.413082987063796e-06	1.562348215609064e-05	Cnnm1	neither	-0.3673209344553836
18190	0.0001296311839348256	-5.5428134510528475e-06	-3.396200821925044e-05	-2.8419194768197593e-05	Nrxn2	neither	-0.07966900789001574
192678	0.0006640384235313161	-4.431045680347443e-06	-9.727160801974828e-05	-9.284056233940083e-05	Rassf3	neither	0.23543022508460057
108797	-0.0022280513149601664	-3.9641671741093086e-06	-0.000622593842070494	-0.0006186296748963848	Mex3b	neither	0.37871026711877764
20277	-8.802779787777327e-05	-3.2046482790097143e-06	-1.6876343336001708e-05	-1.3671695056991993e-05	Scnn1b	neither	0.14313965048602814
21664	-0.0012829720239321677	-3.1892311999993063e-06	0.00022515469564495145	0.00022834392684495077	Phlda1	neither	0.22111424280747402
20423	4.279915117566326e-05	-2.924811459263746e-06	2.4227958042821094e-05	2.715276950208484e-05	Shh	neither	0.06306887040312917
27801	4.5130705474174775e-05	-2.6275637808718213e-06	-8.384244891993606e-06	-5.756681111121785e-06	Zdhhc8	neither	0.06738551566976876
11941	0.0006076751205491522	-2.184917410089419e-06	-0.00017675981872829224	-0.0001745749013182028	Atp2b2	neither	0.7373591700961191
19041	0.00014976016865864792	-2.0717448683640096e-06	3.234004123439463e-05	3.441178610275864e-05	Ppl	neither	0.3232832268252492
286942	-0.00033820946775252537	-1.7160431319436536e-06	5.791952404597666e-05	5.963556717792032e-05	Kif19a	neither	0.05416145886920091
353242	-2.2901857725552194e-07	-3.2586068267495804e-08	1.0857274594949745e-08	4.344334286244555e-08	Mrpl21	neither	0.7071118237172804
23985	-0.004553226092204899	-0.0	-0.0	0.0	Slc26a4	not_expressed	
50528	0.00044817691604587945	0.0	0.0	0.0	Tmprss2	not_expressed	
18654	-0.0015535243256292173	-0.0	-0.0	0.0	Pgf	not_expressed	
100038882	-0.009095807097917064	-0.0	-0.0	0.0	Isg15	not_expressed	
15163	0.0040963943072099196	0.0	0.0	0.0	Hcls1	not_expressed	
70779	-0.002408191184108281	-0.0	-0.0	0.0	Prdm5	not_expressed	
14049	0.00507730809941426	0.0	0.0	0.0	Eya2	not_expressed	
53601	0.008698332507505973	0.0	0.0	0.0	Pcdh12	not_expressed	
230103	9.861151436467483e-05	0.0	0.0	0.0	Npr2	not_expressed	
320840	0.001471415475423532	0.0	0.0	0.0	Negr1	not_expressed	
20389	-0.0008732044257588534	-0.0	-0.0	0.0	Sftpc	not_expressed	
19225	-0.002145669257860921	-0.0	-0.0	0.0	Ptgs2	not_expressed	
70928	0.0028476235249753684	0.0	0.0	0.0	Trim69	not_expressed	
73407	-0.001246185037346598	-0.0	-0.0	0.0	Tepp	not_expressed	
210719	0.002177797860948464	0.0	0.0	0.0	Mkx	not_expressed	
20202	0.005174571936412435	0.0	0.0	0.0	S100a9	not_expressed	
242607	1.5894647840067298e-05	0.0	0.0	0.0	Slc1a7	not_expressed	
20618	0.004476220430526632	0.0	0.0	0.0	Sncg	not_expressed	
19713	-0.004484540462709454	-0.0	-0.0	0.0	Ret	not_expressed	
71607	-0.010697780229215756	-0.0	-0.0	0.0	Snx20	not_expressed	
14623	0.0006618851137078349	0.0	0.0	0.0	Gjb6	not_expressed	
399548	0.0034021700373909067	0.0	0.0	0.0	Scn4b	not_expressed	
242939	0.0023935184911101828	0.0	0.0	0.0	Cpz	not_expressed	
20200	0.024399101043478096	0.0	0.0	0.0	S100a6	not_expressed	
56362	-0.0012410907891444187	-0.0	-0.0	0.0	Sult1b1	not_expressed	
94180	0.002956631304979798	0.0	0.0	0.0	Acsbg1	not_expressed	
20317	-0.0044401180139191435	-0.0	-0.0	0.0	Serpinf1	not_expressed	
214359	-0.0069376569580782725	-0.0	-0.0	0.0	Tmem51	not_expressed	
109050	7.407145924361123e-05	0.0	0.0	0.0	Inka2	not_expressed	
23936	-0.004844028221614539	-0.0	-0.0	0.0	Lynx1	not_expressed	
207728	-0.009208313365158247	-0.0	-0.0	0.0	Pde2a	not_expressed	
208164	0.0010214737458073915	0.0	0.0	0.0	Fam180a	not_expressed	
11670	-0.013214447107526771	-0.0	-0.0	0.0	Aldh3a1	not_expressed	
65221	0.012199875748898869	0.0	0.0	0.0	Slc15a3	not_expressed	
66208	-0.006063095789739363	-0.0	-0.0	0.0	Nenf	not_expressed	
24110	0.0028095706115958876	0.0	0.0	0.0	Usp18	not_expressed	
70415	-0.005937592581063101	-0.0	-0.0	0.0	Stk26	not_expressed	
21817	0.007148473290009197	0.0	0.0	0.0	Tgm2	not_expressed	
27226	0.004908559017321746	0.0	0.0	0.0	Pla2g7	not_expressed	
233752	0.00023852586655335643	0.0	0.0	0.0	Insc	not_expressed	
210808	0.0003869830015980545	0.0	0.0	0.0	Lacc1	not_expressed	
193034	-0.0034206026132870986	-0.0	-0.0	0.0	Trpv1	not_expressed	
237387	0.0010584049736308446	0.0	0.0	0.0	Lrrc3	not_expressed	
19124	-0.003425067570285812	-0.0	-0.0	0.0	Procr	not_expressed	
244864	-0.0001741653508069972	-0.0	-0.0	0.0	Layn	not_expressed	
278180	0.013190952373170086	0.0	0.0	0.0	Vsig4	not_expressed	
14205	0.0038928793732465497	0.0	0.0	0.0	Vegfd	not_expressed	
12830	-0.010618673375556291	-0.0	-0.0	0.0	Col4a5	not_expressed	
16491	0.0003733906437508535	0.0	0.0	0.0	Kcna3	not_expressed	
14017	0.004915269562790544	0.0	0.0	0.0	Evi2a	not_expressed	
16846	0.003609148860901779	0.0	0.0	0.0	Lep	not_expressed	
14419	-0.0031341042953762694	-0.0	-0.0	0.0	Gal	not_expressed	
12007	0.0019541867009001163	0.0	0.0	0.0	Azgp1	not_expressed	
21789	-0.0003975505843150028	-0.0	-0.0	0.0	Tfpi2	not_expressed	
13849	0.004074293788843449	0.0	0.0	0.0	Ephx1	not_expressed	
229791	-0.004962005940830101	-0.0	-0.0	0.0	Plppr4	not_expressed	
64103	0.004338143437197539	0.0	0.0	0.0	Tnmd	not_expressed	
14080	-0.00023080261395386377	-0.0	-0.0	0.0	Fabp1	not_expressed	
20296	-0.00045622747074482395	-0.0	-0.0	0.0	Ccl2	not_expressed	
79235	0.0013902856613694854	0.0	0.0	0.0	Lrat	not_expressed	
13386	0.0020716323048637947	0.0	0.0	0.0	Dlk1	not_expressed	
69693	0.0053623904392227145	0.0	0.0	0.0	Pof1b	not_expressed	
12351	-0.011280598636810388	-0.0	-0.0	0.0	Car4	not_expressed	
14938	-0.0132543505607484	-0.0	-0.0	0.0	Gzma	not_expressed	
70370	0.0009340327333792496	0.0	0.0	0.0	Fbln7	not_expressed	
217306	-0.0017780685501065908	-0.0	-0.0	0.0	Cd300e	not_expressed	
12825	-0.034432995736063975	-0.0	-0.0	0.0	Col3a1	not_expressed	
231134	-0.0038497234361843766	-0.0	-0.0	0.0	Dok7	not_expressed	
103511	0.0064764792960298944	0.0	0.0	0.0	Calhm5	not_expressed	
17228	-0.0033718179666494866	-0.0	-0.0	0.0	Cma1	not_expressed	
170952	0.0010045141402356872	0.0	0.0	0.0	Prima1	not_expressed	
58243	0.013220542523025404	0.0	0.0	0.0	Nap1l5	not_expressed	
12505	0.007725886894818034	0.0	0.0	0.0	Cd44	not_expressed	
53313	0.0025818924958064767	0.0	0.0	0.0	Atp2a3	not_expressed	
76757	0.0015588758167414433	0.0	0.0	0.0	Trdn	not_expressed	
242050	-0.0021023049110264137	-0.0	-0.0	0.0	Igsf10	not_expressed	
29818	-0.0023690314329773577	-0.0	-0.0	0.0	Hspb7	not_expressed	
68352	0.0009982000373800193	0.0	0.0	0.0	Aspdh	not_expressed	
66528	-0.0003997993480331003	-0.0	-0.0	0.0	Smim5	not_expressed	
21928	0.0003745342925000727	0.0	0.0	0.0	Tnfaip2	not_expressed	
11807	-0.003742214836526345	-0.0	-0.0	0.0	Apoa2	not_expressed	
21924	0.0023829337358990286	0.0	0.0	0.0	Tnnc1	not_expressed	
171469	-0.0011385458888329033	-0.0	-0.0	0.0	Gpr37l1	not_expressed	
19039	-0.0043739911456854574	-0.0	-0.0	0.0	Lgals3bp	not_expressed	
93761	-0.004655709221525479	-0.0	-0.0	0.0	Smarca1	not_expressed	
18389	0.003989656715918627	0.0	0.0	0.0	Oprl1	not_expressed	
12654	0.0027004214488884687	0.0	0.0	0.0	Chil1	not_expressed	
11803	0.00014779449475575844	0.0	0.0	0.0	Aplp1	not_expressed	
226999	-0.005450265248321512	-0.0	-0.0	0.0	Slc9a2	not_expressed	
18596	0.0064082311601653215	0.0	0.0	0.0	Pdgfrb	not_expressed	
114644	0.004188072107119149	0.0	0.0	0.0	Slc13a3	not_expressed	
209837	-0.012446513531170902	-0.0	-0.0	0.0	Slc38a5	not_expressed	
56745	-6.775146498161375e-05	-0.0	-0.0	0.0	C1qtnf1	not_expressed	
230775	0.0035934664137159907	0.0	0.0	0.0	Adgrb2	not_expressed	
15370	0.009548312354772388	0.0	0.0	0.0	Nr4a1	not_expressed	
67580	0.0009954603507748652	0.0	0.0	0.0	Lrrc18	not_expressed	
17085	0.012719853910001706	0.0	0.0	0.0	Ly9	not_expressed	
54698	-0.013606257798473182	-0.0	-0.0	0.0	Crtam	not_expressed	
17380	-0.0007137359791419749	-0.0	-0.0	0.0	Mme	not_expressed	
19011	-0.009512361730412169	-0.0	-0.0	0.0	Endou	not_expressed	
114679	0.0006664101413451388	0.0	0.0	0.0	Selenom	not_expressed	
20319	0.0029250972745650263	0.0	0.0	0.0	Sfrp2	not_expressed	
231691	-0.007989139349625364	-0.0	-0.0	0.0	Sds	not_expressed	
22370	-0.00393161809118075	-0.0	-0.0	0.0	Vtn	not_expressed	
22351	-0.0011440573160459385	-0.0	-0.0	0.0	Vill	not_expressed	
18400	0.005025142989501915	0.0	0.0	0.0	Slc22a18	not_expressed	
574402	-0.010363824539254728	-0.0	-0.0	0.0	Gpr17	not_expressed	
14126	-0.002579683187511462	-0.0	-0.0	0.0	Ms4a2	not_expressed	
69454	-0.0031588022373844216	-0.0	-0.0	0.0	Clic3	not_expressed	
211739	-0.012817543866653675	-0.0	-0.0	0.0	Vstm2a	not_expressed	
224024	0.020998340106350013	0.0	0.0	0.0	Scarf2	not_expressed	
14840	-0.00661846845937971	-0.0	-0.0	0.0	Gsg1	not_expressed	
14125	2.384261224093583e-05	0.0	0.0	0.0	Fcer1a	not_expressed	
21956	0.0005111150709900266	0.0	0.0	0.0	Tnnt2	not_expressed	
338369	-0.00273113652414155	-0.0	-0.0	0.0	Tmem220	not_expressed	
106878	-0.0036591046063334655	-0.0	-0.0	0.0	Smim3	not_expressed	
14264	-0.0016636916555187588	-0.0	-0.0	0.0	Fmod	not_expressed	
56534	0.007299936050646556	0.0	0.0	0.0	Hspb3	not_expressed	
68566	0.001438129119668176	0.0	0.0	0.0	Caly	not_expressed	
12346	-0.005972293213230511	-0.0	-0.0	0.0	Car1	not_expressed	
21786	-0.0004111983145191585	-0.0	-0.0	0.0	Tff3	not_expressed	
70405	0.005927006636457652	0.0	0.0	0.0	Calml3	not_expressed	
71690	0.0010935050848377105	0.0	0.0	0.0	Esm1	not_expressed	
11688	0.0025435968314431127	0.0	0.0	0.0	Alox8	not_expressed	
12501	0.000941252414109239	0.0	0.0	0.0	Cd3e	not_expressed	
59308	9.873402897350302e-05	0.0	0.0	0.0	Emcn	not_expressed	
19329	-0.0036068036682958306	-0.0	-0.0	0.0	Rab17	not_expressed	
107527	-0.004556730079571702	-0.0	-0.0	0.0	Il1rl2	not_expressed	
14412	-0.001549315425977454	-0.0	-0.0	0.0	Slc6a13	not_expressed	
56644	0.012964358276553577	0.0	0.0	0.0	Clec7a	not_expressed	
11450	-0.002891720908623401	-0.0	-0.0	0.0	Adipoq	not_expressed	
245020	0.0008883933100928453	0.0	0.0	0.0	Slc35g2	not_expressed	
56496	0.004047308011172804	0.0	0.0	0.0	Tspan6	not_expressed	
15572	-0.0015828267368123046	-0.0	-0.0	0.0	Elavl4	not_expressed	
114886	0.032112746383916174	0.0	0.0	0.0	Cygb	not_expressed	
272031	-0.00023584412591409854	-0.0	-0.0	0.0	Plppr1	not_expressed	
70727	-0.000290956727472078	-0.0	-0.0	0.0	Rasgef1a	not_expressed	
17130	0.008221650407205875	0.0	0.0	0.0	Smad6	not_expressed	
71781	-0.003028874883289286	-0.0	-0.0	0.0	Slc16a14	not_expressed	
71099	0.0039193624714234454	0.0	0.0	0.0	Tssk4	not_expressed	
11606	-0.0036536394298330404	-0.0	-0.0	0.0	Agt	not_expressed	
218877	0.00577587855615194	0.0	0.0	0.0	Sema3g	not_expressed	
16909	-0.0050087002547276735	-0.0	-0.0	0.0	Lmo2	not_expressed	
271786	0.0009083580889922741	0.0	0.0	0.0	Galnt13	not_expressed	
243328	-0.005978152527839217	-0.0	-0.0	0.0	Slc29a4	not_expressed	
17984	-0.0008412085075686562	-0.0	-0.0	0.0	Ndn	not_expressed	
18121	-0.004194116911308841	-0.0	-0.0	0.0	Nog	not_expressed	
21384	0.007328997307193974	0.0	0.0	0.0	Tbx15	not_expressed	
212032	-0.012469010462888314	-0.0	-0.0	0.0	Hk3	not_expressed	
19711	-0.004410281759169238	-0.0	-0.0	0.0	Resp18	not_expressed	
13609	-0.017532615759747686	-0.0	-0.0	0.0	S1pr1	not_expressed	
22422	-0.005364302440786548	-0.0	-0.0	0.0	Wnt7b	not_expressed	
12839	-0.016262776274186198	-0.0	-0.0	0.0	Col9a1	not_expressed	
118454	-0.001216466204110345	-0.0	-0.0	0.0	Gjc2	not_expressed	
225742	-0.00015362277613975003	-0.0	-0.0	0.0	St8sia5	not_expressed	
11745	0.0024201405795673263	0.0	0.0	0.0	Anxa3	not_expressed	
21898	0.015613385217031803	0.0	0.0	0.0	Tlr4	not_expressed	
14432	-0.00043305252859789014	-0.0	-0.0	0.0	Gap43	not_expressed	
11829	-0.001982431151235909	-0.0	-0.0	0.0	Aqp4	not_expressed	
12978	-0.022304804731846907	-0.0	-0.0	0.0	Csf1r	not_expressed	
100040591	-0.0007441906117460623	-0.0	-0.0	0.0	Kcnj13	not_expressed	
241452	-0.0018107039539332743	-0.0	-0.0	0.0	Dhrs9	not_expressed	
69590	-0.024244455637142132	-0.0	-0.0	0.0	Gpx8	not_expressed	
23923	-0.005998686784475589	-0.0	-0.0	0.0	Aadat	not_expressed	
77318	0.0007844331783020474	0.0	0.0	0.0	Ankrd55	not_expressed	
64176	0.0032499053615832134	0.0	0.0	0.0	Sv2b	not_expressed	
21743	-0.002553195832596528	-0.0	-0.0	0.0	Inmt	not_expressed	
107766	-0.0005725902207392665	-0.0	-0.0	0.0	Haao	not_expressed	
16197	0.0015445969099378274	0.0	0.0	0.0	Il7r	not_expressed	
19220	0.004206665325732595	0.0	0.0	0.0	Ptgfr	not_expressed	
239364	-0.00028546098392974635	-0.0	-0.0	0.0	Tspyl5	not_expressed	
27056	-0.004166952939496267	-0.0	-0.0	0.0	Irf5	not_expressed	
15896	-0.0008528886979406658	-0.0	-0.0	0.0	Icam2	not_expressed	
26874	0.006828872779183043	0.0	0.0	0.0	Abcd2	not_expressed	
231162	0.0006514799137715879	0.0	0.0	0.0	Cytl1	not_expressed	
21922	-0.0003598334847815238	-0.0	-0.0	0.0	Clec3b	not_expressed	
80837	-0.01616893112227654	-0.0	-0.0	0.0	Rhoj	not_expressed	
72925	-0.00281023936566409	-0.0	-0.0	0.0	Marchf1	not_expressed	
170743	0.004575746678160451	0.0	0.0	0.0	Tlr7	not_expressed	
233733	-0.0014539853717963713	-0.0	-0.0	0.0	Galnt18	not_expressed	
57814	0.008061677819708447	0.0	0.0	0.0	Kcne4	not_expressed	
22671	-0.0023154056810551125	-0.0	-0.0	0.0	Rnf112	not_expressed	
14945	0.002759223301378826	0.0	0.0	0.0	Gzmk	not_expressed	
67375	0.001452056036789434	0.0	0.0	0.0	Qprt	not_expressed	
16431	-0.00537377736126963	-0.0	-0.0	0.0	Itm2a	not_expressed	
225341	-0.0014735346652700913	-0.0	-0.0	0.0	Lims2	not_expressed	
27409	-0.004923021784584613	-0.0	-0.0	0.0	Abcg5	not_expressed	
233246	-0.0005610828458386249	-0.0	-0.0	0.0	Ano5	not_expressed	
16493	0.005943109033587477	0.0	0.0	0.0	Kcna5	not_expressed	
11839	-0.0016220013208219032	-0.0	-0.0	0.0	Areg	not_expressed	
68680	0.0035051679136171	0.0	0.0	0.0	Fitm1	not_expressed	
18548	0.0013747373407898354	0.0	0.0	0.0	Pcsk1	not_expressed	
22229	-0.007750345053563993	-0.0	-0.0	0.0	Ucp3	not_expressed	
211550	0.0036347328043977523	0.0	0.0	0.0	Tifa	not_expressed	
11687	0.001769363282822482	0.0	0.0	0.0	Alox15	not_expressed	
20339	-0.0015373320494498478	-0.0	-0.0	0.0	Sele	not_expressed	
78376	0.0021734515237224142	0.0	0.0	0.0	Sapcd1	not_expressed	
18113	-0.010358738092473008	-0.0	-0.0	0.0	Nnmt	not_expressed	
105827	-0.0022342172819376197	-0.0	-0.0	0.0	Amigo2	not_expressed	
12311	0.0003180782824586813	0.0	0.0	0.0	Calcr	not_expressed	
319660	0.012137202539337338	0.0	0.0	0.0	Agmo	not_expressed	
20776	0.0007760833339599912	0.0	0.0	0.0	Tmie	not_expressed	
94332	-0.0029133977023192616	-0.0	-0.0	0.0	Cadm3	not_expressed	
15111	0.0007787408212777814	0.0	0.0	0.0	Hand2	not_expressed	
67573	-0.0006384531519178012	-0.0	-0.0	0.0	Loxl4	not_expressed	
104885	-0.00020944393941065974	-0.0	-0.0	0.0	Tmem179	not_expressed	
13370	-0.001761708680642833	-0.0	-0.0	0.0	Dio1	not_expressed	
56461	0.0001105018919704937	0.0	0.0	0.0	Kcnip3	not_expressed	
108052	0.006042689341923373	0.0	0.0	0.0	Slc14a1	not_expressed	
58222	-0.0027061973614550617	-0.0	-0.0	0.0	Rab37	not_expressed	
72310	0.00033501758815132913	0.0	0.0	0.0	Nkg7	not_expressed	
213469	-0.0023303637966147882	-0.0	-0.0	0.0	Lgi3	not_expressed	
18667	0.0003195741193770743	0.0	0.0	0.0	Pgr	not_expressed	
212974	-0.008380921098892137	-0.0	-0.0	0.0	Pgghg	not_expressed	
67564	-0.001281192358695355	-0.0	-0.0	0.0	Tmem35a	not_expressed	
237010	0.0035568900338991904	0.0	0.0	0.0	Klhl4	not_expressed	
109857	0.0037585991758464	0.0	0.0	0.0	Cbr3	not_expressed	
16176	-0.0014507993962377132	-0.0	-0.0	0.0	Il1b	not_expressed	
241568	-0.0064976256218819955	-0.0	-0.0	0.0	Lrrc4c	not_expressed	
98752	0.0025523877988346353	0.0	0.0	0.0	Fcrla	not_expressed	
20680	-0.0018954159672823425	-0.0	-0.0	0.0	Sox7	not_expressed	
12723	0.00018324728306969848	0.0	0.0	0.0	Clcn1	not_expressed	
211228	-0.0012732265558844107	-0.0	-0.0	0.0	Lrrc25	not_expressed	
12390	0.0016448283503712273	0.0	0.0	0.0	Cav2	not_expressed	
14313	-0.00497343585657395	-0.0	-0.0	0.0	Fst	not_expressed	
78134	-0.007038567169713895	-0.0	-0.0	0.0	Lpar4	not_expressed	
15450	0.0003038108093553925	0.0	0.0	0.0	Lipc	not_expressed	
68016	-0.0014565446118356543	-0.0	-0.0	0.0	Cavin4	not_expressed	
11602	0.0003456204475102457	0.0	0.0	0.0	Angpt4	not_expressed	
68764	-0.0006652796653737186	-0.0	-0.0	0.0	Cdhr3	not_expressed	
320129	-4.490783114365123e-05	-0.0	-0.0	0.0	Grk3	not_expressed	
13041	0.004391274147177301	0.0	0.0	0.0	Ctsw	not_expressed	
20295	-0.0029187572739268895	-0.0	-0.0	0.0	Ccl17	not_expressed	
380785	0.0021559500868169883	0.0	0.0	0.0	Begain	not_expressed	
12683	0.002843373516183694	0.0	0.0	0.0	Cidea	not_expressed	
12494	-0.0015554217751928888	-0.0	-0.0	0.0	Cd38	not_expressed	
213417	0.00283096393890064	0.0	0.0	0.0	Klhdc8a	not_expressed	
19659	-0.0024349050675833398	-0.0	-0.0	0.0	Rbp1	not_expressed	
18782	-0.006211120238556428	-0.0	-0.0	0.0	Pla2g2d	not_expressed	
320747	0.0041197044255368255	0.0	0.0	0.0	Lingo4	not_expressed	
66901	0.00011670188979517407	0.0	0.0	0.0	Proz	not_expressed	
230163	-0.004350526857686227	-0.0	-0.0	0.0	Aldob	not_expressed	
63993	-0.0010452781809050713	-0.0	-0.0	0.0	Slc5a7	not_expressed	
54519	0.004552428963798626	0.0	0.0	0.0	Apbb1ip	not_expressed	
13516	-0.005614592783504333	-0.0	-0.0	0.0	Epyc	not_expressed	
319229	-0.0008092546690677141	-0.0	-0.0	0.0	Sctr	not_expressed	
435965	-0.0013475620916915145	-0.0	-0.0	0.0	Lrp3	not_expressed	
277468	0.005485086802136088	0.0	0.0	0.0	Slc39a12	not_expressed	
110876	0.0006088464265199157	0.0	0.0	0.0	Scn2a	not_expressed	
16181	-0.005140688056420782	-0.0	-0.0	0.0	Il1rn	not_expressed	
20201	0.0034932011503744686	0.0	0.0	0.0	S100a8	not_expressed	
76156	-0.004574414650243258	-0.0	-0.0	0.0	Fam131b	not_expressed	
18619	0.002038884835922879	0.0	0.0	0.0	Penk	not_expressed	
22409	0.0038381090752157114	0.0	0.0	0.0	Wnt10a	not_expressed	
216795	-0.0007303846592747295	-0.0	-0.0	0.0	Wnt9a	not_expressed	
80286	-0.0015000243238622168	-0.0	-0.0	0.0	Tusc3	not_expressed	
13040	0.008985397576963424	0.0	0.0	0.0	Ctss	not_expressed	
223917	-0.0010737301347815635	-0.0	-0.0	0.0	Krt79	not_expressed	
245827	-0.001095581073117953	-0.0	-0.0	0.0	Fat2	not_expressed	
63828	0.0024353484420055983	0.0	0.0	0.0	Fn3k	not_expressed	
20928	0.012252394919807053	0.0	0.0	0.0	Abcc9	not_expressed	
216049	-0.001707736749924804	-0.0	-0.0	0.0	Zfp365	not_expressed	
16527	-0.002600641123539477	-0.0	-0.0	0.0	Kcnk3	not_expressed	
217125	0.0008092843271993907	0.0	0.0	0.0	Samd14	not_expressed	
74580	0.001064274026113898	0.0	0.0	0.0	Pyroxd2	not_expressed	
216616	0.011252710844278499	0.0	0.0	0.0	Efemp1	not_expressed	
67272	-0.005175421020445094	-0.0	-0.0	0.0	Cmtm5	not_expressed	
23893	0.004360934723449086	0.0	0.0	0.0	Grem2	not_expressed	
14961	-0.002601815111443717	-0.0	-0.0	0.0	H2-Ab1	not_expressed	
12481	0.004969443088838744	0.0	0.0	0.0	Cd2	not_expressed	
17082	-0.002076784296729258	-0.0	-0.0	0.0	Il1rl1	not_expressed	
218763	-0.004336437420586827	-0.0	-0.0	0.0	Lrrc3b	not_expressed	
12143	0.0031533163091541846	0.0	0.0	0.0	Blk	not_expressed	
93874	0.007416460785615121	0.0	0.0	0.0	Pcdhb3	not_expressed	
65115	-0.009370815297574046	-0.0	-0.0	0.0	Bean1	not_expressed	
68428	-0.006425397285693934	-0.0	-0.0	0.0	Steap3	not_expressed	
104080	-0.004739584082893785	-0.0	-0.0	0.0	Nxph4	not_expressed	
71091	0.0036621688603496157	0.0	0.0	0.0	Cdkl1	not_expressed	
232078	-0.0024368784963787094	-0.0	-0.0	0.0	Thnsl2	not_expressed	
16889	-0.011612453827010108	-0.0	-0.0	0.0	Lipa	not_expressed	
19288	-0.004210055333278996	-0.0	-0.0	0.0	Ptx3	not_expressed	
109225	0.012113249412048223	0.0	0.0	0.0	Ms4a7	not_expressed	
69671	0.006473201045396653	0.0	0.0	0.0	Tmem52	not_expressed	
23845	0.0008467942228010995	0.0	0.0	0.0	Clec5a	not_expressed	
64242	0.008895848246793915	0.0	0.0	0.0	Ngb	not_expressed	
20537	-0.001306915453183864	-0.0	-0.0	0.0	Slc5a1	not_expressed	
13346	0.004350202778543405	0.0	0.0	0.0	Des	not_expressed	
27280	0.017026422210309755	0.0	0.0	0.0	Phlda3	not_expressed	
16173	0.004250209392279453	0.0	0.0	0.0	Il18	not_expressed	
13655	-0.0026634505038659623	-0.0	-0.0	0.0	Egr3	not_expressed	
434341	0.008221295040870916	0.0	0.0	0.0	Nlrc5	not_expressed	
50915	0.010241850857410166	0.0	0.0	0.0	Grb14	not_expressed	
327957	0.0010382147761095497	0.0	0.0	0.0	Scimp	not_expressed	
17313	-0.0028054800981771625	-0.0	-0.0	0.0	Mgp	not_expressed	
228550	-0.0004706584556636998	-0.0	-0.0	0.0	Itpka	not_expressed	
14758	-0.003321222700174283	-0.0	-0.0	0.0	Gpm6b	not_expressed	
56471	-0.007972606224531574	-0.0	-0.0	0.0	Stmn4	not_expressed	
12796	-0.0011531313463753754	-0.0	-0.0	0.0	Camp	not_expressed	
232333	-0.0011265855526666107	-0.0	-0.0	0.0	Slc6a1	not_expressed	
13082	0.004210260639480122	0.0	0.0	0.0	Cyp26a1	not_expressed	
243616	-0.004138209228409769	-0.0	-0.0	0.0	Slc6a11	not_expressed	
30955	0.0014238022533828178	0.0	0.0	0.0	Pik3cg	not_expressed	
23967	-0.004513473214579819	-0.0	-0.0	0.0	Osr1	not_expressed	
74748	0.001452740938715815	0.0	0.0	0.0	Slamf8	not_expressed	
20965	-0.0014425507694198368	-0.0	-0.0	0.0	Syn2	not_expressed	
56221	-0.0027300477904092357	-0.0	-0.0	0.0	Ccl24	not_expressed	
13654	-0.0016931565086790933	-0.0	-0.0	0.0	Egr2	not_expressed	
14173	0.0016828698354253765	0.0	0.0	0.0	Fgf2	not_expressed	
16159	0.0008741771945066423	0.0	0.0	0.0	Il12a	not_expressed	
246728	0.0003855872928974514	0.0	0.0	0.0	Oas2	not_expressed	
17528	-0.002730920480275602	-0.0	-0.0	0.0	Mpz	not_expressed	
77794	0.0014194859653779421	0.0	0.0	0.0	Adamtsl2	not_expressed	
16950	0.005754953614734014	0.0	0.0	0.0	Loxl3	not_expressed	
68777	0.0010889048134901833	0.0	0.0	0.0	Tmem53	not_expressed	
20198	0.0073314580788197475	0.0	0.0	0.0	S100a4	not_expressed	
14373	0.0041785822601565215	0.0	0.0	0.0	G0s2	not_expressed	
72780	0.004390195355909705	0.0	0.0	0.0	Rspo3	not_expressed	
18534	-0.007869736247416647	-0.0	-0.0	0.0	Pck1	not_expressed	
12458	-0.002446354160339376	-0.0	-0.0	0.0	Ccr6	not_expressed	
16426	0.002661627602922847	0.0	0.0	0.0	Itih3	not_expressed	
22268	-0.0009430437440126877	-0.0	-0.0	0.0	Upk1b	not_expressed	
69903	-0.00016262289544561885	-0.0	-0.0	0.0	Rasip1	not_expressed	
20274	-0.00039856572645682225	-0.0	-0.0	0.0	Scn9a	not_expressed	
12700	-0.004169884706658664	-0.0	-0.0	0.0	Cish	not_expressed	
208890	-0.000328305283774581	-0.0	-0.0	0.0	Slc26a7	not_expressed	
30806	-0.0007852460784285508	-0.0	-0.0	0.0	Adamts8	not_expressed	
171166	-0.003301393723029962	-0.0	-0.0	0.0	Mcoln3	not_expressed	
54167	-0.00030645765907096176	-0.0	-0.0	0.0	Icos	not_expressed	
67937	-0.0024216086288770563	-0.0	-0.0	0.0	Tmem59l	not_expressed	
237831	0.0014193762293791205	0.0	0.0	0.0	Slc13a5	not_expressed	
223881	-1.2150884122309901e-05	2.264537869607416e-07	-1.6315722483036328e-06	-1.8580260352643744e-06	Rnd1	neither	0.3054856921450634
103551	4.327533090292805e-06	2.6829639423884607e-07	2.2912295036138784e-06	2.022933109375032e-06	Epop	neither	0.07713092815373168
12393	5.777825956809684e-05	3.5134301264955266e-07	-1.7695606944344206e-05	-1.8046949956993757e-05	Runx2	neither	0.28062638341587104
320557	0.0013468677751383884	3.8109950101748777e-07	3.753869118738587e-05	3.715759168636838e-05	Fam169a	neither	0.19612933006674285
23850	-0.005202743909007401	2.2346390055570602e-06	0.0028514012237921185	0.0028491665847865614	Pappa2	neither	0.2665954592661321
22412	8.252951919150984e-06	3.548677688897245e-06	9.137183492203698e-06	5.588505803306453e-06	Wnt9b	neither	0.971681436772532
268451	-6.570922396106152e-05	3.757450291109862e-06	1.8314357257348174e-05	1.4556906966238312e-05	Rab11fip4	neither	0.024692843698342556
497097	-6.97963948485608e-05	4.186688320405749e-06	2.1297508123585183e-05	1.7110819803179433e-05	Xkr4	neither	-0.029874136713188
242700	0.00039769311053579364	4.338659037444833e-06	-7.843401182472057e-06	-1.2182060219916889e-05	Ifnlr1	neither	0.16357487796671039
66109	-9.345081880167161e-06	4.389074470845479e-06	3.301224175812569e-06	-1.0878502950329098e-06	Tspan13	neither	-0.6203772926080808
327954	2.0730289055060652e-05	4.410795432384969e-06	3.1050401645315766e-06	-1.3057552678533928e-06	Dnah2	neither	0.8294916099892956
70381	-0.0004833433871135868	5.052255416715493e-06	0.00011455947940477659	0.0001095072239880611	Tecpr1	neither	0.2694402753360018
235040	6.9776977239675035e-06	5.935657244285779e-06	7.249069098871575e-06	1.3134118545857961e-06	Atg4d	neither	2.0088392422448553
107508	0.0002480690616455506	8.810921735077206e-06	-3.217272067663115e-05	-4.098364241170835e-05	Eprs	neither	0.3807435150260551
66771	-9.802583980063468e-05	9.29388527332168e-06	-4.700179681937156e-07	-9.763903241515397e-06	Gid4	neither	-0.03394012944342764
23921	-6.370493650188129e-05	9.771544059245885e-06	-1.998143141624603e-05	-2.9752975475491916e-05	Sh2b2	neither	-0.022867046813563694
22376	-0.0010893992984020817	1.0470433600702421e-05	5.646434737072673e-05	4.5993913770024306e-05	Was	neither	0.028653098594796613
54486	-0.0001863647349927986	1.0594389492260422e-05	-5.6813369206948e-05	-6.740775869920843e-05	Hpgds	neither	-0.05388885256232524
72151	-0.0001169909862304025	1.0656357449849645e-05	-6.233419853973653e-06	-1.6889777303823297e-05	Rfc5	neither	-0.015333718542333204
208228	0.0007341034111717261	1.1044842222287984e-05	-8.370454145362554e-05	-9.474938367591353e-05	Mob3a	neither	0.3630671515565648
21960	-0.00012698871233322056	1.1509301606748968e-05	3.598184357552008e-05	2.447254196877111e-05	Tnr	neither	0.32140531860085436
20650	4.0106014341979744e-05	1.1656533670293332e-05	5.6339881387100784e-06	-6.022545531583254e-06	Sntb2	neither	1.1255569284573697
106389	2.9315275962699005e-05	1.2209537318634842e-05	-2.4320369823314097e-05	-3.6529907141948935e-05	Eaf2	neither	0.7404138080515081
110962	0.002572725647133361	1.3059521672737965e-05	-0.0003448519963902794	-0.0003579115180630173	Mbd6	neither	0.23382389145239202
20969	0.00021792217054857332	1.4378781209939123e-05	8.077802933222203e-06	-6.30097827671692e-06	Sdc1	neither	0.3966399532693802
107305	-6.078337305999052e-05	1.4524493865508891e-05	3.8543648495685564e-05	2.4019154630176673e-05	Vps37c	neither	-0.3038794752925074
76044	0.00015527228471393846	1.6404693235187063e-05	3.602026078699092e-05	1.9615567551803854e-05	Ncapg2	neither	0.5221699259799305
16847	-0.0005886061180659717	1.7686197796370198e-05	-0.00011292925181908855	-0.00013061544961545874	Lepr	neither	0.17102984280875957
55988	-0.0001089139590137454	2.2863996438418144e-05	7.430124698557146e-06	-1.5433871739860998e-05	Snx12	neither	-0.34882508808447904
208158	0.0004981672648706202	2.3023465048956222e-05	6.503165441653632e-05	4.20081893675801e-05	Map6d1	neither	0.06282834389015063
75141	4.605682886033847e-05	2.3436878869629356e-05	1.9169427106676444e-05	-4.267451762952912e-06	Rasd2	neither	1.733197355281617
71720	0.0006184427728497002	2.3446774148323112e-05	-0.00029169137410973447	-0.0003151381482580576	Osbpl3	neither	0.35828592229016104
15118	-0.0003515438265554665	2.582654718269478e-05	5.7888092552205393e-05	3.206154536951061e-05	Has3	neither	0.10380071935853433
75564	-0.00015573781035621115	2.6549443710080013e-05	3.309568166955906e-05	6.546237959479044e-06	Rsph9	neither	-0.15557184951539985
109205	-0.0018699660606842578	2.8008061578475494e-05	0.0008161641225467394	0.000788156060968264	Sobp	neither	0.1396177949617577
239319	0.00023183467551410076	2.8178429610322855e-05	-3.841421786498272e-05	-6.659264747530558e-05	Card6	neither	0.6256537523649938
74666	0.0012504873824964922	2.9240588680092074e-05	9.201982096150684e-06	-2.0038606583941388e-05	4930432K21Rik	neither	0.3967021639175802
67216	-0.000963187128238366	3.264752374882135e-05	0.00010763196445682814	7.498444070800679e-05	Mboat2	neither	0.1546529673230873
52276	-0.0020016107223409744	3.3534697386510534e-05	-2.1561617008784847e-05	-5.509631439529538e-05	Cdca8	neither	0.17244139014795706
100039795	0.0003273328250734414	3.4860146113743346e-05	-4.6483094434149535e-05	-8.134324054789288e-05	Ildr2	neither	0.2305433541105055
16526	0.00019220614358831018	3.688196852934972e-05	6.356908085059468e-05	2.668711232124496e-05	Kcnk2	neither	0.7187030488484528
208650	-0.0013734816780931183	3.8307123770391706e-05	0.0002989793430024712	0.0002606722192320795	Cblb	neither	0.17498662993135033
14268	-0.00041503881854378224	3.985340449241848e-05	8.248940397442984e-05	4.2635999482011356e-05	Fn1	neither	0.004963826038920739
230582	-0.0003030550831182288	3.99731460918001e-05	5.427376434802314e-06	-3.4545769656997784e-05	Cyb5rl	neither	0.00035445687636280455
16574	0.000904576697376702	4.3521182731741006e-05	5.7333333191804735e-05	1.3812150460063729e-05	Kif5c	neither	0.3593876861023615
232146	0.00010396256463040846	4.479068364198017e-05	6.549516721156675e-05	2.070448356958658e-05	Eva1a	neither	1.305883779672224
77411	-0.0004501266989311322	4.816879709926449e-05	6.379139432549518e-05	1.5622597226230683e-05	Esrp2	neither	-0.002381215964564695
268709	-0.003186241383254357	4.848979262432224e-05	-1.9262278471294207e-05	-6.775207109561645e-05	Fam107a	neither	0.1800499670988474
21652	0.0031997481346069875	5.0509300828629796e-05	0.00010080455121724026	5.0295250388610465e-05	Phf1	neither	0.20609074068445368
384763	-0.00046079670557743754	5.1171285552321895e-05	-9.279999330812758e-06	-6.0451284883134655e-05	Zfp667	neither	-0.026613958910376732
216760	-0.00020214754972277746	5.245989936076708e-05	4.356309397307633e-05	-8.896805387690747e-06	Mfap3	neither	-0.4873488730513033
70261	-0.00018694857848741545	5.3891359413769034e-05	0.00015811718398788845	0.0001042258245741194	Chp2	neither	-0.2620839273092339
17079	-0.00013101407522524762	5.396104166235072e-05	8.444201371769602e-05	3.04809720553453e-05	Cd180	neither	-0.8469962649849774
19087	0.001845930405155843	5.4918890345939944e-05	2.1826189118919622e-05	-3.3092701227020326e-05	Prkar2a	neither	0.3150820502546604
21389	0.002705397082412303	5.6895124000547647e-05	0.00016359735903699637	0.00010670223503644871	Tbx6	neither	0.08257429510174083
76960	-0.00010423569943868483	6.138945650944408e-05	5.4319810902101034e-05	-7.069645607343041e-06	Bcas1	neither	-1.3188205617863307
18823	-0.007687922311654762	6.277229579792627e-05	-0.00235084353530688	-0.002413615831104806	Plp1	neither	-0.32763410115262737
14261	-0.00025972414327341117	6.368632481221177e-05	0.00012618955398597035	6.250322917375858e-05	Fmo1	neither	-0.4743266497566001
319991	0.0003003597125369459	6.53299332586008e-05	-0.00012563278083375205	-0.00019096271409235283	Kif6	neither	0.6770204977383365
109674	-0.000378681340139651	6.630908510272389e-05	0.00014456444178693532	7.825535668421142e-05	Ampd2	neither	-0.31489825513482367
66930	-0.00025177986320595386	6.639927227868556e-05	4.380751819245559e-05	-2.259175408622997e-05	Fank1	neither	-0.5028107605702915
17127	-0.0019037317571818306	6.667038039288631e-05	0.000219071756465324	0.00015240137607243768	Smad3	neither	0.12702239862238188
108927	-0.0007700731869396608	6.792790847478887e-05	0.00012890488865321053	6.097698017842166e-05	Lhfp	neither	0.031532769357294654
75669	-0.0003752868897341049	6.797470537706746e-05	0.00014613842777690686	7.81637223998394e-05	Pik3r4	neither	-0.289300099085945
71145	0.0007167083909899139	6.83598334323433e-05	-3.370725282747601e-05	-0.00010206708625981931	Scara5	neither	0.3652701243629502
214685	0.006203890208672328	6.837829216183784e-05	-0.0008437981488522621	-0.0009121764410140999	Chadl	neither	0.14083585326588088
13048	0.0005574628918258123	6.992208512540363e-05	-5.4423339827336346e-05	-0.00012434542495273998	Cux2	neither	0.6195181111056882
72016	0.00043905295085012276	7.174522274114058e-05	4.013563822231705e-06	-6.773165891890888e-05	Tedc2	neither	0.7188078593974943
69574	0.001944624621259797	7.342296088617394e-05	0.00018568002595523397	0.00011225706506906004	Cmbl	neither	-0.04314289930695682
108000	-0.0002648209648709332	7.674409780936778e-05	5.894470360022833e-05	-1.779939420913945e-05	Cenpf	neither	-0.6553743673626878
269016	-0.00011716320648448888	7.719058020086778e-05	3.7594737571626794e-05	-3.959584262924098e-05	Sh3rf2	neither	-1.596253088465948
170638	-0.00016063209863169094	7.760854576081234e-05	-2.471167779449601e-05	-0.00010232022355530835	Hpcal4	neither	-0.11656646605372414
13844	-0.0007243386929802186	7.800311788360876e-05	0.0004209024920612289	0.0003428993741776201	Ephb2	neither	-0.0657859861667902
268859	-0.00044328080911860783	7.980265716965388e-05	8.264019973046622e-05	2.837542560812345e-06	Rbfox1	neither	-0.28839425922310824
27999	0.0008504388008744662	8.26811225592483e-05	8.637736857466577e-05	3.6962460154174695e-06	Fam3c	neither	0.536749739540479
114713	-0.00037376066347462436	8.299977715049963e-05	-1.805791052111165e-05	-0.00010105768767161128	Rasa2	neither	-0.42556234941347965
50779	-0.004198658919783645	8.309029120200057e-05	0.0002706647091619014	0.00018757441795990082	Rgs6	neither	-0.2367657538183165
328365	-0.0011000386038156247	8.376409415867175e-05	0.00021408938897177733	0.00013032529481310558	Zmiz1	neither	0.10718297053618771
13643	-0.005793178572644593	8.765906060393865e-05	-0.0011365515488061652	-0.0012242106094101039	Efnb3	neither	-0.05204555580888915
11684	0.000431072131576171	9.041942506217292e-05	9.135275544718482e-05	9.333303850118962e-07	Alox12	neither	0.8262445802981461
53328	-0.0006008226618397634	9.101823428313764e-05	0.00011624067855620366	2.522244427306602e-05	Pgrmc1	neither	-0.17107692782320574
668940	0.0011153821602815314	9.151850620922321e-05	-0.0002458698751807348	-0.000337388381389958	Myh7b	neither	0.731314639715411
105171	-0.0012091203632268999	9.168820019455192e-05	-0.0001525755212046161	-0.00024426372139916804	Arrdc3	neither	0.10080872453466679
100434	0.0014878054089542295	9.170579750774881e-05	0.0001252375024868962	3.353170497914738e-05	Slc44a1	neither	0.43966205189903773
72584	-0.0008955477859143697	9.240068448775308e-05	-9.330806220384965e-05	-0.00018570874669160273	Cul4b	neither	-0.10713625792593698
16513	-0.00024212387906222358	9.299541111833928e-05	7.93750707113e-05	-1.3620340407039276e-05	Kcnj10	neither	-0.3271737164632759
16420	-0.001187511742764756	9.351693608480944e-05	0.00011247093282383718	1.8953996739027733e-05	Itgb6	neither	0.11792414047957295
72930	-0.0002835026248241039	9.370019207026951e-05	0.00012649467244688027	3.279448037661076e-05	Ppp2r2b	neither	-0.5016843123572282
14184	0.0038457720679741856	9.4496923484358e-05	-0.0015557863891813043	-0.0016502833126656622	Fgfr3	neither	0.17838263043504926
18616	-0.005219792062055774	9.678931618745694e-05	0.0003183897977533072	0.00022160048156585026	Peg3	neither	0.178469618976304
27219	0.0009555188958457155	9.92312649810197e-05	0.00045626516340214037	0.0003570338984211207	Sgk2	neither	0.3234642449664532
28040	-0.000332829125330114	0.00010087506945819236	0.00014234372707660787	4.146865761841551e-05	D6Wsu163e	neither	-0.551881535167279
545192	0.003215854333807697	0.00010173295216490196	-0.000947339080047717	-0.001049072032212619	Baiap3	neither	0.4982532327604119
103710	0.00026103652977944175	0.00010644314526644385	6.978480787185236e-05	-3.6658337394591487e-05	Slc35e4	neither	1.3591526443914046
330301	0.0023707319366773143	0.00011079403471449394	0.0002852484453302482	0.00017445441061575426	Zfp786	neither	0.33251606476538925
54672	-0.0031154133369270627	0.00011126224011498218	-0.00018282169327469736	-0.00029408393338967956	Adgrg3	neither	-0.04628578050843317
16399	0.00247519933700118	0.00011313109765753059	-0.0005724559748165316	-0.0006855870724740622	Itga2b	neither	-0.369329073467764
68010	-0.0013567672359673466	0.00011388182280973921	-0.0006112456507541918	-0.000725127473563931	Bambi	neither	0.23259023687165295
259302	0.0032725309431856343	0.00011472053684241022	0.0007275950073402265	0.0006128744704978163	Srgap3	neither	0.41289323808394235
77116	-0.0004650021172061698	0.0001171633498700362	-1.2920539351828462e-06	-0.00011845540380521904	Mtmr2	neither	-0.5218598068000919
16510	-0.00033841278750029307	0.00011905861374257038	9.888544829463076e-05	-2.017316544793962e-05	Kcnh1	neither	-0.8357088717353379
66990	-0.0005617124698063799	0.00011939335723276756	-7.257176763400881e-06	-0.00012665053399616845	Tmem134	neither	-0.22665927663389812
28113	0.006214118579964883	0.0001197250631297884	-0.00026012782429085326	-0.00037985288742064166	Tinf2	neither	0.2801225080477868
319266	0.003320608345166258	0.00012083593891583738	-0.0007129026047270255	-0.0008337385436428628	A130010J15Rik	neither	0.3994559857179484
243574	-0.0003967791485516086	0.00012085545200744388	-3.0616218220080304e-05	-0.00015147167022752417	Kbtbd8	neither	-0.6896105858882796
56279	-0.0029393002027875634	0.0001208655900921053	0.0015062494547682698	0.0013853838646761645	Dipk1b	neither	0.35682607282005074
54126	-0.0006721716767594257	0.00012143226414030868	0.00021213677384118392	9.070450970087525e-05	Arhgef7	neither	-0.25891513020568485
21426	-0.004482622417122624	0.0001214415181894621	-0.0003772837956337158	-0.0004987253138231779	Tfec	neither	0.14372266904906633
104871	-0.00027327836251529974	0.00012206030562256082	0.00018377286373871417	6.171255811615334e-05	Spata7	neither	-0.9757910751854135
23969	-0.0005653249674946409	0.00012602196370295287	0.00014344878512433855	1.7426821421385682e-05	Pacsin1	neither	-0.3981793990095197
224674	-0.0021219563330426134	0.0001262581510209999	-0.0002728654859051576	-0.00039912363692615747	Slc37a1	neither	0.13549562596006742
14687	-0.0004628390500750202	0.00012984058194417155	9.232263554219393e-05	-3.751794640197762e-05	Gnaz	neither	-0.5158147926731631
59009	-0.0012290044987670339	0.00013091631298900732	0.00012513022427251098	-5.7860887164963364e-06	Sh3rf1	neither	-0.08819237687655196
13836	0.00017449025388138666	0.00013312960062577175	4.431752106807996e-05	-8.881207955769179e-05	Epha2	neither	1.364611873301771
16497	0.004143441128023314	0.00013389998468455545	-0.0010383642542098103	-0.0011722642388943658	Kcnab1	neither	0.2571430627968637
226861	-0.0003381309418485704	0.00013674117603245097	7.012437018527249e-05	-6.661680584717848e-05	Hhat	neither	-0.6993420048081295
103968	0.0001381592473734725	0.0001379827399499768	0.00013027668675689698	-7.706053193079807e-06	Plin1	neither	2.1657678329646077
71994	-0.0002141420158166429	0.00013968997537210215	5.7856883673517853e-05	-8.183309169858429e-05	Cnn3	neither	-1.6124536443032476
234593	-0.00020634756366446345	0.00014038772438227208	0.00013160674186606447	-8.780982516207615e-06	Ndrg4	neither	-1.703526566227831
66349	-0.0006189036492562962	0.00014081310748319988	0.0001981527521243401	5.733964464114022e-05	Dmac2	neither	-0.3416937178212619
223272	-0.0004964690585670038	0.000141516406433211	0.0003713642954183989	0.00022984788898518788	Itgbl1	neither	-0.05342712748648838
73094	0.0012847665911951936	0.00014382342392547383	0.00031120701992440065	0.0001673835959989268	Sgip1	neither	0.534250644600134
66972	-0.001343029051175323	0.00014469467246567967	0.00013475632281460906	-9.938349651070601e-06	Slc25a23	neither	-0.06431918018464476
12350	-0.0014183116782503853	0.00014494579691948337	-0.00019986235459075002	-0.0003448081515102334	Car3	neither	0.1824494942729131
245026	-0.0003444765265654154	0.0001480662650989857	0.00013635657377844183	-1.170969132054388e-05	Col6a6	neither	-1.0666311156927972
272636	0.001293380698081668	0.0001527002849435373	0.00010875604991927065	-4.394423502426665e-05	Esyt3	neither	0.582532662794039
233406	0.0016142175112017468	0.00015325507256296197	0.00023574420836877536	8.248913580581339e-05	Prc1	neither	0.4620464803061123
239554	0.0036387256031312006	0.00015870352494352008	0.00019348869636297796	3.478517141945788e-05	Foxred2	neither	0.39178078091330415
214106	-0.0010751992112403052	0.0001601476035892853	-9.246179122863473e-05	-0.00025260939481792	4933430I17Rik	neither	-0.18929105733434495
76787	-0.006627405070846891	0.00016077830230912075	0.002644149294192111	0.00248337099188299	Ppfia3	neither	0.10160362847527969
66526	-0.0009768889974650556	0.00016149105436831542	0.00017758051423925534	1.6089459870939914e-05	Tceanc2	neither	-0.20626463535111492
58802	-0.00041203335942944624	0.00016189628804232135	1.5412208720207544e-05	-0.00014648407932211382	Kcnmb4	neither	-0.11203024557247063
12840	0.0003102316079342832	0.00016271080085885587	0.00013651677824041717	-2.6194022618438698e-05	Col9a2	neither	0.7874419903468125
22224	0.0006919671496428722	0.00016408967283581286	-0.00011890911464298644	-0.0002829987874787993	Usp10	neither	1.1121122900677785
26556	-0.004092476982096645	0.00016546581624222946	-0.0004990677322488263	-0.0006645335484910558	Homer1	neither	0.13246997314222728
71819	-0.0008387531929798341	0.00016596534252234392	0.0002119591343931988	4.599379187085489e-05	Kif23	neither	-0.359435522803544
23831	-0.0008396119131525975	0.00016718256575311353	2.1128601937284954e-05	-0.00014605396381582857	Car14	neither	-0.12390618505496499
279766	0.0059139994051894875	0.0001687525472721138	0.0015076654416358427	0.001338912894363729	Rhbdd3	neither	0.33375319777035756
20343	-0.006314444021553099	0.00017090801291380907	-0.006005709916471048	-0.006176617929384857	Sell	neither	0.06336736844146221
243362	-0.0001586450969310351	0.00017115818237875742	0.00010463961198948914	-6.651857038926828e-05	Stard13	maternal	-2.818117301066172
192187	-0.0049914621010736186	0.00017343909294254125	0.0001260915739064672	-4.734751903607404e-05	Stab1	neither	-0.05937081578378123
19126	-0.0003496718914830296	0.00017425641940188325	0.0001376660017902393	-3.659041761164394e-05	Prom1	neither	-1.1980871523351004
67103	-0.0003106848889180113	0.00017744406190445535	0.0001743083698071706	-3.135692097284759e-06	Ptgr1	neither	-0.7830864439563604
107449	0.0010941613435209584	0.0001778670370534304	0.00045005835117489974	0.00027219131412146937	Unc5b	neither	0.5817861370368365
97440	0.0005329203965258004	0.00018316394018052414	0.00027923621390449506	9.607227372397092e-05	B3gnt9	neither	1.011858954292451
23836	-0.00022251589566980864	0.000184518159712606	7.98900969627225e-05	-0.00010462806274988351	Cdh20	neither	-1.4585612626246158
106572	0.0007015554977154152	0.0001865400210836817	6.267536387343936e-05	-0.00012386465721024234	Rab31	neither	0.9572618764414473
12297	-0.0005263881594772674	0.0001891963245004961	0.0001664962684101307	-2.270005609036538e-05	Cacnb3	neither	-0.7825989217112449
19263	-0.00028880938442988745	0.00019031084338952295	0.00019089223405160618	5.813906620832357e-07	Ptprb	neither	-1.437673521360759
104271	-0.0028239366354709428	0.0001946399143649879	-0.00015773739197316302	-0.0003523773063381509	Tex15	neither	0.06747506092911074
217410	-0.0006656211469932256	0.00019782933504286143	-7.595816217401289e-05	-0.00027378749721687434	Trib2	neither	-0.5859984384110069
140721	-0.001497808248913302	0.0001982708097211535	0.00046661256850470434	0.0002683417587835508	Caskin2	neither	-0.13211908482804738
11352	-0.0048148434425327406	0.00019999983455650522	0.0006723306914796361	0.00047233085692313084	Abl2	neither	0.07163113780468523
16590	-0.0017703467796176913	0.0002004696287333846	0.00028049203469358245	8.002240596019785e-05	Kit	neither	-0.11472451502614571
18602	-0.0011574592623503142	0.00020099924599122814	-0.00011566177209404084	-0.000316661018085269	Padi4	neither	-0.12720326067575363
105243	-0.0005353766346111023	0.00020632141958364068	0.00018846075219591116	-1.786066738772952e-05	Slc9a3	neither	-0.8559866787127128
106347	-0.0002216920981459808	0.00020695637885549066	0.0001767898248817589	-3.016655397373175e-05	Ildr1	neither	-2.1630414740433226
74013	-0.0005863168586459376	0.00020722605917890787	0.0002867072714377758	7.948121225886796e-05	Rftn2	neither	-0.42719155338499315
94229	-0.0008893793550160598	0.000208150858253593	-3.7901596927410796e-05	-0.0002460524551810038	Slc4a10	neither	-0.3470141692699254
21942	-0.0016423505990859314	0.0002102565058788832	-9.956861885086383e-05	-0.00030982512472974705	Tnfrsf9	neither	0.322026886739614
29859	-0.00021795807138669194	0.00021038599215789116	5.1658844981066026e-05	-0.00015872714717682514	Sult4a1	neither	-2.0566444379663524
74100	-0.0018329420881908602	0.00021275063038382643	-0.0005825467360529147	-0.0007952973664367411	Arpp21	neither	-0.030418830268639733
54420	-0.00013571416579372103	0.00021413572186066286	0.00010026682188715398	-0.00011386889997350889	Cldn8	maternal	-2.956250845924533
26415	0.0004964043637653366	0.00021721983326822202	0.000194726933026071	-2.2492900242151022e-05	Mapk13	neither	1.0587543237112842
67425	-0.0019404948838830365	0.00021920706791689866	0.0019017301851112286	0.00168252311719433	Eps8l1	neither	-0.59577027400091
57340	0.0014506471849769678	0.0002194975564111561	-0.0005259925667548522	-0.0007454901231660083	Jph3	neither	0.38300410981540933
226098	-0.000896872698134958	0.0002233852665302008	3.209615377346459e-05	-0.00019128911275673622	Hectd2	neither	-0.44956724212960353
546134	0.000288058394874735	0.00022486406552861405	0.00015541111786506907	-6.945294766354498e-05	Gramd2	neither	2.141856522423365
319613	-0.0007446909207476935	0.00022497331093400324	0.00026549398744586997	4.0520676511866734e-05	Sybu	neither	-0.5146306932320432
140580	-0.0005294406619213612	0.00022729961738375754	0.00016928903230867062	-5.8010585075086925e-05	Elmo1	neither	-0.8886101058767978
18227	-0.0004933005680279059	0.0002273631119488101	3.8399781509654635e-05	-0.00018896333043915548	Nr4a2	neither	-0.8599416561550308
70454	0.0009338571843711446	0.00022910520388822082	0.0005128038123079278	0.00028369860841970696	Cenpl	neither	0.864947213245317
71766	0.0032846753820177754	0.0002306383742184775	4.1865942178732216e-05	-0.00018877243203974526	Raver1	neither	0.42248330085739955
76261	-0.0033673938337737755	0.00023542852820611628	-0.00035556143311499223	-0.0005909899613211085	0610040J01Rik	neither	0.1525448230033179
80909	-0.0020329677401231985	0.00023651222744576584	0.00020309176128815876	-3.342046615760708e-05	Castor2	neither	-0.1597636258763495
12287	-0.0012826010088328244	0.0002370712967410539	0.0009472467501691788	0.000710175453428125	Cacna1b	neither	-0.1244117712933058
70951	-0.0018968545611443056	0.00023944726974903658	-8.216952548752286e-05	-0.00032161679523655943	Spata1	neither	-0.052252465647215855
235134	0.001184840131558048	0.00024162642852958627	-0.000351456832197991	-0.0005930832607275772	Nfrkb	neither	0.7838197010855215
67422	-0.011793674716698491	0.00024324842421408552	0.0014909934289385348	0.0012477450047244493	Dhdds	neither	0.20320796977667752
68728	-0.003971698059617672	0.00024325418330649456	-0.00016404858499486873	-0.0004073027683013633	Trp53inp2	neither	0.04481454858652432
20912	0.0008013748241933218	0.00024669619711937933	0.0006046270888107039	0.0003579308916913245	Stxbp3	neither	1.0830084339039276
16403	-0.002174792930446789	0.0002477398837496098	0.0002947762801495544	4.703639639994458e-05	Itga6	neither	-0.12760189334009978
69129	0.001165576572492428	0.00024874431089479967	0.00017550818063517213	-7.323613025962754e-05	Pex11g	neither	0.7534577325693858
12823	-0.0008973013166765729	0.0002492300440995949	4.4444666751146926e-05	-0.00020478537734844795	Col19a1	neither	-0.4041798647016189
225358	0.0005454835428515454	0.0002517990523169244	0.00018343012530442943	-6.8368927012495e-05	Fam13b	neither	1.5879096054010218
17433	-0.0010842030418145858	0.00025223387737671954	0.0006256938630733987	0.0003734599856966792	Mobp	neither	-0.2747449934604947
140792	-0.0006305023745388645	0.0002523997780136237	0.00019666447941261102	-5.573529860101266e-05	Colec12	neither	-0.7745738226576871
17756	-0.001554035820977178	0.0002595034226131199	0.0002369213607384892	-2.2582061874630712e-05	Map2	neither	-0.22489898125368882
76441	-0.0010334008571052276	0.0002606616583716628	0.0002906520197347488	2.9990361363086023e-05	Daam2	neither	-0.5577516982718806
268780	-0.0009988213164651935	0.00026227610787397015	5.253152830013186e-05	-0.0002097445795738383	Egflam	neither	-0.30130558614642033
13506	-0.00042314336084471545	0.0002639119085275245	0.00017303125403729066	-9.088065449023384e-05	Dsc2	neither	-1.3483092595538393
23792	-0.0005853015454201021	0.00026897638365696127	-7.997626280189217e-05	-0.00034895264645885344	Adam23	neither	-0.7555231681356804
14221	0.0012545978228629031	0.00027003197218997116	-4.685828136534765e-06	-0.0002747178003265059	Fjx1	neither	0.6448672453408534
20449	-0.0011562764980828423	0.000271558096165139	0.00013641849378651796	-0.00013513960237862102	St8sia1	neither	-0.22644374714605248
246707	-0.0006936055506402405	0.00027297460602389984	0.00020737282938014675	-6.560177664375309e-05	Emilin2	neither	-0.9195460516651307
330671	0.00015088820680248606	0.0002795505500627476	0.00021555337542327168	-6.399717463947594e-05	B4galnt4	zygotic	3.521556625039753
235402	-0.0025351709997859864	0.00028460369430799854	-0.0012538552034792817	-0.0015384588977872802	Lingo1	neither	-0.2535651206438425
18476	0.002394416549371954	0.000286234459833231	0.0006662045822169766	0.00037997012238374554	Pafah1b3	neither	0.4066165458239594
216350	0.004173636770704651	0.00029076254786321434	-0.0001599040708353129	-0.00045066661869852726	Tspan8	neither	0.23079495823099255
208518	-0.000803758173781378	0.00029270804284432426	8.954276643932389e-05	-0.00020316527640500037	Cep78	neither	-0.8080809647919522
67238	0.003621144026490216	0.0002965929626924906	0.0008794687451804589	0.0005828757824879684	Fam220a	neither	0.5045013330290348
74901	-0.000558342926702865	0.00030565199805056406	0.0002697694414642295	-3.588255658633458e-05	Kbtbd11	neither	-0.5919499893748932
330890	0.0008913667680086283	0.00030963607986787616	-6.331021081505732e-05	-0.0003729462906829335	Piwil4	neither	0.6178414935335111
105439	0.0051152058091766175	0.0003099022359336126	0.0008037701620622708	0.0004938679261286582	Slain1	neither	0.3751162421501398
328381	-0.0011000236085044093	0.0003124439358940851	0.0001247891377339817	-0.00018765479816010337	Sh2d4b	neither	-0.4726149375744093
20430	-0.0008353777118703102	0.00031250395915370476	0.0003450883485791012	3.258438942539644e-05	Cyfip1	neither	-0.8295759464455553
19881	0.0014948424394665958	0.00031360871626276486	0.0009666059949844677	0.0006529972787217028	Rom1	neither	0.6422224635755946
70676	-0.0005684987824720662	0.00031598853900687674	3.3124589612977884e-05	-0.00028286394939389884	Gulp1	neither	-0.5898346862253927
19338	0.0011087606525971674	0.00031611564442819164	0.00021948343620168648	-9.663220822650516e-05	Rab33b	neither	1.081295328204043
99010	-0.0010290214405114348	0.00032672500102939444	0.0003232106951525878	-3.514305876806611e-06	Lpcat4	neither	-0.6665297756457228
94091	-0.001434383453318819	0.0003272838374181222	0.0008365693913956644	0.0005092855539775422	Trim11	neither	-0.257972077407704
228482	0.0009767504640355736	0.000327733142967679	0.0002288916953367084	-9.88414476309706e-05	Arhgap11a	neither	1.2677338701804262
83921	0.003236751216124111	0.00032961456271746387	-0.0008127825477326463	-0.0011423971104501103	Cemip2	neither	0.5750741182596608
107587	0.010278267110873283	0.0003331172880370811	-0.0013395433746475208	-0.001672660662684602	Osr2	neither	0.2969351140431947
73379	-0.004527226138534574	0.0003352434780491049	0.00031634700603754473	-1.889647201156017e-05	Dcbld2	neither	0.024819181952108978
12140	-0.0004053903538182923	0.00033585149901293554	0.0001679660778844742	-0.00016788542112846134	Fabp7	neither	-0.838538623862461
12333	-0.0012096409094880724	0.0003371377121331045	0.00019235998605413206	-0.00014477772607897243	Capn1	neither	-0.4734763985694645
11496	0.0033738056804938797	0.0003449589218569747	6.29175826160776e-05	-0.0002820413392408971	Adam22	neither	0.5671570270093126
13106	0.001709055397216613	0.0003466836267535182	0.00018244943687518777	-0.00016423418987833043	Cyp2e1	neither	0.34035210572696734
77593	-0.002348327821359511	0.0003486862951897363	0.00015405624353906092	-0.00019463005165067535	Usp45	neither	-0.21152073846494238
211484	-0.0007886938517100809	0.00035111186904530277	9.921720504951747e-05	-0.0002518946639957853	Tsga10	neither	-0.9930612992719268
245684	0.01124338935053659	0.0003517687519189544	-0.0024333216636454667	-0.002785090415564421	Cnksr2	neither	0.31073309082953104
217203	0.0013544303124446474	0.000356701445054742	0.00014457116656291932	-0.00021213027849182266	Tmem106a	neither	0.9828362520055256
109620	-0.0004663579999906877	0.00035729454763233415	-2.517125270407977e-05	-0.0003824658003364139	Dsp	neither	-1.5458644010681906
20778	-0.002097941389426626	0.00036050136207021316	5.4674323627742625e-05	-0.00030582703844247056	Scarb1	neither	-0.12284613921937931
14760	0.005233902768576118	0.0003606481790413854	0.0012197200003222339	0.0008590718212808485	Gpr19	neither	0.48513899201381744
347722	-0.0008658909857863534	0.0003624852176952325	0.0003046865102866042	-5.779870740862833e-05	Agap1	neither	-1.0169722850321732
60363	-0.00047805364748052155	0.00036365245564903164	0.0001390303882865034	-0.00022462206736252824	Cldn15	neither	-1.3380037022301376
226777	0.0002624876761754871	0.00036468555162251623	0.000386588538712127	2.1902987089610754e-05	C130074G19Rik	neither	3.8682659556738064
192976	-0.000740907753175796	0.00036912602063960456	0.0003570610029801806	-1.2065017659423959e-05	Lrrc75a	neither	-0.9724143734997754
75668	0.0007990310373892891	0.0003695446020081731	0.0006270545707652705	0.0002575099687570974	Rasl10a	neither	1.364243262192457
12827	-0.0010218474747388572	0.0003710312654755885	0.00046719658540856165	9.616531993297312e-05	Col4a2	neither	-0.6250240125965474
330286	-0.0015680286730329375	0.00037301488869345516	0.00048010158577319707	0.00010708669707974191	D630045J12Rik	neither	-0.43635374908458496
192192	-0.011147065442906116	0.0003735503472355177	0.001224656277903633	0.0008511059306681153	Shkbp1	neither	0.2086656924759902
11593	0.0011276261999284454	0.000377696057705189	0.0010230194287936033	0.0006453233710884143	Aga	neither	0.4640516306745445
19099	-0.002022774497182333	0.0003841247998128228	0.0004105011130625071	2.6376313249684268e-05	Mapk8ip1	neither	-0.48936778128035685
68642	-0.0017516443746837505	0.0003847235087375411	-4.3707104194818646e-05	-0.00042843061293235975	Tmem216	neither	-0.3372004152571371
13869	0.001979224428378269	0.0003853445687383065	-0.0005954224151031127	-0.000980766983841419	Erbb4	neither	-0.1392329147277234
11480	0.0006609843508642543	0.00038548427538833335	0.00028981402399202646	-9.567025139630689e-05	Acvr2a	neither	1.8401653491248713
80976	0.0007720514924393079	0.00038699616415937773	-0.00012701874290754013	-0.0005140149070669178	Syt13	neither	0.7814076985245763
19246	0.0003004552012101995	0.0003895710885073232	0.00033875170398729954	-5.081938452002364e-05	Ptpn1	neither	4.011027149319042
18510	-0.0010282449606611429	0.0003902050336654754	0.0006761094479416548	0.00028590441427617946	Pax8	neither	-0.09121628203638042
93838	0.002531427000988115	0.00039048991550440763	0.001168704602133432	0.0007782146866290244	Dqx1	neither	0.47159871181638846
21847	-0.001027418579120481	0.00039432334215977715	-0.00016578888697909165	-0.0005601122291388688	Klf10	neither	-0.39095976737533333
207259	-0.00227494197031522	0.00040795566970578296	0.0007498126052758337	0.0003418569355700507	Zbtb7c	neither	-0.3097636133377472
74490	-0.0018062115212602523	0.0004124239225063316	0.00038988706273628275	-2.253685977004886e-05	Mamstr	neither	-0.20243128977827562
53619	0.012614892258853094	0.0004136720642276552	0.0007149037632550895	0.00030123169902743425	Blcap	neither	0.34502839754855297
72774	-0.0031883137165194097	0.00042230876543208185	-0.0005276157075280119	-0.0009499244729600938	Neil1	neither	0.3811652680815522
22223	-0.000936725461062931	0.0004225148972443129	0.0002170012510851488	-0.0002055136461591641	Uchl1	neither	-1.043973228768909
11459	0.0021539017868998788	0.0004297841336739374	-0.0012071053964587324	-0.0016368895301326698	Acta1	neither	0.148718052822669
52589	-0.000707146859712893	0.0004344098341903856	0.00037158106367912583	-6.282877051125979e-05	Ncald	neither	-1.4403883397814106
50874	0.0017413999888668385	0.0004344113442699313	-0.0006580305481153153	-0.0010924418923852466	Tmod4	neither	0.22995690662468737
104816	0.0013999422553265786	0.0004377694320423424	-2.056050568932678e-06	-0.0004398254826112751	Aspg	neither	0.9900537880580594
228785	-0.0006284738262071608	0.0004379519886047634	0.00014365962621631416	-0.00029429236238844925	Mylk2	neither	-0.6469555824518829
107227	0.011416499864896014	0.00043815119818464975	0.00023546458802575714	-0.0002026866101588926	Macrod1	neither	0.4477164424999709
50500	-0.001669937679760252	0.00043841326550290375	-0.0005098941359037738	-0.0009483074014066775	Ttpa	neither	-0.26707706402863557
73075	-0.0004274632700654101	0.0004410315718609682	0.0002598704207308182	-0.00018116115113015	Ppil6	neither	-0.9156854219898364
56513	-0.0021081749750987804	0.000454473403271677	0.00022183308716021454	-0.00023264031611146247	Pard6a	neither	-0.11097628023047783
239273	-0.0015090343807004603	0.0004557257780022498	0.0007880298914294344	0.0003323041134271846	Abcc4	neither	-0.5654412224333797
76025	-0.0064537752577450615	0.0004580013088901054	0.000979240849865078	0.0005212395409749726	Cant1	neither	0.045433276358060166
14605	-0.00549756313038111	0.00045862002275952075	-0.0026763256919329023	-0.003134945714692423	Tsc22d3	neither	0.03704874421442154
228730	0.0051554452599604445	0.0004599998371894806	0.00011088854332179429	-0.0003491112938676863	Kiz	neither	0.4899374211656279
223646	-0.001473135160059916	0.0004621087012722724	0.0007204196542120841	0.0002583109529398117	Naprt	neither	-0.3745130888105321
29857	0.004971698137583948	0.00046212235534305585	0.0015653183644300345	0.0011031960090869786	Mapk12	neither	0.2505808908943802
13175	-0.0032516932001666163	0.0004645477068479426	-0.0011373872848866437	-0.0016019349917345863	Dclk1	neither	-0.16057711670405195
216850	-0.0019442713023656497	0.0004655985264698495	0.0005869550171714338	0.00012135649070158427	Kdm6b	neither	-0.5105608723058482
11733	-0.0026277970856870797	0.0004682277007219023	0.0008135450987130726	0.0003453173979911703	Ank1	neither	-0.21910397996434408
434130	-0.00825068190339157	0.0004694456852889383	-0.0013908330005948163	-0.0018602786858837547	Ccdc8	neither	-0.008908817649117294
72948	-0.005279749494293716	0.00047414325544303294	-0.0015135061784121338	-0.001987649433855167	Tppp	neither	0.14277244749417803
20475	-0.0023391652683205704	0.00047589516293792937	0.00023953245371898202	-0.00023636270921894735	Six5	neither	-0.03074416757702087
67138	-0.005476338381857375	0.0004791043162776365	0.00026465377985572086	-0.00021445053642191566	Herc6	neither	0.017815959268560697
106869	-0.0007589313507146917	0.00048310869216035794	0.0003472334412118122	-0.00013587525094854573	Tnfaip8	neither	-1.657756975113764
240087	0.002159448850730363	0.0004917129934424078	0.00034302214624584205	-0.00014869084719656576	Mdc1	neither	0.887774390868174
353502	-0.004212630250851944	0.0004936563059132048	0.0013487388567344526	0.0008550825508212478	Hcfc1r1	neither	-0.039994254885158544
320100	0.0008554580175275733	0.0004965363083629079	0.00026188500610823057	-0.00023465130225467734	Relt	neither	1.0208582338504633
67800	0.0005715348906211328	0.0004975077426919368	0.00015708844631250063	-0.0003404192963794362	Dgat2	neither	2.268909276779934
192232	-0.0014637902824931497	0.0005003143142596928	0.0006011427546966349	0.00010082844043694209	Hps4	neither	-0.6227755785587263
77056	-0.0037723830638130163	0.0005008250638769926	0.0006025046982305482	0.0001016796343535556	Tmco4	neither	-0.0886556857651951
217946	-0.0017863302763744965	0.0005038233827014722	0.0005622032515734998	5.837986887202761e-05	Cdca7l	neither	-0.5767148945681712
140577	0.012121417083601696	0.0005136076292912179	0.000754209624210719	0.00024060199491950107	Ankrd6	neither	0.3479875572404099
19153	-0.005722432675358226	0.0005148640836470504	0.001209062221391935	0.0006941981377448847	Prx	neither	0.053335680629443674
72017	-0.0020875346576473297	0.0005218348137857542	0.00011779803236961214	-0.000404036781416142	Cyb5r1	neither	-0.19847458193578796
72042	-0.006778252756910606	0.0005336933834303666	-8.034996571629107e-05	-0.0006140433491466576	Cotl1	neither	0.09148358443908407
57443	-0.0008244282836233398	0.0005345386692519954	0.00037661291889130204	-0.00015792575036069334	Fbxo3	neither	-1.5812853028827838
227197	0.0017729504880728282	0.0005358192460730572	0.0005760410060013968	4.0221759928339555e-05	Ndufs1	neither	1.1741387429499448
13195	-0.0024771269372937123	0.0005408342080622715	-0.0004818291171625171	-0.0010226633252247886	Ddc	neither	-0.22930347334405002
214804	0.000816600893732323	0.0005411339042235931	0.00032963878116218945	-0.00021149512306140364	Syde2	neither	1.7906246684918006
12190	0.0027018860080149244	0.0005417244286821845	0.0006119902576258485	7.026582894366395e-05	Brca2	neither	0.7887774290292151
319670	0.0034438889568593157	0.0005488599957259225	0.0006711421277882066	0.0001222821320622841	Eml5	neither	0.5913315095743847
217082	-0.012391355102456668	0.0005502062520741306	-0.0017526421847858164	-0.0023028484368599472	Hlf	neither	0.10891980660025681
14128	-0.0012401438322674015	0.0005535333762892985	0.0004982307272603712	-5.53026490289273e-05	Fcer2a	neither	-0.5780575779996294
11364	0.0031315530794885924	0.0005571786014577803	0.0006072217661716536	5.004316471387334e-05	Acadm	neither	0.8078583825994563
240058	-0.0020606292237137394	0.000557940169467019	0.00043178467432701144	-0.00012615549514000758	Cpne5	neither	-0.6032512200743874
52245	-0.0008244398861402414	0.0005606073694172275	0.00032205843679428375	-0.0002385489326229437	Commd2	neither	-1.6364255003779644
22228	-0.005314714205054924	0.0005716865926186074	-0.0021725805754017895	-0.002744267168020397	Ucp2	neither	0.025556375009385367
232946	0.0058687487966832385	0.0005926196688300275	0.000749344508159405	0.0001567248393293775	Bloc1s3	neither	0.5509546508458589
234267	-0.0029375181340175536	0.0006045299150090536	8.910191790180666e-05	-0.000515427997107247	Gpm6a	neither	-0.3140603153792147
217262	-0.001083159643287255	0.0006105736881162175	0.0003501771239548061	-0.00026039656416141147	Abca9	neither	-1.1291519165945119
14544	-0.002205410763167079	0.0006138626648519035	0.00021772877544498504	-0.00039613388940691846	Gda	neither	-0.6107771547007613
83429	-0.001529612964988494	0.0006156910485524581	0.0006909719419710168	7.52808934185587e-05	Ctns	neither	-0.6606567368574849
378431	-0.0006121674863635715	0.0006157123664832424	-2.9067982771341925e-05	-0.0006447803492545844	Txlnb	neither	-1.4716776903143194
268527	-0.0032548688919800902	0.00062230834212454	-6.035818192695271e-05	-0.0006826665240514927	Greb1	neither	-0.25426894918932497
14732	0.00045422390857505283	0.0006240835836521069	0.00015183190874291507	-0.0004722516749091918	Gpam	neither	3.082791717067222
18230	-0.00340222614235221	0.0006293560350539073	0.0009888757927613797	0.0003595197577074724	Nxn	neither	-0.17187279023160845
18441	-0.0027300879047574642	0.0006388914580279351	0.0005394414751593665	-9.944998286856859e-05	P2ry1	neither	-0.36321521729593426
67703	0.0012268250833582747	0.0006418693024224509	0.0003712239759333019	-0.000270645326489149	Kirrel3	neither	0.9647473617862755
633640	0.0028721497537908514	0.0006419211998494668	0.0004500186173183571	-0.0001919025825311097	Tmem267	neither	0.38612532228026464
240055	-0.007638403900804135	0.0006487603341244734	-0.0022589135340924144	-0.0029076738682168876	Neurl1b	neither	-0.051675907580907565
12326	-0.0023228433488682483	0.0006512561416708055	0.0007838763011804781	0.00013262015950967257	Camk4	neither	-0.4085181552738274
66412	0.003581330089912486	0.0006589601928635946	0.0010239062494296512	0.00036494605656605663	Arrdc4	neither	0.5319163551352077
68082	-0.0041799016084614815	0.0006595897607956256	0.0001904253588569197	-0.00046916440193870595	Dusp19	neither	-0.1597811949410484
72748	0.0027519406908945525	0.0006641228726286015	-0.0011921490298914326	-0.001856271902520034	Hdhd3	neither	0.5000605608678148
64929	-0.001170521064243403	0.0006678071609299551	0.000296374646418559	-0.0003714325145113961	Scel	neither	-1.296119833577106
17060	0.0032874114924015727	0.0006721795734759986	-0.0017531417714056964	-0.002425321344881695	Blnk	neither	0.5433733510908393
14802	-0.0025935521761749278	0.0006871620159258615	3.7978139681020054e-05	-0.0006491838762448415	Gria4	neither	-0.47895577539156736
75750	0.004886719361070042	0.0006894425721121341	0.0025439469662539337	0.0018545043941417996	Slc10a6	neither	0.8354946604979562
229228	-0.0012003140002168323	0.00068995885160693	0.000446983891111998	-0.00024297496049493198	Nudt6	neither	-1.1046784749062235
71532	0.00916650895655431	0.0006927516894150076	0.001915518380893369	0.0012227666914783615	Fam217b	neither	0.2464829034391382
13522	-0.005012616683266554	0.0006964088268126599	0.0015436094595253002	0.0008472006327126403	Adam28	neither	-0.12229345792663711
13841	-0.00510691473264602	0.0006966614423359313	0.0003390807221824498	-0.00035758072015348153	Epha7	neither	-0.009484386968368628
26411	-0.007146672542605203	0.000698824114538678	0.0011200723184272238	0.00042124820388854574	Map4k1	neither	-0.04735664380727957
50997	-0.002108285144695861	0.0007013723641969654	0.0016425414949873274	0.000941169130790362	Mpp2	neither	-0.1446398101976117
214580	0.0018471252981068326	0.0007013953728746141	0.0004534514603122258	-0.00024794391256238827	Pstk	neither	0.6975335987293618
14276	0.0007967225477717974	0.0007014022051643082	0.0006458122899671275	-5.558991519718072e-05	Folr2	neither	1.7519073999409929
84004	0.013371649319751678	0.0007047771460548467	0.000609832476159134	-9.49446698957127e-05	Mcam	neither	0.30675217142145955
218461	-0.002350894206845119	0.0007076752012184122	0.0006189798643002274	-8.869533691818483e-05	Pde8b	neither	-0.5380590057049931
17389	-0.002034992665144348	0.0007114069691639014	0.0002711706187858101	-0.00044023635037809133	Mmp16	neither	-0.7969608959113805
235028	-0.009033549491400408	0.0007152705737236145	0.002281059164870393	0.0015657885911467787	Zfp426	neither	0.17215869275692894
19417	0.0019269570906073627	0.000716576230513221	-0.000563368561198248	-0.001279944791711469	Rasgrf1	neither	1.1409452577225772
56737	0.0052090766218717	0.0007215503430139205	-0.000679875875615862	-0.0014014262186297826	Alg2	neither	0.8119007639984581
67993	0.002673807190432078	0.0007257448567525819	0.0003638730955877601	-0.0003618717611648218	Nudt12	neither	1.0565646536960247
17300	-0.0032352272645287112	0.0007323575188301167	0.0011682214103742672	0.00043586389154415056	Foxc1	neither	-0.3655991793664243
53972	-0.0013746757336526806	0.0007416111807046051	0.0008317375972676054	9.012641656300029e-05	Ngef	neither	-1.2455213699726724
67059	0.0015030128061036061	0.0007444063174768189	0.000661898102745508	-8.250821473131087e-05	Ola1	neither	1.8982304593139858
208715	-0.0013082190439530235	0.0007451618341089793	0.00046782733917737535	-0.00027733449493160396	Hmgcs1	neither	-1.4723433041713672
16797	0.0052879470786232315	0.000762184212718746	0.0009548842302380023	0.0001927000175192563	Lat	neither	0.627475698855532
244653	-0.004035093236948224	0.0007624548881346101	0.0012502355692683882	0.0004877806811337781	Hydin	neither	-0.1645614612934726
20525	-0.0016085662006271484	0.0007624940129940992	0.0006992545048473116	-6.323950814678765e-05	Slc2a1	neither	-1.0611943910125623
170790	-0.004893769043576177	0.0007655124305513319	0.000573451025865559	-0.00019206140468577284	Mlc1	neither	-0.04911549607870642
14763	-0.002947059831269949	0.000771431617957044	0.0015390544051824772	0.0007676227872254332	Gpr37	neither	-0.2937095768969042
84036	-0.0013599364994244614	0.0007735541036663552	0.0009108027347421702	0.00013724863107581495	Kcnn1	neither	-0.9191547648879791
73836	0.001658560050873818	0.0007760117569842932	0.0008066777132468648	3.066595626257155e-05	Slc35b2	neither	1.3654403506832642
67976	0.005498735133152973	0.0007804853402061449	0.001912055030662167	0.001131569690456022	Trabd	neither	0.41693880511105663
73822	0.0006513959156210393	0.0007837046128653087	0.0004994307885016726	-0.0002842738243636361	Mfsd12	zygotic	3.1633495126577054
71876	-0.0011390438770681785	0.0007882524163037783	0.0004696304763001079	-0.0003186219400036704	Cenpu	neither	-1.6424913299827852
17064	-0.002834296592782568	0.0007978266058401819	0.0009225485819815964	0.0001247219761414145	Cd93	neither	-0.04833998397337052
72776	0.0034061986463031417	0.0007994344544287637	-0.00015614920637599744	-0.0009555836608047611	Sass6	neither	0.9061401798044979
268747	0.0037471045716356175	0.0008008528227054644	-0.001545644801398566	-0.0023464976241040305	Carmil3	neither	0.5839900732363593
319953	-0.003172984227723746	0.0008011700026778521	0.0005922639236175387	-0.00020890607906031344	Ttll1	neither	-0.39809812974289654
13497	-0.0016437865306014173	0.000804439079463167	0.0011854627584516756	0.0003810236789885086	Drp2	neither	-0.6260857038715044
16591	-0.002180454950017878	0.000820472240032407	0.0002589402673311669	-0.0005615319727012401	Kl	neither	-0.5736212879186743
65963	-0.001328083474646778	0.0008261727400566677	0.0015302430869024016	0.000704070346845734	Tmem176b	neither	-0.5602635277759453
30935	0.002661693305968151	0.0008303240078384448	0.0006611255155143157	-0.00016919849232412902	Tor3a	neither	1.2180903860391625
74717	-0.0012136673713165219	0.000839767260598963	0.00044944134038766995	-0.0003903259202112931	Spata17	neither	-0.9071486806132
106042	0.0076555078610391365	0.0008516344382971019	0.0004853839219764108	-0.00036625051632069116	Prickle1	neither	0.5419153871383544
67512	0.004329454582155776	0.0008740520157685948	4.138853365224658e-05	-0.0008326634821163482	Agpat2	neither	0.7561052237537972
271005	-0.002878184270583684	0.0008754830380036384	0.0003003299022035759	-0.0005751531358000625	Klhdc1	neither	-0.6575277637040141
68099	-0.002848711924517107	0.0008755151773517963	4.42030245061896e-05	-0.0008313121528456067	Cibar1	neither	-0.5727606825378085
14062	0.0029113761536593602	0.0008778765291841247	0.0030619105279748224	0.002184033998790698	F2r	neither	0.9028614247869153
19739	-0.0017777076338108457	0.0008791118103852062	0.000768833613988657	-0.0001102781963965492	Rgs9	neither	-0.805557080927067
13008	-0.0009004463165433814	0.0008807698339644666	0.0008029498194561196	-7.782001450834704e-05	Csrp2	neither	-1.334116860519233
11554	-0.002894619649691591	0.0008841086384335764	-0.00019840664293350877	-0.001082515281367085	Adrb1	neither	-0.2775506875134571
68802	0.0014000762974884123	0.0008907073212563656	0.0007455817426872698	-0.0001451255785690958	Mypn	neither	2.024660110902897
231125	0.00538738267538264	0.0008908329313469495	-0.0019316986524871432	-0.0028225315838340927	Zfyve28	neither	0.8750285543041777
12449	0.0026245478725624443	0.0008968200467202567	0.0006517726664720965	-0.0002450473802481602	Ccnf	neither	1.287210800625055
213484	-0.004554586225922959	0.0009004086160899526	0.0025508106089046833	0.0016504019928147307	Nudt18	neither	-0.19781527085940057
380713	0.0008003747912227198	0.0009129786412884861	0.0008269299480381054	-8.604869325038074e-05	Scarf1	zygotic	2.789767203352042
77579	-0.008051027274750011	0.0009149239301865699	0.0011878380106585802	0.0002729140804720103	Myh10	neither	-0.11414368088187749
17350	0.0032431445070781415	0.0009210003626035976	0.001676069166959274	0.0007550688043556764	Mlh1	neither	0.9774461382360058
382913	-0.002074496036832091	0.0009216495467228784	0.000534151303099224	-0.00038749824362365446	Neil2	neither	-1.0254464163395727
242702	-0.0013856792456364933	0.0009309043386370568	0.0012455067410486872	0.00031460240241163037	Myom3	neither	-0.6017762702253968
65970	0.002102232420725937	0.0009342988722621449	0.0010551215493556521	0.00012082267709350727	Lima1	neither	1.5541945659392633
13824	-0.0012323149632313256	0.0009419600474196135	0.000500048264863258	-0.00044191178255635556	Epb41l4a	neither	-1.7052630730751304
14369	0.0018160946365038707	0.0009473709025766152	0.0010245382157032558	7.716731312664056e-05	Fzd7	neither	1.7697429744520081
23999	-0.0014442593021896058	0.000951205944104434	0.0006051585543490561	-0.00034604738975537786	Twf2	neither	-1.4931444382616488
55987	-0.0014006851450045156	0.0009515724258564705	0.0008664343666606123	-8.513805919585819e-05	Cpxm2	neither	-1.5180477903900715
18205	-0.0007240739038279438	0.0009528540535892154	0.00014149920104613198	-0.0008113548525430834	Ntf3	neither	-1.2144670214663633
23928	0.000795826393924926	0.0009577053166366288	0.0008129395741426664	-0.0001447657424939624	Lamc3	neither	1.6415623689311196
170725	-0.0023974666644120176	0.0009598098168518358	0.0013989250051223772	0.0004391151882705414	Capn8	neither	-0.6925536446816978
209966	-0.002497605505137891	0.0009636009662431514	0.0005210905223119674	-0.00044251044393118393	Pgbd5	neither	-0.9269503305525905
57746	0.0009688329029287943	0.0009687585602843525	0.0008517165199489846	-0.0001170420403353679	Piwil2	neither	3.1035916954902323
15460	-0.00401210782261329	0.0009727488631730064	0.00195999410553636	0.0009872452423633537	Hr	neither	-0.028171131337388817
19268	-0.005105572607870868	0.000975148812765782	0.0011074221449408964	0.00013227333217511437	Ptprf	neither	-0.31562371633681846
244757	0.0021600227938497695	0.000975386887296939	-0.0013272812643322822	-0.0023026681516292212	Glb1l2	neither	1.0213893050920888
27273	-0.010071068796640544	0.0009791863690374616	0.0014009235619549948	0.00042173719291753323	Pdk4	neither	-0.7010631857250329
381217	-0.0027521306042979474	0.0009863075293568624	0.001095051308876557	0.00010874377951969457	Fam189a2	neither	-0.7736412852659338
320662	-0.0009049474603932399	0.0009876484015908717	0.0006698330973104168	-0.00031781530428045494	Casc1	neither	-2.6694151795679333
72097	0.0016563726458312512	0.00098773404849565	0.00024260758539936198	-0.0007451264630962881	Cracdl	neither	1.715992251125263
67582	-0.0024671825337252823	0.0009908347520151846	0.0008692994452802159	-0.00012153530673496868	Slc25a26	neither	-0.7171298715932768
245945	-0.004848336979779471	0.0009909015479004457	-9.985148295976477e-05	-0.0010907530308602105	Rbm47	neither	-0.36911544421929693
230904	0.0025308871814791953	0.0009912217349072358	0.0006046772711315083	-0.0003865444637757275	Fbxo2	neither	0.3251720762390209
13850	0.0038959261063235507	0.000993240900140759	-6.003171690613297e-05	-0.001053272617046892	Ephx2	neither	0.700500694276584
56264	-0.006390614366483492	0.0009942001938826885	0.0033145572753516665	0.0023203570814689777	Cpxm1	neither	0.2524103017259997
320139	-0.002916733494845497	0.001000278262730774	-0.00015950950264870454	-0.0011597877653794786	Ptpn7	neither	-0.2674032794115281
19419	-0.001783616391898807	0.0010078752728953709	0.00040431489117908026	-0.0006035603817162907	Rasgrp1	neither	-0.7380100082731785
70574	-0.007045767421958782	0.0010131688523290724	0.0011723271483221392	0.00015915829599306682	Cpm	neither	-0.13192009749331843
14067	-0.002142413775130938	0.0010146628903163614	0.0014774567064437002	0.00046279381612733886	F5	neither	-0.39395554263095606
213208	0.005642577452054515	0.0010156938536056074	0.0015344427000465873	0.0005187488464409799	Il20rb	neither	0.365706529723728
243755	-0.0062252235666035135	0.0010160185262878168	0.00040528607836923475	-0.000610732447918582	Slc13a4	neither	-0.5250325841833997
17926	-0.0011071324713850916	0.0010266011637221754	0.00135114510207709	0.00032454393835491466	Myoc	neither	-1.0243801390239626
68070	-0.0051667621806836305	0.0010369914802298627	0.0016880744954559713	0.0006510830152261086	Pdzd2	neither	-0.4051930739813202
22401	0.01040156703878497	0.0010531136186148853	-0.0002460127363068551	-0.0012991263549217403	Zmat3	neither	0.6122774969788647
22029	-0.004385762203160235	0.0010550834527057638	0.0001329810245278503	-0.0009221024281779134	Traf1	neither	-0.4884525030398825
16323	0.0070877982287430264	0.001055499054327984	-0.00377956191261584	-0.004835060966943824	Inhba	neither	0.2712645709592505
52857	-0.0023297013053854986	0.0010708211514692055	0.001785433567913107	0.0007146124164439016	Gramd1a	neither	-0.6638053543697391
16656	-0.0034701559320840813	0.0010858453818611677	0.001197241301608876	0.00011139591974770836	Hivep3	neither	-0.5661974182627534
74202	0.0014017423376302732	0.0010930205593859188	0.001060385908830683	-3.2634650555235685e-05	Fblim1	neither	1.8221228862977532
72050	-0.002333696625123389	0.0010937475304239157	0.00030097947528190725	-0.0007927680551420085	Poglut2	neither	-0.8288775358515391
18453	0.0010856504738018845	0.0010954439240394077	0.001114071262967705	1.862733892829733e-05	P4hb	neither	3.199770229544187
105675	0.005638808972171338	0.001096405764712792	-0.00048103104262649807	-0.00157743680733929	Ppif	neither	0.7403800739846672
67198	-0.003235914817566659	0.001097934238509434	0.0016304001650374864	0.0005324659265280524	Spats2l	neither	-0.6140578333436482
19130	-0.002967646524087002	0.0010979772621330704	0.0012832053247818801	0.0001852280626488097	Prox1	neither	-0.5827365178758064
74147	-0.0030865772043170625	0.0010995755316548846	-0.000864972773123061	-0.0019645483047779455	Ehhadh	neither	-0.4465466906443104
75782	-0.003920068818896408	0.001105435189272608	-0.00019041006925589633	-0.0012958452585285045	Lca5	neither	-0.5251837940945278
76866	-0.006873805032028349	0.0011138931475966223	0.0013666874232156972	0.00025279427561907485	Morn1	neither	-0.351595878174628
210573	0.002484901299594815	0.0011143029300240575	0.00017886857185188594	-0.0009354343581721716	Tmem151b	neither	0.8573156671235298
83671	-0.002277285278278617	0.0011175469566538138	0.00046829731796994476	-0.000649249638683869	Sytl2	neither	-1.158162867121866
26377	-0.002634215085128339	0.0011186842725678088	0.0004326798918878323	-0.0006860043806799765	Dapp1	neither	-0.7046216592524407
243277	0.005921612010916141	0.0011366483455898448	-0.0026005542203895032	-0.003737202565979348	Adgrd1	neither	0.5351514523821733
20462	0.0038345450895223006	0.0011368345279659285	0.0007403890304727082	-0.0003964454974932204	Tra2b	neither	1.098144320307908
329278	-0.005197690275661182	0.0011432843853242164	0.0010981460902031238	-4.513829512109262e-05	Tnn	neither	-0.22775619371666994
64945	0.00528552103361825	0.0011481588922941871	4.3161566917937944e-05	-0.0011049973253762493	Cldn12	neither	0.878262836187729
223774	-0.0068710969122901385	0.0011624876034169482	0.00032289041797600347	-0.0008395971854409447	Alg12	neither	-0.18158898031010692
67739	-0.011562473666733556	0.001173189938939114	0.0011508927914006197	-2.229714753849434e-05	Slc48a1	neither	-0.018132954450376864
74091	0.0006558626441455957	0.0011796220623668963	0.0010146634773022757	-0.00016495858506462065	Npl	neither	5.048763174439099
110075	0.0036557315052644355	0.0011851408503715667	0.0010421131427100748	-0.0001430277076614919	Bmp3	neither	0.8880188296480652
242523	0.018076921074396336	0.0011884598107640297	0.0018698817683736927	0.000681421957609663	Dmrta1	neither	0.27659269762926625
12348	-0.005026504403967289	0.0011935503971972413	0.002678034852790934	0.0014844844555936927	Car11	neither	0.007405145804121209
13710	-0.0028229416453769258	0.0011979054653699897	0.000150367590256791	-0.0010475378751131988	Elf3	neither	-0.8215601664646326
54123	0.0020664127570795532	0.0011979751251521252	0.002331672250562806	0.0011336971254106809	Irf7	neither	1.1527903956615098
12286	0.006411520278605145	0.0011991955914732117	0.0020039581312155303	0.0008047625397423186	Cacna1a	neither	0.573109775445751
384214	-0.0014241812039370453	0.0012046541674456063	0.0004920516845946619	-0.0007126024828509445	Ephx4	neither	-0.7179760840407621
226255	-0.019219623346030033	0.0012095153002596331	-0.0016550523583182056	-0.0028645676585778387	Atrnl1	neither	0.01834591118992079
54195	-0.0015775761551681433	0.0012179491935854214	-0.0007861350241370105	-0.002004084217722432	Gucy1b1	neither	-0.7248902795894591
14026	-0.008022844750861943	0.0012265922182842716	0.0009450464916338612	-0.00028154572665041043	Evl	neither	-0.2290818489678292
243983	-0.0019247351890772373	0.0012382297173894536	0.001178423793112389	-5.980592427706462e-05	Zdhhc13	neither	-1.4318751951748627
18526	-0.001712407422784955	0.0012410937354109463	0.00037761333803579207	-0.0008634803973751543	Pcdh10	neither	-1.6213381603567432
27419	0.0047500403362648914	0.001246823515100984	0.0020122733912541543	0.0007654498761531703	Naglu	neither	0.5857953556350386
67211	-0.0021485599464974104	0.0012638960519374708	0.0006440084249991549	-0.000619887626938316	Armc10	neither	-1.4694317867965736
240354	0.009109451060527721	0.0012657028562360977	0.0029978571452440174	0.0017321542890079197	Malt1	neither	0.4689388288424569
78558	-0.0009336141258847008	0.0012688395600375904	0.0010685007866592165	-0.00020033877337837392	Htra3	neither	-2.1939980275682167
15894	0.025574598829870947	0.001275723505121543	0.0065229763622452145	0.0052472528571236715	Icam1	neither	0.4420281139549268
18150	-0.003491654126683023	0.0012802633376045364	0.00027282295246395036	-0.001007440385140586	Npm3	neither	-0.7512282059532794
22249	0.005809095560804253	0.0012809427201876979	0.0012345567707572273	-4.638594943047057e-05	Unc13b	neither	0.8839823687662011
16764	-0.003321681603946491	0.0012919681410510236	0.0011169076835603076	-0.00017506045749071599	Aff3	neither	-0.7817349696050764
193838	0.005522446668715436	0.0013010804168686362	0.00015002135608288138	-0.0011510590607857548	Eme2	neither	0.8322061574569473
78977	0.00875484136774717	0.0013101132307300526	0.0016934647191996944	0.0003833514884696418	Popdc3	neither	0.6404863215354316
56523	0.0028442280896821583	0.0013114419392914018	0.00025424845880097594	-0.0010571934804904258	Pmfbp1	neither	1.5525673155149509
56017	0.004645987082622747	0.001322132803404547	0.0019618890920349635	0.0006397562886304164	Slc2a8	neither	0.7602656928586702
73825	-0.002726498167110394	0.0013326683574907603	0.00042478091759061686	-0.0009078874399001435	Ppp1r21	neither	-1.153283077466292
108098	-0.003032509675761348	0.0013334817420001368	0.0005280527755361708	-0.000805428966463966	Med21	neither	-1.0554751184866211
72778	0.0021131770469986415	0.0013358007412206617	0.0011800104369083652	-0.00015579030431229655	Dnajc22	neither	0.7331403337007535
20393	-0.007231706363331907	0.0013358847338132932	0.0023952725887344405	0.0010593878549211473	Sgk1	neither	-0.12308910194913553
114606	-0.004379905440133372	0.0013403794626977922	0.0013798165516964753	3.943708899868301e-05	Tle6	neither	-0.6708573229652439
68799	0.012578652828936701	0.0013466262260313662	0.0025668124099062326	0.0012201861838748663	Rgmb	neither	0.5327348214065906
14612	-0.0025983095248141162	0.0013476150793214421	0.0017044583492731324	0.00035684326995169026	Gja4	neither	-1.1668069093384814
71820	0.0014365558660302793	0.0013587933135907964	0.0009885726882794832	-0.00037022062531131324	Wdr34	neither	2.15568043443666
239743	-0.005518663336387247	0.0013825920340698186	-0.0004964549117075427	-0.0018790469457773613	Klhl6	neither	-0.22587734922427397
23959	-0.007207070370032202	0.0013906867395601962	-0.0022927327016599225	-0.003683419441220119	Nt5e	neither	0.06753388735449956
330189	0.0034070041998769244	0.0013962610271644122	0.0004842893370283914	-0.0009119716901360207	Tmem120b	neither	1.4841909586008029
235472	-0.0057677935532337524	0.001397608444859955	0.000790719043762798	-0.0006068894010971569	Prtg	neither	-0.2723536228828197
108147	-0.008335049805479429	0.0013988788217968787	0.0035306318412419457	0.002131753019445067	Atic	neither	-0.23949893220672555
16598	0.0018638993462405788	0.001405440189160745	0.0008630945235033546	-0.0005423456656573904	Klf2	neither	2.3628096297390617
272347	0.0054410710784466975	0.0014170178356612021	-0.001201874206447293	-0.002618892042108495	Zfp398	neither	1.0308327243000899
67295	-0.0020168565722623556	0.0014185581494424865	0.0009366789179152796	-0.00048187923152720686	Rab3c	neither	-1.246305012636453
17883	0.005739880959601647	0.0014222177466717654	-0.0001846723008705254	-0.0016068900475422908	Myh3	neither	1.2369411409805424
269774	0.006054626056312603	0.0014259032978099417	-0.0002270372352927013	-0.001652940533102643	Aak1	neither	0.9553618323144075
245595	-0.0016358922894475307	0.001430329132325709	0.0004661540906392628	-0.0009641750416864461	Zfp711	neither	-0.6282073410340815
50934	0.002924093180386018	0.0014315311371160657	-0.0005001361700107938	-0.0019316673071268595	Slc7a8	neither	1.5130399223246773
66999	-0.0033702226195834106	0.0014337037801553736	0.0010964580148002444	-0.0003372457653551292	Med28	neither	-1.013423919485463
67819	0.0045440495701114525	0.0014406475981361328	0.001246415971539518	-0.00019423162659661488	Derl1	neither	1.1544331808610737
271711	-0.003294462097638365	0.0014538724637651991	0.0012461522520534586	-0.00020772021171174058	Tmem169	neither	-1.0111115340617947
18595	-0.008602158139888441	0.0014556507989004876	0.0014849223841664652	2.9271585265977593e-05	Pdgfra	neither	-0.14729670225472957
170835	-0.004155743533059518	0.00145600450700187	0.0019421383249843957	0.0004861338179825256	Inpp5j	neither	-1.3700380101393597
279561	0.0015560855046492762	0.0014565511314985167	0.0007797324913685942	-0.0006768186401299224	Wnk3	neither	2.95965035725973
78619	-0.004067467382231013	0.0014642753750863974	0.00196042278502268	0.0004961474099362826	Zfp449	neither	-0.6614477781222275
208768	0.0032384401264482013	0.0014740146137801385	0.001704223383545622	0.00023020876976548353	Sde2	neither	1.5625713099437308
20104	0.0020659067142241145	0.0014835009082694035	0.0010982222844925595	-0.00038527862377684395	Rps6	neither	2.335433236597129
83433	0.0066823913177917575	0.0014835644208550098	-0.0015321986630389757	-0.003015763083893986	Trem2	neither	0.5223119162239613
14761	-0.0030125815196076614	0.001486010659710105	0.001983032239096088	0.000497021579385983	Gpr27	neither	-0.9414030629627079
319504	-0.007686015991355179	0.0014863544971452547	-9.011838923722564e-05	-0.0015764728863824804	Nrcam	neither	-0.27408533078708464
81006	-0.0045982837438542385	0.0014890103496982717	0.000953947474699393	-0.0005350628749988787	Gpr63	neither	-0.6334999424324546
229599	0.0070302659641367764	0.0014939159125354799	0.004585412752926268	0.003091496840390788	Ciart	neither	0.7438805061896764
14050	-0.011841608225391844	0.0014982120287514926	0.0017903339336609867	0.00029212190490949413	Eya3	neither	-0.12162592212195461
67480	0.003008199527017823	0.0015014465733397355	0.0012088667424062429	-0.00029257983093349265	Cwc25	neither	1.6909885308445602
105727	-0.015955558585375538	0.0015197124472111445	-0.0009891982130080066	-0.002508910660219151	Slc38a1	neither	0.14449425456074017
13618	-0.0019226293445313474	0.0015242263565508317	0.0011114560768670833	-0.0004127702796837484	Ednrb	neither	-1.4196447326189319
70008	-0.0015262548076944483	0.0015296874062849643	0.0007799636091608306	-0.0007497237971241337	Ace2	neither	-1.3119937202203156
244550	0.0026597834466659575	0.00153154991223315	0.0017669507134315768	0.0002354008011984268	Podnl1	neither	0.7591948375813894
14735	0.013129678648785247	0.0015322820498514488	-0.0010939703646064233	-0.002626252414457872	Gpc4	neither	0.668210513017498
207792	-0.0033837076878875222	0.0015371747587254285	0.003038825477194724	0.0015016507184692955	BC034090	neither	-0.8001860841704542
93840	-0.010833266198449496	0.0015377335601046236	0.004385233261018908	0.002847499700914285	Vangl2	neither	0.12968530858157112
104445	0.0015365705196738447	0.0015507328517239765	0.000682538520327904	-0.0008681943313960725	Cdc42ep1	neither	2.082977669050805
231470	-0.0036083931314847928	0.0015547825133293085	0.0001875793427821444	-0.001367203170547164	Fras1	neither	-0.9486396858786973
18563	-0.01265691294727794	0.00155553378116055	0.0015090309286290042	-4.6502852531545924e-05	Pcx	neither	-0.07927130514389698
11489	-0.0053463110969576375	0.0015557330061774012	0.0014798360057964263	-7.589700038097488e-05	Adam12	neither	-0.557818393750919
320495	-0.002462106141169571	0.0015750756743970807	0.0011379545313741973	-0.0004371211430228834	Ipcef1	neither	-1.685977705133424
214137	0.007650982044054724	0.0015775748477038502	0.002256300692909198	0.0006787258452053478	Arhgap29	neither	0.8249417383008235
241226	-0.005373779671130777	0.001580337524273327	0.00034278962974536737	-0.0012375478945279596	Itga8	neither	-0.5846000151461404
227327	-0.0025416235103792105	0.0015841452770470844	0.0018134885171912838	0.00022934324014419936	B3gnt7	neither	-0.9494299601738941
17873	-0.0078018517478813925	0.0016110279150727323	-0.0033064507583575125	-0.004917478673430245	Gadd45b	neither	-0.09367722766433735
64297	-0.005876411895731431	0.0016134908062727686	0.00142152760083469	-0.00019196320543807851	Gprc5b	neither	-0.23955491452312283
627049	0.002556986146210175	0.0016148138190009611	0.0024718738190134433	0.0008570600000124822	Zfp800	neither	1.8344196655899048
71998	-0.00390096838786623	0.0016159788427871152	0.00023148554784807476	-0.0013844932949390403	Slc25a35	neither	-0.5416814405982826
28146	0.0028669882325522886	0.0016288125170654732	0.001614931286467314	-1.388123059815915e-05	Serp1	neither	1.901065715927243
13681	-0.005503844736524996	0.0016358045767713514	0.0010286184032186755	-0.0006071861735526759	Eif4a1	neither	-0.6759740530292665
84035	-0.0038409825084361865	0.001672974212351171	0.001347925714418991	-0.00032504849793217995	Kremen1	neither	-1.017486488471381
27762	-0.005186681476149082	0.0016768888588297888	1.8351786664492452e-05	-0.0016585370721652964	Vwa7	neither	-0.3404284100002165
194309	0.0021343401349056294	0.0017030789451309189	0.001551656264735555	-0.00015142268039536376	Vps37d	neither	1.0397109716691497
232976	0.004654152419335131	0.0017066847553398067	0.0009588604864496057	-0.000747824268890201	Zfp574	neither	1.2961196270216089
67865	-0.003540963150757651	0.001710089739647524	0.001980106118665606	0.0002700163790180822	Rgs10	neither	-0.8866565794894304
12903	-0.0026501421823725553	0.0017114274743261857	-0.0005903874562895532	-0.002301814930615739	Crabp1	neither	-0.3337069347652338
22779	-0.006153550227625046	0.0017209455041471307	0.0005030910019311422	-0.0012178545022159884	Ikzf2	neither	-0.4359021655402541
74241	-0.00555426548295677	0.0017268708149628961	0.002054375301530918	0.00032750448656802193	Chpf	neither	-0.3721720555904231
22381	0.001803168623991107	0.0017450150975659947	0.0012085919977690995	-0.0005364230997968952	Tceal9	neither	1.1801435450302473
11720	-0.0017878327102936473	0.001749501840151852	0.001479991074866515	-0.000269510765285337	Mat1a	neither	-2.1858329925603104
60594	-0.004058055548581871	0.0017522460459702372	0.0013741461828830814	-0.0003780998630871558	Capn12	neither	-0.4577819139891368
319634	-0.005694700085309093	0.0017535935996396284	0.0019024774716888849	0.00014888387204925642	Efcab5	neither	0.27704240043060013
22021	0.004202416649387022	0.0017672100077440508	0.002335342062948663	0.0005681320552046122	Tpst1	neither	1.295500321047774
20536	0.0018479748386271966	0.0017898904129738475	0.0012853516310778355	-0.000504538781896012	Slc4a3	neither	2.0170585790504614
12822	0.0033096674491104013	0.0017929923718540486	-0.0009310591260374111	-0.0027240514978914597	Col18a1	neither	1.0564538716344931
11568	0.00597278978550976	0.0017938858715603973	0.0021712159285700965	0.0003773300570096992	Aebp1	neither	0.40434708990463664
16531	-0.005402889730599097	0.001804005135253787	0.0015756696282131992	-0.00022833550704058777	Kcnma1	neither	-0.7283130891975675
16162	-0.0020684782647974894	0.001814318896638106	0.0005661237387394781	-0.0012481951578986279	Il12rb2	neither	-1.9689774298381382
22116	-0.004328328342220698	0.0018247016181904862	0.0006869824982627466	-0.0011377191199277395	Tsks	neither	-0.4803404692826596
629499	-0.006893694698093963	0.0018259935968790158	0.0012415835186983346	-0.0005844100781806812	Mroh8	neither	-0.3709770505631302
12323	0.00286115272860838	0.0018326433343111154	0.0014073494362344362	-0.0004252938980766792	Camk2b	neither	1.474279878428023
381175	-0.0020185475794110147	0.0018402282761861087	0.001279137223539351	-0.0005610910526467577	Ccdc68	neither	-1.1954502065397308
234857	-0.001961561925340706	0.001861540851074531	0.001552390792437253	-0.000309150058637278	Spire2	neither	-1.900540519133182
232560	-0.004422133441321801	0.0018642378147218854	0.001459139809068308	-0.00040509800565357744	Caprin2	neither	-1.0163997775252889
211949	0.002422335310135359	0.0018660190006544698	0.0018974382211033559	3.141922044888612e-05	Spsb4	neither	1.7363901590257431
12322	-0.0026494394183396563	0.0018770077062522255	-4.192941676215761e-05	-0.001918937123014383	Camk2a	neither	-1.1204508213758209
269643	0.0077418994890678	0.0018781489546590157	0.0012506506607339299	-0.0006274982939250859	Ppp2r2c	neither	0.6071698991930269
72349	0.0027439801256552146	0.00187931364268929	0.0009393551218749535	-0.0009399585208143366	Dusp3	neither	0.9308766414487051
72607	-0.005289984021398303	0.001890717207090058	-0.0001529204570367753	-0.0020436376641268334	Usp13	neither	-0.6261809967154364
24131	0.003870586390738256	0.0019025714000322732	-0.00020046849525408574	-0.002103039895286359	Ldb3	neither	0.7790398316326134
237211	-0.0027016591007328564	0.0019090180392460764	0.0006501322859964339	-0.0012588857532496425	Fancb	neither	-1.651913075208506
30794	-0.004185922076649059	0.001912715828224128	-0.002286635918438349	-0.004199351746662477	Pdlim4	neither	-0.7759903455058482
215798	-0.002929960720808131	0.0019347503976422167	0.0020942535508720393	0.00015950315322982257	Adgrg6	neither	-0.9792597620658512
12166	0.0034439904685178626	0.001940251115853468	0.0007859333613662921	-0.0011543177544871758	Bmpr1a	neither	1.9122568364588426
54326	-0.007190688739822625	0.001941843754758614	0.00311536146018172	0.001173517705423106	Elovl2	neither	-0.06439220514425592
26912	-0.003929352773975019	0.0019421340873610501	0.002450325260156284	0.0005081911727952337	Gcat	neither	-0.5646880313821132
320508	-0.006049537042326985	0.0019521075435285488	0.0020194298063628507	6.732226283430193e-05	Cachd1	neither	-0.6740156071552968
12483	0.012200907947333953	0.0019666687601614346	-0.0027678770749736802	-0.004734545835135115	Cd22	neither	0.4098335993164122
15902	-0.0015061563148796324	0.0019755503542545592	0.00033608384011589405	-0.0016394665141386652	Id2	neither	-2.147636260618174
11601	0.003969414493376735	0.001990667260502488	0.00010158132149125434	-0.0018890859390112336	Angpt2	neither	1.6941515349651786
102124	0.008474905465578709	0.0020005716349869966	-0.0012499576907120428	-0.003250529325699039	Enkd1	neither	0.916224159209903
55963	0.0019436090613441442	0.002001920583959059	0.001293981208003557	-0.0007079393759555021	Slc1a4	neither	2.5782008270265226
225997	-0.0016202238168732215	0.0020407882087562505	0.0008779943425949908	-0.0011627938661612598	Trpm6	neither	-1.7709762933892808
19703	0.001788074475648422	0.002046041536896888	0.001961764840581722	-8.4276696315166e-05	Renbp	neither	3.4125943288654548
20533	0.0071440288046163165	0.0020509197538004305	-0.0013469117861150384	-0.0033978315399154687	Slc4a1	neither	0.4977326352842336
209558	0.002677142732928151	0.0020523866308740694	0.0003483572231440594	-0.00170402940773001	Enpp3	neither	2.242983930325055
625249	0.0026223540685092438	0.002056324051140659	0.001858898701370015	-0.00019742534977064408	Gpx4	neither	2.463753622683899
116939	0.0031108281050702675	0.002075948147349519	0.0018667607064571615	-0.00020918744089235756	Pnpla3	neither	0.8091997223806714
21825	0.0050966354382378475	0.0020797991468938294	0.000340663955679722	-0.0017391351912141074	Thbs1	neither	0.7660805547049542
12062	0.006218243276743146	0.0020946041254697578	-0.00489096172419649	-0.006985565849666248	Bdkrb2	neither	0.6174634265773321
17390	-0.004567208428136542	0.0021007885187999853	0.0008546486052202482	-0.001246139913579737	Mmp2	neither	-0.9822440485329669
109594	-0.004379981123918092	0.0021106596663501083	0.0004533244263559203	-0.001657335239994188	Lmo1	neither	-1.0954386168359553
116837	-0.003735413348065755	0.0021113018090430616	0.00045660097609399555	-0.0016547008329490661	Rims1	neither	-1.356717121905223
232370	0.0025155855789613995	0.0021203002129256475	0.0011671012924049902	-0.0009531989205206572	Clstn3	neither	1.407724112625853
54366	-0.007266311495577958	0.0021335281345945096	3.117517394288464e-05	-0.002102352960651625	Ctnnal1	neither	-0.6222657005604725
23882	-0.0030773111512576606	0.0021364050957519806	0.0013357431589800634	-0.0008006619367719172	Gadd45g	neither	-1.1030522138187757
56316	-0.007066893143476645	0.002159204469909849	0.0012012039864738404	-0.0009580004834360085	Ggcx	neither	-0.6220046535474578
18415	-0.00621618276966716	0.002172613498563367	0.0005965966634284537	-0.0015760168351349134	Hspa4l	neither	-0.7769464364121966
230514	0.005006375585280446	0.002176979846723056	0.0022003544051713408	2.337455844828463e-05	Leprot	neither	0.971779797370719
232441	-0.005150253180556129	0.002184794533597824	0.0007121037012904625	-0.0014726908323073613	Rerg	neither	-0.5026856063380252
14919	0.005480603296634315	0.0021852740176967005	-0.000984755204738342	-0.0031700292224350426	Gucy2e	neither	1.4888316776870085
108089	-0.0043266971996787406	0.0021901070706786805	-6.825809292236748e-05	-0.002258365163601048	Rnf144a	neither	-0.4979296250448763
12477	0.0039026845308445775	0.0022562889668318186	-0.0013502467525333898	-0.003606535719365208	Ctla4	neither	0.9517190188118777
209584	0.0026483850388579664	0.002267972226856232	-0.00023769390855693946	-0.0025056661354131717	Tyw3	neither	1.2638796138724897
71609	-0.008036565187287669	0.0023215281825683894	0.0013895499848141782	-0.0009319781977542112	Tradd	neither	-0.03479446617165822
18951	-0.004128261613154713	0.0023532751143228764	0.0005329187130758066	-0.0018203564012470698	Septin5	neither	-0.8089910804827348
20288	-0.005088414025366108	0.002361579338549411	0.003144876448801455	0.0007832971102520441	Msr1	neither	-0.48517018297411024
170721	0.0023125278338037803	0.002362444703548785	0.000873782212683848	-0.0014886624908649372	Papln	neither	2.297459549451796
50784	-0.0034021401255449764	0.002410831844301995	0.003007769059828822	0.0005969372155268269	Plpp2	neither	-1.301119750749278
268297	-0.007127045486208032	0.002415039587568314	0.0029096178536931034	0.0004945782661247892	Scml4	neither	-0.7447559501871487
13139	-0.006576036378425141	0.0024173223871758478	-0.00170386358925336	-0.004121185976429208	Dgka	neither	-0.7290352094929767
116847	-0.005687679257235958	0.0024337952005334808	0.0014942305059504704	-0.0009395646945830104	Prelp	neither	-0.9425327927937169
228576	-0.0027039447794265296	0.0024371845499481723	0.00013704788109164035	-0.002300136668856532	Mall	neither	-0.856264236163206
56508	-0.0051787809131544895	0.002468243254680767	0.0008640872003412551	-0.0016041560543395119	Rapgef4	neither	-1.1036552932797812
19342	-0.00332626942840431	0.0024683070937424464	0.0017690469507414342	-0.0006992601430010122	Rab4b	neither	-1.5296364361024501
56213	-0.003187399115165473	0.0024700466417699424	0.002053799043174317	-0.00041624759859562556	Htra1	neither	-1.9290811840292588
217558	0.0031517562964326696	0.002472305929201653	0.0032633927253015115	0.0007910867960998587	G2e3	neither	2.501582303050861
18212	0.011254290794006942	0.0024890687514443383	0.001267582351526245	-0.0012214863999180934	Ntrk2	neither	0.7732712334816901
13603	-0.007865874455591086	0.002489709214620241	0.0004383712648304603	-0.0020513379497897805	Opn3	neither	-0.3620899499096323
171285	0.00708246243425581	0.0025147095536905816	0.002839286194567288	0.00032457664087670634	Havcr2	neither	0.706082988366278
56720	-0.0034941703913912133	0.0025284774176582286	0.0014487650284373186	-0.00107971238922091	Tdo2	neither	-0.7295450204601268
12038	-0.005116708581738962	0.0025553971994789057	0.001463495594400828	-0.0010919016050780776	Bche	neither	-0.5443968814690163
17219	0.007829148872561092	0.0025556717191831126	0.002456162201096925	-9.950951808618746e-05	Mcm6	neither	1.2412877206639221
330812	-0.01075699509934741	0.0025651140345546238	0.003932569763745108	0.0013674557291904845	Rnf150	neither	-0.25017730824857426
194388	-0.004382676291959356	0.00257483709751014	0.0020109413242620365	-0.0005638957732481036	Tet3	neither	-1.553209917098798
12519	-0.003447993139658148	0.0025822462030782693	-0.0005596399783414293	-0.0031418861814196987	Cd80	neither	-1.1091315680826768
13074	0.004410308973788433	0.002600433308683151	-0.0031268564342995585	-0.00572728974298271	Cyp17a1	neither	1.0523856704698094
18816	0.0051205813817675715	0.0026146984023401984	0.0016072220592647489	-0.0010074763430754495	Serpinf2	neither	0.860710372639003
66083	-0.0036536128536047954	0.0026398025993710815	0.001593123319769394	-0.0010466792796016875	Setd6	neither	-1.664807274633488
13838	-0.00470879812345954	0.0026424603446631592	0.0018122660140134038	-0.0008301943306497554	Epha4	neither	-1.3703147099754158
237611	-0.007538656899673098	0.0026584351166680934	0.0011077879072887104	-0.001550647209379383	Stac3	neither	-0.8751946591848743
22695	-0.015026419649833207	0.002689108872590829	0.00424862837039951	0.0015595194978086807	Zfp36	neither	-0.23625368091917465
171180	-0.007656372631371849	0.0026939515637829166	-0.00037226634030230554	-0.003066217904085222	Syt12	neither	-0.10686585090370997
14696	-0.005975154494839343	0.0027222533481280078	0.001546021651187039	-0.0011762316969409687	Gnb4	neither	-1.0199696040796147
26922	-0.008109389391682412	0.0027314050711289297	0.0034202576909958347	0.000688852619866905	Mecr	neither	-0.441253291678387
75345	0.0033042370512131295	0.00278356506342031	0.0002615831231019904	-0.0025219819403183193	Slamf7	neither	2.513598128317957
20540	-0.006229449114538028	0.002783968844891429	-0.0006932464836051377	-0.0034772153284965664	Slc7a7	neither	-0.26031779184065434
19245	0.004929717275883442	0.002800955207426661	0.003197950221468473	0.00039699501404181223	Ptp4a3	neither	1.359917276386472
17260	0.008956207153329393	0.0028162066332869575	-0.004377945489476044	-0.007194152122763002	Mef2c	neither	0.8111362115236421
52588	-0.005047218597291605	0.0028179493320867107	0.0026749632159217005	-0.00014298611616501023	Tspan14	neither	-1.3462083907041908
229003	-0.008570792005017234	0.002855056420145418	-0.0027704401614485927	-0.005625496581594011	Helz2	neither	-0.3119817574705357
71803	0.005893606794450317	0.0028554817400692086	9.09063172961891e-05	-0.0027645754227730193	Slc25a18	neither	1.2181990276798824
66336	0.010976000761144774	0.0028555620860838886	0.0019685761278575146	-0.000886985958226374	Cenpp	neither	0.8624951629398819
384061	-0.007854750323461496	0.0028792322657710044	-0.0012591010895130446	-0.004138333355284049	Fndc5	neither	-0.5071879763492286
74166	-0.006020235732401977	0.00291128273203255	0.0029016331992672436	-9.649532765306293e-06	Tmem38a	neither	-1.0191202013625513
64705	-0.002450847566630356	0.002918891835104482	0.0021611795010293092	-0.0007577123340751727	Dpys	neither	-1.8319319609997093
64817	0.013474817979947854	0.0029204399805855324	0.0008701887814187135	-0.002050251199166819	Svep1	neither	0.666493901567981
207521	-0.004978483446694213	0.0029804404475111583	0.004840414198751093	0.0018599737512399349	Dtx4	neither	-0.5770625059586133
18750	0.00697676965306655	0.003039498252039477	0.00028218991778443023	-0.0027573083342550464	Prkca	neither	0.9892113116050403
246048	-0.002948076452086417	0.0030397016882647535	-0.0003674138934397454	-0.003407115581704499	Chodl	neither	-1.071787460274092
74387	0.009009942676495252	0.0030416898394435817	-0.0014680731172007002	-0.004509762956644282	4932438H23Rik	neither	0.5941348305800092
57265	0.0037810615238172314	0.0030481029665431147	0.0023176062296647432	-0.0007304967368783714	Fzd2	neither	1.9518938079385633
240518	0.004918398005383436	0.003052837437642874	0.004072211265016721	0.0010193738273738475	Peli3	neither	1.3792105251991575
18162	-0.004031748801313012	0.003084527837333226	0.0030973070917085788	1.2779254375352902e-05	Npr3	neither	-0.6977156257034711
16467	0.0028618674220715497	0.003128671951504039	0.0019400573831993733	-0.0011886145683046659	Atcay	neither	2.968235070349323
16826	-0.004343033335636207	0.00314096808763228	0.001788559086410357	-0.001352409001221923	Ldb2	neither	-1.5289047591962732
231760	-0.007328070783005321	0.003222518859031232	0.003315571883615126	9.305302458389401e-05	Rimbp2	neither	-0.9637912494888682
110784	0.018682703128581783	0.0032382558386939327	-0.012318273334476664	-0.015556529173170597	Nr3c2	neither	0.32037906018938156
74589	-0.00601768555348323	0.0032474406636847086	0.0005446151240370229	-0.0027028255396476858	Kbtbd12	neither	-0.8161595786423492
11307	-0.005890773566445281	0.0032912220537752493	0.002916661339378016	-0.00037456071439723355	Abcg1	neither	-1.1826932579071312
78284	-0.004273268931203678	0.003326025080436789	0.0015092391949499617	-0.0018167858854868273	Creb3l4	neither	-1.7056691895415181
17117	-0.004948926367010747	0.003336430442487337	0.0018626238735976618	-0.0014738065688896754	Amacr	neither	-1.0175638275953314
19736	-0.007113901332906184	0.0033437732255025662	0.00738849338121051	0.004044720155707943	Rgs4	neither	-0.5640959219008939
170483	0.004509993064787887	0.0033889962477080394	0.0035949388497633797	0.00020594260205534023	Grin3b	neither	1.2127942016737867
16400	-0.0051277008975905486	0.003393743015862513	0.0013848869158404728	-0.00200885610002204	Itga3	neither	-0.516707112661868
18985	0.0066771074960605	0.0034230980358523695	0.004799728884221504	0.0013766308483691343	Pou2af1	neither	0.9136798737005485
71699	-0.0033153804829627034	0.003427713201269454	0.0007322911351945668	-0.002695422066074887	Slc41a3	neither	-0.8093985909037968
59288	-0.0048325413185708	0.0034661812871268605	0.0026816473120585757	-0.0007845339750682848	Dctn5	neither	-1.6891261791363463
58198	-0.00532944202550872	0.00347359272996985	-0.003731380501712325	-0.007204973231682175	Sall1	neither	-0.7929123170886848
14119	-0.01339889375671384	0.003476297019117461	0.007617843015920071	0.00414154599680261	Fbn2	neither	-0.3919705910848939
67369	0.00682981316129453	0.0034832332438960983	0.003874317962586502	0.00039108471869040394	Qpctl	neither	1.6094120144021729
19696	-0.006009701862807006	0.003546099278018224	0.001373495017321795	-0.0021726042606964287	Rel	neither	-1.2775624093725848
53791	-0.007758153891466868	0.0035515739212164162	0.0029714913773939895	-0.0005800825438224268	Tlr5	neither	-0.7935420235536393
23871	-0.010399107891887364	0.0035730222984492782	0.0024254220509008642	-0.001147600247548414	Ets1	neither	-0.18274311202213392
19700	-0.003743387681789547	0.003636992833367436	0.0021864717831274654	-0.0014505210502399708	Rem1	neither	-0.9916240014054478
67963	0.014715421813589027	0.0036790338657182757	0.0009769722620706527	-0.0027020616036476227	Npc2	neither	1.0285358257615358
18294	-0.007796533420476425	0.003735314344455426	0.0033280968413924644	-0.0004072175030629616	Ogg1	neither	-1.0335292849227902
68801	-0.00855993984776258	0.003758270592653645	0.0029852944597302477	-0.0007729761329233974	Elovl5	neither	-0.9356686018083616
67374	-0.013889860651271369	0.003780691650540193	0.004574510052934699	0.0007938184023945057	Jam2	neither	-0.5155622014632161
16170	-0.011177433061628569	0.0037972082916734123	0.002021998940552317	-0.0017752093511210951	Il16	neither	-0.608288596445266
217935	-0.008754681266376654	0.0038109152273643255	0.004567860075407447	0.0007569448480431212	Wdr60	neither	-0.9339668906574733
22342	-0.006568081069428826	0.0038497735448883652	0.0033574170502867874	-0.0004923564946015778	Lin7b	neither	-0.6830535860342004
12702	0.0038888184503313022	0.003876277738802108	0.002749290903770987	-0.001126986835031121	Socs3	neither	3.374995220189228
56399	0.004798964511455928	0.003899113696722601	0.00380469211675976	-9.442157996284112e-05	Akap8	neither	2.6259602216421616
231207	0.006545143861632912	0.0038996171045584662	0.0005505469451602748	-0.0033490701593981917	Cpeb2	neither	1.8651604442893415
17342	-0.009784785698182759	0.003908349208916727	0.002476869410447163	-0.0014314797984695642	Mitf	neither	-0.8801842662533079
269019	-0.007272107188895841	0.003927518362881506	0.0023090432015840695	-0.0016184751612974362	Stk32a	neither	-0.7626014520594306
242505	0.0061472846331382764	0.003943999603867773	0.000691468531526061	-0.003252531072341712	Rasef	neither	1.619472072191859
242202	-0.012589697657320048	0.004010848029852675	0.002545019565694489	-0.001465828464158186	Pde5a	neither	-0.3218800714415526
320560	0.00980834210930684	0.0040451252657645485	0.003918255626978975	-0.00012686963878557386	Dennd5b	neither	1.4864940265933406
66279	-0.010098466594810491	0.004081389342711909	0.0053225867269504745	0.0012411973842385658	Tmem218	neither	-0.5632253089637044
22234	0.00901180607288917	0.004087325997741973	0.004070276067254268	-1.7049930487705e-05	Ugcg	neither	1.6202964185171314
100048534	-0.006529000836466177	0.004140179026746936	0.0003944257222794461	-0.00374575330446749	Cfap43	neither	-1.1571342059407668
229658	-0.007117063389499004	0.004159921433626347	0.005517928814987562	0.0013580073813612148	Vangl1	neither	-0.6679624053281018
76491	0.004410956233033586	0.00418137178414775	0.006470506656431701	0.0022891348722839508	Abhd14b	neither	2.1174555795851697
110521	-0.0068697710236639105	0.004228912906646664	0.003365764894278579	-0.0008631480123680846	Hivep1	neither	-1.597989551007581
229699	0.009473365260051258	0.004262202294069246	0.0008071557928314042	-0.003455046501237842	Slc16a4	neither	0.9187269091127106
56527	0.003211600981666583	0.004409805721668934	0.0030528600936442015	-0.0013569456280247325	Mast1	neither	4.001973245191688
227674	0.004208145390803234	0.004428672560954884	0.002787954089844017	-0.001640718471110867	Ddx31	neither	3.3312757246240112
109245	0.00515065226273672	0.0044627353722048934	0.001439195383766173	-0.00302353998843872	Lrrc39	neither	1.7264756083510904
74194	-0.005064808784242334	0.004489053651967962	0.0018829532395614496	-0.0026061004124065127	Rnd3	neither	-2.0100663396486897
72003	0.00552426148050205	0.0044964208429438615	0.0010625629890694838	-0.0034338578538743777	Synpr	neither	1.8376977475429224
242860	0.007450762453628723	0.004497765366570208	0.004275681136276892	-0.00022208423029331653	Rsbn1l	neither	1.98888709437222
104458	0.004217669860586605	0.0045583179016031004	0.002423545794956684	-0.0021347721066464166	Rars	neither	3.4708283960435042
209212	0.004498096248454159	0.00459639103639028	0.0040400819568434795	-0.0005563090795468002	Osgin2	neither	1.6364595092815732
66464	-0.011367801839264047	0.0046368934156747225	0.00226522342133678	-0.0023716699943379426	Taf12	neither	-0.9517932047054053
15273	-0.006401438556250911	0.004644551544554192	0.0030496209795892004	-0.0015949305649649915	Hivep2	neither	-1.7911816841574713
72690	0.009569831614338314	0.004676445810925245	0.006067345961782397	0.001390900150857152	Grrp1	neither	1.3695377834153462
76459	-0.004554407613922748	0.004712153074238671	0.0018434680133306831	-0.002868685060907988	Car12	neither	-1.134323449451919
240638	-0.005102302074965508	0.004729544356176409	0.002414769981360335	-0.002314774374816074	Slc16a12	neither	-1.1850133192761265
12575	0.023275068777597992	0.004765526219824655	0.014872455397957493	0.010106929178132839	Cdkn1a	neither	0.7924434752073993
53604	0.006624372779186822	0.004840905698203509	-6.390587584173538e-05	-0.004904811574045245	Zpbp	neither	0.6090244332854464
246104	0.006838136873512143	0.004869154916882733	0.004310026258014956	-0.0005591286588677762	Rhbdl3	neither	1.3872169034448496
338362	-0.005918609544696718	0.004881656696950921	0.002270084246685477	-0.0026115724502654442	Ust	neither	-1.8453198240566553
50766	0.01021652310517448	0.004929598589816395	-0.0031313441795753397	-0.008060942769391734	Crim1	neither	0.9376263898407641
68259	-0.008763600167115904	0.004952962297966992	0.0030692665146043697	-0.0018836957833626225	Ift80	neither	-1.3481063103700521
71911	-0.006652970550078776	0.004959565206025863	0.002984519403371453	-0.00197504580265441	Bdh1	neither	-1.8875268998400192
58998	-0.016133687170488784	0.0049877089846627485	0.0035037222486878857	-0.0014839867359748627	Nectin3	neither	-0.6951615446958118
20377	0.006029207237918537	0.005006960400775403	0.00592464319070139	0.000917682789925987	Sfrp1	neither	1.6685608708539057
231712	-0.009145904760869485	0.005063672566826972	0.0037813536416217756	-0.001282318925205196	Trafd1	neither	-1.3807612793135748
77577	0.004616945734945621	0.005201530731934696	0.0012562942188028023	-0.003945236513131894	Spns3	neither	1.8560865713032282
58176	-0.008499066597111683	0.005341936346245892	0.004596116763430276	-0.0007458195828156152	Rhbg	neither	-0.5789868528228087
78749	0.008410698973188104	0.00553397180787963	0.0011158279082788937	-0.004418143899600736	Filip1l	neither	1.7787358415506946
94185	-0.006527985054196955	0.0056385151474254176	0.005352441978359427	-0.0002860731690659908	Tnfrsf21	neither	-1.2742602224258432
76142	-0.007580669312495102	0.005688315849992879	0.0053742970073340605	-0.0003140188426588187	Ppp1r14c	neither	-0.7096894021535409
66269	0.0035353229930318603	0.005912899314527874	0.0037205121853833554	-0.002192387129144519	Tmed6	neither	2.824249094355816
208154	-0.011176640112457163	0.005925053372514724	0.0010848323127484363	-0.004840221059766288	Btla	neither	-0.3749321447144555
16891	-0.005778464051604217	0.005933958561102956	0.0012730946758944424	-0.004660863885208514	Lipg	neither	-0.9658443512475564
72002	-0.012655324200001468	0.0060532231157463395	0.0005465863323421315	-0.005506636783404208	Slc39a5	neither	-0.9729157761704958
58180	0.010646773914359708	0.006131385900188091	0.004456120653762163	-0.0016752652464259278	Hic2	neither	1.9345696087611473
18762	0.0071357710841947536	0.006205088901467475	0.00539431663348261	-0.0008107722679848656	Prkcz	neither	2.5119582228974346
67848	0.009352845660329642	0.006231144329241654	0.0017508898263238631	-0.004480254502917791	Ddx55	neither	2.047340959730097
17880	-0.00838521085447066	0.0062639066214366206	0.004927027191591674	-0.001336879429844947	Myh11	neither	-1.9866916374984451
109294	-0.014514583985822787	0.006322420658411437	0.0025851847779268895	-0.0037372358804845475	Prex2	neither	-0.9539926217506783
26903	0.01173103699552649	0.006331286625940876	0.01078625341170293	0.004454966785762054	Dysf	neither	1.418894803313942
230784	0.004596684349310277	0.006336555003707929	0.006224685401114838	-0.00011186960259309056	Sesn2	neither	4.283742975452591
319655	-0.012370490279611573	0.006395725725473864	0.005687215832540442	-0.000708509892933422	Podxl2	neither	-0.806875988599762
12818	-0.013792190916893437	0.006873342718825401	-0.0016555616829800888	-0.00852890440180549	Col14a1	neither	-0.5611517151846586
71835	-0.010443837354971197	0.006942575830655221	0.0046781972041964985	-0.0022643786264587226	Lancl2	neither	-1.4537964201249172
16456	0.007503889947959163	0.007026147052922632	0.005326014223052007	-0.0017001328298706254	F11r	neither	2.8878319623817332
17436	-0.013609975651681865	0.007146959900894383	0.004722430684660648	-0.002424529216233735	Me1	neither	-1.3405299070494634
320438	0.01313883065072916	0.007307413810865258	0.005873943242911128	-0.00143347056795413	Alg6	neither	1.8375102148180027
29862	-0.006277304817111458	0.007307678076930825	0.00426491884324361	-0.0030427592336872153	Ninj2	maternal	-2.508180213510504
94088	0.007598487211386234	0.007468488168770886	0.00407920451625012	-0.0033892836525207656	Trim6	neither	3.018861293731799
12826	-0.021075994426912416	0.007508367802796174	0.008249107362228591	0.0007407395594324169	Col4a1	neither	-0.671456818533116
208795	-0.009613377697750329	0.0075770005333998715	0.004647149092960367	-0.002929851440439504	Tmem63a	neither	-0.8718601473310905
18585	-0.009698623542690825	0.007657145665973597	0.004354781040985999	-0.0033023646249875985	Pde9a	neither	-1.2419967142324937
217154	0.006182219526594469	0.007739323885051334	0.007214368152176622	-0.000524955732874712	Stac2	neither	3.8363777834298065
66548	0.0102365162948576	0.008229060755658648	0.007374034516684575	-0.0008550262389740732	Adamtsl5	neither	1.0313197493684156
15212	0.005561721783320287	0.00843428382572654	0.008180138185308635	-0.00025414564041790523	Hexb	neither	4.437639315199068
16008	0.009450829420811544	0.00870614952298744	0.010539173501905256	0.0018330239789178162	Igfbp2	neither	1.2700449116254675
381157	0.012184761415551462	0.008774512449741983	0.007579986148048516	-0.0011945263016934675	Greb1l	neither	1.8255032958589168
16842	-0.011886025944217197	0.00888392335907502	0.004369010389203462	-0.0045149129698715575	Lef1	neither	-1.8647914158957244
12512	0.006510287965130364	0.008959224669702955	0.009144037170847684	0.00018481250114472936	Cd63	neither	4.1327470158691675
319974	-0.020025048636872014	0.009247744927744142	0.007435561952403032	-0.0018121829753411107	Auts2	neither	-1.1524450711503325
214901	0.014172540659296375	0.009258097653179751	0.00464434832793336	-0.004613749325246392	Chtf18	neither	1.7799642860465283
29856	0.008666261436139135	0.0093071302736842	0.00400718794410526	-0.005299942329578941	Smtn	neither	3.254541359620504
71310	0.005151506379638826	0.009465165701829127	0.008137008983553476	-0.0013281567182756512	Tbc1d9	neither	4.958319485866439
230379	0.01659612732752951	0.00969634866816746	0.005656374329985792	-0.0040399743381816676	Acer2	neither	1.8920783302724644
245527	0.016142362226853994	0.009916974831576983	0.004418710611115667	-0.005498264220461316	Eda2r	neither	0.6710133490234631
27528	-0.020881448635963803	0.010028792749613925	-0.002271104444922982	-0.012299897194536906	Nrep	neither	-0.8849962674710518
11689	-0.019597028829068216	0.0101121460245954	0.010925285909571567	0.0008131398849761679	Alox5	neither	-0.5728388203066063
16149	0.02235368123159861	0.010352345115632263	0.008533268460854608	-0.001819076654777655	Cd74	neither	0.7202423044156853
215632	0.009929896867323346	0.010385912607473206	0.0006083911511832472	-0.009777521456289958	Psd4	neither	2.0800597076712104
12568	-0.011020941496379624	0.010396876811364465	0.010563823508835397	0.00016694669747093285	Cdk5	neither	-2.1646303816253956
14115	-0.018740291757096437	0.01091324241525898	0.007634435570855677	-0.003278806844403303	Fbln2	neither	-0.4385422818607632
12398	-0.014895824765749063	0.011442485574850246	0.011098999291353774	-0.0003434862834964716	Cbfa2t3	neither	-1.980922840967516
64918	0.012087906502394651	0.011483414247011603	0.007761204320155771	-0.0037222099268558323	Bhmt2	neither	2.184200436141402
15277	-0.017957021830647547	0.01154387598165238	0.009767105179684297	-0.0017767708019680827	Hk2	neither	-1.4925447058755874
238271	-0.011651361278638037	0.01176748423657696	0.0169303874181735	0.0051629031815965416	Kcnh5	neither	-1.32221501282074
100019	0.00950788373100983	0.01296390656265145	0.012048104612267255	-0.0009158019503841958	Mdn1	neither	4.108842286798512
53422	-0.02623583677078873	0.014497932920301423	0.00991807244721067	-0.004579860473090754	Ybx2	neither	-1.3830991112988134
23805	0.012293411423511423	0.016639870655509235	0.013960814579947035	-0.0026790560755621997	Apc2	neither	4.173215408848083
68603	0.021309669924976724	0.01672028237927922	0.0070565144979637985	-0.00966376788131542	Pmvk	neither	1.2679341248327052
13011	0.02271135660171149	0.027352824083744506	0.02974978502657089	0.002396960942826383	Cst7	zygotic	2.8264604880718904
