	coef	c_control	c_perturbed	delta	symbol	label	log2FC_control_L2C_vs_E2C
16601	-0.019932754592436968	-0.03269706734033864	-0.017290242005618083	0.01540682533472056	Klf9	neither	4.476413635946091
74513	-0.022684808124284125	-0.02368885711581739	-0.002789107494794306	0.020899749621023086	Neto2	neither	2.9249381584915533
84095	-0.01591479283604847	-0.018194346641762973	-0.0032162273373832206	0.014978119304379752	Pi4k2a	neither	3.025947207409379
226830	0.031804953453274595	-0.01797177850960505	-0.013883273982902532	0.004088504526702518	Smyd2	neither	-0.8696167992682061
93695	0.020840951603642202	-0.0175144073420924	-0.005577022932001668	0.011937384410090731	Gpnmb	neither	-1.5724924368904754
66614	-0.013517191664869161	-0.016105960011087328	-0.0035865297186926793	0.012519430292394648	Gpatch4	neither	2.88513713840648
20200	0.024399101043478096	-0.015812616847270918	0.004777748282399029	0.020590365129669948	S100a6	neither	-0.7228353823855429
100515	-0.015969915076996768	-0.01472307964567629	-0.01935803256881793	-0.004634952923141641	Zfp518b	neither	2.0557523579177617
108699	0.021583081330789535	-0.01329010361034672	-0.00499120073202018	0.00829890287832654	Chn1	neither	-1.52725090437056
19173	-0.008954702937037736	-0.01321237035489971	-0.003206139146444678	0.010006231208455032	Psmb5	neither	3.8127051960046683
27060	-0.019755398159038262	-0.012317047463527292	-0.009260640125941421	0.0030564073375858713	Tcirg1	neither	1.546004544681597
108811	0.011762895845292519	-0.011911550275747869	-0.01226915167838462	-0.0003576014026367511	Ccdc122	neither	-2.653806559555456
227656	-0.011847366900141692	-0.011542513747868922	-0.00624963760767566	0.005292876140193262	Rexo4	neither	2.4959406676374916
54353	0.020160064584108198	-0.011456931661207214	-0.005082797722497039	0.006374133938710175	Skap2	neither	-1.4442387519753614
54561	0.012699591137237193	-0.011124616873781782	-0.002448495606114613	0.008676121267667168	Nap1l3	neither	-1.4154585728709494
64660	-0.017225248272322646	-0.011103781169137544	-0.003611621294027439	0.007492159875110106	Mrps24	neither	1.8604010569185006
11815	0.016854197063529728	-0.010924411570231076	-8.794396362748408e-05	0.010836467606603593	Apod	neither	-1.223773287951214
93689	-0.012491057588569793	-0.010667970622890972	-0.008733125019845904	0.001934845603045068	Lmod1	neither	1.050925882444874
27276	0.028673396110681915	-0.010663806100581598	-0.00024951769471442107	0.010414288405867177	Plekhb1	neither	-0.909998300465673
11932	-0.012393574621998872	-0.01062301040864173	-0.013282633459171179	-0.0026596230505294485	Atp1b2	neither	1.586561495872447
22371	0.031865263090154854	-0.009991948134567271	-0.0043409092247459246	0.0056510389098213465	Vwf	neither	-0.6990751168297503
381101	-0.006083071094564058	-0.00950007617760263	-0.005264675724973111	0.004235400452629519	Dnph1	neither	2.6555018021579575
15505	-0.014823956116726628	-0.009462621592963455	-0.0017595548959121155	0.00770306669705134	Hsph1	neither	1.9676409873206668
20512	-0.012584536898633111	-0.00932365120452641	-0.011488247057111529	-0.002164595852585119	Slc1a3	neither	1.3921986213883495
16997	0.007685844360215609	-0.008839800254170785	-0.003998732288452643	0.004841067965718142	Ltbp2	neither	-2.173615112314755
70099	-0.03438699856510429	-0.008593603384574803	-0.010170522138556974	-0.001576918753982172	Smc4	neither	0.8989311119963819
20229	-0.009415995684895921	-0.008293805585127568	-0.005750984971451342	0.0025428206136762256	Sat1	neither	2.7657573793140955
330171	0.022065246398095654	-0.008095915521736023	-0.007934112600568916	0.00016180292116710696	Kctd10	neither	-0.8806048359100066
242466	-0.010855845137065737	-0.008062310917204716	-0.007940120818736934	0.000122190098467782	Zfp462	neither	0.9915874820799916
106564	-0.013523241408207416	-0.008009836964345951	-0.005236436570397143	0.002773400393948808	Ppcs	neither	1.5319286581155687
72825	-0.008192316792233626	-0.007659067482400399	-0.004464238299220657	0.003194829183179742	Mon1a	neither	2.3765775041695765
67669	-0.013265841932150928	-0.007623610981508755	-0.002984714036649386	0.004638896944859369	Hikeshi	neither	1.7621419644953855
217082	-0.012391355102456668	-0.007538096387441052	-0.01049545122728	-0.002957354839838948	Hlf	neither	1.1647514166050887
58243	0.013220542523025404	-0.007498246195687874	0.0022147468655384418	0.009712993061226315	Nap1l5	neither	-0.470693001604811
83965	0.00841295598941518	-0.007453572153315725	-0.006087894773740659	0.0013656773795750659	Enpp5	neither	-2.2552638150475492
224008	0.011940161763406839	-0.007156720297263417	-0.008479595683380301	-0.0013228753861168844	Spidr	neither	-1.5868920500417414
216616	0.011252710844278499	-0.007153983262891125	-0.013765876437626352	-0.006611893174735227	Efemp1	neither	-0.6291189272723783
100061	-0.012871100700187297	-0.007031529576925628	-0.0005672547298121419	0.006464274847113486	Lrrc19	neither	0.5660911084382494
16956	0.010040756273216538	-0.00702253858838628	-0.001946980076442157	0.005075558511944123	Lpl	neither	-1.8121738805270788
68611	-0.008381155079475887	-0.006947590717697441	0.0011968733342071212	0.008144464051904563	Mrpl28	neither	2.072955626404902
16570	-0.005132612975383385	-0.006914104043052877	-0.006191424112132119	0.0007226799309207584	Kif3c	neither	3.1405014152896604
242509	0.01216250900099952	-0.006720658984098424	-0.002804936887137635	0.003915722096960789	Bnc2	neither	-1.386508828300688
101502	0.0069236226098607825	-0.006689033245994315	-0.00395229259158536	0.0027367406544089546	Hsd3b7	neither	-2.5392589920178605
217198	0.007789901201567442	-0.006621515783415457	-0.006478863086614203	0.0001426526968012539	Plekhh3	neither	-1.4088525620798533
74186	0.006927715155004229	-0.006598482072118843	-0.005898504031819917	0.0006999780402989261	Ccdc3	neither	-2.0197217251125155
107587	0.010278267110873283	-0.006589621721302769	-0.0012367972237021369	0.005352824497600632	Osr2	neither	-1.436735732779966
54598	-0.011784992647731399	-0.006442103799028893	-0.007996886807966848	-0.001554783008937955	Calcrl	neither	1.020581161894638
20500	-0.00490635730280101	-0.006363346796886729	-0.0031078682195734347	0.0032554785773132944	Slc13a2	neither	1.931460169718688
76917	-0.004687080725253475	-0.0062311712380450504	-0.006578227071804012	-0.0003470558337589618	Flywch2	neither	2.7348398888131835
629499	-0.006893694698093963	-0.006223597872693613	-0.004445874878908423	0.0017777229937851894	Mroh8	neither	1.7187667147982821
100502698	0.01730696406446664	-0.006177332587660564	-0.010783437482558719	-0.0046061048948981545	Rubcn	neither	-0.9030682933865646
110446	0.013507354899313987	-0.006157940753370586	-0.011046562599365475	-0.004888621845994889	Acat1	neither	-1.1319936161880297
20907	-0.006448693768730498	-0.006118213391897165	-0.0037526962875326485	0.0023655171043645163	Stx1a	neither	1.593071691804943
14114	-0.010999677024866433	-0.006012764096045928	-0.00447349982505732	0.0015392642709886077	Fbln1	neither	0.9738958454256839
212547	-0.007450619538041031	-0.005934113863835524	-0.0046064417263888165	0.0013276721374467079	Nepro	neither	2.3236833741205913
102871	0.00941364983861329	-0.005910281178652217	-0.0009646957840178389	0.004945585394634378	Radx	neither	-1.0735348120920492
16149	0.02235368123159861	-0.005888818981074289	0.02081646389514939	0.026705282876223677	Cd74	neither	-0.555105405976226
241070	0.004268850182392995	-0.005870579006299714	-0.004412171531037718	0.0014584074752619965	Gpr1	maternal	-3.474449543319262
140742	-0.015548182953903639	-0.0058276523960519595	-0.003977946377760874	0.0018497060182910852	Sesn1	neither	1.0065020231717297
11363	0.014663941009133319	-0.00577767008071187	0.004196688886259264	0.009974358966971134	Acadl	neither	-0.8073186634073488
66416	-0.006878979935543828	-0.005733692712058061	-0.0013860817529682834	0.004347610959089778	Ndufa7	neither	2.302445164756704
50915	0.010241850857410166	-0.005652976458679401	-0.00171908577130352	0.003933890687375882	Grb14	neither	-1.239508311860016
268567	-0.007875454404350743	-0.005579784115680463	-0.0017182664017912578	0.0038615177138892056	Tmem229b	neither	1.8598791176118636
66169	-0.007860826908464836	-0.005560410125666141	-0.0012352604620413793	0.004325149663624761	Tomm7	neither	2.0863421008175047
234854	-0.008492740893830801	-0.005530685478797821	-2.8711296517930516e-05	0.005501974182279891	Cdk10	neither	1.1319504891402872
170768	-0.0051223167767096775	-0.005517565017464385	-0.002043725292614816	0.003473839724849569	Pfkfb3	neither	2.5913710606729254
208795	-0.009613377697750329	-0.005447933087510487	-0.0028139674181325053	0.0026339656693779817	Tmem63a	neither	0.6217438269337512
22116	-0.004328328342220698	-0.0054032717446066926	0.0017896673732859115	0.007192939117892604	Tsks	neither	1.806595379112023
12294	0.009976578400957786	-0.005274090009256462	-0.00497615413085042	0.0002979358784060424	Cacna2d3	neither	-1.304726283312453
108159	-0.008258959843211492	-0.005253847190805272	-0.0015515873248843134	0.0037022598659209585	Ubxn8	neither	1.8479077002895445
231050	-0.008677257075382548	-0.00525147131546212	-0.001011589804204612	0.004239881511257508	Galnt11	neither	1.6126361011885313
75769	-0.005512305283825186	-0.005238636135330392	0.0019296615020962826	0.0071682976374266745	Plppr5	neither	2.2461757379723863
19876	-0.012019124637610012	-0.005233209696018553	0.0007001357308274004	0.005933345426845953	Robo1	neither	1.3036959242365962
59083	0.004651831173935489	-0.005212563806516346	-0.001184738175476131	0.0040278256310402145	Fetub	neither	-2.5759952554142247
18553	0.006875741527826854	-0.005148907703501911	-0.0024509001556447117	0.002698007547857199	Pcsk6	neither	-1.5331206320294184
74414	-0.025230929981288577	-0.005106149092769612	0.006048218555726959	0.01115436764849657	Polr3c	neither	0.5599840784993546
320974	-0.007372898978295856	-0.005083004873897058	-2.2523172438963263e-05	0.005060481701458095	Lrrn4	neither	1.7579765395915006
242585	-0.00721191992825952	-0.005077914824104425	-0.000816247007100833	0.004261667817003592	Slc35d1	neither	0.9555758685171305
16450	0.015334475966643136	-0.005066930136699349	-0.005084698935703118	-1.7768799003769e-05	Jag2	neither	-0.8050366590561372
12023	0.008190596264903918	-0.005045968420540453	-0.00569218939982847	-0.0006462209792880173	Barx2	neither	-0.6959125615624142
74393	-0.0051660066126887	-0.005018702812429582	0.0003827145867290783	0.0054014173991586605	Map10	neither	1.7621162344769234
75695	-0.01397157207781245	-0.005005800049212199	0.00502018533629186	0.010025985385504059	Rilpl1	neither	0.8598833616506802
30059	-0.0035929002790336655	-0.0049685092760906515	-0.0008925801500605508	0.0040759291260301	Timm10	neither	3.744959870273554
93840	-0.010833266198449496	-0.00486174284333436	-0.006702432771414331	-0.001840689928079971	Vangl2	neither	0.6249734479952664
67728	-0.005520948935407498	-0.004851912297171215	-0.0014388671907020574	0.0034130451064691572	Dph2	neither	2.272426815784767
74020	0.008201325174885449	-0.004780062618089683	-0.0025995534120615044	0.002180509206028178	Cpne4	neither	-0.842207194835499
11881	0.006381247719779865	-0.004754700163512973	-0.004699166416688783	5.5533746824190135e-05	Arsb	neither	-1.6914241927296598
74464	0.008964342968088875	-0.0047198718631550705	-0.00045104199426815376	0.0042688298688869164	Zswim5	neither	-0.9879843360419982
21356	-0.012154166474457773	-0.004703942128087913	-0.0021523138850286826	0.00255162824305923	Tapbp	neither	0.7868631038096686
54381	0.009687410091020142	-0.0046848227847047655	-0.0018850823338170484	0.002799740450887717	Cpq	neither	-0.7015873671221705
237711	0.005922966397506349	-0.004635933697022646	-0.004120619599174693	0.000515314097847953	Eml6	neither	-1.9055923790165226
72486	0.005655079337133768	-0.004599876740104885	-0.006093645235237662	-0.0014937684951327771	Obi1	neither	-2.141299971374012
18976	-0.009041123581672401	-0.004517511734103347	-0.005005934943377595	-0.0004884232092742481	Pomc	neither	1.0800012130143943
22695	-0.015026419649833207	-0.004506499183132144	-0.003396911601143769	0.0011095875819883746	Zfp36	neither	0.796184421104216
20692	-0.008796362598146795	-0.004458093507075695	-0.006270508013435587	-0.0018124145063598924	Sparc	neither	0.7940836768579836
53619	0.012614892258853094	-0.004436842226635051	-0.0034445074246357843	0.0009923348019992666	Blcap	neither	-0.9025640721881308
66522	0.0115780449164405	-0.00440378084474077	-0.003653075979624942	0.000750704865115828	Pgpep1	neither	-0.840010016479929
329941	-0.0045183161788474	-0.004398106792659365	-0.001734528961808091	0.002663577830851274	Col8a2	neither	1.09246887259617
69215	-0.00657228819699247	-0.004390303232017803	-0.005272276805778954	-0.0008819735737611509	Sat2	neither	1.6146055126023966
13631	0.004415584683134162	-0.004324009419930408	-0.0036249425568040516	0.0006990668631263568	Eef2k	neither	-2.4799460998740845
107227	0.011416499864896014	-0.004310673113235186	-0.011231966711775225	-0.006921293598540039	Macrod1	neither	-0.5546363201786207
21339	-0.006937024145777623	-0.004300502876275895	0.0004005838676726297	0.0047010867439485245	Taf1a	neither	1.8836798725447121
100072	0.0068007936569947445	-0.004296670966835285	-0.0017809153659396541	0.002515755600895631	Camta1	neither	-1.5999666929940235
13032	-0.0027221669701660988	-0.004273794572783877	-0.00633711665862716	-0.0020633220858432832	Ctsc	neither	4.354082266957753
71913	-0.006267821158640776	-0.004271432841417985	-0.0010165217259452597	0.0032549111154727252	Tmem79	neither	1.57149179432978
116838	0.008210866932551856	-0.004236015937463597	-0.00316491260420382	0.0010711033332597773	Rims2	neither	-0.8513802348847741
67893	-0.00374271240312686	-0.004211535742167663	0.0018841971117020532	0.006095732853869716	Tmem86a	neither	1.1713236820818684
75568	-0.005739730847164667	-0.0041936328229299135	-0.0004934426538206256	0.003700190169109288	Capsl	neither	1.8173775492436184
109294	-0.014514583985822787	-0.00412281355429839	-0.002780642046970628	0.0013421715073277615	Prex2	neither	0.9474884431521206
242202	-0.012589697657320048	-0.004067631812241983	-0.00703827604846702	-0.0029706442362250366	Pde5a	neither	1.0194920628234194
50794	-0.010189663602943221	-0.00400834323801737	-6.045895960429482e-05	0.003947884278413075	Klf13	neither	1.1520601691721968
74182	-0.018887679258795396	-0.003972074197706134	-0.0006489337961812626	0.003323140401524872	Gpcpd1	neither	0.8185670067571413
14534	-0.0099278063097291	-0.00396085196154059	0.0012953198929038009	0.005256171854444391	Kat2a	neither	1.1272452158716793
170737	-0.006122708298460106	-0.00390915974761482	-0.0006844657406774915	0.003224694006937328	Znrf1	neither	1.2883404823842681
59126	-0.010257811255748029	-0.0038947588402535893	-0.002677956473060539	0.0012168023671930502	Nek6	neither	0.45230495572028867
76884	0.005173511269587684	-0.003861567516075602	-0.003510936496544936	0.00035063101953066627	Cyfip2	neither	-1.8030180072338962
21334	0.0035245664890807046	-0.0037505113399977463	-0.0028232550787602737	0.0009272562612374726	Tac2	maternal	-2.6935116414796307
70350	-0.0051854278735059735	-0.003736554184752699	-0.0029946821530759467	0.0007418720316767521	Basp1	neither	1.1078505967825725
19713	-0.004484540462709454	-0.00368859380058822	-0.0031074656496418974	0.0005811281509463225	Ret	neither	1.199485475055635
16525	0.004042690772530803	-0.0036748263333348397	-0.0024117554545617123	0.0012630708787731274	Kcnk1	neither	-1.8811305067304913
227394	-0.0031462402300806887	-0.0036664647829538666	-0.002393620308510951	0.0012728444744429155	Slco4c1	neither	3.1810115855582595
268465	-0.005276629653256493	-0.00366252828751258	0.001693315179905036	0.005355843467417616	Eme1	neither	1.7301959102179778
18187	0.012661203245592813	-0.0036235619841651955	0.004795761365614488	0.008419323349779684	Nrp2	neither	-0.39804876747549234
227094	0.007446533360481544	-0.003584323166675687	-0.004905651609505203	-0.0013213284428295158	Nemp2	neither	-0.7084980806654045
15368	0.0033464293768657154	-0.00353983554257278	-0.0005731625892548052	0.002966672953317975	Hmox1	neither	-1.707739715388791
109660	-0.0034311745780329314	-0.0035351487129725275	-0.00211667667571397	0.0014184720372585574	Ctrl	neither	1.094532628030948
67755	-0.003959744497175235	-0.003513954660891862	-2.625575272017609e-05	0.0034876989081716863	Ddx47	neither	2.4656429303999867
12902	-0.008450080437120252	-0.003471771261067142	-0.0041310845024499455	-0.0006593132413828034	Cr2	neither	0.7738494387572953
55927	0.005958754170636954	-0.0034582633034763574	-0.0020430544554634125	0.0014152088480129449	Hes6	neither	-1.340813549273902
546611	-0.01014680791412167	-0.003303105058456495	-0.002940964345915374	0.0003621407125411211	Klhl33	neither	0.8400723481172272
93888	0.01027240300246309	-0.0033025184890953657	-0.0019551170370203765	0.0013474014520749892	Pcdhb17	neither	-0.809723710232284
20750	0.003349843303526912	-0.0032903108584643945	0.00012542377139330364	0.0034157346298576982	Spp1	neither	-1.9577721131371695
26939	-0.002540378148078413	-0.0032641320272676585	-0.003071905182716094	0.0001922268445515643	Polr3e	neither	3.2569777151537007
73884	-0.007131094937920997	-0.003252794009853648	-0.006527471473248313	-0.003274677463394665	Zdbf2	neither	1.0630269987817194
21935	-0.002933980162305557	-0.0032032233715436724	-0.0019725350295112087	0.0012306883420324637	Tnfrsf17	neither	1.4868631058692903
17873	-0.0078018517478813925	-0.0031002931298015745	-0.004860183800192764	-0.0017598906703911897	Gadd45b	neither	1.0991514819568842
22151	0.004035142885398012	-0.003090322392693289	0.00018731704376814557	0.0032776394364614344	Tubb2a	neither	-2.0080029919106193
21802	0.0038371257659305536	-0.003037571477894259	-0.0017599873874908443	0.0012775840904034148	Tgfa	neither	-1.0719903995440232
236900	0.007723373221657668	-0.0030338892283413785	0.00011948120081755176	0.00315337042915893	Pdk3	neither	-0.9473586802019991
74895	0.005557780884729887	-0.003029659593624889	-0.0026256889631821215	0.00040397063044276746	Ccdc181	neither	-1.3892793582799297
77065	-0.0034356155529110203	-0.003015038094162205	-0.0015470209842293981	0.001468017109932807	Ints7	neither	2.3144839993185173
67138	-0.005476338381857375	-0.0030105726827847415	-0.0023533162765574157	0.0006572564062273258	Herc6	neither	0.9933467954641724
108897	-0.002238157546268969	-0.0030070007413804407	-0.0001390980465578843	0.0028679026948225566	Aif1l	neither	1.5913035484313296
110417	-0.002415423518293338	-0.0030028459956268436	-0.0010483728612953687	0.0019544731343314747	Pigh	neither	2.6521323579389864
71648	0.0029872723063853876	-0.002983119706295131	-0.0015193694083037263	0.0014637502979914048	Optn	neither	-2.44741154492537
15442	0.007972589690845019	-0.002958888040888621	-0.0016831664155427834	0.0012757216253458375	Hpse	neither	-0.8931353142331997
76267	-0.011802504507989291	-0.0029176644597720615	-0.0023097147034832595	0.000607949756288802	Fads1	neither	0.26109024935620456
243277	0.005921612010916141	-0.0028996809934770866	0.000927295224866408	0.0038269762183434945	Adgrd1	neither	-0.49213098697168406
225845	-0.010949767403301381	-0.0028597598996877344	-0.009354687197378106	-0.006494927297690372	Plaat3	neither	0.8010881964086539
15507	-0.01243784933753788	-0.002857441694793408	-0.008346059621250053	-0.005488617926456644	Hspb1	neither	0.751493070568068
58223	-0.0022203125957280176	-0.0028553854710470505	-0.00197362381492009	0.0008817616561269605	Mmp19	neither	2.911974674072504
22422	-0.005364302440786548	-0.002838296263778395	-0.003880222573529129	-0.001041926309750734	Wnt7b	neither	0.38962417260791027
76527	0.004890091184490339	-0.0028362005925311948	-0.002839993207770269	-3.792615239074388e-06	Il34	neither	-1.296806026690319
245555	0.004422512133644113	-0.0028213171930617366	-0.002075219910774345	0.0007460972822873916	Nexmif	neither	-1.5706626041956222
14420	0.0076912812612621355	-0.002787011071362207	-0.0025683447412840747	0.00021866633007813253	Galc	neither	-0.8566077974298404
74039	-0.005589871246270684	-0.002771139506059195	8.72201006551463e-05	0.0028583596067143415	Nfam1	neither	1.063241487424484
27056	-0.004166952939496267	-0.002769900006758803	-0.0005260026102616787	0.0022438973964971245	Irf5	neither	1.255846119342382
213435	-0.004927622991509198	-0.0027579850884224457	-0.0032544395742484054	-0.0004964544858259597	Mylk3	neither	0.7071733926660078
29817	0.0026482962479856932	-0.0026645448472486302	-0.002899435000131216	-0.00023489015288258568	Igfbp7	neither	-2.375898797074017
16011	0.007181563289408188	-0.002657379402808017	-0.0019706039874705502	0.0006867754153374668	Igfbp5	neither	-0.37082740430520134
93835	-0.004640084586523522	-0.0026423551928773186	-0.002395854543693674	0.00024650064918364453	Amn	neither	0.7613054989067553
19220	0.004206665325732595	-0.0025749418514071664	-0.0008587448718731497	0.0017161969795340167	Ptgfr	neither	-0.506245760943806
78797	-0.012601554221279083	-0.0025728142854284253	1.3375753269708275e-05	0.0025861900386981336	Ndor1	neither	0.49739555163949567
52463	-0.002589575408566634	-0.0025661814882245813	-0.0026085284614252506	-4.234697320066932e-05	Tet1	neither	2.8421959855827708
170799	0.00990143923142607	-0.0025552273996690814	-0.00037460076677538456	0.002180626632893697	Rtkn2	neither	-0.63206132446284
12162	0.00459592865738221	-0.0025503830698784618	-0.00041409988370324005	0.0021362831861752216	Bmp7	neither	-1.0171651864001165
18595	-0.008602158139888441	-0.002528893999274654	-0.00840147212981852	-0.005872578130543867	Pdgfra	neither	0.6659999808761475
103711	0.009802471952582019	-0.0025070965861727886	-0.009754488236959442	-0.0072473916507866535	Pnpo	neither	-0.6905968610159405
69487	-0.0037302144684479253	-0.0025046614119241624	-0.004126902403985342	-0.0016222409920611794	Ndufaf5	neither	1.9049477516073885
55985	0.003996697060265275	-0.002475985707057106	-0.000968578003869785	0.001507407703187321	Cxcl13	neither	-1.5261735115096544
20893	0.00613952165157057	-0.002465608466612713	-0.0005507283509445499	0.0019148801156681633	Bhlhe40	neither	-0.9880728743065904
12142	0.003467267706441328	-0.002439610372327476	-0.0010302143525828412	0.001409396019744635	Prdm1	neither	-1.7373854047800188
234740	-0.007740306695339119	-0.002425646446828494	0.0008083470771959663	0.0032339935240244602	Tmem231	neither	0.9783077459505982
16776	0.005754176019910757	-0.0024018272943669167	-0.0012093295888631506	0.0011924977055037661	Lama5	neither	-0.8672046023691661
218772	0.0017164570238630502	-0.002389090950415194	-0.00149580548598385	0.000893285464431344	Rarb	neither	-1.415137198125533
93761	-0.004655709221525479	-0.0023817877149309758	0.0030704349100075545	0.00545222262493853	Smarca1	neither	0.5346348211761167
20856	0.004281615077938109	-0.002369174029588882	-0.0014277028921687422	0.0009414711374201399	Stc2	neither	-1.1776053201091594
12227	0.003519425654750939	-0.002365177075535962	-0.00036937675263393953	0.0019958003229020227	Btg2	neither	-1.7075483781004404
64293	0.002720864652424827	-0.002325864063825491	-0.0007524745285983878	0.0015733895352271032	Stk32b	neither	-1.9305683576689143
11717	0.0047922166874169855	-0.0023256916208849523	-0.0028667193304619176	-0.0005410277095769652	Ampd3	neither	-1.1560196440884865
21987	0.00536388427513216	-0.002310524437562776	-0.0011541390057150463	0.0011563854318477297	Tpd52l1	neither	-1.0739921753254433
104943	0.0030005648441270147	-0.0023029625261542027	-0.002426353218333208	-0.00012339069217900522	Fam110c	neither	-1.686759724791321
24001	0.005918391231393209	-0.002294125699808621	-0.002716207899663918	-0.0004220821998552971	Tiam2	neither	-0.9160433350842686
67795	0.0018137066172813855	-0.0022637895242163986	-0.001524826221370514	0.0007389633028458847	Rnls	neither	-1.9873279947026024
18933	0.003993573671547535	-0.00224649172446799	-0.0018181603158131726	0.00042833140865481756	Prrx1	neither	-0.6710980846035599
224938	0.003616742481379068	-0.002236218862575776	-0.0012082361817294135	0.0010279826808463623	Pja2	neither	-1.5905373883574006
76866	-0.006873805032028349	-0.002224142082189754	0.0008754625799355176	0.0030996046621252714	Morn1	neither	0.2713135196552886
20528	-0.002873532591316385	-0.0022104997524995617	-0.0028186305596774076	-0.000608130807177846	Slc2a4	neither	1.11381242527261
223864	0.0023912778188218227	-0.0022064871258314868	-0.0018227973092890407	0.00038368981654244606	Rapgef3	neither	-1.3775878849278014
52009	0.006600399754327326	-0.0021974599229834064	-0.0011266506694655775	0.001070809253517829	Jpt2	neither	-0.8098078676699417
226591	-0.002069255101104766	-0.0021850571776477375	-0.0011367498699645026	0.0010483073076832349	Tiprl	neither	3.147064984459959
53321	0.00501541470360002	-0.002176010793328293	-0.0008638874510790575	0.0013121233422492356	Cntnap1	neither	-1.0580707273990058
20613	-0.004724860732913885	-0.002174857304360712	-0.0013523269213944486	0.0008225303829662634	Snai1	neither	1.3111644149835961
66673	0.004833156195311877	-0.0021690832616584254	-0.001995456698647087	0.00017362656301133858	Sorcs3	neither	-0.8577775122059871
223435	0.0033848293786587777	-0.002146154069630227	-0.0008084290457829872	0.0013377250238472398	Trio	neither	-1.5443688082635858
12972	0.003300976384992923	-0.002133992328800716	-0.002837841447222078	-0.000703849118421362	Cryz	neither	-0.5801551060897381
207565	-0.008919007548927674	-0.0021189641025919684	-0.0019078194298864633	0.00021114467270550515	Camkk2	neither	0.4344823817432558
26411	-0.007146672542605203	-0.0021105651584587834	0.001007690168620903	0.0031182553270796866	Map4k1	neither	0.598245344395009
18791	0.0038581120048062066	-0.0020848499135559632	-0.0014766644497176216	0.0006081854638383417	Plat	neither	-1.4519603370720953
207495	0.004732349230443993	-0.00206811835521976	-0.0026031832944516027	-0.0005350649392318425	Baiap2l2	neither	-0.6733160441218693
53418	0.004635087281078258	-0.0020477498726123233	-0.0017864079594226343	0.000261341913189689	B4galt2	neither	-1.0681942575689674
434130	-0.00825068190339157	-0.0020435221581969853	1.4647531607040932e-05	0.0020581696898040263	Ccdc8	neither	0.2854126140196819
20515	0.00772889968860112	-0.0020254903384185944	0.00038345187452673015	0.0024089422129453244	Slc20a1	neither	-0.584707687965017
105675	0.005638808972171338	-0.002001142219731279	0.0009634086746256656	0.0029645508943569447	Ppif	neither	-0.9457997054264814
11513	-0.005104422086895493	-0.0019969750164740745	-0.0049591690705351205	-0.002962194054061046	Adcy7	neither	0.7805943468202137
30954	0.00609558579952192	-0.001989362019702457	7.458929840395498e-06	0.001996820949542852	Siva1	neither	-0.6720412710214481
12183	0.0036078097624650273	-0.001985693889130975	-0.0006684428964396542	0.001317250992691321	Bpgm	neither	-1.2722501227731622
194655	0.01099101889913934	-0.0019786377736664192	-0.0031229299337817797	-0.0011442921601153605	Klf11	neither	-0.35079760299006224
58226	0.005934826734907579	-0.0019544810019739576	-0.0003336051764750337	0.001620875825498924	Cacna1h	neither	-0.6819482210239354
14595	-0.0036051530920514735	-0.001954456472702891	-0.0020626911242084753	-0.00010823465150558431	B4galt1	neither	1.5256590945600765
116939	0.0031108281050702675	-0.0019451707645921931	-0.00404364662626436	-0.0020984758616721675	Pnpla3	neither	-1.0998907926573804
17897	-0.002657098725737661	-0.0019349758532407164	-0.0014474039476794376	0.00048757190556127875	Myl3	neither	0.4752819251233499
65964	0.005508921887245447	-0.0019264282141390136	-0.00114706638720038	0.0007793618269386336	Map3k20	neither	-0.8006618824031664
58994	-0.0038191031848101306	-0.0019116620391314268	-0.0021285062797231813	-0.00021684424059175453	Smpd3	neither	0.9404094068126175
16373	0.005390761170025202	-0.0019051574533862907	0.0016891765027497458	0.0035943339561360366	Irx3	neither	-0.7313734913406118
245049	0.0033006711428191816	-0.0018991336666979307	-0.002240540789464833	-0.0003414071227669023	Myrip	neither	-1.334877736646954
14229	0.011837692347406512	-0.0018738603652011187	0.002096680818063458	0.003970541183264576	Fkbp5	neither	-0.2687906894878129
239743	-0.005518663336387247	-0.0018707468360276707	-0.00020846215307293974	0.001662284682954731	Klhl6	neither	0.8745480498472441
22393	0.0017652409909828027	-0.001866103296458998	-0.0015618521049738953	0.0003042511914851027	Wfs1	maternal	-2.5137488727612944
20475	-0.0023391652683205704	-0.0018634606060035123	0.0007614292980810464	0.0026248899040845586	Six5	neither	0.7760229687448639
20216	0.004406065383223249	-0.0018431447647411035	-0.0008245888256952885	0.001018555939045815	Acsm3	neither	-0.4524517963437194
66395	0.00610142259097119	-0.0018311213030250803	0.0022274999726501392	0.00405862127567522	Ahnak	neither	-0.7437071617733119
109254	0.002636072005570343	-0.0018128964839614866	-0.001523747341512975	0.0002891491424485116	Adtrp	neither	-1.7753614165637215
218763	-0.004336437420586827	-0.0018124637220375557	0.0020054690407610757	0.003817932762798631	Lrrc3b	neither	0.5591175479549376
21823	0.005398916164278167	-0.001805813074737573	0.0002570072336940255	0.0020628203084315983	Th	neither	-0.8316337681717397
338370	0.007776587612157363	-0.0018015390631441533	-0.004230793527641967	-0.002429254464497813	Nalcn	neither	-0.4743442239355616
12971	0.0019979133332783546	-0.001795995743854322	-0.0014094121734829585	0.00038658357037136344	Crym	neither	-2.188693751989683
22042	-0.0018325817130129794	-0.0017818956561490198	-0.0015196572833711035	0.0002622383727779163	Tfrc	neither	2.9086184413078655
58198	-0.00532944202550872	-0.001777815668343682	-0.005253031241339774	-0.003475215572996092	Sall1	neither	0.48243579559124805
71839	0.002296666052963891	-0.001773476129453293	-0.0015778421643085397	0.00019563396514475336	Osgin1	neither	-1.4383725748589218
245684	0.01124338935053659	-0.001760971688336066	-0.0021463975792630893	-0.00038542589092702335	Cnksr2	neither	-0.30751327993605787
192216	0.010229070713615535	-0.0017605526000127722	0.002497314231705609	0.004257866831718382	Tmem47	neither	-0.3768741991510323
13643	-0.005793178572644593	-0.0017579609818678817	-0.0014248022134633566	0.0003331587684045252	Efnb3	neither	0.4775329543361176
381157	0.012184761415551462	-0.0017567514221227018	0.005711354203361781	0.007468105625484483	Greb1l	neither	-0.2997376836061153
18164	-0.0025015946564734453	-0.0017550887921691642	-0.003643744345267414	-0.0018886555530982499	Nptx1	neither	0.741789409622306
241525	-0.001718847003135082	-0.0017519314113266283	-0.0019654060662017496	-0.00021347465487512132	Ypel4	neither	0.9665292269408875
231130	-0.0038553976596541065	-0.0017364990296020305	-0.0006424845976811223	0.0010940144319209083	Tnip2	neither	0.8609544744189652
207521	-0.004978483446694213	-0.0017284029084131602	-0.0019644122975047956	-0.00023600938909163535	Dtx4	neither	0.431107932255734
272465	0.0013128896888041019	-0.0017254450930617867	-0.0014276972326697209	0.00029774786039206587	Tmem255b	neither	-2.938779170066218
68631	0.003049173192146642	-0.0017223217242668262	-0.002139004507988374	-0.00041668278372154776	Cryl1	neither	-1.5404666732218353
56737	0.0052090766218717	-0.001716723376236607	-0.0003317710262927873	0.0013849523499438196	Alg2	neither	-0.7537326473910472
387314	0.00557434164265191	-0.0016997436119960399	-2.380074366868686e-05	0.001675942868327353	Tmtc1	neither	-0.6480834098711648
231238	-0.007204560281164693	-0.0016891198630080248	0.0004368494316197809	0.0021259692946278058	Sel1l3	neither	0.2547356817242288
70466	-0.004026390044372589	-0.001684122579787437	3.339069900494508e-05	0.0017175132787923821	Ckap2l	neither	1.2467768241474282
14917	0.0026693707033887864	-0.0016820845834922193	3.124237599229176e-05	0.001713326959484511	Gucy2c	neither	-1.187435494817392
13685	-0.009087672940032893	-0.001667718490904027	-0.00469234801214697	-0.003024629521242943	Eif4ebp1	neither	0.593828219716369
13809	0.0038047492033331477	-0.0016567378781808908	-0.0016992022081464212	-4.246432996553046e-05	Enpep	neither	-0.6923248230975054
228775	-0.0021459013234134978	-0.0016225103337612857	-0.0019191684475902034	-0.00029665811382891764	Trib3	neither	1.8977308386930787
59030	-0.007562828435626382	-0.0015982792508233252	0.0008351607602236096	0.002433440011046935	Mkks	neither	0.641787367524297
20393	-0.007231706363331907	-0.0015834569129705267	-0.00195488321522939	-0.00037142630225886334	Sgk1	neither	0.7030407551796662
353282	-0.003042383817519038	-0.0015697865935612224	-0.0024940076766858314	-0.000924221083124609	Sfmbt2	neither	1.0067971049575752
210356	0.0022911233205895674	-0.0015695206765167138	-0.0008181089909505784	0.0007514116855661353	Nckap5	neither	-1.68240183423316
319582	-0.002255301771097552	-0.0015669445129225515	-0.0005167113560065547	0.0010502331569159967	Trmt9b	neither	1.1328680839745051
73683	-0.0019775381719340625	-0.001561440967777547	-0.001172844833604209	0.00038859613417333797	Atg16l2	neither	1.6534919814774232
13082	0.004210260639480122	-0.0015504184475914244	0.0008224091824386861	0.0023728276300301106	Cyp26a1	neither	-0.9600879579545446
98256	-0.010875557101030331	-0.001549852843317664	-0.002685886116634366	-0.001136033273316702	Kmo	neither	-0.009122852633657814
20354	-0.007493188488446679	-0.00154893716045713	-0.0004946359007972259	0.0010543012596599041	Sema4d	neither	0.5525349518631228
100978	0.0028385827990852945	-0.0015481826382985897	-0.002026844841617055	-0.0004786622033184653	Nfxl1	neither	-1.3920542185012628
78908	0.004259466339015119	-0.0015388953145026106	-3.424993012904786e-06	0.0015354703214897059	Igsf3	neither	-0.8112945981707027
232223	0.0019851864614795077	-0.0015173000889670799	-0.00039047172341488077	0.001126828365552199	Txnrd3	neither	-1.7143673574009717
231503	-0.0011580490131977478	-0.0015147042535560012	-0.0005827608000196445	0.0009319434535363568	Tmem150c	neither	3.377982650013876
110075	0.0036557315052644355	-0.0015063298839098176	-0.0013605840179773002	0.0001457458659325174	Bmp3	neither	-0.3372723119538873
58206	0.005058449605083472	-0.0015049791605280657	-0.00279140092308888	-0.0012864217625608142	Zbtb32	neither	-0.6709976881070181
23876	0.0015531274289997724	-0.0015002330015878654	-0.00032587118272208506	0.0011743618188657804	Fbln5	neither	-0.9677687149142807
22228	-0.005314714205054924	-0.0014898983233926594	-0.002384671802081805	-0.0008947734786891458	Ucp2	neither	0.392563435437763
12373	0.0025110662445923275	-0.0014894131045719698	-0.0008725035730285365	0.0006169095315434333	Casq2	neither	-1.4602732504547822
70717	0.010389260926548632	-0.001489250765112553	0.002652752844418833	0.004142003609531386	Medag	neither	-0.26177223149440165
233744	0.003880022442686041	-0.0014765442536565211	0.00016261466562444548	0.0016391589192809666	Spon1	neither	-0.8350763654438494
104156	-0.0016290618157138034	-0.0014751651481749403	-0.0010703585502595534	0.00040480659791538687	Etv5	neither	2.2995652810645746
28113	0.006214118579964883	-0.0014576844206002396	0.0005317743091650568	0.0019894587297652963	Tinf2	neither	-0.5483209286959905
83771	-0.0024000069164409983	-0.0014571877217824485	0.0004082394748466029	0.0018654271966290514	Tas1r3	neither	0.9023805062701684
72568	-0.0061228006380014376	-0.0014427037804984767	0.000930830931547024	0.0023735347120455007	Lin9	neither	0.8132923580702923
320696	0.0025394491662286823	-0.0014295045253862424	0.0008076323319099697	0.002237136857296212	Ccdc158	neither	-1.3488797327732793
19273	0.004022033859623657	-0.0014153870948106658	0.0005156190590433762	0.001931006153854042	Ptpru	neither	-0.29718520376154467
432530	0.002148837954126144	-0.00141085750344236	-0.0012590858935700143	0.00015177160987234575	Adcy1	neither	-1.1613353783240066
239188	0.0013522632013150684	-0.0014077874522347624	-0.0009492226598048114	0.00045856479242995104	Enox1	neither	-2.752652825329034
19204	-0.002594099656288727	-0.001391993734498581	-0.00041049034554485635	0.0009815033889537248	Ptafr	neither	0.8960227764685017
22378	0.004647954984569283	-0.0013850822955301927	0.0013415545275653668	0.0027266368230955598	Wbp2	neither	-0.7071177842391718
77056	-0.0037723830638130163	-0.0013773934374063789	0.0012809266225834424	0.0026583200599898213	Tmco4	neither	0.9284886300075368
72404	-0.0012370145425532697	-0.0013734452396837104	-0.0015943773506006894	-0.00022093211091697902	Wdr44	neither	3.1781621219571536
66421	-0.005019247577436642	-0.0013669768364595592	-0.000363620037281531	0.0010033567991780282	2410004B18Rik	neither	0.91335056106712
14758	-0.003321222700174283	-0.0013513242166958285	-0.00011756908214870961	0.001233755134547119	Gpm6b	neither	0.1841943335454051
216560	0.004928164177940228	-0.001346934496310459	-0.0018920525848467493	-0.0005451180885362903	Wdpcp	neither	-0.40885949723845594
16891	-0.005778464051604217	-0.001340862805120465	-0.0036742001787249843	-0.0023333373736045193	Lipg	neither	0.3558117410056262
240752	0.004669944970186568	-0.0013294084458464368	-0.0012363942821544437	9.301416369199311e-05	Pik3c2b	neither	-0.6704471920868166
77034	-0.0013047447167564856	-0.0013294047108727246	-0.0002678992786608545	0.0010615054322118702	2510039O18Rik	neither	2.4111012679844928
68845	-0.003133420189340602	-0.0013114064143035606	0.0019049573747623384	0.0032163637890658993	Pih1d1	neither	0.8928769667505463
71091	0.0036621688603496157	-0.001295601590190199	0.00013799541392220418	0.0014335970041124031	Cdkl1	neither	-0.6252739039390812
140577	0.012121417083601696	-0.0012906748014910512	-0.0006347235043221808	0.0006559512971688703	Ankrd6	neither	-0.12610175324321038
13370	-0.001761708680642833	-0.001282127984891593	-2.061819017338213e-05	0.001261509794718211	Dio1	neither	0.9965190489947846
67758	0.001835001525977427	-0.0012589927626850995	-0.0009406344994231795	0.00031835826326192	Aadac	neither	-1.7287768367344438
56496	0.004047308011172804	-0.0012577366653757857	0.0009300678353327053	0.002187804500708491	Tspan6	neither	-0.6596371232792053
69219	0.003359560860554562	-0.0012534776144023166	-0.0002759152795185749	0.0009775623348837418	Ddah1	neither	-0.6800313208316167
68039	-0.005742508501443271	-0.0012521276089804364	-0.0023182803478753013	-0.001066152738894865	Nmb	neither	0.5106280836126695
16971	0.006106135958574104	-0.0012460979893075673	-0.0012457523318765433	3.456574310240195e-07	Lrp1	neither	-0.41118458203775343
240055	-0.007638403900804135	-0.0012450623931471187	0.0002605537569025271	0.0015056161500496459	Neurl1b	neither	0.2318880650846528
12448	0.002593479577773614	-0.0012423758999798849	-0.0005464364566151612	0.0006959394433647236	Ccne2	neither	-1.1256535468508977
232035	0.0058419629567002355	-0.001242358726424812	-0.0015863278982264672	-0.0003439691718016551	Ccser1	neither	-0.3830524163317217
102502	0.0012903447231001285	-0.0012400029608750363	-0.0005164119245133854	0.0007235910363616509	Pls1	neither	-2.492534798441609
74387	0.009009942676495252	-0.0012398073590856329	-0.006278949912875267	-0.005039142553789635	4932438H23Rik	neither	-0.1831740591505477
27762	-0.005186681476149082	-0.0012268568982814058	-0.0016640575365586075	-0.0004372006382772017	Vwa7	neither	0.5200257189591962
19183	-0.0011755361362660265	-0.0012212252657882246	-3.70085836702988e-06	0.0012175244074211946	Psmc3ip	neither	2.8805276831233764
76223	0.0024433852838290984	-0.0012114590228443165	-8.742395660210145e-05	0.001124035066242215	Agbl3	neither	-1.1836611781511137
226791	0.0014006026180919508	-0.0011902118804672777	-0.0008754374451333509	0.00031477443533392676	Lyplal1	neither	-2.270132587655669
665113	0.002397491271090761	-0.0011896534868963264	-0.00021746350986179543	0.0009721899770345309	Tnik	neither	-1.1168779630955188
14120	0.0023712146753597316	-0.0011811188569636518	-0.0017083057925007653	-0.0005271869355371135	Fbp2	neither	-0.8965264012189169
235472	-0.0057677935532337524	-0.0011800526580157263	-0.005806383955311141	-0.004626331297295415	Prtg	neither	0.3004763905613689
320343	0.002401432045229531	-0.0011732139318340353	-0.0003599897710962677	0.0008132241607377676	Lypd6	neither	-1.2340615750923365
211712	0.0022402083855228732	-0.0011729684694081759	-0.0005012865711239035	0.0006716818982842724	Pcdh9	neither	-1.3459863926554025
320560	0.00980834210930684	-0.0011723038718194519	0.00484923371486636	0.006021537586685812	Dennd5b	neither	-0.10257147643762692
14545	0.007713109274291431	-0.0011657278330094798	0.0020799111607533788	0.003245638993762859	Gdap1	neither	-0.17602599303219377
14766	0.0049487416734817205	-0.0011651554858070766	-0.0029003326672932903	-0.0017351771814862137	Adgrg1	neither	-0.5903969196724006
77889	0.00723756753490632	-0.0011638258313707336	0.002729703547783812	0.003893529379154545	Lbh	neither	-0.3978782676927554
56526	-0.002292198625744257	-0.0011613100815493042	-0.002017093498208447	-0.0008557834166591427	Septin6	neither	0.9951039353201999
382045	0.003128915009176919	-0.0011533289425612724	-0.001843847988174744	-0.0006905190456134717	Adgrg5	neither	-0.3689221190539004
17883	0.005739880959601647	-0.0011446569752486281	0.0036958741501956303	0.004840531125444259	Myh3	neither	-0.05655803937855769
67178	-0.001250910631912713	-0.001138369967087212	-0.0003933583234549551	0.0007450116436322568	Zmat5	neither	2.5210266016474376
245638	0.002288993232363302	-0.0011367728650855263	-0.00015921855763095837	0.000977554307454568	Tbc1d8b	neither	-1.1350072838645069
16870	0.007598381252735641	-0.0011353713113879437	-0.0025954727479422144	-0.0014601014365542707	Lhx2	neither	-0.2642749983938943
69684	-0.0038246760532558884	-0.0011326938317455049	0.0006156546000669274	0.0017483484318124324	Aarsd1	neither	0.5330751405995569
170706	-0.0027578140580678794	-0.001116547725502972	-0.0038976337219305186	-0.0027810859964275464	Tmem37	neither	0.8062605296381963
242297	0.0015144357903715364	-0.0011077565522247417	-0.0014994061250555655	-0.0003916495728308238	Fam110b	neither	-0.9966914848241912
13869	0.001979224428378269	-0.0010977161921151444	-0.00033205443912634876	0.0007656617529887956	Erbb4	neither	-1.0317549784828217
320139	-0.002916733494845497	-0.0010940018094438687	-0.0013707306348275333	-0.0002767288253836646	Ptpn7	neither	0.5064214024553109
240023	-0.0010850835575919831	-0.0010895207142569453	-0.0007311063223414417	0.00035841439191550367	Pnldc1	neither	2.6805537040518126
243755	-0.0062252235666035135	-0.001088494784775258	-0.002946697268885459	-0.001858202484110201	Slc13a4	neither	0.5558282904358585
16772	0.00347057662137416	-0.0010845232875950808	-9.650138566743164e-05	0.000988021901927649	Lama1	neither	-0.709367281466484
238257	0.0046193012286029	-0.0010841108199514807	-0.0009940196563190328	9.009116363244791e-05	Tmem30b	neither	-0.44012314767667876
72902	0.002869579860011434	-0.00107997753387664	-0.0003030806821226394	0.0007768968517540005	Spock3	neither	-0.8555295041476325
19225	-0.002145669257860921	-0.0010769131147631064	-0.0006619836010726286	0.0004149295136904778	Ptgs2	neither	0.380199604851153
12482	0.0014619519121043141	-0.0010609126968796228	-0.0003020583802293812	0.0007588543166502416	Ms4a1	neither	-1.8641488896944065
78177	-0.0016294265474739603	-0.0010505042823033247	-0.001359909464312033	-0.00030940518200870825	Ninl	neither	1.2467854735287414
75597	0.0018219025099965264	-0.001047293330733226	-0.0008972732245235887	0.0001500201062096374	Ndufaf2	neither	-1.4087728206101944
67512	0.004329454582155776	-0.001042940660047028	-0.0019436360789934855	-0.0009006954189464576	Agpat2	neither	-0.6092043355843021
75869	-0.010798118283340428	-0.0010319860360776907	-0.003183807897185233	-0.0021518218611075424	Arl5b	neither	0.36415017301312363
19057	0.0022106274506618877	-0.0010314862946425956	-0.00010510405517693106	0.0009263822394656645	Ppp3cc	neither	-0.9847374924384104
244895	0.003671379804624284	-0.0010210277581208219	0.0006706939686743437	0.0016917217267951655	Peak1	neither	-0.5294400460558978
107448	0.005374309317357704	-0.0010045629322284473	-0.0032041123395988944	-0.002199549407370447	Unc5a	neither	-0.2067580434737687
27660	-0.0029625392178021397	-0.0010023082946827326	-0.00089348487736125	0.00010882341732148257	1700088E04Rik	neither	0.8038889139588383
223774	-0.0068710969122901385	-0.000997584999543877	0.000884341768065442	0.0018819267676093191	Alg12	neither	0.36282578034067114
71228	0.005791979122686849	-0.0009838093419008305	-0.004521646567426486	-0.0035378372255256553	Dlg5	neither	-0.3709485860312608
19260	0.0014479676940967183	-0.0009797472613351217	-0.00030517117489402913	0.0006745760864410926	Ptpn22	neither	-1.7130565917617293
214663	-0.004238021288183428	-0.0009764441048892016	0.0002306948989033768	0.0012071390037925785	Slc25a29	neither	0.16306269665194387
110033	-0.0015497550106404402	-0.0009717649314547935	-2.393019642333727e-05	0.0009478347350314562	Kif22	neither	1.8353897762700842
68067	0.003205717491067533	-0.0009640358053424738	-0.003038153116693286	-0.002074117311350812	Mrnip	neither	-0.9309914324773793
15490	0.0024646349060037757	-0.0009625786161244399	-0.0007995759102323103	0.00016300270589212967	Hsd17b7	neither	-1.0206937822719782
75593	-0.002194928000806681	-0.000947849030253509	-0.000498236133613656	0.0004496128966398529	Malsu1	neither	1.199726370510886
54131	-0.0015282698995234632	-0.0009451172637958835	0.000896761632519908	0.0018418788963157915	Irf3	neither	1.342174429888409
101497	-0.00433486318271551	-0.0009424867259378677	-0.0007805548394560445	0.0001619318864818232	Plekhg2	neither	0.3572220880219765
381511	0.0011853207353457473	-0.0009386970639751088	-0.0004999880887816727	0.0004387089751934361	Pdp1	neither	-1.9896175199711732
52585	0.0007653805797685128	-0.0009282816491231718	-0.0009846169698381547	-5.6335320714982914e-05	Dhrs1	maternal	-3.2472857089481235
63954	-0.0017077621314314322	-0.0009248635209961405	-0.0018329682486299948	-0.0009081047276338543	Rbp7	neither	1.3333856906227
320664	0.002589215333590799	-0.0009231451438016001	0.0005059807940367321	0.0014291259378383322	Cass4	neither	-0.3275280956442821
15932	-0.004033454750254496	-0.0009224467912214082	0.0012982809197038658	0.002220727710925274	Idua	neither	0.6872502571099289
108153	0.003999348579908353	-0.0009182552678038165	0.002252302187764354	0.0031705574555681705	Adamts7	neither	-0.3429308319710103
22031	-0.019281953812954004	-0.0009173467949123095	0.002050244635267709	0.0029675914301800187	Traf3	neither	0.1261773176608347
244954	-0.006096022978008405	-0.0009155402696662796	0.0014296096043423354	0.002345149874008615	Prss35	neither	0.2671970892676789
56358	0.0013219660736170987	-0.0009149078994196262	-0.0002758838471167024	0.0006390240523029238	Copz2	neither	-1.6942882391630607
70546	-0.002110674489601412	-0.0009145822294041052	-0.0004795993429808745	0.00043498288642323076	Zdhhc2	neither	0.41659419251488905
12307	0.0011861948664377518	-0.000911440423720005	-0.0005570850174901338	0.00035435540622987113	Calb1	neither	-1.9289163205610764
14681	0.007918270270305394	-0.0009062290890925967	-0.0031561068418532257	-0.002249877752760629	Gnao1	neither	-0.1946732548535596
22029	-0.004385762203160235	-0.0009018694307029772	-0.0002442375625817591	0.0006576318681212181	Traf1	neither	0.11815128794099557
240185	-0.016651960019028657	-0.0008981528297111275	-0.0011040077826779523	-0.0002058549529668248	Jcad	neither	0.13794805015574316
245269	-0.005025942062389599	-0.0008980525167753596	-0.0021886142024837674	-0.0012905616857084078	Nim1k	neither	0.3867098703152311
106042	0.0076555078610391365	-0.0008958475247335151	0.0003254730621501995	0.0012213205868837145	Prickle1	neither	-0.07778905270536687
13867	-0.001543366541413703	-0.0008915271494710814	-0.001631240427147765	-0.0007397132776766836	Erbb3	neither	1.4931194952563487
13175	-0.0032516932001666163	-0.0008782660881941218	-0.001047453110346702	-0.00016918702215258034	Dclk1	neither	0.19359304219019724
20616	0.0021855165984349914	-0.0008720366871530146	0.0003917750593845284	0.001263811746537543	Snap91	neither	-0.966970566233076
83946	0.002446174886318957	-0.0008666424888453232	-0.000379550659993628	0.0004870918288516952	Phip	neither	-0.8233905107763658
11745	0.0024201405795673263	-0.0008614422056175885	0.0012063524644459732	0.0020677946700635615	Anxa3	neither	-0.29293769002687003
14012	-0.0017690566938174713	-0.0008589576403911012	-0.0010008150610498136	-0.0001418574206587124	Mpzl2	neither	1.2201360553723473
244058	-0.0014307322266055994	-0.0008423425273035057	-0.0012090728509193804	-0.00036673032361587467	Rgma	neither	0.6731725147948098
218271	-0.0032711914956202815	-0.0008324061930556106	-0.0013192815372202926	-0.000486875344164682	B4galt7	neither	0.7435753022465427
23821	-0.0059689713279545776	-0.0008314199922704425	1.9786510296717507e-05	0.00085120650256716	Bace1	neither	0.4673885890338355
53324	-0.002058946776419306	-0.0008282552987335243	0.0005174310769097238	0.001345686375643248	Nptx2	neither	1.1376091614409838
171531	0.0022158751307300604	-0.0008249467748394771	-0.0012525462006339467	-0.00042759942579446964	Mlph	neither	-0.7885684071856635
229658	-0.007117063389499004	-0.0008217049425766752	-0.002829981620742828	-0.002008276678166153	Vangl1	neither	0.023370994107843556
622434	-0.0021273874739582404	-0.0008172727518622757	-0.0008239422086199231	-6.669456757647384e-06	Arhgef26	neither	1.2547783610247147
76566	-0.0007232893395930645	-0.0008081031358995565	-0.000612667326965578	0.0001954358089339785	Rflnb	zygotic	2.4673270235682265
232821	-0.0032634807311706943	-0.0008062907726816164	9.258174170816373e-05	0.0008988725143897801	Ccdc106	neither	0.6320383501020196
13823	0.0017732467194543577	-0.0007784010170565617	0.0003352524220668279	0.0011136534391233896	Epb41l3	neither	-1.1278802290749161
103967	0.001258713966210759	-0.0007719805400725787	-0.00024314811121677727	0.0005288324288558015	Dnm3	neither	-1.4579622890033062
110385	-0.0020277436991259223	-0.0007685033257862701	-0.0005778056568853131	0.00019069766890095696	Pde4c	neither	0.8776422975531516
54650	0.0011701297872947626	-0.0007626124049328869	-0.0003200286071769621	0.00044258379775592477	Sfmbt1	neither	-1.5987006336861247
16438	0.00473167701582156	-0.000758002653030378	-0.0004253486964982633	0.00033265395653211467	Itpr1	neither	-0.2821894237376594
110197	0.0013422596973942209	-0.0007465551556048335	4.9135625498378146e-05	0.0007956907811032116	Dgkg	neither	-0.9540754128739242
213760	0.001051738270185445	-0.0007456329461264158	-0.0005704303281799491	0.00017520261794646674	Prepl	neither	-1.7485033173794469
208213	0.0028236297048986917	-0.0007450682385336286	-0.0003340743443370537	0.0004109938941965749	Tmem132c	neither	-0.5822451485029015
14027	0.003236165978427282	-0.0007430593578126908	0.0007709629767790591	0.00151402233459175	Evpl	neither	-0.23477741301330346
14281	0.0009186966770447031	-0.0007413485298083567	-0.0002722440657434125	0.00046910446406494416	Fos	neither	-0.9985935695548956
214580	0.0018471252981068326	-0.0007395010991771843	0.0007141971128013844	0.0014536982119785686	Pstk	neither	-0.9621649838776914
240913	0.002604517256884626	-0.0007346381817914786	-0.00048420578599749135	0.00025043239579398724	Adamts4	neither	-0.6186548425368212
68440	0.002208773712343852	-0.0007346032509185239	-0.00038331244394066035	0.0003512908069778636	Dusp23	neither	-0.8222482387597175
78100	0.002458924355944452	-0.000722502131956898	-0.0001626437269718865	0.0005598584049850114	Msantd4	neither	-0.7077497482630576
66902	0.0007713457068540194	-0.0007123617990687887	-0.0006733822436360515	3.8979555432737205e-05	Mtap	neither	-2.4580745838841467
66591	-0.0033083463629748015	-0.0007104651417192804	-0.0009707407074990579	-0.00026027556577977755	Mad2l1bp	neither	0.8752473292080754
271786	0.0009083580889922741	-0.0007045334884992937	-0.0005492388530044318	0.00015529463549486186	Galnt13	neither	-1.5610963769421127
23985	-0.004553226092204899	-0.0007017980329357106	-0.005381547448440251	-0.00467974941550454	Slc26a4	neither	0.22678847478668449
26874	0.006828872779183043	-0.0006982354469314922	0.0024372803130640244	0.0031355157599955163	Abcd2	neither	-0.15502402442452434
22640	-0.0010380003794355865	-0.0006937132788213671	-0.00032929932814127513	0.000364413950680092	Zfp1	neither	1.8101525831567138
13195	-0.0024771269372937123	-0.0006930405578533318	-0.0016367283120137426	-0.0009436877541604108	Ddc	neither	0.5246298216786902
214106	-0.0010751992112403052	-0.0006912034293699381	-0.0006385011510647632	5.270227830517487e-05	4933430I17Rik	neither	1.4521387004654616
19099	-0.002022774497182333	-0.0006844507092006447	-0.0008442969946397388	-0.00015984628543909407	Mapk8ip1	neither	0.5286175395376469
227059	0.003235759412801702	-0.0006751602834494619	-0.00016484931258214583	0.000510310970867316	Slc39a10	neither	-0.3479857018990946
69217	-0.0039044720712377422	-0.0006723078008528344	0.0002382279069014868	0.0009105357077543212	Plekha4	neither	0.3212093819439841
102545	-0.002247351357383073	-0.0006666582620581657	-0.001384857452915864	-0.0007181991908576983	Cmtm7	neither	0.6231209752541778
77505	-0.003803666044529452	-0.0006591985936089977	0.0014140396380742752	0.002073238231683273	Dnhd1	neither	0.13060857599041042
216527	-0.0018883295630187644	-0.0006553866569714308	-0.00023218273957054868	0.00042320391740088213	Ccm2	neither	0.7283632338413378
14251	0.002996489027332306	-0.0006512948494893373	-0.0014550905178134599	-0.0008037956683241225	Flot1	neither	-0.4904154994862559
11601	0.003969414493376735	-0.0006321514944171371	-0.0026612937054245355	-0.0020291422110073985	Angpt2	neither	-0.442523376721591
110310	-0.0042757593967375105	-0.0006303320375343179	-0.0023810837828922566	-0.0017507517453579386	Krt7	neither	0.45838961200476463
235041	0.002115473223845176	-0.0006282769327858205	-0.0017143424935875645	-0.001086065560801744	Kank2	neither	-0.6952254415653701
13170	-0.0020741804888640834	-0.0006220902971019135	-0.0007013042427451358	-7.921394564322222e-05	Dbp	neither	0.9483769247309264
18712	-0.00122391773207449	-0.0006198695685545052	-0.00020990115116472806	0.0004099684173897772	Pim1	neither	1.4497737774235202
231724	-0.0020106571332046304	-0.0006055340272903411	-0.0013074906480156805	-0.0007019566207253394	Rad9b	neither	0.7895823899709044
240058	-0.0020606292237137394	-0.0005831183640659396	-0.0008142847027061362	-0.0002311663386401966	Cpne5	neither	0.6918424165219048
76547	-0.0006754156420136565	-0.0005807136639719546	0.00013352041704387834	0.0007142340810158329	Tmem101	neither	1.2597292613804465
99512	0.0015303992770483341	-0.0005800727043795946	-0.00022311760788944782	0.0003569550964901468	Wdr47	neither	-0.8869411227173147
329502	0.010035999103213986	-0.0005734558434540238	-0.000881936520506493	-0.0003084806770524692	Pla2g4e	neither	-0.1421908089757463
241494	0.0009785828085575924	-0.0005687717858374937	-0.0002965490617340193	0.00027222272410347447	Zfp385b	neither	-1.287690930770233
12795	-0.00162140169915176	-0.0005678139155758761	-0.0004517219670652026	0.00011609194851067351	Plk3	neither	0.8411608799369059
665563	0.006575123036223829	-0.0005668473657991886	-0.002239348968632504	-0.0016725016028333155	Mthfd2l	neither	-0.19080308935773377
67295	-0.0020168565722623556	-0.0005630786672467319	-0.00038703824066411573	0.00017604042658261616	Rab3c	neither	0.37424049889932565
22376	-0.0010893992984020817	-0.0005627498235087021	-0.0001234903541214889	0.00043925946938721313	Was	neither	1.0450215007847254
216292	0.001608434149670186	-0.0005595893679814115	-0.0013128002407949554	-0.0007532108728135439	Mettl25	neither	-0.8133143460533295
107513	0.002045559560677801	-0.0005589941621113462	-0.0006714696172931274	-0.00011247545518178117	Ssr1	neither	-0.6439265009828381
245945	-0.004848336979779471	-0.0005571359785146974	-0.0013042272713388837	-0.0007470912928241863	Rbm47	neither	0.4879906147275865
56316	-0.007066893143476645	-0.0005552094698084129	0.0004112925028473751	0.000966501972655788	Ggcx	neither	0.08188085500620153
12477	0.0039026845308445775	-0.0005551498205785107	-0.0018740775279117699	-0.0013189277073332591	Ctla4	neither	-0.2611549553107143
19734	0.0019986047155409435	-0.0005513498428761623	0.0006364515601176118	0.0011878014029937742	Rgs16	neither	-0.25331992189246205
320865	0.0030571058347324894	-0.0005412405923051353	-0.001404623661520788	-0.0008633830692156528	Cdh18	neither	-0.6696270468506591
74694	0.0009589745296348013	-0.0005407461299770827	-0.000690023648983169	-0.00014927751900608622	Tbc1d30	neither	-1.0192125358308484
240261	0.0021045350143351184	-0.0005380804076164085	-0.0013358790713923776	-0.000797798663775969	Ccdc112	neither	-0.6715452550774105
229595	-0.0018679085529802902	-0.0005271238715604975	0.00036823833831759	0.0008953622098780875	Adamtsl4	neither	0.48018688427473594
21652	0.0031997481346069875	-0.000517676665134367	-0.0004079966913006168	0.00010967997383375019	Phf1	neither	-0.2975737640037112
74386	0.001607535582200071	-0.0005141881947512581	-0.0003479303087539523	0.00016625788599730585	Rmi1	neither	-0.806430055512456
16007	0.004863931105344555	-0.0005129420684137106	0.00037945434417066635	0.000892396412584377	Ccn1	neither	0.011191947891514193
22359	-0.0012225924242933942	-0.0005124018618341211	-0.001130171879953736	-0.000617770018119615	Vldlr	neither	0.7895385856881232
18413	-0.0005066821483293225	-0.0005023746435875325	-0.0003736112262134419	0.00012876341737409064	Osm	neither	1.0985973767869261
321007	0.0023083330957763804	-0.0004958074813048788	-0.0006165683518920979	-0.0001207608705872191	Serac1	neither	-0.37663156420464855
13400	0.003412688968389328	-0.0004900034725070915	-0.0004566559376211446	3.334753488594693e-05	Dmpk	neither	-0.26238057631236084
15213	0.0015118743554934197	-0.0004880832075446416	0.00011201116867413612	0.0006000943762187777	Hey1	neither	-0.7804544296044471
52906	0.002681075087842777	-0.0004850266636583388	-0.0005511585433466996	-6.613187968836082e-05	Ahi1	neither	-0.3224837398305693
235402	-0.0025351709997859864	-0.000483336279460281	-0.0005515702232364098	-6.823394377612876e-05	Lingo1	neither	0.38647845057976593
17060	0.0032874114924015727	-0.0004822978679016747	0.002885628999290697	0.0033679268671923716	Blnk	neither	-0.36054932471280304
21940	-0.007341036303604917	-0.0004784091117151777	-0.0005064515797501092	-2.8042468034931544e-05	Cd27	neither	0.0052478941946680485
230721	-0.0020749508132526517	-0.00046986106652956747	0.0005237785788692098	0.0009936396453987771	Pabpc4	neither	0.8810539139498282
225825	0.0005078507302929139	-0.0004687967704902501	-0.00041682805459594994	5.196871589430017e-05	Cd226	neither	-1.7756384394891822
66824	-0.0010493031651035727	-0.0004580320702290686	-0.00046670415586435253	-8.672085635283953e-06	Pycard	neither	0.39286802931757103
73852	0.006391526491535353	-0.00045703972902161745	-0.0009134697786332691	-0.0004564300496116516	D3Ertd751e	neither	-0.15545315014375896
13363	-0.0010614838431869582	-0.0004465662664336399	-0.000988951290908332	-0.0005423850244746921	Dhh	neither	0.5895670587122608
233878	-0.0005525984113965936	-0.0004445434069012709	2.622839258898925e-05	0.00047077179949026016	Sez6l2	neither	1.4532003703349967
22171	-0.0009303149585737111	-0.0004440684828289617	-0.0001922600625203767	0.000251808420308585	Tyms	neither	1.4011273266010384
18779	0.0010391249890563886	-0.00044236873751923796	-0.0006708702041773813	-0.00022850146665814337	Pla2r1	neither	-0.7879905604841033
245020	0.0008883933100928453	-0.0004351064949957757	-5.262004657023123e-05	0.00038248644842554444	Slc35g2	neither	-0.49942458340646007
11364	0.0031315530794885924	-0.0004331969022296297	0.0005476214093842249	0.0009808183116138546	Acadm	neither	-0.19169878672765164
16658	0.001145568174591699	-0.0004307844907825892	0.0010175010989162394	0.0014482855896988285	Mafb	neither	-0.5221369443129713
219114	-0.0007292270736885874	-0.00042641499712151693	-0.00035087474680283007	7.554025031868687e-05	Ska3	neither	1.7699022681131917
74134	-0.0004551249408279243	-0.00042564793438232127	0.0001445538206909885	0.0005702017550733098	Cyp2s1	neither	1.6434489564782062
67163	0.001998775152985271	-0.0004217459488963152	-0.00011916802121693627	0.00030257792767937895	Ccdc47	neither	-0.39444234478195034
23850	-0.005202743909007401	-0.00041841989837221257	-0.0007886267388560848	-0.0003702068404838722	Pappa2	neither	0.017223015756131558
381644	0.0025156239984630855	-0.000418028262356678	0.00017199310196711772	0.0005900213643237958	Cep135	neither	-0.31613925245851987
29857	0.004971698137583948	-0.00041463211176782694	0.0012604473997045616	0.0016750795114723886	Mapk12	neither	-0.23664899800147346
12298	0.005544372842032105	-0.00041139534039075286	0.0014151082486467432	0.001826503589037496	Cacnb4	neither	-0.17281868479614856
268902	0.000776779826672035	-0.00040420100792395346	-0.00015951491944680375	0.0002446860884771497	Robo2	neither	-1.1403666187788435
544963	0.0004947875837109241	-0.0004022032356228701	-0.0003612258788835516	4.097735673931846e-05	Iqgap2	neither	-2.1090635642484785
13841	-0.00510691473264602	-0.00040153030057188226	-0.001466779971469162	-0.0010652496708972797	Epha7	neither	0.1938275908045702
76217	-0.001233872917282987	-0.00040120558396288496	-0.0007044493627026183	-0.0003032437787397333	Jakmip2	neither	0.6399647279458895
22401	0.01040156703878497	-0.00040057797531683966	0.0025058748304944917	0.002906452805811331	Zmat3	neither	-0.02007037285008018
78286	0.0006323939724851076	-0.0003873431255243628	-6.201568229024357e-05	0.0003253274432341192	Nav2	neither	-1.462252737127757
76787	-0.006627405070846891	-0.0003859834786384551	-0.0015302711936400447	-0.0011442877150015895	Ppfia3	neither	0.10854386465696814
18768	0.0011614129721794605	-0.0003858024924312407	-6.214853379052357e-05	0.0003236539586407172	Pkib	neither	-0.804269805702092
12575	0.023275068777597992	-0.0003805022651371128	0.014324560264246824	0.014705062529383937	Cdkn1a	neither	0.023623629714452546
17381	0.000303569425977304	-0.0003733991240222847	-0.00024248725343739924	0.00013091187058488545	Mmp12	maternal	-2.952662369535625
56533	0.0006751355142739268	-0.0003715142065685253	-8.311721062587908e-05	0.0002883969959426462	Rgs17	neither	-1.3329306098528468
108797	-0.0022280513149601664	-0.0003708008760294335	-0.0015319114841952793	-0.0011611106081658457	Mex3b	neither	0.4542462812937772
72472	-0.0026769542774594183	-0.00036475590385423015	-9.938739826677187e-05	0.0002653685055874583	Slc16a10	neither	0.5001631829726062
15186	0.0012767381345365422	-0.0003644812353601692	0.0006383813299897771	0.0010028625653499463	Hdc	neither	-0.33201007007664035
57344	0.004651291917893456	-0.00036286487501652567	0.002218231007281823	0.0025810958822983484	As3mt	neither	-0.16289815439681907
66972	-0.001343029051175323	-0.0003622752979197812	-0.0006945113557264857	-0.0003322360578067045	Slc25a23	neither	0.8916887809302418
74470	0.003271565711985909	-0.00036092148594634105	-0.00013191195205542356	0.0002290095338909175	Cep72	neither	-0.19950018496941282
22352	0.006451966979607658	-0.0003569325035143752	0.008049260316761285	0.00840619282027566	Vim	neither	-0.11736604778996466
64945	0.00528552103361825	-0.00035500060881767364	0.0008736800289216519	0.0012286806377393255	Cldn12	neither	-0.17277582004188163
338403	0.0013368536961442855	-0.00035296840873166044	0.0001565209252967633	0.0005094893340284237	Cndp1	neither	-0.572504857539904
77782	-0.00030351512279033397	-0.00035049621064121253	-7.760778690356008e-05	0.00027288842373765244	Polq	neither	3.2078042759818612
108899	-0.0007634332110802759	-0.0003502539001692628	-0.0008686124878947773	-0.0005183585877255145	2700081O15Rik	neither	0.5575112516770443
236930	-0.0013599569968207569	-0.00034831939094321046	0.00016203470514295588	0.0005103540960861663	Ercc6l	neither	0.8333333368694906
14823	0.0008291661961882035	-0.00034199903124197093	-0.0003683175394663313	-2.6318508224360384e-05	Grm8	neither	-0.9784951851799314
14623	0.0006618851137078349	-0.0003419507130862313	0.00021623801494100451	0.0005581887280272358	Gjb6	neither	-0.43410655107767687
20509	-0.0006291634706259053	-0.00034025143431431267	-0.00010681183457973475	0.00023343959973457792	Slc19a1	neither	0.7864593494736181
64340	-0.0035880001080771822	-0.00033649735207296616	0.0007702284141166275	0.0011067257661895936	Dhx38	neither	0.3098603371260519
13139	-0.006576036378425141	-0.0003260394346926687	-0.0036750979734437644	-0.0033490585387510956	Dgka	neither	0.34957457587613194
11496	0.0033738056804938797	-0.0003223449138564127	-0.0005709327847648201	-0.0002485878709084074	Adam22	neither	-0.22538339182106704
11600	0.0005205492579753231	-0.0003211002031977412	-9.833331734024891e-05	0.0002227668858574923	Angpt1	neither	-1.1001558662649384
75906	0.0021176019018658274	-0.00031707143656002813	-0.00019166481455440423	0.0001254066220056239	Fam184a	neither	-0.27553727761156843
20430	-0.0008353777118703102	-0.0003168459241736795	-2.5501997749894104e-05	0.0002913439264237854	Cyfip1	neither	1.1619428173277522
320472	-0.0027642250428269125	-0.00031566360663493303	0.0004144323450799384	0.0007300959517148715	Ppm1e	neither	0.3082317941301845
67168	-0.0024642344044495668	-0.0003138042931357379	-0.0014602565299652662	-0.0011464522368295283	Lpar6	neither	0.5209302983577391
71279	0.0010822080844695792	-0.000310873545137076	-4.7998104217622606e-05	0.00026287544091945343	Slc29a3	neither	-0.5685140770373375
18584	0.0015519245091677445	-0.00030634640892372944	-0.00015637624266971116	0.00014997016625401829	Pde8a	neither	-0.4805203289548587
228852	-0.005435691888646102	-0.0003047555455926355	-0.003522391620192746	-0.0032176360746001102	Ppp1r16b	neither	0.3723743086149637
72748	0.0027519406908945525	-0.00029976293871914833	0.0004942303730140939	0.0007939933117332423	Hdhd3	neither	-0.23265488129930922
18750	0.00697676965306655	-0.00029866049473016777	3.034463510638481e-05	0.0003290051298365526	Prkca	neither	-0.1593062686502337
11688	0.0025435968314431127	-0.00029362054758935003	1.010293344418282e-05	0.0003037234810335328	Alox8	neither	-0.22462842789557727
170459	0.000600176837561622	-0.00029088922453953303	0.0001279177003394522	0.0004188069248789852	Stard4	neither	-1.215676694736144
244757	0.0021600227938497695	-0.0002902166324490483	-0.000128237075468663	0.00016197955698038532	Glb1l2	neither	-0.33549872278320525
19725	0.0016377170605158008	-0.00028542926632247717	0.00010202404979775027	0.00038745331612022744	Rfx2	neither	-0.3961692291216689
634731	-0.0011580345320570907	-0.0002758386626559035	-0.0002630322535503095	1.2806409105593991e-05	Susd1	neither	0.5081366811340975
241230	0.0016679575035964316	-0.00027335105754753625	1.6092768720764033e-05	0.00028944382626830027	St8sia6	neither	-0.3328438738456152
216739	0.0015826697576074818	-0.00026934287371340815	-0.00012076070855181958	0.00014858216516158858	Acsl6	neither	0.08819918887782625
70551	0.0005284756590021292	-0.00026807810498299863	-0.00013912051477264653	0.0001289575902103521	Tmtc4	neither	-1.2030818945662096
19338	0.0011087606525971674	-0.0002667085063608714	0.00017726942961809815	0.0004439779359789696	Rab33b	neither	-0.42690496755739277
18984	-0.0004677289850941731	-0.00026376796969080555	0.00010090540486925864	0.0003646733745600642	Por	neither	1.225657922447748
68667	0.0012506113009730282	-0.0002637148497544113	0.0006781406249534604	0.0009418554747078717	Trpm4	neither	-0.35946327342586776
71240	-0.0009014044302681834	-0.00025849119488165716	-0.00014383228552521094	0.00011465890935644622	Osbpl7	neither	0.6334646966232831
12876	0.0012902334804400738	-0.00025505906653250485	-4.2845453810947975e-05	0.00021221361272155686	Cpe	neither	-0.38182818901530124
102436	0.0019791140382622832	-0.0002539500489411956	0.0009085896560387084	0.001162539704979904	Lars2	neither	0.07065508358267517
69574	0.001944624621259797	-0.0002489363101557578	0.00027605718421110055	0.0005249934943668583	Cmbl	neither	-0.2254331363354851
21942	-0.0016423505990859314	-0.000244606432669976	-0.0008446259236992607	-0.0006000194910292848	Tnfrsf9	neither	0.2782028816913026
269423	0.0021107358348142094	-0.00024146431435946513	9.075304282027699e-05	0.0003322173571797421	Abhd18	neither	-0.20154637930824967
19087	0.001845930405155843	-0.0002336240839155889	-0.0002306469294481292	2.9771544674596926e-06	Prkar2a	neither	-0.1554253448965795
54725	0.0010425560666997326	-0.00022868503641022966	-0.00011361175093032319	0.00011507328547990647	Cadm1	neither	-0.49357916684893005
226409	0.0026196064526806764	-0.0002241527691584682	-0.00035756612093509546	-0.00013341335177662726	Zranb3	neither	-0.19065862420506818
56177	0.00032222908150168956	-0.0002224521720965774	-0.00014601415613373824	7.643801596283917e-05	Olfm1	neither	-1.742906532484844
12287	-0.0012826010088328244	-0.000221049927149582	-0.00036836094683440193	-0.00014731101968481992	Cacna1b	neither	0.19941983587348788
218440	-0.0027615996858228395	-0.00021842252704102363	-0.002611124644884923	-0.0023927021178438996	Ankrd34b	neither	0.04345371293194028
11459	0.0021539017868998788	-0.00021606608050477667	0.0004941149461445409	0.0007101810266493176	Acta1	neither	-0.18213766964771763
66526	-0.0009768889974650556	-0.00021526752729719655	-0.0002979680382182345	-8.270051092103793e-05	Tceanc2	neither	0.6280358062713642
11746	0.001275696845910789	-0.00021227516884562688	4.422040951137417e-06	0.0002166972097967643	Anxa4	neither	-0.3798796284217059
68479	0.0006091328275190451	-0.00021216889579578525	-0.0004454931246830878	-0.00023332422888730253	Phf5a	neither	-0.7453157021334024
77577	0.004616945734945621	-0.00021187339497432875	-0.001791212552934187	-0.0015793391579598582	Spns3	neither	-0.08422029546512964
18974	0.0005076557074740186	-0.0002100883601282342	-0.00028219532023879507	-7.210696011056086e-05	Pole2	neither	-1.06709974763103
14081	0.0008164402953713671	-0.00020327934157288464	-3.225190754955502e-05	0.00017102743402332962	Acsl1	neither	-0.6020802861732879
330409	-0.0013515279801102889	-0.00020269500881074656	6.371624505127754e-05	0.0002664112538620241	Cecr2	neither	0.6899096166527412
16535	0.0019316343281472433	-0.00020202370949357296	-0.00033288695827690933	-0.00013086324878333638	Kcnq1	neither	-0.22317941113739873
11927	-0.00225535285667743	-0.00020052771271116058	-0.0003515862685467418	-0.0001510585558355812	Atox1	neither	0.3644925850695004
67198	-0.003235914817566659	-0.0001998382318290915	-0.000815061237049346	-0.0006152230052202546	Spats2l	neither	0.13768712585842838
105439	0.0051152058091766175	-0.00019128654533144822	0.0010444718042289377	0.0012357583495603858	Slain1	neither	0.18120193555383893
20656	-0.0017909472494701708	-0.00018974119742389366	-0.0004405960037455263	-0.0002508548063216326	Sod2	neither	0.46448501929264335
12842	-0.0015254770435705024	-0.000188834135575994	-0.0005526862698424702	-0.0003638521342664762	Col1a1	neither	0.061156105778337966
50934	0.002924093180386018	-0.00018862425455893985	0.0008961925859256847	0.0010848168404846246	Slc7a8	neither	-0.13926763782571774
17345	-0.0011538563094566025	-0.00018799575917051518	0.0002603819332660907	0.0004483776924366059	Mki67	neither	0.6926073646806891
72585	-0.0011194375224351384	-0.0001792681477691925	-0.0004079604608106166	-0.00022869231304142412	Lypd1	neither	0.4012234800521435
66446	-0.0017546603836974077	-0.00017886807177311466	0.001638745429120046	0.0018176135008931605	Exosc7	neither	0.40761003397085926
210044	-0.0018429166625334968	-0.00017119293610611837	0.0002828220353195238	0.00045401497142564216	Adcy2	neither	0.46610479291455315
209032	-0.0005246124539789618	-0.00017077171152103866	-0.00045045026969072366	-0.000279678558169685	Zc3hav1l	neither	0.6599609171546892
14313	-0.00497343585657395	-0.00016573014226633435	-0.0032317359389510384	-0.003066005796684704	Fst	neither	-0.09524180860645387
319520	0.0005273626898562722	-0.00016531619629014962	0.0002448614424643261	0.0004101776387544757	Dusp4	neither	-0.45895236144227786
319266	0.003320608345166258	-0.00015949803073690312	0.0013722433531697341	0.0015317413839066373	A130010J15Rik	neither	-0.04873656821004169
22249	0.005809095560804253	-0.00015769941408909523	-0.0009943385632768871	-0.0008366391491877919	Unc13b	neither	0.06276852510071883
68642	-0.0017516443746837505	-0.00015510750781705742	0.0003532024909798565	0.0005083099987969139	Tmem216	neither	0.368945572440938
12550	0.0018985996381031985	-0.00015395330676604095	0.0003704316175485452	0.0005243849243145862	Cdh1	neither	-0.11360159304106465
14419	-0.0031341042953762694	-0.00015364562567294238	-0.0021323614659849383	-0.001978715840311996	Gal	neither	-0.14006096761888517
57340	0.0014506471849769678	-0.0001512837317299944	-0.00024154249524283182	-9.025876351283742e-05	Jph3	neither	-0.17315247876239248
12494	-0.0015554217751928888	-0.0001504619699491078	-0.0010414047596633918	-0.000890942789714284	Cd38	neither	0.1670701463785511
12931	0.0008341359136735704	-0.00014752086335997284	-0.00019605207649880986	-4.8531213138837024e-05	Crlf1	neither	-0.42001756371317395
105239	-0.0002503838321787423	-0.0001470308048171359	0.00011443845673690347	0.00026146926155403935	Rnf44	neither	1.7390244938788797
14675	0.00015108728883515962	-0.0001429633380197715	-6.197939847269943e-05	8.098393954707208e-05	Gna14	neither	-2.4713147058271705
76261	-0.0033673938337737755	-0.0001426712308697954	0.0004014799444242526	0.000544151175294048	0610040J01Rik	neither	0.2616957675158714
17930	0.0005938628757678994	-0.0001420697459590303	0.00028224354064594636	0.0004243132866049767	Myom2	neither	-0.48825689188922
13131	0.0002426752484083481	-0.00014129352732321086	-0.00013308298076214337	8.210546561067487e-06	Dab1	neither	-1.4648676175798114
211228	-0.0012732265558844107	-0.000140818482665979	-0.00029984934992916256	-0.00015903086726318355	Lrrc25	neither	0.15313989665568456
14183	0.0006808373663003875	-0.00014029960816028413	0.0001600354391843084	0.00030033504734459254	Fgfr2	neither	-0.4871266997193266
67603	0.0006829025897217594	-0.0001393729921264171	0.000402506173940313	0.0005418791660667301	Dusp6	neither	-0.6216262597568969
12850	0.0047198795459725	-0.00013881678247853633	-0.0019692022388464042	-0.0018303854563678679	Coq7	neither	-0.07134400167986375
104885	-0.00020944393941065974	-0.00013798408806612838	-0.00012156987300756353	1.641421505856485e-05	Tmem179	neither	1.1519854761999566
233875	-0.002846962512174834	-0.00013600362041020465	0.0006372250865126201	0.0007732287069228248	Ino80e	neither	0.18253602346843756
70381	-0.0004833433871135868	-0.00013519768946182372	-0.00011861214296264997	1.6585546499173746e-05	Tecpr1	neither	0.5956408528631502
16847	-0.0005886061180659717	-0.00013366346789768065	-0.00016288836768707976	-2.9224899789399107e-05	Lepr	neither	0.7977720735527647
12810	-0.0010220540775802939	-0.000132745162005012	-0.0014543451331720054	-0.0013215999711669935	Coch	neither	0.1401316595419209
64424	-0.00011631634060772519	-0.00012969223743483703	-5.239622287616172e-05	7.729601455867531e-05	Polr1e	neither	3.1245112132107975
106572	0.0007015554977154152	-0.000129079872749067	-5.736747680396085e-05	7.171239594510614e-05	Rab31	neither	-0.44907284495973204
20516	0.00045040893056799534	-0.00012798064486838165	-0.0003703175403896644	-0.00024233689552128273	Slc20a2	neither	-0.6052642333686552
57738	0.00020400854249046977	-0.00012779379550511847	-3.563649758940984e-05	9.215729791570863e-05	Slc15a2	neither	-1.2127793130988285
78619	-0.004067467382231013	-0.00012627669246948316	0.0005000911470716962	0.0006263678395411794	Zfp449	neither	0.14440713633082292
20447	0.00039706783157681584	-0.00012011141831190174	-3.832519807291139e-05	8.178622023899035e-05	St6galnac3	neither	-0.5481179961730637
75590	-0.002817528104810045	-0.00011815046190911179	-0.0016558482225242008	-0.001537697760615089	Dusp9	neither	-0.028220556565786658
268395	0.0004937824593092552	-0.00011512873812597924	-8.968543659099379e-05	2.544330153498545e-05	Mpg	neither	-0.42813924685407134
234214	0.00014537526126626619	-0.00011259028992563868	-3.079428181181523e-05	8.179600811382344e-05	Sorbs2	neither	-1.967592342157312
67422	-0.011793674716698491	-0.00011086724628326416	0.00587279873430958	0.005983665980592845	Dhdds	neither	0.10350175672938366
22381	0.001803168623991107	-0.00010706946795364487	0.0011609402637481618	0.0012680097317018066	Tceal9	neither	0.17892447370834966
22771	0.0008944978239577005	-0.00010589891027653965	0.0005479491440790851	0.0006538480543556248	Zic1	neither	-0.02178055507499446
118449	0.002505916646162973	-0.00010533182330503076	0.0014203086710016758	0.0015256404943067064	Synpo2	neither	-0.11770756264013574
236539	-0.00042276750549125633	-9.520633139271726e-05	0.00014783937870959676	0.00024304571010231403	Phgdh	neither	0.5215954011049818
70951	-0.0018968545611443056	-9.494726711035607e-05	-0.0004344896358385316	-0.0003395423687281755	Spata1	neither	0.17342256652724627
54486	-0.0001863647349927986	-9.073875260352038e-05	-4.230294182050684e-05	4.843581078301354e-05	Hpgds	neither	0.9744093950361631
228730	0.0051554452599604445	-9.022644773341046e-05	-0.0005347354300187099	-0.00044450898228529947	Kiz	neither	0.01357892850433345
232560	-0.004422133441321801	-9.020188106432322e-05	-0.001751279772404773	-0.0016610778913404498	Caprin2	neither	0.24262876094527291
52033	-0.0006454752461329082	-9.000267142157891e-05	0.00012391842262719514	0.00021392109404877403	Pbk	neither	0.5911416033283143
12805	0.0003790908710382799	-9.000013185087918e-05	-7.804394835164279e-05	1.1956183499236387e-05	Cntn1	neither	-0.5598870710063274
328365	-0.0011000386038156247	-8.775437138158994e-05	-0.00031528346261519937	-0.00022752909123360945	Zmiz1	neither	0.33885633580524566
270906	-0.00011453678482687733	-8.766858115488961e-05	-7.875700323992724e-05	8.911577914962369e-06	Prr11	neither	2.301288406105077
17921	0.00041957226492865795	-8.528289874202831e-05	-3.9440978575207935e-05	4.5841920166820375e-05	Myo7a	neither	-0.4242261597881162
211798	0.00010062232310222396	-8.487478457106076e-05	-9.814475723727672e-06	7.506030884733309e-05	Mfsd9	neither	-0.757039635044343
16574	0.000904576697376702	-8.442030875458294e-05	0.00011022391119359027	0.00019464421994817323	Kif5c	neither	-0.09291800822507801
110962	0.002572725647133361	-8.384984642892976e-05	-0.0010611505721502545	-0.0009773007257213248	Mbd6	neither	-0.033597210213953684
20745	0.0003134318532035798	-8.259067024903072e-05	-0.00016688356607611583	-8.42928958270851e-05	Spock1	neither	-0.38444701176759194
77113	-0.005293826957748966	-8.218536903594702e-05	-7.395785255374048e-05	8.227516482206545e-06	Klhl2	neither	0.16227227480010073
71819	-0.0008387531929798341	-8.174615164230539e-05	-1.2885200133230419e-05	6.886095150907497e-05	Kif23	neither	0.47530327210170153
13982	0.0006735497829876938	-8.1669524050608e-05	-7.275833819233253e-05	8.911185858275462e-06	Esr1	neither	-0.21312583586710962
19249	-0.0008694275196386948	-8.050815659632083e-05	-0.00014313347070609467	-6.262531410977384e-05	Ptpn13	neither	0.37801643027179865
77593	-0.002348327821359511	-8.038342714334394e-05	0.00027036784005160205	0.00035075126719494597	Usp45	neither	0.19238400510114864
243780	-0.002413974689890965	-7.731542798111023e-05	-0.00011395440717168234	-3.6638979190572115e-05	Dennd11	neither	0.28105751919183103
330286	-0.0015680286730329375	-7.648666276224285e-05	-0.00048501292099227046	-0.0004085262582300276	D630045J12Rik	neither	0.2601011071928146
80914	-0.0002823358093053254	-7.61773718163933e-05	0.00011398249647181506	0.00019015986828820836	Uck2	neither	0.9467024134323627
319901	0.001092037821022753	-7.467049336772444e-05	6.774563212708551e-05	0.00014241612549480994	Dsel	neither	-0.13398799286039717
56279	-0.0029393002027875634	-7.269481485091666e-05	0.0006185613133952194	0.000691256128246136	Dipk1b	neither	-0.22535496637058328
26556	-0.004092476982096645	-6.97695392750592e-05	-0.001038114188045232	-0.0009683446487701729	Homer1	neither	0.2038559078190209
140571	0.0007394878527404583	-6.862173479879116e-05	-0.0003179767641635522	-0.00024935502936476104	Plxnb3	neither	-0.1848192457063148
18150	-0.003491654126683023	-6.524372090413778e-05	0.001946957139832818	0.0020122008607369557	Npm3	neither	0.025986381768034764
53328	-0.0006008226618397634	-6.512717561490623e-05	-0.0003728016798361553	-0.00030767450422124903	Pgrmc1	neither	0.40444451637634266
70310	0.0003437419230341576	-6.480088912882306e-05	8.976358107262598e-05	0.00015456447020144906	Plscr3	neither	-0.2356520348561701
26949	0.0065651066948202545	-5.9698837386330236e-05	-0.002956331096482677	-0.0028966322590963465	Vat1	neither	-0.02377230979529492
20191	0.0005490107097410086	-5.890066404387309e-05	-2.2148806763547053e-05	3.675185728032604e-05	Ryr2	neither	-0.22549594092042138
14961	-0.002601815111443717	-5.8596080532581315e-05	-0.0017072600232151478	-0.0016486639426825664	H2-Ab1	neither	-0.09080579615869734
13844	-0.0007243386929802186	-5.85044852896798e-05	0.00023822676087571586	0.00029673124616539563	Ephb2	neither	0.052693956322340176
21828	5.3926414618514494e-05	-5.8250029238179335e-05	1.2856107852777702e-05	7.110613709095704e-05	Thbs4	neither	-1.350048111175653
407823	0.00032699593917818727	-5.563837175504381e-05	-5.1374631444686516e-05	4.263740310357291e-06	Baz2b	neither	-0.33657530226440135
66953	-0.002307060199367514	-5.5398019846446854e-05	-0.00037869098069362016	-0.0003232929608471733	Cdca7	neither	0.08873282260637846
12630	0.004555259909687711	-5.345404401434333e-05	0.00018029484251797523	0.00023374888653231857	Cfi	neither	0.06419747072244233
22062	6.567534754703616e-05	-5.3292432630845784e-05	-6.007354678661232e-05	-6.7811141557665334e-06	Trp73	neither	-1.632507149767907
14261	-0.00025972414327341117	-5.322407424276598e-05	-0.00013507715878915454	-8.185308454638856e-05	Fmo1	neither	0.3335236107861597
77411	-0.0004501266989311322	-5.192356403172931e-05	-0.00013127784250590134	-7.935427847417204e-05	Esrp2	neither	0.20080103945007075
12297	-0.0005263881594772674	-5.073922092316119e-05	3.987392423808946e-05	9.061314516125065e-05	Cacnb3	neither	0.31033011832828694
14687	-0.0004628390500750202	-4.808699923733853e-05	-9.721478987277812e-06	3.836552025006072e-05	Gnaz	neither	0.32165397312530875
14613	0.0008968215416116209	-4.691551940324595e-05	-0.00029430935214071793	-0.00024739383273747196	Gja5	neither	-0.22002937987773027
384214	-0.0014241812039370453	-4.6332975130491196e-05	-0.0003561291066283335	-0.00030979613149784233	Ephx4	neither	0.06823624900385378
23921	-6.370493650188129e-05	-4.481627864230142e-05	-1.078151636186407e-05	3.4034762280437346e-05	Sh2b2	neither	1.0832143119063504
14160	0.0007606719216915984	-4.380838920969858e-05	0.0003339665855014024	0.000377774974711101	Lgr5	neither	-0.1987399846815735
23948	-0.00026621061635766555	-4.361031563673997e-05	-0.00012904299943780362	-8.543268380106366e-05	Mmp17	neither	0.21199992497774858
218820	0.00020940426013648896	-4.108146055964769e-05	0.00012855053594833617	0.00016963199650798388	Zfp503	neither	-0.5498249100552306
22234	0.00901180607288917	-3.9876033235255106e-05	0.002365189352813747	0.0024050653860490023	Ugcg	neither	0.22380928893801527
20273	6.398431231755789e-05	-3.743130713717899e-05	-9.215091580818582e-06	2.821621555636041e-05	Scn8a	neither	-1.3234250935913259
11941	0.0006076751205491522	-3.68263159813694e-05	8.911735269401606e-06	4.573805125077101e-05	Atp2b2	neither	-0.06027288247420519
380863	4.49965439895278e-05	-3.57689937892219e-05	-1.2393962657604421e-05	2.337503113161748e-05	Tmem171	neither	-1.9303208432284542
546336	0.0002896886269916129	-3.3701230578452566e-05	1.3379683521797254e-05	4.708091410024982e-05	Prrg1	neither	-0.14484709114206648
171282	0.0005508338698102692	-3.320990524925377e-05	0.0001046878296562775	0.00013789773490553128	Acot4	neither	-0.09182391738177147
56700	-5.588172938799767e-05	-3.302096580578325e-05	-4.101538089386447e-05	-7.994415088081222e-06	Glmp	neither	1.6275720912321554
268481	0.001875469795240597	-3.2421358224835964e-05	-0.00015186749577246155	-0.00011944613754762559	Krt222	neither	-0.014847939857432374
237073	-0.0002278068740197252	-3.2387110964864826e-05	-5.4574817630432865e-05	-2.2187706665568038e-05	Rbm41	neither	0.3775876795685077
171463	-0.0001066027182789507	-3.118412028226132e-05	7.125196315622447e-06	3.830931659788377e-05	Il17rd	neither	0.9367512207052595
242700	0.00039769311053579364	-3.014720370778077e-05	-0.00021313076478196116	-0.0001829835610741804	Ifnlr1	neither	-0.20547627422866846
69066	4.92412002215819e-05	-2.7701939983856036e-05	-3.9179356965948864e-05	-1.1477416982092828e-05	1810010H24Rik	neither	-0.6931070406987898
238024	-0.0003832270511714303	-2.769898963542364e-05	-0.00019834505722590189	-0.00017064606759047824	Fn3krp	neither	0.12339178820761527
101565	0.0006445549746747451	-2.6351894155761855e-05	8.068437276460073e-06	3.442033143222193e-05	Ccp110	neither	0.028931500232363763
12393	5.777825956809684e-05	-2.5494581056608163e-05	-2.4780125845217304e-05	7.144552113908599e-07	Runx2	neither	-0.9468505993607385
70223	0.002402457211215207	-2.3690049554193728e-05	-1.2937193786360934e-05	1.0752855767832794e-05	Nars	neither	0.09429462298108716
19258	-3.779176427833585e-05	-1.9483166636470023e-05	-1.2941647073715656e-05	6.541519562754367e-06	Ptpn4	neither	1.4289744485555984
320557	0.0013468677751383884	-1.578946010450089e-05	0.0005995805168654102	0.0006153699769699112	Fam169a	neither	0.05024041664948206
24057	5.074515671905569e-05	-1.5771949573986806e-05	-9.031147522898903e-06	6.740802051087903e-06	Sh3yl1	neither	-0.7562884792837283
232333	-0.0011265855526666107	-1.5469124631286957e-05	-0.00030335862293374966	-0.0002878894983024627	Slc6a1	neither	-0.022501006737117947
238799	0.00016787786798700118	-1.4367999499424469e-05	2.6926224861502703e-06	1.706062198557474e-05	Tnpo1	neither	-0.02530658779965326
78892	-0.0012049790860610202	-1.3713807331767835e-05	-0.0008822485125138906	-0.0008685347051821228	Crispld2	neither	0.013522594451941846
12236	0.003466551995864576	-1.3667437244418083e-05	-0.00020327615804915618	-0.0001896087208047381	Bub1b	neither	0.07943466709379705
22113	5.9692896899078854e-05	-1.3614798548038752e-05	1.9174895157631884e-05	3.278969370567064e-05	Phlda2	neither	-0.4956916734294173
13048	0.0005574628918258123	-1.1525142028036556e-05	-8.959879290716413e-05	-7.807365087912757e-05	Cux2	neither	0.04690390923863219
27801	4.5130705474174775e-05	-1.010163888996996e-05	-1.4227948106685329e-05	-4.1263092167153695e-06	Zdhhc8	neither	-0.4982913626425696
71720	0.0006184427728497002	-8.348095806397223e-06	4.6425556018763336e-05	5.477365182516056e-05	Osbpl3	neither	0.08088756721825514
228357	0.0006878582186599283	-6.0843567534534445e-06	0.00010898927807615457	0.00011507363482960802	Lrp4	neither	-0.08325872437989013
242607	1.5894647840067298e-05	-4.821881664497773e-06	1.3057821528711028e-06	6.127663817368876e-06	Slc1a7	neither	-0.20107120003893889
67971	0.004222647496269341	-4.275108787847345e-06	0.0009231659704552549	0.0009274410792431022	Tppp3	neither	-0.15647780942737105
338365	0.01133159894829507	-1.3957004697010002e-06	-0.0028974750702332424	-0.0028960793697635416	Slc41a2	neither	-0.04704572702638294
107351	6.629878310186463e-05	-1.211392369379333e-06	1.4032334559775299e-05	1.5243726929154632e-05	Kank1	neither	-0.04355194454739763
103551	4.327533090292805e-06	-7.297133988577592e-07	1.1699116203056504e-06	1.8996250191634096e-06	Epop	neither	-0.33190653119296737
21789	-0.0003975505843150028	-4.6465961391063e-07	-0.00021918528853587588	-0.00021872062892196525	Tfpi2	neither	-0.03280360847419953
353242	-2.2901857725552194e-07	-1.0065747554536169e-07	1.3080030184460632e-07	2.31457777389968e-07	Mrpl21	neither	1.2250978361741256
237831	0.0014193762293791205	0.0	0.0	0.0	Slc13a5	not_expressed	
64103	0.004338143437197539	0.0	0.0	0.0	Tnmd	not_expressed	
170952	0.0010045141402356872	0.0	0.0	0.0	Prima1	not_expressed	
216795	-0.0007303846592747295	-0.0	-0.0	0.0	Wnt9a	not_expressed	
193034	-0.0034206026132870986	-0.0	-0.0	0.0	Trpv1	not_expressed	
73728	0.001405560855590048	0.0	0.0	0.0	Psd	not_expressed	
211550	0.0036347328043977523	0.0	0.0	0.0	Tifa	not_expressed	
14400	0.00138345052790648	0.0	0.0	0.0	Gabrb1	not_expressed	
217306	-0.0017780685501065908	-0.0	-0.0	0.0	Cd300e	not_expressed	
272031	-0.00023584412591409854	-0.0	-0.0	0.0	Plppr1	not_expressed	
70727	-0.000290956727472078	-0.0	-0.0	0.0	Rasgef1a	not_expressed	
214359	-0.0069376569580782725	-0.0	-0.0	0.0	Tmem51	not_expressed	
19215	0.002071722221478778	0.0	0.0	0.0	Ptgds	not_expressed	
12831	-0.0047051422405880615	-0.0	-0.0	0.0	Col5a1	not_expressed	
109050	7.407145924361123e-05	0.0	0.0	0.0	Inka2	not_expressed	
23936	-0.004844028221614539	-0.0	-0.0	0.0	Lynx1	not_expressed	
17926	-0.0011071324713850916	-0.0	-0.0	0.0	Myoc	not_expressed	
110902	-0.00010290274959922771	-0.0	-0.0	0.0	Chrna2	not_expressed	
22229	-0.007750345053563993	-0.0	-0.0	0.0	Ucp3	not_expressed	
16768	0.0005693507314988849	0.0	0.0	0.0	Lag3	not_expressed	
11423	0.0015271626990880443	0.0	0.0	0.0	Ache	not_expressed	
233733	-0.0014539853717963713	-0.0	-0.0	0.0	Galnt18	not_expressed	
17537	-0.002915728033165683	-0.0	-0.0	0.0	Meis3	not_expressed	
399548	0.0034021700373909067	0.0	0.0	0.0	Scn4b	not_expressed	
77630	0.011090081343839429	0.0	0.0	0.0	Prdm8	not_expressed	
11687	0.001769363282822482	0.0	0.0	0.0	Alox15	not_expressed	
19153	-0.005722432675358226	-0.0	-0.0	0.0	Prx	not_expressed	
12350	-0.0014183116782503853	-0.0	-0.0	0.0	Car3	not_expressed	
74770	0.004442699360960437	0.0	0.0	0.0	Hhatl	not_expressed	
70061	0.0028039022155655026	0.0	0.0	0.0	Sdr9c7	not_expressed	
16426	0.002661627602922847	0.0	0.0	0.0	Itih3	not_expressed	
227632	-0.0010111670827596042	-0.0	-0.0	0.0	Kcnt1	not_expressed	
20964	-0.0008413932816784368	-0.0	-0.0	0.0	Syn1	not_expressed	
20680	-0.0018954159672823425	-0.0	-0.0	0.0	Sox7	not_expressed	
242702	-0.0013856792456364933	-0.0	-0.0	0.0	Myom3	not_expressed	
71690	0.0010935050848377105	0.0	0.0	0.0	Esm1	not_expressed	
14432	-0.00043305252859789014	-0.0	-0.0	0.0	Gap43	not_expressed	
118454	-0.001216466204110345	-0.0	-0.0	0.0	Gjc2	not_expressed	
66208	-0.006063095789739363	-0.0	-0.0	0.0	Nenf	not_expressed	
18510	-0.0010282449606611429	-0.0	-0.0	0.0	Pax8	not_expressed	
84004	0.013371649319751678	0.0	0.0	0.0	Mcam	not_expressed	
54634	0.002708818650453333	0.0	0.0	0.0	Magix	not_expressed	
114679	0.0006664101413451388	0.0	0.0	0.0	Selenom	not_expressed	
232370	0.0025155855789613995	0.0	0.0	0.0	Clstn3	not_expressed	
16846	0.003609148860901779	0.0	0.0	0.0	Lep	not_expressed	
12062	0.006218243276743146	0.0	0.0	0.0	Bdkrb2	not_expressed	
20317	-0.0044401180139191435	-0.0	-0.0	0.0	Serpinf1	not_expressed	
17228	-0.0033718179666494866	-0.0	-0.0	0.0	Cma1	not_expressed	
18389	0.003989656715918627	0.0	0.0	0.0	Oprl1	not_expressed	
208092	-0.0013332046092182199	-0.0	-0.0	0.0	Chmp6	not_expressed	
14412	-0.001549315425977454	-0.0	-0.0	0.0	Slc6a13	not_expressed	
218877	0.00577587855615194	0.0	0.0	0.0	Sema3g	not_expressed	
27419	0.0047500403362648914	0.0	0.0	0.0	Naglu	not_expressed	
16909	-0.0050087002547276735	-0.0	-0.0	0.0	Lmo2	not_expressed	
57814	0.008061677819708447	0.0	0.0	0.0	Kcne4	not_expressed	
20965	-0.0014425507694198368	-0.0	-0.0	0.0	Syn2	not_expressed	
56221	-0.0027300477904092357	-0.0	-0.0	0.0	Ccl24	not_expressed	
19700	-0.003743387681789547	-0.0	-0.0	0.0	Rem1	not_expressed	
19288	-0.004210055333278996	-0.0	-0.0	0.0	Ptx3	not_expressed	
217125	0.0008092843271993907	0.0	0.0	0.0	Samd14	not_expressed	
74580	0.001064274026113898	0.0	0.0	0.0	Pyroxd2	not_expressed	
171469	-0.0011385458888329033	-0.0	-0.0	0.0	Gpr37l1	not_expressed	
79235	0.0013902856613694854	0.0	0.0	0.0	Lrat	not_expressed	
270192	-0.0074708161102057	-0.0	-0.0	0.0	Rab6b	not_expressed	
242523	0.018076921074396336	0.0	0.0	0.0	Dmrta1	not_expressed	
13003	0.004151491029780956	0.0	0.0	0.0	Vcan	not_expressed	
12825	-0.034432995736063975	-0.0	-0.0	0.0	Col3a1	not_expressed	
12840	0.0003102316079342832	0.0	0.0	0.0	Col9a2	not_expressed	
231134	-0.0038497234361843766	-0.0	-0.0	0.0	Dok7	not_expressed	
17005	-0.0022501323884331157	-0.0	-0.0	0.0	Ltk	not_expressed	
27280	0.017026422210309755	0.0	0.0	0.0	Phlda3	not_expressed	
58176	-0.008499066597111683	-0.0	-0.0	0.0	Rhbg	not_expressed	
208158	0.0004981672648706202	0.0	0.0	0.0	Map6d1	not_expressed	
12143	0.0031533163091541846	0.0	0.0	0.0	Blk	not_expressed	
14115	-0.018740291757096437	-0.0	-0.0	0.0	Fbln2	not_expressed	
210530	0.003205898946544732	0.0	0.0	0.0	P3h2	not_expressed	
14080	-0.00023080261395386377	-0.0	-0.0	0.0	Fabp1	not_expressed	
17885	-0.001318984792905066	-0.0	-0.0	0.0	Myh8	not_expressed	
13074	0.004410308973788433	0.0	0.0	0.0	Cyp17a1	not_expressed	
65221	0.012199875748898869	0.0	0.0	0.0	Slc15a3	not_expressed	
14938	-0.0132543505607484	-0.0	-0.0	0.0	Gzma	not_expressed	
100038882	-0.009095807097917064	-0.0	-0.0	0.0	Isg15	not_expressed	
15163	0.0040963943072099196	0.0	0.0	0.0	Hcls1	not_expressed	
13849	0.004074293788843449	0.0	0.0	0.0	Ephx1	not_expressed	
279028	-0.0035430286694250954	-0.0	-0.0	0.0	Adamts13	not_expressed	
268709	-0.003186241383254357	-0.0	-0.0	0.0	Fam107a	not_expressed	
15896	-0.0008528886979406658	-0.0	-0.0	0.0	Icam2	not_expressed	
18142	-0.009420034283324694	-0.0	-0.0	0.0	Npas1	not_expressed	
12029	0.0007606354762191492	0.0	0.0	0.0	Bcl6b	not_expressed	
56534	0.007299936050646556	0.0	0.0	0.0	Hspb3	not_expressed	
229791	-0.004962005940830101	-0.0	-0.0	0.0	Plppr4	not_expressed	
14840	-0.00661846845937971	-0.0	-0.0	0.0	Gsg1	not_expressed	
170725	-0.0023974666644120176	-0.0	-0.0	0.0	Capn8	not_expressed	
15114	0.007921852277184881	0.0	0.0	0.0	Hap1	not_expressed	
333088	0.007708931117451913	0.0	0.0	0.0	Kcp	not_expressed	
20202	0.005174571936412435	0.0	0.0	0.0	S100a9	not_expressed	
22403	0.011462516867536604	0.0	0.0	0.0	Ccn5	not_expressed	
52857	-0.0023297013053854986	-0.0	-0.0	0.0	Gramd1a	not_expressed	
16399	0.00247519933700118	0.0	0.0	0.0	Itga2b	not_expressed	
20618	0.004476220430526632	0.0	0.0	0.0	Sncg	not_expressed	
103511	0.0064764792960298944	0.0	0.0	0.0	Calhm5	not_expressed	
207728	-0.009208313365158247	-0.0	-0.0	0.0	Pde2a	not_expressed	
104601	-0.005334392917703035	-0.0	-0.0	0.0	Mycbpap	not_expressed	
106878	-0.0036591046063334655	-0.0	-0.0	0.0	Smim3	not_expressed	
19329	-0.0036068036682958306	-0.0	-0.0	0.0	Rab17	not_expressed	
56362	-0.0012410907891444187	-0.0	-0.0	0.0	Sult1b1	not_expressed	
104080	-0.004739584082893785	-0.0	-0.0	0.0	Nxph4	not_expressed	
246728	0.0003855872928974514	0.0	0.0	0.0	Oas2	not_expressed	
17528	-0.002730920480275602	-0.0	-0.0	0.0	Mpz	not_expressed	
241568	-0.0064976256218819955	-0.0	-0.0	0.0	Lrrc4c	not_expressed	
69671	0.006473201045396653	0.0	0.0	0.0	Tmem52	not_expressed	
14632	-0.000752665368738606	-0.0	-0.0	0.0	Gli1	not_expressed	
11689	-0.019597028829068216	-0.0	-0.0	0.0	Alox5	not_expressed	
27219	0.0009555188958457155	0.0	0.0	0.0	Sgk2	not_expressed	
171180	-0.007656372631371849	-0.0	-0.0	0.0	Syt12	not_expressed	
23845	0.0008467942228010995	0.0	0.0	0.0	Clec5a	not_expressed	
244864	-0.0001741653508069972	-0.0	-0.0	0.0	Layn	not_expressed	
278180	0.013190952373170086	0.0	0.0	0.0	Vsig4	not_expressed	
22268	-0.0009430437440126877	-0.0	-0.0	0.0	Upk1b	not_expressed	
69903	-0.00016262289544561885	-0.0	-0.0	0.0	Rasip1	not_expressed	
384569	-0.004099459461435089	-0.0	-0.0	0.0	Nova2	not_expressed	
207911	0.007594463149893183	0.0	0.0	0.0	Mchr1	not_expressed	
71461	-0.012004434760982077	-0.0	-0.0	0.0	Ptk7	not_expressed	
63828	0.0024353484420055983	0.0	0.0	0.0	Fn3k	not_expressed	
17130	0.008221650407205875	0.0	0.0	0.0	Smad6	not_expressed	
109225	0.012113249412048223	0.0	0.0	0.0	Ms4a7	not_expressed	
11807	-0.003742214836526345	-0.0	-0.0	0.0	Apoa2	not_expressed	
16491	0.0003733906437508535	0.0	0.0	0.0	Kcna3	not_expressed	
16197	0.0015445969099378274	0.0	0.0	0.0	Il7r	not_expressed	
228785	-0.0006284738262071608	-0.0	-0.0	0.0	Mylk2	not_expressed	
56644	0.012964358276553577	0.0	0.0	0.0	Clec7a	not_expressed	
27226	0.004908559017321746	0.0	0.0	0.0	Pla2g7	not_expressed	
381798	-0.003927844995955474	-0.0	-0.0	0.0	4930590J08Rik	not_expressed	
320840	0.001471415475423532	0.0	0.0	0.0	Negr1	not_expressed	
14049	0.00507730809941426	0.0	0.0	0.0	Eya2	not_expressed	
53601	0.008698332507505973	0.0	0.0	0.0	Pcdh12	not_expressed	
23831	-0.0008396119131525975	-0.0	-0.0	0.0	Car14	not_expressed	
12007	0.0019541867009001163	0.0	0.0	0.0	Azgp1	not_expressed	
212032	-0.012469010462888314	-0.0	-0.0	0.0	Hk3	not_expressed	
242050	-0.0021023049110264137	-0.0	-0.0	0.0	Igsf10	not_expressed	
545192	0.003215854333807697	0.0	0.0	0.0	Baiap3	not_expressed	
11829	-0.001982431151235909	-0.0	-0.0	0.0	Aqp4	not_expressed	
19711	-0.004410281759169238	-0.0	-0.0	0.0	Resp18	not_expressed	
76757	0.0015588758167414433	0.0	0.0	0.0	Trdn	not_expressed	
70370	0.0009340327333792496	0.0	0.0	0.0	Fbln7	not_expressed	
24053	-0.005240434741564517	-0.0	-0.0	0.0	Sgcg	not_expressed	
20389	-0.0008732044257588534	-0.0	-0.0	0.0	Sftpc	not_expressed	
319229	-0.0008092546690677141	-0.0	-0.0	0.0	Sctr	not_expressed	
56745	-6.775146498161375e-05	-0.0	-0.0	0.0	C1qtnf1	not_expressed	
230775	0.0035934664137159907	0.0	0.0	0.0	Adgrb2	not_expressed	
64176	0.0032499053615832134	0.0	0.0	0.0	Sv2b	not_expressed	
170835	-0.004155743533059518	-0.0	-0.0	0.0	Inpp5j	not_expressed	
56532	-0.0003456546405641812	-0.0	-0.0	0.0	Ripk3	not_expressed	
13609	-0.017532615759747686	-0.0	-0.0	0.0	S1pr1	not_expressed	
12839	-0.016262776274186198	-0.0	-0.0	0.0	Col9a1	not_expressed	
238328	-0.008376227866476715	-0.0	-0.0	0.0	Vash1	not_expressed	
237010	0.0035568900338991904	0.0	0.0	0.0	Klhl4	not_expressed	
16176	-0.0014507993962377132	-0.0	-0.0	0.0	Il1b	not_expressed	
228576	-0.0027039447794265296	-0.0	-0.0	0.0	Mall	not_expressed	
16453	0.017070198945327936	0.0	0.0	0.0	Jak3	not_expressed	
243897	0.0037612493069798386	0.0	0.0	0.0	Ggn	not_expressed	
14580	0.008705907009214848	0.0	0.0	0.0	Gfap	not_expressed	
109857	0.0037585991758464	0.0	0.0	0.0	Cbr3	not_expressed	
67564	-0.001281192358695355	-0.0	-0.0	0.0	Tmem35a	not_expressed	
330627	0.014346556110092478	0.0	0.0	0.0	Trim66	not_expressed	
50766	0.01021652310517448	0.0	0.0	0.0	Crim1	not_expressed	
20897	0.003239908534631885	0.0	0.0	0.0	Stra6	not_expressed	
11450	-0.002891720908623401	-0.0	-0.0	0.0	Adipoq	not_expressed	
16402	0.0022884778982329474	0.0	0.0	0.0	Itga5	not_expressed	
23966	0.000262192967488681	0.0	0.0	0.0	Tenm4	not_expressed	
56485	0.0008366872199686845	0.0	0.0	0.0	Slc2a5	not_expressed	
237611	-0.007538656899673098	-0.0	-0.0	0.0	Stac3	not_expressed	
105193	-0.014540898711711733	-0.0	-0.0	0.0	Nhlrc1	not_expressed	
319655	-0.012370490279611573	-0.0	-0.0	0.0	Podxl2	not_expressed	
16511	0.00043121242020896207	0.0	0.0	0.0	Kcnh2	not_expressed	
75641	-0.0040863274526894726	-0.0	-0.0	0.0	1700029I15Rik	not_expressed	
71099	0.0039193624714234454	0.0	0.0	0.0	Tssk4	not_expressed	
50779	-0.004198658919783645	-0.0	-0.0	0.0	Rgs6	not_expressed	
320100	0.0008554580175275733	0.0	0.0	0.0	Relt	not_expressed	
53313	0.0025818924958064767	0.0	0.0	0.0	Atp2a3	not_expressed	
97440	0.0005329203965258004	0.0	0.0	0.0	B3gnt9	not_expressed	
50528	0.00044817691604587945	0.0	0.0	0.0	Tmprss2	not_expressed	
18654	-0.0015535243256292173	-0.0	-0.0	0.0	Pgf	not_expressed	
194309	0.0021343401349056294	0.0	0.0	0.0	Vps37d	not_expressed	
13041	0.004391274147177301	0.0	0.0	0.0	Ctsw	not_expressed	
77318	0.0007844331783020474	0.0	0.0	0.0	Ankrd55	not_expressed	
66548	0.0102365162948576	0.0	0.0	0.0	Adamtsl5	not_expressed	
67580	0.0009954603507748652	0.0	0.0	0.0	Lrrc18	not_expressed	
72002	-0.012655324200001468	-0.0	-0.0	0.0	Slc39a5	not_expressed	
269615	-0.01284100932570017	-0.0	-0.0	0.0	Plch2	not_expressed	
20319	0.0029250972745650263	0.0	0.0	0.0	Sfrp2	not_expressed	
231691	-0.007989139349625364	-0.0	-0.0	0.0	Sds	not_expressed	
14560	-0.009594055638652236	-0.0	-0.0	0.0	Gdf10	not_expressed	
54672	-0.0031154133369270627	-0.0	-0.0	0.0	Adgrg3	not_expressed	
24110	0.0028095706115958876	0.0	0.0	0.0	Usp18	not_expressed	
70415	-0.005937592581063101	-0.0	-0.0	0.0	Stk26	not_expressed	
19419	-0.001783616391898807	-0.0	-0.0	0.0	Rasgrp1	not_expressed	
21817	0.007148473290009197	0.0	0.0	0.0	Tgm2	not_expressed	
19011	-0.009512361730412169	-0.0	-0.0	0.0	Endou	not_expressed	
29818	-0.0023690314329773577	-0.0	-0.0	0.0	Hspb7	not_expressed	
68352	0.0009982000373800193	0.0	0.0	0.0	Aspdh	not_expressed	
230103	9.861151436467483e-05	0.0	0.0	0.0	Npr2	not_expressed	
15370	0.009548312354772388	0.0	0.0	0.0	Nr4a1	not_expressed	
14017	0.004915269562790544	0.0	0.0	0.0	Evi2a	not_expressed	
241452	-0.0018107039539332743	-0.0	-0.0	0.0	Dhrs9	not_expressed	
17433	-0.0010842030418145858	-0.0	-0.0	0.0	Mobp	not_expressed	
72774	-0.0031883137165194097	-0.0	-0.0	0.0	Neil1	not_expressed	
66528	-0.0003997993480331003	-0.0	-0.0	0.0	Smim5	not_expressed	
100039795	0.0003273328250734414	0.0	0.0	0.0	Ildr2	not_expressed	
21928	0.0003745342925000727	0.0	0.0	0.0	Tnfaip2	not_expressed	
243328	-0.005978152527839217	-0.0	-0.0	0.0	Slc29a4	not_expressed	
286942	-0.00033820946775252537	-0.0	-0.0	0.0	Kif19a	not_expressed	
225742	-0.00015362277613975003	-0.0	-0.0	0.0	St8sia5	not_expressed	
21898	0.015613385217031803	0.0	0.0	0.0	Tlr4	not_expressed	
380785	0.0021559500868169883	0.0	0.0	0.0	Begain	not_expressed	
103988	-0.00401065299229275	-0.0	-0.0	0.0	Gck	not_expressed	
217341	0.0008649899263756034	0.0	0.0	0.0	Qrich2	not_expressed	
233752	0.00023852586655335643	0.0	0.0	0.0	Insc	not_expressed	
21743	-0.002553195832596528	-0.0	-0.0	0.0	Inmt	not_expressed	
107766	-0.0005725902207392665	-0.0	-0.0	0.0	Haao	not_expressed	
22780	0.0012759102174221242	0.0	0.0	0.0	Ikzf3	not_expressed	
14126	-0.002579683187511462	-0.0	-0.0	0.0	Ms4a2	not_expressed	
229003	-0.008570792005017234	-0.0	-0.0	0.0	Helz2	not_expressed	
12845	0.002151726454856176	0.0	0.0	0.0	Comp	not_expressed	
77609	0.008684030202308821	0.0	0.0	0.0	Ccdc151	not_expressed	
12390	0.0016448283503712273	0.0	0.0	0.0	Cav2	not_expressed	
67425	-0.0019404948838830365	-0.0	-0.0	0.0	Eps8l1	not_expressed	
242939	0.0023935184911101828	0.0	0.0	0.0	Cpz	not_expressed	
22351	-0.0011440573160459385	-0.0	-0.0	0.0	Vill	not_expressed	
114886	0.032112746383916174	0.0	0.0	0.0	Cygb	not_expressed	
68764	-0.0006652796653737186	-0.0	-0.0	0.0	Cdhr3	not_expressed	
12266	0.007356103970099988	0.0	0.0	0.0	C3	not_expressed	
320129	-4.490783114365123e-05	-0.0	-0.0	0.0	Grk3	not_expressed	
19124	-0.003425067570285812	-0.0	-0.0	0.0	Procr	not_expressed	
64817	0.013474817979947854	0.0	0.0	0.0	Svep1	not_expressed	
210808	0.0003869830015980545	0.0	0.0	0.0	Lacc1	not_expressed	
22637	0.00036762861980119854	0.0	0.0	0.0	Zap70	not_expressed	
18400	0.005025142989501915	0.0	0.0	0.0	Slc22a18	not_expressed	
574402	-0.010363824539254728	-0.0	-0.0	0.0	Gpr17	not_expressed	
20391	0.0023670772325921053	0.0	0.0	0.0	Sgca	not_expressed	
53604	0.006624372779186822	0.0	0.0	0.0	Zpbp	not_expressed	
12505	0.007725886894818034	0.0	0.0	0.0	Cd44	not_expressed	
232078	-0.0024368784963787094	-0.0	-0.0	0.0	Thnsl2	not_expressed	
18784	-0.0009342959503738794	-0.0	-0.0	0.0	Pla2g5	not_expressed	
71781	-0.003028874883289286	-0.0	-0.0	0.0	Slc16a14	not_expressed	
54195	-0.0015775761551681433	-0.0	-0.0	0.0	Gucy1b1	not_expressed	
68566	0.001438129119668176	0.0	0.0	0.0	Caly	not_expressed	
20295	-0.0029187572739268895	-0.0	-0.0	0.0	Ccl17	not_expressed	
22671	-0.0023154056810551125	-0.0	-0.0	0.0	Rnf112	not_expressed	
213417	0.00283096393890064	0.0	0.0	0.0	Klhdc8a	not_expressed	
233246	-0.0005610828458386249	-0.0	-0.0	0.0	Ano5	not_expressed	
50773	-0.0006124708087416036	-0.0	-0.0	0.0	Nt5c	not_expressed	
434341	0.008221295040870916	0.0	0.0	0.0	Nlrc5	not_expressed	
74748	0.001452740938715815	0.0	0.0	0.0	Slamf8	not_expressed	
12654	0.0027004214488884687	0.0	0.0	0.0	Chil1	not_expressed	
71609	-0.008036565187287669	-0.0	-0.0	0.0	Tradd	not_expressed	
244550	0.0026597834466659575	0.0	0.0	0.0	Podnl1	not_expressed	
66901	0.00011670188979517407	0.0	0.0	0.0	Proz	not_expressed	
230163	-0.004350526857686227	-0.0	-0.0	0.0	Aldob	not_expressed	
21956	0.0005111150709900266	0.0	0.0	0.0	Tnnt2	not_expressed	
100198	0.002352423203468125	0.0	0.0	0.0	H6pd	not_expressed	
14264	-0.0016636916555187588	-0.0	-0.0	0.0	Fmod	not_expressed	
72244	-0.012302909217616707	-0.0	-0.0	0.0	1600014C10Rik	not_expressed	
12501	0.000941252414109239	0.0	0.0	0.0	Cd3e	not_expressed	
20564	0.013189751056217638	0.0	0.0	0.0	Slit3	not_expressed	
76441	-0.0010334008571052276	-0.0	-0.0	0.0	Daam2	not_expressed	
338369	-0.00273113652414155	-0.0	-0.0	0.0	Tmem220	not_expressed	
107527	-0.004556730079571702	-0.0	-0.0	0.0	Il1rl2	not_expressed	
16323	0.0070877982287430264	0.0	0.0	0.0	Inhba	not_expressed	
17085	0.012719853910001706	0.0	0.0	0.0	Ly9	not_expressed	
59308	9.873402897350302e-05	0.0	0.0	0.0	Emcn	not_expressed	
22324	0.00010111271105277085	0.0	0.0	0.0	Vav1	not_expressed	
21384	0.007328997307193974	0.0	0.0	0.0	Tbx15	not_expressed	
20201	0.0034932011503744686	0.0	0.0	0.0	S100a8	not_expressed	
76156	-0.004574414650243258	-0.0	-0.0	0.0	Fam131b	not_expressed	
259302	0.0032725309431856343	0.0	0.0	0.0	Srgap3	not_expressed	
15559	-0.006717526933770497	-0.0	-0.0	0.0	Htr2b	not_expressed	
114644	0.004188072107119149	0.0	0.0	0.0	Slc13a3	not_expressed	
16979	-0.0023315376082948666	-0.0	-0.0	0.0	Lrrn1	not_expressed	
15284	0.017352487931776548	0.0	0.0	0.0	Hlx	not_expressed	
14945	0.002759223301378826	0.0	0.0	0.0	Gzmk	not_expressed	
21389	0.002705397082412303	0.0	0.0	0.0	Tbx6	not_expressed	
70405	0.005927006636457652	0.0	0.0	0.0	Calml3	not_expressed	
19416	4.5769080156552235e-05	0.0	0.0	0.0	Rasd1	not_expressed	
18951	-0.004128261613154713	-0.0	-0.0	0.0	Septin5	not_expressed	
170790	-0.004893769043576177	-0.0	-0.0	0.0	Mlc1	not_expressed	
210719	0.002177797860948464	0.0	0.0	0.0	Mkx	not_expressed	
20371	0.006814279639115621	0.0	0.0	0.0	Foxp3	not_expressed	
269019	-0.007272107188895841	-0.0	-0.0	0.0	Stk32a	not_expressed	
277468	0.005485086802136088	0.0	0.0	0.0	Slc39a12	not_expressed	
110876	0.0006088464265199157	0.0	0.0	0.0	Scn2a	not_expressed	
16181	-0.005140688056420782	-0.0	-0.0	0.0	Il1rn	not_expressed	
16493	0.005943109033587477	0.0	0.0	0.0	Kcna5	not_expressed	
21816	0.0004892529269154583	0.0	0.0	0.0	Tgm1	not_expressed	
11839	-0.0016220013208219032	-0.0	-0.0	0.0	Areg	not_expressed	
231162	0.0006514799137715879	0.0	0.0	0.0	Cytl1	not_expressed	
80286	-0.0015000243238622168	-0.0	-0.0	0.0	Tusc3	not_expressed	
19881	0.0014948424394665958	0.0	0.0	0.0	Rom1	not_expressed	
15111	0.0007787408212777814	0.0	0.0	0.0	Hand2	not_expressed	
72349	0.0027439801256552146	0.0	0.0	0.0	Dusp3	not_expressed	
18667	0.0003195741193770743	0.0	0.0	0.0	Pgr	not_expressed	
233199	0.0007439974721052786	0.0	0.0	0.0	Mybpc2	not_expressed	
12481	0.004969443088838744	0.0	0.0	0.0	Cd2	not_expressed	
23959	-0.007207070370032202	-0.0	-0.0	0.0	Nt5e	not_expressed	
241770	-0.00011788915350245995	-0.0	-0.0	0.0	Rims4	not_expressed	
226999	-0.005450265248321512	-0.0	-0.0	0.0	Slc9a2	not_expressed	
15450	0.0003038108093553925	0.0	0.0	0.0	Lipc	not_expressed	
68016	-0.0014565446118356543	-0.0	-0.0	0.0	Cavin4	not_expressed	
11602	0.0003456204475102457	0.0	0.0	0.0	Angpt4	not_expressed	
12822	0.0033096674491104013	0.0	0.0	0.0	Col18a1	not_expressed	
68846	-0.0007298196014974011	-0.0	-0.0	0.0	Rnf208	not_expressed	
72925	-0.00281023936566409	-0.0	-0.0	0.0	Marchf1	not_expressed	
27273	-0.010071068796640544	-0.0	-0.0	0.0	Pdk4	not_expressed	
225724	0.0012605572828537739	0.0	0.0	0.0	Mapk4	not_expressed	
12346	-0.005972293213230511	-0.0	-0.0	0.0	Car1	not_expressed	
17868	-0.0003824948392255266	-0.0	-0.0	0.0	Mybpc3	not_expressed	
12351	-0.011280598636810388	-0.0	-0.0	0.0	Car4	not_expressed	
435965	-0.0013475620916915145	-0.0	-0.0	0.0	Lrp3	not_expressed	
18619	0.002038884835922879	0.0	0.0	0.0	Penk	not_expressed	
14733	0.00481052459664971	0.0	0.0	0.0	Gpc1	not_expressed	
211739	-0.012817543866653675	-0.0	-0.0	0.0	Vstm2a	not_expressed	
12834	-0.007898773609728557	-0.0	-0.0	0.0	Col6a2	not_expressed	
78558	-0.0009336141258847008	-0.0	-0.0	0.0	Htra3	not_expressed	
224024	0.020998340106350013	0.0	0.0	0.0	Scarf2	not_expressed	
93735	0.0029545514527920032	0.0	0.0	0.0	Wnt16	not_expressed	
71803	0.005893606794450317	0.0	0.0	0.0	Slc25a18	not_expressed	
107503	0.0034991973607352658	0.0	0.0	0.0	Atf5	not_expressed	
22409	0.0038381090752157114	0.0	0.0	0.0	Wnt10a	not_expressed	
81904	-0.0022474126240373104	-0.0	-0.0	0.0	Cacng7	not_expressed	
70726	-0.00427375317203963	-0.0	-0.0	0.0	Angptl6	not_expressed	
170638	-0.00016063209863169094	-0.0	-0.0	0.0	Hpcal4	not_expressed	
12723	0.00018324728306969848	0.0	0.0	0.0	Clcn1	not_expressed	
320747	0.0041197044255368255	0.0	0.0	0.0	Lingo4	not_expressed	
94214	0.01412814765385308	0.0	0.0	0.0	Spock2	not_expressed	
20274	-0.00039856572645682225	-0.0	-0.0	0.0	Scn9a	not_expressed	
13346	0.004350202778543405	0.0	0.0	0.0	Des	not_expressed	
215632	0.009929896867323346	0.0	0.0	0.0	Psd4	not_expressed	
212974	-0.008380921098892137	-0.0	-0.0	0.0	Pgghg	not_expressed	
18782	-0.006211120238556428	-0.0	-0.0	0.0	Pla2g2d	not_expressed	
230904	0.0025308871814791953	0.0	0.0	0.0	Fbxo2	not_expressed	
69454	-0.0031588022373844216	-0.0	-0.0	0.0	Clic3	not_expressed	
15460	-0.00401210782261329	-0.0	-0.0	0.0	Hr	not_expressed	
94332	-0.0029133977023192616	-0.0	-0.0	0.0	Cadm3	not_expressed	
18113	-0.010358738092473008	-0.0	-0.0	0.0	Nnmt	not_expressed	
18816	0.0051205813817675715	0.0	0.0	0.0	Serpinf2	not_expressed	
30955	0.0014238022533828178	0.0	0.0	0.0	Pik3cg	not_expressed	
320563	0.001138958532695391	0.0	0.0	0.0	Islr2	not_expressed	
20277	-8.802779787777327e-05	-0.0	-0.0	0.0	Scnn1b	not_expressed	
243616	-0.004138209228409769	-0.0	-0.0	0.0	Slc6a11	not_expressed	
24131	0.003870586390738256	0.0	0.0	0.0	Ldb3	not_expressed	
101772	0.0017360240759573587	0.0	0.0	0.0	Ano1	not_expressed	
225341	-0.0014735346652700913	-0.0	-0.0	0.0	Lims2	not_expressed	
27409	-0.004923021784584613	-0.0	-0.0	0.0	Abcg5	not_expressed	
80837	-0.01616893112227654	-0.0	-0.0	0.0	Rhoj	not_expressed	
27371	0.002610197418634423	0.0	0.0	0.0	Sh2d2a	not_expressed	
67573	-0.0006384531519178012	-0.0	-0.0	0.0	Loxl4	not_expressed	
244723	0.0038425926275573526	0.0	0.0	0.0	Olfm2	not_expressed	
68680	0.0035051679136171	0.0	0.0	0.0	Fitm1	not_expressed	
77794	0.0014194859653779421	0.0	0.0	0.0	Adamtsl2	not_expressed	
110351	0.0018741135849771214	0.0	0.0	0.0	Rap1gap	not_expressed	
98752	0.0025523877988346353	0.0	0.0	0.0	Fcrla	not_expressed	
78560	-0.002967628934067483	-0.0	-0.0	0.0	Adgra2	not_expressed	
209837	-0.012446513531170902	-0.0	-0.0	0.0	Slc38a5	not_expressed	
20533	0.0071440288046163165	0.0	0.0	0.0	Slc4a1	not_expressed	
50997	-0.002108285144695861	-0.0	-0.0	0.0	Mpp2	not_expressed	
56471	-0.007972606224531574	-0.0	-0.0	0.0	Stmn4	not_expressed	
21924	0.0023829337358990286	0.0	0.0	0.0	Tnnc1	not_expressed	
17313	-0.0028054800981771625	-0.0	-0.0	0.0	Mgp	not_expressed	
228550	-0.0004706584556636998	-0.0	-0.0	0.0	Itpka	not_expressed	
17260	0.008956207153329393	0.0	0.0	0.0	Mef2c	not_expressed	
14125	2.384261224093583e-05	0.0	0.0	0.0	Fcer1a	not_expressed	
21922	-0.0003598334847815238	-0.0	-0.0	0.0	Clec3b	not_expressed	
231004	-0.004899990325584719	-0.0	-0.0	0.0	Samd11	not_expressed	
170483	0.004509993064787887	0.0	0.0	0.0	Grin3b	not_expressed	
654812	-0.00536455197483453	-0.0	-0.0	0.0	Angptl7	not_expressed	
641376	-0.00239676526241127	-0.0	-0.0	0.0	Tomm40l	not_expressed	
58208	-0.0012971804324741843	-0.0	-0.0	0.0	Bcl11b	not_expressed	
279766	0.0059139994051894875	0.0	0.0	0.0	Rhbdd3	not_expressed	
12700	-0.004169884706658664	-0.0	-0.0	0.0	Cish	not_expressed	
269855	0.003517099976028818	0.0	0.0	0.0	Ssc5d	not_expressed	
30806	-0.0007852460784285508	-0.0	-0.0	0.0	Adamts8	not_expressed	
27261	-0.0009346762084211093	-0.0	-0.0	0.0	Dok3	not_expressed	
268747	0.0037471045716356175	0.0	0.0	0.0	Carmil3	not_expressed	
105827	-0.0022342172819376197	-0.0	-0.0	0.0	Amigo2	not_expressed	
12643	-0.005867854784649521	-0.0	-0.0	0.0	Chad	not_expressed	
319660	0.012137202539337338	0.0	0.0	0.0	Agmo	not_expressed	
20776	0.0007760833339599912	0.0	0.0	0.0	Tmie	not_expressed	
98170	-0.01969468920886977	-0.0	-0.0	0.0	Tmem132a	not_expressed	
56264	-0.006390614366483492	-0.0	-0.0	0.0	Cpxm1	not_expressed	
14173	0.0016828698354253765	0.0	0.0	0.0	Fgf2	not_expressed	
13386	0.0020716323048637947	0.0	0.0	0.0	Dlk1	not_expressed	
93874	0.007416460785615121	0.0	0.0	0.0	Pcdhb3	not_expressed	
65115	-0.009370815297574046	-0.0	-0.0	0.0	Bean1	not_expressed	
16173	0.004250209392279453	0.0	0.0	0.0	Il18	not_expressed	
56461	0.0001105018919704937	0.0	0.0	0.0	Kcnip3	not_expressed	
215456	-0.0009213885566244037	-0.0	-0.0	0.0	Gpat2	not_expressed	
13655	-0.0026634505038659623	-0.0	-0.0	0.0	Egr3	not_expressed	
208890	-0.000328305283774581	-0.0	-0.0	0.0	Slc26a7	not_expressed	
210573	0.002484901299594815	0.0	0.0	0.0	Tmem151b	not_expressed	
224697	-0.010128193743933906	-0.0	-0.0	0.0	Adamts10	not_expressed	
12824	0.007057013130897925	0.0	0.0	0.0	Col2a1	not_expressed	
21960	-0.00012698871233322056	-0.0	-0.0	0.0	Tnr	not_expressed	
170743	0.004575746678160451	0.0	0.0	0.0	Tlr7	not_expressed	
11803	0.00014779449475575844	0.0	0.0	0.0	Aplp1	not_expressed	
17916	0.0066294198549797	0.0	0.0	0.0	Myo1f	not_expressed	
64297	-0.005876411895731431	-0.0	-0.0	0.0	Gprc5b	not_expressed	
16170	-0.011177433061628569	-0.0	-0.0	0.0	Il16	not_expressed	
16950	0.005754953614734014	0.0	0.0	0.0	Loxl3	not_expressed	
16527	-0.002600641123539477	-0.0	-0.0	0.0	Kcnk3	not_expressed	
20537	-0.001306915453183864	-0.0	-0.0	0.0	Slc5a1	not_expressed	
68428	-0.006425397285693934	-0.0	-0.0	0.0	Steap3	not_expressed	
72690	0.009569831614338314	0.0	0.0	0.0	Grrp1	not_expressed	
18534	-0.007869736247416647	-0.0	-0.0	0.0	Pck1	not_expressed	
72780	0.004390195355909705	0.0	0.0	0.0	Rspo3	not_expressed	
12458	-0.002446354160339376	-0.0	-0.0	0.0	Ccr6	not_expressed	
14373	0.0041785822601565215	0.0	0.0	0.0	G0s2	not_expressed	
223917	-0.0010737301347815635	-0.0	-0.0	0.0	Krt79	not_expressed	
245827	-0.001095581073117953	-0.0	-0.0	0.0	Fat2	not_expressed	
19039	-0.0043739911456854574	-0.0	-0.0	0.0	Lgals3bp	not_expressed	
75209	-0.0012627690753080425	-0.0	-0.0	0.0	Sv2c	not_expressed	
110784	0.018682703128581783	0.0	0.0	0.0	Nr3c2	not_expressed	
14128	-0.0012401438322674015	-0.0	-0.0	0.0	Fcer2a	not_expressed	
231147	0.004261211994162894	0.0	0.0	0.0	Sh3tc1	not_expressed	
80901	0.0005664520643509457	0.0	0.0	0.0	Cxcr6	not_expressed	
64242	0.008895848246793915	0.0	0.0	0.0	Ngb	not_expressed	
69590	-0.024244455637142132	-0.0	-0.0	0.0	Gpx8	not_expressed	
272428	0.004843806592856346	0.0	0.0	0.0	Acsm5	not_expressed	
56631	-0.0009667859892389985	-0.0	-0.0	0.0	Trim17	not_expressed	
16147	0.010506735538097216	0.0	0.0	0.0	Ihh	not_expressed	
15430	0.002435065481632268	0.0	0.0	0.0	Hoxd10	not_expressed	
69693	0.0053623904392227145	0.0	0.0	0.0	Pof1b	not_expressed	
214253	-0.002573723418763923	-0.0	-0.0	0.0	Etnk2	not_expressed	
20339	-0.0015373320494498478	-0.0	-0.0	0.0	Sele	not_expressed	
20198	0.0073314580788197475	0.0	0.0	0.0	S100a4	not_expressed	
110893	0.003621730475803332	0.0	0.0	0.0	Slc8a3	not_expressed	
23893	0.004360934723449086	0.0	0.0	0.0	Grem2	not_expressed	
21786	-0.0004111983145191585	-0.0	-0.0	0.0	Tff3	not_expressed	
236285	0.0005301002500192312	0.0	0.0	0.0	Lancl3	not_expressed	
668940	0.0011153821602815314	0.0	0.0	0.0	Myh7b	not_expressed	
63993	-0.0010452781809050713	-0.0	-0.0	0.0	Slc5a7	not_expressed	
11670	-0.013214447107526771	-0.0	-0.0	0.0	Aldh3a1	not_expressed	
23967	-0.004513473214579819	-0.0	-0.0	0.0	Osr1	not_expressed	
207181	-0.00886858105022155	-0.0	-0.0	0.0	Rbms3	not_expressed	
80976	0.0007720514924393079	0.0	0.0	0.0	Syt13	not_expressed	
66513	-0.005872714605833362	-0.0	-0.0	0.0	Tab1	not_expressed	
108052	0.006042689341923373	0.0	0.0	0.0	Slc14a1	not_expressed	
58222	-0.0027061973614550617	-0.0	-0.0	0.0	Rab37	not_expressed	
65963	-0.001328083474646778	-0.0	-0.0	0.0	Tmem176b	not_expressed	
381853	0.0030852480269386623	0.0	0.0	0.0	Gipr	not_expressed	
208164	0.0010214737458073915	0.0	0.0	0.0	Fam180a	not_expressed	
18596	0.0064082311601653215	0.0	0.0	0.0	Pdgfrb	not_expressed	
330890	0.0008913667680086283	0.0	0.0	0.0	Piwil4	not_expressed	
14205	0.0038928793732465497	0.0	0.0	0.0	Vegfd	not_expressed	
68458	-0.007295165131602068	-0.0	-0.0	0.0	Ppp1r14a	not_expressed	
11568	0.00597278978550976	0.0	0.0	0.0	Aebp1	not_expressed	
26561	0.007729517065775356	0.0	0.0	0.0	Mmp23	not_expressed	
18121	-0.004194116911308841	-0.0	-0.0	0.0	Nog	not_expressed	
20928	0.012252394919807053	0.0	0.0	0.0	Abcc9	not_expressed	
170721	0.0023125278338037803	0.0	0.0	0.0	Papln	not_expressed	
76854	0.000547872655575252	0.0	0.0	0.0	Gper1	not_expressed	
13654	-0.0016931565086790933	-0.0	-0.0	0.0	Egr2	not_expressed	
12796	-0.0011531313463753754	-0.0	-0.0	0.0	Camp	not_expressed	
17082	-0.002076784296729258	-0.0	-0.0	0.0	Il1rl1	not_expressed	
54167	-0.00030645765907096176	-0.0	-0.0	0.0	Icos	not_expressed	
223646	-0.001473135160059916	-0.0	-0.0	0.0	Naprt	not_expressed	
30794	-0.004185922076649059	-0.0	-0.0	0.0	Pdlim4	not_expressed	
16371	0.0008213407794916335	0.0	0.0	0.0	Irx1	not_expressed	
23794	0.0012297393731091962	0.0	0.0	0.0	Adamts5	not_expressed	
17984	-0.0008412085075686562	-0.0	-0.0	0.0	Ndn	not_expressed	
72310	0.00033501758815132913	0.0	0.0	0.0	Nkg7	not_expressed	
213469	-0.0023303637966147882	-0.0	-0.0	0.0	Lgi3	not_expressed	
18548	0.0013747373407898354	0.0	0.0	0.0	Pcsk1	not_expressed	
13516	-0.005614592783504333	-0.0	-0.0	0.0	Epyc	not_expressed	
171166	-0.003301393723029962	-0.0	-0.0	0.0	Mcoln3	not_expressed	
67272	-0.005175421020445094	-0.0	-0.0	0.0	Cmtm5	not_expressed	
67937	-0.0024216086288770563	-0.0	-0.0	0.0	Tmem59l	not_expressed	
235281	-0.0018411524887378375	-0.0	-0.0	0.0	Scn3b	not_expressed	
13602	0.014436315836207615	0.0	0.0	0.0	Sparcl1	not_expressed	
12322	-0.0026494394183396563	-0.0	-0.0	0.0	Camk2a	not_expressed	
216856	0.001334288169688112	0.0	0.0	0.0	Nlgn2	not_expressed	
497097	-6.97963948485608e-05	-0.0	-0.0	0.0	Xkr4	not_expressed	
240667	0.003328336853087925	0.0	0.0	0.0	Sec31b	not_expressed	
15572	-0.0015828267368123046	-0.0	-0.0	0.0	Elavl4	not_expressed	
74490	-0.0018062115212602523	-0.0	-0.0	0.0	Mamstr	not_expressed	
22412	8.252951919150984e-06	7.305616508069821e-07	1.3525754865833831e-06	6.22013835776401e-07	Wnt9b	neither	-0.016227312286459183
22256	5.178410535622279e-05	1.478727457310622e-06	-3.229939233102943e-05	-3.377811978834005e-05	Ung	neither	0.17404908254931153
20423	4.279915117566326e-05	4.6731981977286005e-06	1.011680933291673e-05	5.443611135188129e-06	Shh	neither	0.1836189435527858
73327	-0.0003190136388396477	5.917961655584958e-06	0.0001712991927435435	0.00016538123108795856	Pradc1	neither	-0.07461884463861192
76044	0.00015527228471393846	6.073368056763124e-06	3.875187161291594e-05	3.267850355615282e-05	Ncapg2	neither	0.3358242151322169
223881	-1.2150884122309901e-05	6.298662458795136e-06	-1.8061321054520376e-06	-8.104794564247174e-06	Rnd1	neither	-0.9776412734801471
66109	-9.345081880167161e-06	6.478547392908356e-06	-4.907713844041926e-08	-6.527624531348775e-06	Tspan13	neither	-1.7321837410807324
268451	-6.570922396106152e-05	6.587486457178202e-06	1.8805705273581327e-05	1.2218218816403125e-05	Rab11fip4	neither	-0.20117746104233808
16881	9.316604164897051e-05	7.023920758260602e-06	1.2077264300039094e-05	5.053343541778492e-06	Lig1	neither	0.26129840047739394
75564	-0.00015573781035621115	7.461894186601939e-06	-4.934278747108114e-05	-5.680468165768308e-05	Rsph9	neither	-0.097170239956041
17193	0.0002880967066578605	7.899768723091616e-06	-1.9467547769301996e-05	-2.736731649239361e-05	Mbd4	neither	0.11674990851188516
235040	6.9776977239675035e-06	9.656086755535043e-06	9.332268714701185e-07	-8.722859884064925e-06	Atg4d	neither	1.8270460918964773
327954	2.0730289055060652e-05	1.138312499914791e-05	7.90272661981659e-06	-3.4803983793313194e-06	Dnah2	neither	1.1142355130170987
109674	-0.000378681340139651	1.1478276338818325e-05	2.6189759118328974e-05	1.4711482779510649e-05	Ampd2	neither	-0.07483581184065552
83674	2.4865615853220064e-05	1.1755264917421157e-05	1.5827647542954898e-05	4.072382625533741e-06	Cnnm1	neither	0.5089998674713802
20969	0.00021792217054857332	1.268192603867735e-05	2.622507232942221e-05	1.354314629074486e-05	Sdc1	neither	0.2894320501619857
68567	0.0006420846529014775	1.3050478229450332e-05	0.0003484470217466717	0.00033539654351722137	Cgref1	neither	0.24520845307390512
28240	-0.0001318131481840418	1.3067925012276175e-05	-0.00010662740369514897	-0.00011969532870742514	Trpm2	neither	0.06339816569388866
54710	0.00018349127349540252	1.3392240560949368e-05	-7.644837121618667e-06	-2.1037077682568035e-05	Hs3st3b1	neither	0.17133651886842793
56224	-0.0007488913522230551	1.3734124258939283e-05	2.5754240027745124e-05	1.202011576880584e-05	Tspan5	neither	0.0754644682290032
75141	4.605682886033847e-05	1.5570504281393033e-05	1.5749375423354152e-05	1.788711419611193e-07	Rasd2	neither	0.8190453478864997
14268	-0.00041503881854378224	1.7101053135020842e-05	-0.0002469099261967771	-0.00026401097933179796	Fn1	neither	0.045500001439811755
19268	-0.005105572607870868	1.84776822267359e-05	0.0012296404102405296	0.0012111627280137938	Ptprf	neither	0.09410253667470422
56811	-0.005628015873093352	1.899603137846792e-05	0.0004527431458433677	0.00043374711446489975	Dkk2	neither	-0.07351132450385489
15118	-0.0003515438265554665	1.966805562433282e-05	0.00019836446016157174	0.00017869640453723894	Has3	neither	-0.17510989657184536
108000	-0.0002648209648709332	2.128868784860372e-05	1.677743177048426e-05	-4.511256078119458e-06	Cenpf	neither	0.02944921365022413
22276	-0.00017033660854438648	2.2051294784968557e-05	7.896974800776597e-05	5.691845322279741e-05	Uros	neither	-0.28204305792910933
20650	4.0106014341979744e-05	2.243259971251021e-05	8.05557378244977e-07	-2.162704233426523e-05	Sntb2	neither	1.5671917163558406
70779	-0.002408191184108281	2.396050197695946e-05	-0.0009226590525563207	-0.0009466195545332801	Prdm5	neither	-0.06599638503857208
19041	0.00014976016865864792	2.4017019950202525e-05	0.00014356052981606286	0.00011954350986586034	Ppl	neither	0.26195135371223544
27999	0.0008504388008744662	2.4583647415158032e-05	0.00011248341205645448	8.789976464129645e-05	Fam3c	neither	0.22543998448693126
66771	-9.802583980063468e-05	2.5562812857824287e-05	-1.0342170408374852e-05	-3.590498326619914e-05	Gid4	neither	-0.5423135466255233
106389	2.9315275962699005e-05	2.5820158109972855e-05	2.4751124178412315e-05	-1.06903393156054e-06	Eaf2	neither	1.5437386172387422
72151	-0.0001169909862304025	2.6546990993936417e-05	5.422335542912302e-06	-2.1124655451024114e-05	Rfc5	neither	-0.5565057773391444
107305	-6.078337305999052e-05	3.15715926129415e-05	4.835462233206375e-05	1.678302971912225e-05	Vps37c	neither	-1.027166888327769
17380	-0.0007137359791419749	3.18708189474367e-05	-0.0005885413756095242	-0.0006204121945569609	Mme	neither	-0.05201906525823561
73836	0.001658560050873818	3.207400772877374e-05	-0.00013989998088171436	-0.0001719739886104881	Slc35b2	neither	0.08307210802155868
71145	0.0007167083909899139	3.321408450861784e-05	0.0002745117332041518	0.00024129764869553397	Scara5	neither	0.01492856845780774
103710	0.00026103652977944175	3.384013631982743e-05	-4.5939930761767906e-05	-7.978006708159534e-05	Slc35e4	neither	0.339811062673455
67993	0.002673807190432078	3.565288468539786e-05	-0.00015787572867166964	-0.0001935286133570675	Nudt12	neither	0.07835091965311249
71766	0.0032846753820177754	3.596398334950411e-05	-0.0017422981869478337	-0.0017782621702973377	Raver1	neither	0.13402977640460123
67196	0.0004203486396378265	3.599161606775467e-05	3.4765310409293975e-05	-1.2263056584606915e-06	Ube2t	neither	0.4208045132408757
380924	-0.00022912956777850394	3.940976302594946e-05	-2.8884527301104287e-05	-6.829429032705375e-05	Olfm4	neither	-0.40682147918370964
55988	-0.0001089139590137454	3.947853327062128e-05	2.0158212084350647e-05	-1.9320321186270635e-05	Snx12	neither	-0.8902575194241015
109620	-0.0004663579999906877	4.148548653484286e-05	-0.00037266066669434456	-0.0004141461532291874	Dsp	neither	0.019839379883280796
72776	0.0034061986463031417	4.539001963980124e-05	-0.000855645883858475	-0.0009010359034982762	Sass6	neither	0.14009771657785045
230582	-0.0003030550831182288	4.550180436880117e-05	-7.004910823381711e-05	-0.00011555091260261827	Cyb5rl	neither	-0.17606186845763824
107508	0.0002480690616455506	4.594671874610397e-05	4.6069031186567335e-05	1.2231244046336334e-07	Eprs	neither	0.7034193554702676
19263	-0.00028880938442988745	4.697381534339292e-05	-1.8097311728976724e-05	-6.507112707236965e-05	Ptprb	neither	-0.34798180777512305
20419	0.0025584097133607444	4.746283297844993e-05	0.0004054506265411571	0.0003579877935627071	Shcbp1	neither	0.15934562507745115
77579	-0.008051027274750011	4.7884695850205674e-05	-0.0017898367854694596	-0.0018377214813196652	Myh10	neither	0.06713063876480843
13836	0.00017449025388138666	5.211586796344274e-05	7.513880410004973e-05	2.3022936136606985e-05	Epha2	neither	0.6870061483883152
232146	0.00010396256463040846	5.259548950822027e-05	0.00015575238615830566	0.0001031568966500854	Eva1a	neither	1.2879605512179482
104871	-0.00027327836251529974	5.285655147388309e-05	-9.678317105358584e-05	-0.00014963972252746892	Spata7	neither	-0.4183180405355663
240638	-0.005102302074965508	5.325232845772e-05	0.0015379219030429124	0.0014846695745851925	Slc16a12	neither	-0.15042299503957854
109242	0.00480840339369229	5.3392287320182714e-05	-0.0019715893820878407	-0.0020249816694080233	Kif24	neither	0.056544878389620155
18190	0.0001296311839348256	5.545797522018177e-05	6.509076754706225e-05	9.632792326880475e-06	Nrxn2	neither	0.447911247623294
28040	-0.000332829125330114	5.546981142425256e-05	-5.94157909372518e-05	-0.00011488560236150435	D6Wsu163e	neither	-0.41859375038439106
74100	-0.0018329420881908602	5.789125927987885e-05	-0.0015494925440848436	-0.0016073838033647224	Arpp21	neither	-0.050614277112833894
84036	-0.0013599364994244614	6.094910496845354e-05	0.00017958310996079942	0.00011863400499234588	Kcnn1	neither	-0.22433967789033724
208228	0.0007341034111717261	6.09949480759669e-05	-0.0003030028018908274	-0.0003639977499667943	Mob3a	neither	0.1495786472101883
216760	-0.00020214754972277746	6.174065997590578e-05	1.479805463211132e-05	-4.6942605343794465e-05	Mfap3	neither	-0.7274114292516773
76960	-0.00010423569943868483	6.189748798775736e-05	6.747283748289702e-05	5.5753494951396565e-06	Bcas1	neither	-1.5678993706891584
22271	0.01119834872452596	6.198747119354649e-05	0.010417627996806641	0.010355640525613094	Upp1	neither	0.12209963974917906
67103	-0.0003106848889180113	6.770235602303725e-05	-0.00018233884633989006	-0.0002500412023629273	Ptgr1	neither	-0.3215583934613084
68760	-0.00017388529756955594	6.874968365882525e-05	2.129749514925508e-05	-4.745218850957017e-05	Synpo2l	neither	-0.528498021173292
16526	0.00019220614358831018	6.960089372195751e-05	8.942077963319312e-05	1.9819885911235614e-05	Kcnk2	neither	0.3116326817571354
29859	-0.00021795807138669194	6.988628631872128e-05	3.986195573311669e-05	-3.0024330585604595e-05	Sult4a1	neither	-0.6986863098052969
17874	-0.0009966061341048302	7.161188956155257e-05	0.00010211605469055494	3.050416512900237e-05	Myd88	neither	-0.1617705320438505
94040	-0.00568270655815414	7.166178424607931e-05	0.0007341044519128374	0.0006624426676667581	Clmn	neither	-0.15793524274255458
219228	-0.002186501890333149	7.410485965493473e-05	-0.000764631694973609	-0.0008387365546285438	Pcdh17	neither	-0.1477867003330803
269016	-0.00011716320648448888	7.607912200400366e-05	4.305172072749327e-05	-3.302740127651039e-05	Sh3rf2	neither	-1.382425939332898
103968	0.0001381592473734725	7.775453332610474e-05	-1.3590124369724644e-06	-7.911354576307721e-05	Plin1	neither	1.1806987676966914
66930	-0.00025177986320595386	7.820964195809509e-05	2.0309387177130405e-05	-5.790025478096469e-05	Fank1	neither	-0.7752963678786783
14805	-0.00019586943446672772	7.82975732462752e-05	4.740510918131429e-05	-3.0892464064960906e-05	Grik1	neither	-0.8005701846867675
170745	-0.0006731727787803239	7.898594940777034e-05	0.0001307145124527556	5.172856304498527e-05	Xpnpep2	neither	-0.24835085981765306
320051	0.0004233069196647208	8.654415930282613e-05	0.00022910476238352826	0.00014256060308070215	Exph5	neither	0.28422721392406125
22785	-0.0016775671903552457	8.766942482385679e-05	-0.0004812331450681785	-0.0005689025698920353	Slc30a4	neither	-0.07098385869042478
16513	-0.00024212387906222358	9.061330024540076e-05	-0.00010990104408253979	-0.00020051434432794056	Kcnj10	neither	-0.3183622212350098
72301	0.0013010889685819568	9.064589804874263e-05	-0.0006041953100585787	-0.0006948412081073214	Shisal1	neither	0.1278840857753722
72685	0.0031573871900615505	9.183489998143972e-05	0.0019582697870826203	0.0018664348871011806	Dnajc6	neither	-0.03253833216726186
20350	-0.007302340702887583	9.220555451123084e-05	-0.0047239504260615395	-0.0048161559805727705	Sema3f	neither	-0.11775480695069226
59009	-0.0012290044987670339	9.333690674855347e-05	3.0036800516897464e-06	-9.033322669686372e-05	Sh3rf1	neither	-0.05067120273587907
242819	-0.001443328148356207	9.534526380513819e-05	-0.00020608904034974095	-0.0003014343041548791	Rundc3b	neither	-0.028049049591855404
218341	-0.0010543739461016865	9.561320993211448e-05	-0.00038997672888254313	-0.0004855899388146576	Rfesd	neither	-0.13107344902518658
74199	-0.0009594570032992712	9.756672864781677e-05	9.335463913824332e-05	-4.212089509573452e-06	Vit	neither	-0.185674056123418
268859	-0.00044328080911860783	9.75771308179506e-05	0.00016166576027104284	6.408862945309223e-05	Rbfox1	neither	-0.44574519165283605
140792	-0.0006305023745388645	0.00010002728664553121	-0.00014375401769658859	-0.0002437813043421198	Colec12	neither	-0.35834700539183784
192187	-0.0049914621010736186	0.00010108258841706562	-0.002696174868006961	-0.0027972574564240267	Stab1	neither	0.05448383811243891
51801	0.00047949732522968276	0.00010244040966335264	0.00017747668374788384	7.50362740845312e-05	Ramp1	neither	0.2299246507182903
60363	-0.00047805364748052155	0.00010390409156596038	-7.901666718788633e-06	-0.00011180575828474902	Cldn15	neither	-0.3598537250615852
52276	-0.0020016107223409744	0.00010621960122784153	0.0017933854155230472	0.0016871658142952057	Cdca8	neither	0.04115024058780336
77116	-0.0004650021172061698	0.00010698372472410246	-0.00012038197124190629	-0.00022736569596600874	Mtmr2	neither	-0.4265080515758345
100705	0.011025642126597244	0.00010757562303107504	-0.004760514593679285	-0.00486809021671036	Acacb	neither	-0.017199610318285312
19126	-0.0003496718914830296	0.00010796392289524262	-3.93443630340309e-05	-0.00014730828592927352	Prom1	neither	-0.6769076917771608
12311	0.0003180782824586813	0.00010903624322426095	0.00018859996190772962	7.956371868346866e-05	Calcr	neither	0.749256677298711
17387	0.001095973192061985	0.00011018139760158445	5.629969722182726e-06	-0.00010455142787940172	Mmp14	neither	0.17622762464011915
234593	-0.00020634756366446345	0.00011212512418986438	8.217075912737997e-05	-2.995436506248441e-05	Ndrg4	neither	-1.34260652389514
11684	0.000431072131576171	0.00011228976835858067	-0.0001631086398640431	-0.0002753984082226238	Alox12	neither	0.8452328956735362
239319	0.00023183467551410076	0.0001124796718182361	-0.00013984378520436465	-0.00025232345702260074	Card6	neither	1.259893692904373
18476	0.002394416549371954	0.00011288352498263734	1.1731021687308984e-05	-0.00010115250329532836	Pafah1b3	neither	0.10710771478129019
16510	-0.00033841278750029307	0.00011382253192292213	6.262979342212171e-06	-0.00010755955258070995	Kcnh1	neither	-0.7519068355901272
21664	-0.0012829720239321677	0.00011628012011376593	-0.00040827871651677493	-0.0005245588366305408	Phlda1	neither	-0.21763927662957328
13106	0.001709055397216613	0.00012040226177905723	0.0006219725392548667	0.0005015702774758095	Cyp2e1	neither	0.221230204404108
12416	-0.001251876648665967	0.00012051911699721055	0.0003451719486939528	0.00022465283169674223	Cbx2	neither	-0.11791766129340692
23792	-0.0005853015454201021	0.00012084850239515359	-0.0002615197982146084	-0.00038236830060976197	Adam23	neither	-0.19150142125121858
67216	-0.000963187128238366	0.0001226919107247927	5.906123345394972e-05	-6.363067727084298e-05	Mboat2	neither	-0.3326082542788813
13058	0.003053388462847711	0.00012635015982007683	-0.0012410701602148823	-0.001367420320034959	Cybb	neither	-0.006054929931697846
17064	-0.002834296592782568	0.00012830755333834243	0.0004382145111849574	0.00030990695784661494	Cd93	neither	-0.06980726280068829
15936	0.0027293642901533694	0.00012969356466531871	0.0016049576379005399	0.001475264073235221	Ier2	neither	0.12764387258245585
58802	-0.00041203335942944624	0.00013015929814471692	-9.364087103070476e-05	-0.00022380016917542168	Kcnmb4	neither	-0.7626194254779455
70261	-0.00018694857848741545	0.00013333933521052858	3.226356988660448e-05	-0.00010107576532392411	Chp2	neither	-0.8507618692171989
11931	0.004163261207813652	0.0001350567619280832	0.0010532714701380593	0.0009182147082099761	Atp1b1	neither	0.18048473280565386
329324	-0.000330467603033562	0.00013538534389233057	-7.0070613731552516e-06	-0.0001423924052654858	Syt14	neither	-0.8588578181737503
13506	-0.00042314336084471545	0.00013793403687543493	0.0001308304071642752	-7.1036297111597385e-06	Dsc2	neither	-0.8226535376387554
209584	0.0026483850388579664	0.00013904696558087037	-0.0015514619879960698	-0.0016905089535769401	Tyw3	neither	0.196216936932463
320633	-0.0022282258744347905	0.0001400421589590771	-0.0003788320118916385	-0.0005188741708507156	Zbtb26	neither	-0.12365853642194821
56513	-0.0021081749750987804	0.0001419228239210697	0.0007126963353965211	0.0005707735114754514	Pard6a	neither	-0.3163703109619084
71994	-0.0002141420158166429	0.00014207995983864496	0.00016136121082643221	1.9281250987787256e-05	Cnn3	neither	-1.6761381461190001
94229	-0.0008893793550160598	0.0001438870442179839	-7.369666575755598e-05	-0.00021758370997553987	Slc4a10	neither	-0.3858964838355508
12823	-0.0008973013166765729	0.00014396237535231715	0.00011117405460189251	-3.2788320750424646e-05	Col19a1	neither	-0.32601023916907695
330908	-0.0035142315805061527	0.0001464146510636278	-1.3018681547918767e-05	-0.00015943333261154657	Opcml	neither	-0.15565921287456905
546134	0.000288058394874735	0.00014922903407227375	0.0001357951416749154	-1.3433892397358353e-05	Gramd2	neither	0.8521076801332728
245026	-0.0003444765265654154	0.00014937613643502422	0.0001970121819037104	4.763604546868618e-05	Col6a6	neither	-0.9881671566394614
107449	0.0010941613435209584	0.00014971207154381596	0.0005891959039609236	0.00043948383241710764	Unc5b	neither	0.30492877228763865
72930	-0.0002835026248241039	0.00015244786075578203	0.00015430173578828588	1.8538750325038501e-06	Ppp2r2b	neither	-1.4159821713864078
114713	-0.00037376066347462436	0.0001526333148907472	5.353223967956055e-06	-0.00014728009092279115	Rasa2	neither	-0.8634321326219676
66990	-0.0005617124698063799	0.00015362746315800157	-3.9718506836953607e-05	-0.00019334596999495517	Tmem134	neither	-0.6775321076545633
17079	-0.00013101407522524762	0.00015556253646741518	4.356398040667654e-05	-0.00011199855606073864	Cd180	neither	-1.3454866978208342
268527	-0.0032548688919800902	0.00015742392866837385	-0.0001625179439683636	-0.0003199418726367374	Greb1	neither	-0.09774735390302619
74901	-0.000558342926702865	0.00015769103317316222	0.0001255419783036191	-3.2149054869543134e-05	Kbtbd11	neither	-0.7325754331277942
54720	-0.005385631430660745	0.00015993458765851064	-0.00045742900109476715	-0.0006173635887532778	Rcan1	neither	-0.02473280058612197
192976	-0.000740907753175796	0.0001620707670397844	0.00020945528462433855	4.738451758455416e-05	Lrrc75a	neither	-0.22566577695251086
224674	-0.0021219563330426134	0.00016300921677952777	-0.0004890719525959208	-0.0006520811693754486	Slc37a1	neither	0.007544300760861016
56419	-0.0011723002985214144	0.00016412489914896172	0.00025926510195592857	9.514020280696685e-05	Diaph3	neither	-0.22866729969801344
12683	0.002843373516183694	0.00016607018868100977	0.00327283686971133	0.00310676668103032	Cidea	neither	-0.05992050285992342
73094	0.0012847665911951936	0.00016880972854663517	-0.00016641186108747692	-0.00033522158963411207	Sgip1	neither	0.4587651626189643
16420	-0.001187511742764756	0.00016885341570233663	0.00016959322065182646	7.398049494898291e-07	Itgb6	neither	-0.3161885993614801
384061	-0.007854750323461496	0.00016940010100622966	-0.0006146703618058145	-0.0007840704628120441	Fndc5	neither	-0.029967551517080738
75669	-0.0003752868897341049	0.00017298318559994503	0.00024173326984958327	6.875008424963824e-05	Pik3r4	neither	-1.2054676468682959
72016	0.00043905295085012276	0.00017298345727815258	-1.7473123986886998e-05	-0.00019045658126503958	Tedc2	neither	1.0035527128964457
217410	-0.0006656211469932256	0.00017653914903272886	-3.5508294739022535e-05	-0.0002120474437717514	Trib2	neither	-0.6239215542163038
243362	-0.0001586450969310351	0.00017728965552469653	0.0001982819281290026	2.0992272604306077e-05	Stard13	maternal	-2.972893341818019
14773	-0.012597968092451393	0.0001776475934754519	-0.0011248939055220385	-0.0013025414989974904	Grk5	neither	0.04836791587166838
11554	-0.002894619649691591	0.00017835565817933134	-0.0007752664927905168	-0.0009536221509698481	Adrb1	neither	-0.020343458816775645
72584	-0.0008955477859143697	0.00017889065437577526	7.519224899546255e-05	-0.00010369840538031271	Cul4b	neither	-0.29435931512844227
18227	-0.0004933005680279059	0.00017907387611429903	-0.00018141119828148886	-0.0003604850743957879	Nr4a2	neither	-0.817023014253029
21847	-0.001027418579120481	0.00017933274902590194	-0.0006394594712972291	-0.0008187922203231311	Klf10	neither	-0.3363380089534495
384763	-0.00046079670557743754	0.00018132434606226209	3.082743519895986e-05	-0.00015049691086330223	Zfp667	neither	-0.7653872356132342
140721	-0.001497808248913302	0.0001816435978121269	0.0003741040391665967	0.00019246044135446983	Caskin2	neither	-0.2796210530163799
67426	0.0004989569757984555	0.00018301903034059647	9.465036671202031e-05	-8.836866362857616e-05	Coq8a	neither	0.6764514273831039
330671	0.00015088820680248606	0.00018425252278176464	6.048962390209505e-05	-0.0001237628988796696	B4galnt4	neither	1.5571104401843388
54420	-0.00013571416579372103	0.00018745410732470003	0.00023519984443769296	4.774573711299293e-05	Cldn8	neither	-3.130002482443408
234199	0.0020965150094842708	0.00018841773103667414	0.0014072543822356827	0.0012188366511990086	Fgl1	neither	0.24753207976153804
108927	-0.0007700731869396608	0.0001892616440983059	4.712985037460995e-05	-0.00014213179372369594	Lhfp	neither	-0.5646536258489868
68777	0.0010889048134901833	0.00018933029503150355	-0.00015369132722328792	-0.00034302162225479147	Tmem53	neither	0.2292194079561996
77976	0.003236289143026024	0.0001903771373814167	0.001559826706845752	0.0013694495694643353	Nuak1	neither	0.20846792170349662
16854	0.01364004924050753	0.00019156705460090712	0.009081946812325187	0.00889037975772428	Lgals3	neither	0.02574804893109756
18039	0.0023145431654496003	0.00019308160540981929	0.0005160827772065881	0.0003230011717967688	Nefl	neither	0.21934202535589167
72415	0.0023801668778237243	0.00019428124289886834	-0.00021963061676799934	-0.0004139118596668677	Sgo1	neither	0.4374638059727796
217203	0.0013544303124446474	0.0001978756508543764	-0.0007942791787206628	-0.0009921548295750392	Tmem106a	neither	0.38047610953692995
330301	0.0023707319366773143	0.00019804496554028082	0.0006253003557573622	0.0004272553902170814	Zfp786	neither	0.1330553209093338
243574	-0.0003967791485516086	0.00019925110657238035	9.336151353774205e-05	-0.0001058895930346383	Kbtbd8	neither	-1.1108400801330376
72287	0.004420749148728363	0.0002006815776412544	0.003470108349793478	0.0032694267721522234	Plekhf1	neither	0.027392409185874707
237175	0.0024627210036267896	0.0002029126932853753	0.001893927588298419	0.0016910148950130437	Adgrg2	neither	0.11651769623963576
19769	-0.004482029329828428	0.0002118903888264471	0.0008638609930659242	0.0006519706042394771	Rit1	neither	0.0020971154570618017
192678	0.0006640384235313161	0.00021348727650675645	-3.9793736602201553e-05	-0.000253281013108958	Rassf3	neither	1.047646698395672
108089	-0.0043266971996787406	0.00021411580854056235	0.0002698629460821463	5.574713754158398e-05	Rnf144a	neither	-0.11282110465989698
14732	0.00045422390857505283	0.00021485149060197921	0.00015543251692767243	-5.941897367430678e-05	Gpam	neither	0.889039089264358
70008	-0.0015262548076944483	0.00021592948380973407	0.0004213170617107783	0.00020538757790104423	Ace2	neither	-0.18995359059336125
666048	0.0014527465935809114	0.00021924546702079605	0.000779423839555319	0.000560178372534523	Trabd2b	neither	0.3536806397870992
226861	-0.0003381309418485704	0.00021941321455895102	0.000200134716369232	-1.9278498189719012e-05	Hhat	neither	-1.6253422053838753
18162	-0.004031748801313012	0.00022327455791336577	-0.0019012069120205655	-0.0021244814699339313	Npr3	neither	-0.07230731355496389
106347	-0.0002216920981459808	0.00022463054326331793	0.00013583339199764013	-8.87971512656778e-05	Ildr1	neither	-2.5336731994319868
246707	-0.0006936055506402405	0.00022657500312425532	0.00020671280703234672	-1.98621960919086e-05	Emilin2	neither	-0.8176837941968618
214804	0.000816600893732323	0.0002274293764746949	0.0003705026930376733	0.0001430733165629784	Syde2	neither	0.6740087130377267
16403	-0.002174792930446789	0.0002298107613224791	-8.86719618817558e-05	-0.0003184827232042349	Itga6	neither	-0.10871729034428039
105243	-0.0005353766346111023	0.00023097184587018367	0.00010504191027239766	-0.000125929935597786	Slc9a3	neither	-1.0060746341162297
433938	-0.001616134528292822	0.00024209301052101548	0.00014830696153416326	-9.378604898685223e-05	Mn1	neither	-0.2585769175144721
223272	-0.0004964690585670038	0.0002446682618455045	0.0002582837933681002	1.361553152259571e-05	Itgbl1	neither	-0.7956313603070758
108147	-0.008335049805479429	0.0002455949228415096	0.0027789251842213285	0.002533330261379819	Atic	neither	-0.08307403652867362
140580	-0.0005294406619213612	0.0002478326620695982	0.00016992413311682657	-7.790852895277165e-05	Elmo1	neither	-0.9708746409996128
22350	0.003558066291396172	0.0002508802857458013	0.0011479301165232645	0.0008970498307774631	Ezr	neither	0.20421855072372574
17196	-0.0026565579997708698	0.00025123241755881727	-0.0010439530302850531	-0.0012951854478438704	Mbp	neither	-0.23547502087828873
329650	-0.0018999328544522533	0.0002518734599107304	0.00016632439795256646	-8.554906195816392e-05	Med12l	neither	-0.2806568392022603
100048534	-0.006529000836466177	0.0002583608751619243	-0.0034980700109355574	-0.0037564308860974817	Cfap43	neither	-0.21943151838779396
231125	0.00538738267538264	0.00026125931386856147	0.0011118811566575234	0.000850621842788962	Zfyve28	neither	0.03338177197996087
71820	0.0014365558660302793	0.0002623240276902196	0.0008790461085091889	0.0006167220808189692	Wdr34	neither	0.6032219295016202
23836	-0.00022251589566980864	0.00026267334650189857	0.0002632509096033201	5.775631014215345e-07	Cdh20	neither	-1.41405278231655
319991	0.0003003597125369459	0.00026394429354438125	0.00018579544382296237	-7.814884972141888e-05	Kif6	neither	0.7661022322125326
23969	-0.0005653249674946409	0.00026785312885814765	0.00010042715599226754	-0.0001674259728658801	Pacsin1	neither	-1.3041630979278045
224093	0.004094171138322739	0.00027040991758887114	0.0017063509207898245	0.0014359410032009534	Fam43a	neither	-0.009409464182006373
70129	0.0032796631096677358	0.000271203030808013	0.0011361387803189185	0.0008649357495109054	Slc44a4	neither	0.16865146753436472
17127	-0.0019037317571818306	0.0002729003153177131	0.00040812020306070116	0.00013521988774298807	Smad3	neither	-0.2476264818777804
83603	-0.004979974354810818	0.0002732968370079456	-0.004013736650638424	-0.0042870334876463695	Elovl4	neither	-0.17726902033156694
14763	-0.002947059831269949	0.00027605202941618075	-0.0004241365305744501	-0.0007001885599906308	Gpr37	neither	-0.2181933452064919
74013	-0.0005863168586459376	0.00027756159977210905	0.0002657155227287647	-1.1846077043344342e-05	Rftn2	neither	-0.7185320208257256
239364	-0.00028546098392974635	0.0002789218351593062	0.0002272532852145509	-5.166854994475528e-05	Tspyl5	neither	-0.9559337461381484
13618	-0.0019226293445313474	0.0002798178260681599	-2.7652297086459422e-05	-0.0003074701231546193	Ednrb	neither	-0.28046537880489886
68010	-0.0013567672359673466	0.0002836161440774498	-0.00021164712202746994	-0.0004952632661049197	Bambi	neither	-0.4754769134889575
74717	-0.0012136673713165219	0.00028524285106538234	0.0005096739196415132	0.00022443106857613086	Spata17	neither	-0.5532997074882375
319670	0.0034438889568593157	0.00028931127381765035	0.0007838920567917253	0.000494580782974075	Eml5	neither	0.268896337400691
16497	0.004143441128023314	0.00029045649648221875	0.0008149990182724335	0.0005245425217902148	Kcnab1	neither	0.09933899164012434
104271	-0.0028239366354709428	0.0002937018148308219	-0.00026073566368707774	-0.0005544374785178996	Tex15	neither	-0.14109044341351965
67800	0.0005715348906211328	0.00029468616600967406	-4.992140937772303e-05	-0.0003446075753873971	Dgat2	neither	1.0217945373593602
54126	-0.0006721716767594257	0.0002961907563279141	0.00015301219366179293	-0.00014317856266612115	Arhgef7	neither	-1.1038124166997823
26415	0.0004964043637653366	0.00029872350073311955	7.976435445841741e-05	-0.00021895914627470214	Mapk13	neither	1.1722711169453564
14760	0.005233902768576118	0.00029881780746012117	0.0008051898390264492	0.000506372031566328	Gpr19	neither	0.1616439489224141
235134	0.001184840131558048	0.00029937510467069344	0.00026406024065942234	-3.5314864011271106e-05	Nfrkb	neither	0.7749501471537005
228482	0.0009767504640355736	0.00030147289034134937	-2.884440276609332e-05	-0.00033031729310744267	Arhgap11a	neither	1.065092624122585
72017	-0.0020875346576473297	0.00030952000543950044	-0.0025065357392401186	-0.0028160557446796192	Cyb5r1	neither	-0.10697829577368503
102774	0.005123868412230477	0.0003123815162420942	0.0009317883161242826	0.0006194067998821883	Bbs4	neither	0.30601296502998065
20296	-0.00045622747074482395	0.00031260978692427297	0.00021156674234677644	-0.00010104304457749652	Ccl2	neither	-1.2235055597565063
20532	0.0004248266622277261	0.0003128941643009851	0.00020213023993130162	-0.0001107639243696835	Slc3a1	neither	0.8330357634411336
18212	0.011254290794006942	0.00031293609454513473	0.005168151849250904	0.00485521575470577	Ntrk2	neither	0.20973946134500435
226777	0.0002624876761754871	0.00031352678018881466	0.00022963850109483116	-8.38882790939835e-05	C130074G19Rik	neither	2.672521301581617
330355	-0.0005198025193304171	0.00031383771141536897	0.00017990860781001345	-0.00013392910360535552	Dnah6	neither	-1.342999227701634
20449	-0.0011562764980828423	0.00031619395162919346	-0.0002854424657453482	-0.0006016364173745416	St8sia1	neither	-0.40641598782218524
70423	-0.0014049744419728683	0.0003183903625811407	-0.0003141333794953299	-0.0006325237420764707	Tspan15	neither	-0.5439266510332083
50765	0.00320736773714898	0.00032076143120718067	0.0011685911559450985	0.0008478297247379178	Tfr2	neither	0.3158070122745306
327957	0.0010382147761095497	0.0003241497617310377	0.0007058673991184613	0.00038171763738742355	Scimp	neither	0.5122993684145879
77015	-0.0007936592397233021	0.0003262127413658697	-0.00017568645840556528	-0.000501899199771435	Mpped2	neither	-0.8031456642178858
66011	-0.010062805088938337	0.00033364440973164284	0.0012914922665128237	0.0009578478567811809	Ranbp17	neither	-0.01633494161180244
347722	-0.0008658909857863534	0.0003366042026260406	-1.6223929148571567e-06	-0.0003382265955408978	Agap1	neither	-0.9304009707117482
73075	-0.0004274632700654101	0.00033663526825697285	0.00026550550005053795	-7.11297682064349e-05	Ppil6	neither	-1.760543237963013
57444	-0.004829426229828328	0.0003383995288229877	0.0013093439581443463	0.0009709444293213587	Isg20	neither	-0.2200747735178596
19246	0.0003004552012101995	0.0003388778249683118	8.641763791534216e-05	-0.0002524601870529696	Ptpn1	neither	3.083063834880881
18441	-0.0027300879047574642	0.0003466897780321867	-0.0017568850697135207	-0.0021035748477457074	P2ry1	neither	-0.3109820974586737
66349	-0.0006189036492562962	0.00035386946054727787	0.0004944528391551845	0.00014058337860790664	Dmac2	neither	-1.5512204244819563
72778	0.0021131770469986415	0.0003542838354116374	0.0010878297399630494	0.000733545904551412	Dnajc22	neither	0.28058281801687607
12038	-0.005116708581738962	0.000359412104813462	-0.001194656555998955	-0.001554068660812417	Bche	neither	-0.24048685571734835
74761	-0.004223642435902725	0.00036347066034320364	0.0005245759522212883	0.00016110529187808462	Mxra8	neither	-0.24767452791332176
67703	0.0012268250833582747	0.0003650855996590162	0.0009128983453256848	0.0005478127456666686	Kirrel3	neither	0.3950314879751469
378431	-0.0006121674863635715	0.00036725588627635963	-8.524471920604437e-05	-0.000452500605482404	Txlnb	neither	-0.5054782891478604
50500	-0.001669937679760252	0.0003677731144474001	0.00018460750382624788	-0.0001831656106211522	Ttpa	neither	-0.4483872882348723
67375	0.001452056036789434	0.000368382665432521	9.00992765459811e-05	-0.0002782833888865399	Qprt	neither	0.2979800468642391
381379	0.004237654818756498	0.00038120386099912886	-0.0011549652128990204	-0.0015361690738981493	Med19	neither	0.35619470129571673
99010	-0.0010290214405114348	0.0003828453028465362	0.0005047955510270032	0.00012195024818046696	Lpcat4	neither	-1.0771790825518803
272636	0.001293380698081668	0.0003850296912315721	0.000655214517116109	0.00027018482588453695	Esyt3	neither	0.6917404513019859
237387	0.0010584049736308446	0.00038561194293442797	0.0004109941782497335	2.5382235315305553e-05	Lrrc3	neither	0.47964351967231744
235534	0.003045439242340661	0.0003864247546367422	0.00025519345719017094	-0.00013123129744657127	Pxylp1	neither	0.12679974269892802
56078	0.0042749664000178945	0.000389302915492847	0.002325726955622222	0.001936424040129375	Car5b	neither	0.29882211943378084
225358	0.0005454835428515454	0.0003894846817301318	0.00021967098712167603	-0.0001698136946084558	Fam13b	neither	2.023912476719723
12333	-0.0012096409094880724	0.00038975346040108385	0.0005995231453316329	0.00020976968493054908	Capn1	neither	-0.6807331102314444
207259	-0.00227494197031522	0.0003926004772509051	-0.0001387425519161463	-0.0005313430291670514	Zbtb7c	neither	-0.2738717405582392
20912	0.0008013748241933218	0.0003959924537467451	0.0004364963919172914	4.05039381705463e-05	Stxbp3	neither	1.4123026291914096
216867	-0.002183582655200881	0.0003981868611094936	0.00027668724379721767	-0.0001214996173122759	Slc16a11	neither	-0.4352817686524406
80909	-0.0020329677401231985	0.00040006343541977617	0.0005222445167896818	0.00012218108136990567	Castor2	neither	-0.4324250371753099
76459	-0.004554407613922748	0.00040011046297085926	-0.0018480705759790325	-0.0022481810389498916	Car12	neither	-0.23410713951300455
67976	0.005498735133152973	0.0004010782114138405	0.0021667987868957315	0.001765720575481891	Trabd	neither	0.018628409040417567
226098	-0.000896872698134958	0.0004041081859344412	0.00022372611879870955	-0.00018038206713573166	Hectd2	neither	-1.1239352312454642
18563	-0.01265691294727794	0.00040747731793194314	0.0046551684254782216	0.004247691107546279	Pcx	neither	-0.06752071353651537
13497	-0.0016437865306014173	0.00040784873833913456	-0.0008489421002622424	-0.001256790838601377	Drp2	neither	-0.19027438827666412
109205	-0.0018699660606842578	0.00041209136280185205	-0.0008942589963808861	-0.0013063503591827382	Sobp	neither	-0.3341708244733398
15945	-0.002366988906438771	0.000412162335221328	-0.0025272849451685587	-0.0029394472803898866	Cxcl10	neither	-0.3073727817944292
71755	-0.0011392538348109378	0.0004131587923501228	-0.0005020040086621071	-0.0009151628010122298	Dhdh	neither	-0.735951629213664
208518	-0.000803758173781378	0.00041621718338715575	0.0003343988148396258	-8.181836854752995e-05	Cep78	neither	-1.2906045832110877
22224	0.0006919671496428722	0.000418536416533048	-0.00016418753617568796	-0.000582723952708736	Usp10	neither	1.7763347251185966
74666	0.0012504873824964922	0.0004246101628666062	-0.0004568895016665965	-0.0008814996645332027	4930432K21Rik	neither	0.964528524190066
68070	-0.0051667621806836305	0.00042463696979944723	-0.0004731927323400151	-0.0008978297021394624	Pdzd2	neither	-0.03819207397835867
16590	-0.0017703467796176913	0.00042945699597956194	0.00029098643087563484	-0.0001384705651039271	Kit	neither	-0.5057055221684902
319613	-0.0007446909207476935	0.0004319309097795154	0.0003705824684987824	-6.1348441280733e-05	Sybu	neither	-1.2925487711082106
78412	0.0007369525054508317	0.00043642507805999076	-0.00032607148801264835	-0.0007624965660726392	Cyren	neither	0.8402631439639047
101685	0.0019151042769537771	0.0004369743973106044	-0.0002538519836483571	-0.0006908263809589615	Spty2d1	neither	0.7492305770922585
11480	0.0006609843508642543	0.00043720802366772194	0.00016397833173239422	-0.0002732296919353277	Acvr2a	neither	1.775333127940269
12190	0.0027018860080149244	0.0004393617379616846	-0.00014542721440122776	-0.0005847889523629123	Brca2	neither	0.7592117984271917
50874	0.0017413999888668385	0.00044106636864570673	0.001102482059288403	0.0006614156906426963	Tmod4	neither	0.37804869576591227
11352	-0.0048148434425327406	0.00044252766919457076	-0.0002784610556462499	-0.0007209887248408207	Abl2	neither	-0.027073174046661312
14163	-0.0013407798003773107	0.0004459279297896979	0.00014855347524848263	-0.0002973744545412153	Fgd1	neither	-0.7585302562089203
75345	0.0033042370512131295	0.00044834602046236045	-0.0017327360686431841	-0.0021810820891055445	Slamf7	neither	0.3351866587126155
105171	-0.0012091203632268999	0.00044850043381694505	-0.00042881569008281195	-0.0008773161238997569	Arrdc3	neither	-0.8608140326965218
70676	-0.0005684987824720662	0.0004515472971208146	0.0003790285158751851	-7.251878124562953e-05	Gulp1	neither	-1.7541202414316073
75690	0.0032182088178681237	0.00045240770861551636	-0.0010119406792145646	-0.0014643483878300808	Vsig10l	neither	0.23387613163809878
216350	0.004173636770704651	0.00045657051637426653	0.002058166438658068	0.0016015959222838013	Tspan8	neither	0.2840532520897728
100434	0.0014878054089542295	0.00045698634774075464	0.0002336250484843884	-0.00022336129925636623	Slc44a1	neither	0.9350154334213229
14276	0.0007967225477717974	0.0004592293732618511	-0.00010405615252724594	-0.000563285525789097	Folr2	neither	1.0261257978153902
80890	0.002300191210353975	0.0004677541696105378	0.0005982447913611531	0.00013049062175061527	Trim2	neither	0.40483606572783853
12903	-0.0026501421823725553	0.00046789428208795814	-0.002430365635752291	-0.002898259917840249	Crabp1	neither	-0.2988775058016009
73407	-0.001246185037346598	0.00048637942181480043	-0.0007041616181556976	-0.001190541039970498	Tepp	neither	-0.4404656380303942
12140	-0.0004053903538182923	0.0004930851045484754	0.0003178756146786811	-0.00017520948986979432	Fabp7	neither	-1.9106777205549788
382913	-0.002074496036832091	0.0004940484114392431	0.0005238561833218702	2.980777188262712e-05	Neil2	neither	-0.5903196886823104
68801	-0.00855993984776258	0.0005067376420559095	-0.00032648780713382997	-0.0008332254491897394	Elovl5	neither	-0.09302842979474615
224171	0.00787965110041052	0.0005074659804536948	0.0008773542887024583	0.0003698883082487635	Cip2a	neither	0.34895600685695477
72008	-0.002089547764498024	0.0005107993003538598	0.0004306152094548697	-8.018409089899007e-05	Zfyve19	neither	-0.6200339164014732
106869	-0.0007589313507146917	0.0005113723941826455	-5.074771225393193e-05	-0.0005621201064365774	Tnfaip8	neither	-1.731166358899646
328381	-0.0011000236085044093	0.0005171035370730554	0.0006015813951165114	8.447785804345596e-05	Sh2d4b	neither	-0.7705073857379819
70454	0.0009338571843711446	0.0005227335841636007	0.0003880537392186557	-0.00013467984494494497	Cenpl	neither	1.532855224088276
14536	-0.00601641803192309	0.0005235710722693057	-0.001125497051008095	-0.0016490681232774005	Nr6a1	neither	-0.028630111461839334
20778	-0.002097941389426626	0.0005235803280967536	0.00024099600693944134	-0.00028258432115731223	Scarb1	neither	-0.6414812660349088
227197	0.0017729504880728282	0.0005284776644787529	0.0006917885834960904	0.00016331091901733744	Ndufs1	neither	0.8669416364754776
20682	0.0030961289015451828	0.0005396802443860011	0.0016274266785170823	0.0010877464341310812	Sox9	neither	0.1879939656083791
26377	-0.002634215085128339	0.00054058819731546	-0.0002784072819073071	-0.0008189954792227671	Dapp1	neither	-0.46310696470516655
211484	-0.0007886938517100809	0.0005498208951969352	0.00029430894322353055	-0.0002555119519734046	Tsga10	neither	-1.756407094900098
217262	-0.001083159643287255	0.0005500811098938477	-0.0002088414284414664	-0.0007589225383353141	Abca9	neither	-0.9178072172379682
57443	-0.0008244282836233398	0.0005516012273400155	0.00029614793589341346	-0.00025545329144660204	Fbxo3	neither	-1.7011467519314556
17756	-0.001554035820977178	0.0005597627163602138	0.00012846832119459836	-0.00043129439516561543	Map2	neither	-0.8694397501783765
29877	0.008137944079622884	0.0005606530039413763	0.0013554873452900596	0.0007948343413486833	Hdgfl3	neither	0.07312643132884104
72097	0.0016563726458312512	0.0005634459571353829	0.0005347324593891309	-2.8713497746251965e-05	Cracdl	neither	0.46612117855786067
245595	-0.0016358922894475307	0.0005688857394453733	-0.0008651958905888319	-0.0014340816300342052	Zfp711	neither	-0.6581976579097472
408022	0.0040696011679663795	0.0005716937075554312	0.00014951654986562117	-0.00042217715768981003	Primpol	neither	0.46099235094741003
16591	-0.002180454950017878	0.0005770846279952534	-0.0002941686685953134	-0.0008712532965905668	Kl	neither	-0.2676418123809913
94091	-0.001434383453318819	0.0005817478073937086	0.002022913551704602	0.0014411657443108934	Trim11	neither	-0.9545930840964385
16656	-0.0034701559320840813	0.0005851948934097877	0.0012591848243212495	0.0006739899309114618	Hivep3	neither	-0.36586006281629746
12827	-0.0010218474747388572	0.0005871445596336106	-4.206937581109138e-05	-0.0006292139354447019	Col4a2	neither	-0.8359172996631866
15200	-0.007828196778235425	0.0005884967850062951	-0.006118363814778903	-0.006706860599785198	Hbegf	neither	-0.14657595441221397
52245	-0.0008244398861402414	0.0005891673067638545	0.0007562516175182288	0.00016708431075437434	Commd2	neither	-1.8231166542835582
192232	-0.0014637902824931497	0.0005891704113907847	0.0006376821844710636	4.8511773080278935e-05	Hps4	neither	-0.8559601451061581
75668	0.0007990310373892891	0.000591547652242818	0.0006758184043189208	8.427075207610279e-05	Rasl10a	neither	1.1134582104719197
330812	-0.01075699509934741	0.0005961414192181325	-0.005167292380308911	-0.005763433799527044	Rnf150	neither	-0.12698783440100758
53972	-0.0013746757336526806	0.0006032969765014081	0.0009063910264198382	0.00030309404991843013	Ngef	neither	-0.9829171319563235
84035	-0.0038409825084361865	0.0006072811696536269	3.5012445897051625e-05	-0.0005722687237565752	Kremen1	neither	-0.3620133157195221
15904	0.008303195165122214	0.0006161437881522769	0.0032762601591416617	0.0026601163709893847	Id4	neither	0.2210528205028012
268780	-0.0009988213164651935	0.000617432173752675	0.0006356624959055145	1.82303221528395e-05	Egflam	neither	-1.0331699494563276
14067	-0.002142413775130938	0.0006207989979306891	0.0009357563952084216	0.00031495739727773245	F5	neither	-0.5501519529478729
76179	-0.009807985077936574	0.0006261004589464239	0.0010251979341042584	0.00039909747515783447	Usp31	neither	-0.05032971384223974
22779	-0.006153550227625046	0.0006291301253248031	-0.00029204827511839887	-0.000921178400443202	Ikzf2	neither	-0.261036898028733
69129	0.001165576572492428	0.0006327262214770159	0.000150583738864235	-0.00048214248261278087	Pex11g	neither	1.0003171675661529
108098	-0.003032509675761348	0.0006477444116199911	0.0019027227888629649	0.0012549783772429737	Med21	neither	-0.39022938132175244
214685	0.006203890208672328	0.0006541934683944813	-0.0034015576451952487	-0.00405575111358973	Chadl	neither	0.14415298554306788
71998	-0.00390096838786623	0.0006596179292145191	0.0024319423685721163	0.0017723244393575972	Slc25a35	neither	-0.3441531051194542
14221	0.0012545978228629031	0.0006629784861760929	0.0003507304973793652	-0.00031224798879672775	Fjx1	neither	0.7481369215068334
56047	0.001605647077075818	0.0006657398036201961	0.0007332048987205855	6.746509510038932e-05	Msln	neither	1.0820835366655055
217946	-0.0017863302763744965	0.0006671679652700901	0.000266605040727411	-0.00040056292454267905	Cdca7l	neither	-0.9171653595013318
233406	0.0016142175112017468	0.0006686918463112277	-7.866396025561297e-06	-0.000676558242336789	Prc1	neither	1.4142249106961913
16975	0.0031652427299693237	0.0006715238045583381	0.0011306088888765658	0.0004590850843182278	Lrp8	neither	0.559964959722359
208650	-0.0013734816780931183	0.0006724913733250506	-3.0378066738895846e-05	-0.0007028694400639464	Cblb	neither	-0.8743409154918649
104346	0.0029858326805612253	0.0006755705076413284	0.0020438156961504993	0.0013682451885091709	Gas8	neither	0.7428962792131255
246048	-0.002948076452086417	0.0006793472944023589	0.0017183013558985597	0.0010389540614962008	Chodl	neither	-0.42384945141933816
18602	-0.0011574592623503142	0.0006805235702183059	0.00022649812055686465	-0.00045402544966144126	Padi4	neither	-0.7180089683347283
16159	0.0008741771945066423	0.0006876404200576622	9.331734648940066e-05	-0.0005943230735682615	Il12a	neither	0.974317613894241
17389	-0.002034992665144348	0.0006897032919047389	-0.0001928480888384083	-0.0008825513807431473	Mmp16	neither	-0.824886957105775
208715	-0.0013082190439530235	0.0006995605342653369	0.000833634383076086	0.00013407384881074908	Hmgcs1	neither	-1.2771632507966142
13008	-0.0009004463165433814	0.0007193664705616859	0.0004264067595239999	-0.000292959711037686	Csrp2	neither	-1.479883693765156
66412	0.003581330089912486	0.0007218334910887193	0.0011264715237636405	0.00040463803267492117	Arrdc4	neither	0.49586317883016096
229228	-0.0012003140002168323	0.0007238874364661985	0.000607673493777196	-0.00011621394268900248	Nudt6	neither	-1.4529297123247626
104445	0.0015365705196738447	0.0007274182716256061	0.0009843598040230159	0.0002569415323974098	Cdc42ep1	neither	0.49301465828041785
52589	-0.000707146859712893	0.0007315194358842367	0.0005296395483327194	-0.00020187988755151728	Ncald	neither	-2.672350366290334
100040591	-0.0007441906117460623	0.0007376072739351795	-0.0008150700886487082	-0.0015526773625838875	Kcnj13	neither	-2.0372062718540906
12519	-0.003447993139658148	0.0007388337549336054	-0.004115981088053956	-0.0048548148429875615	Cd80	neither	-0.3151570644039417
21825	0.0050966354382378475	0.0007419227740446593	0.003224551903070447	0.0024826291290257875	Thbs1	neither	0.20800601842975078
50490	-0.010669334746565996	0.0007445061755267476	-0.004128268800566727	-0.004872774976093474	Nox4	neither	-0.08061025263291773
73747	-0.001649400738747865	0.0007488639965600874	0.0005670787337505827	-0.0001817852628095047	Shld1	neither	-0.9524385413274281
234267	-0.0029375181340175536	0.0007492779904849525	0.0001563875780373288	-0.0005928904124476238	Gpm6a	neither	-0.5442335249494198
12525	0.006504697214896615	0.0007610958035317887	0.005380204904869769	0.00461910910133798	Cd8a	neither	0.1509219251780941
22417	0.0030393788937929244	0.0007705061167236823	0.00198421948032285	0.0012137133635991676	Wnt4	neither	0.42853748621634263
68802	0.0014000762974884123	0.0007764582997569871	0.0008060034427461275	2.9545142989140455e-05	Mypn	neither	0.9301192726366798
54519	0.004552428963798626	0.0007799900823191908	0.0005132179679978979	-0.00026677211432129286	Apbb1ip	neither	0.16194833387658514
57265	0.0037810615238172314	0.0007843742563090331	0.00015251850031457444	-0.0006318557559944587	Fzd2	neither	0.3790121513015481
19417	0.0019269570906073627	0.0007845996784031514	0.00036912216685850335	-0.0004154775115446481	Rasgrf1	neither	0.8145874756940773
19395	0.002602804896776643	0.0007909113605852113	0.001201189577613249	0.0004102782170280377	Rasgrp2	neither	0.5508683209621333
13710	-0.0028229416453769258	0.0007944760917094108	0.00030259643806992476	-0.000491879653639486	Elf3	neither	-0.634931289063541
109272	0.0010242412081732661	0.0007981389432828193	0.0013356765327230096	0.0005375375894401904	Mybpc1	neither	1.4312395820323227
13850	0.0038959261063235507	0.0007982106848034918	-0.0002527739509386199	-0.0010509846357421118	Ephx2	neither	0.3769423076024489
18526	-0.001712407422784955	0.0007986683198009226	-0.0003281591934725199	-0.0011268275132734426	Pcdh10	neither	-1.0367016544523153
14761	-0.0030125815196076614	0.000803230505681238	0.001819121002114218	0.00101589049643298	Gpr27	neither	-0.5575515987294533
633640	0.0028721497537908514	0.0008153481553869406	0.001191839180972284	0.00037649102558534326	Tmem267	neither	0.892733142591488
22223	-0.000936725461062931	0.0008164303709207053	0.0003110047724552707	-0.0005054255984654346	Uchl1	neither	-2.183174236809055
73379	-0.004527226138534574	0.0008268368173602849	0.00016980336170429455	-0.0006570334556559904	Dcbld2	neither	-0.3379249828903986
72042	-0.006778252756910606	0.0008286873776224939	-0.0018204734372091272	-0.002649160814831621	Cotl1	neither	-0.3127212849286399
67865	-0.003540963150757651	0.0008338779194275054	0.0005995200505226034	-0.00023435786890490195	Rgs10	neither	-0.5544628741991345
109019	0.0020314768566399802	0.0008372129337553203	0.0010851280185729965	0.00024791508481767624	Nabp1	neither	1.3359618118300105
14062	0.0029113761536593602	0.0008381947583553815	0.002103016235881593	0.0012648214775262115	F2r	neither	0.519333460186291
20536	0.0018479748386271966	0.0008440664483537998	0.00014981654881351944	-0.0006942498995402803	Slc4a3	neither	0.7455711220247859
320662	-0.0009049474603932399	0.0008491736206184227	0.0005594982931575401	-0.0002896753274608826	Casc1	neither	-2.2972709241934184
11733	-0.0026277970856870797	0.0008523996456009991	0.0011058982842977775	0.0002534986386967784	Ank1	neither	-0.500014426252347
54326	-0.007190688739822625	0.0008525112264806834	-0.00394172858974586	-0.0047942398162265434	Elovl2	neither	-0.2527044075750166
74091	0.0006558626441455957	0.0008604754804669793	0.0003463911708722418	-0.0005140843095947376	Npl	neither	3.6658766693768454
83429	-0.001529612964988494	0.0008748401157448592	0.00047670708792823803	-0.0003981330278166212	Ctns	neither	-0.9321183652617866
65970	0.002102232420725937	0.0008830098332910725	0.00035101381094027224	-0.0005319960223508002	Lima1	neither	1.1219365732453295
16764	-0.003321681603946491	0.0008847391873079488	0.00022722248153756727	-0.0006575167057703815	Aff3	neither	-0.656778909188058
53374	0.005457479067950627	0.0008912814440638527	-2.143490118769722e-05	-0.0009127163452515499	Chst3	neither	0.2434964494007889
12326	-0.0023228433488682483	0.0008926014659085558	0.002059459870044475	0.001166858404135919	Camk4	neither	-0.31275466798693025
78977	0.00875484136774717	0.000894908525079002	0.0003224220172608876	-0.0005724865078181145	Popdc3	neither	0.3169980272877499
55987	-0.0014006851450045156	0.0008965592593691312	0.0006024400068367498	-0.0002941192525323814	Cpxm2	neither	-1.116029082683191
18453	0.0010856504738018845	0.000897259220030197	0.00031198939992383774	-0.0005852698201063594	P4hb	neither	2.4787844023120753
14544	-0.002205410763167079	0.0009052922068184802	0.0002771060716696916	-0.0006281861351487886	Gda	neither	-0.9570173349865859
73822	0.0006513959156210393	0.0009071128129141752	0.00016529876257194288	-0.0007418140503422323	Mfsd12	neither	2.014154380831796
16400	-0.0051277008975905486	0.0009157506028107873	-0.0015026989585164453	-0.0024184495613272326	Itga3	neither	-0.0697741015706782
239554	0.0036387256031312006	0.0009176201439238109	-0.000650362902414822	-0.0015679830463386328	Foxred2	neither	0.4770924605223444
64929	-0.001170521064243403	0.0009225691348162063	7.717690287978765e-05	-0.0008453922319364187	Scel	neither	-1.9723717228857047
269774	0.006054626056312603	0.0009241648738419975	-0.0005034320045196851	-0.0014275968783616826	Aak1	neither	0.5083617674378273
67784	0.0022667960297604395	0.000934351667207502	0.0003245398584235343	-0.0006098118087839677	Plxnd1	neither	0.4926438411326627
11593	0.0011276261999284454	0.0009350902937124407	0.0006826250949894583	-0.0002524651987229824	Aga	neither	1.045267696664894
26878	-0.00908000915088219	0.0009366165158016907	0.0007913154194352806	-0.0001453010963664101	B3galt2	neither	-0.1076679853648872
74589	-0.00601768555348323	0.0009621129740332068	0.0012926168182316481	0.0003305038441984413	Kbtbd12	neither	-0.27589833264123753
71876	-0.0011390438770681785	0.0009681660376639203	0.0008727381070871213	-9.542793057679903e-05	Cenpu	neither	-2.267672917614067
12483	0.012200907947333953	0.0009745352181194569	0.001924553492261978	0.0009500182741425211	Cd22	neither	0.08794581688913365
214137	0.007650982044054724	0.000977052188352556	-0.0007551004235807884	-0.0017321526119333443	Arhgap29	neither	0.5578627027145627
22342	-0.006568081069428826	0.0009814632184194847	-0.0019575437922663983	-0.002939007010685883	Lin7b	neither	-0.013490454694251214
239273	-0.0015090343807004603	0.0009855739493383625	0.00035588406987334766	-0.0006296898794650148	Abcc4	neither	-1.3454124920776451
19659	-0.0024349050675833398	0.00099820687958604	-0.0012054207179797536	-0.0022036275975657934	Rbp1	neither	-0.5671310554829989
18205	-0.0007240739038279438	0.0009997280643583195	0.00017221588354257607	-0.0008275121808157434	Ntf3	neither	-1.9799746649660694
243983	-0.0019247351890772373	0.001009954610180721	0.001011205414975492	1.2508047947709221e-06	Zdhhc13	neither	-1.3843660278686682
14605	-0.00549756313038111	0.0010245440963799876	-0.005151135549457411	-0.006175679645837399	Tsc22d3	neither	-0.367457526267509
228778	-0.002647640678089094	0.0010318491499945106	-0.000272559374633047	-0.0013044085246275575	6820408C15Rik	neither	-0.5944089443588593
19739	-0.0017777076338108457	0.0010320589387153164	0.0004943236488129403	-0.0005377352899023761	Rgs9	neither	-0.75475071812458
209558	0.002677142732928151	0.0010370642186388415	0.002749132370881746	0.0017120681522429044	Enpp3	neither	0.7962229936465852
242505	0.0061472846331382764	0.0010465377821156474	0.0022989681623938364	0.001252430380278189	Rasef	neither	0.39812809691666096
22063	0.004781300785543073	0.0010556025624803775	0.0040302504914381514	0.002974647928957774	Trpc1	neither	0.4163701029272045
57746	0.0009688329029287943	0.0010607232354221084	0.000848778200754956	-0.00021194503466715245	Piwil2	neither	2.682035975396793
17350	0.0032431445070781415	0.0010618190507743364	0.0011676533586652137	0.00010583430789087725	Mlh1	neither	0.5676196862479804
22370	-0.00393161809118075	0.0010659988050862699	0.004970820658893401	0.003904821853807131	Vtn	neither	-0.4964011370940617
17300	-0.0032352272645287112	0.0010663040695381694	0.0004102344890908641	-0.0006560695804473052	Foxc1	neither	-0.7450180220576431
227327	-0.0025416235103792105	0.0010892747118504784	0.0008071880557066885	-0.0002820866561437899	B3gnt7	neither	-1.0347272424275977
74147	-0.0030865772043170625	0.0010925293114741543	-0.0009683168321799755	-0.0020608461436541297	Ehhadh	neither	-0.5017463824839872
68099	-0.002848711924517107	0.001093605939737369	-3.214664776571785e-05	-0.0011257525875030868	Cibar1	neither	-0.8931601357351096
279561	0.0015560855046492762	0.0011000260903033493	0.0004521198584733713	-0.0006479062318299779	Wnk3	neither	1.9538700623212617
380713	0.0008003747912227198	0.0011010440467578147	0.00025583040441639016	-0.0008452136423414244	Scarf1	neither	1.9106482626638088
54609	0.006561171277594542	0.0011010447778043353	-0.0011716630670612022	-0.0022727078448655375	Ubqln2	neither	0.6140283716444491
78134	-0.007038567169713895	0.001102675118361651	-0.0015139172775977372	-0.002616592395959388	Lpar4	neither	-0.00259067953716176
235028	-0.009033549491400408	0.0011046556369766712	0.0006780729814289252	-0.0004265826555477461	Zfp426	neither	-0.2641724990544049
13824	-0.0012323149632313256	0.0011083270358663965	2.5686445130707614e-05	-0.0010826405907356888	Epb41l4a	neither	-2.289335523152465
240087	0.002159448850730363	0.001116171004821269	-0.00010323195974259406	-0.001219402964563863	Mdc1	neither	1.5225712306919683
237353	-0.004620977534842529	0.0011163361331389622	0.0009253665529114825	-0.0001909695802274797	Sh3rf3	neither	-0.553643016648067
67819	0.0045440495701114525	0.0011186588927729305	0.0005253242115871855	-0.000593334681185745	Derl1	neither	0.5866564027911997
23999	-0.0014442593021896058	0.0011242848955484396	0.0007359936650980907	-0.0003882912304503488	Twf2	neither	-1.9077265190652037
627049	0.002556986146210175	0.0011268470810239823	0.0019871793865962836	0.0008603323055723013	Zfp800	neither	0.9962737520378689
64706	-0.008326550573537156	0.0011314872981400977	-0.002116883465011651	-0.003248370763151749	Scube1	neither	-0.12166009742618648
231470	-0.0036083931314847928	0.0011337899314488734	0.00046804954231442037	-0.000665740389134453	Fras1	neither	-0.7885200174543533
83921	0.003236751216124111	0.0011407035268748732	0.0007813304289802743	-0.00035937309789459897	Cemip2	neither	0.9057512360107887
20525	-0.0016085662006271484	0.001144957799818037	0.000932558307533967	-0.0002123994922840699	Slc2a1	neither	-1.7964994808189505
271005	-0.002878184270583684	0.0011488046611260985	0.0001746561923805735	-0.000974148468745525	Klhdc1	neither	-0.9664556272111356
16404	0.005516795194792232	0.0011572955376695582	0.00311742061699901	0.001960125079329452	Itga7	neither	0.41044168323870445
70928	0.0028476235249753684	0.0011602482576573312	0.0017044351973405382	0.000544186939683207	Trim69	neither	0.6289571690766472
16431	-0.00537377736126963	0.001173264526358371	-0.003559350389648809	-0.00473261491600718	Itm2a	neither	-0.24520851175668298
18616	-0.005219792062055774	0.0011862192658677875	-0.001956461477234927	-0.0031426807431027145	Peg3	neither	-0.4092547648472968
218461	-0.002350894206845119	0.0011926306699675073	0.0002618735783553214	-0.0009307570916121859	Pde8b	neither	-0.9212640097720924
17427	0.007238343446025018	0.0011968016612843987	0.004440738721612285	0.0032439370603278865	Mns1	neither	0.5097941383552721
140488	-0.006504170996644577	0.0012003600653234929	-0.0011498015765520461	-0.0023501616418755387	Igf2bp3	neither	-0.31103405142669494
216850	-0.0019442713023656497	0.0012079902433133345	0.000642467958700353	-0.0005655222846129815	Kdm6b	neither	-1.4936493972728075
94180	0.002956631304979798	0.001219424846608047	0.002909555385242761	0.001690130538634714	Acsbg1	neither	0.2613598268150942
67582	-0.0024671825337252823	0.00122250611196387	0.0014008004841973539	0.0001782943722334839	Slc25a26	neither	-1.2522462469438562
320508	-0.006049537042326985	0.0012237445377495674	0.0023722108658528625	0.001148466328103295	Cachd1	neither	-0.48949381825464594
83671	-0.002277285278278617	0.0012248466386207855	0.0010433269739913698	-0.00018151966462941573	Sytl2	neither	-1.39190576271199
14802	-0.0025935521761749278	0.001241488478029632	0.0005563592847117745	-0.0006851291933178574	Gria4	neither	-1.193598834335306
28146	0.0028669882325522886	0.001244835721697829	0.000888724004257139	-0.00035611171744068997	Serp1	neither	1.433946300948165
23928	0.000795826393924926	0.0012568316559773039	0.0002654745884604087	-0.0009913570675168953	Lamc3	neither	2.0308178132457995
234857	-0.001961561925340706	0.0012580581597115153	0.000542388018082408	-0.0007156701416291074	Spire2	neither	-0.9322322852126715
23882	-0.0030773111512576606	0.0012650984877249753	-0.0009532892928568145	-0.00221838778058179	Gadd45g	neither	-0.9512953712496847
19130	-0.002967646524087002	0.0012712979451711545	-0.0005192754351576666	-0.0017905733803288211	Prox1	neither	-0.866108932853137
19275	-0.003461395865681455	0.0012877533331077148	-4.286081435463692e-05	-0.0013306141474623517	Ptprn	neither	-0.4548582312847824
381217	-0.0027521306042979474	0.001295783480889043	-0.0009599708050127683	-0.0022557542859018113	Fam189a2	neither	-0.6338772370653154
225997	-0.0016202238168732215	0.0013036472176979244	0.0002957953219360763	-0.001007851895761848	Trpm6	neither	-1.1369504436944247
15902	-0.0015061563148796324	0.001305703917541814	-0.0006177631230305452	-0.0019234670405723592	Id2	neither	-2.2716860412231847
57890	0.005074683588446881	0.0013218732955861984	0.001388589056755074	6.67157611688755e-05	Il17re	neither	0.2739526534322998
213484	-0.004554586225922959	0.0013381453560337897	-0.0012530950372717363	-0.002591240393305526	Nudt18	neither	-0.16720002278709487
208768	0.0032384401264482013	0.0013589641726815935	-0.00018353052228362065	-0.001542494694965214	Sde2	neither	1.3350960466742325
56794	0.0033760513910366568	0.00137278985864752	0.0010914806169834348	-0.0002813092416640852	Hacl1	neither	0.7423824064435073
30935	0.002661693305968151	0.0013802648260135037	0.0021903234610212313	0.0008100586350077276	Tor3a	neither	1.2047391509084606
319504	-0.007686015991355179	0.0013865847858188193	0.0021333490627125167	0.0007467642768936974	Nrcam	neither	-0.3230353528585819
216049	-0.001707736749924804	0.0013922446050214806	0.0007307014274455756	-0.0006615431775759049	Zfp365	neither	-0.8577879068802805
74166	-0.006020235732401977	0.0014125186925477119	0.003706498465688766	0.0022939797731410545	Tmem38a	neither	-0.5925531542521155
67059	0.0015030128061036061	0.0014274518952175563	0.0006167943463987614	-0.0008106575488187949	Ola1	neither	2.7093815172242497
14369	0.0018160946365038707	0.00142882531319461	0.0011505102822895127	-0.0002783150309050974	Fzd7	neither	2.1923521186365993
12348	-0.005026504403967289	0.0014341639268257312	0.002095762963716915	0.0006615990368911838	Car11	neither	-0.4655794229574968
209966	-0.002497605505137891	0.0014368161721744956	0.0005430028476826166	-0.000893813324491879	Pgbd5	neither	-1.350822832201378
11489	-0.0053463110969576375	0.0014479378131681756	0.001272014724630895	-0.00017592308853728073	Adam12	neither	-0.5327541122823739
320495	-0.002462106141169571	0.0014614627868951432	0.0009922409757894312	-0.000469221811105712	Ipcef1	neither	-1.5125489167717474
16467	0.0028618674220715497	0.0014644684124617226	0.0012709040263517875	-0.00019356438610993506	Atcay	neither	0.8859560516246334
211949	0.002422335310135359	0.0014686432105774558	0.0018197963875190312	0.0003511531769415754	Spsb4	neither	1.3459499488219986
268297	-0.007127045486208032	0.0014760531793320114	-0.0006865510649855476	-0.002162604244317559	Scml4	neither	-0.4678504791008631
54123	0.0020664127570795532	0.0014773670945223785	0.0018892479055054175	0.00041188081098303907	Irf7	neither	1.0541687490428802
16598	0.0018638993462405788	0.001478603846357808	0.0011513372919826274	-0.00032726655437518063	Klf2	neither	2.0743944881972864
226255	-0.019219623346030033	0.00148009323889659	-0.0028405834959403476	-0.004320676734836938	Atrnl1	neither	-0.19406570212796853
67480	0.003008199527017823	0.0014972718666725947	-0.0006982860180451982	-0.002195557884717793	Cwc25	neither	1.4688635782335075
104816	0.0013999422553265786	0.001498974133984258	0.00019675210221904612	-0.001302222031765212	Aspg	neither	1.94895994939526
93838	0.002531427000988115	0.001529504683718381	0.0005214932059560583	-0.0010080114777623228	Dqx1	neither	1.2078667565149943
12286	0.006411520278605145	0.0015372474621414762	0.003957148049007658	0.0024199005868661815	Cacna1a	neither	0.32168591806589353
102124	0.008474905465578709	0.0015587398986252334	0.000906382197859775	-0.0006523577007654585	Enkd1	neither	0.2574836751206649
74202	0.0014017423376302732	0.001568331758776558	0.0011618359940438394	-0.00040649576473271855	Fblim1	neither	1.9892381831239654
12702	0.0038888184503313022	0.0015721456405541126	0.002496548176334424	0.0009244025357803113	Socs3	neither	1.156475523490409
329278	-0.005197690275661182	0.0015824564485165382	0.0023618218323014444	0.0007793653837849062	Tnn	neither	-0.6653098016462212
17153	-0.004166422553111092	0.0015895676292032785	-0.005689022077570669	-0.007278589706773947	Mal	neither	-0.09719840052736045
237211	-0.0027016591007328564	0.0015928658770997855	0.0006020191052869957	-0.00099084677181279	Fancb	neither	-1.4668029540609089
67211	-0.0021485599464974104	0.0015995398326394178	0.0011328312571409242	-0.0004667085754984936	Armc10	neither	-1.9343305863622278
236904	-0.009613946015577003	0.0016058457379988103	-0.000675442931988595	-0.002281288669987405	Klhl15	neither	-0.2878265330117019
12978	-0.022304804731846907	0.001620338175782957	0.007205280618168172	0.005584942442385214	Csf1r	neither	0.14240583954272604
271711	-0.003294462097638365	0.0016254036002301927	0.0006316391285544489	-0.0009937644716757439	Tmem169	neither	-1.2276564570081603
381175	-0.0020185475794110147	0.0016277847222655683	0.0002563469793050555	-0.0013714377429605126	Ccdc68	neither	-1.4350376056052392
330189	0.0034070041998769244	0.001642308821421652	-0.0037732533888630918	-0.005415562210284743	Tmem120b	neither	0.9535128741105127
18230	-0.00340222614235221	0.001649494027454093	0.0011420424463813102	-0.0005074515810727829	Nxn	neither	-0.9683519706989223
232946	0.0058687487966832385	0.0016616639054287607	0.0034519259948324645	0.0017902620894037038	Bloc1s3	neither	0.788851856677515
625249	0.0026223540685092438	0.0016681280715367646	0.00042376706548939675	-0.001244361006047368	Gpx4	neither	1.7436223641186768
18769	-0.009097782086893894	0.001669206119645864	0.00036045171365878893	-0.0013087544059870752	Pkig	neither	-0.4188344112710398
215798	-0.002929960720808131	0.0016736268311740095	0.00048560689475809815	-0.0011880199364159114	Adgrg6	neither	-1.1345898405584267
19245	0.004929717275883442	0.0016941854702655318	0.0038659180422207415	0.0021717325719552098	Ptp4a3	neither	0.7369497433415069
73825	-0.002726498167110394	0.0016978970610277953	0.0013124843113376473	-0.000385412749690148	Ppp1r21	neither	-1.5781361082060454
232976	0.004654152419335131	0.0017062386602837135	-0.0005125141785118254	-0.0022187528387955387	Zfp574	neither	1.0752539093756188
116837	-0.003735413348065755	0.001713945724125141	-0.0006534883474992908	-0.002367434071624432	Rims1	neither	-1.0565850386252307
20104	0.0020659067142241145	0.001716007903351112	0.0008758459914265876	-0.0008401619119245245	Rps6	neither	2.554678673692493
18823	-0.007687922311654762	0.0017224158119639942	-0.000903586002909001	-0.0026260018148729952	Plp1	neither	-0.2794131971589539
13522	-0.005012616683266554	0.0017505221248698942	0.0008064611382451918	-0.0009440609866247023	Adam28	neither	-0.7348285573646854
170711	-0.006388403086572764	0.0017785335794755018	0.0025370291540708933	0.0007584955745953915	Otud7a	neither	-0.4355999753111994
18985	0.0066771074960605	0.001787345812890621	0.003876363208004097	0.002089017395113476	Pou2af1	neither	0.2868810219442916
14026	-0.008022844750861943	0.0018063297877055013	0.0005209419930939254	-0.001285387794611576	Evl	neither	-0.4971733691800178
319634	-0.005694700085309093	0.0018120737304034124	0.00027976586193794963	-0.0015323078684654629	Efcab5	neither	-0.5859764109085686
20462	0.0038345450895223006	0.0018140010459129037	0.0019543478871899217	0.00014034684127701806	Tra2b	neither	1.5941010072791377
66279	-0.010098466594810491	0.0018553742307588915	0.0016282651608586492	-0.00022710906990024236	Tmem218	neither	-0.4163450438717845
50784	-0.0034021401255449764	0.0018767631527427083	0.0010971838951379764	-0.0007795792576047319	Plpp2	neither	-0.9650322363772567
11720	-0.0017878327102936473	0.0018777470961288422	0.0015424258443769248	-0.00033532125175191746	Mat1a	neither	-2.0737706171062107
72607	-0.005289984021398303	0.0018828724407964194	0.0005316420595849931	-0.0013512303812114263	Usp13	neither	-0.8331474741150089
26912	-0.003929352773975019	0.0018856388673421638	0.0012978970912069377	-0.0005877417761352261	Gcat	neither	-0.7591292697062655
20377	0.006029207237918537	0.0018878815133201127	0.005640990033397574	0.0037531085200774614	Sfrp1	neither	0.6979252182281376
53625	-0.0029459242271584842	0.0018953731296144625	0.002345206949827799	0.00044983382021333666	B3gnt2	neither	-1.593521103069624
225913	-0.005632875624605075	0.0019019179553902011	0.0004044004451503913	-0.00149751751023981	Tkfc	neither	-0.3976382845986391
15939	0.003444933043967898	0.0019077511405452522	0.0026266447615512535	0.0007188936210060014	Ier5	neither	1.5374899384742347
72050	-0.002333696625123389	0.0019433070160337997	0.0023303810239398643	0.00038707400790606453	Poglut2	neither	-1.8923248321708557
12449	0.0026245478725624443	0.0019529504037717352	0.0005605898018505117	-0.0013923606019212234	Ccnf	neither	2.112849008507726
66999	-0.0033702226195834106	0.0019749946918688264	0.0011191523294644136	-0.0008558423624044128	Med28	neither	-1.3948507509559742
67238	0.003621144026490216	0.0019962640887949967	0.0016637714400419491	-0.0003324926487530476	Fam220a	neither	1.0101864496701163
16531	-0.005402889730599097	0.002003036689490074	0.0015573240907415442	-0.00044571259874852994	Kcnma1	neither	-0.9366245210289276
272347	0.0054410710784466975	0.002012431683924431	-0.0004470622704563902	-0.002459493954380821	Zfp398	neither	1.014795089222902
78376	0.0021734515237224142	0.0020335484238680973	0.00026829349986434524	-0.0017652549240037522	Sapcd1	neither	1.1635873904330438
207792	-0.0033837076878875222	0.002036342777017111	0.004026996442701234	0.001990653665684123	BC034090	neither	-0.6130651473895963
83433	0.0066823913177917575	0.002036546927434249	0.0009017138447077189	-0.00113483308272653	Trem2	neither	0.3925274663480727
240354	0.009109451060527721	0.0020420644380498153	0.0034591499210245443	0.001417085482974729	Malt1	neither	0.6376236707589729
22021	0.004202416649387022	0.0020536790568797666	0.002031384314221428	-2.2294742658338432e-05	Tpst1	neither	1.1270599162160215
66083	-0.0036536128536047954	0.002061299752409942	0.0007281710347784088	-0.0013331287176315332	Setd6	neither	-1.426835544856137
75750	0.004886719361070042	0.0020643013905767295	0.001345341862390761	-0.0007189595281859686	Slc10a6	neither	1.2539381073830682
55963	0.0019436090613441442	0.0020655367115904114	0.0008021058655540041	-0.0012634308460364072	Slc1a4	neither	2.057133417982552
19342	-0.00332626942840431	0.0020821749921931306	0.0016853558311025532	-0.00039681916109057737	Rab4b	neither	-1.1353239508276567
70574	-0.007045767421958782	0.002089480257532215	0.0012724031632119534	-0.0008170770943202617	Cpm	neither	-0.7678416408096446
193838	0.005522446668715436	0.002100630832909992	0.0017429980241298727	-0.00035763280878011914	Eme2	neither	0.6107995849770397
245527	0.016142362226853994	0.0021148050793869267	-0.002268025788150936	-0.004382830867537863	Eda2r	neither	0.31279577585022383
18415	-0.00621618276966716	0.002124255987077103	5.177755892648294e-05	-0.00207247842815062	Hspa4l	neither	-0.8280761548285066
114606	-0.004379905440133372	0.0021261668364877763	0.0013167138023278218	-0.0008094530341599545	Tle6	neither	-1.3536029965578968
14184	0.0038457720679741856	0.0021522205072391104	0.004170704039205596	0.002018483531966486	Fgfr3	neither	1.2173243125844317
68728	-0.003971698059617672	0.002173551885000872	0.0003010905975966591	-0.001872461287404213	Trp53inp2	neither	-1.3402504455893989
67419	0.008840881596193288	0.002190457905472883	0.0005568400383229249	-0.0016336178671499581	Armh4	neither	0.44309550318239027
56523	0.0028442280896821583	0.002196228139532328	0.0009829791063736741	-0.001213249033158654	Pmfbp1	neither	1.3974036042530138
241226	-0.005373779671130777	0.002225861721243201	0.0005884028471364299	-0.001637458874106771	Itga8	neither	-1.0153279515137004
71607	-0.010697780229215756	0.002229975273606256	0.004486362477607818	0.0022563872040015616	Snx20	neither	-0.35970395123515164
20343	-0.006314444021553099	0.0022482424127770123	-0.001472954747411624	-0.0037211971601886365	Sell	neither	-0.4200037336654572
230514	0.005006375585280446	0.0022556624518548004	-0.0005744854162335377	-0.002830147868088338	Leprot	neither	0.9788836736240357
268860	0.008957964064028868	0.002315914277817285	-4.6304081291772294e-05	-0.0023622183591090573	Abat	neither	0.48577100575564924
319953	-0.003172984227723746	0.002331897733350952	0.0008696863419441166	-0.0014622113914068353	Ttll1	neither	-1.7273814589821324
56213	-0.003187399115165473	0.002335461545565051	0.0025734154620258983	0.00023795391646084726	Htra1	neither	-2.0635022794343456
12166	0.0034439904685178626	0.002337977851801547	0.0014985667250419505	-0.0008394111267595965	Bmpr1a	neither	1.9837469533531726
56527	0.003211600981666583	0.0023703561571455397	0.0008374517598196251	-0.0015329043973259147	Mast1	neither	0.9088940921765689
217558	0.0031517562964326696	0.002376392873259814	0.002768436741145628	0.0003920438678858139	G2e3	neither	2.15945462926688
23871	-0.010399107891887364	0.0023861227000650815	5.3238832235961306e-05	-0.00233288386782912	Ets1	neither	-0.3840326072679336
71699	-0.0033153804829627034	0.0024212169113221643	0.0019250259124104219	-0.0004961909989117425	Slc41a3	neither	-0.6865882115796318
72948	-0.005279749494293716	0.002450005475226368	-0.003291169745392741	-0.005741175220619109	Tppp	neither	-0.6859481503194558
68799	0.012578652828936701	0.0024613260246067006	0.0020344457857576718	-0.0004268802388490288	Rgmb	neither	0.5877492536176139
105727	-0.015955558585375538	0.002468152479264629	0.0022090064957660826	-0.0002591459834985462	Slc38a1	neither	-0.3189591952496323
19703	0.001788074475648422	0.0024694913994145772	0.0028491746356991924	0.00037968323628461515	Renbp	neither	3.3881522559665167
194388	-0.004382676291959356	0.0025212050345489174	0.0028666559046672986	0.0003454508701183812	Tet3	neither	-1.4255449457952223
56017	0.004645987082622747	0.0025611227343204966	0.003993718328304378	0.0014325955939838812	Slc2a8	neither	1.036621984847317
74241	-0.00555426548295677	0.0025667727790413607	0.0031144011387109548	0.0005476283596695941	Chpf	neither	-0.5149389040668961
213208	0.005642577452054515	0.002611019034694732	0.005885715520736168	0.0032746964860414364	Il20rb	neither	0.6009688132543716
17189	-0.003523485933538705	0.002671746882984078	0.0017187427990854065	-0.0009530040838986713	Mb	neither	-1.1258895091779901
229599	0.0070302659641367764	0.0026731224628851226	-0.0009604897612228305	-0.003633612224107953	Ciart	neither	0.8414598861613123
12830	-0.010618673375556291	0.0026822324427205383	0.003346165802399985	0.0006639333596794466	Col4a5	neither	-0.2651985879998986
224661	0.002771006038261176	0.0026860427399017835	0.001407278059256227	-0.0012787646806455566	Slc26a8	neither	1.754796025371934
20474	0.01416496432178908	0.002692867749531872	0.005999372188939836	0.003306504439407964	Six4	neither	0.5598468566670978
20288	-0.005088414025366108	0.002694311356074971	0.0067293066854641325	0.004034995329389161	Msr1	neither	-0.6282701402691101
11606	-0.0036536394298330404	0.0026965135682481536	0.0008384058785128321	-0.0018581076897353215	Agt	neither	-0.7991648312747924
66329	-0.008433304910434923	0.0027065244270286556	-0.0009761805019860829	-0.0036827049290147386	Susd3	neither	-0.8317870663192124
13681	-0.005503844736524996	0.0027109278162186527	0.004440755717556471	0.0017298279013378184	Eif4a1	neither	-1.1620071072306413
54366	-0.007266311495577958	0.0027428920771399357	-0.0008172326741524796	-0.0035601247512924154	Ctnnal1	neither	-0.8195127849023508
14735	0.013129678648785247	0.002745992714302862	0.009580900562280432	0.0068349078479775695	Gpc4	neither	0.3791150417650262
75782	-0.003920068818896408	0.002773408949983597	0.0015070328428588697	-0.0012663761071247275	Lca5	neither	-1.6504711261830842
64705	-0.002450847566630356	0.002782894242304525	0.0017920595253265563	-0.0009908347169779689	Dpys	maternal	-2.8534456333130436
244653	-0.004035093236948224	0.002797596551164352	0.0010250578011132448	-0.001772538750051107	Hydin	neither	-1.574395201831973
60594	-0.004058055548581871	0.002853529140955045	0.0003037907358855318	-0.0025497384050695133	Capn12	neither	-1.0259037031084908
234515	0.00516761875377889	0.0028586556600087307	0.00016065102265703666	-0.002698004637351694	Inpp4b	neither	1.3535477842665367
17219	0.007829148872561092	0.00286532896110334	-0.0009229460676614394	-0.0037882750287647794	Mcm6	neither	1.188357812719279
109594	-0.004379981123918092	0.0028840501171189387	-8.522137433669615e-05	-0.0029692714914556348	Lmo1	neither	-1.5545921197688743
226841	0.005038219383847928	0.002888399537689369	0.0011862579483473898	-0.0017021415893419792	Vash2	neither	0.4791578705500534
56720	-0.0034941703913912133	0.0028916344209142034	0.0020123646594429044	-0.000879269761471299	Tdo2	neither	-1.651429652690478
68393	0.0029577360073985734	0.0029041962739244655	-0.0003697879797602976	-0.003273984253684763	Mogat1	neither	1.4327217710342803
21426	-0.004482622417122624	0.0029111826798574126	0.006526645762327218	0.0036154630824698055	Tfec	neither	-1.4919297419341613
71532	0.00916650895655431	0.002914229207960356	0.0018634086886888566	-0.0010508205192714993	Fam217b	neither	0.418117240841544
20540	-0.006229449114538028	0.0029160310540765604	0.0004754496313819321	-0.0024405814226946283	Slc7a7	neither	-0.44722184234401424
19696	-0.006009701862807006	0.0029395128620836107	0.0011705635721372864	-0.0017689492899463242	Rel	neither	-1.2029680287601996
353502	-0.004212630250851944	0.002942083660787363	0.0009910360910608562	-0.0019510475697265069	Hcfc1r1	neither	-1.6233167477296249
52588	-0.005047218597291605	0.0029454158688090484	0.0031562959665206803	0.00021088009771163185	Tspan14	neither	-1.5372900325110916
14050	-0.011841608225391844	0.0029623034638429843	0.0037751427937429928	0.0008128393299000084	Eya3	neither	-0.6313356698770798
209212	0.004498096248454159	0.002980320255724732	0.0022876793097637055	-0.0006926409459610265	Osgin2	neither	1.5116326874345387
14612	-0.0025983095248141162	0.003018986058545407	0.002849651060471696	-0.00016933499807371107	Gja4	neither	-2.7830726369011556
74194	-0.005064808784242334	0.0030217495686140176	-0.0014555386263079627	-0.004477288194921981	Rnd3	neither	-1.4619009398244283
12986	0.009584227997609279	0.0030493188922358534	0.0024449771714514994	-0.0006043417207843541	Csf3r	neither	0.5820627062928707
54698	-0.013606257798473182	0.003055916358852757	-0.0052215713009010605	-0.008277487659753818	Crtam	neither	-0.271944035680944
109245	0.00515065226273672	0.0030759120863627053	0.0006043152764188572	-0.002471596809943848	Lrrc39	neither	1.1540903080783242
81006	-0.0045982837438542385	0.003096746275308758	0.00260674317757481	-0.0004900030977339482	Gpr63	neither	-1.2184472838409577
13838	-0.00470879812345954	0.0031490846916660334	0.001419918287129513	-0.0017291664045365205	Epha4	neither	-1.7766381006806826
232441	-0.005150253180556129	0.003205389920935955	0.0016945673960057713	-0.0015108225249301837	Rerg	neither	-1.5125611754501873
56508	-0.0051787809131544895	0.0032454145676899327	0.0018311492155140257	-0.001414265352175907	Rapgef4	neither	-1.5676005259003556
227674	0.004208145390803234	0.0032552716488869573	0.0030236549867938296	-0.00023161666209312775	Ddx31	neither	1.9978401144760891
94088	0.007598487211386234	0.003312883267985607	0.004044184629746976	0.0007313013617613689	Trim6	neither	1.2973941306100543
16826	-0.004343033335636207	0.0033184024211695548	0.00115516911818573	-0.0021632333029838247	Ldb2	neither	-1.7257550843933787
14696	-0.005975154494839343	0.0033320560849446983	0.0018810945856684858	-0.0014509614992762126	Gnb4	neither	-1.4047388684812525
12323	0.00286115272860838	0.003337630755731819	0.0008626517118403635	-0.0024749790438914556	Camk2b	neither	1.4456592051619117
67963	0.014715421813589027	0.0033741568872118254	0.0010806011412120547	-0.0022935557459997707	Npc2	neither	0.7681423156752215
17390	-0.004567208428136542	0.0033748195192988555	0.0005957702531233552	-0.0027790492661755005	Mmp2	neither	-1.828825414294705
26922	-0.008109389391682412	0.003425999313930673	0.0037402192416855517	0.0003142199277548787	Mecr	neither	-1.0694014656831696
320204	-0.003983524624618491	0.0034275319641452542	0.002114253208417717	-0.0013132787557275372	Etfbkmt	neither	-2.0162739969860968
240518	0.004918398005383436	0.0034709259113881044	-0.00023589003815327486	-0.003706815949541379	Peli3	neither	1.016592063290006
225266	-0.006614949823873375	0.0034952684336591283	0.00724983559571904	0.0037545671620599114	Klhl14	neither	-1.3541855005201864
16162	-0.0020684782647974894	0.003511729341450786	0.0004727502118997688	-0.0030389791295510173	Il12rb2	neither	-2.6249018894394003
71911	-0.006652970550078776	0.003514490032610984	0.002948192878538959	-0.000566297154072025	Bdh1	neither	-1.352075312097714
13603	-0.007865874455591086	0.00356131449176106	0.001780111124989892	-0.0017812033667711682	Opn3	neither	-1.1121315706492985
78284	-0.004273268931203678	0.0036695793674564148	0.002011792481090242	-0.0016577868863661728	Creb3l4	neither	-2.2375097693277968
68082	-0.0041799016084614815	0.0037008704840148228	0.0023778995957242184	-0.0013229708882906044	Dusp19	neither	-2.0438968343330335
171285	0.00708246243425581	0.0037463806812660827	0.007502343661083353	0.00375596297981727	Havcr2	neither	0.7948533263391836
11307	-0.005890773566445281	0.0037752928513921655	0.0006280848133229427	-0.0031472080380692226	Abcg1	neither	-1.612050968874602
338362	-0.005918609544696718	0.003839762546287938	0.00045237059944593	-0.003387391946842008	Ust	neither	-1.3715546073138338
12818	-0.013792190916893437	0.0038744083772134226	0.0011826852433949081	-0.0026917231338185145	Col14a1	neither	-0.487321622296576
217154	0.006182219526594469	0.003883799639433866	0.005515799199652121	0.0016319995602182553	Stac2	neither	1.6420467960940368
231760	-0.007328070783005321	0.003959640359125885	0.001549991410797233	-0.002409648948328652	Rimbp2	neither	-0.9336786308928451
192192	-0.011147065442906116	0.003968940009963231	0.0005829621214651565	-0.0033859778884980747	Shkbp1	neither	-0.49134709909157126
83453	-0.011525630297391648	0.004136184766751604	0.010477513373557611	0.006341328606806007	Chrdl1	neither	-0.6208596461678056
230784	0.004596684349310277	0.004151846281338312	0.002871425814065528	-0.0012804204672727838	Sesn2	neither	2.4849510888698227
72003	0.00552426148050205	0.004157787435772635	0.0017848934252034532	-0.0023728940105691813	Synpr	neither	1.694015673788265
56434	-0.006092906959815648	0.004190297029034277	0.004792691421572674	0.0006023943925383976	Tspan3	neither	-1.4544268647045853
59288	-0.0048325413185708	0.0042007568571541505	0.0026346548748132147	-0.0015661019823409359	Dctn5	neither	-2.3362988574837265
94185	-0.006527985054196955	0.004201135021868973	-0.0007332528052015628	-0.0049343878270705355	Tnfrsf21	neither	-0.5579776425561432
116847	-0.005687679257235958	0.004234016462739145	0.0030519959449898226	-0.0011820205177493224	Prelp	neither	-1.8492249667522365
67369	0.00682981316129453	0.004242871752140416	0.004826075549161436	0.0005832037970210195	Qpctl	neither	1.6647045138647087
15894	0.025574598829870947	0.00424911908242535	0.014912322330461036	0.010663203248035685	Icam1	neither	0.36829356797290863
68259	-0.008763600167115904	0.004324626033018892	-0.0008153920110048193	-0.005140018044023711	Ift80	neither	-1.2399690062929383
14919	0.005480603296634315	0.004331770517241681	-0.0010943464589506585	-0.0054261169761923396	Gucy2e	neither	1.7958038610552223
16797	0.0052879470786232315	0.004421421421935628	0.0013191410236275173	-0.0031022803983081107	Lat	neither	1.4544300563484172
67739	-0.011562473666733556	0.004530285954920575	0.002232734263786283	-0.0022975516911342923	Slc48a1	neither	-0.8439492661396141
76142	-0.007580669312495102	0.004595709492401485	0.0047650963565937406	0.00016938686419225562	Ppp1r14c	neither	-1.0987682197088753
56399	0.004798964511455928	0.004607924922360259	0.0029315575041079425	-0.0016763674182523162	Akap8	neither	2.8065976783852147
231207	0.006545143861632912	0.00471552786663533	0.006273572972233822	0.0015580451055984918	Cpeb2	neither	1.9220595913616985
66464	-0.011367801839264047	0.0047531004337134	0.003687744874412995	-0.001065355559300405	Taf12	neither	-0.9915409078754845
15273	-0.006401438556250911	0.004891354403869193	0.003007030354072538	-0.0018843240497966548	Hivep2	neither	-1.5625058478573088
58180	0.010646773914359708	0.004905103551886592	0.0019349505936569699	-0.002970152958229622	Hic2	neither	1.4616992450031105
14119	-0.01339889375671384	0.004945645613966987	-0.007071719678134047	-0.012017365292101033	Fbn2	neither	-0.7704175470032013
208154	-0.011176640112457163	0.004968007770081537	0.006606193988794756	0.0016381862187132192	Btla	neither	-0.552058272784717
217935	-0.008754681266376654	0.005015515202010863	0.004027388502388651	-0.0009881266996222115	Wdr60	neither	-0.9582498954014407
76491	0.004410956233033586	0.005042504699827521	0.004113523113801259	-0.000928981586026262	Abhd14b	neither	1.2762600622846187
246104	0.006838136873512143	0.005106440412052079	0.005775048345517666	0.0006686079334655868	Rhbdl3	neither	1.29836184718373
231712	-0.009145904760869485	0.005146393678984571	0.00756912740224889	0.002422733723264319	Trafd1	neither	-1.4361750185707027
110521	-0.0068697710236639105	0.00519419358194895	0.004782269834865888	-0.0004119237470830619	Hivep1	neither	-1.977837917221665
269643	0.0077418994890678	0.005322305305162467	0.0037109045973122263	-0.0016114007078502405	Ppp2r2c	neither	1.2601827650189854
53791	-0.007758153891466868	0.0053233726513011335	0.006790993102777456	0.0014676204514763227	Tlr5	neither	-0.7304211462638711
78749	0.008410698973188104	0.005409528047220393	0.005064497782769535	-0.00034503026445085756	Filip1l	neither	1.494043504076283
225998	0.011422065610509343	0.005507188796992775	0.0016880962473575273	-0.003819092549635248	Rorb	neither	0.4577291418448706
230379	0.01659612732752951	0.005521262187530783	-0.002953431825285144	-0.008474694012815927	Acer2	neither	0.9706010297054974
23923	-0.005998686784475589	0.00552184193408143	0.006690348941504135	0.0011685070074227049	Aadat	neither	-1.874494284856729
18762	0.0071357710841947536	0.005559520805516212	0.0033495109042815177	-0.0022100099012346943	Prkcz	neither	1.9902098208277048
73668	-0.006622448208802772	0.005802730247946904	-0.0008037625198408137	-0.006606492767787718	Ttc21b	neither	-1.651322779814118
18585	-0.009698623542690825	0.005825020755433026	0.0005605108335415964	-0.00526450992189143	Pde9a	neither	-1.234779196470003
16456	0.007503889947959163	0.005860538146838926	0.0067191889077844935	0.0008586507609455677	F11r	neither	1.9170525614921978
12512	0.006510287965130364	0.005867085126341982	0.005426653095384735	-0.00044043203095724733	Cd63	neither	2.5795044579513715
242860	0.007450762453628723	0.0059057477122100984	0.004535509450172151	-0.001370238262037947	Rsbn1l	neither	2.3360234371033193
17342	-0.009784785698182759	0.005926036277818899	0.006983794986786683	0.0010577587089677844	Mitf	neither	-1.5318593985834932
104458	0.004217669860586605	0.005973540116771814	0.0032119154798520536	-0.0027616246369197603	Rars	neither	4.004896824194189
76025	-0.0064537752577450615	0.0059829493752333995	0.004338256771591298	-0.0016446926036421013	Cant1	neither	-2.398966052255352
71835	-0.010443837354971197	0.006043464049271651	0.006947230396181097	0.0009037663469094459	Lancl2	neither	-1.3728535925019525
58998	-0.016133687170488784	0.006146938855605124	0.0012726891086691466	-0.004874249746935977	Nectin3	neither	-0.8976120353823662
100019	0.00950788373100983	0.006180108467272524	0.004109931779670133	-0.002070176687602391	Mdn1	neither	1.952346023786239
27528	-0.020881448635963803	0.006231354929582059	-0.0017839555705296357	-0.008015310500111695	Nrep	neither	-0.7129320394004511
17880	-0.00838521085447066	0.006438794715951725	0.007244526223359993	0.0008057315074082678	Myh11	neither	-1.9676497514182323
17117	-0.004948926367010747	0.006475648027209669	0.005027288964316654	-0.0014483590628930152	Amacr	neither	-2.4531677719035456
66269	0.0035353229930318603	0.006569295026268884	0.004185227863178441	-0.002384067163090443	Tmed6	neither	4.4302265146297195
16889	-0.011612453827010108	0.006867139362759712	0.0025788930884044223	-0.00428824627435529	Lipa	neither	-0.4789740816548076
15212	0.005561721783320287	0.006979950778895408	0.007098595183341551	0.00011864440444614346	Hexb	neither	3.5345963904048605
19736	-0.007113901332906184	0.006983556403196421	0.0032466027921888925	-0.0037369536110075283	Rgs4	neither	-1.1668985741648294
16008	0.009450829420811544	0.007004613564662837	0.00701521946158812	1.0605896925282646e-05	Igfbp2	neither	1.1233934679045814
29856	0.008666261436139135	0.007219611326544713	0.0011256028112530741	-0.006094008515291639	Smtn	neither	1.383052531156712
66336	0.010976000761144774	0.00745317640916111	-0.003406937079885433	-0.010860113489046544	Cenpp	neither	1.8096132429717147
71310	0.005151506379638826	0.007820956473744355	0.005240303381750513	-0.002580653091993842	Tbc1d9	neither	3.2542531595789743
12398	-0.014895824765749063	0.00786558505984863	0.005908876434452116	-0.0019567086253965147	Cbfa2t3	neither	-1.28548105400639
18294	-0.007796533420476425	0.008014154600877501	0.006290711795016172	-0.0017234428058613294	Ogg1	neither	-2.1638622211789778
13040	0.008985397576963424	0.008089426037267967	0.008569729228051774	0.0004803031907838068	Ctss	neither	1.319903125450275
15277	-0.017957021830647547	0.008464084476871803	0.0009366291745078388	-0.007527455302363964	Hk2	neither	-1.1151706251508582
64918	0.012087906502394651	0.008499755333863516	0.00901517092180104	0.0005154155879375233	Bhmt2	neither	1.498407259817878
319974	-0.020025048636872014	0.008881774853610464	0.0014949847534210376	-0.007386790100189426	Auts2	neither	-1.0660556108637584
229699	0.009473365260051258	0.008958151437881399	0.0035643495087148043	-0.0053938019291665945	Slc16a4	neither	1.957494158956913
29862	-0.006277304817111458	0.009422224162344946	0.008034461410071327	-0.0013877627522736191	Ninj2	maternal	-3.987031513470167
17436	-0.013609975651681865	0.009524102115133068	0.001659322135682527	-0.00786477997945054	Me1	neither	-1.8159228886847067
320438	0.01313883065072916	0.009902809060989826	0.002901053674982818	-0.007001755386007008	Alg6	neither	1.9861792280356285
67848	0.009352845660329642	0.010153186903033008	0.00413248208571617	-0.0060207048173168375	Ddx55	neither	2.6757837888976455
12568	-0.011020941496379624	0.010409119664928303	0.013186842593529946	0.0027777229286016433	Cdk5	neither	-2.423930058544332
12826	-0.021075994426912416	0.0108014227326749	-0.003209912774455276	-0.014011335507130176	Col4a1	neither	-0.8553329664176684
214901	0.014172540659296375	0.01090693600050149	0.0031311139288054016	-0.007775822071696088	Chtf18	neither	1.9320098450156038
67374	-0.013889860651271369	0.011199749571382358	0.004091100175545321	-0.0071086493958370375	Jam2	neither	-2.058342238310058
16842	-0.011886025944217197	0.011652470026695038	-0.00010279363710276359	-0.011755263663797802	Lef1	neither	-2.5317049764426134
23805	0.012293411423511423	0.011657017668297255	0.0026910488081146834	-0.008965968860182572	Apc2	neither	2.1844649035629793
238271	-0.011651361278638037	0.013555293718168913	0.0135140902227533	-4.120349541561312e-05	Kcnh5	neither	-2.260022938620085
26903	0.01173103699552649	0.013875418803020729	0.017544568104694416	0.003669149301673688	Dysf	neither	2.2100688149101484
53422	-0.02623583677078873	0.016223144814499733	0.0033198120747669224	-0.012903332739732811	Ybx2	neither	-1.5040128797971595
235587	0.04410807356116416	0.016359586041561073	0.020373017922117435	0.004013431880556362	Parp3	neither	0.4356459456877516
68603	0.021309669924976724	0.020631826854001407	0.00806244313839319	-0.012569383715608217	Pmvk	neither	1.4693220102261226
13011	0.02271135660171149	0.03587692142930965	0.028118481768451862	-0.0077584396608577876	Cst7	neither	3.5033112517705907
