	control	A485	A485+Dux	symbol
16870	-0.0011353713113879437	-0.0025954727479422144	-0.000510877575785416	Lhx2
228576	-0.0	-0.0	-0.0	Mall
16453	0.0	0.0	0.0	Jak3
78177	-0.0010505042823033247	-0.001359909464312033	-0.00043378731624598105	Ninl
217198	-0.006621515783415457	-0.006478863086614203	-0.0036925429819153407	Plekhh3
212974	-0.0	-0.0	-0.0	Pgghg
70717	-0.001489250765112553	0.002652752844418833	-0.003956333202785827	Medag
243897	0.0	0.0	0.0	Ggn
93735	0.0	0.0	0.0	Wnt16
56508	0.0032454145676899327	0.0018311492155140257	0.0031521443429486885	Rapgef4
218820	-4.108146055964769e-05	0.00012855053594833617	7.325821323455692e-05	Zfp503
93695	-0.0175144073420924	-0.005577022932001668	-0.011741380493049255	Gpnmb
78412	0.00043642507805999076	-0.00032607148801264835	-4.6817599569593866e-05	Cyren
224024	0.0	0.0	0.0	Scarf2
171531	-0.0008249467748394771	-0.0012525462006339467	-0.0005295857058389876	Mlph
78558	-0.0	-0.0	-0.0	Htra3
73822	0.0009071128129141752	0.00016529876257194288	0.000817660308582945	Mfsd12
57890	0.0013218732955861984	0.001388589056755074	0.0024476302491678913	Il17re
75695	-0.005005800049212199	0.00502018533629186	-0.002574027620494243	Rilpl1
12834	-0.0	-0.0	-0.0	Col6a2
211739	-0.0	-0.0	-0.0	Vstm2a
17300	0.0010663040695381694	0.0004102344890908641	0.0015070152902399779	Foxc1
14580	0.0	0.0	0.0	Gfap
110310	-0.0006303320375343179	-0.0023810837828922566	-0.0010556324858365814	Krt7
109857	0.0	0.0	0.0	Cbr3
237010	0.0	0.0	0.0	Klhl4
66336	0.00745317640916111	-0.003406937079885433	0.0035662974482076207	Cenpp
107503	0.0	0.0	0.0	Atf5
18712	-0.0006198695685545052	-0.00020990115116472806	-0.0006834272665580756	Pim1
56527	0.0023703561571455397	0.0008374517598196251	0.00038925180689681745	Mast1
16510	0.00011382253192292213	6.262979342212171e-06	6.762507758882953e-05	Kcnh1
22224	0.000418536416533048	-0.00016418753617568796	0.00013435326164093088	Usp10
244058	-0.0008423425273035057	-0.0012090728509193804	-0.0008631756715977386	Rgma
12297	-5.073922092316119e-05	3.987392423808946e-05	-0.00012183947446459553	Cacnb3
56794	0.00137278985864752	0.0010914806169834348	0.0011908910070615238	Hacl1
216850	0.0012079902433133345	0.000642467958700353	0.0007965809041356858	Kdm6b
229599	0.0026731224628851226	-0.0009604897612228305	0.0025548668619610267	Ciart
27528	0.006231354929582059	-0.0017839555705296357	0.0021531742386276475	Nrep
68603	0.020631826854001407	0.00806244313839319	0.018692559395989572	Pmvk
17153	0.0015895676292032785	-0.005689022077570669	-0.002491277224149896	Mal
214901	0.01090693600050149	0.0031311139288054016	0.006264704742475342	Chtf18
244757	-0.0002902166324490483	-0.000128237075468663	-0.000246528699394622	Glb1l2
208650	0.0006724913733250506	-3.0378066738895846e-05	-2.8550544597370004e-05	Cblb
76787	-0.0003859834786384551	-0.0015302711936400447	6.906449133347719e-05	Ppfia3
60363	0.00010390409156596038	-7.901666718788633e-06	0.00018372622953488103	Cldn15
18164	-0.0017550887921691642	-0.003643744345267414	-0.0032330562369692973	Nptx1
94332	-0.0	-0.0	-0.0	Cadm3
68845	-0.0013114064143035606	0.0019049573747623384	-0.0013392619676876009	Pih1d1
19395	0.0007909113605852113	0.001201189577613249	-0.0010059145639457687	Rasgrp2
68680	0.0	0.0	0.0	Fitm1
74134	-0.00042564793438232127	0.0001445538206909885	-0.0003828672587516448	Cyp2s1
18750	-0.00029866049473016777	3.034463510638481e-05	-0.00132729076122699	Prkca
170638	-0.0	-0.0	-0.0	Hpcal4
18595	-0.002528893999274654	-0.00840147212981852	-0.005124338342068863	Pdgfra
70726	-0.0	-0.0	-0.0	Angptl6
67795	-0.0022637895242163986	-0.001524826221370514	-0.0026032056742434926	Rnls
71913	-0.004271432841417985	-0.0010165217259452597	-0.0072027008636423966	Tmem79
320563	0.0	0.0	0.0	Islr2
227674	0.0032552716488869573	0.0030236549867938296	0.004309674663678647	Ddx31
23999	0.0011242848955484396	0.0007359936650980907	0.0010924646732650533	Twf2
30955	0.0	0.0	0.0	Pik3cg
233406	0.0006686918463112277	-7.866396025561297e-06	0.0005374914402879216	Prc1
18816	0.0	0.0	0.0	Serpinf2
68667	-0.0002637148497544113	0.0006781406249534604	-0.000546313336164683	Trpm4
18113	-0.0	-0.0	-0.0	Nnmt
76179	0.0006261004589464239	0.0010251979341042584	0.000755080186559352	Usp31
214804	0.0002274293764746949	0.0003705026930376733	0.000612423196108476	Syde2
68611	-0.006947590717697441	0.0011968733342071212	-0.006297428069421803	Mrpl28
12630	-5.345404401434333e-05	0.00018029484251797523	0.0008808565187225894	Cfi
78376	0.0020335484238680973	0.00026829349986434524	0.0008630048836954599	Sapcd1
15559	-0.0	-0.0	-0.0	Htr2b
269016	7.607912200400366e-05	4.305172072749327e-05	4.888299317638707e-05	Sh3rf2
15904	0.0006161437881522769	0.0032762601591416617	0.002451032884569465	Id4
434341	0.0	0.0	0.0	Nlrc5
625249	0.0016681280715367646	0.00042376706548939675	0.002220375361243514	Gpx4
320051	8.654415930282613e-05	0.00022910476238352826	7.428083562412485e-05	Exph5
64660	-0.011103781169137544	-0.003611621294027439	-0.004052696182304033	Mrps24
20393	-0.0015834569129705267	-0.00195488321522939	0.0008602114979610228	Sgk1
50773	-0.0	-0.0	-0.0	Nt5c
72585	-0.0001792681477691925	-0.0004079604608106166	0.00012547338063690155	Lypd1
227656	-0.011542513747868922	-0.00624963760767566	-0.011994144855693355	Rexo4
12850	-0.00013881678247853633	-0.0019692022388464042	-0.0015095677466850771	Coq7
11941	-3.68263159813694e-05	8.911735269401606e-06	-0.00024179726372789326	Atp2b2
72748	-0.00029976293871914833	0.0004942303730140939	0.0009020818996983965	Hdhd3
71145	3.321408450861784e-05	0.0002745117332041518	0.00019175860213909595	Scara5
19268	1.84776822267359e-05	0.0012296404102405296	0.0010285684648812712	Ptprf
228730	-9.022644773341046e-05	-0.0005347354300187099	-0.0011463527621177441	Kiz
319901	-7.467049336772444e-05	6.774563212708551e-05	4.3210506382051364e-05	Dsel
64945	-0.00035500060881767364	0.0008736800289216519	0.0008379448840095941	Cldn12
108089	0.00021411580854056235	0.0002698629460821463	0.0019349984342889163	Rnf144a
21823	-0.001805813074737573	0.0002570072336940255	-0.0008706326527013977	Th
239273	0.0009855739493383625	0.00035588406987334766	0.0012246441772980727	Abcc4
106347	0.00022463054326331793	0.00013583339199764013	0.00019234751846529692	Ildr1
210719	0.0	0.0	0.0	Mkx
74100	5.789125927987885e-05	-0.0015494925440848436	0.00016478990447638334	Arpp21
236930	-0.00034831939094321046	0.00016203470514295588	-0.0003060144791011477	Ercc6l
83771	-0.0014571877217824485	0.0004082394748466029	-0.0017317975995313603	Tas1r3
69574	-0.0002489363101557578	0.00027605718421110055	-0.001745843893677024	Cmbl
14012	-0.0008589576403911012	-0.0010008150610498136	-0.001424710408495651	Mpzl2
16590	0.00042945699597956194	0.00029098643087563484	0.000292088351428681	Kit
70779	2.396050197695946e-05	-0.0009226590525563207	0.0006812285303054203	Prdm5
14696	0.0033320560849446983	0.0018810945856684858	0.0029926289740227446	Gnb4
16008	0.007004613564662837	0.00701521946158812	0.012048294026882334	Igfbp2
19057	-0.0010314862946425956	-0.00010510405517693106	-0.0009374040118607185	Ppp3cc
84095	-0.018194346641762973	-0.0032162273373832206	-0.012024784602042881	Pi4k2a
116847	0.004234016462739145	0.0030519959449898226	0.003698723930379997	Prelp
77505	-0.0006591985936089977	0.0014140396380742752	0.0009543804020924421	Dnhd1
14160	-4.380838920969858e-05	0.0003339665855014024	8.116481534403678e-05	Lgr5
18039	0.00019308160540981929	0.0005160827772065881	0.0007664633801476626	Nefl
16598	0.001478603846357808	0.0011513372919826274	0.0013572739009800267	Klf2
108098	0.0006477444116199911	0.0019027227888629649	0.0006684959419498164	Med21
56523	0.002196228139532328	0.0009829791063736741	0.0013243584743302741	Pmfbp1
235028	0.0011046556369766712	0.0006780729814289252	0.0026582122906632735	Zfp426
23923	0.00552184193408143	0.006690348941504135	0.0055178322356740335	Aadat
19734	-0.0005513498428761623	0.0006364515601176118	-0.00048519290784559857	Rgs16
18230	0.001649494027454093	0.0011420424463813102	0.0015447762307202785	Nxn
56017	0.0025611227343204966	0.003993718328304378	0.0050411902896232074	Slc2a8
16601	-0.03269706734033864	-0.017290242005618083	-0.02830461492442205	Klf9
16467	0.0014644684124617226	0.0012709040263517875	0.002644044103202618	Atcay
11670	-0.0	-0.0	-0.0	Aldh3a1
208164	0.0	0.0	0.0	Fam180a
29856	0.007219611326544713	0.0011256028112530741	0.009849614437207667	Smtn
668940	0.0	0.0	0.0	Myh7b
54123	0.0014773670945223785	0.0018892479055054175	0.002376024855169867	Irf7
194655	-0.0019786377736664192	-0.0031229299337817797	-0.002948761678654983	Klf11
71766	3.596398334950411e-05	-0.0017422981869478337	0.00012636707372106737	Raver1
320472	-0.00031566360663493303	0.0004144323450799384	0.000509834029370301	Ppm1e
73407	0.00048637942181480043	-0.0007041616181556976	-0.0005965530629725146	Tepp
242819	9.534526380513819e-05	-0.00020608904034974095	7.760749396752677e-05	Rundc3b
236285	0.0	0.0	0.0	Lancl3
74666	0.0004246101628666062	-0.0004568895016665965	0.00023259169960682737	4930432K21Rik
12483	0.0009745352181194569	0.001924553492261978	-0.0009305900467697374	Cd22
320633	0.0001400421589590771	-0.0003788320118916385	0.00023163891491918313	Zbtb26
14276	0.0004592293732618511	-0.00010405615252724594	0.0002747460399898805	Folr2
328365	-8.775437138158994e-05	-0.00031528346261519937	-0.00011815993313900943	Zmiz1
77065	-0.003015038094162205	-0.0015470209842293981	-0.0017369644001841936	Ints7
654812	-0.0	-0.0	-0.0	Angptl7
14173	0.0	0.0	0.0	Fgf2
328381	0.0005171035370730554	0.0006015813951165114	0.0010507328113781198	Sh2d4b
108897	-0.0030070007413804407	-0.0001390980465578843	-0.0019248398904973308	Aif1l
20198	0.0	0.0	0.0	S100a4
68777	0.00018933029503150355	-0.00015369132722328792	-1.2851254597258523e-05	Tmem53
72404	-0.0013734452396837104	-0.0015943773506006894	-0.0018460623036413144	Wdr44
18616	0.0011862192658677875	-0.001956461477234927	-0.0012612667255727785	Peg3
22171	-0.0004440684828289617	-0.0001922600625203767	-0.00045717145143280875	Tyms
20339	-0.0	-0.0	-0.0	Sele
218763	-0.0018124637220375557	0.0020054690407610757	-0.0004087587761591799	Lrrc3b
75345	0.00044834602046236045	-0.0017327360686431841	-0.0008279621383508572	Slamf7
19246	0.0003388778249683118	8.641763791534216e-05	0.0002658973869693013	Ptpn1
224938	-0.002236218862575776	-0.0012082361817294135	-0.0023416111310335204	Pja2
15507	-0.002857441694793408	-0.008346059621250053	-0.01261441795610216	Hspb1
26874	-0.0006982354469314922	0.0024372803130640244	-0.0027094073383849148	Abcd2
381157	-0.0017567514221227018	0.005711354203361781	-0.0024025722121337684	Greb1l
244954	-0.0009155402696662796	0.0014296096043423354	0.0019036630006204942	Prss35
12029	0.0	0.0	0.0	Bcl6b
17345	-0.00018799575917051518	0.0002603819332660907	-0.0001415784209435874	Mki67
13106	0.00012040226177905723	0.0006219725392548667	-0.00016461380429929446	Cyp2e1
18142	-0.0	-0.0	-0.0	Npas1
240752	-0.0013294084458464368	-0.0012363942821544437	-0.00121189868898603	Pik3c2b
67582	0.00122250611196387	0.0014008004841973539	0.0022851671786066363	Slc25a26
246707	0.00022657500312425532	0.00020671280703234672	0.00030871633278110313	Emilin2
100515	-0.01472307964567629	-0.01935803256881793	-0.017737904904443595	Zfp518b
59288	0.0042007568571541505	0.0026346548748132147	0.004927605606673944	Dctn5
64424	-0.00012969223743483703	-5.239622287616172e-05	-0.0001743091040854062	Polr1e
15896	-0.0	-0.0	-0.0	Icam2
268709	-0.0	-0.0	-0.0	Fam107a
272465	-0.0017254450930617867	-0.0014276972326697209	-0.0017210333177352858	Tmem255b
19329	-0.0	-0.0	-0.0	Rab17
100434	0.00045698634774075464	0.0002336250484843884	0.00019707136912630097	Slc44a1
77116	0.00010698372472410246	-0.00012038197124190629	-2.045918289045354e-06	Mtmr2
22021	0.0020536790568797666	0.002031384314221428	0.0011794584309701176	Tpst1
52009	-0.0021974599229834064	-0.0011266506694655775	-0.0017378199188850087	Jpt2
83603	0.0002732968370079456	-0.004013736650638424	-0.0024713674286019807	Elovl4
110417	-0.0030028459956268436	-0.0010483728612953687	-0.0009550449961326298	Pigh
74147	0.0010925293114741543	-0.0009683168321799755	-0.0011930282200915206	Ehhadh
93689	-0.010667970622890972	-0.008733125019845904	-0.007564253325573252	Lmod1
240518	0.0034709259113881044	-0.00023589003815327486	0.0027040302603716076	Peli3
74414	-0.005106149092769612	0.006048218555726959	-0.0005381984264403623	Polr3c
242505	0.0010465377821156474	0.0022989681623938364	0.0009043672066640913	Rasef
21802	-0.003037571477894259	-0.0017599873874908443	-0.0009460828410850458	Tgfa
55985	-0.002475985707057106	-0.000968578003869785	-0.0020149617460716402	Cxcl13
106878	-0.0	-0.0	-0.0	Smim3
67369	0.004242871752140416	0.004826075549161436	0.0025634721273374377	Qpctl
12142	-0.002439610372327476	-0.0010302143525828412	-0.0024158280011899445	Prdm1
74039	-0.002771139506059195	8.72201006551463e-05	-0.0022837411209865968	Nfam1
546134	0.00014922903407227375	0.0001357951416749154	8.310463040536586e-05	Gramd2
14251	-0.0006512948494893373	-0.0014550905178134599	0.0002440575410961352	Flot1
56221	-0.0	-0.0	-0.0	Ccl24
320204	0.0034275319641452542	0.002114253208417717	0.00317771597668923	Etfbkmt
234214	-0.00011259028992563868	-3.079428181181523e-05	-7.947310499937609e-05	Sorbs2
20965	-0.0	-0.0	-0.0	Syn2
16011	-0.002657379402808017	-0.0019706039874705502	-0.0010754457565565986	Igfbp5
240638	5.325232845772e-05	0.0015379219030429124	0.0023803703466176926	Slc16a12
12416	0.00012051911699721055	0.0003451719486939528	0.00010192162544721338	Cbx2
57814	0.0	0.0	0.0	Kcne4
233733	-0.0	-0.0	-0.0	Galnt18
223881	6.298662458795136e-06	-1.8061321054520376e-06	2.0436692693740966e-06	Rnd1
209558	0.0010370642186388415	0.002749132370881746	0.0008678399154699464	Enpp3
17436	0.009524102115133068	0.001659322135682527	0.005895229795679825	Me1
12575	-0.0003805022651371128	0.014324560264246824	0.010691736274263829	Cdkn1a
235134	0.00029937510467069344	0.00026406024065942234	0.0003153229806782555	Nfrkb
63954	-0.0009248635209961405	-0.0018329682486299948	-0.0024569438733866404	Rbp7
58243	-0.007498246195687874	0.0022147468655384418	-0.009594959255081501	Nap1l5
19204	-0.001391993734498581	-0.00041049034554485635	-0.0003847271273549779	Ptafr
78908	-0.0015388953145026106	-3.424993012904786e-06	-0.0008879802826103875	Igsf3
12183	-0.001985693889130975	-0.0006684428964396542	-0.0013164729840427793	Bpgm
70574	0.002089480257532215	0.0012724031632119534	0.002843766131096124	Cpm
76223	-0.0012114590228443165	-8.742395660210145e-05	-0.0008261267515729633	Agbl3
71648	-0.002983119706295131	-0.0015193694083037263	-0.003083342501529693	Optn
14419	-0.00015364562567294238	-0.0021323614659849383	-0.001802712259518745	Gal
12062	0.0	0.0	0.0	Bdkrb2
16846	0.0	0.0	0.0	Lep
224008	-0.007156720297263417	-0.008479595683380301	-0.00783070305299642	Spidr
20682	0.0005396802443860011	0.0016274266785170823	0.0007477170359761685	Sox9
75750	0.0020643013905767295	0.001345341862390761	0.0038123284150242973	Slc10a6
235472	-0.0011800526580157263	-0.005806383955311141	0.0020589957508192758	Prtg
208518	0.00041621718338715575	0.0003343988148396258	0.0004447952471005723	Cep78
21817	0.0	0.0	0.0	Tgm2
20745	-8.259067024903072e-05	-0.00016688356607611583	-0.0001795743346265125	Spock1
268902	-0.00040420100792395346	-0.00015951491944680375	-0.0003924286961458378	Robo2
19419	-0.0	-0.0	-0.0	Rasgrp1
70415	-0.0	-0.0	-0.0	Stk26
56434	0.004190297029034277	0.004792691421572674	0.0036001074241044273	Tspan3
24110	0.0	0.0	0.0	Usp18
19183	-0.0012212252657882246	-3.70085836702988e-06	-0.001281275400358279	Psmc3ip
353502	0.002942083660787363	0.0009910360910608562	0.002122805639205671	Hcfc1r1
66208	-0.0	-0.0	-0.0	Nenf
71820	0.0002623240276902196	0.0008790461085091889	0.00026739899585385485	Wdr34
66614	-0.016105960011087328	-0.0035865297186926793	-0.01088485845678145	Gpatch4
73094	0.00016880972854663517	-0.00016641186108747692	1.5464739224201864e-05	Sgip1
118454	-0.0	-0.0	-0.0	Gjc2
237611	-0.0	-0.0	-0.0	Stac3
68039	-0.0012521276089804364	-0.0023182803478753013	-0.003350624662367775	Nmb
13844	-5.85044852896798e-05	0.00023822676087571586	6.513943035029709e-05	Ephb2
12839	-0.0	-0.0	-0.0	Col9a1
140792	0.00010002728664553121	-0.00014375401769658859	9.61831562805773e-05	Colec12
22422	-0.002838296263778395	-0.003880222573529129	-0.00589500572918368	Wnt7b
67971	-4.275108787847345e-06	0.0009231659704552549	-0.00018939355987673725	Tppp3
12512	0.005867085126341982	0.005426653095384735	0.006563675022821354	Cd63
53418	-0.0020477498726123233	-0.0017864079594226343	-0.0020336277386768103	B4galt2
77411	-5.192356403172931e-05	-0.00013127784250590134	-0.000279981050255715	Esrp2
11593	0.0009350902937124407	0.0006826250949894583	0.00041886382433468336	Aga
13609	-0.0	-0.0	-0.0	S1pr1
228775	-0.0016225103337612857	-0.0019191684475902034	-0.002788474149802244	Trib3
12972	-0.002133992328800716	-0.002837841447222078	-0.004125286310839335	Cryz
56532	-0.0	-0.0	-0.0	Ripk3
232223	-0.0015173000889670799	-0.00039047172341488077	-0.0003849211088345022	Txnrd3
194309	0.0	0.0	0.0	Vps37d
18654	-0.0	-0.0	-0.0	Pgf
14917	-0.0016820845834922193	3.124237599229176e-05	-0.0018109670523359515	Gucy2c
50528	0.0	0.0	0.0	Tmprss2
171285	0.0037463806812660827	0.007502343661083353	0.007073349277900438	Havcr2
19225	-0.0010769131147631064	-0.0006619836010726286	-0.00019062052872656485	Ptgs2
97440	0.0	0.0	0.0	B3gnt9
14369	0.00142882531319461	0.0011505102822895127	0.001915071619707845	Fzd7
237387	0.00038561194293442797	0.0004109941782497335	0.00014068517035153885	Lrrc3
66464	0.0047531004337134	0.003687744874412995	0.003261995455898368	Taf12
12287	-0.000221049927149582	-0.00036836094683440193	0.0005185755821886943	Cacna1b
242050	-0.0	-0.0	-0.0	Igsf10
22151	-0.003090322392693289	0.00018731704376814557	-0.0009634072983858529	Tubb2a
212032	-0.0	-0.0	-0.0	Hk3
244895	-0.0010210277581208219	0.0006706939686743437	-0.00029642736538413716	Peak1
19703	0.0024694913994145772	0.0028491746356991924	0.0039054783732719364	Renbp
64103	0.0	0.0	0.0	Tnmd
665563	-0.0005668473657991886	-0.002239348968632504	-0.0008027815949383908	Mthfd2l
234593	0.00011212512418986438	8.217075912737997e-05	0.0001381173020274941	Ndrg4
171282	-3.320990524925377e-05	0.0001046878296562775	-0.00011634384690468387	Acot4
105171	0.00044850043381694505	-0.00042881569008281195	-0.0002623209484210869	Arrdc3
268780	0.000617432173752675	0.0006356624959055145	0.0004630580679454159	Egflam
18985	0.001787345812890621	0.003876363208004097	0.008313769016595352	Pou2af1
13048	-1.1525142028036556e-05	-8.959879290716413e-05	-0.00012178168490135616	Cux2
106389	2.5820158109972855e-05	2.4751124178412315e-05	1.5505271735452138e-05	Eaf2
17926	-0.0	-0.0	-0.0	Myoc
387314	-0.0016997436119960399	-2.380074366868686e-05	-0.0008919678858884215	Tmtc1
72042	0.0008286873776224939	-0.0018204734372091272	-2.4306107090472646e-05	Cotl1
171469	-0.0	-0.0	-0.0	Gpr37l1
20532	0.0003128941643009851	0.00020213023993130162	8.427365113727035e-05	Slc3a1
58226	-0.0019544810019739576	-0.0003336051764750337	-0.0012376041368848654	Cacna1h
232976	0.0017062386602837135	-0.0005125141785118254	0.0013728783803222092	Zfp574
58176	-0.0	-0.0	-0.0	Rhbg
212547	-0.005934113863835524	-0.0046064417263888165	-0.008066761560467928	Nepro
27280	0.0	0.0	0.0	Phlda3
17350	0.0010618190507743364	0.0011676533586652137	-0.00013428787544431998	Mlh1
107227	-0.004310673113235186	-0.011231966711775225	-0.006051153266407287	Macrod1
16420	0.00016885341570233663	0.00016959322065182646	0.00038460802031457466	Itgb6
66953	-5.5398019846446854e-05	-0.00037869098069362016	0.00012386392450329718	Cdca7
104816	0.001498974133984258	0.00019675210221904612	-9.13718750355557e-05	Aspg
52906	-0.0004850266636583388	-0.0005511585433466996	-0.002012239104975116	Ahi1
17005	-0.0	-0.0	-0.0	Ltk
72690	0.0	0.0	0.0	Grrp1
68428	-0.0	-0.0	-0.0	Steap3
13809	-0.0016567378781808908	-0.0016992022081464212	-0.002762595212917185	Enpep
20537	-0.0	-0.0	-0.0	Slc5a1
319991	0.00026394429354438125	0.00018579544382296237	0.0002327438339240578	Kif6
240354	0.0020420644380498153	0.0034591499210245443	0.0008576894764051469	Malt1
12796	-0.0	-0.0	-0.0	Camp
15490	-0.0009625786161244399	-0.0007995759102323103	-0.0008544074855733663	Hsd17b7
17921	-8.528289874202831e-05	-3.9440978575207935e-05	-9.327123635550862e-05	Myo7a
13654	-0.0	-0.0	-0.0	Egr2
74194	0.0030217495686140176	-0.0014555386263079627	-0.0013891766639240624	Rnd3
74694	-0.0005407461299770827	-0.000690023648983169	-0.0010902139669130072	Tbc1d30
22381	-0.00010706946795364487	0.0011609402637481618	0.0016084882261393164	Tceal9
242700	-3.014720370778077e-05	-0.00021313076478196116	-0.00011243278403554306	Ifnlr1
12348	0.0014341639268257312	0.002095762963716915	0.0021915247134961886	Car11
207259	0.0003926004772509051	-0.0001387425519161463	0.0007838981466667738	Zbtb7c
76854	0.0	0.0	0.0	Gper1
74901	0.00015769103317316222	0.0001255419783036191	0.0003058146124751032	Kbtbd11
12190	0.0004393617379616846	-0.00014542721440122776	0.0006623259864751613	Brca2
74013	0.00027756159977210905	0.0002657155227287647	0.00039774436450564226	Rftn2
54609	0.0011010447778043353	-0.0011716630670612022	0.0017584102822107701	Ubqln2
329324	0.00013538534389233057	-7.0070613731552516e-06	8.782170737738156e-05	Syt14
231760	0.003959640359125885	0.001549991410797233	0.002667179991790756	Rimbp2
192232	0.0005891704113907847	0.0006376821844710636	0.0007401420670786389	Hps4
21339	-0.004300502876275895	0.0004005838676726297	-0.003099978725462711	Taf1a
12723	0.0	0.0	0.0	Clcn1
259302	0.0	0.0	0.0	Srgap3
76156	-0.0	-0.0	-0.0	Fam131b
20201	0.0	0.0	0.0	S100a8
11364	-0.0004331969022296297	0.0005476214093842249	0.00018760621890681495	Acadm
225998	0.005507188796992775	0.0016880962473575273	0.0032567479787933328	Rorb
68259	0.004324626033018892	-0.0008153920110048193	0.003212151280731051	Ift80
223864	-0.0022064871258314868	-0.0018227973092890407	-0.0016968842068315353	Rapgef3
19041	2.4017019950202525e-05	0.00014356052981606286	-2.47264955572283e-05	Ppl
66011	0.00033364440973164284	0.0012914922665128237	0.0003669042038252057	Ranbp17
72097	0.0005634459571353829	0.0005347324593891309	0.000370425980816166	Cracdl
229228	0.0007238874364661985	0.000607673493777196	0.0007107761211103182	Nudt6
230904	0.0	0.0	0.0	Fbxo2
215632	0.0	0.0	0.0	Psd4
225845	-0.0028597598996877344	-0.009354687197378106	-0.011604987230899722	Plaat3
13346	0.0	0.0	0.0	Des
52585	-0.0009282816491231718	-0.0009846169698381547	-0.0009146364962294756	Dhrs1
56177	-0.0002224521720965774	-0.00014601415613373824	-0.00020246027118099705	Olfm1
20274	-0.0	-0.0	-0.0	Scn9a
381101	-0.00950007617760263	-0.005264675724973111	-0.009064697165245474	Dnph1
94214	0.0	0.0	0.0	Spock2
268859	9.75771308179506e-05	0.00016166576027104284	0.00014937761338007366	Rbfox1
12286	0.0015372474621414762	0.003957148049007658	-0.0002769014965949016	Cacna1a
58206	-0.0015049791605280657	-0.00279140092308888	-0.00179770095811544	Zbtb32
29859	6.988628631872128e-05	3.986195573311669e-05	9.728883826113425e-05	Sult4a1
226098	0.0004041081859344412	0.00022372611879870955	0.0002617110993692014	Hectd2
57444	0.0003383995288229877	0.0013093439581443463	0.0010153298785635803	Isg20
245527	0.0021148050793869267	-0.002268025788150936	0.0026369182804809933	Eda2r
21384	0.0	0.0	0.0	Tbx15
19087	-0.0002336240839155889	-0.0002306469294481292	-0.0002882269714548343	Prkar2a
18121	-0.0	-0.0	-0.0	Nog
224093	0.00027040991758887114	0.0017063509207898245	0.0016457140433522857	Fam43a
26561	0.0	0.0	0.0	Mmp23
56213	0.002335461545565051	0.0025734154620258983	0.002802099196440935	Htra1
11568	0.0	0.0	0.0	Aebp1
73075	0.00033663526825697285	0.00026550550005053795	0.00031344338824028476	Ppil6
241494	-0.0005687717858374937	-0.0002965490617340193	-0.0005473090132830942	Zfp385b
68458	-0.0	-0.0	-0.0	Ppp1r14a
171463	-3.118412028226132e-05	7.125196315622447e-06	-1.778215953420471e-05	Il17rd
269855	0.0	0.0	0.0	Ssc5d
68801	0.0005067376420559095	-0.00032648780713382997	0.00022559046020006126	Elovl5
237211	0.0015928658770997855	0.0006020191052869957	0.0019201677454227506	Fancb
17984	-0.0	-0.0	-0.0	Ndn
211949	0.0014686432105774558	0.0018197963875190312	0.0027560477494336134	Spsb4
55963	0.0020655367115904114	0.0008021058655540041	0.002111685123610106	Slc1a4
56047	0.0006657398036201961	0.0007332048987205855	0.0007129821175107723	Msln
56399	0.004607924922360259	0.0029315575041079425	0.0052459800524858454	Akap8
16656	0.0005851948934097877	0.0012591848243212495	0.00015129215324934166	Hivep3
268860	0.002315914277817285	-4.6304081291772294e-05	-0.0014068268537951272	Abat
210044	-0.00017119293610611837	0.0002828220353195238	-0.0010948227740014513	Adcy2
14840	-0.0	-0.0	-0.0	Gsg1
14544	0.0009052922068184802	0.0002771060716696916	0.0005677780055065983	Gda
20656	-0.00018974119742389366	-0.0004405960037455263	-0.0003646840120419245	Sod2
231238	-0.0016891198630080248	0.0004368494316197809	-0.0002916033192267383	Sel1l3
72607	0.0018828724407964194	0.0005316420595849931	0.0014783833758551905	Usp13
19417	0.0007845996784031514	0.00036912216685850335	-0.0003208810682104902	Rasgrf1
23792	0.00012084850239515359	-0.0002615197982146084	9.781452912694161e-05	Adam23
71835	0.006043464049271651	0.006947230396181097	0.008983094082752626	Lancl2
433938	0.00024209301052101548	0.00014830696153416326	0.00029024600885973643	Mn1
15114	0.0	0.0	0.0	Hap1
109660	-0.0035351487129725275	-0.00211667667571397	-0.0011470080816304616	Ctrl
26411	-0.0021105651584587834	0.001007690168620903	-0.0035965015498959593	Map4k1
320557	-1.578946010450089e-05	0.0005995805168654102	-4.3512194605847814e-05	Fam169a
57746	0.0010607232354221084	0.000848778200754956	0.001150439542492501	Piwil2
20462	0.0018140010459129037	0.0019543478871899217	0.002171508698117357	Tra2b
16450	-0.005066930136699349	-0.005084698935703118	-0.006947959341755231	Jag2
21928	0.0	0.0	0.0	Tnfaip2
219114	-0.00042641499712151693	-0.00035087474680283007	-0.00038689487020747096	Ska3
100039795	0.0	0.0	0.0	Ildr2
242509	-0.006720658984098424	-0.002804936887137635	-0.005154414041657897	Bnc2
67168	-0.0003138042931357379	-0.0014602565299652662	-0.0023578775402942217	Lpar6
66528	-0.0	-0.0	-0.0	Smim5
72774	-0.0	-0.0	-0.0	Neil1
17433	-0.0	-0.0	-0.0	Mobp
108000	2.128868784860372e-05	1.677743177048426e-05	1.060897161454833e-05	Cenpf
214663	-0.0009764441048892016	0.0002306948989033768	-4.6632022689440215e-05	Slc25a29
241452	-0.0	-0.0	-0.0	Dhrs9
67059	0.0014274518952175563	0.0006167943463987614	0.0008411565452380367	Ola1
17196	0.00025123241755881727	-0.0010439530302850531	-0.0003045566180754507	Mbp
19711	-0.0	-0.0	-0.0	Resp18
18187	-0.0036235619841651955	0.004795761365614488	-0.0011229602472100464	Nrp2
22276	2.2051294784968557e-05	7.896974800776597e-05	9.349720964542877e-05	Uros
16854	0.00019156705460090712	0.009081946812325187	0.009064380533003949	Lgals3
12978	0.001620338175782957	0.007205280618168172	-0.0025614949983064936	Csf1r
12482	-0.0010609126968796228	-0.0003020583802293812	-0.0007609007460678087	Ms4a1
11829	-0.0	-0.0	-0.0	Aqp4
12398	0.00786558505984863	0.005908876434452116	0.00815518011694205	Cbfa2t3
319613	0.0004319309097795154	0.0003705824684987824	0.00047709374253029836	Sybu
70310	-6.480088912882306e-05	8.976358107262598e-05	5.015822056809455e-05	Plscr3
17130	0.0	0.0	0.0	Smad6
109205	0.00041209136280185205	-0.0008942589963808861	2.6383730556696916e-05	Sobp
320508	0.0012237445377495674	0.0023722108658528625	0.002636637024494238	Cachd1
72825	-0.007659067482400399	-0.004464238299220657	-0.006970193554937752	Mon1a
109242	5.3392287320182714e-05	-0.0019715893820878407	-0.0008990630819731924	Kif24
57340	-0.0001512837317299944	-0.00024154249524283182	-0.00033929207918132403	Jph3
76025	0.0059829493752333995	0.004338256771591298	0.005077999973380372	Cant1
77609	0.0	0.0	0.0	Ccdc151
13618	0.0002798178260681599	-2.7652297086459422e-05	6.742230956486649e-05	Ednrb
321007	-0.0004958074813048788	-0.0006165683518920979	-0.0009748757902619475	Serac1
12519	0.0007388337549336054	-0.004115981088053956	-0.0004065654728854339	Cd80
59126	-0.0038947588402535893	-0.002677956473060539	0.0007351906824971631	Nek6
12845	0.0	0.0	0.0	Comp
229003	-0.0	-0.0	-0.0	Helz2
12393	-2.5494581056608163e-05	-2.4780125845217304e-05	-2.1258682786066427e-05	Runx2
14126	-0.0	-0.0	-0.0	Ms4a2
107513	-0.0005589941621113462	-0.0006714696172931274	-0.0008199457451133176	Ssr1
76491	0.005042504699827521	0.004113523113801259	0.004888087264517938	Abhd14b
69487	-0.0025046614119241624	-0.004126902403985342	-0.004590362158007232	Ndufaf5
12373	-0.0014894131045719698	-0.0008725035730285365	-0.0014316090642697342	Casq2
83429	0.0008748401157448592	0.00047670708792823803	0.0008567806318735917	Ctns
13400	-0.0004900034725070915	-0.0004566559376211446	-0.0005420433327101863	Dmpk
213435	-0.0027579850884224457	-0.0032544395742484054	-0.002500379967878775	Mylk3
217946	0.0006671679652700901	0.000266605040727411	0.000561025204732244	Cdca7l
51801	0.00010244040966335264	0.00017747668374788384	-0.00011067648806917777	Ramp1
16574	-8.442030875458294e-05	0.00011022391119359027	4.806440162618488e-06	Kif5c
225997	0.0013036472176979244	0.0002957953219360763	0.0010526964300206728	Trpm6
67425	-0.0	-0.0	-0.0	Eps8l1
69066	-2.7701939983856036e-05	-3.9179356965948864e-05	-4.585041027524534e-05	1810010H24Rik
64293	-0.002325864063825491	-0.0007524745285983878	-0.001626158851427562	Stk32b
76044	6.073368056763124e-06	3.875187161291594e-05	1.775734212871279e-05	Ncapg2
12390	0.0	0.0	0.0	Cav2
338362	0.003839762546287938	0.00045237059944593	0.002008859203267539	Ust
76917	-0.0062311712380450504	-0.006578227071804012	-0.00816607248614638	Flywch2
54672	-0.0	-0.0	-0.0	Adgrg3
279561	0.0011000260903033493	0.0004521198584733713	0.0003358270435872405	Wnk3
68067	-0.0009640358053424738	-0.003038153116693286	-0.0011265821787572199	Mrnip
71690	0.0	0.0	0.0	Esm1
242702	-0.0	-0.0	-0.0	Myom3
70099	-0.008593603384574803	-0.010170522138556974	-0.01138774180529203	Smc4
15932	-0.0009224467912214082	0.0012982809197038658	-0.0005024810833842694	Idua
224661	0.0026860427399017835	0.001407278059256227	0.0023875577970568604	Slc26a8
83453	0.004136184766751604	0.010477513373557611	0.005393391642970007	Chrdl1
15200	0.0005884967850062951	-0.006118363814778903	-0.003912778974783299	Hbegf
20680	-0.0	-0.0	-0.0	Sox7
107351	-1.211392369379333e-06	1.4032334559775299e-05	1.7392587077848746e-05	Kank1
20964	-0.0	-0.0	-0.0	Syn1
241568	-0.0	-0.0	-0.0	Lrrc4c
217341	0.0	0.0	0.0	Qrich2
103988	-0.0	-0.0	-0.0	Gck
320139	-0.0010940018094438687	-0.0013707306348275333	0.0006928416010389498	Ptpn7
380785	0.0	0.0	0.0	Begain
353242	-1.0065747554536169e-07	1.3080030184460632e-07	-7.4195800814161374e-09	Mrpl21
622434	-0.0008172727518622757	-0.0008239422086199231	-0.0014542947405047095	Arhgef26
235534	0.0003864247546367422	0.00025519345719017094	0.0008908294411325571	Pxylp1
73668	0.005802730247946904	-0.0008037625198408137	0.00468266658588749	Ttc21b
18510	-0.0	-0.0	-0.0	Pax8
227094	-0.003584323166675687	-0.004905651609505203	-0.006045153062467812	Nemp2
20540	0.0029160310540765604	0.0004754496313819321	0.0067133721232164045	Slc7a7
116838	-0.004236015937463597	-0.00316491260420382	-0.007201549386170645	Rims2
14400	0.0	0.0	0.0	Gabrb1
268395	-0.00011512873812597924	-8.968543659099379e-05	-0.0003488295412881972	Mpg
230784	0.004151846281338312	0.002871425814065528	0.004976398852943611	Sesn2
218440	-0.00021842252704102363	-0.002611124644884923	-0.0010917516987395599	Ankrd34b
26922	0.003425999313930673	0.0037402192416855517	0.00535470067334554	Mecr
11688	-0.00029362054758935003	1.010293344418282e-05	-0.0012420110031730288	Alox8
26912	0.0018856388673421638	0.0012978970912069377	0.0012990507047141821	Gcat
211550	0.0	0.0	0.0	Tifa
18553	-0.005148907703501911	-0.0024509001556447117	-0.003702399632360367	Pcsk6
75690	0.00045240770861551636	-0.0010119406792145646	-0.0013920594042043505	Vsig10l
215798	0.0016736268311740095	0.00048560689475809815	0.002149376477744471	Adgrg6
22229	-0.0	-0.0	-0.0	Ucp3
384061	0.00016940010100622966	-0.0006146703618058145	0.004542757928145252	Fndc5
110902	-0.0	-0.0	-0.0	Chrna2
237831	0.0	0.0	0.0	Slc13a5
330409	-0.00020269500881074656	6.371624505127754e-05	-0.00018851440138037406	Cecr2
16456	0.005860538146838926	0.0067191889077844935	0.008112714040941004	F11r
18190	5.545797522018177e-05	6.509076754706225e-05	4.776810052961393e-06	Nrxn2
109272	0.0007981389432828193	0.0013356765327230096	0.0009999478741747668	Mybpc1
14760	0.00029881780746012117	0.0008051898390264492	0.0013750825507935376	Gpr19
57265	0.0007843742563090331	0.00015251850031457444	0.0025438770133130737	Fzd2
72486	-0.004599876740104885	-0.006093645235237662	-0.005076211837245645	Obi1
20528	-0.0022104997524995617	-0.0028186305596774076	-0.00224582866817529	Slc2a4
319582	-0.0015669445129225515	-0.0005167113560065547	-0.0013343007373541199	Trmt9b
56419	0.00016412489914896172	0.00025926510195592857	0.000252058556700075	Diaph3
16426	0.0	0.0	0.0	Itih3
70061	0.0	0.0	0.0	Sdr9c7
192976	0.0001620707670397844	0.00020945528462433855	0.000365083702620302	Lrrc75a
67603	-0.0001393729921264171	0.000402506173940313	0.000429260193760456	Dusp6
245049	-0.0018991336666979307	-0.002240540789464833	-0.002585377358158936	Myrip
71279	-0.000310873545137076	-4.7998104217622606e-05	-0.00014213007618225264	Slc29a3
74770	0.0	0.0	0.0	Hhatl
12350	-0.0	-0.0	-0.0	Car3
19258	-1.9483166636470023e-05	-1.2941647073715656e-05	-1.3202322683721401e-05	Ptpn4
19153	-0.0	-0.0	-0.0	Prx
14802	0.001241488478029632	0.0005563592847117745	0.001406654573651501	Gria4
11687	0.0	0.0	0.0	Alox15
26556	-6.97695392750592e-05	-0.001038114188045232	-0.00010536785440479085	Homer1
16971	-0.0012460979893075673	-0.0012457523318765433	-0.0021996089332260477	Lrp1
216527	-0.0006553866569714308	-0.00023218273957054868	-0.00029204291753192506	Ccm2
13074	0.0	0.0	0.0	Cyp17a1
68728	0.002173551885000872	0.0003010905975966591	0.0009044474520725486	Trp53inp2
26939	-0.0032641320272676585	-0.003071905182716094	-0.0031003572434004836	Polr3e
22031	-0.0009173467949123095	0.002050244635267709	0.005301453745594947	Traf3
12140	0.0004930851045484754	0.0003178756146786811	0.00028927707740636474	Fabp7
63828	0.0	0.0	0.0	Fn3k
213484	0.0013381453560337897	-0.0012530950372717363	-0.00029504818524409893	Nudt18
71461	-0.0	-0.0	-0.0	Ptk7
207911	0.0	0.0	0.0	Mchr1
384569	-0.0	-0.0	-0.0	Nova2
69903	-0.0	-0.0	-0.0	Rasip1
546336	-3.3701230578452566e-05	1.3379683521797254e-05	-2.2701326072725104e-05	Prrg1
17930	-0.0001420697459590303	0.00028224354064594636	-5.134036891717807e-05	Myom2
381175	0.0016277847222655683	0.0002563469793050555	0.0013509112999726108	Ccdc68
22268	-0.0	-0.0	-0.0	Upk1b
54366	0.0027428920771399357	-0.0008172326741524796	0.0005187641577585962	Ctnnal1
14281	-0.0007413485298083567	-0.0002722440657434125	-0.00038541952576491513	Fos
207521	-0.0017284029084131602	-0.0019644122975047956	-0.002165844374447891	Dtx4
69215	-0.004390303232017803	-0.005272276805778954	-0.012077004259252245	Sat2
16526	6.960089372195751e-05	8.942077963319312e-05	-8.526304029033036e-06	Kcnk2
66999	0.0019749946918688264	0.0011191523294644136	0.001348386736579927	Med28
210530	0.0	0.0	0.0	P3h2
208213	-0.0007450682385336286	-0.0003340743443370537	0.00018610539300029647	Tmem132c
14115	-0.0	-0.0	-0.0	Fbln2
243362	0.00017728965552469653	0.0001982819281290026	0.00018243733090308987	Stard13
665113	-0.0011896534868963264	-0.00021746350986179543	-0.001103145710979666	Tnik
12143	0.0	0.0	0.0	Blk
14062	0.0008381947583553815	0.002103016235881593	0.001837531782738327	F2r
54420	0.00018745410732470003	0.00023519984443769296	0.00024196811477014828	Cldn8
14536	0.0005235710722693057	-0.001125497051008095	0.0005490414784074171	Nr6a1
26415	0.00029872350073311955	7.976435445841741e-05	0.0004559340342946489	Mapk13
93761	-0.0023817877149309758	0.0030704349100075545	-0.0011668083181638304	Smarca1
241230	-0.00027335105754753625	1.6092768720764033e-05	-0.0003992655206528764	St8sia6
17427	0.0011968016612843987	0.004440738721612285	0.004183688513995108	Mns1
231147	0.0	0.0	0.0	Sh3tc1
14128	-0.0	-0.0	-0.0	Fcer2a
239319	0.0001124796718182361	-0.00013984378520436465	1.1532913074182444e-05	Card6
109594	0.0028840501171189387	-8.522137433669615e-05	0.0010342229392545882	Lmo1
110784	0.0	0.0	0.0	Nr3c2
107448	-0.0010045629322284473	-0.0032041123395988944	-0.0027338073487454357	Unc5a
67238	0.0019962640887949967	0.0016637714400419491	0.0014124560963544282	Fam220a
54126	0.0002961907563279141	0.00015301219366179293	0.00022038565283489714	Arhgef7
18602	0.0006805235702183059	0.00022649812055686465	9.577446684323965e-05	Padi4
15213	-0.0004880832075446416	0.00011201116867413612	0.00017672209264316013	Hey1
17916	0.0	0.0	0.0	Myo1f
19039	-0.0	-0.0	-0.0	Lgals3bp
327954	1.138312499914791e-05	7.90272661981659e-06	9.380478149640123e-06	Dnah2
320662	0.0008491736206184227	0.0005594982931575401	0.0007545114890141365	Casc1
170799	-0.0025552273996690814	-0.00037460076677538456	-0.0007499805371891697	Rtkn2
21987	-0.002310524437562776	-0.0011541390057150463	-0.0017072308088897687	Tpd52l1
56513	0.0001419228239210697	0.0007126963353965211	0.00020537513441339872	Pard6a
170737	-0.00390915974761482	-0.0006844657406774915	-0.003595015158326914	Znrf1
22062	-5.3292432630845784e-05	-6.007354678661232e-05	-4.5345229262849076e-05	Trp73
16826	0.0033184024211695548	0.00115516911818573	0.0028216457641875694	Ldb2
67848	0.010153186903033008	0.00413248208571617	0.005385474206074245	Ddx55
14026	0.0018063297877055013	0.0005209419930939254	0.0008877444902839313	Evl
56631	-0.0	-0.0	-0.0	Trim17
68567	1.3050478229450332e-05	0.0003484470217466717	3.382001522711832e-05	Cgref1
272428	0.0	0.0	0.0	Acsm5
93840	-0.00486174284333436	-0.006702432771414331	0.002774109023345136	Vangl2
69590	-0.0	-0.0	-0.0	Gpx8
100061	-0.007031529576925628	-0.0005672547298121419	-7.746398264780078e-05	Lrrc19
20525	0.001144957799818037	0.000932558307533967	0.0009726081785225582	Slc2a1
20216	-0.0018431447647411035	-0.0008245888256952885	-4.736423800905209e-05	Acsm3
114606	0.0021261668364877763	0.0013167138023278218	0.001845143193672727	Tle6
329502	-0.0005734558434540238	-0.000881936520506493	-0.003441289301110724	Pla2g4e
226255	0.00148009323889659	-0.0028405834959403476	0.005879649176675288	Atrnl1
108699	-0.01329010361034672	-0.00499120073202018	-0.010047773238663807	Chn1
240667	0.0	0.0	0.0	Sec31b
217154	0.003883799639433866	0.005515799199652121	0.007312057592022861	Stac2
338365	-1.3957004697010002e-06	-0.0028974750702332424	-0.0002232297497997646	Slc41a2
52276	0.00010621960122784153	0.0017933854155230472	0.0003254502109411505	Cdca8
13602	0.0	0.0	0.0	Sparcl1
15572	-0.0	-0.0	-0.0	Elavl4
71819	-8.174615164230539e-05	-1.2885200133230419e-05	-1.503123118628072e-05	Kif23
16400	0.0009157506028107873	-0.0015026989585164453	-0.000850372187593129	Itga3
228357	-6.0843567534534445e-06	0.00010898927807615457	-6.690138055541112e-05	Lrp4
68440	-0.0007346032509185239	-0.00038331244394066035	-0.001322878454695324	Dusp23
12818	0.0038744083772134226	0.0011826852433949081	0.012148621302702722	Col14a1
14961	-5.8596080532581315e-05	-0.0017072600232151478	-0.0018658967063479976	H2-Ab1
272347	0.002012431683924431	-0.0004470622704563902	0.0001526604491259192	Zfp398
23876	-0.0015002330015878654	-0.00032587118272208506	-0.000963786320047997	Fbln5
15273	0.004891354403869193	0.003007030354072538	0.0038749591946140166	Hivep2
18762	0.005559520805516212	0.0033495109042815177	0.006726826294786987	Prkcz
11932	-0.01062301040864173	-0.013282633459171179	-0.01686326249963795	Atp1b2
217203	0.0001978756508543764	-0.0007942791787206628	-0.00017861049846377189	Tmem106a
12227	-0.002365177075535962	-0.00036937675263393953	-0.00046504046263211426	Btg2
57443	0.0005516012273400155	0.00029614793589341346	0.0005341630556978888	Fbxo3
236900	-0.0030338892283413785	0.00011948120081755176	-0.0007252769587279416	Pdk3
23893	0.0	0.0	0.0	Grem2
330171	-0.008095915521736023	-0.007934112600568916	-0.0066601525791149955	Kctd10
67272	-0.0	-0.0	-0.0	Cmtm5
14205	0.0	0.0	0.0	Vegfd
20650	2.243259971251021e-05	8.05557378244977e-07	4.534343715199297e-06	Sntb2
218461	0.0011926306699675073	0.0002618735783553214	0.0007699584554521644	Pde8b
18596	0.0	0.0	0.0	Pdgfrb
226999	-0.0	-0.0	-0.0	Slc9a2
78619	-0.00012627669246948316	0.0005000911470716962	0.0011604161495479028	Zfp449
20515	-0.0020254903384185944	0.00038345187452673015	-0.0010539576663284036	Slc20a1
17897	-0.0019349758532407164	-0.0014474039476794376	-0.0025746550773405397	Myl3
241770	-0.0	-0.0	-0.0	Rims4
20509	-0.00034025143431431267	-0.00010681183457973475	-0.0001936707887897168	Slc19a1
22228	-0.0014898983233926594	-0.002384671802081805	-0.002639995012796221	Ucp2
20500	-0.006363346796886729	-0.0031078682195734347	-0.006730801778993653	Slc13a2
23959	-0.0	-0.0	-0.0	Nt5e
20354	-0.00154893716045713	-0.0004946359007972259	-0.001663574152987303	Sema4d
13170	-0.0006220902971019135	-0.0007013042427451358	-0.0018243997176368317	Dbp
12481	0.0	0.0	0.0	Cd2
233199	0.0	0.0	0.0	Mybpc2
237353	0.0011163361331389622	0.0009253665529114825	0.001162203147433875	Sh3rf3
382045	-0.0011533289425612724	-0.001843847988174744	-0.0022048522131421656	Adgrg5
50794	-0.00400834323801737	-6.045895960429482e-05	-0.0006024213858999515	Klf13
56720	0.0028916344209142034	0.0020123646594429044	0.003302886798793969	Tdo2
19659	0.00099820687958604	-0.0012054207179797536	-0.0013724832101037537	Rbp1
102774	0.0003123815162420942	0.0009317883161242826	-0.0006560966426722699	Bbs4
213417	0.0	0.0	0.0	Klhdc8a
98256	-0.001549852843317664	-0.002685886116634366	3.0484984526452573e-05	Kmo
243983	0.001009954610180721	0.001011205414975492	0.0010686774242000114	Zdhhc13
225913	0.0019019179553902011	0.0004044004451503913	0.0010582639598473577	Tkfc
20564	0.0	0.0	0.0	Slit3
12494	-0.0001504619699491078	-0.0010414047596633918	-0.0006153466773654117	Cd38
12683	0.00016607018868100977	0.00327283686971133	0.002082483423207575	Cidea
16979	-0.0	-0.0	-0.0	Lrrn1
22640	-0.0006937132788213671	-0.00032929932814127513	-0.0006743580027342285	Zfp1
22393	-0.001866103296458998	-0.0015618521049738953	-0.0011238980967392257	Wfs1
114644	0.0	0.0	0.0	Slc13a3
27371	0.0	0.0	0.0	Sh2d2a
80837	-0.0	-0.0	-0.0	Rhoj
16007	-0.0005129420684137106	0.00037945434417066635	-0.0029704782930031807	Ccn1
329650	0.0002518734599107304	0.00016632439795256646	0.00013834253069028003	Med12l
634731	-0.0002758386626559035	-0.0002630322535503095	-5.534232742837692e-05	Susd1
231004	-0.0	-0.0	-0.0	Samd11
319266	-0.00015949803073690312	0.0013722433531697341	-0.0009724510492248973	A130010J15Rik
26949	-5.9698837386330236e-05	-0.002956331096482677	-0.0005607781492914896	Vat1
216739	-0.00026934287371340815	-0.00012076070855181958	0.00033627710061705045	Acsl6
21922	-0.0	-0.0	-0.0	Clec3b
76267	-0.0029176644597720615	-0.0023097147034832595	-0.0075804125146445465	Fads1
231712	0.005146393678984571	0.00756912740224889	0.005407618774203532	Trafd1
12023	-0.005045968420540453	-0.00569218939982847	-0.005525748559350338	Barx2
74761	0.00036347066034320364	0.0005245759522212883	-0.0005302891210715526	Mxra8
14125	0.0	0.0	0.0	Fcer1a
17260	0.0	0.0	0.0	Mef2c
223272	0.0002446682618455045	0.0002582837933681002	0.00021857421214832964	Itgbl1
75593	-0.000947849030253509	-0.000498236133613656	4.969927553057974e-05	Malsu1
23969	0.00026785312885814765	0.00010042715599226754	0.00018406359964687956	Pacsin1
66416	-0.005733692712058061	-0.0013860817529682834	-0.005874755707163583	Ndufa7
50997	-0.0	-0.0	-0.0	Mpp2
66083	0.002061299752409942	0.0007281710347784088	0.0016158524521407032	Setd6
103967	-0.0007719805400725787	-0.00024314811121677727	-0.0009059472508754808	Dnm3
17219	0.00286532896110334	-0.0009229460676614394	0.0012505547114055773	Mcm6
381217	0.001295783480889043	-0.0009599708050127683	0.0007731697581887266	Fam189a2
19338	-0.0002667085063608714	0.00017726942961809815	0.00016967689121412724	Rab33b
241226	0.002225861721243201	0.0005884028471364299	0.0018938763465607123	Itga8
19126	0.00010796392289524262	-3.93443630340309e-05	0.00011336030460182377	Prom1
20533	0.0	0.0	0.0	Slc4a1
19099	-0.0006844507092006447	-0.0008442969946397388	-0.0002200920203784012	Mapk8ip1
19342	0.0020821749921931306	0.0016853558311025532	0.002559148109035679	Rab4b
107508	4.594671874610397e-05	4.6069031186567335e-05	-4.971267365685714e-07	Eprs
72925	-0.0	-0.0	-0.0	Marchf1
71099	0.0	0.0	0.0	Tssk4
19220	-0.0025749418514071664	-0.0008587448718731497	-0.002261433185052623	Ptgfr
228785	-0.0	-0.0	-0.0	Mylk2
66169	-0.005560410125666141	-0.0012352604620413793	-0.005792585897866404	Tomm7
319974	0.008881774853610464	0.0014949847534210376	0.006208417651793796	Auts2
16197	0.0	0.0	0.0	Il7r
216350	0.00045657051637426653	0.002058166438658068	0.0015742703110292512	Tspan8
16491	0.0	0.0	0.0	Kcna3
106042	-0.0008958475247335151	0.0003254730621501995	0.00013795754185998624	Prickle1
12830	0.0026822324427205383	0.003346165802399985	0.007240739269148549	Col4a5
100978	-0.0015481826382985897	-0.002026844841617055	-0.001791191727807434	Nfxl1
208768	0.0013589641726815935	-0.00018353052228362065	0.0006694649610872232	Sde2
73836	3.207400772877374e-05	-0.00013989998088171436	2.3252012137361202e-05	Slc35b2
78749	0.005409528047220393	0.005064497782769535	0.003503947501989218	Filip1l
70551	-0.00026807810498299863	-0.00013912051477264653	-0.00030697144529139584	Tmtc4
16402	0.0	0.0	0.0	Itga5
140721	0.0001816435978121269	0.0003741040391665967	7.901111152591159e-05	Caskin2
16511	0.0	0.0	0.0	Kcnh2
59083	-0.005212563806516346	-0.001184738175476131	-0.004988772721124682	Fetub
237711	-0.004635933697022646	-0.004120619599174693	-0.004550311882365215	Eml6
56496	-0.0012577366653757857	0.0009300678353327053	0.00021004240421158246	Tspan6
23871	0.0023861227000650815	5.3238832235961306e-05	0.0012806169632693014	Ets1
245020	-0.0004351064949957757	-5.262004657023123e-05	-0.0003326524578739232	Slc35g2
330189	0.001642308821421652	-0.0037732533888630918	-0.0002965683155691868	Tmem120b
11450	-0.0	-0.0	-0.0	Adipoq
19696	0.0029395128620836107	0.0011705635721372864	0.002360707604497139	Rel
246048	0.0006793472944023589	0.0017183013558985597	0.0007941269175056652	Chodl
15902	0.001305703917541814	-0.0006177631230305452	0.0003958796279070083	Id2
240058	-0.0005831183640659396	-0.0008142847027061362	-0.0004929119142267635	Cpne5
56644	0.0	0.0	0.0	Clec7a
140488	0.0012003600653234929	-0.0011498015765520461	8.268994445171868e-05	Igf2bp3
67755	-0.003513954660891862	-2.625575272017609e-05	-0.0026488504443989763	Ddx47
72151	2.6546990993936417e-05	5.422335542912302e-06	1.1734116250181802e-05	Rfc5
23928	0.0012568316559773039	0.0002654745884604087	0.0006910484890941261	Lamc3
76217	-0.00040120558396288496	-0.0007044493627026183	-0.00017152791870576244	Jakmip2
13824	0.0011083270358663965	2.5686445130707614e-05	0.000569232714422365	Epb41l4a
66526	-0.00021526752729719655	-0.0002979680382182345	-0.00033323808496617545	Tceanc2
81006	0.003096746275308758	0.00260674317757481	0.003679350941779306	Gpr63
17883	-0.0011446569752486281	0.0036958741501956303	0.0014555215745239854	Myh3
70423	0.0003183903625811407	-0.0003141333794953299	-9.574113024522822e-05	Tspan15
229658	-0.0008217049425766752	-0.002829981620742828	0.0003024041896426123	Vangl1
16776	-0.0024018272943669167	-0.0012093295888631506	-0.0009646306830946918	Lama5
217935	0.005015515202010863	0.004027388502388651	0.003491972653664749	Wdr60
226777	0.00031352678018881466	0.00022963850109483116	0.0003141630029645357	C130074G19Rik
12477	-0.0005551498205785107	-0.0018740775279117699	-0.00035861520537636127	Ctla4
75641	-0.0	-0.0	-0.0	1700029I15Rik
15212	0.006979950778895408	0.007098595183341551	0.01072365570124614	Hexb
14163	0.0004459279297896979	0.00014855347524848263	0.00044039293690625154	Fgd1
230721	-0.00046986106652956747	0.0005237785788692098	-0.0003847620347006895	Pabpc4
228550	-0.0	-0.0	-0.0	Itpka
17313	-0.0	-0.0	-0.0	Mgp
327957	0.0003241497617310377	0.0007058673991184613	5.664007199690874e-06	Scimp
17874	7.161188956155257e-05	0.00010211605469055494	-8.810752082333711e-05	Myd88
71876	0.0009681660376639203	0.0008727381070871213	0.0007418494265040727	Cenpu
75590	-0.00011815046190911179	-0.0016558482225242008	-0.00241039295809072	Dusp9
14268	1.7101053135020842e-05	-0.0002469099261967771	1.4173095525771607e-05	Fn1
50915	-0.005652976458679401	-0.00171908577130352	-0.008389136594157118	Grb14
21924	0.0	0.0	0.0	Tnnc1
14612	0.003018986058545407	0.002849651060471696	0.002647076776618434	Gja4
13823	-0.0007784010170565617	0.0003352524220668279	-0.0006125484325539029	Epb41l3
240913	-0.0007346381817914786	-0.00048420578599749135	-0.0012237917969295767	Adamts4
20692	-0.004458093507075695	-0.006270508013435587	-0.0023505506068705767	Sparc
66446	-0.00017886807177311466	0.001638745429120046	0.0005230684687383223	Exosc7
12162	-0.0025503830698784618	-0.00041409988370324005	-0.0012559607766320273	Bmp7
56471	-0.0	-0.0	-0.0	Stmn4
24131	0.0	0.0	0.0	Ldb3
70008	0.00021592948380973407	0.0004213170617107783	0.0013161406996015773	Ace2
56279	-7.269481485091666e-05	0.0006185613133952194	0.0015491523331544294	Dipk1b
243616	-0.0	-0.0	-0.0	Slc6a11
67758	-0.0012589927626850995	-0.0009406344994231795	-0.0011955139144475301	Aadac
74393	-0.005018702812429582	0.0003827145867290783	-0.00034344011136405473	Map10
268297	0.0014760531793320114	-0.0006865510649855476	0.0023369112270008536	Scml4
16497	0.00029045649648221875	0.0008149990182724335	-0.000868434954491422	Kcnab1
13040	0.008089426037267967	0.008569729228051774	0.005130299949805971	Ctss
12795	-0.0005678139155758761	-0.0004517219670652026	-0.0009188842630961831	Plk3
80286	-0.0	-0.0	-0.0	Tusc3
216616	-0.007153983262891125	-0.013765876437626352	-0.003332084404544649	Efemp1
14758	-0.0013513242166958285	-0.00011756908214870961	-0.00025962451556291096	Gpm6b
20613	-0.002174857304360712	-0.0013523269213944486	-0.003703257420395405	Snai1
93888	-0.0033025184890953657	-0.0019551170370203765	-0.005573517465103789	Pcdhb17
15284	0.0	0.0	0.0	Hlx
20516	-0.00012798064486838165	-0.0003703175403896644	-0.00040804855671605194	Slc20a2
13631	-0.004324009419930408	-0.0036249425568040516	-0.004109825355600919	Eef2k
19739	0.0010320589387153164	0.0004943236488129403	0.0012508533217746296	Rgs9
27409	-0.0	-0.0	-0.0	Abcg5
225341	-0.0	-0.0	-0.0	Lims2
23805	0.011657017668297255	0.0026910488081146834	0.009536634409230237	Apc2
70546	-0.0009145822294041052	-0.0004795993429808745	0.0004588789940569787	Zdhhc2
11746	-0.00021227516884562688	4.422040951137417e-06	-0.00034564566010367805	Anxa4
101772	0.0	0.0	0.0	Ano1
14221	0.0006629784861760929	0.0003507304973793652	0.0007262537382454471	Fjx1
16431	0.001173264526358371	-0.003559350389648809	0.0011072549373693096	Itm2a
21356	-0.004703942128087913	-0.0021523138850286826	-0.0013624340277585121	Tapbp
67211	0.0015995398326394178	0.0011328312571409242	0.0016494726980614768	Armc10
64918	0.008499755333863516	0.00901517092180104	0.012511978712998358	Bhmt2
67963	0.0033741568872118254	0.0010806011412120547	0.0037913328630216907	Npc2
78134	0.001102675118361651	-0.0015139172775977372	0.0034134259957263103	Lpar4
66824	-0.0004580320702290686	-0.00046670415586435253	-0.0003979591815395059	Pycard
14313	-0.00016573014226633435	-0.0032317359389510384	-0.0004030786119743159	Fst
18667	0.0	0.0	0.0	Pgr
13032	-0.004273794572783877	-0.00633711665862716	-0.0069395229278840535	Ctsc
211228	-0.000140818482665979	-0.00029984934992916256	0.0003502869079888865	Lrrc25
18415	0.002124255987077103	5.177755892648294e-05	0.001672443269155257	Hspa4l
72349	0.0	0.0	0.0	Dusp3
100705	0.00010757562303107504	-0.004760514593679285	-0.0015290585231932721	Acacb
233246	-0.0	-0.0	-0.0	Ano5
22042	-0.0017818956561490198	-0.0015196572833711035	-0.002282794936904942	Tfrc
12826	0.0108014227326749	-0.003209912774455276	0.004516325392557596	Col4a1
226861	0.00021941321455895102	0.000200134716369232	0.00024366883092589902	Hhat
225266	0.0034952684336591283	0.00724983559571904	0.004378420148002067	Klhl14
207565	-0.0021189641025919684	-0.0019078194298864633	-0.0019810293827998756	Camkk2
19275	0.0012877533331077148	-4.286081435463692e-05	-0.0005633165762749869	Ptprn
67178	-0.001138369967087212	-0.0003933583234549551	-0.00130418622507192	Zmat5
68846	-0.0	-0.0	-0.0	Rnf208
11459	-0.00021606608050477667	0.0004941149461445409	-0.0010019312151251505	Acta1
110075	-0.0015063298839098176	-0.0013605840179773002	-0.0027434166871796975	Bmp3
12822	0.0	0.0	0.0	Col18a1
21334	-0.0037505113399977463	-0.0028232550787602737	-0.0030125629869482856	Tac2
232946	0.0016616639054287607	0.0034519259948324645	-0.0010850656682061589	Bloc1s3
17880	0.006438794715951725	0.007244526223359993	0.007196837374634655	Myh11
230582	4.550180436880117e-05	-7.004910823381711e-05	5.0606347409675e-05	Cyb5rl
208154	0.004968007770081537	0.006606193988794756	0.005898567330803055	Btla
11602	0.0	0.0	0.0	Angpt4
67374	0.011199749571382358	0.004091100175545321	0.007895474602144207	Jam2
29817	-0.0026645448472486302	-0.002899435000131216	-0.0035267436305243833	Igfbp7
68016	-0.0	-0.0	-0.0	Cavin4
67295	-0.0005630786672467319	-0.00038703824066411573	0.0007396872776526117	Rab3c
15450	0.0	0.0	0.0	Lipc
14773	0.0001776475934754519	-0.0011248939055220385	0.0010895805535198284	Grk5
277468	0.0	0.0	0.0	Slc39a12
269019	-0.0	-0.0	-0.0	Stk32a
109019	0.0008372129337553203	0.0010851280185729965	0.001300368019861186	Nabp1
20969	1.268192603867735e-05	2.622507232942221e-05	4.462899387025342e-05	Sdc1
73379	0.0008268368173602849	0.00016980336170429455	0.00031132246302135395	Dcbld2
20288	0.002694311356074971	0.0067293066854641325	0.004801068515909913	Msr1
110446	-0.006157940753370586	-0.011046562599365475	-0.0066904659600144365	Acat1
15939	0.0019077511405452522	0.0026266447615512535	0.0022958094870098597	Ier5
234857	0.0012580581597115153	0.000542388018082408	0.0016245459046364472	Spire2
14761	0.000803230505681238	0.001819121002114218	0.0019485096418751804	Gpr27
245595	0.0005688857394453733	-0.0008651958905888319	0.00012494761786001395	Zfp711
70405	0.0	0.0	0.0	Calml3
21389	0.0	0.0	0.0	Tbx6
218341	9.561320993211448e-05	-0.00038997672888254313	0.0003627836656707087	Rfesd
21960	-0.0	-0.0	-0.0	Tnr
20447	-0.00012011141831190174	-3.832519807291139e-05	-0.00024185932461333686	St6galnac3
110893	0.0	0.0	0.0	Slc8a3
381853	0.0	0.0	0.0	Gipr
104943	-0.0023029625261542027	-0.002426353218333208	-0.0029498303550330143	Fam110c
29862	0.009422224162344946	0.008034461410071327	0.008788106926059422	Ninj2
65963	-0.0	-0.0	-0.0	Tmem176b
16525	-0.0036748263333348397	-0.0024117554545617123	-0.003773001281507939	Kcnk1
11839	-0.0	-0.0	-0.0	Areg
21816	0.0	0.0	0.0	Tgm1
11307	0.0037752928513921655	0.0006280848133229427	-1.7360474155425765e-05	Abcg1
16493	0.0	0.0	0.0	Kcna5
20536	0.0008440664483537998	0.00014981654881351944	0.00037363529338069174	Slc4a3
16181	-0.0	-0.0	-0.0	Il1rn
53321	-0.002176010793328293	-0.0008638874510790575	-0.0015109748788483754	Cntnap1
15118	1.966805562433282e-05	0.00019836446016157174	4.8062568092196435e-05	Has3
110876	0.0	0.0	0.0	Scn2a
68099	0.001093605939737369	-3.214664776571785e-05	0.0006394034741111844	Cibar1
627049	0.0011268470810239823	0.0019871793865962836	0.0023624505835299573	Zfp800
20377	0.0018878815133201127	0.005640990033397574	0.004757724130767221	Sfrp1
76547	-0.0005807136639719546	0.00013352041704387834	-5.743853683520739e-05	Tmem101
20423	4.6731981977286005e-06	1.011680933291673e-05	-8.554664289111696e-06	Shh
80976	0.0	0.0	0.0	Syt13
54326	0.0008525112264806834	-0.00394172858974586	0.0006883239436654921	Elovl2
11684	0.00011228976835858067	-0.0001631086398640431	0.00013395324218008338	Alox12
16772	-0.0010845232875950808	-9.650138566743164e-05	-0.0013867591490222938	Lama1
21786	-0.0	-0.0	-0.0	Tff3
77593	-8.038342714334394e-05	0.00027036784005160205	0.00041608330774824977	Usp45
64340	-0.00033649735207296616	0.0007702284141166275	0.0007242266336586566	Dhx38
330671	0.00018425252278176464	6.048962390209505e-05	0.00014531009698304508	B4galnt4
209212	0.002980320255724732	0.0022876793097637055	0.0012931740953487844	Osgin2
19245	0.0016941854702655318	0.0038659180422207415	-0.00042514216721344805	Ptp4a3
382913	0.0004940484114392431	0.0005238561833218702	0.0008874068008227125	Neil2
68070	0.00042463696979944723	-0.0004731927323400151	-9.279074204549968e-05	Pdzd2
320974	-0.005083004873897058	-2.2523172438963263e-05	-0.004818886166360918	Lrrn4
74490	-0.0	-0.0	-0.0	Mamstr
18548	0.0	0.0	0.0	Pcsk1
213469	-0.0	-0.0	-0.0	Lgi3
72310	0.0	0.0	0.0	Nkg7
105243	0.00023097184587018367	0.00010504191027239766	0.00025811293122264805	Slc9a3
22063	0.0010556025624803775	0.0040302504914381514	0.000723658605645206	Trpc1
105675	-0.002001142219731279	0.0009634086746256656	-0.0006643033632069843	Ppif
432530	-0.00141085750344236	-0.0012590858935700143	-0.0013632643466843133	Adcy1
58222	-0.0	-0.0	-0.0	Rab37
68082	0.0037008704840148228	0.0023778995957242184	0.004373576360052605	Dusp19
110033	-0.0009717649314547935	-2.393019642333727e-05	-0.0009904279121811914	Kif22
108052	0.0	0.0	0.0	Slc14a1
66513	-0.0	-0.0	-0.0	Tab1
216292	-0.0005595893679814115	-0.0013128002407949554	-0.0007261874663785417	Mettl25
116837	0.001713945724125141	-0.0006534883474992908	0.0005593546911974689	Rims1
67819	0.0011186588927729305	0.0005253242115871855	-0.0003401750415046872	Derl1
27261	-0.0	-0.0	-0.0	Dok3
320865	-0.0005412405923051353	-0.001404623661520788	-0.0035337110076042702	Cdh18
239188	-0.0014077874522347624	-0.0009492226598048114	-0.0012064462645860882	Enox1
245555	-0.0028213171930617366	-0.002075219910774345	-0.002524483239789024	Nexmif
67703	0.0003650855996590162	0.0009128983453256848	0.0004298567464250398	Kirrel3
84035	0.0006072811696536269	3.5012445897051625e-05	0.00041572581611714314	Kremen1
235041	-0.0006282769327858205	-0.0017143424935875645	-0.000989803774269047	Kank2
56461	0.0	0.0	0.0	Kcnip3
66109	6.478547392908356e-06	-4.907713844041926e-08	3.79879579781118e-06	Tspan13
216856	0.0	0.0	0.0	Nlgn2
26377	0.00054058819731546	-0.0002784072819073071	0.0005362870378638442	Dapp1
208795	-0.005447933087510487	-0.0028139674181325053	-0.005643328426908262	Tmem63a
497097	-0.0	-0.0	-0.0	Xkr4
68010	0.0002836161440774498	-0.00021164712202746994	-0.0004738128546864629	Bambi
23850	-0.00041841989837221257	-0.0007886267388560848	0.0010820235119953614	Pappa2
330908	0.0001464146510636278	-1.3018681547918767e-05	0.00035543738427612297	Opcml
20776	0.0	0.0	0.0	Tmie
73747	0.0007488639965600874	0.0005670787337505827	0.0006676779631182791	Shld1
94091	0.0005817478073937086	0.002022913551704602	0.0010443556136143055	Trim11
246104	0.005106440412052079	0.005775048345517666	0.00828841536740136	Rhbdl3
319660	0.0	0.0	0.0	Agmo
14681	-0.0009062290890925967	-0.0031561068418532257	-0.00536158524134545	Gnao1
16373	-0.0019051574533862907	0.0016891765027497458	0.000738276108728953	Irx3
12643	-0.0	-0.0	-0.0	Chad
12311	0.00010903624322426095	0.00018859996190772962	0.00012441303802596118	Calcr
53972	0.0006032969765014081	0.0009063910264198382	0.0009495641725916409	Ngef
105827	-0.0	-0.0	-0.0	Amigo2
72685	9.183489998143972e-05	0.0019582697870826203	-0.00019293972131934642	Dnajc6
75568	-0.0041936328229299135	-0.0004934426538206256	-0.0036199732867550185	Capsl
114713	0.0001526333148907472	5.353223967956055e-06	8.266446747760515e-05	Rasa2
268747	0.0	0.0	0.0	Carmil3
229699	0.008958151437881399	0.0035643495087148043	0.002273781335198326	Slc16a4
14420	-0.002787011071362207	-0.0025683447412840747	-0.0030165604352159355	Galc
19725	-0.00028542926632247717	0.00010202404979775027	-0.00014881848162117843	Rfx2
12700	-0.0	-0.0	-0.0	Cish
279766	0.0	0.0	0.0	Rhbdd3
15430	0.0	0.0	0.0	Hoxd10
243755	-0.001088494784775258	-0.002946697268885459	-0.0005632179997013278	Slc13a4
50874	0.00044106636864570673	0.001102482059288403	-0.0007598287664441403	Tmod4
408022	0.0005716937075554312	0.00014951654986562117	0.0007181048920247797	Primpol
67893	-0.004211535742167663	0.0018841971117020532	-0.002036228721978026	Tmem86a
208228	6.09949480759669e-05	-0.0003030028018908274	0.00015220432552686119	Mob3a
77889	-0.0011638258313707336	0.002729703547783812	0.0017270184518210073	Lbh
13082	-0.0015504184475914244	0.0008224091824386861	0.00011213315314604589	Cyp26a1
209966	0.0014368161721744956	0.0005430028476826166	0.0009232013430776162	Pgbd5
77056	-0.0013773934374063789	0.0012809266225834424	-0.0018597029955441228	Tmco4
16147	0.0	0.0	0.0	Ihh
245827	-0.0	-0.0	-0.0	Fat2
140742	-0.0058276523960519595	-0.003977946377760874	-0.008062803259328934	Sesn1
101497	-0.0009424867259378677	-0.0007805548394560445	-0.0009857396480931952	Plekhg2
71240	-0.00025849119488165716	-0.00014383228552521094	2.6920725521782954e-05	Osbpl7
231050	-0.00525147131546212	-0.001011589804204612	-0.003330237274109022	Galnt11
11601	-0.0006321514944171371	-0.0026612937054245355	-0.0032460385308830855	Angpt2
223917	-0.0	-0.0	-0.0	Krt79
209584	0.00013904696558087037	-0.0015514619879960698	0.0003325086696872165	Tyw3
74895	-0.003029659593624889	-0.0026256889631821215	-0.003467517394888884	Ccdc181
338403	-0.00035296840873166044	0.0001565209252967633	-0.00030926744753775556	Cndp1
14373	0.0	0.0	0.0	G0s2
12458	-0.0	-0.0	-0.0	Ccr6
72003	0.004157787435772635	0.0017848934252034532	0.004193895019974392	Synpr
72780	0.0	0.0	0.0	Rspo3
18534	-0.0	-0.0	-0.0	Pck1
20229	-0.008293805585127568	-0.005750984971451342	-0.010489608190824966	Sat1
64242	0.0	0.0	0.0	Ngb
13850	0.0007982106848034918	-0.0002527739509386199	0.002051391446858576	Ephx2
19876	-0.005233209696018553	0.0007001357308274004	-0.003215855955888768	Robo1
13363	-0.0004465662664336399	-0.000988951290908332	-0.0006799322496843224	Dhh
54650	-0.0007626124049328869	-0.0003200286071769621	-0.0005606269652857955	Sfmbt1
320560	-0.0011723038718194519	0.00484923371486636	0.0011625700875234526	Dennd5b
232333	-1.5469124631286957e-05	-0.00030335862293374966	0.00041912495794387336	Slc6a1
108153	-0.0009182552678038165	0.002252302187764354	0.0018500440231783875	Adamts7
68642	-0.00015510750781705742	0.0003532024909798565	-7.317257914795547e-05	Tmem216
80901	0.0	0.0	0.0	Cxcr6
78286	-0.0003873431255243628	-6.201568229024357e-05	-0.00020833940433933687	Nav2
22342	0.0009814632184194847	-0.0019575437922663983	-0.002763258470686358	Lin7b
77782	-0.00035049621064121253	-7.760778690356008e-05	-0.0002953595339173176	Polq
22412	7.305616508069821e-07	1.3525754865833831e-06	5.4405327069613575e-06	Wnt9b
18453	0.000897259220030197	0.00031198939992383774	0.0009888057912916248	P4hb
407823	-5.563837175504381e-05	-5.1374631444686516e-05	-6.503817171753603e-05	Baz2b
14067	0.0006207989979306891	0.0009357563952084216	0.0015254268413862225	F5
16535	-0.00020202370949357296	-0.00033288695827690933	-0.0007593701792643953	Kcnq1
192187	0.00010108258841706562	-0.002696174868006961	0.0011935506627178763	Stab1
28146	0.001244835721697829	0.000888724004257139	0.0013248977886717124	Serp1
239743	-0.0018707468360276707	-0.00020846215307293974	-0.003743799766636436	Klhl6
12971	-0.001795995743854322	-0.0014094121734829585	-0.0016910649302302363	Crym
74386	-0.0005141881947512581	-0.0003479303087539523	-0.0005247957941068345	Rmi1
109294	-0.00412281355429839	-0.002780642046970628	-0.006438216125594449	Prex2
70454	0.0005227335841636007	0.0003880537392186557	0.0005960540918044302	Cenpl
79235	0.0	0.0	0.0	Lrat
20296	0.00031260978692427297	0.00021156674234677644	0.0003016838414357237	Ccl2
17885	-0.0	-0.0	-0.0	Myh8
14080	-0.0	-0.0	-0.0	Fabp1
66990	0.00015362746315800157	-3.9718506836953607e-05	4.9017276660256324e-05	Tmem134
15368	-0.00353983554257278	-0.0005731625892548052	-0.0013034208933754114	Hmox1
216560	-0.001346934496310459	-0.0018920525848467493	-0.001232950183865838	Wdpcp
14114	-0.006012764096045928	-0.00447349982505732	-0.009025555620271766	Fbln1
58198	-0.001777815668343682	-0.005253031241339774	-0.004560095970983937	Sall1
76566	-0.0008081031358995565	-0.000612667326965578	-0.0004160607648206121	Rflnb
17193	7.899768723091616e-06	-1.9467547769301996e-05	-1.8484454494587517e-06	Mbd4
99010	0.0003828453028465362	0.0005047955510270032	0.00032270351070650755	Lpcat4
52463	-0.0025661814882245813	-0.0026085284614252506	-0.0033397770797997466	Tet1
231207	0.00471552786663533	0.006273572972233822	0.0076329118630311145	Cpeb2
71839	-0.001773476129453293	-0.0015778421643085397	-0.002473208306698534	Osgin1
13003	0.0	0.0	0.0	Vcan
242523	0.0	0.0	0.0	Dmrta1
380713	0.0011010440467578147	0.00025583040441639016	0.001191689004354797	Scarf1
14120	-0.0011811188569636518	-0.0017083057925007653	-0.002576261402605413	Fbp2
270192	-0.0	-0.0	-0.0	Rab6b
225358	0.0003894846817301318	0.00021967098712167603	0.00037888785309227554	Fam13b
22350	0.0002508802857458013	0.0011479301165232645	0.0016112048713936126	Ezr
104346	0.0006755705076413284	0.0020438156961504993	0.0014077591556830521	Gas8
77630	0.0	0.0	0.0	Prdm8
74199	9.756672864781677e-05	9.335463913824332e-05	-1.8899069448285738e-05	Vit
11927	-0.00020052771271116058	-0.0003515862685467418	-0.0004038861400680609	Atox1
103511	0.0	0.0	0.0	Calhm5
30059	-0.0049685092760906515	-0.0008925801500605508	-0.0038872994706095907	Timm10
231134	-0.0	-0.0	-0.0	Dok7
94229	0.0001438870442179839	-7.369666575755598e-05	0.00013861155949831104	Slc4a10
240023	-0.0010895207142569453	-0.0007311063223414417	-0.0012480161437093283	Pnldc1
16404	0.0011572955376695582	0.00311742061699901	0.00031188936863914686	Itga7
54131	-0.0009451172637958835	0.000896761632519908	-0.0003809877279792188	Irf3
240185	-0.0008981528297111275	-0.0011040077826779523	0.0009082674054848195	Jcad
67196	3.599161606775467e-05	3.4765310409293975e-05	0.00010368038730543245	Ube2t
14919	0.004331770517241681	-0.0010943464589506585	0.0007824057900268923	Gucy2e
12840	0.0	0.0	0.0	Col9a2
12825	-0.0	-0.0	-0.0	Col3a1
72930	0.00015244786075578203	0.00015430173578828588	0.00012064877838875986	Ppp2r2b
243574	0.00019925110657238035	9.336151353774205e-05	0.00012906327501909778	Kbtbd8
67419	0.002190457905472883	0.0005568400383229249	-0.0026594196167163894	Armh4
242607	-4.821881664497773e-06	1.3057821528711028e-06	-5.530423762826571e-06	Slc1a7
71911	0.003514490032610984	0.002948192878538959	0.004967007824260192	Bdh1
20202	0.0	0.0	0.0	S100a9
80890	0.0004677541696105378	0.0005982447913611531	-0.00021310646372329502	Trim2
12810	-0.000132745162005012	-0.0014543451331720054	-0.0008443621225956141	Coch
13008	0.0007193664705616859	0.0004264067595239999	0.00037284880535021263	Csrp2
12326	0.0008926014659085558	0.002059459870044475	0.0020631704077368664	Camk4
218772	-0.002389090950415194	-0.00149580548598385	-0.0008660955686158589	Rarb
77577	-0.00021187339497432875	-0.001791212552934187	0.00035866116134864313	Spns3
226830	-0.01797177850960505	-0.013883273982902532	-0.013008293437344142	Smyd2
333088	0.0	0.0	0.0	Kcp
17228	-0.0	-0.0	-0.0	Cma1
12827	0.0005871445596336106	-4.206937581109138e-05	0.00027499772868715865	Col4a2
16403	0.0002298107613224791	-8.86719618817558e-05	0.00017665367080354127	Itga6
66591	-0.0007104651417192804	-0.0009707407074990579	-0.002792956702612642	Mad2l1bp
233875	-0.00013600362041020465	0.0006372250865126201	0.0008015891267728193	Ino80e
21426	0.0029111826798574126	0.006526645762327218	0.004357043854445453	Tfec
14687	-4.808699923733853e-05	-9.721478987277812e-06	2.0100225011451177e-05	Gnaz
211798	-8.487478457106076e-05	-9.814475723727672e-06	-7.244492089628216e-05	Mfsd9
217306	-0.0	-0.0	-0.0	Cd300e
224674	0.00016300921677952777	-0.0004890719525959208	-0.00015219325975687775	Slc37a1
20618	0.0	0.0	0.0	Sncg
75141	1.5570504281393033e-05	1.5749375423354152e-05	2.872510491182734e-05	Rasd2
16399	0.0	0.0	0.0	Itga2b
15442	-0.002958888040888621	-0.0016831664155427834	-0.002603335708264863	Hpse
52857	-0.0	-0.0	-0.0	Gramd1a
219228	7.410485965493473e-05	-0.000764631694973609	0.0008081629321619278	Pcdh17
22403	0.0	0.0	0.0	Ccn5
22249	-0.00015769941408909523	-0.0009943385632768871	-0.0008209939393020687	Unc13b
14081	-0.00020327934157288464	-3.225190754955502e-05	-0.00010321237593783072	Acsl1
230379	0.005521262187530783	-0.002953431825285144	0.00294711146444416	Acer2
140580	0.0002478326620695982	0.00016992413311682657	0.0002306278895242027	Elmo1
16438	-0.000758002653030378	-0.0004253486964982633	-0.0006239510598982429	Itpr1
240087	0.001116171004821269	-0.00010323195974259406	0.0003083550954979431	Mdc1
73728	0.0	0.0	0.0	Psd
193838	0.002100630832909992	0.0017429980241298727	0.0019990522355052315	Eme2
50784	0.0018767631527427083	0.0010971838951379764	0.002311020501666002	Plpp2
56316	-0.0005552094698084129	0.0004112925028473751	0.0037407496980734743	Ggcx
116939	-0.0019451707645921931	-0.00404364662626436	-0.0026950469991283135	Pnpla3
12448	-0.0012423758999798849	-0.0005464364566151612	-0.00028862323415221965	Ccne2
242860	0.0059057477122100984	0.004535509450172151	0.005891205748004788	Rsbn1l
20419	4.746283297844993e-05	0.0004054506265411571	-0.00036067567764723544	Shcbp1
228482	0.00030147289034134937	-2.884440276609332e-05	0.00015656550769341758	Arhgap11a
16768	0.0	0.0	0.0	Lag3
108797	-0.0003708008760294335	-0.0015319114841952793	-0.001537051793704568	Mex3b
234854	-0.005530685478797821	-2.8711296517930516e-05	-0.003950313119967431	Cdk10
66771	2.5562812857824287e-05	-1.0342170408374852e-05	9.658183105540246e-06	Gid4
14732	0.00021485149060197921	0.00015543251692767243	0.00011260728895167925	Gpam
218877	0.0	0.0	0.0	Sema3g
11606	0.0026965135682481536	0.0008384058785128321	0.0013493715686268635	Agt
76960	6.189748798775736e-05	6.747283748289702e-05	6.126434592706367e-05	Bcas1
14412	-0.0	-0.0	-0.0	Slc6a13
66522	-0.00440378084474077	-0.003653075979624942	-0.0018799130122194635	Pgpep1
226409	-0.0002241527691584682	-0.00035756612093509546	-0.0006138066638233142	Zranb3
109245	0.0030759120863627053	0.0006043152764188572	-0.0002969254276401561	Lrrc39
78797	-0.0025728142854284253	1.3375753269708275e-05	-0.002182256354381312	Ndor1
544963	-0.0004022032356228701	-0.0003612258788835516	-0.0004176139807353489	Iqgap2
54634	0.0	0.0	0.0	Magix
84004	0.0	0.0	0.0	Mcam
20273	-3.743130713717899e-05	-9.215091580818582e-06	-2.2486506524557603e-05	Scn8a
384214	-4.6332975130491196e-05	-0.0003561291066283335	-0.0003421661808904407	Ephx4
67198	-0.0001998382318290915	-0.000815061237049346	0.0003492358956133115	Spats2l
57344	-0.00036286487501652567	0.002218231007281823	-0.0010714616277018977	As3mt
269643	0.005322305305162467	0.0037109045973122263	0.006765580746121951	Ppp2r2c
21898	0.0	0.0	0.0	Tlr4
17389	0.0006897032919047389	-0.0001928480888384083	0.0007374161606541055	Mmp16
56700	-3.302096580578325e-05	-4.101538089386447e-05	-3.658922343046023e-05	Glmp
11745	-0.0008614422056175885	0.0012063524644459732	0.0008636974612683106	Anxa3
225742	-0.0	-0.0	-0.0	St8sia5
29857	-0.00041463211176782694	0.0012604473997045616	-0.0027418886969251435	Mapk12
268451	6.587486457178202e-06	1.8805705273581327e-05	1.1546599030781326e-05	Rab11fip4
286942	-0.0	-0.0	-0.0	Kif19a
243328	-0.0	-0.0	-0.0	Slc29a4
271786	-0.0007045334884992937	-0.0005492388530044318	-0.0009028196593366535	Galnt13
16909	-0.0	-0.0	-0.0	Lmo2
27419	0.0	0.0	0.0	Naglu
271005	0.0011488046611260985	0.0001746561923805735	0.0008618872640549768	Klhdc1
170768	-0.005517565017464385	-0.002043725292614816	-0.004597911028964056	Pfkfb3
72287	0.0002006815776412544	0.003470108349793478	0.0019495191356146732	Plekhf1
68566	0.0	0.0	0.0	Caly
54195	-0.0	-0.0	-0.0	Gucy1b1
14613	-4.691551940324595e-05	-0.00029430935214071793	-0.0003795290317678769	Gja5
19273	-0.0014153870948106658	0.0005156190590433762	-0.0007829746567545547	Ptpru
68393	0.0029041962739244655	-0.0003697879797602976	0.0027749997077611077	Mogat1
268527	0.00015742392866837385	-0.0001625179439683636	0.0009787819313506563	Greb1
71781	-0.0	-0.0	-0.0	Slc16a14
14183	-0.00014029960816028413	0.0001600354391843084	-8.719663371365685e-05	Fgfr2
18784	-0.0	-0.0	-0.0	Pla2g5
18526	0.0007986683198009226	-0.0003281591934725199	0.0005171444955193294	Pcdh10
11363	-0.00577767008071187	0.004196688886259264	-0.002495530331156961	Acadl
72016	0.00017298345727815258	-1.7473123986886998e-05	0.00010248071889870896	Tedc2
75668	0.000591547652242818	0.0006758184043189208	0.0008949215965666717	Rasl10a
14432	-0.0	-0.0	-0.0	Gap43
29877	0.0005606530039413763	0.0013554873452900596	0.0011328137642329227	Hdgfl3
11513	-0.0019969750164740745	-0.0049591690705351205	-0.0014736271442284902	Adcy7
14534	-0.00396085196154059	0.0012953198929038009	-0.0014413778785313063	Kat2a
13011	0.03587692142930965	0.028118481768451862	0.04956390734354841	Cst7
93835	-0.0026423551928773186	-0.002395854543693674	-0.005621545845851412	Amn
14560	-0.0	-0.0	-0.0	Gdf10
231691	-0.0	-0.0	-0.0	Sds
20319	0.0	0.0	0.0	Sfrp2
269615	-0.0	-0.0	-0.0	Plch2
67138	-0.0030105726827847415	-0.0023533162765574157	-0.0013403745772604446	Herc6
65970	0.0008830098332910725	0.00035101381094027224	0.0002083571099177904	Lima1
72002	-0.0	-0.0	-0.0	Slc39a5
74020	-0.004780062618089683	-0.0025995534120615044	-0.006225444375325192	Cpne4
67580	0.0	0.0	0.0	Lrrc18
15370	0.0	0.0	0.0	Nr4a1
110962	-8.384984642892976e-05	-0.0010611505721502545	-0.0004841867062356508	Mbd6
20295	-0.0	-0.0	-0.0	Ccl17
380863	-3.57689937892219e-05	-1.2393962657604421e-05	-2.7507079178881248e-05	Tmem171
271711	0.0016254036002301927	0.0006316391285544489	0.0015159370467639664	Tmem169
71532	0.002914229207960356	0.0018634086886888566	0.003569470586146609	Fam217b
94040	7.166178424607931e-05	0.0007341044519128374	0.0033137118712054593	Clmn
353282	-0.0015697865935612224	-0.0024940076766858314	-0.0030891369448297033	Sfmbt2
67216	0.0001226919107247927	5.906123345394972e-05	0.0002639557654900239	Mboat2
54353	-0.011456931661207214	-0.005082797722497039	-0.008592454477619426	Skap2
83946	-0.0008666424888453232	-0.000379550659993628	-0.0009500188420441499	Phip
574402	-0.0	-0.0	-0.0	Gpr17
18400	0.0	0.0	0.0	Slc22a18
22351	-0.0	-0.0	-0.0	Vill
22370	0.0010659988050862699	0.004970820658893401	-0.0009630420611676781	Vtn
20350	9.220555451123084e-05	-0.0047239504260615395	-0.003707767243516956	Sema3f
245026	0.00014937613643502422	0.0001970121819037104	0.00018855564816979353	Col6a6
27060	-0.012317047463527292	-0.009260640125941421	-0.016063659345016985	Tcirg1
242939	0.0	0.0	0.0	Cpz
71994	0.00014207995983864496	0.00016136121082643221	0.0001485181760586215	Cnn3
16997	-0.008839800254170785	-0.003998732288452643	-0.005789930459932164	Ltbp2
210356	-0.0015695206765167138	-0.0008181089909505784	-0.0012906462681608005	Nckap5
243780	-7.731542798111023e-05	-0.00011395440717168234	-2.3858088917603796e-06	Dennd11
241525	-0.0017519314113266283	-0.0019654060662017496	-0.0026861418064977383	Ypel4
230775	0.0	0.0	0.0	Adgrb2
16570	-0.006914104043052877	-0.006191424112132119	-0.006925674814187323	Kif3c
319670	0.00028931127381765035	0.0007838920567917253	0.0007515657580934689	Eml5
54720	0.00015993458765851064	-0.00045742900109476715	-0.0009717309653878591	Rcan1
228778	0.0010318491499945106	-0.000272559374633047	0.00044340879868887253	6820408C15Rik
56745	-0.0	-0.0	-0.0	C1qtnf1
245684	-0.001760971688336066	-0.0021463975792630893	-0.005790799084355479	Cnksr2
319229	-0.0	-0.0	-0.0	Sctr
16842	0.011652470026695038	-0.00010279363710276359	0.0074655386472088775	Lef1
227327	0.0010892747118504784	0.0008071880557066885	0.0011700888710609863	B3gnt7
20391	0.0	0.0	0.0	Sgca
319953	0.002331897733350952	0.0008696863419441166	0.001372941402594948	Ttll1
170745	7.898594940777034e-05	0.0001307145124527556	0.0001869471984770438	Xpnpep2
23985	-0.0007017980329357106	-0.005381547448440251	-0.002292384118208516	Slc26a4
50779	-0.0	-0.0	-0.0	Rgs6
15277	0.008464084476871803	0.0009366291745078388	0.0006119903935693104	Hk2
234740	-0.002425646446828494	0.0008083470771959663	-7.237430061990214e-05	Tmem231
52589	0.0007315194358842367	0.0005296395483327194	0.0006456335757136972	Ncald
20389	-0.0	-0.0	-0.0	Sftpc
320840	0.0	0.0	0.0	Negr1
14605	0.0010245440963799876	-0.005151135549457411	-0.004573229964977231	Tsc22d3
103710	3.384013631982743e-05	-4.5939930761767906e-05	2.4064817000991476e-05	Slc35e4
16513	9.061330024540076e-05	-0.00010990104408253979	-3.498218871115319e-05	Kcnj10
381798	-0.0	-0.0	-0.0	4930590J08Rik
27226	0.0	0.0	0.0	Pla2g7
214580	-0.0007395010991771843	0.0007141971128013844	-4.5900995705107474e-05	Pstk
78977	0.000894908525079002	0.0003224220172608876	0.003330734420854873	Popdc3
17060	-0.0004822978679016747	0.002885628999290697	0.001300478633542042	Blnk
53313	0.0	0.0	0.0	Atp2a3
12550	-0.00015395330676604095	0.0003704316175485452	0.0003243207669308415	Cdh1
18769	0.001669206119645864	0.00036045171365878893	0.0020837345082808877	Pkig
53324	-0.0008282552987335243	0.0005174310769097238	-0.0005848964797949802	Nptx2
13131	-0.00014129352732321086	-0.00013308298076214337	-0.00013247990489614504	Dab1
229595	-0.0005271238715604975	0.00036823833831759	-0.0001292376560965534	Adamtsl4
320100	0.0	0.0	0.0	Relt
68802	0.0007764582997569871	0.0008060034427461275	0.000892558965855748	Mypn
103968	7.775453332610474e-05	-1.3590124369724644e-06	2.5280381932911186e-05	Plin1
66902	-0.0007123617990687887	-0.0006733822436360515	-0.0006988100630566907	Mtap
12449	0.0019529504037717352	0.0005605898018505117	0.0017906992069141273	Ccnf
70928	0.0011602482576573312	0.0017044351973405382	0.0020796182289647344	Trim69
53374	0.0008912814440638527	-2.143490118769722e-05	-0.00030558756231901076	Chst3
245945	-0.0005571359785146974	-0.0013042272713388837	0.00038175969939941264	Rbm47
21935	-0.0032032233715436724	-0.0019725350295112087	-0.0021818959722641694	Tnfrsf17
50490	0.0007445061755267476	-0.004128268800566727	0.0004743521305208857	Nox4
75869	-0.0010319860360776907	-0.003183807897185233	-0.0005027673403578293	Arl5b
245269	-0.0008980525167753596	-0.0021886142024837674	0.0006044920712315581	Nim1k
14017	0.0	0.0	0.0	Evi2a
140577	-0.0012906748014910512	-0.0006347235043221808	-0.00031196047845454423	Ankrd6
20343	0.0022482424127770123	-0.001472954747411624	0.0019084654163825853	Sell
66548	0.0	0.0	0.0	Adamtsl5
230103	0.0	0.0	0.0	Npr2
231503	-0.0015147042535560012	-0.0005827608000196445	-0.0015923606607782623	Tmem150c
68352	0.0	0.0	0.0	Aspdh
29818	-0.0	-0.0	-0.0	Hspb7
24053	-0.0	-0.0	-0.0	Sgcg
70370	0.0	0.0	0.0	Fbln7
76142	0.004595709492401485	0.0047650963565937406	0.005150926811590957	Ppp1r14c
76757	0.0	0.0	0.0	Trdn
24001	-0.002294125699808621	-0.002716207899663918	-0.0030115870806228977	Tiam2
12931	-0.00014752086335997284	-0.00019605207649880986	-0.00017383480608648312	Crlf1
67993	3.565288468539786e-05	-0.00015787572867166964	5.232467003778297e-05	Nudt12
16162	0.003511729341450786	0.0004727502118997688	0.002806314103916917	Il12rb2
16658	-0.0004307844907825892	0.0010175010989162394	-0.0003636601788171339	Mafb
100502698	-0.006177332587660564	-0.010783437482558719	-0.010298491765146878	Rubcn
22359	-0.0005124018618341211	-0.001130171879953736	-0.0007087073800770077	Vldlr
22116	-0.0054032717446066926	0.0017896673732859115	-0.002721849462432203	Tsks
232078	-0.0	-0.0	-0.0	Thnsl2
71091	-0.001295601590190199	0.00013799541392220418	-0.00034189847984678816	Cdkl1
13195	-0.0006930405578533318	-0.0016367283120137426	-0.001058437332297191	Ddc
20474	0.002692867749531872	0.005999372188939836	0.003791423213675821	Six4
12505	0.0	0.0	0.0	Cd44
56737	-0.001716723376236607	-0.0003317710262927873	-0.0005857790028028575	Alg2
53604	0.0	0.0	0.0	Zpbp
67728	-0.004851912297171215	-0.0014388671907020574	-0.0048493188362963464	Dph2
77113	-8.218536903594702e-05	-7.395785255374048e-05	0.0003051179891826935	Klhl2
74580	0.0	0.0	0.0	Pyroxd2
71720	-8.348095806397223e-06	4.6425556018763336e-05	-0.00021224975058527652	Osbpl3
18976	-0.004517511734103347	-0.005005934943377595	-0.00661778281820832	Pomc
217125	0.0	0.0	0.0	Samd14
12903	0.00046789428208795814	-0.002430365635752291	-0.0030847260337676192	Crabp1
64705	0.002782894242304525	0.0017920595253265563	0.002409505334993218	Dpys
12323	0.003337630755731819	0.0008626517118403635	0.0017522694564132562	Camk2b
20512	-0.00932365120452641	-0.011488247057111529	-0.003595132780214991	Slc1a3
319504	0.0013865847858188193	0.0021333490627125167	0.004242896664590837	Nrcam
23821	-0.0008314199922704425	1.9786510296717507e-05	0.0007227101630867851	Bace1
109620	4.148548653484286e-05	-0.00037266066669434456	-0.0003572016326568554	Dsp
19288	-0.0	-0.0	-0.0	Ptx3
19700	-0.0	-0.0	-0.0	Rem1
56224	1.3734124258939283e-05	2.5754240027745124e-05	2.9082688605877062e-05	Tspan5
16889	0.006867139362759712	0.0025788930884044223	0.0030193855646611684	Lipa
244653	0.002797596551164352	0.0010250578011132448	0.0025141841996997164	Hydin
240261	-0.0005380804076164085	-0.0013358790713923776	-0.0017186494970612782	Ccdc112
74166	0.0014125186925477119	0.003706498465688766	0.0018144801701577577	Tmem38a
17528	-0.0	-0.0	-0.0	Mpz
246728	0.0	0.0	0.0	Oas2
104080	-0.0	-0.0	-0.0	Nxph4
17387	0.00011018139760158445	5.629969722182726e-06	0.00016737970382995962	Mmp14
71998	0.0006596179292145191	0.0024319423685721163	0.0018976362923304117	Slc25a35
12236	-1.3667437244418083e-05	-0.00020327615804915618	-0.0006155636638477376	Bub1b
216795	-0.0	-0.0	-0.0	Wnt9a
225825	-0.0004687967704902501	-0.00041682805459594994	-0.0006289726635204252	Cd226
13838	0.0031490846916660334	0.001419918287129513	0.0026742946604562797	Epha4
666048	0.00021924546702079605	0.000779423839555319	0.0018714534109611598	Trabd2b
83671	0.0012248466386207855	0.0010433269739913698	0.0012455827922703687	Sytl2
12568	0.010409119664928303	0.013186842593529946	0.0097472579222786	Cdk5
223774	-0.000997584999543877	0.000884341768065442	2.7771493365056673e-05	Alg12
378431	0.00036725588627635963	-8.524471920604437e-05	0.00023654877829889205	Txlnb
170743	0.0	0.0	0.0	Tlr7
75209	-0.0	-0.0	-0.0	Sv2c
218271	-0.0008324061930556106	-0.0013192815372202926	-0.00024668098695471483	B4galt7
18791	-0.0020848499135559632	-0.0014766644497176216	-0.002228402770877952	Plat
329278	0.0015824564485165382	0.0023618218323014444	0.0021028934874167	Tnn
14763	0.00027605202941618075	-0.0004241365305744501	0.0009862888215598255	Gpr37
17873	-0.0031002931298015745	-0.004860183800192764	-0.004045325950226392	Gadd45b
73683	-0.001561440967777547	-0.001172844833604209	-0.0012543183526482098	Atg16l2
11480	0.00043720802366772194	0.00016397833173239422	0.00036713451735462737	Acvr2a
16527	-0.0	-0.0	-0.0	Kcnk3
16950	0.0	0.0	0.0	Loxl3
16170	-0.0	-0.0	-0.0	Il16
77794	0.0	0.0	0.0	Adamtsl2
64297	-0.0	-0.0	-0.0	Gprc5b
170725	-0.0	-0.0	-0.0	Capn8
68631	-0.0017223217242668262	-0.002139004507988374	-0.002116255037661331	Cryl1
23794	0.0	0.0	0.0	Adamts5
16371	0.0	0.0	0.0	Irx1
65964	-0.0019264282141390136	-0.00114706638720038	-0.0020077331326616627	Map3k20
55988	3.947853327062128e-05	2.0158212084350647e-05	3.2764819230115034e-05	Snx12
329941	-0.004398106792659365	-0.001734528961808091	-0.002683128263284248	Col8a2
30794	-0.0	-0.0	-0.0	Pdlim4
75597	-0.001047293330733226	-0.0008972732245235887	-0.000854355654886537	Ndufaf2
67426	0.00018301903034059647	9.465036671202031e-05	-6.756430761346883e-05	Coq8a
54519	0.0007799900823191908	0.0005132179679978979	-0.0021111517297490267	Apbb1ip
223646	-0.0	-0.0	-0.0	Naprt
24057	-1.5771949573986806e-05	-9.031147522898903e-06	-1.2627114238126001e-05	Sh3yl1
53328	-6.512717561490623e-05	-0.0003728016798361553	-0.00020884964291059755	Pgrmc1
63993	-0.0	-0.0	-0.0	Slc5a7
108147	0.0002455949228415096	0.0027789251842213285	0.005271484944184419	Atic
16159	0.0006876404200576622	9.331734648940066e-05	0.0005836176442866567	Il12a
11803	0.0	0.0	0.0	Aplp1
71609	-0.0	-0.0	-0.0	Tradd
93838	0.001529504683718381	0.0005214932059560583	8.213405755071403e-05	Dqx1
105439	-0.00019128654533144822	0.0010444718042289377	0.00035657000902332523	Slain1
52588	0.0029454158688090484	0.0031562959665206803	0.0026432074659733947	Tspan14
13058	0.00012635015982007683	-0.0012410701602148823	-0.0006867523567812201	Cybb
12654	0.0	0.0	0.0	Chil1
11720	0.0018777470961288422	0.0015424258443769248	0.002091915070477841	Mat1a
72301	9.064589804874263e-05	-0.0006041953100585787	-0.000863509880222612	Shisal1
17189	0.002671746882984078	0.0017187427990854065	0.0029730552016854804	Mb
76459	0.00040011046297085926	-0.0018480705759790325	0.002349491599139898	Car12
60594	0.002853529140955045	0.0003037907358855318	0.0055148483859093905	Capn12
272636	0.0003850296912315721	0.000655214517116109	0.0010870691312197538	Esyt3
76884	-0.003861567516075602	-0.003510936496544936	-0.004098285827297972	Cyfip2
13982	-8.1669524050608e-05	-7.275833819233253e-05	-0.00011443361558644606	Esr1
11352	0.00044252766919457076	-0.0002784610556462499	-9.711102681693698e-05	Abl2
55927	-0.0034582633034763574	-0.0020430544554634125	-0.0033376310863520295	Hes6
192678	0.00021348727650675645	-3.9793736602201553e-05	9.4229102493573e-05	Rassf3
338369	-0.0	-0.0	-0.0	Tmem220
100198	0.0	0.0	0.0	H6pd
21956	0.0	0.0	0.0	Tnnt2
21940	-0.0004784091117151777	-0.0005064515797501092	0.0008786795555591245	Cd27
74202	0.001568331758776558	0.0011618359940438394	0.000998947903007192	Fblim1
23882	0.0012650984877249753	-0.0009532892928568145	0.0005865138178364024	Gadd45g
16881	7.023920758260602e-06	1.2077264300039094e-05	1.1848204036112481e-05	Lig1
230163	-0.0	-0.0	-0.0	Aldob
242202	-0.004067631812241983	-0.00703827604846702	0.006298392287539196	Pde5a
74241	0.0025667727790413607	0.0031144011387109548	0.0013569487991228813	Chpf
66901	0.0	0.0	0.0	Proz
233744	-0.0014765442536565211	0.00016261466562444548	-0.001531716341593088	Spon1
242585	-0.005077914824104425	-0.000816247007100833	-0.0007719771215146572	Slc35d1
70223	-2.3690049554193728e-05	-1.2937193786360934e-05	5.439153076846318e-05	Nars
244550	0.0	0.0	0.0	Podnl1
108927	0.0001892616440983059	4.712985037460995e-05	0.0001349041214148775	Lhfp
22324	0.0	0.0	0.0	Vav1
94088	0.003312883267985607	0.004044184629746976	0.002266080284989486	Trim6
59308	0.0	0.0	0.0	Emcn
101565	-2.6351894155761855e-05	8.068437276460073e-06	-0.00010058844103327859	Ccp110
19263	4.697381534339292e-05	-1.8097311728976724e-05	0.00013972040647124379	Ptprb
223435	-0.002146154069630227	-0.0008084290457829872	-0.0018025070331950908	Trio
213760	-0.0007456329461264158	-0.0005704303281799491	-0.0006860079549833375	Prepl
104271	0.0002937018148308219	-0.00026073566368707774	-3.4156061890395444e-06	Tex15
170459	-0.00029088922453953303	0.0001279177003394522	-6.767691439217222e-05	Stard4
102436	-0.0002539500489411956	0.0009085896560387084	0.0004113783240747811	Lars2
232441	0.003205389920935955	0.0016945673960057713	0.0020627952786765906	Rerg
17085	0.0	0.0	0.0	Ly9
16323	0.0	0.0	0.0	Inhba
107527	-0.0	-0.0	-0.0	Il1rl2
66269	0.006569295026268884	0.004185227863178441	0.00805995371017562	Tmed6
13681	0.0027109278162186527	0.004440755717556471	0.003266405955105159	Eif4a1
320343	-0.0011732139318340353	-0.0003599897710962677	-0.0009850273463117391	Lypd6
54725	-0.00022868503641022966	-0.00011361175093032319	-0.00032170744550923894	Cadm1
18782	-0.0	-0.0	-0.0	Pla2g2d
27660	-0.0010023082946827326	-0.00089348487736125	-0.0005158214163098404	1700088E04Rik
69217	-0.0006723078008528344	0.0002382279069014868	0.00012569889045997715	Plekha4
13685	-0.001667718490904027	-0.00469234801214697	-0.0054495354985568	Eif4ebp1
13869	-0.0010977161921151444	-0.00033205443912634876	-0.00039948951521463874	Erbb4
20616	-0.0008720366871530146	0.0003917750593845284	-0.00039657111069750435	Snap91
16149	-0.005888818981074289	0.02081646389514939	0.018200806133182243	Cd74
381644	-0.000418028262356678	0.00017199310196711772	-0.0004491356867096276	Cep135
77976	0.0001903771373814167	0.001559826706845752	-0.0002703365487969695	Nuak1
17756	0.0005597627163602138	0.00012846832119459836	0.0005991653258607324	Map2
70261	0.00013333933521052858	3.226356988660448e-05	0.00014524814664215895	Chp2
73884	-0.003252794009853648	-0.006527471473248313	0.0006576079611896059	Zdbf2
52245	0.0005891673067638545	0.0007562516175182288	0.0005512689916771862	Commd2
214137	0.000977052188352556	-0.0007551004235807884	0.0006725098739078052	Arhgap29
28113	-0.0014576844206002396	0.0005317743091650568	-0.0014387635141497976	Tinf2
18205	0.0009997280643583195	0.00017221588354257607	0.0007350273060852432	Ntf3
76261	-0.0001426712308697954	0.0004014799444242526	-0.0009565400696742695	0610040J01Rik
14264	-0.0	-0.0	-0.0	Fmod
320438	0.009902809060989826	0.002901053674982818	0.006749133001944413	Alg6
15945	0.000412162335221328	-0.0025272849451685587	-0.0013459578612095488	Cxcl10
73852	-0.00045703972902161745	-0.0009134697786332691	-0.0015186199859009903	D3Ertd751e
103711	-0.0025070965861727886	-0.009754488236959442	-0.00327483549765216	Pnpo
320495	0.0014614627868951432	0.0009922409757894312	0.001526725000072451	Ipcef1
270906	-8.766858115488961e-05	-7.875700323992724e-05	-8.913392341055744e-05	Prr11
30935	0.0013802648260135037	0.0021903234610212313	0.0037070984854267433	Tor3a
53422	0.016223144814499733	0.0033198120747669224	0.01145881350357591	Ybx2
320747	0.0	0.0	0.0	Lingo4
234199	0.00018841773103667414	0.0014072543822356827	-0.0004453781917854958	Fgl1
19260	-0.0009797472613351217	-0.00030517117489402913	-0.0008906421982278	Ptpn22
64706	0.0011314872981400977	-0.002116883465011651	0.0005994710893067182	Scube1
22113	-1.3614798548038752e-05	1.9174895157631884e-05	2.6495094084376072e-05	Phlda2
241070	-0.005870579006299714	-0.004412171531037718	-0.005655944288245932	Gpr1
76441	-0.0	-0.0	-0.0	Daam2
226791	-0.0011902118804672777	-0.0008754374451333509	-0.0010364448218295056	Lyplal1
236539	-9.520633139271726e-05	0.00014783937870959676	0.00019950947753103848	Phgdh
18585	0.005825020755433026	0.0005605108335415964	0.004160123404730679	Pde9a
14945	0.0	0.0	0.0	Gzmk
434130	-0.0020435221581969853	1.4647531607040932e-05	0.0035355754222837783	Ccdc8
71228	-0.0009838093419008305	-0.004521646567426486	-0.001971038215452947	Dlg5
330286	-7.648666276224285e-05	-0.00048501292099227046	-0.00015205939636910067	D630045J12Rik
106869	0.0005113723941826455	-5.074771225393193e-05	0.0003408896630048169	Tnfaip8
69684	-0.0011326938317455049	0.0006156546000669274	0.003123389621912569	Aarsd1
231162	0.0	0.0	0.0	Cytl1
72244	-0.0	-0.0	-0.0	1600014C10Rik
64929	0.0009225691348162063	7.717690287978765e-05	0.0005194435754553694	Scel
170721	0.0	0.0	0.0	Papln
107449	0.00014971207154381596	0.0005891959039609236	0.00028824161117557565	Unc5b
76527	-0.0028362005925311948	-0.002839993207770269	-0.002554267258722073	Il34
18212	0.00031293609454513473	0.005168151849250904	0.003357133435848327	Ntrk2
208715	0.0006995605342653369	0.000833634383076086	0.0007020305566664057	Hmgcs1
26903	0.013875418803020729	0.017544568104694416	0.0075850421981765725	Dysf
20928	0.0	0.0	0.0	Abcc9
18162	0.00022327455791336577	-0.0019012069120205655	-0.0009197736621972751	Npr3
74748	0.0	0.0	0.0	Slamf8
12322	-0.0	-0.0	-0.0	Camk2a
67739	0.004530285954920575	0.002232734263786283	0.005436467807185669	Slc48a1
102502	-0.0012400029608750363	-0.0005164119245133854	-0.0010671481188206466	Pls1
55987	0.0008965592593691312	0.0006024400068367498	0.0005645365219017504	Cpxm2
75564	7.461894186601939e-06	-4.934278747108114e-05	-0.00013835400527773141	Rsph9
13522	0.0017505221248698942	0.0008064611382451918	0.002881222721013736	Adam28
17082	-0.0	-0.0	-0.0	Il1rl1
22401	-0.00040057797531683966	0.0025058748304944917	-0.0010758352332858401	Zmat3
22417	0.0007705061167236823	0.00198421948032285	0.0006090575011094053	Wnt4
319634	0.0018120737304034124	0.00027976586193794963	0.002267989783574028	Efcab5
69219	-0.0012534776144023166	-0.0002759152795185749	-0.0009842805165086056	Ddah1
19736	0.006983556403196421	0.0032466027921888925	0.006153252931157664	Rgs4
217082	-0.007538096387441052	-0.01049545122728	-0.005136211672380246	Hlf
239364	0.0002789218351593062	0.0002272532852145509	0.00039943744662611634	Tspyl5
26878	0.0009366165158016907	0.0007913154194352806	0.0042330602326259405	B3galt2
216049	0.0013922446050214806	0.0007307014274455756	0.0014238224381338523	Zfp365
78100	-0.000722502131956898	-0.0001626437269718865	-0.0006580383915071302	Msantd4
19769	0.0002118903888264471	0.0008638609930659242	-0.002341185118917288	Rit1
50934	-0.00018862425455893985	0.0008961925859256847	-0.0007210130936095949	Slc7a8
15186	-0.0003644812353601692	0.0006383813299897771	-0.00020382164754537144	Hdc
19173	-0.01321237035489971	-0.003206139146444678	-0.010236331912844707	Psmb5
14027	-0.0007430593578126908	0.0007709629767790591	0.00034344787313081475	Evpl
56811	1.899603137846792e-05	0.0004527431458433677	0.0014653876947427495	Dkk2
231130	-0.0017364990296020305	-0.0006424845976811223	-0.0034269379369017395	Tnip2
14632	-0.0	-0.0	-0.0	Gli1
69671	0.0	0.0	0.0	Tmem52
17079	0.00015556253646741518	4.356398040667654e-05	0.00017612333083820658	Cd180
14805	7.82975732462752e-05	4.740510918131429e-05	0.00012986519246984654	Grik1
15505	-0.009462621592963455	-0.0017595548959121155	-0.008899167407503579	Hsph1
109254	-0.0018128964839614866	-0.001523747341512975	-0.0021563327129732767	Adtrp
12824	0.0	0.0	0.0	Col2a1
11600	-0.0003211002031977412	-9.833331734024891e-05	-0.0003355798661296245	Angpt1
224697	-0.0	-0.0	-0.0	Adamts10
13497	0.00040784873833913456	-0.0008489421002622424	0.0004136506083009036	Drp2
210573	0.0	0.0	0.0	Tmem151b
75669	0.00017298318559994503	0.00024173326984958327	0.0002531061493381819	Pik3r4
69129	0.0006327262214770159	0.000150583738864235	0.0005017083749114568	Pex11g
17127	0.0002729003153177131	0.00040812020306070116	0.0003685652816787264	Smad3
22234	-3.9876033235255106e-05	0.002365189352813747	0.0011361360820521156	Ugcg
229791	-0.0	-0.0	-0.0	Plppr4
74470	-0.00036092148594634105	-0.00013191195205542356	0.0001010995007435458	Cep72
330355	0.00031383771141536897	0.00017990860781001345	0.0002640807507119533	Dnah6
214106	-0.0006912034293699381	-0.0006385011510647632	-0.0003570848610088325	4933430I17Rik
217558	0.002376392873259814	0.002768436741145628	0.0031613826103857657	G2e3
19124	-0.0	-0.0	-0.0	Procr
21789	-4.6465961391063e-07	-0.00021918528853587588	-0.00019922605644971894	Tfpi2
13841	-0.00040153030057188226	-0.001466779971469162	-0.0009756406013799664	Epha7
17537	-0.0	-0.0	-0.0	Meis3
54381	-0.0046848227847047655	-0.0018850823338170484	-0.005082505369308232	Cpq
23845	0.0	0.0	0.0	Clec5a
171180	-0.0	-0.0	-0.0	Syt12
27219	0.0	0.0	0.0	Sgk2
72902	-0.00107997753387664	-0.0003030806821226394	-0.0008453860374987943	Spock3
11689	-0.0	-0.0	-0.0	Alox5
330812	0.0005961414192181325	-0.005167292380308911	-0.0002928077347707045	Rnf150
14049	0.0	0.0	0.0	Eya2
11807	-0.0	-0.0	-0.0	Apoa2
94185	0.004201135021868973	-0.0007332528052015628	0.006650561698294256	Tnfrsf21
109225	0.0	0.0	0.0	Ms4a7
545192	0.0	0.0	0.0	Baiap3
12986	0.0030493188922358534	0.0024449771714514994	0.001952665349425916	Csf3r
18476	0.00011288352498263734	1.1731021687308984e-05	0.0008489525496229198	Pafah1b3
14595	-0.001954456472702891	-0.0020626911242084753	-0.0033552113800655774	B4galt1
110385	-0.0007685033257862701	-0.0005778056568853131	-0.0006603845603914085	Pde4c
170952	0.0	0.0	0.0	Prima1
74387	-0.0012398073590856329	-0.006278949912875267	-0.00332935342402151	4932438H23Rik
70129	0.000271203030808013	0.0011361387803189185	0.001610762618134751	Slc44a4
72776	4.539001963980124e-05	-0.000855645883858475	-0.000328181114663649	Sass6
53625	0.0018953731296144625	0.002345206949827799	0.0006293323912727658	B3gnt2
71310	0.007820956473744355	0.005240303381750513	0.007371673254790565	Tbc1d9
21942	-0.000244606432669976	-0.0008446259236992607	-0.0006355178401374548	Tnfrsf9
56526	-0.0011613100815493042	-0.002017093498208447	-0.0018356698109951311	Septin6
216760	6.174065997590578e-05	1.479805463211132e-05	6.268423560852512e-05	Mfap3
319520	-0.00016531619629014962	0.0002448614424643261	0.00015738699394387716	Dusp4
20750	-0.0032903108584643945	0.00012542377139330364	-0.0017867691195623777	Spp1
12038	0.000359412104813462	-0.001194656555998955	0.0010448843922806015	Bche
19249	-8.050815659632083e-05	-0.00014313347070609467	-0.00011881732603193817	Ptpn13
72415	0.00019428124289886834	-0.00021963061676799934	0.00012297776702940613	Sgo1
76866	-0.002224142082189754	0.0008754625799355176	-0.0023754210845784705	Morn1
19130	0.0012712979451711545	-0.0005192754351576666	0.002043301591536404	Prox1
20191	-5.890066404387309e-05	-2.2148806763547053e-05	-0.00015182793982915978	Ryr2
12007	0.0	0.0	0.0	Azgp1
71755	0.0004131587923501228	-0.0005020040086621071	-0.00024337518770719397	Dhdh
23831	-0.0	-0.0	-0.0	Car14
53601	0.0	0.0	0.0	Pcdh12
170706	-0.001116547725502972	-0.0038976337219305186	-0.002647183187698321	Tmem37
72472	-0.00036475590385423015	-9.938739826677187e-05	-0.00013359070188686655	Slc16a10
170835	-0.0	-0.0	-0.0	Inpp5j
64176	0.0	0.0	0.0	Sv2b
66421	-0.0013669768364595592	-0.000363620037281531	-0.0005703635813879064	2410004B18Rik
77318	0.0	0.0	0.0	Ankrd55
67669	-0.007623610981508755	-0.002984714036649386	-0.0038455117152460623	Hikeshi
80909	0.00040006343541977617	0.0005222445167896818	0.0006199973918289871	Castor2
231125	0.00026125931386856147	0.0011118811566575234	0.0014764165093803102	Zfyve28
16847	-0.00013366346789768065	-0.00016288836768707976	-0.0002317658397348997	Lepr
74464	-0.0047198718631550705	-0.00045104199426815376	-0.0035024417966079023	Zswim5
72568	-0.0014427037804984767	0.000930830931547024	-0.00046521573527132006	Lin9
56078	0.000389302915492847	0.002325726955622222	0.0009855774899077928	Car5b
269423	-0.00024146431435946513	9.075304282027699e-05	-0.000390840490924208	Abhd18
21847	0.00017933274902590194	-0.0006394594712972291	-0.0004000787397940187	Klf10
17390	0.0033748195192988555	0.0005957702531233552	0.0019337601581961698	Mmp2
70676	0.0004515472971208146	0.0003790285158751851	0.0004794482693509368	Gulp1
13041	0.0	0.0	0.0	Ctsw
320129	-0.0	-0.0	-0.0	Grk3
72017	0.00030952000543950044	-0.0025065357392401186	-0.0015952648529483397	Cyb5r1
12266	0.0	0.0	0.0	C3
68764	-0.0	-0.0	-0.0	Cdhr3
232035	-0.001242358726424812	-0.0015863278982264672	-7.897011099063976e-05	Ccser1
20104	0.001716007903351112	0.0008758459914265876	0.0018089615225703453	Rps6
114886	0.0	0.0	0.0	Cygb
104458	0.005973540116771814	0.0032119154798520536	0.004572501265075494	Rars
22780	0.0	0.0	0.0	Ikzf3
18933	-0.00224649172446799	-0.0018181603158131726	-0.0031131397502710653	Prrx1
12525	0.0007610958035317887	0.005380204904869769	0.0019825479228106056	Cd8a
73825	0.0016978970610277953	0.0013124843113376473	0.0016483403686527634	Ppp1r21
107766	-0.0	-0.0	-0.0	Haao
74513	-0.02368885711581739	-0.002789107494794306	-0.007885338957735253	Neto2
21743	-0.0	-0.0	-0.0	Inmt
17380	3.18708189474367e-05	-0.0005885413756095242	-0.0003425873177065142	Mme
214685	0.0006541934683944813	-0.0034015576451952487	-0.0018816784521856825	Chadl
22637	0.0	0.0	0.0	Zap70
237073	-3.2387110964864826e-05	-5.4574817630432865e-05	-9.261251281801295e-05	Rbm41
54698	0.003055916358852757	-0.0052215713009010605	0.001886884002078576	Crtam
78892	-1.3713807331767835e-05	-0.0008822485125138906	-0.0007603929938829744	Crispld2
381379	0.00038120386099912886	-0.0011549652128990204	-1.2605970070392914e-05	Med19
22271	6.198747119354649e-05	0.010417627996806641	0.011619069918246508	Upp1
72778	0.0003542838354116374	0.0010878297399630494	-0.00026353095309252075	Dnajc22
72050	0.0019433070160337997	0.0023303810239398643	0.0021156849134770393	Poglut2
210808	0.0	0.0	0.0	Lacc1
18984	-0.00026376796969080555	0.00010090540486925864	-0.00019932735895656948	Por
228852	-0.0003047555455926355	-0.003522391620192746	-0.0006471487465251081	Ppp1r16b
64817	0.0	0.0	0.0	Svep1
233752	0.0	0.0	0.0	Insc
67163	-0.0004217459488963152	-0.00011916802121693627	-0.0002481123079660894	Ccdc47
11931	0.0001350567619280832	0.0010532714701380593	0.001689999235388384	Atp1b1
268481	-3.2421358224835964e-05	-0.00015186749577246155	-0.0005419143628691795	Krt222
232370	0.0	0.0	0.0	Clstn3
104871	5.285655147388309e-05	-9.678317105358584e-05	7.79735910610534e-05	Spata7
114679	0.0	0.0	0.0	Selenom
13836	5.211586796344274e-05	7.513880410004973e-05	-2.8938697080343043e-05	Epha2
12842	-0.000188834135575994	-0.0005526862698424702	4.6275550193798304e-05	Col1a1
73327	5.917961655584958e-06	0.0001712991927435435	8.022988257450967e-05	Pradc1
20856	-0.002369174029588882	-0.0014277028921687422	-0.0011365338490342246	Stc2
19011	-0.0	-0.0	-0.0	Endou
207495	-0.00206811835521976	-0.0026031832944516027	-0.0027540948409202474	Baiap2l2
16531	0.002003036689490074	0.0015573240907415442	0.002230499613088863	Kcnma1
20907	-0.006118213391897165	-0.0037526962875326485	-0.0070670222449114375	Stx1a
83433	0.002036546927434249	0.0009017138447077189	0.0007702937630229912	Trem2
192216	-0.0017605526000127722	0.002497314231705609	-0.002796486520867591	Tmem47
12166	0.002337977851801547	0.0014985667250419505	0.001192518761746143	Bmpr1a
22378	-0.0013850822955301927	0.0013415545275653668	-0.0008476297288957059	Wbp2
14735	0.002745992714302862	0.009580900562280432	0.014256528167912588	Gpc4
106564	-0.008009836964345951	-0.005236436570397143	-0.00817657142073312	Ppcs
74186	-0.006598482072118843	-0.005898504031819917	-0.009037634053606223	Ccdc3
11423	0.0	0.0	0.0	Ache
109674	1.1478276338818325e-05	2.6189759118328974e-05	0.0002426178096130887	Ampd2
20893	-0.002465608466612713	-0.0005507283509445499	-0.0011526570320943563	Bhlhe40
80914	-7.61773718163933e-05	0.00011398249647181506	-3.758281799741009e-05	Uck2
207792	0.002036342777017111	0.004026996442701234	0.003379833285885593	BC034090
22371	-0.009991948134567271	-0.0043409092247459246	-0.016570846754553985	Vwf
208092	-0.0	-0.0	-0.0	Chmp6
18389	0.0	0.0	0.0	Oprl1
11717	-0.0023256916208849523	-0.0028667193304619176	-0.0028978789515356025	Ampd3
227632	-0.0	-0.0	-0.0	Kcnt1
100019	0.006180108467272524	0.004109931779670133	0.00527810637572277	Mdn1
12307	-0.000911440423720005	-0.0005570850174901338	-0.0008931770135469116	Calb1
20317	-0.0	-0.0	-0.0	Serpinf1
94180	0.001219424846608047	0.002909555385242761	0.0008362488486059779	Acsbg1
54486	-9.073875260352038e-05	-4.230294182050684e-05	-4.226687117093406e-05	Hpgds
75782	0.002773408949983597	0.0015070328428588697	0.0030933841055012182	Lca5
107587	-0.006589621721302769	-0.0012367972237021369	-0.0026233000482114304	Osr2
20912	0.0003959924537467451	0.0004364963919172914	0.0004669648745852487	Stxbp3
70727	-0.0	-0.0	-0.0	Rasgef1a
16764	0.0008847391873079488	0.00022722248153756727	0.0006091656286702409	Aff3
272031	-0.0	-0.0	-0.0	Plppr1
74717	0.00028524285106538234	0.0005096739196415132	0.0004901538285491602	Spata17
118449	-0.00010533182330503076	0.0014203086710016758	-0.0010888276346468543	Synpo2
101502	-0.006689033245994315	-0.00395229259158536	-0.005885076471226351	Hsd3b7
240055	-0.0012450623931471187	0.0002605537569025271	-0.002785951986782457	Neurl1b
22771	-0.00010589891027653965	0.0005479491440790851	0.00010121949571028817	Zic1
57738	-0.00012779379550511847	-3.563649758940984e-05	-0.00012835077783600646	Slc15a2
67512	-0.001042940660047028	-0.0019436360789934855	0.0004346350693025511	Agpat2
193034	-0.0	-0.0	-0.0	Trpv1
381511	-0.0009386970639751088	-0.0004999880887816727	-0.0006488097088460659	Pdp1
14229	-0.0018738603652011187	0.002096680818063458	-0.0011333825011807048	Fkbp5
74589	0.0009621129740332068	0.0012926168182316481	0.003456810362978882	Kbtbd12
18768	-0.0003858024924312407	-6.214853379052357e-05	-0.0002746031130719849	Pkib
11733	0.0008523996456009991	0.0011058982842977775	0.000588377183567046	Ank1
104601	-0.0	-0.0	-0.0	Mycbpap
207728	-0.0	-0.0	-0.0	Pde2a
23936	-0.0	-0.0	-0.0	Lynx1
109050	0.0	0.0	0.0	Inka2
12831	-0.0	-0.0	-0.0	Col5a1
67800	0.00029468616600967406	-4.992140937772303e-05	0.000251540047829762	Dgat2
16591	0.0005770846279952534	-0.0002941686685953134	0.0008874017775375854	Kl
19215	0.0	0.0	0.0	Ptgds
214359	-0.0	-0.0	-0.0	Tmem51
239554	0.0009176201439238109	-0.000650362902414822	-0.0006376607588839033	Foxred2
71699	0.0024212169113221643	0.0019250259124104219	0.0018915976356596509	Slc41a3
66412	0.0007218334910887193	0.0011264715237636405	0.0017296581747780098	Arrdc4
65221	0.0	0.0	0.0	Slc15a3
22376	-0.0005627498235087021	-0.0001234903541214889	-0.0004056019336046627	Was
102124	0.0015587398986252334	0.000906382197859775	0.0037723748916637352	Enkd1
108899	-0.0003502539001692628	-0.0008686124878947773	-0.00043498870752698603	2700081O15Rik
104445	0.0007274182716256061	0.0009843598040230159	0.001578044247204426	Cdc42ep1
66673	-0.0021690832616584254	-0.001995456698647087	-0.0033289347504922955	Sorcs3
17064	0.00012830755333834243	0.0004382145111849574	0.00028252060218972167	Cd93
67422	-0.00011086724628326416	0.00587279873430958	0.0005581076917714572	Dhdds
70951	-9.494726711035607e-05	-0.0004344896358385316	0.0001405765836902514	Spata1
399548	0.0	0.0	0.0	Scn4b
629499	-0.006223597872693613	-0.004445874878908423	-0.005247203655690253	Mroh8
70350	-0.003736554184752699	-0.0029946821530759467	-0.0016234174734410182	Basp1
56362	-0.0	-0.0	-0.0	Sult1b1
20200	-0.015812616847270918	0.004777748282399029	-0.0018611354418071756	S100a6
20430	-0.0003168459241736795	-2.5501997749894104e-05	-0.00037600445679659896	Cyfip1
66329	0.0027065244270286556	-0.0009761805019860829	0.0011951992111452513	Susd3
15894	0.00424911908242535	0.014912322330461036	0.01617224773198942	Icam1
18584	-0.00030634640892372944	-0.00015637624266971116	-0.00023547770376077974	Pde8a
22256	1.478727457310622e-06	-3.229939233102943e-05	-1.579997705289518e-05	Ung
278180	0.0	0.0	0.0	Vsig4
107305	3.15715926129415e-05	4.835462233206375e-05	3.053669038409092e-05	Vps37c
244864	-0.0	-0.0	-0.0	Layn
279028	-0.0	-0.0	-0.0	Adamts13
234515	0.0028586556600087307	0.00016065102265703666	0.0031503656750582637	Inpp4b
13849	0.0	0.0	0.0	Ephx1
15163	0.0	0.0	0.0	Hcls1
12823	0.00014396237535231715	0.00011117405460189251	0.00030767117863511937	Col19a1
103551	-7.297133988577592e-07	1.1699116203056504e-06	3.1436559267382918e-06	Epop
100048534	0.0002583608751619243	-0.0034980700109355574	8.080105569235912e-05	Cfap43
100038882	-0.0	-0.0	-0.0	Isg15
14938	-0.0	-0.0	-0.0	Gzma
20475	-0.0018634606060035123	0.0007614292980810464	-0.002042159327510411	Six5
100040591	0.0007376072739351795	-0.0008150700886487082	-0.00012417416689879457	Kcnj13
214253	-0.0	-0.0	-0.0	Etnk2
69693	0.0	0.0	0.0	Pof1b
330301	0.00019804496554028082	0.0006253003557573622	0.0008722877734933424	Zfp786
245638	-0.0011367728650855263	-0.00015921855763095837	-0.0003206885976696186	Tbc1d8b
14623	-0.0003419507130862313	0.00021623801494100451	-0.0005030074400128888	Gjb6
208158	0.0	0.0	0.0	Map6d1
18823	0.0017224158119639942	-0.000903586002909001	0.0032140834796851093	Plp1
71607	0.002229975273606256	0.004486362477607818	0.004411735318062134	Snx20
242297	-0.0011077565522247417	-0.0014994061250555655	-0.000495481641252508	Fam110b
19713	-0.00368859380058822	-0.0031074656496418974	-0.0015523388169660886	Ret
347722	0.0003366042026260406	-1.6223929148571567e-06	0.000195441981427305	Agap1
242466	-0.008062310917204716	-0.007940120818736934	-0.00036920896373068596	Zfp462
12298	-0.00041139534039075286	0.0014151082486467432	-0.0010450000645242544	Cacnb4
56358	-0.0009149078994196262	-0.0002758838471167024	-0.0006723646023248177	Copz2
238024	-2.769898963542364e-05	-0.00019834505722590189	-0.00015111984081887653	Fn3krp
17381	-0.0003733991240222847	-0.00024248725343739924	-0.0003302979174192187	Mmp12
18294	0.008014154600877501	0.006290711795016172	0.007462715993980071	Ogg1
13603	0.00356131449176106	0.001780111124989892	0.0035781091006599004	Opn3
16956	-0.00702253858838628	-0.001946980076442157	-0.005429602804633582	Lpl
56264	-0.0	-0.0	-0.0	Cpxm1
22352	-0.0003569325035143752	0.008049260316761285	0.004402340335939249	Vim
11489	0.0014479378131681756	0.001272014724630895	0.002101139199529752	Adam12
58998	0.006146938855605124	0.0012726891086691466	0.0028296706998928787	Nectin3
13643	-0.0017579609818678817	-0.0014248022134633566	0.0006518877872649483	Efnb3
235040	9.656086755535043e-06	9.332268714701185e-07	5.424738982460323e-06	Atg4d
98170	-0.0	-0.0	-0.0	Tmem132a
58208	-0.0	-0.0	-0.0	Bcl11b
641376	-0.0	-0.0	-0.0	Tomm40l
22779	0.0006291301253248031	-0.00029204827511839887	0.0023277910005879265	Ikzf2
110521	0.00519419358194895	0.004782269834865888	0.005536469731390535	Hivep1
23921	-4.481627864230142e-05	-1.078151636186407e-05	-1.575863035506917e-05	Sh2b2
227197	0.0005284776644787529	0.0006917885834960904	0.00033794365094025265	Ndufs1
21664	0.00011628012011376593	-0.00040827871651677493	-0.000168399427447316	Phlda1
16173	0.0	0.0	0.0	Il18
211712	-0.0011729684694081759	-0.0005012865711239035	-0.0008239545281348317	Pcdh9
59030	-0.0015982792508233252	0.0008351607602236096	-0.0011716719659708335	Mkks
28040	5.546981142425256e-05	-5.94157909372518e-05	9.751143077003457e-05	D6Wsu163e
74091	0.0008604754804669793	0.0003463911708722418	0.0007155448697428696	Npl
17342	0.005926036277818899	0.006983794986786683	0.006772671861538326	Mitf
65115	-0.0	-0.0	-0.0	Bean1
93874	0.0	0.0	0.0	Pcdhb3
77034	-0.0013294047108727246	-0.0002678992786608545	-0.001401074391379073	2510039O18Rik
13386	0.0	0.0	0.0	Dlk1
27762	-0.0012268568982814058	-0.0016640575365586075	-0.0016011331103143768	Vwa7
170483	0.0	0.0	0.0	Grin3b
72008	0.0005107993003538598	0.0004306152094548697	0.0006601723074004421	Zfyve19
217262	0.0005500811098938477	-0.0002088414284414664	0.0005187625153121235	Abca9
237175	0.0002029126932853753	0.001893927588298419	0.0002446676450476087	Adgrg2
30806	-0.0	-0.0	-0.0	Adamts8
75769	-0.005238636135330392	0.0019296615020962826	-0.003838804539939441	Plppr5
84036	6.094910496845354e-05	0.00017958310996079942	0.00038469757689032184	Kcnn1
21825	0.0007419227740446593	0.003224551903070447	-0.0017847888348026437	Thbs1
13710	0.0007944760917094108	0.00030259643806992476	-0.0010537128346732737	Elf3
380924	3.940976302594946e-05	-2.8884527301104287e-05	3.757930638904825e-05	Olfm4
208890	-0.0	-0.0	-0.0	Slc26a7
67480	0.0014972718666725947	-0.0006982860180451982	0.0013992279851790296	Cwc25
13655	-0.0	-0.0	-0.0	Egr3
232146	5.259548950822027e-05	0.00015575238615830566	0.00016411810314056967	Eva1a
67976	0.0004010782114138405	0.0021667987868957315	0.0012590699546519975	Trabd
236904	0.0016058457379988103	-0.000675442931988595	0.0013332347136088645	Klhl15
215456	-0.0	-0.0	-0.0	Gpat2
50765	0.00032076143120718067	0.0011685911559450985	2.384547406911877e-05	Tfr2
338370	-0.0018015390631441533	-0.004230793527641967	-0.0020344864600452786	Nalcn
18441	0.0003466897780321867	-0.0017568850697135207	-0.0008410864267652619	P2ry1
68799	0.0024613260246067006	0.0020344457857576718	0.0038882212602745986	Rgmb
14823	-0.00034199903124197093	-0.0003683175394663313	-0.00047241625116544144	Grm8
235281	-0.0	-0.0	-0.0	Scn3b
213208	0.002611019034694732	0.005885715520736168	0.002233460191011724	Il20rb
67865	0.0008338779194275054	0.0005995200505226034	-0.0001903483469695226	Rgs10
15936	0.00012969356466531871	0.0016049576379005399	0.0017635214807525577	Ier2
21828	-5.8250029238179335e-05	1.2856107852777702e-05	-5.9852172800653156e-05	Thbs4
18413	-0.0005023746435875325	-0.0003736112262134419	-0.00024256656291670364	Osm
67937	-0.0	-0.0	-0.0	Tmem59l
52033	-9.000267142157891e-05	0.00012391842262719514	-3.775354411580335e-05	Pbk
54167	-0.0	-0.0	-0.0	Icos
171166	-0.0	-0.0	-0.0	Mcoln3
28240	1.3067925012276175e-05	-0.00010662740369514897	-6.0366566323192596e-05	Trpm2
13516	-0.0	-0.0	-0.0	Epyc
23948	-4.361031563673997e-05	-0.00012904299943780362	-0.00015095529793105955	Mmp17
50500	0.0003677731144474001	0.00018460750382624788	-0.0002792362805389778	Ttpa
66395	-0.0018311213030250803	0.0022274999726501392	-0.001253499981572634	Ahnak
14545	-0.0011657278330094798	0.0020799111607533788	0.00014871269085909084	Gdap1
14119	0.004945645613966987	-0.007071719678134047	-0.0009362815542021518	Fbn2
207181	-0.0	-0.0	-0.0	Rbms3
14050	0.0029623034638429843	0.0037751427937429928	0.00528626660089841	Eya3
27999	2.4583647415158032e-05	0.00011248341205645448	-1.0234496284271117e-05	Fam3c
66972	-0.0003622752979197812	-0.0006945113557264857	-0.00026434541052638196	Slc25a23
18974	-0.0002100883601282342	-0.00028219532023879507	-0.00033115448516069396	Pole2
235587	0.016359586041561073	0.020373017922117435	0.039623464630570836	Parp3
238271	0.013555293718168913	0.0135140902227533	0.014594187419444281	Kcnh5
227059	-0.0006751602834494619	-0.00016484931258214583	-0.00047130734896498947	Slc39a10
23967	-0.0	-0.0	-0.0	Osr1
30954	-0.001989362019702457	7.458929840395498e-06	-0.0004776788107997416	Siva1
269774	0.0009241648738419975	-0.0005034320045196851	-0.0008762287948052306	Aak1
13370	-0.001282127984891593	-2.061819017338213e-05	0.0006892569886849917	Dio1
70466	-0.001684122579787437	3.339069900494508e-05	-0.0014108761962055387	Ckap2l
170790	-0.0	-0.0	-0.0	Mlc1
66930	7.820964195809509e-05	2.0309387177130405e-05	7.593019084174657e-05	Fank1
13867	-0.0008915271494710814	-0.001631240427147765	-0.001933848834803768	Erbb3
18951	-0.0	-0.0	-0.0	Septin5
11496	-0.0003223449138564127	-0.0005709327847648201	-0.001064908238043888	Adam22
268465	-0.00366252828751258	0.001693315179905036	-0.0048494928481958655	Eme1
19416	0.0	0.0	0.0	Rasd1
66349	0.00035386946054727787	0.0004944528391551845	0.00034728908785762675	Dmac2
12333	0.00038975346040108385	0.0005995231453316329	0.00025198079542832597	Capn1
268567	-0.005579784115680463	-0.0017182664017912578	-0.007904844920882956	Tmem229b
217410	0.00017653914903272886	-3.5508294739022535e-05	0.00015683131200513485	Trib2
330890	0.0	0.0	0.0	Piwil4
21652	-0.000517676665134367	-0.0004079966913006168	-0.0004296793149665143	Phf1
209032	-0.00017077171152103866	-0.00045045026969072366	-0.00021440171033555735	Zc3hav1l
68479	-0.00021216889579578525	-0.0004454931246830878	-0.00022924329378721159	Phf5a
320696	-0.0014295045253862424	0.0008076323319099697	-0.00013092364861141755	Ccdc158
224171	0.0005074659804536948	0.0008773542887024583	-0.0013657754902912343	Cip2a
11881	-0.004754700163512973	-0.004699166416688783	-0.003088342187620183	Arsb
13139	-0.0003260394346926687	-0.0036750979734437644	-0.0015935113455114343	Dgka
16797	0.004421421421935628	0.0013191410236275173	0.0029093793538686086	Lat
18150	-6.524372090413778e-05	0.001946957139832818	0.002640199364739141	Npm3
18779	-0.00044236873751923796	-0.0006708702041773813	-0.0009354493483462441	Pla2r1
11815	-0.010924411570231076	-8.794396362748408e-05	-0.006149227720701389	Apod
170711	0.0017785335794755018	0.0025370291540708933	-0.0016913872971140642	Otud7a
232560	-9.020188106432322e-05	-0.001751279772404773	-0.0006262805462250473	Caprin2
16891	-0.001340862805120465	-0.0036742001787249843	-0.0005659037235635509	Lipg
12805	-9.000013185087918e-05	-7.804394835164279e-05	-0.0001495601035037876	Cntn1
74182	-0.003972074197706134	-0.0006489337961812626	-0.004029537392682228	Gpcpd1
243277	-0.0028996809934770866	0.000927295224866408	-0.003071374118326577	Adgrd1
20371	0.0	0.0	0.0	Foxp3
227394	-0.0036664647829538666	-0.002393620308510951	-0.003782662554519255	Slco4c1
16975	0.0006715238045583381	0.0011306088888765658	0.000636733822387803	Lrp8
226841	0.002888399537689369	0.0011862579483473898	-0.001192663049441836	Vash2
104885	-0.00013798408806612838	-0.00012156987300756353	-0.00011189620156518337	Tmem179
244723	0.0	0.0	0.0	Olfm2
67573	-0.0	-0.0	-0.0	Loxl4
15111	0.0	0.0	0.0	Hand2
19881	0.0	0.0	0.0	Rom1
108159	-0.005253847190805272	-0.0015515873248843134	-0.004234551428626689	Ubxn8
67375	0.000368382665432521	9.00992765459811e-05	-0.000674359275662793	Qprt
20778	0.0005235803280967536	0.00024099600693944134	0.00014118129812737296	Scarb1
20449	0.00031619395162919346	-0.0002854424657453482	0.00047378153689840794	St8sia1
11554	0.00017835565817933134	-0.0007752664927905168	0.0004049063466146681	Adrb1
53791	0.0053233726513011335	0.006790993102777456	0.0037495272282688256	Tlr5
27056	-0.002769900006758803	-0.0005260026102616787	-0.0013774182410089186	Irf5
14766	-0.0011651554858070766	-0.0029003326672932903	-0.003124879077523116	Adgrg1
72948	0.002450005475226368	-0.003291169745392741	-0.0023016818731496497	Tppp
633640	0.0008153481553869406	0.001191839180972284	0.0011240967136537984	Tmem267
99512	-0.0005800727043795946	-0.00022311760788944782	-0.00046290743417763116	Wdr47
12702	0.0015721456405541126	0.002496548176334424	0.0029358274018282914	Socs3
238257	-0.0010841108199514807	-0.0009940196563190328	-0.0005735208892672242	Tmem30b
13175	-0.0008782660881941218	-0.001047453110346702	6.649648628783832e-05	Dclk1
78284	0.0036695793674564148	0.002011792481090242	0.002630907647221724	Creb3l4
384763	0.00018132434606226209	3.082743519895986e-05	0.00017533629407766289	Zfp667
58223	-0.0028553854710470505	-0.00197362381492009	-0.0034679892824867643	Mmp19
216867	0.0003981868611094936	0.00027668724379721767	2.7560111652304763e-05	Slc16a11
18227	0.00017907387611429903	-0.00018141119828148886	0.00016082751777453556	Nr4a2
67103	6.770235602303725e-05	-0.00018233884633989006	-9.502624338782207e-05	Ptgr1
22671	-0.0	-0.0	-0.0	Rnf112
105727	0.002468152479264629	0.0022090064957660826	0.0026670300895773272	Slc38a1
54561	-0.011124616873781782	-0.002448495606114613	-0.007276369982516395	Nap1l3
12501	0.0	0.0	0.0	Cd3e
56533	-0.0003715142065685253	-8.311721062587908e-05	-0.0002752807427944779	Rgs17
81904	-0.0	-0.0	-0.0	Cacng7
231470	0.0011337899314488734	0.00046804954231442037	0.0017233577090531066	Fras1
320664	-0.0009231451438016001	0.0005059807940367321	-0.0004034639967805643	Cass4
72584	0.00017889065437577526	7.519224899546255e-05	-3.3621988999251766e-05	Cul4b
22785	8.766942482385679e-05	-0.0004812331450681785	4.776989761644214e-05	Slc30a4
192192	0.003968940009963231	0.0005829621214651565	0.002083327548352898	Shkbp1
546611	-0.003303105058456495	-0.002940964345915374	-0.0004453155253488218	Klhl33
20277	-0.0	-0.0	-0.0	Scnn1b
140571	-6.862173479879116e-05	-0.0003179767641635522	-0.00016078470388589073	Plxnb3
106572	-0.000129079872749067	-5.736747680396085e-05	-7.691037595257896e-05	Rab31
100072	-0.004296670966835285	-0.0017809153659396541	-0.003450371130965008	Camta1
101685	0.0004369743973106044	-0.0002538519836483571	-0.000771056158670446	Spty2d1
77579	4.7884695850205674e-05	-0.0017898367854694596	-0.0019363803137163432	Myh10
12876	-0.00025505906653250485	-4.2845453810947975e-05	-0.0006647534657245755	Cpe
226591	-0.0021850571776477375	-0.0011367498699645026	-0.00216816011540883	Tiprl
108811	-0.011911550275747869	-0.01226915167838462	-0.012267029896220234	Ccdc122
83674	1.1755264917421157e-05	1.5827647542954898e-05	8.234154849044626e-06	Cnnm1
14733	0.0	0.0	0.0	Gpc1
18619	0.0	0.0	0.0	Penk
17117	0.006475648027209669	0.005027288964316654	0.006195495884356291	Amacr
13506	0.00013793403687543493	0.0001308304071642752	0.00022965834109071716	Dsc2
435965	-0.0	-0.0	-0.0	Lrp3
14675	-0.0001429633380197715	-6.197939847269943e-05	-0.000111646300329841	Gna14
18563	0.00040747731793194314	0.0046551684254782216	-2.497892867607819e-05	Pcx
102871	-0.005910281178652217	-0.0009646957840178389	-0.007262001157320852	Radx
14261	-5.322407424276598e-05	-0.00013507715878915454	-2.4753707003781442e-05	Fmo1
209837	-0.0	-0.0	-0.0	Slc38a5
78560	-0.0	-0.0	-0.0	Adgra2
98752	0.0	0.0	0.0	Fcrla
110351	0.0	0.0	0.0	Rap1gap
12902	-0.003471771261067142	-0.0041310845024499455	-0.0028070292401044233	Cr2
27273	-0.0	-0.0	-0.0	Pdk4
230514	0.0022556624518548004	-0.0005744854162335377	0.001559611034966527	Leprot
235402	-0.000483336279460281	-0.0005515702232364098	-0.0008203307627685417	Lingo1
22409	0.0	0.0	0.0	Wnt10a
67784	0.000934351667207502	0.0003245398584235343	-0.000701811511711037	Plxnd1
234267	0.0007492779904849525	0.0001563875780373288	0.0006065647586353217	Gpm6a
58180	0.004905103551886592	0.0019349505936569699	0.004408215182018576	Hic2
68760	6.874968365882525e-05	2.129749514925508e-05	4.9882546259349916e-05	Synpo2l
58802	0.00013015929814471692	-9.364087103070476e-05	3.984153964810299e-06	Kcnmb4
105193	-0.0	-0.0	-0.0	Nhlrc1
59009	9.333690674855347e-05	3.0036800516897464e-06	7.765619813623649e-05	Sh3rf1
66279	0.0018553742307588915	0.0016282651608586492	0.0021908907308939387	Tmem218
238328	-0.0	-0.0	-0.0	Vash1
56485	0.0	0.0	0.0	Slc2a5
102545	-0.0006666582620581657	-0.001384857452915864	-0.0005915062700550087	Cmtm7
23966	0.0	0.0	0.0	Tenm4
22223	0.0008164303709207053	0.0003110047724552707	0.00048060610620435863	Uchl1
110197	-0.0007465551556048335	4.9135625498378146e-05	-0.00047294047665016886	Dgkg
12351	-0.0	-0.0	-0.0	Car4
232821	-0.0008062907726816164	9.258174170816373e-05	0.0002651956233219935	Ccdc106
17868	-0.0	-0.0	-0.0	Mybpc3
238799	-1.4367999499424469e-05	2.6926224861502703e-06	-2.1405913350342165e-05	Tnpo1
211484	0.0005498208951969352	0.00029430894322353055	0.00048649229050314	Tsga10
70381	-0.00013519768946182372	-0.00011861214296264997	6.576702611825321e-05	Tecpr1
22029	-0.0009018694307029772	-0.0002442375625817591	-0.0001750012445882851	Traf1
77015	0.0003262127413658697	-0.00017568645840556528	0.0004780952229091816	Mpped2
233878	-0.0004445434069012709	2.622839258898925e-05	-0.000301537270423261	Sez6l2
54710	1.3392240560949368e-05	-7.644837121618667e-06	-5.993890869971043e-07	Hs3st3b1
75906	-0.00031707143656002813	-0.00019166481455440423	-0.0004585696632964453	Fam184a
83921	0.0011407035268748732	0.0007813304289802743	0.00038711954108738036	Cemip2
56534	0.0	0.0	0.0	Hspb3
22695	-0.004506499183132144	-0.003396911601143769	-0.00485706921414272	Zfp36
53619	-0.004436842226635051	-0.0034445074246357843	-0.0030874309953342854	Blcap
23836	0.00026267334650189857	0.0002632509096033201	0.0001708915473062243	Cdh20
27801	-1.010163888996996e-05	-1.4227948106685329e-05	-1.2681316856861312e-05	Zdhhc8
83965	-0.007453572153315725	-0.006087894773740659	-0.006887559567857493	Enpp5
15460	-0.0	-0.0	-0.0	Hr
54598	-0.006442103799028893	-0.007996886807966848	-0.00768271906001848	Calcrl
194388	0.0025212050345489174	0.0028666559046672986	0.0028957089152813506	Tet3
69454	-0.0	-0.0	-0.0	Clic3
20897	0.0	0.0	0.0	Stra6
50766	0.0	0.0	0.0	Crim1
330627	0.0	0.0	0.0	Trim66
104156	-0.0014751651481749403	-0.0010703585502595534	-0.0015357872718517439	Etv5
58994	-0.0019116620391314268	-0.0021285062797231813	-0.001568048377611401	Smpd3
67564	-0.0	-0.0	-0.0	Tmem35a
16176	-0.0	-0.0	-0.0	Il1b
105239	-0.0001470308048171359	0.00011443845673690347	-5.8901831224675764e-05	Rnf44
71803	0.0	0.0	0.0	Slc25a18
12294	-0.005274090009256462	-0.00497615413085042	-0.005741717150908626	Cacna2d3
12346	-0.0	-0.0	-0.0	Car1
14184	0.0021522205072391104	0.004170704039205596	0.00465486696917603	Fgfr3
225724	0.0	0.0	0.0	Mapk4
27276	-0.010663806100581598	-0.00024951769471442107	-0.006442629627498408	Plekhb1
319655	-0.0	-0.0	-0.0	Podxl2
231724	-0.0006055340272903411	-0.0013074906480156805	-0.0008424229659221477	Rad9b
