entrez	coefficient	feature_change	contribution
12575	0.023275068777597992	-1.2995495020006842	-0.030247104038959145
105727	-0.015955558585375538	1.4602789884504146	-0.02329956695121352
242523	0.018076921074396336	-0.987392510242145	-0.017849016477097333
69590	-0.024244455637142132	0.7311612471074391	-0.017726606419093825
110784	0.018682703128581783	-0.9361028054663323	-0.01748893081236003
11815	0.016854197063529728	-0.9999800549340623	-0.016853860905457967
14735	0.013129678648785247	-1.1383120981749242	-0.014945672051061237
27276	0.028673396110681915	-0.4739221741144091	-0.013588958224018016
54561	0.012699591137237193	-0.935469036602393	-0.011880074286395566
12294	0.009976578400957786	-1.1610040728914486	-0.011582848157032845
20564	0.013189751056217638	-0.8773001163553353	-0.01157137013631764
20692	-0.008796362598146795	1.2620773981222768	-0.011101690420809216
64817	0.013474817979947854	-0.7904127767190586	-0.01065066829531448
17436	-0.013609975651681865	0.7785555219383391	-0.010596121697063261
434130	-0.00825068190339157	1.2826192277117603	-0.01058248325102349
21898	0.015613385217031803	-0.6322632804456052	-0.009871770156181445
26903	0.01173103699552649	-0.8001211198217091	-0.009386250457530552
98170	-0.01969468920886977	0.47118435610916287	-0.00927982945365138
224024	0.020998340106350013	-0.40418878340409126	-0.008487293541090948
18212	0.011254290794006942	-0.7419804786047791	-0.00835046406969463
108699	0.021583081330789535	-0.3862630948891884	-0.008336747792075829
13685	-0.009087672940032893	0.9154166041698029	-0.008319006702570719
384061	-0.007854750323461496	0.9831171075260048	-0.007722139418340416
140577	0.012121417083601696	-0.6131374200722288	-0.007432094398258983
207728	-0.009208313365158247	0.7935785567528855	-0.007307520030450587
20512	-0.012584536898633111	0.5697524805412908	-0.007170071114459617
14545	0.007713109274291431	-0.92284051058192	-0.007117969700861246
75695	-0.01397157207781245	0.4978983038044269	-0.0069564220390241115
77630	0.011090081343839429	-0.6260768980887096	-0.006943243727302458
71609	-0.008036565187287669	0.8544942935652017	-0.0068671990924020695
269643	0.0077418994890678	-0.8841857058744204	-0.006845276864550227
76866	-0.006873805032028349	0.9950956916534105	-0.006840093772636943
338365	0.01133159894829507	-0.60017513038507	-0.006800943876264315
71461	-0.012004434760982077	0.564713517152732	-0.006779066575304704
114644	0.004188072107119149	-1.6115299607846634	-0.006749203678549065
14119	-0.01339889375671384	0.5026691211667766	-0.006735210149294356
78284	-0.004273268931203678	1.5638788666706143	-0.006682874973109555
228852	-0.005435691888646102	1.2272162816066141	-0.0066707695875435034
320508	-0.006049537042326985	1.0703717882314605	-0.006475253781967995
58226	0.005934826734907579	-1.0880070350802382	-0.006457133239561726
66336	0.010976000761144774	-0.5865743341114383	-0.006438240337675136
59030	-0.007562828435626382	0.8316226408888072	-0.006289419356224579
207565	-0.008919007548927674	0.6888089320453721	-0.006143492064681483
11932	-0.012393574621998872	0.4840192172581437	-0.005998728287570288
170799	0.00990143923142607	-0.6034009902734151	-0.005974538237374533
83965	0.00841295598941518	-0.7091290494456263	-0.005965871483801875
77056	-0.0037723830638130163	1.5446804032177004	-0.005827126192102314
16147	0.010506735538097216	-0.5255686462241451	-0.0055220107729928684
214663	-0.004238021288183428	1.2717637942467106	-0.005389762033558489
69215	-0.00657228819699247	0.8181004531827238	-0.005376791952407007
13040	0.008985397576963424	-0.5931716681779549	-0.005329883269969548
70726	-0.00427375317203963	1.22017485219969	-0.005214726145031412
72825	-0.008192316792233626	0.6331342128253722	-0.005186836043466915
68611	-0.008381155079475887	0.6151172800346749	-0.0051553933160360076
18769	-0.009097782086893894	0.5644866471895893	-0.005135576507092239
94185	-0.006527985054196955	0.7775263708676303	-0.0050756805282678895
66522	0.0115780449164405	-0.4360812855958441	-0.0050489687118478
330171	0.022065246398095654	-0.22785728410945907	-0.0050277271174761
72244	-0.012302909217616707	0.3988923303460138	-0.004907536127850581
55927	0.005958754170636954	-0.818063678730463	-0.004874640357481756
69671	0.006473201045396653	-0.7422800814790116	-0.004804928199407051
22352	0.006451966979607658	-0.7437254517179748	-0.004798492056378163
16450	0.015334475966643136	-0.31281946554966367	-0.004796922576369468
16008	0.009450829420811544	-0.5050871538658503	-0.004773492533829346
268860	0.008957964064028868	-0.5315451110995988	-0.004761562003640438
66673	0.004833156195311877	-0.9844574866811878	-0.004758036800774342
20893	0.00613952165157057	-0.7649853087201588	-0.004696643866020812
106564	-0.013523241408207416	0.3405876367745251	-0.004605848832752764
64660	-0.017225248272322646	0.2660112886186291	-0.004582110489696362
245684	0.01124338935053659	-0.405507522617524	-0.004559278961360345
103988	-0.00401065299229275	1.1267132419538417	-0.00451885583529804
333088	0.007708931117451913	-0.5823463201405623	-0.0044892676684651946
21356	-0.012154166474457773	0.3685620518633502	-0.004479564534514899
15114	0.007921852277184881	-0.5635036054797702	-0.004463992320271808
74182	-0.018887679258795396	0.23598590376880368	-0.00445722605998212
16909	-0.0050087002547276735	0.877899552492199	-0.004397135712192988
66412	0.003581330089912486	-1.2053851955857047	-0.004316882270886131
245527	0.016142362226853994	-0.2618227965958421	-0.004226438421897998
77889	0.00723756753490632	-0.5805532751400833	-0.004201793536437403
108147	-0.008335049805479429	0.49755224887320076	-0.004147122775186424
74513	-0.022684808124284125	0.18103353711471015	-0.004106711053507669
12143	0.0031533163091541846	-1.2931511722541906	-0.004077714681670992
214359	-0.0069376569580782725	0.577173631161981	-0.00400423265825022
14114	-0.010999677024866433	0.36087807248284776	-0.003969542242667664
76884	0.005173511269587684	-0.7584442288722478	-0.003923819765424315
228775	-0.0021459013234134978	1.8195699270236416	-0.003904617514443434
13346	0.004350202778543405	-0.8972667126802437	-0.0039032921465961034
84095	-0.01591479283604847	0.24220331763232172	-0.003854615624322046
29857	0.004971698137583948	-0.7737659583196888	-0.003846930773903855
14681	0.007918270270305394	-0.4853464878351084	-0.0038431046654218777
194655	0.01099101889913934	-0.34817101804528844	-0.003826754239468349
26561	0.007729517065775356	-0.48924599671854985	-0.0037816352809983047
224697	-0.010128193743933906	0.37065263499058226	-0.003754041698884233
100061	-0.012871100700187297	0.2905716175589531	-0.0037399765502175966
66464	-0.011367801839264047	0.3279356937995187	-0.0037279079831345004
242466	-0.010855845137065737	0.34048805197983034	-0.003696285563314227
242202	-0.012589697657320048	0.2935046872357745	-0.0036951352733046836
19713	-0.004484540462709454	0.8197560443354911	-0.0036762291503731545
68428	-0.006425397285693934	0.5703517368375693	-0.0036647365017669392
234515	0.00516761875377889	-0.7006261666774746	-0.003620568918310732
23923	-0.005998686784475589	0.5964231525287498	-0.00357775568302948
231207	0.006545143861632912	-0.5362410158300741	-0.003509774593116007
13710	-0.0028229416453769258	1.2396612350978067	-0.0034994913267169946
64297	-0.005876411895731431	0.5928721000095238	-0.0034839606611432403
18121	-0.004194116911308841	0.8243570894669646	-0.003457450009890732
268465	-0.005276629653256493	0.6538603594452961	-0.0034501789617379986
22229	-0.007750345053563993	0.44280102927731707	-0.003431860766972499
279028	-0.0035430286694250954	0.966908609836402	-0.0034257849253643362
102545	-0.002247351357383073	1.497237476411021	-0.0033648186749371148
58243	0.013220542523025404	-0.25303953107403765	-0.003345319880570723
238257	0.0046193012286029	-0.7213938997016928	-0.0033323357271986664
240354	0.009109451060527721	-0.3650742663300205	-0.0033256261625913847
74020	0.008201325174885449	-0.39837177233812604	-0.0032671764454404078
232441	-0.005150253180556129	0.6300735239009188	-0.003245038170454915
67739	-0.011562473666733556	0.278130079654212	-0.0032158717219283326
211550	0.0036347328043977523	-0.8783465193752474	-0.0031925549076017978
387314	0.00557434164265191	-0.5589291717572651	-0.0031156621574194646
224661	0.002771006038261176	-1.1199329431962803	-0.003103340948044503
14017	0.004915269562790544	-0.6281707806262363	-0.0030876287182465155
224093	0.004094171138322739	-0.7462747960346472	-0.003055376731182742
109660	-0.0034311745780329314	0.8901265934457864	-0.0030541797386622366
28113	0.006214118579964883	-0.4894215672661416	-0.0030413236545840635
56316	-0.007066893143476645	0.42983954221535603	-0.0030376301136768396
26922	-0.008109389391682412	0.3734297558046624	-0.003028287300260883
101772	0.0017360240759573587	-1.7434854897708114	-0.003026732786324436
74147	-0.0030865772043170625	0.9634986440677075	-0.002973912951169785
233744	0.003880022442686041	-0.7657270813333088	-0.0029710382605457174
12023	0.008190596264903918	-0.3617685910028422	-0.0029631004702274323
23821	-0.0059689713279545776	0.49602681058747267	-0.0029607698102933804
13643	-0.005793178572644593	0.5101413572590321	-0.0029553399798928548
14049	0.00507730809941426	-0.5745958339835441	-0.0029174000817743396
227656	-0.011847366900141692	0.24620846083691839	-0.0029169219694541388
50794	-0.010189663602943221	0.2860084955234635	-0.0029143303569679857
23805	0.012293411423511423	-0.23598472620292432	-0.002901057328877245
29862	-0.006277304817111458	0.4516000374770651	-0.002834831090662496
18823	-0.007687922311654762	0.36269836809775585	-0.0027883968764995087
192187	-0.0049914621010736186	0.5573905016513107	-0.0027821935644909293
246048	-0.002948076452086417	0.9407585680857065	-0.0027734281816720074
67422	-0.011793674716698491	0.23424855445532167	-0.002762651254102897
12266	0.007356103970099988	-0.375388867585597	-0.0027613995391777488
227394	-0.0031462402300806887	0.8726832643065794	-0.0027456711942794986
16950	0.005754953614734014	-0.4614726705909456	-0.0026557538137183213
71835	-0.010443837354971197	0.2531037511080528	-0.0026433744105056143
71998	-0.00390096838786623	0.6689921198516559	-0.0026097171112729254
192192	-0.011147065442906116	0.23062680741662067	-0.002570812115161576
13809	0.0038047492033331477	-0.6746218499072327	-0.002566766945985678
320343	0.002401432045229531	-1.068297719020269	-0.002565444376300887
105439	0.0051152058091766175	-0.4998131330997637	-0.002556647041934677
21825	0.0050966354382378475	-0.48719623898353054	-0.0024830616169796574
66953	-0.002307060199367514	1.0613945933595652	-0.00244870122216372
107448	0.005374309317357704	-0.4472553416508203	-0.002403688549872007
50934	0.002924093180386018	-0.817114043770267	-0.00238931760298628
14534	-0.0099278063097291	0.2398362751455977	-0.0023810480856923896
244723	0.0038425926275573526	-0.6171854972115984	-0.002371592441420607
238271	-0.011651361278638037	0.20234674846111855	-0.0023576150698781874
93840	-0.010833266198449496	0.2173198928437418	-0.0023542842493947747
58222	-0.0027061973614550617	0.8680016822511045	-0.002348983862246494
245945	-0.004848336979779471	0.48205489651466826	-0.002337164581055832
94180	0.002956631304979798	-0.7898826948301856	-0.002335391902796731
17060	0.0032874114924015727	-0.7081185092500456	-0.002327876925290869
58198	-0.00532944202550872	0.4341208011555273	-0.002313621641825782
234854	-0.008492740893830801	0.2714322734890583	-0.0023052039689659917
57444	-0.004829426229828328	0.47575422682299906	-0.0022976199419706875
13170	-0.0020741804888640834	1.1000858872223194	-0.0022817766833512694
100515	-0.015969915076996768	0.1422517501910687	-0.0022717483701055257
50766	0.01021652310517448	-0.22084235911696248	-0.0022562410645196873
109242	0.00480840339369229	-0.45946306315157914	-0.002209283752134308
50765	0.00320736773714898	-0.6861580476171583	-0.002200761184512407
11717	0.0047922166874169855	-0.4581988259059959	-0.002195788059661584
320560	0.00980834210930684	-0.22230257638754347	-0.002180419720989343
59288	-0.0048325413185708	0.45078881778752244	-0.0021784555879078857
76025	-0.0064537752577450615	0.33741819743389095	-0.0021776212141117837
18441	-0.0027300879047574642	0.7944786508143857	-0.0021689965551763835
14733	0.00481052459664971	-0.4485139679606929	-0.002157587474815873
209966	-0.002497605505137891	0.8602447921960863	-0.0021485521287551465
242505	0.0061472846331382764	-0.344905790983445	-0.0021202340687929335
64293	0.002720864652424827	-0.7756022899863259	-0.0021103088551635446
15442	0.007972589690845019	-0.2643143184042607	-0.0021072696100525364
223435	0.0033848293786587777	-0.6221806021595062	-0.0021059751810211056
67963	0.014715421813589027	-0.140909510506084	-0.0020735428846433805
64176	0.0032499053615832134	-0.6379700101270194	-0.002073342156441097
66614	-0.013517191664869161	0.15328340731303375	-0.0020719611956944843
72902	0.002869579860011434	-0.7218829997835761	-0.002071500917463588
78977	0.00875484136774717	-0.2335728777817399	-0.0020448934927873304
171531	0.0022158751307300604	-0.8967170510288645	-0.0019870130126764594
236900	0.007723373221657668	-0.2550131310005875	-0.0019695615871410162
319670	0.0034438889568593157	-0.5686513644152933	-0.001958372154212811
75782	-0.003920068818896408	0.4967371161705413	-0.0019472436802886615
223774	-0.0068710969122901385	0.2809825506404863	-0.0019306583361132527
12183	0.0036078097624650273	-0.5348801328147301	-0.0019297457649175738
18563	-0.01265691294727794	0.152358189845464	-0.0019283843456788837
218271	-0.0032711914956202815	0.5887611088541129	-0.001925950332235541
11601	0.003969414493376735	-0.4834338822192923	-0.0019189494586706404
16889	-0.011612453827010108	0.16461077007910735	-0.0019115349669722112
240518	0.004918398005383436	-0.3875041475490725	-0.0019058996263831667
17342	-0.009784785698182759	0.19367955794842362	-0.0018951129686440942
13195	-0.0024771269372937123	0.7444119201432358	-0.0018440028198293452
56434	-0.006092906959815648	0.30243210848721475	-0.0018426906986734719
71781	-0.003028874883289286	0.6060545362228067	-0.001835663362668796
12822	0.0033096674491104013	-0.5482406815672881	-0.0018144943380613543
207521	-0.004978483446694213	0.36269022582207044	-0.0018056472855329639
434341	0.008221295040870916	-0.21775161552287878	-0.0017902002768398738
171166	-0.003301393723029962	0.5414452613228814	-0.001787523987095678
63954	-0.0017077621314314322	1.0317613875738032	-0.00176200302637169
16598	0.0018638993462405788	-0.9445294416373982	-0.0017605078087729253
19700	-0.003743387681789547	0.4675037793176622	-0.0017500478886877955
72685	0.0031573871900615505	-0.5502005181399157	-0.0017371960679401974
72776	0.0034061986463031417	-0.5009347636247838	-0.001706283313744923
170706	-0.0027578140580678794	0.6167526323576975	-0.0017008890798664287
19273	0.004022033859623657	-0.41873734922369643	-0.0016841757968667631
73852	0.006391526491535353	-0.26242555828080555	-0.0016772999078077235
18616	-0.005219792062055774	0.32009084648014224	-0.0016708076595937599
211712	0.0022402083855228732	-0.7452422723983837	-0.0016694979878729805
15904	0.008303195165122214	-0.1997430638910449	-0.0016585056423668214
66416	-0.006878979935543828	0.2407799977350089	-0.0016563207732994145
239743	-0.005518663336387247	0.29759142956260937	-0.0016423069115502403
225998	0.011422065610509343	-0.14351633306555156	-0.0016392529724544413
21802	0.0038371257659305536	-0.42625242258889484	-0.0016355841535061672
21987	0.00536388427513216	-0.3041495620210083	-0.0016314230530128202
20229	-0.009415995684895921	0.17297330193558558	-0.001628715864627673
230379	0.01659612732752951	-0.0981035047651928	-0.0016281382563600377
229228	-0.0012003140002168323	1.3524030911814198	-0.0016233083642815792
13849	0.004074293788843449	-0.39819335360811836	-0.0016223567073642999
241070	0.004268850182392995	-0.3797703075707074	-0.001621182546740658
54123	0.0020664127570795532	-0.7831433249350954	-0.001618297357267579
214137	0.007650982044054724	-0.20883929444495597	-0.0015978256918914157
26912	-0.003929352773975019	0.4062956825475556	-0.0015964790672723115
20475	-0.0023391652683205704	0.682226460814494	-0.001595840442266529
23876	0.0015531274289997724	-1.0253152881314638	-0.0015924452973697812
20528	-0.002873532591316385	0.5509608132514177	-0.001583203853416129
246104	0.006838136873512143	-0.2315012985756969	-0.001583037566056417
14419	-0.0031341042953762694	0.5036911122900032	-0.0015786204785709498
66279	-0.010098466594810491	0.15503855385646226	-0.0015656516570272114
12307	0.0011861948664377518	-1.316093626091953	-0.0015611435030217205
16870	0.007598381252735641	-0.2053877999460118	-0.0015606148086503944
76267	-0.011802504507989291	0.13213019211235577	-0.00155946718804757
30935	0.002661693305968151	-0.5848996356285819	-0.0015568234448158072
338403	0.0013368536961442855	-1.1451045316043762	-0.001530837225546881
22021	0.004202416649387022	-0.3641441762333535	-0.0015302855489803667
16776	0.005754176019910757	-0.2617235461963323	-0.0015060033533689406
59009	-0.0012290044987670339	1.2061738048964552	-0.001482393032512694
18791	0.0038581120048062066	-0.37610621716801196	-0.0014510599115381572
22342	-0.006568081069428826	0.21882352576178926	-0.0014372506571016792
100038882	-0.009095807097917064	0.1568986708752322	-0.0014271200442006905
57340	0.0014506471849769678	-0.9790935913084438	-0.0014203193620605837
232976	0.004654152419335131	-0.3046142969098777	-0.001417721366927177
17883	0.005739880959601647	-0.24342009618872418	-0.0013972023752980595
70574	-0.007045767421958782	0.19804885476321474	-0.0013954061688469046
271005	-0.002878184270583684	0.4808942653147852	-0.0013841023102429118
244757	0.0021600227938497695	-0.6402676636901434	-0.0013829927477356481
19173	-0.008954702937037736	0.1542816635568559	-0.0013815464657836454
72042	-0.006778252756910606	0.20324574341933083	-0.0013776510206624248
53972	-0.0013746757336526806	0.9965947511331255	-0.0013699946206683399
23985	-0.004553226092204899	0.30054307457440166	-0.0013684405689836482
76757	0.0015588758167414433	-0.8772699557032144	-0.0013675549186995782
67971	0.004222647496269341	-0.32248520906549527	-0.0013617413606443086
16658	0.001145568174591699	-1.1864280755376084	-0.0013591342447779604
108897	-0.002238157546268969	0.6072065022700359	-0.0013590238151992668
16438	0.00473167701582156	-0.28370650585501456	-0.0013424075529932173
12700	-0.004169884706658664	0.3213265219648881	-0.0013398945497852062
210356	0.0022911233205895674	-0.5807404751090948	-0.0013305480457327123
14420	0.0076912812612621355	-0.1720666387793069	-0.0013234129145316437
21652	0.0031997481346069875	-0.4133885394949478	-0.0013227392081168663
13867	-0.001543366541413703	0.8531623187031336	-0.0013167421770813508
13032	-0.0027221669701660988	0.4820932607418524	-0.0013123383509311434
12826	-0.021075994426912416	0.062010367557189305	-0.0013069301610461122
77113	-0.005293826957748966	0.2465292597345925	-0.0013050832410568824
19260	0.0014479676940967183	-0.8980630546327226	-0.0013003662903699985
242939	0.0023935184911101828	-0.5400394937944291	-0.0012925945143267487
68458	-0.007295165131602068	0.17683509706142797	-0.0012900412341259966
665113	0.002397491271090761	-0.5374429141533715	-0.0012885146953922893
78177	-0.0016294265474739603	0.7898099696623446	-0.0012869373320274274
71913	-0.006267821158640776	0.20513702229319813	-0.0012857621687498717
104346	0.0029858326805612253	-0.4261391323398614	-0.001272380147806363
245049	0.0033006711428191816	-0.38427974349337346	-0.001268381060118535
76527	0.004890091184490339	-0.2580278035493789	-0.0012617794874902227
71607	-0.010697780229215756	0.1178190911147152	-0.00126040274355117
20536	0.0018479748386271966	-0.6789529335267829	-0.0012546879377696182
21924	0.0023829337358990286	-0.5262935705951141	-0.0012541227043578543
229699	0.009473365260051258	-0.13130606412121554	-0.0012439103062799862
19124	-0.003425067570285812	0.36118150558361767	-0.001237071061761453
225724	0.0012605572828537739	-0.9746551500928422	-0.0012286086477204703
320664	0.002589215333590799	-0.47385548391682053	-0.00122691388486352
22031	-0.019281953812954004	0.06334372515612322	-0.0012213907828008204
94040	-0.00568270655815414	0.21304797049572177	-0.0012106890991374678
238328	-0.008376227866476715	0.1441606533259353	-0.0012075224816381885
20419	0.0025584097133607444	-0.47167845804116026	-0.0012067467486355228
140571	0.0007394878527404583	-1.6139695400460694	-0.0011935108695571729
20680	-0.0018954159672823425	0.6220089522169006	-0.0011789656998244728
106042	0.0076555078610391365	-0.1527706690111955	-0.001169537057551415
13631	0.004415584683134162	-0.2627318146290681	-0.001160114576448157
74414	-0.025230929981288577	0.045348981305961544	-0.0011441969720534803
12227	0.003519425654750939	-0.3234394146943836	-0.0011383209738330413
64918	0.012087906502394651	-0.09376458581883562	-0.0011334175466138443
24131	0.003870586390738256	-0.29273804733652886	-0.00113306790207206
69684	-0.0038246760532558884	0.29391790271364854	-0.0011241407641320855
69217	-0.0039044720712377422	0.28725974627893147	-0.001121597656536928
84035	-0.0038409825084361865	0.2891635943016314	-0.001110672307789104
216527	-0.0018883295630187644	0.578113804713437	-0.0010916693882296398
232946	0.0058687487966832385	-0.18424997502390117	-0.0010813168192104368
67976	0.005498735133152973	-0.19655627887767307	-0.0010808109163064747
76179	-0.009807985077936574	0.1095170757083418	-0.0010741418443266663
12796	-0.0011531313463753754	0.8907858431467727	-0.001027193078639962
77065	-0.0034356155529110203	0.2959989514157356	-0.0010169386011292549
208213	0.0028236297048986917	-0.35847141013759426	-0.001012190522021433
14027	0.003236165978427282	-0.31259042397172976	-0.0010115944952394718
18762	0.0071357710841947536	-0.14147742255005577	-0.0010095505008990908
328365	-0.0011000386038156247	0.9157821773849353	-0.001007395747809757
22422	-0.005364302440786548	0.1873784091495277	-0.001005154457551512
240667	0.003328336853087925	-0.30169682135936	-0.001004148648989842
80837	-0.01616893112227654	0.06201036755718925	-0.0010026413618992448
101497	-0.00433486318271551	0.23075344425591035	-0.0010002846097897414
68039	-0.005742508501443271	0.17364736564911704	-0.0009971714734932828
11687	0.001769363282822482	-0.5559198518292856	-0.0009836241740188525
70370	0.0009340327333792496	-1.0436527572515177	-0.0009748058375544256
56017	0.004645987082622747	-0.20902310497756665	-0.0009711186456954731
19417	0.0019269570906073627	-0.5021607450566923	-0.0009676422083116693
65963	-0.001328083474646778	0.7245053004610906	-0.0009622035168363731
277468	0.005485086802136088	-0.17475374620081352	-0.0009585394669099218
76787	-0.006627405070846891	0.14280147289297873	-0.0009464032055753321
22029	-0.004385762203160235	0.2157209459173054	-0.0009461007710340911
11733	-0.0026277970856870797	0.3592211556894014	-0.0009439603060377537
18782	-0.006211120238556428	0.15030558481273065	-0.000933566059798411
116847	-0.005687679257235958	0.1632806937164077	-0.0009286882147579097
16400	-0.0051277008975905486	0.18082119293211685	-0.0009271969933014094
15186	0.0012767381345365422	-0.7258073698656236	-0.0009266659474351103
13869	0.001979224428378269	-0.466222754956911	-0.000922759465676534
268395	0.0004937824593092552	-1.8382023870195845	-0.0009076720953706738
11423	0.0015271626990880443	-0.5879707482995393	-0.0008979269949579416
226409	0.0026196064526806764	-0.34078379682573817	-0.0008927194331337244
71755	-0.0011392538348109378	0.7756223008190567	-0.0008836306805729932
11931	0.004163261207813652	-0.21102628353170627	-0.0008785575400566377
14251	0.002996489027332306	-0.28970119282418383	-0.0008680864455027474
231503	-0.0011580490131977478	0.748346210373203	-0.000866621590452962
73668	-0.006622448208802772	0.12993284092597285	-0.0008604735096548645
12971	0.0019979133332783546	-0.4298649468738611	-0.0008588329088682787
213208	0.005642577452054515	-0.15174383098260757	-0.0008562263191908328
70779	-0.002408191184108281	0.35336408271742303	-0.0008509682687806076
271786	0.0009083580889922741	-0.932128573148234	-0.000846706529400025
230721	-0.0020749508132526517	0.40408204105457424	-0.0008384503597069803
353282	-0.003042383817519038	0.2755032844724608	-0.0008381867343523589
319634	-0.005694700085309093	0.1467111722441189	-0.0008354761250943809
70381	-0.0004833433871135868	1.721887411876241	-0.0008322628938845101
22393	0.0017652409909828027	-0.47069135149125546	-0.0008308836677534585
76223	0.0024433852838290984	-0.33950191974551425	-0.0008295339945379171
67211	-0.0021485599464974104	0.3834283047685225	-0.0008238186979790495
13850	0.0038959261063235507	-0.21138970050844752	-0.0008235586528187775
231130	-0.0038553976596541065	0.21338533896418743	-0.0008226853364470265
105675	0.005638808972171338	-0.14576669758435745	-0.0008219505621824609
545192	0.003215854333807697	-0.25524618005210065	-0.0008208345343084076
67865	-0.003540963150757651	0.2317896371616086	-0.0008207585639167423
103967	0.001258713966210759	-0.6445159970675275	-0.0008112612869551495
101685	0.0019151042769537771	-0.4227146677178233	-0.0008095426680774982
381379	0.004237654818756498	-0.19020323485786556	-0.0008060156547385079
208650	-0.0013734816780931183	0.5868063341250624	-0.0008059677485097619
11459	0.0021539017868998788	-0.3741732443515382	-0.0008059324196189031
16535	0.0019316343281472433	-0.4076338576085998	-0.0007873995526718568
170737	-0.006122708298460106	0.12749982769144225	-0.000780644253058627
268780	-0.0009988213164651935	0.7800698051076709	-0.0007791503496723907
109272	0.0010242412081732661	-0.7515570418100556	-0.0007697756925146572
14120	0.0023712146753597316	-0.3234892764228142	-0.0007670625195752779
13618	-0.0019226293445313474	0.3977959249791194	-0.0007648141184998454
219228	-0.002186501890333149	0.3485489970808582	-0.0007621030409910197
22042	-0.0018325817130129794	0.41114814080537976	-0.0007534625641792245
100040591	-0.0007441906117460623	1.011506553481199	-0.0007527536808203245
75209	-0.0012627690753080425	0.595367226888792	-0.0007518113225670733
78619	-0.004067467382231013	0.18415400377074598	-0.0007490404036447563
18294	-0.007796533420476425	0.09591407646412964	-0.000747797302646718
208164	0.0010214737458073915	-0.7279793405422774	-0.0007436117838541148
14544	-0.002205410763167079	0.33698566899006144	-0.0007431918214237402
12348	-0.005026504403967289	0.14616873791161372	-0.0007347178048350667
17433	-0.0010842030418145858	0.6724925128654734	-0.0007291184280462808
21339	-0.006937024145777623	0.10460318940113245	-0.0007256348506010057
74186	0.006927715155004229	-0.10469900382452951	-0.0007253248755090388
58176	-0.008499066597111683	0.08425557634873926	-0.0007160937545659629
75668	0.0007990310373892891	-0.8867692558419807	-0.0007085561584203458
56399	0.004798964511455928	-0.1459768601131226	-0.0007005377711766419
67728	-0.005520948935407498	0.12652193722516025	-0.0006985211546289428
58223	-0.0022203125957280176	0.3143782113247891	-0.0006980179024268738
229595	-0.0018679085529802902	0.37322322902808774	-0.0006971468616724868
74039	-0.005589871246270684	0.12413975898151046	-0.0006939252692497182
22249	0.005809095560804253	-0.1177944784328403	-0.000684279381751465
18039	0.0023145431654496003	-0.29527879038793203	-0.0006834355061946132
272636	0.001293380698081668	-0.5265305309408882	-0.0006810044256696373
244550	0.0026597834466659575	-0.25572579395395734	-0.0006801752336442451
54131	-0.0015282698995234632	0.4401599680840499	-0.0006726832301980617
320840	0.001471415475423532	-0.4549933531722047	-0.0006694842610724265
56737	0.0052090766218717	-0.12568351806393618	-0.0006546950757014394
231050	-0.008677257075382548	0.07479567512295299	-0.0006490213011686582
27280	0.017026422210309755	-0.03772719727992613	-0.000642359189699672
54725	0.0010425560666997326	-0.6076730378007704	-0.0006335332121290492
193034	-0.0034206026132870986	0.18478876931846952	-0.0006320889472368637
14696	-0.005975154494839343	0.10552626013505167	-0.0006305357075695397
20616	0.0021855165984349914	-0.28709205454089604	-0.0006274444504779321
108899	-0.0007634332110802759	0.8213733271238888	-0.0006270636766218802
93735	0.0029545514527920032	-0.2113688609823029	-0.000624500175290254
15163	0.0040963943072099196	-0.15140982399363878	-0.0006202343410631978
216856	0.001334288169688112	-0.4593522404858978	-0.000612908260200062
20371	0.006814279639115621	-0.08986658724052027	-0.0006123760556698849
76917	-0.004687080725253475	0.13052910450274324	-0.0006118004497994044
235028	-0.009033549491400408	0.06730957914904662	-0.0006080444144882456
236539	-0.00042276750549125633	1.427361099203151	-0.0006034418913453737
102502	0.0012903447231001285	-0.4664553601500351	-0.0006018882125313677
228576	-0.0027039447794265296	0.22259041100789037	-0.0006018721797951907
19204	-0.002594099656288727	0.23143229952896505	-0.0006003584486621979
14163	-0.0013407798003773107	0.44461936576188565	-0.0005961366644701076
21817	0.007148473290009197	-0.08331068856211823	-0.000595544231958577
17921	0.00041957226492865795	-1.4109945182367987	-0.0005920141658185342
171469	-0.0011385458888329033	0.516542963748914	-0.0005881078677818894
12236	0.003466551995864576	-0.1689184177393055	-0.0005855644781524756
52906	0.002681075087842777	-0.2181171233218498	-0.0005847883855701423
54720	-0.005385631430660745	0.10720016675096689	-0.0005773405874260802
321007	0.0023083330957763804	-0.24986432417156135	-0.0005767700889390133
14961	-0.002601815111443717	0.21903891097712835	-0.0005698987485744676
14126	-0.002579683187511462	0.2134282092908676	-0.0005505771632483287
78286	0.0006323939724851076	-0.8617640634474444	-0.0005449743994284376
12416	-0.001251876648665967	0.4341208520887335	-0.0005434657574288576
17916	0.0066294198549797	-0.08179834391966631	-0.0005422755652854938
100072	0.0068007936569947445	-0.07952893453948473	-0.000540859873563678
94091	-0.001434383453318819	0.37703494051822145	-0.000540812680002382
99512	0.0015303992770483341	-0.35268395003878095	-0.0005397472621659011
67198	-0.003235914817566659	0.16666831270524798	-0.0005393244627017454
16574	0.000904576697376702	-0.5960566282230345	-0.0005391789362074853
14823	0.0008291661961882035	-0.6474424420301836	-0.0005368373869089688
170721	0.0023125278338037803	-0.22920506090463683	-0.0005300430829906634
12166	0.0034439904685178626	-0.15058905662460614	-0.0005186272756782402
213484	-0.004554586225922959	0.11265409746698651	-0.0005130928006169194
23831	-0.0008396119131525975	0.607596139231125	-0.0005101449568839768
74717	-0.0012136673713165219	0.42001103772378506	-0.0005097536920781507
17005	-0.0022501323884331157	0.22491184953489085	-0.0005060814371808535
320472	-0.0027642250428269125	0.18229360845012887	-0.0005039005576251299
74589	-0.00601768555348323	0.08370746099239591	-0.0005037251787327018
26556	-0.004092476982096645	0.12305468961272442	-0.0005035984847791218
110385	-0.0020277436991259223	0.24763006830729611	-0.0005021303107242414
74490	-0.0018062115212602523	0.274981719709428	-0.0004966751502751262
21743	-0.002553195832596528	0.193436811918251	-0.0004938820620604368
233199	0.0007439974721052786	-0.6636222784854977	-0.0004937332976259556
53791	-0.007758153891466868	0.06197364037228681	-0.0004808010392226251
52033	-0.0006454752461329082	0.7397763594145063	-0.00047750732767638516
22350	0.003558066291396172	-0.13417497460468897	-0.0004774034542898812
226591	-0.002069255101104766	0.2302430247329383	-0.0004764315534224234
16403	-0.002174792930446789	0.21776410780452293	-0.00047359184215832895
19739	-0.0017777076338108457	0.2627666104030616	-0.000467122209224123
11927	-0.00225535285667743	0.2069771398064133	-0.00046680648352931804
15460	-0.00401210782261329	0.11600847580617468	-0.000465438513271398
217125	0.0008092843271993907	-0.5739757606958715	-0.00046450958732351685
19338	0.0011087606525971674	-0.41840566199611	-0.00046391173484515674
227327	-0.0025416235103792105	0.1820151929810435	-0.00046261409372682917
20191	0.0005490107097410086	-0.841120485776997	-0.0004617841548741311
73728	0.001405560855590048	-0.327898017433946	-0.00046088061793073755
319613	-0.0007446909207476935	0.6031643443474191	-0.00044917101095425833
109205	-0.0018699660606842578	0.2387635388327597	-0.00044647971414612847
12842	-0.0015254770435705024	0.2903499322749799	-0.00044292215628773194
20449	-0.0011562764980828423	0.3823697291080456	-0.000442125131345936
14281	0.0009186966770447031	-0.475720578629869	-0.000437042914789044
108159	-0.008258959843211492	0.05122069175695243	-0.000423029636362184
12333	-0.0012096409094880724	0.3488664499803923	-0.00042200312984415686
29856	0.008666261436139135	-0.048568162439514895	-0.00042090439317370913
75690	0.0032182088178681237	-0.1304257581839996	-0.0004197373250648831
105171	-0.0012091203632268999	0.34573738084335925	-0.00041803810750643954
27261	-0.0009346762084211093	0.42946048268194814	-0.0004014064956198628
11807	-0.003742214836526345	0.10596197758820475	-0.00039653248463825184
432530	0.002148837954126144	-0.1843427042952776	-0.0003961225995559451
544963	0.0004947875837109241	-0.8005841896502504	-0.00039611911675421557
66446	-0.0017546603836974077	0.22569487138111222	-0.00039601784961611946
104271	-0.0028239366354709428	0.14012242825856586	-0.000395696858610513
13106	0.001709055397216613	-0.2305984311512136	-0.00039410549334866515
12287	-0.0012826010088328244	0.3061116764490025	-0.00039261914502899774
12007	0.0019541867009001163	-0.19981472747470172	-0.00039047528307504316
12972	0.003300976384992923	-0.1166009726788263	-0.00038489705728001063
12448	0.002593479577773614	-0.14824939015558597	-0.0003844817657859049
207792	-0.0033837076878875222	0.1135372466696869	-0.00038417685441780155
217341	0.0008649899263756034	-0.44286629875602324	-0.0003830748871552085
15490	0.0024646349060037757	-0.15453795362741507	-0.00038087963481251997
74100	-0.0018329420881908602	0.2053556576151898	-0.00037640502789099335
268527	-0.0032548688919800902	0.11444048296805284	-0.00037248876799589255
15939	0.003444933043967898	-0.10738915698242701	-0.00036994845545261875
21664	-0.0012829720239321677	0.28740272068472716	-0.0003687296502404959
232821	-0.0032634807311706943	0.11059215285728285	-0.0003609153598684266
12298	0.005544372842032105	-0.0640499109495628	-0.0003551165868033308
20912	0.0008013748241933218	-0.43954722755837283	-0.00035224208220925303
384763	-0.00046079670557743754	0.762872186999039	-0.0003515289905458121
208092	-0.0013332046092182199	0.2622734734258956	-0.00034966420364707627
70676	-0.0005684987824720662	0.6146085543521437	-0.0003494042148461104
109620	-0.0004663579999906877	0.7376630081443758	-0.00034401504514532544
218341	-0.0010543739461016865	0.32455869240493196	-0.0003422062292525916
68010	-0.0013567672359673466	0.25198079342192425	-0.0003418792846079231
15277	-0.017957021830647547	0.018859882629071123	-0.0003386673240936806
22171	-0.0009303149585737111	0.36303728525003637	-0.0003377390169881001
16854	0.01364004924050753	-0.024598841602804566	-0.0003355294107216995
70546	-0.002110674489601412	0.15715453607084195	-0.00033170207020987103
108052	0.006042689341923373	-0.05450008900951575	-0.00032932710699167596
79235	0.0013902856613694854	-0.2342979466365721	-0.00032574107569713904
18654	-0.0015535243256292173	0.2087127179032775	-0.0003242402843309303
16847	-0.0005886061180659717	0.5485574852592514	-0.0003228842919344795
23792	-0.0005853015454201021	0.5461405906289162	-0.00031965693171175194
19087	0.001845930405155843	-0.17024876521242788	-0.000314267372145859
78558	-0.0009336141258847008	0.33341012744460374	-0.0003112764046953004
14687	-0.0004628390500750202	0.6709126764461162	-0.0003105245858496098
228482	0.0009767504640355736	-0.31725103149541223	-0.00030987509222890825
17874	-0.0009966061341048302	0.3091366548611997	-0.00030808748651131937
20525	-0.0016085662006271484	0.18932636011697473	-0.0003045439837719293
68082	-0.0041799016084614815	0.072537128026391	-0.00030319805811068816
20856	0.004281615077938109	-0.069631553481832	-0.00029813550928806576
216049	-0.001707736749924804	0.16936509839037295	-0.00028923100267587014
66208	-0.006063095789739363	0.046637656302676356	-0.0002827685775720685
102436	0.0019791140382622832	-0.14259632493115743	-0.00028221438847586365
70454	0.0009338571843711446	-0.3017954147481243	-0.0002818338162728052
17300	-0.0032352272645287112	0.08625488341201223	-0.00027905415051328726
18389	0.003989656715918627	-0.06960123977167776	-0.0002776850536913368
75345	0.0033042370512131295	-0.08311335017071764	-0.0002746262110845363
70350	-0.0051854278735059735	0.05294869723748441	-0.0002745616505210804
67603	0.0006829025897217594	-0.3984590534838294	-0.0002721087195221881
116837	-0.003735413348065755	0.07092669005715387	-0.00026494050477361523
60594	-0.004058055548581871	0.0649154791631065	-0.0002634306204066952
208158	0.0004981672648706202	-0.5287596433486528	-0.000263410745300963
15200	-0.007828196778235425	0.03332896391193474	-0.0002609056879173323
20462	0.0038345450895223006	-0.0678416712460288	-0.000260141947341446
381853	0.0030852480269386623	-0.08339110907816949	-0.0002572822547476492
84036	-0.0013599364994244614	0.18510159190438122	-0.0002517264109323394
214804	0.000816600893732323	-0.29853675013636116	-0.0002437853769732957
140721	-0.001497808248913302	0.16275515589581568	-0.0002437760150539232
56177	0.00032222908150168956	-0.7551988805272476	-0.00024334704162339918
11480	0.0006609843508642543	-0.36750391733532284	-0.00024291433823995894
233752	0.00023852586655335643	-0.9938331218103198	-0.00023705490658923397
18227	-0.0004933005680279059	0.474289679324549	-0.00023396736822057335
52588	-0.005047218597291605	0.045537602848036846	-0.00022983823597069072
211228	-0.0012732265558844107	0.17961081932068584	-0.000228685264883254
50773	-0.0006124708087416036	0.37135516872980784	-0.00022744420052232006
213760	0.001051738270185445	-0.21614357282375596	-0.00022732646739335885
74134	-0.0004551249408279243	0.4913107915487581	-0.00022360779493174919
19041	0.00014976016865864792	-1.4815143680185976	-0.00022187184162467536
217262	-0.001083159643287255	0.19765637373697298	-0.00021409340727039202
20532	0.0004248266622277261	-0.4989862867566791	-0.000211982678700247
18205	-0.0007240739038279438	0.2921149257493642	-0.00021151279465375208
77034	-0.0013047447167564856	0.16100663399074683	-0.00021007255506217212
319991	0.0003003597125369459	-0.695385435295635	-0.00020886576944777592
72017	-0.0020875346576473297	0.09965064244078659	-0.00020802416975196388
242860	0.007450762453628723	-0.02780996043770334	-0.00020720540906614025
71145	0.0007167083909899139	-0.28323086958540744	-0.0002029939408192315
66972	-0.001343029051175323	0.1491211319360548	-0.00020027401233426985
320557	0.0013468677751383884	-0.1478494848010059	-0.0001991337066492878
100198	0.002352423203468125	-0.08375544505092947	-0.00019702825235460601
83429	-0.001529612964988494	0.12879971466026005	-0.00019701371343115238
234857	-0.001961561925340706	0.10022740851762169	-0.00019660226842373548
13048	0.0005574628918258123	-0.3482344649706042	-0.00019412779187592754
74166	-0.006020235732401977	0.031255625978355406	-0.00018816623635348672
13131	0.0002426752484083481	-0.7749099238079458	-0.00018805145825418734
110876	0.0006088464265199157	-0.306982275486647	-0.00018690506143499735
100039795	0.0003273328250734414	-0.5707063621131043	-0.00018681092579786888
381511	0.0011853207353457473	-0.15643134268799347	-0.00018542131414605502
21956	0.0005111150709900266	-0.3616959595706629	-0.00018486825605276518
19734	0.0019986047155409435	-0.08879821763078011	-0.00017747253648850808
11450	-0.002891720908623401	0.059928988857113105	-0.0001732979101107728
22268	-0.0009430437440126877	0.18368335534721483	-0.0001732214391394504
231134	-0.0038497234361843766	0.0449026428551067	-0.0001728627565459212
69574	0.001944624621259797	-0.08789545764743623	-0.0001709236710381022
232370	0.0025155855789613995	-0.06675521956993624	-0.0001679284676705334
20430	-0.0008353777118703102	0.19724665683170778	-0.00016477546085814034
20447	0.00039706783157681584	-0.41494400089143446	-0.00016476091465977022
74386	0.001607535582200071	-0.10183456841991098	-0.00016370269223299456
211484	-0.0007886938517100809	0.20211253643875104	-0.00015940491484277264
22276	-0.00017033660854438648	0.9343234098699359	-0.00015914948092087162
29859	-0.00021795807138669194	0.7111705988862054	-0.00015500537216015602
110417	-0.002415423518293338	0.06416291684851005	-0.00015498061835819105
242702	-0.0013856792456364933	0.1079958155697129	-0.00014964756025053763
14805	-0.00019586943446672772	0.7556814198029432	-0.00014801489233381634
69903	-0.00016262289544561885	0.9067908654208952	-0.00014746495609838447
382913	-0.002074496036832091	0.07037159980200192	-0.00014598560489478693
16979	-0.0023315376082948666	0.06201036755718925	-0.00014457950406377462
68802	0.0014000762974884123	-0.10011128176358003	-0.00014016343270837234
52245	-0.0008244398861402414	0.16582562650156163	-0.00013671326063208168
235134	0.001184840131558048	-0.11491201722803257	-0.0001361523696100628
225358	0.0005454835428515454	-0.24830402459201972	-0.00013544575903875217
21334	0.0035245664890807046	-0.038321560181377556	-0.00013506688682457283
226777	0.0002624876761754871	-0.5103600856615963	-0.00013396323289803497
13982	0.0006735497829876938	-0.19764394186645273	-0.00013312303415298162
170459	0.000600176837561622	-0.2217680530772785	-0.00013310004876811895
192678	0.0006640384235313161	-0.19505312980967907	-0.00012952277282366845
381175	-0.0020185475794110147	0.062010367557189305	-0.00012517087733095178
60363	-0.00047805364748052155	0.2574204423559081	-0.0001230607814042912
77015	-0.0007936592397233021	0.15475082426321385	-0.00012281942153129663
11745	0.0024201405795673263	-0.04994740790651875	-0.00012087974871876794
435965	-0.0013475620916915145	0.08952836611390619	-0.00012064503230617913
17930	0.0005938628757678994	-0.19732174802400348	-0.00011718206073308354
12458	-0.002446354160339376	0.04780657104362971	-0.00011695180396414348
14081	0.0008164402953713671	-0.14321747824111689	-0.00011692852023751981
72774	-0.0031883137165194097	0.036253368973897526	-0.00011558711356951668
16491	0.0003733906437508535	-0.30852982812176566	-0.00011520215113872626
70727	-0.000290956727472078	0.39292743699612953	-0.00011432488120238496
268902	0.000776779826672035	-0.14661629204328563	-0.00011388857792067988
14067	-0.002142413775130938	0.05199748263494802	-0.00011140012306924438
233406	0.0016142175112017468	-0.06879344660131492	-0.00011104758615976485
69219	0.003359560860554562	-0.03199881965153062	-0.00010750198208522643
641376	-0.00239676526241127	0.044326338606821385	-0.00010623982858270907
76547	-0.0006754156420136565	0.1564071684316311	-0.00010563984808178822
12449	0.0026245478725624443	-0.03926876402800028	-0.00010306275108784478
13506	-0.00042314336084471545	0.24331911506700354	-0.00010295886810721392
67703	0.0012268250833582747	-0.08208304485139095	-0.00010070153834210871
75590	-0.002817528104810045	0.03569363908537607	-0.00010056783128599337
17756	-0.001554035820977178	0.06453945030863228	-0.00010029661764579115
72472	-0.0026769542774594183	0.03742903264547204	-0.00010019580904146459
238024	-0.0003832270511714303	0.2564446936971152	-9.827654375410613e-05
50779	-0.004198658919783645	0.023344856904212508	-9.801709167194466e-05
80914	-0.0002823358093053254	0.3421830741837839	-9.661053518026282e-05
228550	-0.0004706584556636998	0.19768248090537566	-9.304093117469293e-05
66011	-0.010062805088938337	0.00909173367682753	-9.148834391045212e-05
77593	-0.002348327821359511	0.037629828328215376	-8.836717277613043e-05
12805	0.0003790908710382799	-0.23235808487005138	-8.808482878617435e-05
19126	-0.0003496718914830296	0.24848947003219357	-8.688978299977273e-05
66990	-0.0005617124698063799	0.15135344253688326	-8.50171160210907e-05
237073	-0.0002278068740197252	0.37118930540293427	-8.455947533339556e-05
18984	-0.0004677289850941731	0.17891409770176134	-8.368330933708456e-05
269016	-0.00011716320648448888	0.7110135280263091	-8.330462479741137e-05
20907	-0.006448693768730498	0.012768342338326022	-8.233912967418082e-05
19246	0.0003004552012101995	-0.27056720986981353	-8.12933254823171e-05
11941	0.0006076751205491522	-0.1332991115449813	-8.10025536771914e-05
12297	-0.0005263881594772674	0.15336287971172013	-8.072840398358591e-05
108153	0.003999348579908353	-0.01935132763095318	-7.739270468019387e-05
20274	-0.00039856572645682225	0.1920614312233313	-7.654910385986404e-05
17193	0.0002880967066578605	-0.2598473057482955	-7.486115302000208e-05
217558	0.0031517562964326696	-0.023332115708288526	-7.353714259269396e-05
105239	-0.0002503838321787423	0.28523508526552604	-7.141825372061272e-05
15118	-0.0003515438265554665	0.19253553244782218	-6.76846778246016e-05
13008	-0.0009004463165433814	0.07401181343558705	-6.66436647887703e-05
54366	-0.007266311495577958	0.00875439697870023	-6.361217540318243e-05
14675	0.00015108728883515962	-0.41186875286371305	-6.22281332260968e-05
68567	0.0006420846529014775	-0.09624101094847262	-6.179487610973734e-05
233878	-0.0005525984113965936	0.10996389381278449	-6.076587303192842e-05
208715	-0.0013082190439530235	0.04582207590025272	-5.99453123261715e-05
73075	-0.0004274632700654101	0.13813368019280467	-5.904707464138585e-05
243983	-0.0019247351890772373	0.029774798554037973	-5.730860252464293e-05
13824	-0.0012323149632313256	0.046362399228493556	-5.713307830057708e-05
71720	0.0006184427728497002	-0.09235546013870732	-5.711656685599212e-05
67784	0.0022667960297604395	-0.024700644883661693	-5.599132375480684e-05
24057	5.074515671905569e-05	-1.0822224898811577	-5.491754985390601e-05
12850	0.0047198795459725	-0.011384660792071899	-5.373422761033523e-05
233246	-0.0005610828458386249	0.09335583260970792	-5.238035623628922e-05
107513	0.002045559560677801	-0.024503727562052657	-5.0123834186800956e-05
234214	0.00014537526126626619	-0.34123945319257176	-4.9607774662227934e-05
77411	-0.0004501266989311322	0.09998690224798676	-4.5006774245236075e-05
66513	-0.005872714605833362	0.0076538721626000505	-4.4949006840482695e-05
105827	-0.0022342172819376197	0.019545727914564326	-4.366940309477017e-05
63828	0.0024353484420055983	-0.01729862866514348	-4.212818836849055e-05
16513	-0.00024212387906222358	0.17370835190922937	-4.2058939989768426e-05
27801	4.5130705474174775e-05	-0.9162878093839415	-4.135271525488346e-05
16997	0.007685844360215609	-0.005362003563163858	-4.121152484539894e-05
380924	-0.00022912956777850394	0.17734784381922775	-4.063563480074927e-05
268451	-6.570922396106152e-05	0.6103500508166646	-4.01056281837575e-05
109674	-0.000378681340139651	0.105188620500694	-3.983296777864397e-05
23999	-0.0014442593021896058	0.026340914558637518	-3.8043110879493854e-05
13844	-0.0007243386929802186	0.05231818865635418	-3.789608839043609e-05
232078	-0.0024368784963787094	0.015147643121245058	-3.691296579298096e-05
28240	-0.0001318131481840418	0.2787727507828759	-3.674591390861617e-05
70261	-0.00018694857848741545	0.19316067495440764	-3.611111360239622e-05
270906	-0.00011453678482687733	0.302536489037481	-3.4651556747164895e-05
67178	-0.001250910631912713	0.027498461722999856	-3.43981181305453e-05
330286	-0.0015680286730329375	0.021003193548077448	-3.293360970864583e-05
76044	0.00015527228471393846	-0.19102584680121537	-2.9661019672239504e-05
26939	-0.002540378148078413	0.010704559539354341	-2.7193629138580092e-05
17885	-0.001318984792905066	0.020605230186419354	-2.7177985270195547e-05
380863	4.49965439895278e-05	-0.5392616936961803	-2.4264912522267442e-05
12494	-0.0015554217751928888	0.01558395300593618	-2.4239619849015807e-05
20423	4.279915117566326e-05	-0.545837602508581	-2.336138606712635e-05
12393	5.777825956809684e-05	-0.4016774344265006	-2.3208223068941552e-05
407823	0.00032699593917818727	-0.06691929780290955	-2.188233863420721e-05
74901	-0.000558342926702865	0.03917211643768556	-2.1871474136962762e-05
241770	-0.00011788915350245995	0.1828051524733212	-2.1550744680967958e-05
21828	5.3926414618514494e-05	-0.3925873911615968	-2.1170830429781203e-05
74013	-0.0005863168586459376	0.03607172266474279	-2.114945911873946e-05
330671	0.00015088820680248606	-0.1264355537828371	-1.9077633986371573e-05
54710	0.00018349127349540252	-0.09926832964832732	-1.8214872224933005e-05
319901	0.001092037821022753	-0.015641307180033648	-1.7080899010831486e-05
17380	-0.0007137359791419749	0.020406124444973694	-1.456458521122629e-05
72151	-0.0001169909862304025	0.12166191097461587	-1.423334695159574e-05
329324	-0.000330467603033562	0.03901226843899974	-1.2892290839938126e-05
28040	-0.000332829125330114	0.03426329507047721	-1.1403822529234535e-05
225742	-0.00015362277613975003	0.07401202887006852	-1.1369933342755253e-05
68760	-0.00017388529756955594	0.05947020530142916	-1.0340994345361592e-05
216760	-0.00020214754972277746	0.04918362122578035	-9.942348517284685e-06
20273	6.398431231755789e-05	-0.15262143809485973	-9.765377761416331e-06
23921	-6.370493650188129e-05	0.15096122850150978	-9.616975475934673e-06
71240	-0.0009014044302681834	0.010244549717922394	-9.234482501837914e-06
497097	-6.97963948485608e-05	0.1300188169372202	-9.074844684692966e-06
67196	0.0004203486396378265	-0.02002551848251971	-8.417699452169313e-06
105243	-0.0005353766346111023	0.015528012418713988	-8.313335030930499e-06
20745	0.0003134318532035798	-0.026159800272272882	-8.199314678774e-06
53619	0.012614892258853094	-0.0005690198970552673	-7.178124694495877e-06
22256	5.178410535622279e-05	-0.1291294699334677	-6.6868540756278935e-06
108000	-0.0002648209648709332	0.022215382966082386	-5.883099152055231e-06
170638	-0.00016063209863169094	0.035965676989232254	-5.7772421734898924e-06
16881	9.316604164897051e-05	-0.04679337846944498	-4.3595538473803505e-06
83674	2.4865615853220064e-05	-0.13779286064433538	-3.426304340098329e-06
66999	-0.0033702226195834106	0.0004116544300771796	-1.3873670716978282e-06
330355	-0.0005198025193304171	0.00017355362996296364	-9.021361409368746e-08
353242	-2.2901857725552194e-07	0.07896730314279121	-1.808497941546755e-08
50784	-0.0034021401255449764	0.0	-0.0
22381	0.001803168623991107	0.0	0.0
74694	0.0009589745296348013	0.0	0.0
170790	-0.004893769043576177	0.0	-0.0
235587	0.04410807356116416	0.0	0.0
72690	0.009569831614338314	0.0	0.0
17389	-0.002034992665144348	0.0	-0.0
98752	0.0025523877988346353	0.0	0.0
78560	-0.002967628934067483	0.0	-0.0
209837	-0.012446513531170902	0.0	-0.0
20277	-8.802779787777327e-05	0.0	-0.0
546611	-0.01014680791412167	0.0	-0.0
654812	-0.00536455197483453	0.0	-0.0
14276	0.0007967225477717974	0.0	0.0
212547	-0.007450619538041031	0.0	-0.0
242700	0.00039769311053579364	0.0	0.0
193838	0.005522446668715436	0.0	0.0
20618	0.004476220430526632	0.0	0.0
217306	-0.0017780685501065908	0.0	-0.0
17079	-0.00013101407522524762	0.0	-0.0
14632	-0.000752665368738606	0.0	-0.0
56811	-0.005628015873093352	0.0	-0.0
78100	0.002458924355944452	0.0	0.0
26878	-0.00908000915088219	0.0	-0.0
72097	0.0016563726458312512	0.0	0.0
20201	0.0034932011503744686	0.0	0.0
66771	-9.802583980063468e-05	0.0	-0.0
16768	0.0005693507314988849	0.0	0.0
224171	0.00787965110041052	0.0	0.0
12723	0.00018324728306969848	0.0	0.0
73407	-0.001246185037346598	0.0	-0.0
78749	0.008410698973188104	0.0	0.0
208768	0.0032384401264482013	0.0	0.0
12830	-0.010618673375556291	0.0	-0.0
216350	0.004173636770704651	0.0	0.0
16197	0.0015445969099378274	0.0	0.0
19220	0.004206665325732595	0.0	0.0
71099	0.0039193624714234454	0.0	0.0
72925	-0.00281023936566409	0.0	-0.0
107508	0.0002480690616455506	0.0	0.0
209032	-0.0005246124539789618	0.0	-0.0
66349	-0.0006189036492562962	0.0	-0.0
12483	0.012200907947333953	0.0	0.0
74666	0.0012504873824964922	0.0	0.0
236285	0.0005301002500192312	0.0	0.0
67937	-0.0024216086288770563	0.0	-0.0
11670	-0.013214447107526771	0.0	-0.0
23882	-0.0030773111512576606	0.0	-0.0
21940	-0.007341036303604917	0.0	-0.0
246728	0.0003855872928974514	0.0	0.0
109245	0.00515065226273672	0.0	0.0
64103	0.004338143437197539	0.0	0.0
19703	0.001788074475648422	0.0	0.0
244895	0.003671379804624284	0.0	0.0
212032	-0.012469010462888314	0.0	-0.0
22403	0.011462516867536604	0.0	0.0
75141	4.605682886033847e-05	0.0	0.0
22417	0.0030393788937929244	0.0	0.0
320696	0.0025394491662286823	0.0	0.0
76854	0.000547872655575252	0.0	0.0
53604	0.006624372779186822	0.0	0.0
18534	-0.007869736247416647	0.0	-0.0
66528	-0.0003997993480331003	0.0	-0.0
67168	-0.0024642344044495668	0.0	-0.0
56047	0.001605647077075818	0.0	0.0
11568	0.00597278978550976	0.0	0.0
56213	-0.003187399115165473	0.0	-0.0
21384	0.007328997307193974	0.0	0.0
58206	0.005058449605083472	0.0	0.0
268859	-0.00044328080911860783	0.0	-0.0
381101	-0.006083071094564058	0.0	-0.0
71839	0.002296666052963891	0.0	0.0
76566	-0.0007232893395930645	0.0	-0.0
216560	0.004928164177940228	0.0	0.0
14080	-0.00023080261395386377	0.0	-0.0
192216	0.010229070713615535	0.0	0.0
100502698	0.01730696406446664	0.0	0.0
56523	0.0028442280896821583	0.0	0.0
14160	0.0007606719216915984	0.0	0.0
78376	0.0021734515237224142	0.0	0.0
12630	0.004555259909687711	0.0	0.0
65964	0.005508921887245447	0.0	0.0
109050	7.407145924361123e-05	0.0	0.0
23936	-0.004844028221614539	0.0	-0.0
104601	-0.005334392917703035	0.0	-0.0
12346	-0.005972293213230511	0.0	-0.0
56720	-0.0034941703913912133	0.0	-0.0
382045	0.003128915009176919	0.0	0.0
245020	0.0008883933100928453	0.0	0.0
54486	-0.0001863647349927986	0.0	-0.0
102124	0.008474905465578709	0.0	0.0
18413	-0.0005066821483293225	0.0	-0.0
225845	-0.010949767403301381	0.0	-0.0
19736	-0.007113901332906184	0.0	-0.0
21426	-0.004482622417122624	0.0	-0.0
17228	-0.0033718179666494866	0.0	-0.0
77577	0.004616945734945621	0.0	0.0
20202	0.005174571936412435	0.0	0.0
67419	0.008840881596193288	0.0	0.0
12825	-0.034432995736063975	0.0	-0.0
12840	0.0003102316079342832	0.0	0.0
240185	-0.016651960019028657	0.0	-0.0
104816	0.0013999422553265786	0.0	0.0
16420	-0.001187511742764756	0.0	-0.0
20296	-0.00045622747074482395	0.0	-0.0
218877	0.00577587855615194	0.0	0.0
22376	-0.0010893992984020817	0.0	-0.0
19215	0.002071722221478778	0.0	0.0
94229	-0.0008893793550160598	0.0	-0.0
229791	-0.004962005940830101	0.0	-0.0
210573	0.002484901299594815	0.0	0.0
13497	-0.0016437865306014173	0.0	-0.0
12824	0.007057013130897925	0.0	0.0
109254	0.002636072005570343	0.0	0.0
103511	0.0064764792960298944	0.0	0.0
50500	-0.001669937679760252	0.0	-0.0
13516	-0.005614592783504333	0.0	-0.0
54167	-0.00030645765907096176	0.0	-0.0
16656	-0.0034701559320840813	0.0	-0.0
76156	-0.004574414650243258	0.0	-0.0
67573	-0.0006384531519178012	0.0	-0.0
55985	0.003996697060265275	0.0	0.0
93689	-0.012491057588569793	0.0	-0.0
52009	0.006600399754327326	0.0	0.0
19329	-0.0036068036682958306	0.0	-0.0
272465	0.0013128896888041019	0.0	0.0
107527	-0.004556730079571702	0.0	-0.0
16007	0.004863931105344555	0.0	0.0
27371	0.002610197418634423	0.0	0.0
14264	-0.0016636916555187588	0.0	-0.0
243780	-0.002413974689890965	0.0	-0.0
633640	0.0028721497537908514	0.0	0.0
14766	0.0049487416734817205	0.0	0.0
11554	-0.002894619649691591	0.0	-0.0
19881	0.0014948424394665958	0.0	0.0
106878	-0.0036591046063334655	0.0	-0.0
381798	-0.003927844995955474	0.0	-0.0
20389	-0.0008732044257588534	0.0	-0.0
170745	-0.0006731727787803239	0.0	-0.0
20391	0.0023670772325921053	0.0	0.0
319229	-0.0008092546690677141	0.0	-0.0
209558	0.002677142732928151	0.0	0.0
245269	-0.005025942062389599	0.0	-0.0
21935	-0.002933980162305557	0.0	-0.0
70928	0.0028476235249753684	0.0	0.0
26874	0.006828872779183043	0.0	0.0
29818	-0.0023690314329773577	0.0	-0.0
68352	0.0009982000373800193	0.0	0.0
20343	-0.006314444021553099	0.0	-0.0
22409	0.0038381090752157114	0.0	0.0
57890	0.005074683588446881	0.0	0.0
16176	-0.0014507993962377132	0.0	-0.0
243897	0.0037612493069798386	0.0	0.0
70717	0.010389260926548632	0.0	0.0
229599	0.0070302659641367764	0.0	0.0
27528	-0.020881448635963803	0.0	-0.0
17153	-0.004166422553111092	0.0	-0.0
17868	-0.0003824948392255266	0.0	-0.0
211739	-0.012817543866653675	0.0	-0.0
14580	0.008705907009214848	0.0	0.0
21823	0.005398916164278167	0.0	0.0
12351	-0.011280598636810388	0.0	-0.0
23966	0.000262192967488681	0.0	0.0
56508	-0.0051787809131544895	0.0	-0.0
13058	0.003053388462847711	0.0	0.0
27273	-0.010071068796640544	0.0	-0.0
73822	0.0006513959156210393	0.0	0.0
78412	0.0007369525054508317	0.0	0.0
93838	0.002531427000988115	0.0	0.0
16159	0.0008741771945066423	0.0	0.0
63993	-0.0010452781809050713	0.0	-0.0
223646	-0.001473135160059916	0.0	-0.0
69454	-0.0031588022373844216	0.0	-0.0
54598	-0.011784992647731399	0.0	-0.0
103968	0.0001381592473734725	0.0	0.0
20339	-0.0015373320494498478	0.0	-0.0
320204	-0.003983524624618491	0.0	-0.0
56221	-0.0027300477904092357	0.0	-0.0
546134	0.000288058394874735	0.0	0.0
12142	0.003467267706441328	0.0	0.0
232223	0.0019851864614795077	0.0	0.0
13011	0.02271135660171149	0.0	0.0
29877	0.008137944079622884	0.0	0.0
72016	0.00043905295085012276	0.0	0.0
11363	0.014663941009133319	0.0	0.0
18784	-0.0009342959503738794	0.0	-0.0
19225	-0.002145669257860921	0.0	-0.0
68393	0.0029577360073985734	0.0	0.0
22370	-0.00393161809118075	0.0	-0.0
22351	-0.0011440573160459385	0.0	-0.0
18400	0.005025142989501915	0.0	0.0
574402	-0.010363824539254728	0.0	-0.0
18951	-0.004128261613154713	0.0	-0.0
56700	-5.588172938799767e-05	0.0	-0.0
194309	0.0021343401349056294	0.0	0.0
93835	-0.004640084586523522	0.0	-0.0
56532	-0.0003456546405641812	0.0	-0.0
13609	-0.017532615759747686	0.0	-0.0
231162	0.0006514799137715879	0.0	0.0
14945	0.002759223301378826	0.0	0.0
14613	0.0008968215416116209	0.0	0.0
54195	-0.0015775761551681433	0.0	-0.0
68566	0.001438129119668176	0.0	0.0
72287	0.004420749148728363	0.0	0.0
12683	0.002843373516183694	0.0	0.0
225913	-0.005632875624605075	0.0	-0.0
13139	-0.006576036378425141	0.0	-0.0
17082	-0.002076784296729258	0.0	-0.0
74748	0.001452740938715815	0.0	0.0
11606	-0.0036536394298330404	0.0	-0.0
71820	0.0014365558660302793	0.0	0.0
233733	-0.0014539853717963713	0.0	-0.0
75750	0.004886719361070042	0.0	0.0
224008	0.011940161763406839	0.0	0.0
12062	0.006218243276743146	0.0	0.0
230775	0.0035934664137159907	0.0	0.0
241525	-0.001718847003135082	0.0	-0.0
234199	0.0020965150094842708	0.0	0.0
320747	0.0041197044255368255	0.0	0.0
15945	-0.002366988906438771	0.0	-0.0
71532	0.00916650895655431	0.0	0.0
20295	-0.0029187572739268895	0.0	-0.0
67580	0.0009954603507748652	0.0	0.0
72002	-0.012655324200001468	0.0	-0.0
73094	0.0012847665911951936	0.0	0.0
213417	0.00283096393890064	0.0	0.0
70415	-0.005937592581063101	0.0	-0.0
243277	0.005921612010916141	0.0	0.0
16323	0.0070877982287430264	0.0	0.0
17085	0.012719853910001706	0.0	0.0
16149	0.02235368123159861	0.0	0.0
12501	0.000941252414109239	0.0	0.0
22671	-0.0023154056810551125	0.0	-0.0
216867	-0.002183582655200881	0.0	-0.0
13175	-0.0032516932001666163	0.0	-0.0
244954	-0.006096022978008405	0.0	-0.0
237611	-0.007538656899673098	0.0	-0.0
118454	-0.001216466204110345	0.0	-0.0
20319	0.0029250972745650263	0.0	0.0
14560	-0.009594055638652236	0.0	-0.0
210530	0.003205898946544732	0.0	0.0
269019	-0.007272107188895841	0.0	-0.0
15450	0.0003038108093553925	0.0	0.0
66526	-0.0009768889974650556	0.0	-0.0
76217	-0.001233872917282987	0.0	-0.0
278180	0.013190952373170086	0.0	0.0
14128	-0.0012401438322674015	0.0	-0.0
68846	-0.0007298196014974011	0.0	-0.0
67295	-0.0020168565722623556	0.0	-0.0
68016	-0.0014565446118356543	0.0	-0.0
29817	0.0026482962479856932	0.0	0.0
11602	0.0003456204475102457	0.0	0.0
384569	-0.004099459461435089	0.0	-0.0
241230	0.0016679575035964316	0.0	0.0
54420	-0.00013571416579372103	0.0	-0.0
109019	0.0020314768566399802	0.0	0.0
16526	0.00019220614358831018	0.0	0.0
22637	0.00036762861980119854	0.0	0.0
107766	-0.0005725902207392665	0.0	-0.0
73825	-0.002726498167110394	0.0	-0.0
16493	0.005943109033587477	0.0	0.0
75593	-0.002194928000806681	0.0	-0.0
69693	0.0053623904392227145	0.0	0.0
16431	-0.00537377736126963	0.0	-0.0
15284	0.017352487931776548	0.0	0.0
93888	0.01027240300246309	0.0	0.0
23969	-0.0005653249674946409	0.0	-0.0
12525	0.006504697214896615	0.0	0.0
18933	0.003993573671547535	0.0	0.0
17260	0.008956207153329393	0.0	0.0
108927	-0.0007700731869396608	0.0	-0.0
237353	-0.004620977534842529	0.0	-0.0
12481	0.004969443088838744	0.0	0.0
23959	-0.007207070370032202	0.0	-0.0
20500	-0.00490635730280101	0.0	-0.0
17897	-0.002657098725737661	0.0	-0.0
226999	-0.005450265248321512	0.0	-0.0
13074	0.004410308973788433	0.0	0.0
59083	0.004651831173935489	0.0	0.0
12350	-0.0014183116782503853	0.0	-0.0
74770	0.004442699360960437	0.0	0.0
68099	-0.002848711924517107	0.0	-0.0
14623	0.0006618851137078349	0.0	0.0
192976	-0.000740907753175796	0.0	-0.0
22780	0.0012759102174221242	0.0	0.0
70061	0.0028039022155655026	0.0	0.0
16426	0.002661627602922847	0.0	0.0
11307	-0.005890773566445281	0.0	-0.0
21816	0.0004892529269154583	0.0	0.0
104943	0.0030005648441270147	0.0	0.0
110893	0.003621730475803332	0.0	0.0
21960	-0.00012698871233322056	0.0	-0.0
17381	0.000303569425977304	0.0	0.0
232035	0.0058419629567002355	0.0	0.0
21389	0.002705397082412303	0.0	0.0
70405	0.005927006636457652	0.0	0.0
14761	-0.0030125815196076614	0.0	-0.0
20969	0.00021792217054857332	0.0	0.0
56362	-0.0012410907891444187	0.0	-0.0
20897	0.003239908534631885	0.0	0.0
327957	0.0010382147761095497	0.0	0.0
17313	-0.0028054800981771625	0.0	-0.0
75641	-0.0040863274526894726	0.0	-0.0
74393	-0.0051660066126887	0.0	-0.0
67758	0.001835001525977427	0.0	0.0
114679	0.0006664101413451388	0.0	0.0
22771	0.0008944978239577005	0.0	0.0
15572	-0.0015828267368123046	0.0	-0.0
13602	0.014436315836207615	0.0	0.0
17387	0.001095973192061985	0.0	0.0
14205	0.0038928793732465497	0.0	0.0
67272	-0.005175421020445094	0.0	-0.0
23893	0.004360934723449086	0.0	0.0
67564	-0.001281192358695355	0.0	-0.0
629499	-0.006893694698093963	0.0	-0.0
399548	0.0034021700373909067	0.0	0.0
17064	-0.002834296592782568	0.0	-0.0
56534	0.007299936050646556	0.0	0.0
71876	-0.0011390438770681785	0.0	-0.0
67426	0.0004989569757984555	0.0	0.0
30794	-0.004185922076649059	0.0	-0.0
329941	-0.0045183161788474	0.0	-0.0
17189	-0.003523485933538705	0.0	-0.0
72301	0.0013010889685819568	0.0	0.0
12654	0.0027004214488884687	0.0	0.0
237010	0.0035568900338991904	0.0	0.0
18596	0.0064082311601653215	0.0	0.0
56471	-0.007972606224531574	0.0	-0.0
104458	0.004217669860586605	0.0	0.0
114886	0.032112746383916174	0.0	0.0
14938	-0.0132543505607484	0.0	-0.0
100048534	-0.006529000836466177	0.0	-0.0
103551	4.327533090292805e-06	0.0	0.0
12823	-0.0008973013166765729	0.0	-0.0
272031	-0.00023584412591409854	0.0	-0.0
329502	0.010035999103213986	0.0	0.0
272428	0.004843806592856346	0.0	0.0
56631	-0.0009667859892389985	0.0	-0.0
210808	0.0003869830015980545	0.0	0.0
72050	-0.002333696625123389	0.0	-0.0
56279	-0.0029393002027875634	0.0	-0.0
240058	-0.0020606292237137394	0.0	-0.0
101502	0.0069236226098607825	0.0	0.0
22062	6.567534754703616e-05	0.0	0.0
19275	-0.003461395865681455	0.0	-0.0
18667	0.0003195741193770743	0.0	0.0
78134	-0.007038567169713895	0.0	-0.0
19039	-0.0043739911456854574	0.0	-0.0
18602	-0.0011574592623503142	0.0	-0.0
67238	0.003621144026490216	0.0	0.0
64945	0.00528552103361825	0.0	0.0
228730	0.0051554452599604445	0.0	0.0
12477	0.0039026845308445775	0.0	0.0
217935	-0.008754681266376654	0.0	-0.0
83921	0.003236751216124111	0.0	0.0
12643	-0.005867854784649521	0.0	-0.0
14840	-0.00661846845937971	0.0	-0.0
22412	8.252951919150984e-06	0.0	0.0
80901	0.0005664520643509457	0.0	0.0
232146	0.00010396256463040846	0.0	0.0
30806	-0.0007852460784285508	0.0	-0.0
237175	0.0024627210036267896	0.0	0.0
72003	0.00552426148050205	0.0	0.0
14373	0.0041785822601565215	0.0	0.0
74895	0.005557780884729887	0.0	0.0
223917	-0.0010737301347815635	0.0	-0.0
50874	0.0017413999888668385	0.0	0.0
15430	0.002435065481632268	0.0	0.0
268747	0.0037471045716356175	0.0	0.0
75568	-0.005739730847164667	0.0	-0.0
231238	-0.007204560281164693	0.0	-0.0
319660	0.012137202539337338	0.0	0.0
20750	0.003349843303526912	0.0	0.0
18187	0.012661203245592813	0.0	0.0
241452	-0.0018107039539332743	0.0	-0.0
232333	-0.0011265855526666107	0.0	-0.0
216292	0.001608434149670186	0.0	0.0
23836	-0.00022251589566980864	0.0	-0.0
15932	-0.004033454750254496	0.0	-0.0
94332	-0.0029133977023192616	0.0	-0.0
216739	0.0015826697576074818	0.0	0.0
12373	0.0025110662445923275	0.0	0.0
58998	-0.016133687170488784	0.0	-0.0
59308	9.873402897350302e-05	0.0	0.0
12323	0.00286115272860838	0.0	0.0
320662	-0.0009049474603932399	0.0	-0.0
208890	-0.000328305283774581	0.0	-0.0
208228	0.0007341034111717261	0.0	0.0
408022	0.0040696011679663795	0.0	0.0
170483	0.004509993064787887	0.0	0.0
27762	-0.005186681476149082	0.0	-0.0
13386	0.0020716323048637947	0.0	0.0
65115	-0.009370815297574046	0.0	-0.0
83771	-0.0024000069164409983	0.0	-0.0
210719	0.002177797860948464	0.0	0.0
106347	-0.0002216920981459808	0.0	-0.0
101565	0.0006445549746747451	0.0	0.0
67993	0.002673807190432078	0.0	0.0
19288	-0.004210055333278996	0.0	-0.0
56264	-0.006390614366483492	0.0	-0.0
74580	0.001064274026113898	0.0	0.0
11689	-0.019597028829068216	0.0	-0.0
27219	0.0009555188958457155	0.0	0.0
171180	-0.007656372631371849	0.0	-0.0
23845	0.0008467942228010995	0.0	0.0
54381	0.009687410091020142	0.0	0.0
69487	-0.0037302144684479253	0.0	-0.0
229003	-0.008570792005017234	0.0	-0.0
12519	-0.003447993139658148	0.0	-0.0
11829	-0.001982431151235909	0.0	-0.0
212974	-0.008380921098892137	0.0	-0.0
12482	0.0014619519121043141	0.0	0.0
75769	-0.005512305283825186	0.0	-0.0
21786	-0.0004111983145191585	0.0	-0.0
16956	0.010040756273216538	0.0	0.0
105193	-0.014540898711711733	0.0	-0.0
68680	0.0035051679136171	0.0	0.0
19011	-0.009512361730412169	0.0	-0.0
73327	-0.0003190136388396477	0.0	-0.0
319582	-0.002255301771097552	0.0	-0.0
72486	0.005655079337133768	0.0	0.0
57265	0.0037810615238172314	0.0	0.0
237831	0.0014193762293791205	0.0	0.0
110902	-0.00010290274959922771	0.0	-0.0
215798	-0.002929960720808131	0.0	-0.0
11688	0.0025435968314431127	0.0	0.0
72310	0.00033501758815132913	0.0	0.0
53601	0.008698332507505973	0.0	0.0
230163	-0.004350526857686227	0.0	-0.0
320129	-4.490783114365123e-05	0.0	-0.0
13041	0.004391274147177301	0.0	0.0
269423	0.0021107358348142094	0.0	0.0
80909	-0.0020329677401231985	0.0	-0.0
67669	-0.013265841932150928	0.0	-0.0
83433	0.0066823913177917575	0.0	0.0
16371	0.0008213407794916335	0.0	0.0
170725	-0.0023974666644120176	0.0	-0.0
16527	-0.002600641123539477	0.0	-0.0
666048	0.0014527465935809114	0.0	0.0
225825	0.0005078507302929139	0.0	0.0
14125	2.384261224093583e-05	0.0	0.0
14261	-0.00025972414327341117	0.0	-0.0
102871	0.00941364983861329	0.0	0.0
14400	0.00138345052790648	0.0	0.0
71690	0.0010935050848377105	0.0	0.0
68067	0.003205717491067533	0.0	0.0
54672	-0.0031154133369270627	0.0	-0.0
56526	-0.002292198625744257	0.0	-0.0
21942	-0.0016423505990859314	0.0	-0.0
170952	0.0010045141402356872	0.0	0.0
12986	0.009584227997609279	0.0	0.0
73747	-0.001649400738747865	0.0	-0.0
72415	0.0023801668778237243	0.0	0.0
12038	-0.005116708581738962	0.0	-0.0
21922	-0.0003598334847815238	0.0	-0.0
18548	0.0013747373407898354	0.0	0.0
218440	-0.0027615996858228395	0.0	-0.0
66901	0.00011670188979517407	0.0	0.0
56358	0.0013219660736170987	0.0	0.0
20776	0.0007760833339599912	0.0	0.0
330908	-0.0035142315805061527	0.0	-0.0
227094	0.007446533360481544	0.0	0.0
235534	0.003045439242340661	0.0	0.0
622434	-0.0021273874739582404	0.0	-0.0
380785	0.0021559500868169883	0.0	0.0
320139	-0.002916733494845497	0.0	-0.0
56461	0.0001105018919704937	0.0	0.0
245555	0.004422512133644113	0.0	0.0
70223	0.002402457211215207	0.0	0.0
15213	0.0015118743554934197	0.0007979334371531754	1.2063751010226062e-06
13681	-0.005503844736524996	-0.00022708081918465517	1.2498175714352487e-06
18768	0.0011614129721794605	0.0010931548717741935	1.269604248679723e-06
66109	-9.345081880167161e-06	-0.18625021619615506	1.740523520551905e-06
19258	-3.779176427833585e-05	-0.06223938440605714	2.3521361443024434e-06
235040	6.9776977239675035e-06	0.3961239048914759	2.7640328695703715e-06
12795	-0.00162140169915176	-0.002020621975120984	3.2762399038045492e-06
19416	4.5769080156552235e-05	0.0769745475241638	3.5230542356477925e-06
107305	-6.078337305999052e-05	-0.06230243111498501	3.7869519130064953e-06
228357	0.0006878582186599283	0.006718298765341579	4.621237021153055e-06
240913	0.002604517256884626	0.0023152216469236597	6.0300347329255165e-06
242607	1.5894647840067298e-05	0.4281096753989104	6.8046525273912035e-06
239319	0.00023183467551410076	0.02935196241403326	6.804802681959483e-06
110033	-0.0015497550106404402	-0.004583190409617521	7.102822302023966e-06
327954	2.0730289055060652e-05	0.36908681200532334	7.651276299281182e-06
55988	-0.0001089139590137454	-0.07197631723470244	7.839225665260718e-06
171463	-0.0001066027182789507	-0.07448005935558283	7.939776784882722e-06
22640	-0.0010380003794355865	-0.007933783820670004	8.235270616215382e-06
67480	0.003008199527017823	0.003425610829743686	1.0304920877782088e-05
22113	5.9692896899078854e-05	0.18106775740658732	1.0808458974618838e-05
239364	-0.00028546098392974635	-0.03808322248149332	1.087127416078252e-05
30059	-0.0035929002790336655	-0.0031517495156175857	1.1323921714106643e-05
223881	-1.2150884122309901e-05	-0.9329230489992388	1.1335839863421794e-05
58802	-0.00041203335942944624	-0.034086939726866605	1.4044956288329898e-05
114713	-0.00037376066347462436	-0.03976675174242694	1.4863247515480168e-05
20650	4.0106014341979744e-05	0.37450124958318376	1.5019752486872504e-05
140792	-0.0006305023745388645	-0.024189909356391055	1.5251795289084454e-05
102774	0.005123868412230477	0.0036967023172565505	1.8941416232810046e-05
69066	4.92412002215819e-05	0.3932138271816953	1.936232079414836e-05
219114	-0.0007292270736885874	-0.02740554355996727	1.9984864333080044e-05
76960	-0.00010423569943868483	-0.19761828584620222	2.059888024705284e-05
73379	-0.004527226138534574	-0.004709883494716238	2.132270766673192e-05
231147	0.004261211994162894	0.0052595080501159075	2.24118787865502e-05
319520	0.0005273626898562722	0.04315104462465191	2.275625096336447e-05
243362	-0.0001586450969310351	-0.14371890200740872	2.280029913978729e-05
66930	-0.00025177986320595386	-0.09056634030734946	2.2802780773648313e-05
320563	0.001138958532695391	0.020406103545828946	2.3241705752587552e-05
238799	0.00016787786798700118	0.13850249472720325	2.3251503525683752e-05
56745	-6.775146498161375e-05	-0.3473437899210856	2.3533050619419436e-05
106389	2.9315275962699005e-05	0.8329366687937089	2.4417768305138796e-05
97440	0.0005329203965258004	0.046812519180456334	2.4947346284020423e-05
15896	-0.0008528886979406658	-0.03129955504449722	2.6695036748023428e-05
218820	0.00020940426013648896	0.13170331504272326	2.757923524404438e-05
67582	-0.0024671825337252823	-0.011380532019689776	2.8077849823479927e-05
246707	-0.0006936055506402405	-0.04234827211622963	2.9372996599840192e-05
171282	0.0005508338698102692	0.056683572495919876	3.122323159259849e-05
22224	0.0006919671496428722	0.045122580285980374	3.12233432650215e-05
107351	6.629878310186463e-05	0.4825231958200494	3.1990700701292e-05
330409	-0.0013515279801102889	-0.025034575817369974	3.3834929687367924e-05
64424	-0.00011631634060772519	-0.2969293300886467	3.453773309501469e-05
104885	-0.00020944393941065974	-0.16996630799311335	3.5598413113163165e-05
23948	-0.00026621061635766555	-0.1403797267366389	3.7370573578681306e-05
230582	-0.0003030550831182288	-0.13198950653000674	4.00000908721852e-05
19263	-0.00028880938442988745	-0.14340248919829945	4.141598463107445e-05
54126	-0.0006721716767594257	-0.061909548338577036	4.161384491416004e-05
14183	0.0006808373663003875	0.061871156207489356	4.212419504226692e-05
19342	-0.00332626942840431	-0.013333960094338848	4.4352343821362363e-05
14184	0.0038457720679741856	0.012137510636465842	4.667809938045992e-05
14432	-0.00043305252859789014	-0.10822564809996518	4.686739056883537e-05
70551	0.0005284756590021292	0.09292178224612146	4.910690010817139e-05
14732	0.00045422390857505283	0.11336504331817371	5.149311307176104e-05
77782	-0.00030351512279033397	-0.17269812041696436	5.241649122401482e-05
71994	-0.0002141420158166429	-0.24652567409508586	5.279150480127843e-05
19268	-0.005105572607870868	-0.01047957664124391	5.35042394416183e-05
67163	0.001998775152985271	0.028142958554806752	5.625144629084201e-05
57738	0.00020400854249046977	0.276802061797634	5.6469985185692253e-05
75564	-0.00015573781035621115	-0.365205418355279	5.687629218487519e-05
12190	0.0027018860080149244	0.02108684594187149	5.6974254003508866e-05
18779	0.0010391249890563886	0.05901429907892762	6.13232328845611e-05
110962	0.002572725647133361	0.024551975005103144	6.316549578340609e-05
104871	-0.00027327836251529974	-0.23381683762324748	6.38970825141868e-05
56419	-0.0011723002985214144	-0.056510559800710236	6.624734612398485e-05
68479	0.0006091328275190451	0.10895716346198348	6.636938505805279e-05
18974	0.0005076557074740186	0.13569521151490782	6.888644860243712e-05
56224	-0.0007488913522230551	-0.09333909969842069	6.990084458843282e-05
215456	-0.0009213885566244037	-0.07715132650492762	7.108634937003335e-05
320051	0.0004233069196647208	0.17243342391083288	7.299226152293568e-05
56078	0.0042749664000178945	0.01717517231847626	7.342328457600346e-05
70310	0.0003437419230341576	0.21708166067019372	7.462006749422085e-05
20509	-0.0006291634706259053	-0.11863958872250296	7.464369539427998e-05
13370	-0.001761708680642833	-0.04257914666839771	7.501205230008061e-05
18453	0.0010856504738018845	0.07033841287706816	7.636293126646162e-05
20516	0.00045040893056799534	0.16964828102171525	7.641110082768951e-05
225997	-0.0016202238168732215	-0.047728411040648844	7.733070830957407e-05
27226	0.004908559017321746	0.015836665144707718	7.773520550036007e-05
244864	-0.0001741653508069972	-0.4463421225885418	7.773733236057312e-05
14221	0.0012545978228629031	0.06201036755718936	7.779807213217818e-05
16601	-0.019932754592436968	-0.003920743768316193	7.815122335367322e-05
68845	-0.003133420189340602	-0.025301181899896608	7.927923417931503e-05
227632	-0.0010111670827596042	-0.08110209433176782	8.20077681311479e-05
75669	-0.0003752868897341049	-0.22197185142755682	8.330312573076864e-05
546336	0.0002896886269916129	0.29450834669487824	8.53157185916092e-05
67216	-0.000963187128238366	-0.08916184150218798	8.58795380649368e-05
230103	9.861151436467483e-05	0.8879416432747351	8.756127011077951e-05
211798	0.00010062232310222396	0.8952092804355549	9.007803746009583e-05
245026	-0.0003444765265654154	-0.2637007870562482	9.083873117770263e-05
11600	0.0005205492579753231	0.1777264853585233	9.251539007594144e-05
20682	0.0030961289015451828	0.031566219109453786	9.773308329728771e-05
12390	0.0016448283503712273	0.05962552397645288	9.807375224220904e-05
80976	0.0007720514924393079	0.12795694737607097	9.878935218967358e-05
71310	0.005151506379638826	0.019437769701262403	0.00010013379462200354
51801	0.00047949732522968276	0.21021506088400532	0.00010079755941687546
20377	0.006029207237918537	0.017556685504214964	0.00010585289531587232
18510	-0.0010282449606611429	-0.10624300032805256	0.0001092438296928402
12550	0.0018985996381031985	0.0580157398328881	0.00011014866265101067
103710	0.00026103652977944175	0.4253144651555374	0.00011102261204920077
57746	0.0009688329029287943	0.11657090562230515	0.00011293772889109641
52463	-0.002589575408566634	-0.044118208498798106	0.00011424742779850305
20656	-0.0017909472494701708	-0.0678125514640062	0.0001214487025240163
11684	0.000431072131576171	0.28535745990063766	0.0001230096485005296
22324	0.00010111271105277085	1.219980240617613	0.00012335550955965856
239273	-0.0015090343807004603	-0.08304490627111294	0.0001253176187051567
230784	0.004596684349310277	0.027296982093515276	0.00012547561037266455
70951	-0.0018968545611443056	-0.06621979572455797	0.00012560932155817196
18230	-0.00340222614235221	-0.0369420368801881	0.00012568516362551543
12311	0.0003180782824586813	0.3997564357682148	0.0001271538404909579
72930	-0.0002835026248241039	-0.46392286394665605	0.00013152334964479262
67369	0.00682981316129453	0.019434448709604646	0.00013273365357936132
30954	0.00609558579952192	0.02191273819722428	0.00013357097578364186
194388	-0.004382676291959356	-0.030560012351575905	0.00013393464161523682
208518	-0.000803758173781378	-0.1675930702304863	0.0001347043000668699
68764	-0.0006652796653737186	-0.20400049820877894	0.00013571738318440835
214106	-0.0010751992112403052	-0.12947318158586563	0.00013920946271789552
378431	-0.0006121674863635715	-0.22834378981744385	0.0001397846438392763
11803	0.00014779449475575844	0.9691603413794762	0.00014323656299149805
77116	-0.0004650021172061698	-0.3081244739703338	0.00014327853275924258
74470	0.003271565711985909	0.04420694956589433	0.00014462594043127024
16591	-0.002180454950017878	-0.06740082928207053	0.0001469644718434006
72584	-0.0008955477859143697	-0.16483618545854423	0.0001476186809259697
14802	-0.0025935521761749278	-0.05740342298050727	0.00014887877259098448
244653	-0.004035093236948224	-0.037093690806273366	0.00014967650090584218
27999	0.0008504388008744662	0.1784362484818734	0.0001517491091914627
240087	0.002159448850730363	0.07033928666919098	0.000151894091758978
19099	-0.002022774497182333	-0.07513529680337058	0.00015198176221208328
18190	0.0001296311839348256	1.1732074890924655	0.0001520842758122603
26377	-0.002634215085128339	-0.05829171381553255	0.00015355291187085985
241494	0.0009785828085575924	0.15833642508255696	0.00015494530355425742
54634	0.002708818650453333	0.05760064111249624	0.00015602969092359884
66902	0.0007713457068540194	0.2024196700302221	0.00015613554346061904
234593	-0.00020634756366446345	-0.7639468507129147	0.00015763857141374953
12845	0.002151726454856176	0.07398242672182476	0.00015918994477180878
329278	-0.005197690275661182	-0.03150144965331747	0.00016373477853227854
12827	-0.0010218474747388572	-0.16183608883360634	0.000165371798696234
57443	-0.0008244282836233398	-0.20263030577523375	0.00016705415520034848
279561	0.0015560855046492762	0.10823292506143944	0.0001684196858138973
74761	-0.004223642435902725	-0.04048361620027108	0.00017098831934226396
110197	0.0013422596973942209	0.12767703861109347	0.0001713757432103166
50528	0.00044817691604587945	0.3907026652287171	0.0001751039155931121
226861	-0.0003381309418485704	-0.5343656705384037	0.0001806855674706933
329650	-0.0018999328544522533	-0.09601978547120948	0.00018243114509420804
228778	-0.002647640678089094	-0.07067288585158649	0.0001871164074186076
19769	-0.004482029329828428	-0.04209657744658157	0.00018867809480097253
71279	0.0010822080844695792	0.17465631261803233	0.00018901447351888075
21789	-0.0003975505843150028	-0.4786867106315569	0.0001903021815154021
627049	0.002556986146210175	0.07528935886280566	0.00019251384756924033
347722	-0.0008658909857863534	-0.223838197089005	0.00019381947713403857
54609	0.006561171277594542	0.029561657996893104	0.00019395910136728805
353502	-0.004212630250851944	-0.046387833175008164	0.00019541478930451276
65970	0.002102232420725937	0.09370454166732622	0.00019698872546231765
320100	0.0008554580175275733	0.23284420831169317	0.00019918844483509833
106869	-0.0007589313507146917	-0.26575296448549013	0.0002016882562934065
16511	0.00043121242020896207	0.47125005150896426	0.00020320887523477853
56533	0.0006751355142739268	0.30354639386334803	0.00020493495072692743
74202	0.0014017423376302732	0.14674659651367708	0.00020570091723636822
110446	0.013507354899313987	0.015560454540249014	0.0002101805818697851
17345	-0.0011538563094566025	-0.18703810795783726	0.0002158151009759757
52585	0.0007653805797685128	0.28722363751965896	0.00021983539420801775
242297	0.0015144357903715364	0.14727954305790658	0.00022304541119645948
68799	0.012578652828936701	0.01773625315118349	0.00022309817087487168
66421	-0.005019247577436642	-0.044464445201454206	0.00022317805885946335
236930	-0.0013599569968207569	-0.16615049955857758	0.00022595753439995166
12140	-0.0004053903538182923	-0.5577462429749875	0.00022610494678045344
77794	0.0014194859653779421	0.15957336328725388	0.00022651214963441264
68777	0.0010889048134901833	0.20976759401218328	0.00022841694283412095
68728	-0.003971698059617672	-0.057611846016743073	0.00022881685703569056
227197	0.0017729504880728282	0.13005413808713834	0.00023057954759748292
14268	-0.00041503881854378224	-0.5607784492780264	0.00023274482505316642
72008	-0.002089547764498024	-0.1117313424754145	0.00023346797689386548
245595	-0.0016358922894475307	-0.14303124774545717	0.0002339837153368529
223272	-0.0004964690585670038	-0.47784125348377826	0.00023723339726156842
13836	0.00017449025388138666	1.364030411326246	0.00023801001277424895
17130	0.008221650407205875	0.029547203297176416	0.00024292677602002526
217203	0.0013544303124446474	0.18019696077155384	0.00024406422587939153
68642	-0.0017516443746837505	-0.14128219342426984	0.00024747615935460384
66083	-0.0036536128536047954	-0.06874530626759129	0.00025116873460426985
18712	-0.00122391773207449	-0.2059857722261127	0.0002521096391825963
27660	-0.0029625392178021397	-0.08548503920929496	0.0002532527811928899
16826	-0.004343033335636207	-0.059317934731105915	0.0002576197679382857
214580	0.0018471252981068326	0.1398368963190983	0.00025829626879974866
67795	0.0018137066172813855	0.14619549972076495	0.0002651557452603103
243574	-0.0003967791485516086	-0.6774426260155828	0.0002687951083430288
226098	-0.000896872698134958	-0.3055969548916708	0.00027408156547551984
67103	-0.0003106848889180113	-0.8858790238275178	0.00027522922611264867
23967	-0.004513473214579819	-0.0613278635353276	0.0002768016693741075
110351	0.0018741135849771214	0.14871665552528546	0.00027871190443230033
330890	0.0008913667680086283	0.31430370594594703	0.0002801598785421731
13082	0.004210260639480122	0.067410168591791	0.0002838143795227368
71819	-0.0008387531929798341	-0.33977811520540513	0.00028498997903320344
380713	0.0008003747912227198	0.35847623472022755	0.00028691534152250884
230904	0.0025308871814791953	0.11342387131739881	0.0002870630219909504
53324	-0.002058946776419306	-0.14032461112697936	0.0002889209057321868
53328	-0.0006008226618397634	-0.4858136775253608	0.00029188786688895174
320633	-0.0022282258744347905	-0.1312752539379513	0.00029251091749754073
13363	-0.0010614838431869582	-0.277602470344705	0.000294670537099691
20964	-0.0008413932816784368	-0.3629732011393777	0.0003054032128679883
216795	-0.0007303846592747295	-0.4256286280944329	0.0003108726205083229
240638	-0.005102302074965508	-0.06106123855089851	0.0003115528841582134
28146	0.0028669882325522886	0.10957449595431709	0.00031414879048887546
71766	0.0032846753820177754	0.09719933551861651	0.0003192682645264856
54650	0.0011701297872947626	0.27395071757326606	0.0003205578948832534
11839	-0.0016220013208219032	-0.19895668146418355	0.0003227080001212484
286942	-0.00033820946775252537	-0.9609698662979644	0.00032500910700685
21928	0.0003745342925000727	0.872638290120487	0.00032683296459874977
20317	-0.0044401180139191435	-0.07378074208662701	0.00032759520201915485
77579	-0.008051027274750011	-0.04073220388646076	0.000327936084450574
13654	-0.0016931565086790933	-0.19385526504832118	0.00032822730375827575
229658	-0.007117063389499004	-0.04733921138778885	0.00033691616825578635
19183	-0.0011755361362660265	-0.2881897620372008	0.00033877747937663665
67819	0.0045440495701114525	0.07464195495282122	0.0003391767433156457
217410	-0.0006656211469932256	-0.5145185720179702	0.00034247444205591786
19153	-0.005722432675358226	-0.06050738923616783	0.00034624946126566545
16373	0.005390761170025202	0.06502869605013584	0.0003505541696044435
16510	-0.00033841278750029307	-1.0494213679221014	0.00035513761038088895
15212	0.005561721783320287	0.06396678073261075	0.00035576543780943364
192232	-0.0014637902824931497	-0.24358826080891716	0.0003565621291014999
56513	-0.0021081749750987804	-0.1731497783649245	0.0003650300296928341
22116	-0.004328328342220698	-0.08508719747955484	0.0003682853284108868
70008	-0.0015262548076944483	-0.24168316646740617	0.00036887009475969633
237211	-0.0027016591007328564	-0.13668742460412353	0.0003692828246374665
17984	-0.0008412085075686562	-0.4420114462781273	0.00037182378905188673
665563	0.006575123036223829	0.05692666401890906	0.00037429981996610313
55987	-0.0014006851450045156	-0.26834317973376165	0.0003758643056163567
23850	-0.005202743909007401	-0.07225767385356734	0.0003759381725206908
100434	0.0014878054089542295	0.25285893347560195	0.00037620488892739826
11720	-0.0017878327102936473	-0.21092454172067365	0.00037709779509191745
225266	-0.006614949823873375	-0.05740342298050738	0.00037972076273463614
17127	-0.0019037317571818306	-0.20448840534162316	0.0003892910712243187
12568	-0.011020941496379624	-0.035475270425211924	0.00039097087992450693
67059	0.0015030128061036061	0.2604864570709632	0.0003915144807942149
231004	-0.004899990325584719	-0.08035776111579618	0.00039375225205304915
18985	0.0066771074960605	0.06038079355076925	0.00040316904923592284
319953	-0.003172984227723746	-0.13089287016927487	0.0004153210125686011
239554	0.0036387256031312006	0.11513243094107894	0.0004189353242160388
271711	-0.003294462097638365	-0.1279495898071581	0.00042152507402805844
140580	-0.0005294406619213612	-0.8046961053747547	0.0004260388386751515
76261	-0.0033673938337737755	-0.12679324193418684	0.00042696278105336724
15111	0.0007787408212777814	0.5495985634513314	0.0004279948366751787
12876	0.0012902334804400738	0.3336537711449092	0.00043049126640625206
14369	0.0018160946365038707	0.23980846232741349	0.0004355148622210562
57814	0.008061677819708447	0.05431562867253614	0.0004378750989329048
71699	-0.0033153804829627034	-0.13273520377499592	0.00044006770399769883
18584	0.0015519245091677445	0.2845285713607402	0.0004415668634532163
73836	0.001658560050873818	0.2685935243554135	0.0004454784894192927
73884	-0.007131094937920997	-0.0640007488754607	0.00045639541632895076
17196	-0.0026565579997708698	-0.17257446004075616	0.0004584540623774091
100978	0.0028385827990852945	0.16273620890214469	0.0004619402033779791
319974	-0.020025048636872014	-0.023241727778437138	0.00046541672916814304
27056	-0.004166952939496267	-0.11246745045503181	0.0004686465732712456
18816	0.0051205813817675715	0.09214850969270105	0.0004718539430900736
12810	-0.0010220540775802939	-0.4640880731957302	0.0004743231075660779
26415	0.0004964043637653366	0.9583193641464373	0.00047571391424311416
16570	-0.005132612975383385	-0.09293603312375005	0.0004770046894916196
235041	0.002115473223845176	0.22677134650112774	0.00047972871145845217
244058	-0.0014307322266055994	-0.33602043931384395	0.00048075527132448764
18142	-0.009420034283324694	-0.051509772453315006	0.0004852238224364813
68440	0.002208773712343852	0.2207844680354321	0.00048766292909048394
269774	0.006054626056312603	0.08066464686795677	0.0004883942727499859
52276	-0.0020016107223409744	-0.24593212734638153	0.0004922603830646433
66824	-0.0010493031651035727	-0.4721737636077017	0.0004954534246324275
21847	-0.001027418579120481	-0.4875679327934437	0.00050093635273535
52589	-0.000707146859712893	-0.7088381121737086	0.0005012526450684534
19395	0.002602804896776643	0.19403572493993193	0.0005050371350232606
381157	0.012184761415551462	0.04180294484367009	0.0005093589093875772
23794	0.0012297393731091962	0.4147200405504309	0.0005099975626823073
11352	-0.0048148434425327406	-0.1059305754566268	0.0005100391366010592
78797	-0.012601554221279083	-0.04121073412032977	0.0005193193005160516
20540	-0.006229449114538028	-0.08484841120046938	0.0005285588600227225
106572	0.0007015554977154152	0.7574237576569962	0.000531374801284534
30955	0.0014238022533828178	0.37352814677028856	0.0005318302170734448
22359	-0.0012225924242933942	-0.4383965841882444	0.0005359803426646489
17350	0.0032431445070781415	0.16638437042424614	0.0005396085570050487
75597	0.0018219025099965264	0.296616308329776	0.0005404059966519224
216850	-0.0019442713023656497	-0.2790884316202138	0.0005426236284214196
12931	0.0008341359136735704	0.655161137526621	0.0005464934340541837
330189	0.0034070041998769244	0.1611859174926309	0.0005491610978584088
228785	-0.0006284738262071608	-0.8742410762528813	0.0005494376342201145
235281	-0.0018411524887378375	-0.29858598277936477	0.0005497423252964605
78908	0.004259466339015119	0.13031986418835895	0.0005550930748153368
19249	-0.0008694275196386948	-0.6424240434211118	0.0005585411426278784
225341	-0.0014735346652700913	-0.3805927165270112	0.0005608165611518642
13655	-0.0026634505038659623	-0.2136399205339634	0.000569019353992069
268481	0.001875469795240597	0.30484536144417884	0.0005717282676077598
15902	-0.0015061563148796324	-0.3828425737167367	0.0005766207600082341
668940	0.0011153821602815314	0.5211307965600556	0.00058125999365639
80286	-0.0015000243238622168	-0.3912273707527382	0.0005868505722897689
328381	-0.0011000236085044093	-0.5351590761047427	0.0005886876180206249
237387	0.0010584049736308446	0.5666504733535779	0.0005997456793076992
16975	0.0031652427299693237	0.19149711973480688	0.0006061348660506625
16764	-0.003321681603946491	-0.18533556728464678	0.0006156257444063984
54698	-0.013606257798473182	-0.04538940548001169	0.0006175799522804705
68667	0.0012506113009730282	0.49506316570034303	0.0006191315897203318
22223	-0.000936725461062931	-0.6627885465896564	0.0006208509068914258
110075	0.0036557315052644355	0.17105736513227637	0.0006253397989215849
67800	0.0005715348906211328	1.0971196730181039	0.000627042172316695
14919	0.005480603296634315	0.11610284626152208	0.000636313641969525
22151	0.004035142885398012	0.16146367382166033	0.0006515289946716979
81006	-0.0045982837438542385	-0.14176308961593864	0.0006518669104595223
17427	0.007238343446025018	0.09027181303888515	0.00065341838627081
240023	-0.0010850835575919831	-0.6064697675917116	0.0006580703729903975
16846	0.003609148860901779	0.18314215297333014	0.0006609872927867939
74091	0.0006558626441455957	1.0110948469339	0.0006631393397920541
75906	0.0021176019018658274	0.31325954778505527	0.0006633590141672621
18619	0.002038884835922879	0.3268056706961068	0.0006663191262758981
23928	0.000795826393924926	0.8403742827071505	0.0006687920349540779
118449	0.002505916646162973	0.2681046793433614	0.0006718479788807155
384214	-0.0014241812039370453	-0.4765203482197211	0.0006786513232280624
240752	0.004669944970186568	0.14549629550093468	0.0006794596933553684
16399	0.00247519933700118	0.2808021972620359	0.0006950414124914659
11489	-0.0053463110969576375	-0.13050237065026327	0.0006977062723867812
17926	-0.0011071324713850916	-0.6434529530364803	0.0007123876581153137
217154	0.006182219526594469	0.1153350643073432	0.0007130266866618858
66269	0.0035353229930318603	0.20264284945044397	0.0007164079250356483
20104	0.0020659067142241145	0.3469879287550683	0.0007168446917698143
22234	0.00901180607288917	0.08021592230309038	0.0007228903357533957
14612	-0.0025983095248141162	-0.2796461196164197	0.0007266071761766511
210044	-0.0018429166625334968	-0.394673368899102	0.0007273501278023846
72404	-0.0012370145425532697	-0.5883978512256712	0.0007278566987732506
72748	0.0027519406908945525	0.2679954703800955	0.0007375076399144106
56485	0.0008366872199686845	0.8824535838502157	0.0007383376358230393
67425	-0.0019404948838830365	-0.38223389979309785	0.0007417229269951676
170743	0.004575746678160451	0.16352714900945653	0.0007482588088690698
50997	-0.002108285144695861	-0.36035326938329065	0.0007597274446833774
110521	-0.0068697710236639105	-0.11102524652947371	0.0007627180215033206
94088	0.007598487211386234	0.1008073369743947	0.0007659832608138408
50490	-0.010669334746565996	-0.07204356265361722	0.0007686568862866425
214253	-0.002573723418763923	-0.30067931575940515	0.0007738653965078932
58208	-0.0012971804324741843	-0.6003507994479547	0.0007787633096641201
272347	0.0054410710784466975	0.14378347973152183	0.0007823361331256104
14412	-0.001549315425977454	-0.510280895856003	0.0007905860635313001
17537	-0.002915728033165683	-0.2722250972419702	0.0007937343473596666
99010	-0.0010290214405114348	-0.7742729234494232	0.0007967434390369253
16162	-0.0020684782647974894	-0.38553539345448185	0.0007974715816707439
233875	-0.002846962512174834	-0.28159266605778344	0.0008016837639698763
20216	0.004406065383223249	0.1822820093427436	0.0008031464513494394
241568	-0.0064976256218819955	-0.12400804494391404	0.00080575785014707
634731	-0.0011580345320570907	-0.6996857961147629	0.0008102603134907524
72568	-0.0061228006380014376	-0.13253551339294128	0.000811488525960149
67375	0.001452056036789434	0.5608557419520132	0.0008143939658694378
12029	0.0007606354762191492	1.0723712953163582	0.000815683650896704
16173	0.004250209392279453	0.192037450037331	0.0008161993738180605
109225	0.012113249412048223	0.0676782968457964	0.0008198040894757684
20965	-0.0014425507694198368	-0.5696399130585146	0.0008217344948748092
77318	0.0007844331783020474	1.047597443219294	0.0008217701919656094
66169	-0.007860826908464836	-0.10525943742806224	0.0008274262181043823
213469	-0.0023303637966147882	-0.35636252602207064	0.0008304543291120288
13400	0.003412688968389328	0.24411525629732553	0.0008330894421814162
22785	-0.0016775671903552457	-0.5020668956012198	0.0008422509514241186
71648	0.0029872723063853876	0.2853314857241833	0.0008523628454436504
224938	0.003616742481379068	0.23600914360690983	0.0008535842956770039
78892	-0.0012049790860610202	-0.7096013617488722	0.0008550548003478114
71091	0.0036621688603496157	0.234083047205493	0.0008572516462117056
239188	0.0013522632013150684	0.6353818258139652	0.0008592034618326057
70423	-0.0014049744419728683	-0.6143147977216958	0.0008630965901247151
237711	0.005922966397506349	0.14614832872949757	0.0008656316401165258
227059	0.003235759412801702	0.267673496182351	0.0008661270348295826
73683	-0.0019775381719340625	-0.440542758696025	0.0008711901216905261
20778	-0.002097941389426626	-0.4185086233683849	0.0008780065627964938
74199	-0.0009594570032992712	-0.9181919667972664	0.0008809657129167692
64929	-0.001170521064243403	-0.7579692548253104	0.0008872189788219015
16456	0.007503889947959163	0.11854553850965655	0.0008895526747980176
170711	-0.006388403086572764	-0.1403657380152724	0.0008967129139858302
232560	-0.004422133441321801	-0.20636593045483703	0.000912577682213824
330301	0.0023707319366773143	0.3881753766163206	0.0009202597623760556
24001	0.005918391231393209	0.1563204600978888	0.000925165640330697
14536	-0.00601641803192309	-0.1542288500472877	0.000927905234467264
72778	0.0021131770469986415	0.44655336298441894	0.0009436463169187269
108098	-0.003032509675761348	-0.3133257257550113	0.0009501632950170183
72349	0.0027439801256552146	0.34935456200874593	0.0009586219749589811
72585	-0.0011194375224351384	-0.8598406515270363	0.0009625378886344406
20198	0.0073314580788197475	0.131487490236199	0.0009639950225559138
171285	0.00708246243425581	0.13729403090716688	0.0009723798163475655
11746	0.001275696845910789	0.7882856251863379	0.0010056134857270257
94214	0.01412814765385308	0.07168474363136357	0.0010127726425525087
12834	-0.007898773609728557	-0.12865488424656857	0.0010162158044494782
64340	-0.0035880001080771822	-0.2835381064725529	0.0010173347566675194
17528	-0.002730920480275602	-0.3730770099649148	0.0010188436472331704
57344	0.004651291917893456	0.22205300129211558	0.0010328333302540022
19711	-0.004410281759169238	-0.2342614566240015	0.0010331590290252495
83946	0.002446174886318957	0.42326981381257767	0.0010353919886852284
53313	0.0025818924958064767	0.40475438178544776	0.0010450323009766373
16590	-0.0017703467796176913	-0.5909084007062059	0.001046112784239272
16797	0.0052879470786232315	0.19898636808939213	0.001052229383824148
16971	0.006106135958574104	0.17276770053284415	0.001054943068703762
13823	0.0017732467194543577	0.5949917075429065	0.0010550670935030055
223864	0.0023912778188218227	0.4456040230824451	0.0010655630163748184
268709	-0.003186241383254357	-0.33502334279466284	0.001067465239168565
140488	-0.006504170996644577	-0.1654752653446	0.0010762794215164128
268297	-0.007127045486208032	-0.15127375983768482	0.0010781349672328896
19696	-0.006009701862807006	-0.17968438929456942	0.001079849609060913
217946	-0.0017863302763744965	-0.6067112926524798	0.0010837867510834322
66591	-0.0033083463629748015	-0.33391260949965335	0.0011046985671896033
104156	-0.0016290618157138034	-0.6843116013982572	0.0011147858998878653
338369	-0.00273113652414155	-0.4118133019930498	0.0011247183502005524
243328	-0.005978152527839217	-0.18828742716467428	0.00112561095866484
170835	-0.004155743533059518	-0.2709999794197864	0.0011262064119330398
218772	0.0017164570238630502	0.6594165974003029	0.001131860250259623
11593	0.0011276261999284454	1.004379156081268	0.0011325642510592593
625249	0.0026223540685092438	0.43942030827126355	0.001152315633180734
76441	-0.0010334008571052276	-1.123830330777974	0.0011613672270668098
226791	0.0014006026180919508	0.8341283823672347	0.0011682823961683528
14012	-0.0017690566938174713	-0.660679318104186	0.0011687791701589726
56794	0.0033760513910366568	0.34936942467537596	0.0011794891321609796
67755	-0.003959744497175235	-0.29958984472415906	0.001186299239056072
69129	0.001165576572492428	1.0191137804979313	0.0011878551472525795
226841	0.005038219383847928	0.23615194831785802	0.0011897853235484865
209584	0.0026483850388579664	0.45061140024770174	0.0011933924907548523
13838	-0.00470879812345954	-0.2539420940106174	0.0011957620557445812
18476	0.002394416549371954	0.5034760352113274	0.001205531350922179
12903	-0.0026501421823725553	-0.45906265365644805	0.0012165813028068358
320495	-0.002462106141169571	-0.49631207843111136	0.0012219730162418732
107449	0.0010941613435209584	1.1272608185786352	0.0012334052117545348
67512	0.004329454582155776	0.29056410381790804	0.0012579840906844285
116939	0.0031108281050702675	0.40709726052784606	0.0012664095995471364
15505	-0.014823956116726628	-0.08590083655035616	0.0012733902314125865
67848	0.009352845660329642	0.13654103259576078	0.0012770472041701893
22228	-0.005314714205054924	-0.24061738740418376	0.0012788126468202192
20537	-0.001306915453183864	-0.9977993494197517	0.0013040393889334795
67893	-0.00374271240312686	-0.3525425825214951	0.0013194654962335743
107503	0.0034991973607352658	0.3787583748729409	0.0013253503057117733
18526	-0.001712407422784955	-0.7828256922558626	0.00134051652616571
12326	-0.0023228433488682483	-0.5894542082649024	0.0013692097871305278
22063	0.004781300785543073	0.2869409992035577	0.0013719512248964846
208154	-0.011176640112457163	-0.1231768809800986	0.0013767036688895318
19659	-0.0024349050675833398	-0.5666391203341592	0.00137971246559261
20288	-0.005088414025366108	-0.2733029156911509	0.0013906783893763031
58180	0.010646773914359708	0.13082580322682835	0.0013928727491205521
72948	-0.005279749494293716	-0.26419612904787093	0.0013948893787348539
27409	-0.004923021784584613	-0.2835308852279642	0.0013958287245798276
24110	0.0028095706115958876	0.5004630089272608	0.0014060861620728822
64705	-0.002450847566630356	-0.5748627504919908	0.001408900973189729
230514	0.005006375585280446	0.28409058808394205	0.0014222641841914116
381217	-0.0027521306042979474	-0.5264080344807216	0.0014487436620427231
12162	0.00459592865738221	0.3158914686723738	0.0014518146534939175
83671	-0.002277285278278617	-0.6377241244658013	0.0014522797602490897
259302	0.0032725309431856343	0.444996030465123	0.001456263279291892
213435	-0.004927622991509198	-0.297858798256339	0.0014677358625112358
14917	0.0026693707033887864	0.5505156269650671	0.0014695302863782598
12286	0.006411520278605145	0.23039535219151386	0.0014771844726722654
14763	-0.002947059831269949	-0.5081424057178845	0.0014975260724560545
68070	-0.0051667621806836305	-0.2909518188614181	0.001503278854094289
16467	0.0028618674220715497	0.5256367180031913	0.0015043025990979432
245827	-0.001095581073117953	-1.3749691914809372	0.0015063902223068095
242819	-0.001443328148356207	-1.048975281914031	0.0015140155513164084
231760	-0.007328070783005321	-0.20694168802613033	0.0015164833378100877
14595	-0.0036051530920514735	-0.4217698916687131	0.001520545029083676
15936	0.0027293642901533694	0.5589248781719366	0.0015255096033608062
19057	0.0022106274506618877	0.6905580779330415	0.0015265666433550928
16497	0.004143441128023314	0.37121191431199324	0.0015380947129725788
19725	0.0016377170605158008	0.9462877864950684	0.0015497516521007072
17880	-0.00838521085447066	-0.18577072001882378	0.001557726657944671
12512	0.006510287965130364	0.24024897918892552	0.001564090037848517
22779	-0.006153550227625046	-0.2561477258935622	0.0015762178969779678
58994	-0.0038191031848101306	-0.41363144408631913	0.0015797011654476749
211949	0.002422335310135359	0.6608903780201449	0.0016008980988069025
17390	-0.004567208428136542	-0.3517547075967893	0.0016065370651727612
71228	0.005791979122686849	0.277697831059478	0.001608420039911916
23871	-0.010399107891887364	-0.1547452007725213	0.0016092120385852208
55963	0.0019436090613441442	0.8344619148820916	0.0016218677391114193
231470	-0.0036083931314847928	-0.46180925268350914	0.0016663893354392995
241226	-0.005373779671130777	-0.3119718704809149	0.0016764680955549842
108797	-0.0022280513149601664	-0.7568314374722436	0.0016862592794632252
11364	0.0031315530794885924	0.539378648888049	0.0016890928689357661
104445	0.0015365705196738447	1.1030311900696808	0.0016948852089418286
54519	0.004552428963798626	0.37341944802986066	0.0016999655108568333
70129	0.0032796631096677358	0.5194041370961039	0.001703470587442895
14173	0.0016828698354253765	1.017375137396198	0.0017121099300358093
26949	0.0065651066948202545	0.26157682691693135	0.001717279777602185
108089	-0.0043266971996787406	-0.40119737902976194	0.0017358595763665213
320865	0.0030571058347324894	0.5682991445093601	0.001737350630553047
17219	0.007829148872561092	0.2220164213722908	0.0017381996150769188
70466	-0.004026390044372589	-0.43192507802036323	0.0017390988340560444
16011	0.007181563289408188	0.24217118386218828	0.001739167683777212
74387	0.009009942676495252	0.19367678169388042	0.0017450167008299475
68631	0.003049173192146642	0.5781680304676677	0.0017629344590582353
242050	-0.0021023049110264137	-0.8390111801421255	0.0017638573244188576
214901	0.014172540659296375	0.12448506751359467	0.0017642696808116748
224674	-0.0021219563330426134	-0.8378280081181622	0.0017778344478268124
74464	0.008964342968088875	0.19913303687844952	0.0017850968388555117
231724	-0.0020106571332046304	-0.9096221228014252	0.0018289382097314239
433938	-0.001616134528292822	-1.1388028706325901	0.0018404586401483127
16404	0.005516795194792232	0.33447548099601965	0.0018452327263346617
234267	-0.0029375181340175536	-0.6381428474654363	0.0018745561865233166
59126	-0.010257811255748029	-0.18415001381095908	0.0018889760844162111
140742	-0.015548182953903639	-0.12267338301624131	0.0019073482027108153
20613	-0.004724860732913885	-0.405641339575209	0.001916598837005492
245638	0.002288993232363302	0.8415358465188679	0.0019262698574728108
231712	-0.009145904760869485	-0.2115055409343316	0.0019344095337815793
109857	0.0037585991758464	0.517281899627034	0.00194425532161843
270192	-0.0074708161102057	-0.26147550745287945	0.0019534354335031825
18750	0.00697676965306655	0.280146705470731	0.001954519033134769
12818	-0.013792190916893437	-0.14426082095508075	0.001989672784440255
279766	0.0059139994051894875	0.3397459634672315	0.0020092574258607364
14062	0.0029113761536593602	0.7050405603422834	0.002052638274743157
18164	-0.0025015946564734453	-0.8311937765124586	0.0020793099098175495
14760	0.005233902768576118	0.3994075102067763	0.0020904600734613405
14773	-0.012597968092451393	-0.1672783505391997	0.002107367322650737
20354	-0.007493188488446679	-0.2845319519015215	0.002132051546583745
22378	0.004647954984569283	0.4596081192862872	0.002136237848985212
19245	0.004929717275883442	0.43518267027381285	0.002145327527813903
19130	-0.002967646524087002	-0.7268837183234528	0.00215713394009803
16402	0.0022884778982329474	0.9495289594394121	0.0021729760374092234
80890	0.002300191210353975	0.9483203945348972	0.0021813182361085847
227674	0.004208145390803234	0.5202735120382422	0.00218938658164074
81904	-0.0022474126240373104	-0.9778108097793142	0.0021975443578181758
27060	-0.019755398159038262	-0.11134108363666229	0.002199587438701043
214685	0.006203890208672328	0.3556581970756532	0.0022064644064716983
16525	0.004042690772530803	0.5474324966467825	0.0022131003027774476
381644	0.0025156239984630855	0.883526825984973	0.0022226212867337163
170768	-0.0051223167767096775	-0.4393902306361097	0.002250695949909679
18553	0.006875741527826854	0.32742102264918005	0.002251262322512504
26411	-0.007146672542605203	-0.3175483447956879	0.0022694140367010723
20474	0.01416496432178908	0.16282079963021523	0.0023063508176071673
77609	0.008684030202308821	0.2667738963527376	0.0023166725731147766
19419	-0.001783616391898807	-1.3096602519073937	0.0023359314931203482
15559	-0.006717526933770497	-0.352432099991323	0.0023674721240170096
24053	-0.005240434741564517	-0.4539858358697715	0.002379083146470157
13603	-0.007865874455591086	-0.303640823329055	0.0023884005958986596
18150	-0.003491654126683023	-0.690248345241323	0.0024101084830979932
14758	-0.003321222700174283	-0.7271044463271074	0.0024148757925392425
18415	-0.00621618276966716	-0.3912401423129711	0.0024320202314480183
17117	-0.004948926367010747	-0.4918666826760874	0.002434211994949797
240261	0.0021045350143351184	1.1583192227943	0.002437723362148045
11496	0.0033738056804938797	0.7229055946281286	0.0024389430016171863
100019	0.00950788373100983	0.2591661369804575	0.002464121497425157
56496	0.004047308011172804	0.6105669652795347	0.0024711525699333283
12839	-0.016262776274186198	-0.15312667414876657	0.002490264843291602
217198	0.007789901201567442	0.3234363021539266	0.002519536838779403
269855	0.003517099976028818	0.7171934683100747	0.0025224411302013886
100705	0.011025642126597244	0.22896505581626592	0.002524486764926511
338370	0.007776587612157363	0.324968440984556	0.0025271455525025894
235402	-0.0025351709997859864	-1.005071260912853	0.002548027513384599
77505	-0.003803666044529452	-0.6705030053131921	0.0025503695140647394
75869	-0.010798118283340428	-0.23639481813814045	0.00255261920782439
71803	0.005893606794450317	0.4356499888590779	0.0025675497343420665
16772	0.00347057662137416	0.7409557209883735	0.002571543602735684
13003	0.004151491029780956	0.6234847687606206	0.00258839142471477
20533	0.0071440288046163165	0.3647545431249917	0.0026058169626996053
54326	-0.007190688739822625	-0.3649230460365871	0.00262404803803706
53374	0.005457479067950627	0.48285583345020866	0.002635175603892368
76491	0.004410956233033586	0.5994505014575565	0.0026441499257993176
14313	-0.00497343585657395	-0.5316851117282793	0.0026443017990759508
218461	-0.002350894206845119	-1.1419761236214159	0.0026846650533770317
330812	-0.01075699509934741	-0.24982956139724188	0.002687415367622244
319655	-0.012370490279611573	-0.21777096904547014	0.002693933655758581
103711	0.009802471952582019	0.2756514009397426	0.0027020651264017675
207495	0.004732349230443993	0.5711953479167474	0.0027030958651470087
231125	0.00538738267538264	0.5040755521847253	0.002715647896923927
12322	-0.0026494394183396563	-1.045281769595364	0.0027694107236377876
207259	-0.00227494197031522	-1.2379978880774658	0.0028163733547490314
98256	-0.010875557101030331	-0.261089522335712	0.0028394940086427694
72607	-0.005289984021398303	-0.5441552450889364	0.002878572551680551
215632	0.009929896867323346	0.2920964903575538	0.0029004880245576173
64242	0.008895848246793915	0.32872453765034915	0.0029242836019349986
14229	0.011837692347406512	0.2547108055308105	0.0030151881534338236
14050	-0.011841608225391844	-0.2553223752949795	0.0030234275394196122
20928	0.012252394919807053	0.24814249148227763	0.0030403398020257236
235472	-0.0057677935532337524	-0.5302833663938205	0.0030585649820733694
13841	-0.00510691473264602	-0.6090121686684132	0.003110173216533422
74194	-0.005064808784242334	-0.6149613098505247	0.003114661444100109
110310	-0.0042757593967375105	-0.730934278428548	0.0031252991093884156
53321	0.00501541470360002	0.6271458211692941	0.0031453963727937862
72780	0.004390195355909705	0.7217554882471662	0.0031686475926050507
77976	0.003236289143026024	0.981964761272758	0.003177921895741168
18113	-0.010358738092473008	-0.30862035728261933	0.003196917451096098
83453	-0.011525630297391648	-0.2778581941477476	0.0032024908208478104
68259	-0.008763600167115904	-0.366572537615355	0.0032124951519060265
243616	-0.004138209228409769	-0.7792762427656501	0.0032248081392933048
11881	0.006381247719779865	0.5060556534040743	0.003229266484366459
56527	0.003211600981666583	1.006066478474614	0.0032310840898909124
109294	-0.014514583985822787	-0.22283044469027025	0.0032342912040551667
12902	-0.008450080437120252	-0.38526855827671525	0.0032555503073315954
93761	-0.004655709221525479	-0.701020706966895	0.003263748569906083
19876	-0.012019124637610012	-0.2734922380036592	0.0032871372959848814
20515	0.00772889968860112	0.4282099559130297	0.003309591794912114
22695	-0.015026419649833207	-0.22059541083417278	0.003314759216021643
20393	-0.007231706363331907	-0.46379869544449503	0.003354055977150992
15368	0.0033464293768657154	1.0378776444157507	0.0034731842388650573
52857	-0.0023297013053854986	-1.5215254656201749	0.0035446998634326
14115	-0.018740291757096437	-0.19028885876491564	0.0035660687313794365
234740	-0.007740306695339119	-0.4619324228464834	0.0035754986253528566
53625	-0.0029459242271584842	-1.2256188939770218	0.003610580393030094
18976	-0.009041123581672401	-0.4066489738328676	0.0036765636267832224
16891	-0.005778464051604217	-0.6388437238393182	0.0036915354927984723
22401	0.01040156703878497	0.3565332835607422	0.0037085048505151917
56644	0.012964358276553577	0.28715621580378703	0.0037227960630196316
207911	0.007594463149893183	0.5015037868710823	0.0038086520289243196
243755	-0.0062252235666035135	-0.6220762096576454	0.0038725634805841626
20350	-0.007302340702887583	-0.535134942907574	0.003907737675131401
12702	0.0038888184503313022	1.0118656049514643	0.003934961633790899
108811	0.011762895845292519	0.33505153567494117	0.003941176316949644
114606	-0.004379905440133372	-0.9066463738240347	0.0039710253849890844
319504	-0.007686015991355179	-0.5169567114790058	0.0039733375512660245
67138	-0.005476338381857375	-0.7385930307808226	0.004044785363037384
66548	0.0102365162948576	0.40363346764989316	0.004131800568748009
320974	-0.007372898978295856	-0.564224068502564	0.004159967058192485
71911	-0.006652970550078776	-0.62626691671674	0.004166535353405109
217082	-0.012391355102456668	-0.33859427191844127	0.004195641858999177
14026	-0.008022844750861943	-0.5233226567066684	0.0041985364293662215
74241	-0.00555426548295677	-0.7648836643739445	0.004248366935509691
53418	0.004635087281078258	0.9191242129175821	0.00426022094902535
13522	-0.005012616683266554	-0.8555175616619813	0.00428838160241437
83603	-0.004979974354810818	-0.8685881293388169	0.0043255466090004096
218763	-0.004336437420586827	-1.0032558480558345	0.004350556201931892
319266	0.003320608345166258	1.3240182446392181	0.004396546032301368
116838	0.008210866932551856	0.5372245091341348	0.0044110789574058696
330627	0.014346556110092478	0.33344305185913936	0.004783759453017619
93874	0.007416460785615121	0.6472374407587889	0.0048002110983694475
107227	0.011416499864896014	0.4241463689419919	0.004842266963722386
14605	-0.00549756313038111	-0.9033764796999162	0.004966369227651739
76459	-0.004554407613922748	-1.0929276090679914	0.004977637824205644
242509	0.01216250900099952	0.4179757695957582	0.005083634059908111
70099	-0.03438699856510429	-0.1493938591553054	0.00513720642040888
84004	0.013371649319751678	0.3870573286187576	0.005175594864929911
11513	-0.005104422086895493	-1.0141896868969917	0.005176852238098629
109594	-0.004379981123918092	-1.18810984447645	0.00520389869194811
54353	0.020160064584108198	0.26545506471868685	0.005351591248907348
242585	-0.00721191992825952	-0.752432251690671	0.005426481150633133
104080	-0.004739584082893785	-1.145971127483855	0.005431426515278325
76142	-0.007580669312495102	-0.721667889087965	0.005470725620622255
16453	0.017070198945327936	0.3213944327050431	0.005486266906195897
207181	-0.00886858105022155	-0.6243099030223513	0.005536742975409678
18162	-0.004031748801313012	-1.3994738193494207	0.00564232689363097
16170	-0.011177433061628569	-0.5139153654472135	0.005744254596628613
15507	-0.01243784933753788	-0.46396211506193197	0.005770690885465724
216616	0.011252710844278499	0.516536791104626	0.005812439150731843
68801	-0.00855993984776258	-0.7006524321329266	0.005997542673246405
208795	-0.009613377697750329	-0.6305970368315599	0.00606216749014396
27419	0.0047500403362648914	1.301851698268789	0.006183848078611699
22371	0.031865263090154854	0.19957438102504044	0.006359490157417722
209212	0.004498096248454159	1.445345572003109	0.006501303495147015
338362	-0.005918609544696718	-1.13656637462689	0.006726892593048057
268567	-0.007875454404350743	-0.8894618596835098	0.007004916320346499
16531	-0.005402889730599097	-1.3230453604960215	0.007148268191340735
66395	0.00610142259097119	1.1861893204914182	0.007237442317215104
64706	-0.008326550573537156	-0.8711023485846677	0.007253277760217228
12831	-0.0047051422405880615	-1.5889775003318354	0.0074763651561553495
18585	-0.009698623542690825	-0.7794295507595228	0.007559393790865241
16181	-0.005140688056420782	-1.4835678689431058	0.007626559624765456
107587	0.010278267110873283	0.7559990104000863	0.0077703597644479564
320438	0.01313883065072916	0.5926697015466639	0.007786986840439811
240055	-0.007638403900804135	-1.0288811621793688	0.007859009882654781
15894	0.025574598829870947	0.31093466635219147	0.00795202935425707
17873	-0.0078018517478813925	-1.031644299308533	0.008048735879752153
236904	-0.009613946015577003	-0.8475873302840924	0.0081486588368383
269615	-0.01284100932570017	-0.6744663424195798	0.008660828592880709
15273	-0.006401438556250911	-1.3543580534278874	0.00866983986218221
66329	-0.008433304910434923	-1.0361688843932	0.00873832814079305
12505	0.007725886894818034	1.1909235362475117	0.009200940541425002
231691	-0.007989139349625364	-1.1847795957680263	0.00946536928918357
50915	0.010241850857410166	0.9455585021679674	0.009684269156160469
68603	0.021309669924976724	0.4810817038674406	0.010251692316360557
22271	0.01119834872452596	0.9241212547447433	0.010348632074378125
18595	-0.008602158139888441	-1.276178524074215	0.010977889478815825
15370	0.009548312354772388	1.172216864787707	0.011192692772525017
226255	-0.019219623346030033	-0.6670470958372703	0.012820393936055533
12398	-0.014895824765749063	-0.9418628602787469	0.014029824120079408
16842	-0.011886025944217197	-1.1885575413479201	0.014127225772656384
12978	-0.022304804731846907	-0.6893569668717661	0.015375972536612999
67374	-0.013889860651271369	-1.1150361798096908	0.015487697158682572
65221	0.012199875748898869	1.2798109692498056	0.01561353480692546
226830	0.031804953453274595	0.5328351095547772	0.01694679585766016
20200	0.024399101043478096	0.7943090913880474	0.019380427780530247
53422	-0.02623583677078873	-0.7430418191344014	0.019494323880680075
93695	0.020840951603642202	0.9411479016194255	0.01961441786951986
