entrez_id	symbol	clock_coefficient	P1_log2FC_control_L2C_vs_E2C	P1_dynamic_gene_class	P1_contribution_control	P1_contribution_A485	P1_contribution_A485_DUX	P3_contribution_control	P3_contribution_Brg1_matKO	P3_log2FC_control_L2C_vs_E2C
16601	Klf9	-0.0199327545924369	4.476413635946091	neither	-0.0326970673403386	-0.017290242005618	-0.028304614924422	-0.0241336283521928	-0.023050318545831	3.5689305517331613
74513	Neto2	-0.0226848081242841	2.9249381584915533	neither	-0.0236888571158173	-0.0027891074947943	-0.0078853389577352	-0.0127229557367983	-0.0088269606864861	1.9045112131847493
84095	Pi4k2a	-0.0159147928360484	3.025947207409379	neither	-0.0181943466417629	-0.0032162273373832	-0.0120247846020428	-0.0140003007093814	-0.0132883381288194	2.687972699307372
226830	Smyd2	0.0318049534532745	-0.8696167992682061	neither	-0.017971778509605	-0.0138832739829025	-0.0130082934373441	-0.009535884209851	-0.0117529808418292	-0.398169932683516
93695	Gpnmb	0.0208409516036422	-1.5724924368904754	neither	-0.0175144073420924	-0.0055770229320016	-0.0117413804930492	-0.0127708776170601	-0.0079406966179796	-1.4149865900968823
66614	Gpatch4	-0.0135171916648691	2.88513713840648	neither	-0.0161059600110873	-0.0035865297186926	-0.0108848584567814	-0.0114390782682141	-0.0044251030991288	2.747256212594745
20200	S100a6	0.024399101043478	-0.7228353823855429	neither	-0.0158126168472709	0.004777748282399	-0.0018611354418071	0.0	0.0	
100515	Zfp518b	-0.0159699150769967	2.0557523579177617	neither	-0.0147230796456762	-0.0193580325688179	-0.0177379049044435	-0.0173483578562486	-0.0136690591287385	3.183372712030688
108699	Chn1	0.0215830813307895	-1.52725090437056	neither	-0.0132901036103467	-0.0049912007320201	-0.0100477732386638	-0.0051170910728526	-0.0022728749267342	-0.4648898612949028
19173	Psmb5	-0.0089547029370377	3.812705196004668	neither	-0.0132123703548997	-0.0032061391464446	-0.0102363319128447	-0.0090519633671296	-0.0100471005149964	2.724972032514702
27060	Tcirg1	-0.0197553981590382	1.546004544681597	neither	-0.0123170474635272	-0.0092606401259414	-0.0160636593450169	-0.018126725940914	-0.0117394966187317	2.494366082701327
108811	Ccdc122	0.0117628958452925	-2.653806559555456	neither	-0.0119115502757478	-0.0122691516783846	-0.0122670298962202	-0.010965161610287	-0.004874990547795	-1.7857339098018197
227656	Rexo4	-0.0118473669001416	2.495940667637492	neither	-0.0115425137478689	-0.0062496376076756	-0.0119941448556933	-0.0091611972398491	-0.0086870914152832	2.5313746595377187
54353	Skap2	0.0201600645841081	-1.4442387519753614	neither	-0.0114569316612072	-0.005082797722497	-0.0085924544776194	-0.0049660883919461	-0.0023621445979302	-0.4898791187567199
54561	Nap1l3	0.0126995911372371	-1.4154585728709494	neither	-0.0111246168737817	-0.0024484956061146	-0.0072763699825163	-0.0109186130762505	-0.0073439110904192	-1.8785786177339845
64660	Mrps24	-0.0172252482723226	1.8604010569185008	neither	-0.0111037811691375	-0.0036116212940274	-0.004052696182304	-0.0143911501622775	-0.0060476570992525	2.4976648336743312
11815	Apod	0.0168541970635297	-1.223773287951214	neither	-0.010924411570231	-8.794396362748408e-05	-0.0061492277207013	-0.0091752500418635	-0.0057301920772081	-0.8854469701280948
93689	Lmod1	-0.0124910575885697	1.050925882444874	neither	-0.0106679706228909	-0.0087331250198459	-0.0075642533255732	-0.0130151704791604	-0.0118369074462848	2.609312451972909
27276	Plekhb1	0.0286733961106819	-0.909998300465673	neither	-0.0106638061005815	-0.0002495176947144	-0.0064426296274984	-0.0057981380590021	-0.0074776807700456	-0.284849911400339
11932	Atp1b2	-0.0123935746219988	1.586561495872447	neither	-0.0106230104086417	-0.0132826334591711	-0.0168632624996379	-0.0141920222080346	-0.0183565869205358	2.634704110497529
22371	Vwf	0.0318652630901548	-0.6990751168297503	neither	-0.0099919481345672	-0.0043409092247459	-0.0165708467545539	-0.0095851968308141	-0.0032385672991089	-0.4798499734589456
381101	Dnph1	-0.006083071094564	2.655501802157957	neither	-0.0095000761776026	-0.0052646757249731	-0.0090646971652454	-0.0079266491817116	-0.0071488240928456	2.196125675970317
15505	Hsph1	-0.0148239561167266	1.9676409873206668	neither	-0.0094626215929634	-0.0017595548959121	-0.0088991674075035	-0.0113281600464549	-0.0078023291512662	2.489329719814067
20512	Slc1a3	-0.0125845368986331	1.3921986213883497	neither	-0.0093236512045264	-0.0114882470571115	-0.0035951327802149	-0.0018692108314136	0.0020153844794456	0.502691918214633
16997	Ltbp2	0.0076858443602156	-2.173615112314755	neither	-0.0088398002541707	-0.0039987322884526	-0.0057899304599321	-0.0055891358856831	-0.0064768980044677	-1.6180212600554336
70099	Smc4	-0.0343869985651042	0.8989311119963819	neither	-0.0085936033845748	-0.0101705221385569	-0.011387741805292	-0.0085814755366898	-0.0030192689480025	0.9655708166193212
20229	Sat1	-0.0094159956848959	2.7657573793140955	neither	-0.0082938055851275	-0.0057509849714513	-0.0104896081908249	-0.006939686779868	-0.0059140072341295	2.418734114112923
330171	Kctd10	0.0220652463980956	-0.8806048359100066	neither	-0.008095915521736	-0.0079341126005689	-0.0066601525791149	-0.0079339109081632	-0.007088705289364	-0.8052517257315942
242466	Zfp462	-0.0108558451370657	0.9915874820799916	neither	-0.0080623109172047	-0.0079401208187369	-0.0003692089637306	-0.0095066357044001	-0.0103789085573238	2.7289713897231955
106564	Ppcs	-0.0135232414082074	1.5319286581155689	neither	-0.0080098369643459	-0.0052364365703971	-0.0081765714207331	-0.0242285731873341	-0.0184971262320425	3.68209304625334
72825	Mon1a	-0.0081923167922336	2.3765775041695765	neither	-0.0076590674824003	-0.0044642382992206	-0.0069701935549377	-0.0092379786628296	-0.0068135025991048	3.335057772426198
67669	Hikeshi	-0.0132658419321509	1.7621419644953855	neither	-0.0076236109815087	-0.0029847140366493	-0.003845511715246	-0.0057331220486125	-0.0056622558937535	1.4689536791158118
217082	Hlf	-0.0123913551024566	1.1647514166050887	neither	-0.007538096387441	-0.01049545122728	-0.0051362116723802	0.0005502062520741	-0.0017526421847858	0.1089198066002568
58243	Nap1l5	0.0132205425230254	-0.470693001604811	neither	-0.0074982461956878	0.0022147468655384	-0.0095949592550815	0.0	0.0	
83965	Enpp5	0.0084129559894151	-2.255263815047549	neither	-0.0074535721533157	-0.0060878947737406	-0.0068875595678574	-0.0043396467752632	-0.0031299394732073	-1.2138421381040765
224008	Spidr	0.0119401617634068	-1.5868920500417414	neither	-0.0071567202972634	-0.0084795956833803	-0.0078307030529964	-0.0070504332859743	-0.0059584353561819	-1.4881671507121528
216616	Efemp1	0.0112527108442784	-0.6291189272723783	neither	-0.0071539832628911	-0.0137658764376263	-0.0033320844045446	0.0	0.0	
100061	Lrrc19	-0.0128711007001872	0.5660911084382494	neither	-0.0070315295769256	-0.0005672547298121	-7.746398264780078e-05	-0.0030653778775315	-0.000961783014272	0.6575392454134174
16956	Lpl	0.0100407562732165	-1.8121738805270788	neither	-0.0070225385883862	-0.0019469800764421	-0.0054296028046335	-0.0059621998816078	-0.003330808259091	-1.4183005316580186
68611	Mrpl28	-0.0083811550794758	2.072955626404902	neither	-0.0069475907176974	0.0011968733342071	-0.0062974280694218	-0.005184790179538	-0.0035592370426901	1.8846192355187923
16570	Kif3c	-0.0051326129753833	3.1405014152896604	neither	-0.0069141040430528	-0.0061914241121321	-0.0069256748141873	-0.0056637731842126	-0.0042618690332097	3.3058132774172995
242509	Bnc2	0.0121625090009995	-1.386508828300688	neither	-0.0067206589840984	-0.0028049368871376	-0.0051544140416578	-0.0047329411196	-0.00285360543021	-0.911912843629803
101502	Hsd3b7	0.0069236226098607	-2.5392589920178605	neither	-0.0066890332459943	-0.0039522925915853	-0.0058850764712263	-0.0108613641646487	-0.005645022948634	-2.851646990035836
217198	Plekhh3	0.0077899012015674	-1.408852562079853	neither	-0.0066215157834154	-0.0064788630866142	-0.0036925429819153	-0.0017949772170229	-0.0037094797863658	-0.2715036987320415
74186	Ccdc3	0.0069277151550042	-2.0197217251125155	neither	-0.0065984820721188	-0.0058985040318199	-0.0090376340536062	-0.00757375340325	-0.0058061106001033	-2.2009526085355007
107587	Osr2	0.0102782671108732	-1.436735732779966	neither	-0.0065896217213027	-0.0012367972237021	-0.0026233000482114	0.000333117288037	-0.0013395433746475	0.2969351140431947
54598	Calcrl	-0.0117849926477313	1.020581161894638	neither	-0.0064421037990288	-0.0079968868079668	-0.0076827190600184	-0.0044790007698279	-0.0057150813212944	0.8661231318767839
20500	Slc13a2	-0.004906357302801	1.931460169718688	neither	-0.0063633467968867	-0.0031078682195734	-0.0067308017789936	-0.0056228069026446	-0.0042425145148671	2.216236734708018
76917	Flywch2	-0.0046870807252534	2.7348398888131835	neither	-0.006231171238045	-0.006578227071804	-0.0081660724861463	-0.0014863095976842	-0.0039409322528487	0.7180924255530257
629499	Mroh8	-0.0068936946980939	1.718766714798282	neither	-0.0062235978726936	-0.0044458748789084	-0.0052472036556902	0.001825993596879	0.0012415835186983	-0.3709770505631302
100502698	Rubcn	0.0173069640644666	-0.9030682933865646	neither	-0.0061773325876605	-0.0107834374825587	-0.0102984917651468	-0.0084815629822563	-0.0109518953265212	-1.2173090583796309
110446	Acat1	0.0135073548993139	-1.1319936161880295	neither	-0.0061579407533705	-0.0110465625993654	-0.0066904659600144	-0.004485848737548	-0.0041671384888327	-0.7326096740010178
20907	Stx1a	-0.0064486937687304	1.593071691804943	neither	-0.0061182133918971	-0.0037526962875326	-0.0070670222449114	-0.0031063292731195	-0.0039110690258967	1.078035140709115
14114	Fbln1	-0.0109996770248664	0.973895845425684	neither	-0.0060127640960459	-0.0044734998250573	-0.0090255556202717	-0.012382312834787	-0.011558543202003	2.607715182033137
212547	Nepro	-0.007450619538041	2.323683374120592	neither	-0.0059341138638355	-0.0046064417263888	-0.0080667615604679	-0.0060198530672448	-0.0052043127073739	2.5559817357216934
102871	Radx	0.0094136498386132	-1.0735348120920492	neither	-0.0059102811786522	-0.0009646957840178	-0.0072620011573208	-0.0027622592533464	-0.0032569833509524	0.0335435754282857
16149	Cd74	0.0223536812315986	-0.555105405976226	neither	-0.0058888189810742	0.0208164638951493	0.0182008061331822	0.0103523451156322	0.0085332684608546	0.7202423044156853
241070	Gpr1	0.0042688501823929	-3.474449543319262	maternal	-0.0058705790062997	-0.0044121715310377	-0.0056559442882459	-0.0053815835895065	-0.0038780291247759	-3.00414114816337
140742	Sesn1	-0.0155481829539036	1.0065020231717297	neither	-0.0058276523960519	-0.0039779463777608	-0.0080628032593289	-0.0032778659339814	-0.0076739497434301	1.0955300913715609
11363	Acadl	0.0146639410091333	-0.8073186634073488	neither	-0.0057776700807118	0.0041966888862592	-0.0024955303311569	-0.0106557813419868	-0.006731838628022	-0.8666670815682292
66416	Ndufa7	-0.0068789799355438	2.302445164756704	neither	-0.005733692712058	-0.0013860817529682	-0.0058747557071635	-0.0023461104945258	-0.0029018724723226	1.0286634218191943
50915	Grb14	0.0102418508574101	-1.239508311860016	neither	-0.0056529764586794	-0.0017190857713035	-0.0083891365941571	0.0	0.0	
268567	Tmem229b	-0.0078754544043507	1.859879117611864	neither	-0.0055797841156804	-0.0017182664017912	-0.0079048449208829	-0.0034100379605482	-0.0021064177001891	1.57632179852278
66169	Tomm7	-0.0078608269084648	2.0863421008175047	neither	-0.0055604101256661	-0.0012352604620413	-0.0057925858978664	-0.0046626425891352	-0.0050644297366403	1.850464969746198
234854	Cdk10	-0.0084927408938308	1.1319504891402872	neither	-0.0055306854787978	-2.871129651793052e-05	-0.0039503131199674	-0.0035360404017125	-0.0013012423626176	1.2813197253906314
170768	Pfkfb3	-0.0051223167767096	2.591371060672925	neither	-0.0055175650174643	-0.0020437252926148	-0.004597911028964	-0.0046929939963815	-0.0034896087179593	3.071439139686327
208795	Tmem63a	-0.0096133776977503	0.6217438269337512	neither	-0.0054479330875104	-0.0028139674181325	-0.0056433284269082	0.0075770005333998	0.0046471490929603	-0.8718601473310905
22116	Tsks	-0.0043283283422206	1.806595379112023	neither	-0.0054032717446066	0.0017896673732859	-0.0027218494624322	0.0018247016181904	0.0006869824982627	-0.4803404692826596
12294	Cacna2d3	0.0099765784009577	-1.304726283312453	neither	-0.0052740900092564	-0.0049761541308504	-0.0057417171509086	-0.0040243819870085	-0.0021857701613994	-0.8506839411823784
108159	Ubxn8	-0.0082589598432114	1.8479077002895443	neither	-0.0052538471908052	-0.0015515873248843	-0.0042345514286266	-0.0012784523946789	0.0010613753473805	0.7961293356777506
231050	Galnt11	-0.0086772570753825	1.6126361011885313	neither	-0.0052514713154621	-0.0010115898042046	-0.003330237274109	-0.0038306564577338	-0.0036270782832389	1.5019410086770966
75769	Plppr5	-0.0055123052838251	2.2461757379723863	neither	-0.0052386361353303	0.0019296615020962	-0.0038388045399394	-0.0023327986273646	0.0010469126752288	0.7348478658753664
19876	Robo1	-0.01201912463761	1.3036959242365962	neither	-0.0052332096960185	0.0007001357308274	-0.0032158559558887	-0.0006772800703229	-0.0011396096983671	0.445531146467689
59083	Fetub	0.0046518311739354	-2.5759952554142247	neither	-0.0052125638065163	-0.0011847381754761	-0.0049887727211246	-0.0048135275849284	-0.0033068246763977	-2.43389889558711
18553	Pcsk6	0.0068757415278268	-1.5331206320294184	neither	-0.0051489077035019	-0.0024509001556447	-0.0037023996323603	-0.0024089671030325	-0.0007543113900033	-0.6231766363578154
74414	Polr3c	-0.0252309299812885	0.5599840784993546	neither	-0.0051061490927696	0.0060482185557269	-0.0005381984264403	-0.0060599402187425	-0.0042343321171009	1.0637277471259343
320974	Lrrn4	-0.0073728989782958	1.7579765395915006	neither	-0.005083004873897	-2.2523172438963263e-05	-0.0048188861663609	-0.0047145705425617	-0.0031632894095435	2.013972045054913
242585	Slc35d1	-0.0072119199282595	0.9555758685171304	neither	-0.0050779148241044	-0.0008162470071008	-0.0007719771215146	-0.0001703673300195	0.0014201754495993	0.1223092747808879
16450	Jag2	0.0153344759666431	-0.8050366590561372	neither	-0.0050669301366993	-0.0050846989357031	-0.0069479593417552	-0.0052173128848178	-0.0065886827987859	-0.7245154017300078
12023	Barx2	0.0081905962649039	-0.6959125615624142	neither	-0.0050459684205404	-0.0056921893998284	-0.0055257485593503	-0.0062549832026858	-0.0060151315120144	-0.9183831412520724
74393	Map10	-0.0051660066126887	1.7621162344769234	neither	-0.0050187028124295	0.000382714586729	-0.000343440111364	-0.0023597708297492	-0.00264937890275	1.6595255464486984
75695	Rilpl1	-0.0139715720778124	0.8598833616506802	neither	-0.0050058000492121	0.0050201853362918	-0.0025740276204942	-0.0069997465497646	-0.0053163191442286	1.3568300418809704
30059	Timm10	-0.0035929002790336	3.744959870273554	neither	-0.0049685092760906	-0.0008925801500605	-0.0038872994706095	-0.0047913142064647	-0.0056916677533608	3.5765206602560227
93840	Vangl2	-0.0108332661984494	0.6249734479952664	neither	-0.0048617428433343	-0.0067024327714143	0.0027741090233451	0.0015377335601046	0.0043852332610189	0.1296853085815711
67728	Dph2	-0.0055209489354074	2.272426815784767	neither	-0.0048519122971712	-0.001438867190702	-0.0048493188362963	-0.0056586523199586	-0.004798307695172	3.0154618736702696
74020	Cpne4	0.0082013251748854	-0.842207194835499	neither	-0.0047800626180896	-0.0025995534120615	-0.0062254443753251	-0.0064031027447396	-0.0001452413847905	-0.6144297052508388
11881	Arsb	0.0063812477197798	-1.6914241927296598	neither	-0.0047547001635129	-0.0046991664166887	-0.0030883421876201	-0.0029077965122127	-0.001666093744704	-1.0283040285707938
74464	Zswim5	0.0089643429680888	-0.9879843360419982	neither	-0.004719871863155	-0.0004510419942681	-0.0035024417966079	-0.0040339951037714	-0.0033629273142446	-1.038520103075005
21356	Tapbp	-0.0121541664744577	0.7868631038096686	neither	-0.0047039421280879	-0.0021523138850286	-0.0013624340277585	-0.0072225084670212	-0.0022808439540511	1.7178197731139486
54381	Cpq	0.0096874100910201	-0.7015873671221705	neither	-0.0046848227847047	-0.001885082333817	-0.0050825053693082	-0.0002289495129448	-0.0018264521815281	0.1921199523752136
237711	Eml6	0.0059229663975063	-1.9055923790165223	neither	-0.0046359336970226	-0.0041206195991746	-0.0045503118823652	-0.0021445492553843	-0.0011176662937104	-0.8073488523473604
72486	Obi1	0.0056550793371337	-2.141299971374012	neither	-0.0045998767401048	-0.0060936452352376	-0.0050762118372456	-0.005636900779879	-0.0044698339396035	-2.5806249814498967
18976	Pomc	-0.0090411235816724	1.0800012130143943	neither	-0.0045175117341033	-0.0050059349433775	-0.0066177828182083	-0.0040400894472488	-0.005368234311407	0.4067406691393514
22695	Zfp36	-0.0150264196498332	0.796184421104216	neither	-0.0045064991831321	-0.0033969116011437	-0.0048570692141427	0.0026891088725908	0.0042486283703995	-0.2362536809191746
20692	Sparc	-0.0087963625981467	0.7940836768579836	neither	-0.0044580935070756	-0.0062705080134355	-0.0023505506068705	-0.0039850374045225	0.0010622916124611	1.1894205509666769
53619	Blcap	0.012614892258853	-0.9025640721881308	neither	-0.004436842226635	-0.0034445074246357	-0.0030874309953342	0.0004136720642276	0.000714903763255	0.3450283975485529
66522	Pgpep1	0.0115780449164405	-0.840010016479929	neither	-0.0044037808447407	-0.0036530759796249	-0.0018799130122194	-0.0083454057248466	-0.0047847871297945	-1.3907181789604917
329941	Col8a2	-0.0045183161788474	1.09246887259617	neither	-0.0043981067926593	-0.001734528961808	-0.0026831282632842	-0.003668619243055	-0.0037160897570447	1.628238795104446
69215	Sat2	-0.0065722881969924	1.6146055126023966	neither	-0.0043903032320178	-0.0052722768057789	-0.0120770042592522	-0.0052650057776089	-0.0067829246663886	2.0285574239958577
13631	Eef2k	0.0044155846831341	-2.4799460998740845	neither	-0.0043240094199304	-0.003624942556804	-0.0041098253556009	-0.0039729320795959	-0.002401138977715	-2.34850663432987
107227	Macrod1	0.011416499864896	-0.5546363201786207	neither	-0.0043106731132351	-0.0112319667117752	-0.0060511532664072	0.0004381511981846	0.0002354645880257	0.4477164424999709
21339	Taf1a	-0.0069370241457776	1.883679872544712	neither	-0.0043005028762758	0.0004005838676726	-0.0030999787254627	-0.0011536425497776	0.0011679276822911	0.7131975441029239
100072	Camta1	0.0068007936569947	-1.5999666929940235	neither	-0.0042966709668352	-0.0017809153659396	-0.003450371130965	-0.0046482948215268	-0.003654651962652	-1.7479994116662323
13032	Ctsc	-0.002722166970166	4.354082266957753	neither	-0.0042737945727838	-0.0063371166586271	-0.006939522927884	-0.0047858629441394	-0.004294781821779	5.134997424027517
71913	Tmem79	-0.0062678211586407	1.57149179432978	neither	-0.0042714328414179	-0.0010165217259452	-0.0072027008636423	-0.0081349888867301	-0.0066145252471861	3.782083417971572
116838	Rims2	0.0082108669325518	-0.8513802348847741	neither	-0.0042360159374635	-0.0031649126042038	-0.0072015493861706	-0.0010465110501511	-0.0016887423644506	-0.1267939508002281
67893	Tmem86a	-0.0037427124031268	1.1713236820818684	neither	-0.0042115357421676	0.001884197111702	-0.002036228721978	-0.0017341716351628	-0.0028337176598711	1.3332939070358916
75568	Capsl	-0.0057397308471646	1.8173775492436184	neither	-0.0041936328229299	-0.0004934426538206	-0.003619973286755	-0.0055688164676886	-0.003579329770298	1.116244449963743
109294	Prex2	-0.0145145839858227	0.9474884431521206	neither	-0.0041228135542983	-0.0027806420469706	-0.0064382161255944	0.0063224206584114	0.0025851847779268	-0.9539926217506784
242202	Pde5a	-0.01258969765732	1.0194920628234194	neither	-0.0040676318122419	-0.007038276048467	0.0062983922875391	0.0040108480298526	0.0025450195656944	-0.3218800714415526
50794	Klf13	-0.0101896636029432	1.1520601691721968	neither	-0.0040083432380173	-6.045895960429482e-05	-0.0006024213858999	-0.0047942980953455	-0.0022692321905644	1.587127037668506
74182	Gpcpd1	-0.0188876792587953	0.8185670067571413	neither	-0.0039720741977061	-0.0006489337961812	-0.0040295373926822	-0.0014109366030284	-0.0026976652384216	0.4231689588634764
14534	Kat2a	-0.0099278063097291	1.1272452158716793	neither	-0.0039608519615405	0.0012953198929038	-0.0014413778785313	-0.0041340594061557	-0.0026850937106728	1.527440346521184
170737	Znrf1	-0.0061227082984601	1.288340482384268	neither	-0.0039091597476148	-0.0006844657406774	-0.0035950151583269	-0.0003949163430932	0.0001990696825626	0.6010796413151112
59126	Nek6	-0.010257811255748	0.4523049557202886	neither	-0.0038947588402535	-0.0026779564730605	0.0007351906824971	-0.0019864138913915	0.0002073834878241	0.2662050739921733
76884	Cyfip2	0.0051735112695876	-1.803018007233896	neither	-0.0038615675160756	-0.0035109364965449	-0.0040982858272979	-0.003985954816611	-0.0023417723735573	-1.9343751325385228
21334	Tac2	0.0035245664890807	-2.6935116414796307	maternal	-0.0037505113399977	-0.0028232550787602	-0.0030125629869482	-0.002823594372539	-0.0008126478445906	-1.5637685197421154
70350	Basp1	-0.0051854278735059	1.1078505967825725	neither	-0.0037365541847526	-0.0029946821530759	-0.001623417473441	-0.004222222420882	0.0008060789732747	2.119087205016203
19713	Ret	-0.0044845404627094	1.199485475055635	neither	-0.0036885938005882	-0.0031074656496418	-0.001552338816966	-0.0	-0.0	
16525	Kcnk1	0.0040426907725308	-1.8811305067304915	neither	-0.0036748263333348	-0.0024117554545617	-0.0037730012815079	-0.0012268736283632	-0.0019488690494534	-0.4278362286167528
227394	Slco4c1	-0.0031462402300806	3.1810115855582595	neither	-0.0036664647829538	-0.0023936203085109	-0.0037826625545192	-0.0026614180343926	-0.0021263740344068	2.6518583555598547
268465	Eme1	-0.0052766296532564	1.7301959102179778	neither	-0.0036625282875125	0.001693315179905	-0.0048494928481958	-0.0041720099031758	-0.0029919284253268	2.478379529035552
18187	Nrp2	0.0126612032455928	-0.3980487674754923	neither	-0.0036235619841651	0.0047957613656144	-0.00112296024721	-0.0014392455692605	-0.0030589849294422	0.2113635288994089
227094	Nemp2	0.0074465333604815	-0.7084980806654045	neither	-0.0035843231666756	-0.0049056516095052	-0.0060451530624678	-0.0020192538262229	-0.003008165149862	-0.3183424963804585
15368	Hmox1	0.0033464293768657	-1.707739715388791	neither	-0.0035398355425727	-0.0005731625892548	-0.0013034208933754	-0.0015515225470088	-0.0004171237585393	-0.9891614205789444
109660	Ctrl	-0.0034311745780329	1.094532628030948	neither	-0.0035351487129725	-0.0021166766757139	-0.0011470080816304	-0.0007097752535684	0.0007094382782197	1.0543053351359353
67755	Ddx47	-0.0039597444971752	2.4656429303999867	neither	-0.0035139546608918	-2.625575272017609e-05	-0.0026488504443989	-0.0028129498110916	-0.0021654889103783	2.341476809796317
12902	Cr2	-0.0084500804371202	0.7738494387572953	neither	-0.0034717712610671	-0.0041310845024499	-0.0028070292401044	-0.0005196021886	0.0029024391316542	0.2932874453823416
55927	Hes6	0.0059587541706369	-1.340813549273902	neither	-0.0034582633034763	-0.0020430544554634	-0.003337631086352	-0.003383832234046	-0.00206863169396	-1.059219197944504
546611	Klhl33	-0.0101468079141216	0.8400723481172272	neither	-0.0033031050584564	-0.0029409643459153	-0.0004453155253488	-2.645425560227943e-05	-0.0023780373977139	0.3007480883650371
93888	Pcdhb17	0.010272403002463	-0.809723710232284	neither	-0.0033025184890953	-0.0019551170370203	-0.0055735174651037	-0.0027119595555556	-0.004190043966529	-0.4384194759117659
20750	Spp1	0.0033498433035269	-1.9577721131371693	neither	-0.0032903108584643	0.0001254237713933	-0.0017867691195623	-0.0046924153825025	-0.0021215047283373	-2.008552112016371
26939	Polr3e	-0.0025403781480784	3.2569777151537007	neither	-0.0032641320272676	-0.003071905182716	-0.0031003572434004	-0.0033706477677092	-0.0028147183556755	4.178311089476739
73884	Zdbf2	-0.0071310949379209	1.0630269987817194	neither	-0.0032527940098536	-0.0065274714732483	0.0006576079611896	-0.0028010023232054	-0.0016997029635607	1.2511057466845794
21935	Tnfrsf17	-0.0029339801623055	1.4868631058692905	neither	-0.0032032233715436	-0.0019725350295112	-0.0021818959722641	-0.0010269179194917	-0.001297253186143	1.0119948321039522
17873	Gadd45b	-0.0078018517478813	1.0991514819568842	neither	-0.0031002931298015	-0.0048601838001927	-0.0040453259502263	0.0016110279150727	-0.0033064507583575	-0.0936772276643373
22151	Tubb2a	0.004035142885398	-2.0080029919106197	neither	-0.0030903223926932	0.0001873170437681	-0.0009634072983858	-0.0020197283449313	-0.0014881472630511	-1.2381467404289417
21802	Tgfa	0.0038371257659305	-1.0719903995440232	neither	-0.0030375714778942	-0.0017599873874908	-0.000946082841085	-0.0010310646932526	-0.0016788161506126	-0.212560536531052
236900	Pdk3	0.0077233732216576	-0.9473586802019992	neither	-0.0030338892283413	0.0001194812008175	-0.0007252769587279	-0.0016337407546777	0.0001024176969219	-0.2960829277872419
74895	Ccdc181	0.0055577808847298	-1.3892793582799297	neither	-0.0030296595936248	-0.0026256889631821	-0.0034675173948888	-0.0024545084906262	-0.0033134668739489	-1.0205396637646906
77065	Ints7	-0.003435615552911	2.3144839993185173	neither	-0.0030150380941622	-0.0015470209842293	-0.0017369644001841	-0.0045197751934555	-0.002735719157073	3.846606408480898
67138	Herc6	-0.0054763383818573	0.9933467954641724	neither	-0.0030105726827847	-0.0023533162765574	-0.0013403745772604	0.0004791043162776	0.0002646537798557	0.0178159592685606
108897	Aif1l	-0.0022381575462689	1.5913035484313296	neither	-0.0030070007413804	-0.0001390980465578	-0.0019248398904973	-0.0011387593415575	-0.0012617533057986	1.1090733491123492
110417	Pigh	-0.0024154235182933	2.6521323579389864	neither	-0.0030028459956268	-0.0010483728612953	-0.0009550449961326	-0.0024322767871768	-0.001696191454898	2.692695388670468
71648	Optn	0.0029872723063853	-2.44741154492537	neither	-0.0029831197062951	-0.0015193694083037	-0.0030833425015296	-0.002733916367112	-0.0018608973975888	-2.2788014540627226
15442	Hpse	0.007972589690845	-0.8931353142331997	neither	-0.0029588880408886	-0.0016831664155427	-0.0026033357082648	-0.002214753448248	0.0008240687139919	-0.5021740428622387
76267	Fads1	-0.0118025045079892	0.2610902493562045	neither	-0.002917664459772	-0.0023097147034832	-0.0075804125146445	-0.0039774252078437	-0.0056042447514348	0.9454321422075364
243277	Adgrd1	0.0059216120109161	-0.492130986971684	neither	-0.002899680993477	0.0009272952248664	-0.0030713741183265	0.0011366483455898	-0.0026005542203895	0.5351514523821733
225845	Plaat3	-0.0109497674033013	0.8010881964086539	neither	-0.0028597598996877	-0.0093546871973781	-0.0116049872308997	-0.0030353514270438	-0.0027007603704406	1.0023254214786983
15507	Hspb1	-0.0124378493375378	0.751493070568068	neither	-0.0028574416947934	-0.00834605962125	-0.0126144179561021	-0.0118293500559436	-0.0060756772335388	2.553387734905313
58223	Mmp19	-0.002220312595728	2.911974674072504	neither	-0.002855385471047	-0.00197362381492	-0.0034679892824867	-0.0034706696790261	-0.0036539554912184	3.974860569514886
22422	Wnt7b	-0.0053643024407865	0.3896241726079102	neither	-0.0028382962637783	-0.0038802225735291	-0.0058950057291836	-0.0	-0.0	
76527	Il34	0.0048900911844903	-1.296806026690319	neither	-0.0028362005925311	-0.0028399932077702	-0.002554267258722	-0.0022147909596202	-0.0020657026177079	-0.883218131368596
245555	Nexmif	0.0044225121336441	-1.5706626041956222	neither	-0.0028213171930617	-0.0020752199107743	-0.002524483239789	-0.0031652714049203	-0.0010181148807798	-1.6223375458075475
14420	Galc	0.0076912812612621	-0.8566077974298404	neither	-0.0027870110713622	-0.002568344741284	-0.0030165604352159	-0.0005289996902901	-0.0013044575473985	0.1206654090339241
74039	Nfam1	-0.0055898712462706	1.063241487424484	neither	-0.0027711395060591	8.72201006551463e-05	-0.0022837411209865	-0.0027269810082231	-0.0014515583535179	1.2438835939383677
27056	Irf5	-0.0041669529394962	1.255846119342382	neither	-0.0027699000067588	-0.0005260026102616	-0.0013774182410089	-0.0	-0.0	
213435	Mylk3	-0.0049276229915091	0.7071733926660078	neither	-0.0027579850884224	-0.0032544395742484	-0.0025003799678787	-0.0022140114921536	0.0009890241268957	0.6765977433138368
29817	Igfbp7	0.0026482962479856	-2.375898797074017	neither	-0.0026645448472486	-0.0028994350001312	-0.0035267436305243	-0.0017750039563095	-0.0015547413461479	-1.1157313060514762
16011	Igfbp5	0.0071815632894081	-0.3708274043052013	neither	-0.002657379402808	-0.0019706039874705	-0.0010754457565565	-0.0022001257032778	-0.0026040433814866	-0.5815928874801756
93835	Amn	-0.0046400845865235	0.7613054989067553	neither	-0.0026423551928773	-0.0023958545436936	-0.0056215458458514	-0.0001289489470782	0.0015977538389179	0.2698490511246023
19220	Ptgfr	0.0042066653257325	-0.506245760943806	neither	-0.0025749418514071	-0.0008587448718731	-0.0022614331850526	0.0	0.0	
78797	Ndor1	-0.012601554221279	0.4973955516394956	neither	-0.0025728142854284	1.3375753269708277e-05	-0.0021822563543813	-0.0033405571370741	-0.0009923296469047	1.173702306686588
52463	Tet1	-0.0025895754085666	2.8421959855827708	neither	-0.0025661814882245	-0.0026085284614252	-0.0033397770797997	-0.002897915719021	-0.0027845461526926	3.4952060760640444
170799	Rtkn2	0.009901439231426	-0.63206132446284	neither	-0.002555227399669	-0.0003746007667753	-0.0007499805371891	-0.0040576969782866	-0.005132016473798	-0.849090145691101
12162	Bmp7	0.0045959286573822	-1.0171651864001163	neither	-0.0025503830698784	-0.0004140998837032	-0.001255960776632	-0.0002324569932036	-0.00103457583681	0.1983069443583025
18595	Pdgfra	-0.0086021581398884	0.6659999808761475	neither	-0.0025288939992746	-0.0084014721298185	-0.0051243383420688	0.0014556507989004	0.0014849223841664	-0.1472967022547295
103711	Pnpo	0.009802471952582	-0.6905968610159405	neither	-0.0025070965861727	-0.0097544882369594	-0.0032748354976521	-0.0015131540474051	-0.0015221055118897	-0.1451843062764883
69487	Ndufaf5	-0.0037302144684479	1.9049477516073885	neither	-0.0025046614119241	-0.0041269024039853	-0.0045903621580072	-0.0036467401845519	-0.0027071619832867	2.348832726833479
55985	Cxcl13	0.0039966970602652	-1.5261735115096544	neither	-0.0024759857070571	-0.0009685780038697	-0.0020149617460716	-0.0013249222240473	-0.0002179355416349	-0.4832484703682963
20893	Bhlhe40	0.0061395216515705	-0.9880728743065904	neither	-0.0024656084666127	-0.0005507283509445	-0.0011526570320943	-0.003937695955707	-0.0028101885332198	-1.5551097580150923
12142	Prdm1	0.0034672677064413	-1.7373854047800188	neither	-0.0024396103723274	-0.0010302143525828	-0.0024158280011899	-0.0027889337551204	-0.0021256499758317	-2.026596070618824
234740	Tmem231	-0.0077403066953391	0.9783077459505982	neither	-0.0024256464468284	0.0008083470771959	-7.237430061990214e-05	-0.0009109432907322	-0.0010439507207831	0.6160807940177337
16776	Lama5	0.0057541760199107	-0.8672046023691661	neither	-0.0024018272943669	-0.0012093295888631	-0.0009646306830946	-0.0021063120309948	-0.0019411505301796	-0.8217863231270958
218772	Rarb	0.001716457023863	-1.415137198125533	neither	-0.0023890909504151	-0.0014958054859838	-0.0008660955686158	-0.001151262054159	-0.0004184159234661	-0.4717504722397682
93761	Smarca1	-0.0046557092215254	0.5346348211761167	neither	-0.0023817877149309	0.0030704349100075	-0.0011668083181638	-0.0	-0.0	
20856	Stc2	0.0042816150779381	-1.1776053201091594	neither	-0.0023691740295888	-0.0014277028921687	-0.0011365338490342	-0.0024581242777707	-0.0034204461097094	-1.1956510853529825
12227	Btg2	0.0035194256547509	-1.7075483781004404	neither	-0.0023651770755359	-0.0003693767526339	-0.0004650404626321	-0.0022676371865287	-0.0007476254955889	-1.4116908223485491
64293	Stk32b	0.0027208646524248	-1.9305683576689143	neither	-0.0023258640638254	-0.0007524745285983	-0.0016261588514275	-0.0012366034741159	-0.0007508366833127	-1.0363976864930335
11717	Ampd3	0.0047922166874169	-1.1560196440884865	neither	-0.0023256916208849	-0.0028667193304619	-0.0028978789515356	-0.0011612072776251	-0.0003455259387912	-0.4592195500705433
21987	Tpd52l1	0.0053638842751321	-1.073992175325443	neither	-0.0023105244375627	-0.001154139005715	-0.0017072308088897	-2.5270118009258297e-05	-0.0021859366373297	0.2270520772731736
104943	Fam110c	0.003000564844127	-1.686759724791321	neither	-0.0023029625261542	-0.0024263532183332	-0.002949830355033	-0.0043522708212469	-0.0034021975371855	-3.417735646176133
24001	Tiam2	0.0059183912313932	-0.9160433350842686	neither	-0.0022941256998086	-0.0027162078996639	-0.0030115870806228	-0.0003710126889244	-0.000373759760018	0.0018517239608247
67795	Rnls	0.0018137066172813	-1.9873279947026024	neither	-0.0022637895242163	-0.0015248262213705	-0.0026032056742434	-0.0024299739203608	-0.0019281254236858	-1.86481971120736
18933	Prrx1	0.0039935736715475	-0.6710980846035599	neither	-0.0022464917244679	-0.0018181603158131	-0.003113139750271	-0.0019750435205435	-0.0020152127603039	-1.1087272555130467
224938	Pja2	0.003616742481379	-1.5905373883574006	neither	-0.0022362188625757	-0.0012082361817294	-0.0023416111310335	-0.0018963882234325	-0.0014949780659714	-1.2113218699553665
76866	Morn1	-0.0068738050320283	0.2713135196552886	neither	-0.0022241420821897	0.0008754625799355	-0.0023754210845784	0.0011138931475966	0.0013666874232156	-0.351595878174628
20528	Slc2a4	-0.0028735325913163	1.11381242527261	neither	-0.0022104997524995	-0.0028186305596774	-0.0022458286681752	-0.0014098278512371	-0.0017611034019023	0.4430703203999391
223864	Rapgef3	0.0023912778188218	-1.3775878849278014	neither	-0.0022064871258314	-0.001822797309289	-0.0016968842068315	-0.0018486195612541	-0.0031126760969638	-0.94096960204498
52009	Jpt2	0.0066003997543273	-0.8098078676699417	neither	-0.0021974599229834	-0.0011266506694655	-0.001737819918885	-0.0028627097851487	-0.0010560624614958	-1.0532956762506651
226591	Tiprl	-0.0020692551011047	3.147064984459959	neither	-0.0021850571776477	-0.0011367498699645	-0.0021681601154088	-0.0014097289291023	-0.0011211531915809	2.230384280853301
53321	Cntnap1	0.0050154147036	-1.0580707273990058	neither	-0.0021760107933282	-0.000863887451079	-0.0015109748788483	-0.0016499972299665	-0.0014633376929985	-0.7461713631236331
20613	Snai1	-0.0047248607329138	1.311164414983596	neither	-0.0021748573043607	-0.0013523269213944	-0.0037032574203954	-0.0035369991800437	-0.0030362178065721	2.2353293713678752
66673	Sorcs3	0.0048331561953118	-0.8577775122059871	neither	-0.0021690832616584	-0.001995456698647	-0.0033289347504922	-0.0024621079018104	-0.0042120295572234	-0.979698655086355
223435	Trio	0.0033848293786587	-1.5443688082635858	neither	-0.0021461540696302	-0.0008084290457829	-0.001802507033195	-0.0016426840231395	-0.0014226044759913	-1.2130942690043534
12972	Cryz	0.0033009763849929	-0.5801551060897381	neither	-0.0021339923288007	-0.002837841447222	-0.0041252863108393	-0.0010928232348422	-0.00170404215838	-0.2878438384421131
207565	Camkk2	-0.0089190075489276	0.4344823817432558	neither	-0.0021189641025919	-0.0019078194298864	-0.0019810293827998	-0.0016659978999943	-0.0016781364523488	0.7024939093529138
26411	Map4k1	-0.0071466725426052	0.598245344395009	neither	-0.0021105651584587	0.0010076901686209	-0.0035965015498959	0.0006988241145386	0.0011200723184272	-0.0473566438072795
18791	Plat	0.0038581120048062	-1.4519603370720953	neither	-0.0020848499135559	-0.0014766644497176	-0.0022284027708779	-0.0005807287745836	-0.0004213094690377	-0.1935085300269765
207495	Baiap2l2	0.0047323492304439	-0.6733160441218693	neither	-0.0020681183552197	-0.0026031832944516	-0.0027540948409202	-0.0007167303966167	0.0002532576903165	-0.0781106723105172
53418	B4galt2	0.0046350872810782	-1.0681942575689674	neither	-0.0020477498726123	-0.0017864079594226	-0.0020336277386768	-0.0019330990478972	-0.0019862610377964	-0.9314876947430296
434130	Ccdc8	-0.0082506819033915	0.2854126140196819	neither	-0.0020435221581969	1.4647531607040932e-05	0.0035355754222837	0.0004694456852889	-0.0013908330005948	-0.0089088176491172
20515	Slc20a1	0.0077288996886011	-0.584707687965017	neither	-0.0020254903384185	0.0003834518745267	-0.0010539576663284	-0.0019132439878522	-0.0003301642279703	-0.4496234191519256
105675	Ppif	0.0056388089721713	-0.9457997054264814	neither	-0.0020011422197312	0.0009634086746256	-0.0006643033632069	0.0010964057647127	-0.0004810310426264	0.7403800739846672
11513	Adcy7	-0.0051044220868954	0.7805943468202137	neither	-0.001996975016474	-0.0049591690705351	-0.0014736271442284	-0.0005086489177739	0.0005242820196848	0.4784823060903179
30954	Siva1	0.0060955857995219	-0.6720412710214481	neither	-0.0019893620197024	7.458929840395498e-06	-0.0004776788107997	-0.0002688388319895	0.0010362738624354	0.1127956795039347
12183	Bpgm	0.003607809762465	-1.2722501227731622	neither	-0.0019856938891309	-0.0006684428964396	-0.0013164729840427	-0.0025079720380935	-0.0010703482469012	-1.7996125216492629
194655	Klf11	0.0109910188991393	-0.3507976029900622	neither	-0.0019786377736664	-0.0031229299337817	-0.0029487616786549	-0.0010246606206205	-0.0012170450391963	-0.0309565297976642
58226	Cacna1h	0.0059348267349075	-0.6819482210239354	neither	-0.0019544810019739	-0.000333605176475	-0.0012376041368848	-0.0027482370394025	-0.002171246292932	-1.2063746029271063
14595	B4galt1	-0.0036051530920514	1.5256590945600763	neither	-0.0019544564727028	-0.0020626911242084	-0.0033552113800655	-0.0027105485694694	-0.0036626689717748	1.944296741325964
116939	Pnpla3	0.0031108281050702	-1.0998907926573804	neither	-0.0019451707645921	-0.0040436466262643	-0.0026950469991283	0.0020759481473495	0.0018667607064571	0.8091997223806714
17897	Myl3	-0.0026570987257376	0.4752819251233499	neither	-0.0019349758532407	-0.0014474039476794	-0.0025746550773405	-0.0005159231126248	-0.0016903586445232	0.4905207870315555
65964	Map3k20	0.0055089218872454	-0.8006618824031664	neither	-0.001926428214139	-0.0011470663872003	-0.0020077331326616	-0.0016446804053468	-0.0009474970747413	-0.5519727736778641
58994	Smpd3	-0.0038191031848101	0.9404094068126176	neither	-0.0019116620391314	-0.0021285062797231	-0.0015680483776114	-0.002654403298928	-0.0028559754690363	1.97441246315376
16373	Irx3	0.0053907611700252	-0.7313734913406118	neither	-0.0019051574533862	0.0016891765027497	0.0007382761087289	-0.0049070444391158	-0.001377667363886	-1.0509472219185467
245049	Myrip	0.0033006711428191	-1.334877736646954	neither	-0.0018991336666979	-0.0022405407894648	-0.0025853773581589	-0.0017243164648409	-0.0014471389610059	-1.2944240181544393
14229	Fkbp5	0.0118376923474065	-0.2687906894878129	neither	-0.0018738603652011	0.0020966808180634	-0.0011333825011807	-0.0023854197075105	-0.0013026412855841	-0.38278670131741
239743	Klhl6	-0.0055186633363872	0.8745480498472441	neither	-0.0018707468360276	-0.0002084621530729	-0.0037437997666364	0.0013825920340698	-0.0004964549117075	-0.2258773492242739
22393	Wfs1	0.0017652409909828	-2.5137488727612944	maternal	-0.0018661032964589	-0.0015618521049738	-0.0011238980967392	-0.0013805563980766	-0.0012115077173154	-1.8801533690045529
20475	Six5	-0.0023391652683205	0.7760229687448639	neither	-0.0018634606060035	0.000761429298081	-0.0020421593275104	0.0004758951629379	0.0002395324537189	-0.0307441675770208
20216	Acsm3	0.0044060653832232	-0.4524517963437194	neither	-0.0018431447647411	-0.0008245888256952	-4.736423800905209e-05	-0.002648316672876	-0.0010936275366285	-1.0115548259950349
66395	Ahnak	0.0061014225909711	-0.7437071617733119	neither	-0.001831121303025	0.0022274999726501	-0.0012534999815726	-0.0008380493544289	-0.0005197192041762	-0.088095708235557
109254	Adtrp	0.0026360720055703	-1.7753614165637217	neither	-0.0018128964839614	-0.0015237473415129	-0.0021563327129732	-0.0023418552295084	-0.0012364813399684	-1.842625870964832
218763	Lrrc3b	-0.0043364374205868	0.5591175479549376	neither	-0.0018124637220375	0.002005469040761	-0.0004087587761591	-0.0	-0.0	
21823	Th	0.0053989161642781	-0.8316337681717397	neither	-0.0018058130747375	0.000257007233694	-0.0008706326527013	-0.0004692351097609	0.000197808191765	0.0105964101717602
338370	Nalcn	0.0077765876121573	-0.4743442239355616	neither	-0.0018015390631441	-0.0042307935276419	-0.0020344864600452	-0.0003438106183577	0.0008264410549979	0.1013831812712466
12971	Crym	0.0019979133332783	-2.188693751989683	neither	-0.0017959957438543	-0.0014094121734829	-0.0016910649302302	-0.0027297069216801	-0.0016539895398002	-1.496004218728765
22042	Tfrc	-0.0018325817130129	2.908618441307865	neither	-0.001781895656149	-0.0015196572833711	-0.0022827949369049	-0.0024512849893954	-0.002610810980997	4.196164986283265
58198	Sall1	-0.0053294420255087	0.482435795591248	neither	-0.0017778156683436	-0.0052530312413397	-0.0045600959709839	0.0034735927299698	-0.0037313805017123	-0.7929123170886848
71839	Osgin1	0.0022966660529638	-1.4383725748589218	neither	-0.0017734761294532	-0.0015778421643085	-0.0024732083066985	-0.0020029685100748	-0.0013636288587548	-2.1637979870471287
245684	Cnksr2	0.0112433893505365	-0.3075132799360578	neither	-0.001760971688336	-0.002146397579263	-0.0057907990843554	0.0003517687519189	-0.0024333216636454	0.310733090829531
192216	Tmem47	0.0102290707136155	-0.3768741991510323	neither	-0.0017605526000127	0.0024973142317056	-0.0027964865208675	-0.0043603152101978	-0.0032258640157518	-0.8765150366484249
13643	Efnb3	-0.0057931785726445	0.4775329543361176	neither	-0.0017579609818678	-0.0014248022134633	0.0006518877872649	8.765906060393865e-05	-0.0011365515488061	-0.0520455558088891
381157	Greb1l	0.0121847614155514	-0.2997376836061153	neither	-0.0017567514221227	0.0057113542033617	-0.0024025722121337	0.0087745124497419	0.0075799861480485	1.8255032958589168
18164	Nptx1	-0.0025015946564734	0.741789409622306	neither	-0.0017550887921691	-0.0036437443452674	-0.0032330562369692	-0.0015788374186889	-0.000689987597912	1.0639715060657342
241525	Ypel4	-0.001718847003135	0.9665292269408876	neither	-0.0017519314113266	-0.0019654060662017	-0.0026861418064977	-0.0003926929159361	-0.0010309325378079	0.9618410790084772
231130	Tnip2	-0.0038553976596541	0.8609544744189652	neither	-0.001736499029602	-0.0006424845976811	-0.0034269379369017	-0.0023334320132832	-0.0021025354413971	1.7373999515511749
207521	Dtx4	-0.0049784834466942	0.431107932255734	neither	-0.0017284029084131	-0.0019644122975047	-0.0021658443744478	0.0029804404475111	0.004840414198751	-0.5770625059586133
272465	Tmem255b	0.0013128896888041	-2.938779170066218	neither	-0.0017254450930617	-0.0014276972326697	-0.0017210333177352	-0.0008673320590313	-0.0008805988620054	-1.5060304591109366
68631	Cryl1	0.0030491731921466	-1.5404666732218353	neither	-0.0017223217242668	-0.0021390045079883	-0.0021162550376613	-0.0008574997480476	-0.0006401010191826	-0.4703035159436398
56737	Alg2	0.0052090766218717	-0.7537326473910472	neither	-0.0017167233762366	-0.0003317710262927	-0.0005857790028028	0.0007215503430139	-0.0006798758756158	0.8119007639984581
387314	Tmtc1	0.0055743416426519	-0.6480834098711648	neither	-0.001699743611996	-2.380074366868686e-05	-0.0008919678858884	-0.0008965198329859	-0.0004720303206528	-0.2693017827931524
231238	Sel1l3	-0.0072045602811646	0.2547356817242288	neither	-0.001689119863008	0.0004368494316197	-0.0002916033192267	-0.0010526323870972	0.0031807240673728	0.3844909102498049
70466	Ckap2l	-0.0040263900443725	1.2467768241474282	neither	-0.0016841225797874	3.339069900494508e-05	-0.0014108761962055	-0.0005692701883726	-0.0007459418792758	0.6436661818775011
14917	Gucy2c	0.0026693707033887	-1.187435494817392	neither	-0.0016820845834922	3.124237599229176e-05	-0.0018109670523359	-0.0019206044828017	-0.0012777905640793	-1.6506860303097852
13685	Eif4ebp1	-0.0090876729400328	0.593828219716369	neither	-0.001667718490904	-0.0046923480121469	-0.0054495354985568	-0.0051396590199485	-0.0059305307034622	1.7659953934055632
13809	Enpep	0.0038047492033331	-0.6923248230975054	neither	-0.0016567378781808	-0.0016992022081464	-0.0027625952129171	-0.0024563203252362	-0.0021726511475847	-0.5668248211547134
228775	Trib3	-0.0021459013234134	1.897730838693079	neither	-0.0016225103337612	-0.0019191684475902	-0.0027884741498022	-0.0021265901135076	-0.0026656638308028	2.886072368967162
59030	Mkks	-0.0075628284356263	0.641787367524297	neither	-0.0015982792508233	0.0008351607602236	-0.0011716719659708	-0.0032777735709607	-0.0004496138625329	1.4957127874063538
20393	Sgk1	-0.0072317063633319	0.7030407551796662	neither	-0.0015834569129705	-0.0019548832152293	0.000860211497961	0.0013358847338132	0.0023952725887344	-0.1230891019491355
353282	Sfmbt2	-0.003042383817519	1.0067971049575752	neither	-0.0015697865935612	-0.0024940076766858	-0.0030891369448297	-0.0025300086590711	-0.0021439261305819	1.5998858505435114
210356	Nckap5	0.0022911233205895	-1.68240183423316	neither	-0.0015695206765167	-0.0008181089909505	-0.0012906462681608	-0.0008533099588351	-0.0003955052084087	-0.822894404589251
319582	Trmt9b	-0.0022553017710975	1.1328680839745051	neither	-0.0015669445129225	-0.0005167113560065	-0.0013343007373541	-4.37229364255962e-05	-0.0008315440508081	0.2613155531456096
73683	Atg16l2	-0.001977538171934	1.6534919814774232	neither	-0.0015614409677775	-0.0011728448336042	-0.0012543183526482	-0.0005094623387512	0.0001716045260255	0.6574366628939243
13082	Cyp26a1	0.0042102606394801	-0.9600879579545446	neither	-0.0015504184475914	0.0008224091824386	0.000112133153146	0.0	0.0	
98256	Kmo	-0.0108755571010303	-0.0091228526336578	neither	-0.0015498528433176	-0.0026858861166343	3.0484984526452573e-05	-0.00111980159026	-0.0027051720897237	0.1684346063762563
20354	Sema4d	-0.0074931884884466	0.5525349518631228	neither	-0.0015489371604571	-0.0004946359007972	-0.0016635741529873	-0.0006818174099607	-0.0002811746409327	0.5584248188983552
100978	Nfxl1	0.0028385827990852	-1.3920542185012628	neither	-0.0015481826382985	-0.002026844841617	-0.0017911917278074	-0.0010873006490196	-0.00097772785087	-0.9204139992318036
78908	Igsf3	0.0042594663390151	-0.8112945981707027	neither	-0.0015388953145026	-3.424993012904786e-06	-0.0008879802826103	-0.001893029999115	-0.0020101206792755	-1.1026613946694284
232223	Txnrd3	0.0019851864614795	-1.7143673574009717	neither	-0.001517300088967	-0.0003904717234148	-0.0003849211088345	-0.0017322561028238	-0.0014863640942831	-2.24253387346838
231503	Tmem150c	-0.0011580490131977	3.377982650013876	neither	-0.001514704253556	-0.0005827608000196	-0.0015923606607782	-0.0012377524624795	-0.0014753058564601	3.143813340145809
110075	Bmp3	0.0036557315052644	-0.3372723119538873	neither	-0.0015063298839098	-0.0013605840179773	-0.0027434166871796	0.0011851408503715	0.00104211314271	0.8880188296480652
58206	Zbtb32	0.0050584496050834	-0.6709976881070181	neither	-0.001504979160528	-0.0027914009230888	-0.0017977009581154	-0.0018722321339341	-0.00041008381703	-0.6738103258774063
23876	Fbln5	0.0015531274289997	-0.9677687149142808	neither	-0.0015002330015878	-0.000325871182722	-0.0009637863200479	-0.0018568334296605	-0.0013363563528622	-1.6296898275985217
22228	Ucp2	-0.0053147142050549	0.392563435437763	neither	-0.0014898983233926	-0.0023846718020818	-0.0026399950127962	0.0005716865926186	-0.0021725805754017	0.0255563750093853
12373	Casq2	0.0025110662445923	-1.4602732504547822	neither	-0.0014894131045719	-0.0008725035730285	-0.0014316090642697	-0.0019427003262039	-0.0009061180291015	-1.642465821510551
70717	Medag	0.0103892609265486	-0.2617722314944016	neither	-0.0014892507651125	0.0026527528444188	-0.0039563332027858	-0.0004732101878656	0.0024617982144333	-0.295019734787079
233744	Spon1	0.003880022442686	-0.8350763654438494	neither	-0.0014765442536565	0.0001626146656244	-0.001531716341593	-0.0015385445727572	-0.0010870797699556	-0.8332710324612866
104156	Etv5	-0.0016290618157138	2.2995652810645746	neither	-0.0014751651481749	-0.0010703585502595	-0.0015357872718517	-0.0015133845165615	-0.0006488607822032	2.8871042464232244
28113	Tinf2	0.0062141185799648	-0.5483209286959905	neither	-0.0014576844206002	0.000531774309165	-0.0014387635141497	0.0001197250631297	-0.0002601278242908	0.2801225080477868
83771	Tas1r3	-0.0024000069164409	0.9023805062701684	neither	-0.0014571877217824	0.0004082394748466	-0.0017317975995313	-0.0017775295598708	-0.000408909743461	1.829205195824308
72568	Lin9	-0.0061228006380014	0.8132923580702923	neither	-0.0014427037804984	0.000930830931547	-0.0004652157352713	-0.000841910912301	-0.0013572156306887	0.655896634379405
320696	Ccdc158	0.0025394491662286	-1.348879732773279	neither	-0.0014295045253862	0.0008076323319099	-0.0001309236486114	-0.0017075307532196	-0.0018125520595337	-1.5766046379691172
19273	Ptpru	0.0040220338596236	-0.2971852037615446	neither	-0.0014153870948106	0.0005156190590433	-0.0007829746567545	-0.00014184275742	-0.0009223178591509	0.1394681374738294
432530	Adcy1	0.0021488379541261	-1.1613353783240066	neither	-0.0014108575034423	-0.00125908589357	-0.0013632643466843	-0.0004108153381767	-0.001040307333496	-0.0827966640243743
239188	Enox1	0.001352263201315	-2.752652825329034	neither	-0.0014077874522347	-0.0009492226598048	-0.001206446264586	-0.0006816213514223	-0.0004945787735401	-1.2356422541234928
19204	Ptafr	-0.0025940996562887	0.8960227764685017	neither	-0.0013919937344985	-0.0004104903455448	-0.0003847271273549	-0.0005416483372308	-1.7046898034399183e-05	0.5263157549048502
22378	Wbp2	0.0046479549845692	-0.7071177842391718	neither	-0.0013850822955301	0.0013415545275653	-0.0008476297288957	-0.0010314658955217	-0.0009911880077856	-0.4102284934433371
77056	Tmco4	-0.003772383063813	0.9284886300075368	neither	-0.0013773934374063	0.0012809266225834	-0.0018597029955441	0.0005008250638769	0.0006025046982305	-0.0886556857651951
72404	Wdr44	-0.0012370145425532	3.1781621219571536	neither	-0.0013734452396837	-0.0015943773506006	-0.0018460623036413	-0.0013587086035076	-0.0007959133016847	3.3729736170672777
66421	2410004B18Rik	-0.0050192475774366	0.91335056106712	neither	-0.0013669768364595	-0.0003636200372815	-0.0005703635813879	-0.0014909458102438	-0.0007338748923546	1.135491728400412
14758	Gpm6b	-0.0033212227001742	0.1841943335454051	neither	-0.0013513242166958	-0.0001175690821487	-0.0002596245155629	-0.0	-0.0	
216560	Wdpcp	0.0049281641779402	-0.4088594972384559	neither	-0.0013469344963104	-0.0018920525848467	-0.0012329501838658	-0.0020921133508094	0.0022583247396739	-0.6073782339930391
16891	Lipg	-0.0057784640516042	0.3558117410056262	neither	-0.0013408628051204	-0.0036742001787249	-0.0005659037235635	0.0059339585611029	0.0012730946758944	-0.9658443512475564
240752	Pik3c2b	0.0046699449701865	-0.6704471920868166	neither	-0.0013294084458464	-0.0012363942821544	-0.001211898688986	-0.0013943177390156	-0.0010106094129497	-0.63969863953372
77034	2510039O18Rik	-0.0013047447167564	2.4111012679844928	neither	-0.0013294047108727	-0.0002678992786608	-0.001401074391379	-0.0018602538163088	-0.0012428253409546	4.00637683531966
68845	Pih1d1	-0.0031334201893406	0.8928769667505463	neither	-0.0013114064143035	0.0019049573747623	-0.0013392619676876	-0.0013283690675425	-0.0002119834456986	1.146447544731021
71091	Cdkl1	0.0036621688603496	-0.6252739039390812	neither	-0.0012956015901901	0.0001379954139222	-0.0003418984798467	0.0	0.0	
140577	Ankrd6	0.0121214170836016	-0.1261017532432103	neither	-0.001290674801491	-0.0006347235043221	-0.0003119604784545	0.0005136076292912	0.0007542096242107	0.3479875572404099
13370	Dio1	-0.0017617086806428	0.9965190489947846	neither	-0.0012821279848915	-2.061819017338213e-05	0.0006892569886849	-0.0	-0.0	
67758	Aadac	0.0018350015259774	-1.7287768367344438	neither	-0.001258992762685	-0.0009406344994231	-0.0011955139144475	-0.000731921594802	-0.000429340683356	-0.6502621476976801
56496	Tspan6	0.0040473080111728	-0.6596371232792053	neither	-0.0012577366653757	0.0009300678353327	0.0002100424042115	0.0	0.0	
69219	Ddah1	0.0033595608605545	-0.6800313208316167	neither	-0.0012534776144023	-0.0002759152795185	-0.0009842805165086	-0.001170438995213	0.0018829823944496	-0.1442053066546159
68039	Nmb	-0.0057425085014432	0.5106280836126695	neither	-0.0012521276089804	-0.0023182803478753	-0.0033506246623677	-7.58663511503538e-05	-0.0066846089961077	0.2788300387671851
16971	Lrp1	0.0061061359585741	-0.4111845820377534	neither	-0.0012460979893075	-0.0012457523318765	-0.002199608933226	-0.0003079449192221	-0.0007912402587992	0.0119290615056258
240055	Neurl1b	-0.0076384039008041	0.2318880650846528	neither	-0.0012450623931471	0.0002605537569025	-0.0027859519867824	0.0006487603341244	-0.0022589135340924	-0.0516759075809075
12448	Ccne2	0.0025934795777736	-1.1256535468508977	neither	-0.0012423758999798	-0.0005464364566151	-0.0002886232341522	-0.0008794646504333	-0.0001112588693862	-0.6728782463434515
232035	Ccser1	0.0058419629567002	-0.3830524163317217	neither	-0.0012423587264248	-0.0015863278982264	-7.897011099063976e-05	-0.0006421841927955	-0.0003259904719417	-0.0656861643900114
102502	Pls1	0.0012903447231001	-2.492534798441609	neither	-0.001240002960875	-0.0005164119245133	-0.0010671481188206	-0.0009860637714594	-0.0003844904875299	-1.7469868050209332
74387	4932438H23Rik	0.0090099426764952	-0.1831740591505477	neither	-0.0012398073590856	-0.0062789499128752	-0.0033293534240215	0.0030416898394435	-0.0014680731172007	0.5941348305800092
27762	Vwa7	-0.005186681476149	0.5200257189591962	neither	-0.0012268568982814	-0.0016640575365586	-0.0016011331103143	0.0016768888588297	1.835178666449245e-05	-0.3404284100002165
19183	Psmc3ip	-0.001175536136266	2.8805276831233764	neither	-0.0012212252657882	-3.70085836702988e-06	-0.0012812754003582	-0.0011235257360107	-0.0011334428871376	2.955555773728194
76223	Agbl3	0.002443385283829	-1.1836611781511135	neither	-0.0012114590228443	-8.742395660210145e-05	-0.0008261267515729	-0.0004523211046353	0.0003697994042716	-0.3200078114699397
226791	Lyplal1	0.0014006026180919	-2.270132587655669	neither	-0.0011902118804672	-0.0008754374451333	-0.0010364448218295	-0.0010581049898535	-0.0006793450101087	-1.8630271129968017
665113	Tnik	0.0023974912710907	-1.1168779630955188	neither	-0.0011896534868963	-0.0002174635098617	-0.0011031457109796	-0.0008179364800882	-0.000666900257527	-0.7402295808748363
14120	Fbp2	0.0023712146753597	-0.8965264012189169	neither	-0.0011811188569636	-0.0017083057925007	-0.0025762614026054	-0.0009622663846159	-0.0012664056632322	-0.4125998167775166
235472	Prtg	-0.0057677935532337	0.3004763905613689	neither	-0.0011800526580157	-0.0058063839553111	0.0020589957508192	0.0013976084448599	0.0007907190437627	-0.2723536228828197
320343	Lypd6	0.0024014320452295	-1.2340615750923365	neither	-0.001173213931834	-0.0003599897710962	-0.0009850273463117	-0.001291386907736	-0.000362830440074	-1.0909574945934497
211712	Pcdh9	0.0022402083855228	-1.3459863926554023	neither	-0.0011729684694081	-0.0005012865711239	-0.0008239545281348	-0.000666058736172	-0.0003347938810598	-0.6696086142006688
320560	Dennd5b	0.0098083421093068	-0.1025714764376269	neither	-0.0011723038718194	0.0048492337148663	0.0011625700875234	0.0040451252657645	0.0039182556269789	1.4864940265933406
14545	Gdap1	0.0077131092742914	-0.1760259930321937	neither	-0.0011657278330094	0.0020799111607533	0.000148712690859	-0.0002620206530608	0.0005941336008425	0.081020967757657
14766	Adgrg1	0.0049487416734817	-0.5903969196724006	neither	-0.001165155485807	-0.0029003326672932	-0.0031248790775231	-0.0029815406258241	-0.0025036983028206	-1.5048282126442782
77889	Lbh	0.0072375675349063	-0.3978782676927554	neither	-0.0011638258313707	0.0027297035477838	0.001727018451821	-0.0029273115808176	-0.0008834835656614	-0.5742992376410878
56526	Septin6	-0.0022921986257442	0.9951039353202	neither	-0.0011613100815493	-0.0020170934982084	-0.0018356698109951	-0.0009498265433524	-0.0017628311357155	1.4853759779591629
382045	Adgrg5	0.0031289150091769	-0.3689221190539004	neither	-0.0011533289425612	-0.0018438479881747	-0.0022048522131421	-0.0023101736960922	-0.00173308297184	-1.2443992936774897
17883	Myh3	0.0057398809596016	-0.0565580393785576	neither	-0.0011446569752486	0.0036958741501956	0.0014555215745239	0.0014222177466717	-0.0001846723008705	1.2369411409805424
67178	Zmat5	-0.0012509106319127	2.5210266016474376	neither	-0.0011383699670872	-0.0003933583234549	-0.0013041862250719	-0.0012542174573968	-0.0008261884640018	2.8973425530925074
245638	Tbc1d8b	0.0022889932323633	-1.1350072838645069	neither	-0.0011367728650855	-0.0001592185576309	-0.0003206885976696	-0.0017098831948278	-0.0013161000488202	-1.2977134901577738
16870	Lhx2	0.0075983812527356	-0.2642749983938943	neither	-0.0011353713113879	-0.0025954727479422	-0.0005108775757854	-0.0036723535056255	-0.002995270506574	-0.907944101703934
69684	Aarsd1	-0.0038246760532558	0.5330751405995569	neither	-0.0011326938317455	0.0006156546000669	0.0031233896219125	-0.0017879551585584	-0.0011160207844968	1.335602749778015
170706	Tmem37	-0.0027578140580678	0.8062605296381963	neither	-0.0011165477255029	-0.0038976337219305	-0.0026471831876983	-0.0013635468333057	-0.0007264235943511	0.5235413273406473
242297	Fam110b	0.0015144357903715	-0.9966914848241912	neither	-0.0011077565522247	-0.0014994061250555	-0.0004954816412525	-0.0011938409956942	-0.0006917498216331	-0.9418283053604756
13869	Erbb4	0.0019792244283782	-1.0317549784828215	neither	-0.0010977161921151	-0.0003320544391263	-0.0003994895152146	0.0003853445687383	-0.0005954224151031	-0.1392329147277234
320139	Ptpn7	-0.0029167334948454	0.5064214024553109	neither	-0.0010940018094438	-0.0013707306348275	0.0006928416010389	0.0010002782627307	-0.0001595095026487	-0.2674032794115281
240023	Pnldc1	-0.0010850835575919	2.6805537040518126	neither	-0.0010895207142569	-0.0007311063223414	-0.0012480161437093	-0.0007807933801412	-0.0008331529395881	2.1035718937744146
243755	Slc13a4	-0.0062252235666035	0.5558282904358585	neither	-0.0010884947847752	-0.0029466972688854	-0.0005632179997013	0.0010160185262878	0.0004052860783692	-0.5250325841833997
16772	Lama1	0.0034705766213741	-0.709367281466484	neither	-0.001084523287595	-9.650138566743164e-05	-0.0013867591490222	-0.001389290840018	-0.0012395072515378	-0.7864124556579021
238257	Tmem30b	0.0046193012286029	-0.4401231476766787	neither	-0.0010841108199514	-0.000994019656319	-0.0005735208892672	-0.0021196188781216	-0.0022486179351799	-0.7866631864756095
72902	Spock3	0.0028695798600114	-0.8555295041476325	neither	-0.0010799775338766	-0.0003030806821226	-0.0008453860374987	-0.0007213597643865	-0.0002406486671976	-0.3905564144498744
19225	Ptgs2	-0.0021456692578609	0.380199604851153	neither	-0.0010769131147631	-0.0006619836010726	-0.0001906205287265	-0.0	-0.0	
12482	Ms4a1	0.0014619519121043	-1.8641488896944065	neither	-0.0010609126968796	-0.0003020583802293	-0.0007609007460678	-0.0007760637499265	-0.0006841975555177	-1.2633201659703437
78177	Ninl	-0.0016294265474739	1.2467854735287414	neither	-0.0010505042823033	-0.001359909464312	-0.0004337873162459	-0.0008676953299212	-0.0001388239343274	1.7920505310821535
75597	Ndufaf2	0.0018219025099965	-1.4087728206101944	neither	-0.0010472933307332	-0.0008972732245235	-0.0008543556548865	-0.000733656385191	-0.0003792475334301	-0.8649029223563561
67512	Agpat2	0.0043294545821557	-0.6092043355843021	neither	-0.001042940660047	-0.0019436360789934	0.0004346350693025	0.0008740520157685	4.138853365224658e-05	0.7561052237537972
75869	Arl5b	-0.0107981182833404	0.3641501730131236	neither	-0.0010319860360776	-0.0031838078971852	-0.0005027673403578	-0.0015585369303885	-0.0015690134380984	0.6591119015384163
19057	Ppp3cc	0.0022106274506618	-0.9847374924384104	neither	-0.0010314862946425	-0.0001051040551769	-0.0009374040118607	-0.0008521802415179	-0.0015194366975532	-0.4319987129891743
244895	Peak1	0.0036713798046242	-0.5294400460558978	neither	-0.0010210277581208	0.0006706939686743	-0.0002964273653841	-0.000330155016892	-4.112045671376402e-05	-0.08746753571543
107448	Unc5a	0.0053743093173577	-0.2067580434737687	neither	-0.0010045629322284	-0.0032041123395988	-0.0027338073487454	-0.0001710447313613	-0.0018853526196764	0.1678415987213033
27660	1700088E04Rik	-0.0029625392178021	0.8038889139588383	neither	-0.0010023082946827	-0.0008934848773612	-0.0005158214163098	-0.0007748415688335	-0.0010898035275562	0.806980017999691
223774	Alg12	-0.0068710969122901	0.3628257803406711	neither	-0.0009975849995438	0.0008843417680654	2.7771493365056676e-05	0.0011624876034169	0.000322890417976	-0.1815889803101069
71228	Dlg5	0.0057919791226868	-0.3709485860312608	neither	-0.0009838093419008	-0.0045216465674264	-0.0019710382154529	-0.0003513730465162	-0.0013131307603731	0.017026413009783
19260	Ptpn22	0.0014479676940967	-1.7130565917617293	neither	-0.0009797472613351	-0.000305171174894	-0.0008906421982278	-0.0008990600360819	-0.0006116181104356	-1.4125776780046124
214663	Slc25a29	-0.0042380212881834	0.1630626966519438	neither	-0.0009764441048892	0.0002306948989033	-4.6632022689440215e-05	-0.0006750520811437	-0.0010498041305886	0.6822889300268868
110033	Kif22	-0.0015497550106404	1.835389776270084	neither	-0.0009717649314547	-2.393019642333727e-05	-0.0009904279121811	-0.0007349544862551	-0.0001833048847035	1.7740183692593572
68067	Mrnip	0.0032057174910675	-0.9309914324773793	neither	-0.0009640358053424	-0.0030381531166932	-0.0011265821787572	-0.0012092732459459	-0.0010618206638658	-0.8087977204389403
15490	Hsd17b7	0.0024646349060037	-1.0206937822719782	neither	-0.0009625786161244	-0.0007995759102323	-0.0008544074855733	-0.0017471322757719	-0.0008441587923134	-1.6698559769792405
75593	Malsu1	-0.0021949280008066	1.199726370510886	neither	-0.0009478490302535	-0.0004982361336136	4.969927553057974e-05	-0.0017306708697351	-0.000265679294924	1.078917681708678
54131	Irf3	-0.0015282698995234	1.342174429888409	neither	-0.0009451172637958	0.0008967616325199	-0.0003809877279792	-0.0008340217208763	-0.0012398458667909	1.6389592869761969
101497	Plekhg2	-0.0043348631827155	0.3572220880219765	neither	-0.0009424867259378	-0.000780554839456	-0.0009857396480931	-0.0013710441783451	0.0001039049280019	1.0284257423092666
381511	Pdp1	0.0011853207353457	-1.9896175199711728	neither	-0.0009386970639751	-0.0004999880887816	-0.000648809708846	-0.0009098921744869	-0.0004473898016797	-1.85183836709992
52585	Dhrs1	0.0007653805797685	-3.2472857089481235	maternal	-0.0009282816491231	-0.0009846169698381	-0.0009146364962294	-0.0008652725681057	-0.0003852315146884	-2.698948747186573
63954	Rbp7	-0.0017077621314314	1.3333856906227	neither	-0.0009248635209961	-0.0018329682486299	-0.0024569438733866	-0.0008569321745242	-0.0010123363657007	1.03723704802598
320664	Cass4	0.0025892153335907	-0.3275280956442821	neither	-0.0009231451438016	0.0005059807940367	-0.0004034639967805	-0.0017420584902277	7.191896809831494e-05	-0.6260569422269173
15932	Idua	-0.0040334547502544	0.6872502571099289	neither	-0.0009224467912214	0.0012982809197038	-0.0005024810833842	-0.0012352878540834	-0.0005134038834381	1.011318140455942
108153	Adamts7	0.0039993485799083	-0.3429308319710103	neither	-0.0009182552678038	0.0022523021877643	0.0018500440231783	-0.0002270341745732	0.0010391279462171	-0.057028382048968
22031	Traf3	-0.019281953812954	0.1261773176608347	neither	-0.0009173467949123	0.0020502446352677	0.0053014537455949	-0.0006420331787184	0.0029774253158411	0.3460692165581537
244954	Prss35	-0.0060960229780084	0.2671970892676789	neither	-0.0009155402696662	0.0014296096043423	0.0019036630006204	-0.0016978383809029	-0.0007924404449622	0.6658557205974801
56358	Copz2	0.001321966073617	-1.6942882391630607	neither	-0.0009149078994196	-0.0002758838471167	-0.0006723646023248	-0.0008424541403044	-0.0003967729178372	-1.2261253362254807
70546	Zdhhc2	-0.0021106744896014	0.416594192514889	neither	-0.0009145822294041	-0.0004795993429808	0.0004588789940569	-0.0010120861356141	0.0007291021184872	0.4322243635420129
12307	Calb1	0.0011861948664377	-1.9289163205610764	neither	-0.00091144042372	-0.0005570850174901	-0.0008931770135469	-0.0009573886682507	-0.000182853549985	-1.7235684436111272
14681	Gnao1	0.0079182702703053	-0.1946732548535596	neither	-0.0009062290890925	-0.0031561068418532	-0.0053615852413454	-0.0011929040890749	-0.0017467585057704	-0.3099060909313043
22029	Traf1	-0.0043857622031602	0.1181512879409955	neither	-0.0009018694307029	-0.0002442375625817	-0.0001750012445882	0.0010550834527057	0.0001329810245278	-0.4884525030398825
240185	Jcad	-0.0166519600190286	0.1379480501557431	neither	-0.0008981528297111	-0.0011040077826779	0.0009082674054848	-0.0022081342093445	0.0015297111184195	0.597453289337796
245269	Nim1k	-0.0050259420623895	0.3867098703152311	neither	-0.0008980525167753	-0.0021886142024837	0.0006044920712315	-0.0013817259820409	-0.0001333235181054	0.8943275157244023
106042	Prickle1	0.0076555078610391	-0.0777890527053668	neither	-0.0008958475247335	0.0003254730621501	0.0001379575418599	0.0008516344382971	0.0004853839219764	0.5419153871383544
13867	Erbb3	-0.0015433665414137	1.493119495256349	neither	-0.000891527149471	-0.0016312404271477	-0.0019338488348037	-0.0013960769667628	-0.0010249152307316	2.760455877230014
13175	Dclk1	-0.0032516932001666	0.1935930421901972	neither	-0.0008782660881941	-0.0010474531103467	6.649648628783832e-05	0.0004645477068479	-0.0011373872848866	-0.1605771167040519
20616	Snap91	0.0021855165984349	-0.966970566233076	neither	-0.000872036687153	0.0003917750593845	-0.0003965711106975	-0.0005503805232933	-0.0005323213772323	-0.4341679154125497
83946	Phip	0.0024461748863189	-0.8233905107763658	neither	-0.0008666424888453	-0.0003795506599936	-0.0009500188420441	-0.0006414503146409	-0.0001325188650815	-0.5315756757721639
11745	Anxa3	0.0024201405795673	-0.29293769002687	neither	-0.0008614422056175	0.0012063524644459	0.0008636974612683	0.0	0.0	
14012	Mpzl2	-0.0017690566938174	1.2201360553723473	neither	-0.0008589576403911	-0.0010008150610498	-0.0014247104084956	-0.0010441418478739	0.00112361234666	1.1635696148080483
244058	Rgma	-0.0014307322266055	0.6731725147948098	neither	-0.0008423425273035	-0.0012090728509193	-0.0008631756715977	-4.257081562797112e-05	-0.0008023229662716	-0.145289007648353
218271	B4galt7	-0.0032711914956202	0.7435753022465427	neither	-0.0008324061930556	-0.0013192815372202	-0.0002466809869547	-0.0017856260758726	-0.0015417169521914	1.2862232655909425
23821	Bace1	-0.0059689713279545	0.4673885890338355	neither	-0.0008314199922704	1.9786510296717507e-05	0.0007227101630867	-0.0019871870393748	-0.0002920119389286	1.379647022586259
53324	Nptx2	-0.0020589467764193	1.1376091614409838	neither	-0.0008282552987335	0.0005174310769097	-0.0005848964797949	-0.0001532301160468	-0.0003371185773683	0.4746576222518625
171531	Mlph	0.00221587513073	-0.7885684071856635	neither	-0.0008249467748394	-0.0012525462006339	-0.0005295857058389	-0.0002688427581558	-0.0009961638222526	0.006649736715327
229658	Vangl1	-0.007117063389499	0.0233709941078435	neither	-0.0008217049425766	-0.0028299816207428	0.0003024041896426	0.0041599214336263	0.0055179288149875	-0.6679624053281018
622434	Arhgef26	-0.0021273874739582	1.2547783610247147	neither	-0.0008172727518622	-0.0008239422086199	-0.0014542947405047	-0.0007521736506755	-0.0012662152053678	1.3214217685714789
76566	Rflnb	-0.000723289339593	2.4673270235682265	zygotic	-0.0008081031358995	-0.0006126673269655	-0.0004160607648206	-0.0012422828718062	-0.0005245507407025	3.2594356800522784
232821	Ccdc106	-0.0032634807311706	0.6320383501020196	neither	-0.0008062907726816	9.258174170816372e-05	0.0002651956233219	-0.0003208571709273	-0.0003691930465054	0.4686386708887703
13823	Epb41l3	0.0017732467194543	-1.127880229074916	neither	-0.0007784010170565	0.0003352524220668	-0.0006125484325539	-0.000851680200994	-0.0004714400601461	-1.1099201701521666
103967	Dnm3	0.0012587139662107	-1.4579622890033062	neither	-0.0007719805400725	-0.0002431481112167	-0.0009059472508754	-0.0003937771928283	-0.0003712051796587	-0.6340742097279591
110385	Pde4c	-0.0020277436991259	0.8776422975531516	neither	-0.0007685033257862	-0.0005778056568853	-0.0006603845603914	-4.872195675169042e-05	-0.0005322358058368	0.2398144399921452
54650	Sfmbt1	0.0011701297872947	-1.5987006336861247	neither	-0.0007626124049328	-0.0003200286071769	-0.0005606269652857	-0.0005537020428481	-0.0002700619749798	-1.2114828772099693
16438	Itpr1	0.0047316770158215	-0.2821894237376594	neither	-0.0007580026530303	-0.0004253486964982	-0.0006239510598982	-0.0003468308914601	2.0319812521107528e-05	-0.0300083879409204
110197	Dgkg	0.0013422596973942	-0.9540754128739242	neither	-0.0007465551556048	4.913562549837815e-05	-0.0004729404766501	-0.0005069665734313	-0.0006818900763743	-0.5314317938807331
213760	Prepl	0.0010517382701854	-1.7485033173794469	neither	-0.0007456329461264	-0.0005704303281799	-0.0006860079549833	-0.000617650582894	-0.0005896659880891	-1.4413027530028253
208213	Tmem132c	0.0028236297048986	-0.5822451485029015	neither	-0.0007450682385336	-0.000334074344337	0.0001861053930002	-0.001244418332361	0.000670680774487	-0.4265911452050177
14027	Evpl	0.0032361659784272	-0.2347774130133034	neither	-0.0007430593578126	0.000770962976779	0.0003434478731308	-0.0020825994489296	-0.0020282161111527	-1.0099142726622046
14281	Fos	0.0009186966770447	-0.9985935695548956	neither	-0.0007413485298083	-0.0002722440657434	-0.0003854195257649	-0.0012423108230041	-0.0008747961185969	-1.5864902478572924
214580	Pstk	0.0018471252981068	-0.9621649838776914	neither	-0.0007395010991771	0.0007141971128013	-4.5900995705107474e-05	0.0007013953728746	0.0004534514603122	0.6975335987293618
240913	Adamts4	0.0026045172568846	-0.6186548425368212	neither	-0.0007346381817914	-0.0004842057859974	-0.0012237917969295	-0.0008600517920167	-0.0009129547439691	-0.604568400907157
68440	Dusp23	0.0022087737123438	-0.8222482387597175	neither	-0.0007346032509185	-0.0003833124439406	-0.0013228784546953	-0.0006979305329025	-0.0004411166533328	-0.5578283609172949
78100	Msantd4	0.0024589243559444	-0.7077497482630576	neither	-0.0007225021319568	-0.0001626437269718	-0.0006580383915071	-0.0006167965234102	-0.0004609652352124	-0.4830358093125606
66902	Mtap	0.000771345706854	-2.4580745838841467	neither	-0.0007123617990687	-0.000673382243636	-0.0006988100630566	-0.0007208565840109	-0.000451862548257	-2.2779007895549053
66591	Mad2l1bp	-0.0033083463629748	0.8752473292080754	neither	-0.0007104651417192	-0.000970740707499	-0.0027929567026126	-0.0010388791582561	-0.0022600835117902	1.149661965809894
271786	Galnt13	0.0009083580889922	-1.561096376942113	neither	-0.0007045334884992	-0.0005492388530044	-0.0009028196593366	0.0	0.0	
23985	Slc26a4	-0.0045532260922048	0.2267884747866844	neither	-0.0007017980329357	-0.0053815474484402	-0.0022923841182085	-0.0	-0.0	
26874	Abcd2	0.006828872779183	-0.1550240244245243	neither	-0.0006982354469314	0.002437280313064	-0.0027094073383849	0.0	0.0	
22640	Zfp1	-0.0010380003794355	1.8101525831567136	neither	-0.0006937132788213	-0.0003292993281412	-0.0006743580027342	-0.0011399653102958	-0.0012527322440701	3.1617002595867385
13195	Ddc	-0.0024771269372937	0.5246298216786902	neither	-0.0006930405578533	-0.0016367283120137	-0.0010584373322971	0.0005408342080622	-0.0004818291171625	-0.22930347334405
214106	4933430I17Rik	-0.0010751992112403	1.4521387004654616	neither	-0.0006912034293699	-0.0006385011510647	-0.0003570848610088	0.0001601476035892	-9.246179122863472e-05	-0.1892910573343449
19099	Mapk8ip1	-0.0020227744971823	0.5286175395376469	neither	-0.0006844507092006	-0.0008442969946397	-0.0002200920203784	0.0003841247998128	0.0004105011130625	-0.4893677812803568
227059	Slc39a10	0.0032357594128017	-0.3479857018990946	neither	-0.0006751602834494	-0.0001648493125821	-0.0004713073489649	-4.476102384352924e-05	0.0004980538062324	0.1907096951258137
69217	Plekha4	-0.0039044720712377	0.3212093819439841	neither	-0.0006723078008528	0.0002382279069014	0.0001256988904599	-0.0002276381465233	-7.579774529517346e-05	0.390633964859284
102545	Cmtm7	-0.002247351357383	0.6231209752541778	neither	-0.0006666582620581	-0.0013848574529158	-0.000591506270055	-0.0008732063373093	4.8250101187086807e-05	1.0046357386844684
77505	Dnhd1	-0.0038036660445294	0.1306085759904104	neither	-0.0006591985936089	0.0014140396380742	0.0009543804020924	-0.0020330514811339	-0.0013920222710744	1.74940434981987
216527	Ccm2	-0.0018883295630187	0.7283632338413378	neither	-0.0006553866569714	-0.0002321827395705	-0.0002920429175319	-0.0001552801860826	0.0003138017205553	0.5478782760156033
14251	Flot1	0.0029964890273323	-0.4904154994862559	neither	-0.0006512948494893	-0.0014550905178134	0.0002440575410961	-0.000976778123508	-0.0003915961212133	-0.500472673355653
11601	Angpt2	0.0039694144933767	-0.442523376721591	neither	-0.0006321514944171	-0.0026612937054245	-0.003246038530883	0.0019906672605024	0.0001015813214912	1.6941515349651786
110310	Krt7	-0.0042757593967375	0.4583896120047646	neither	-0.0006303320375343	-0.0023810837828922	-0.0010556324858365	-0.000645205158186	0.0009896989179175	0.6945108697604196
235041	Kank2	0.0021154732238451	-0.6952254415653701	neither	-0.0006282769327858	-0.0017143424935875	-0.000989803774269	-0.0007047219292398	-0.00066607827474	-0.6945323828836185
13170	Dbp	-0.002074180488864	0.9483769247309264	neither	-0.0006220902971019	-0.0007013042427451	-0.0018243997176368	-0.001074767273978	-0.0019610107061615	1.0306881257293607
18712	Pim1	-0.0012239177320744	1.4497737774235202	neither	-0.0006198695685545	-0.0002099011511647	-0.000683427266558	-0.0005316343560484	-0.0005000625080658	1.5489971371606313
231724	Rad9b	-0.0020106571332046	0.7895823899709044	neither	-0.0006055340272903	-0.0013074906480156	-0.0008424229659221	-0.0001233449702147	-0.0005141410239184	0.421677876000928
240058	Cpne5	-0.0020606292237137	0.6918424165219048	neither	-0.0005831183640659	-0.0008142847027061	-0.0004929119142267	0.000557940169467	0.000431784674327	-0.6032512200743874
76547	Tmem101	-0.0006754156420136	1.2597292613804465	neither	-0.0005807136639719	0.0001335204170438	-5.743853683520739e-05	-0.000291414437416	-0.000418012552339	1.0986333947078524
99512	Wdr47	0.0015303992770483	-0.8869411227173147	neither	-0.0005800727043795	-0.0002231176078894	-0.0004629074341776	-0.0002627866148084	-3.641608210977997e-05	-0.2866610128665224
329502	Pla2g4e	0.0100359991032139	-0.1421908089757463	neither	-0.000573455843454	-0.0008819365205064	-0.0034412893011107	-0.0014038658380525	-0.0016008259577507	-0.0941914134842353
241494	Zfp385b	0.0009785828085575	-1.287690930770233	neither	-0.0005687717858374	-0.000296549061734	-0.000547309013283	-0.0006693671506109	-0.0007384363063632	-1.461079931156834
12795	Plk3	-0.0016214016991517	0.8411608799369059	neither	-0.0005678139155758	-0.0004517219670652	-0.0009188842630961	-0.0006254462699836	-0.0005386418750582	1.474343700793162
665563	Mthfd2l	0.0065751230362238	-0.1908030893577337	neither	-0.0005668473657991	-0.0022393489686325	-0.0008027815949383	-0.000990350399004	-0.0007714990358137	-0.4353541806022411
67295	Rab3c	-0.0020168565722623	0.3742404988993256	neither	-0.0005630786672467	-0.0003870382406641	0.0007396872776526	0.0014185581494424	0.0009366789179152	-1.246305012636453
22376	Was	-0.001089399298402	1.0450215007847254	neither	-0.0005627498235087	-0.0001234903541214	-0.0004056019336046	1.047043360070242e-05	5.646434737072673e-05	0.0286530985947966
216292	Mettl25	0.0016084341496701	-0.8133143460533295	neither	-0.0005595893679814	-0.0013128002407949	-0.0007261874663785	-0.000344203380483	-0.0004263044252806	-0.2771378998288961
107513	Ssr1	0.0020455595606778	-0.6439265009828381	neither	-0.0005589941621113	-0.0006714696172931	-0.0008199457451133	-0.0004136318157213	-0.0002818471438997	-0.3347136022783334
245945	Rbm47	-0.0048483369797794	0.4879906147275865	neither	-0.0005571359785146	-0.0013042272713388	0.0003817596993994	0.0009909015479004	-9.985148295976475e-05	-0.3691154442192969
56316	Ggcx	-0.0070668931434766	0.0818808550062015	neither	-0.0005552094698084	0.0004112925028473	0.0037407496980734	0.0021592044699098	0.0012012039864738	-0.6220046535474578
12477	Ctla4	0.0039026845308445	-0.2611549553107143	neither	-0.0005551498205785	-0.0018740775279117	-0.0003586152053763	0.0022562889668318	-0.0013502467525333	0.9517190188118776
19734	Rgs16	0.0019986047155409	-0.253319921892462	neither	-0.0005513498428761	0.0006364515601176	-0.0004851929078455	-0.0008605386184605	0.0001087436347851	-0.8395334505510773
320865	Cdh18	0.0030571058347324	-0.6696270468506591	neither	-0.0005412405923051	-0.0014046236615207	-0.0035337110076042	-0.0006343726138947	-0.0002447745287368	-0.1685531249508088
74694	Tbc1d30	0.0009589745296348	-1.0192125358308484	neither	-0.000540746129977	-0.0006900236489831	-0.001090213966913	-0.0007010775261266	-0.0005669106824083	-1.585716080953594
240261	Ccdc112	0.0021045350143351	-0.6715452550774105	neither	-0.0005380804076164	-0.0013358790713923	-0.0017186494970612	-0.001293257334283	-0.00095721549474	-1.3961556368841783
229595	Adamtsl4	-0.0018679085529802	0.4801868842747359	neither	-0.0005271238715604	0.0003682383383175	-0.0001292376560965	-0.0017603516314603	-0.0011499213864623	1.5252308089214062
21652	Phf1	0.0031997481346069	-0.2975737640037112	neither	-0.0005176766651343	-0.0004079966913006	-0.0004296793149665	5.05093008286298e-05	0.0001008045512172	0.2060907406844536
74386	Rmi1	0.0016075355822	-0.806430055512456	neither	-0.0005141881947512	-0.0003479303087539	-0.0005247957941068	-0.0008807747841022	-0.0005201738972772	-1.3541654543117303
16007	Ccn1	0.0048639311053445	0.0111919478915141	neither	-0.0005129420684137	0.0003794543441706	-0.0029704782930031	-0.0047611157237183	-0.0009173598198011	-1.714281347214382
22359	Vldlr	-0.0012225924242933	0.7895385856881232	neither	-0.0005124018618341	-0.0011301718799537	-0.000708707380077	-0.0001240077069576	-1.906194448380554e-05	0.3781550532701352
18413	Osm	-0.0005066821483293	1.098597376786926	neither	-0.0005023746435875	-0.0003736112262134	-0.0002425665629167	-0.0003798295810447	-0.0005979223944433	1.1455702712607545
321007	Serac1	0.0023083330957763	-0.3766315642046485	neither	-0.0004958074813048	-0.000616568351892	-0.0009748757902619	-0.0008253998577335	-0.0004069715107292	-0.6614816972661802
13400	Dmpk	0.0034126889683893	-0.2623805763123608	neither	-0.000490003472507	-0.0004566559376211	-0.0005420433327101	-0.0008239577268036	-0.0011754861115158	-0.4125626168112798
15213	Hey1	0.0015118743554934	-0.7804544296044471	neither	-0.0004880832075446	0.0001120111686741	0.0001767220926431	-0.0005113801249191	-4.174560079205851e-05	-0.6438232228664177
52906	Ahi1	0.0026810750878427	-0.3224837398305693	neither	-0.0004850266636583	-0.0005511585433466	-0.0020122391049751	-0.0010161448993668	-0.0002269897077147	-0.5536820565447161
235402	Lingo1	-0.0025351709997859	0.3864784505797659	neither	-0.0004833362794602	-0.0005515702232364	-0.0008203307627685	0.0002846036943079	-0.0012538552034792	-0.2535651206438425
17060	Blnk	0.0032874114924015	-0.360549324712803	neither	-0.0004822978679016	0.0028856289992906	0.001300478633542	0.0006721795734759	-0.0017531417714056	0.5433733510908393
21940	Cd27	-0.0073410363036049	0.005247894194668	neither	-0.0004784091117151	-0.0005064515797501	0.0008786795555591	-0.0028369854977206	-0.0018413806976587	0.6479955996925559
230721	Pabpc4	-0.0020749508132526	0.8810539139498282	neither	-0.0004698610665295	0.0005237785788692	-0.0003847620347006	-0.0001687670502728	-3.792213531748752e-06	0.4478884062212754
225825	Cd226	0.0005078507302929	-1.7756384394891822	neither	-0.0004687967704902	-0.0004168280545959	-0.0006289726635204	-0.000287417505162	-9.403734596673584e-05	-0.8002597102375013
66824	Pycard	-0.0010493031651035	0.392868029317571	neither	-0.000458032070229	-0.0004667041558643	-0.0003979591815395	-0.0003768276758384	-0.0001379405907103	1.1630196857087864
73852	D3Ertd751e	0.0063915264915353	-0.1554531501437589	neither	-0.0004570397290216	-0.0009134697786332	-0.0015186199859009	-0.0030789984363968	-0.0014229250585746	-0.7744495014763972
13363	Dhh	-0.0010614838431869	0.5895670587122608	neither	-0.0004465662664336	-0.0009889512909083	-0.0006799322496843	-0.000169716483273	2.9410364979938824e-05	0.2412594554616599
233878	Sez6l2	-0.0005525984113965	1.4532003703349967	neither	-0.0004445434069012	2.622839258898925e-05	-0.0003015372704232	-0.0003317437250434	-0.0004470134361661	1.7457815465420727
22171	Tyms	-0.0009303149585737	1.4011273266010384	neither	-0.0004440684828289	-0.0001922600625203	-0.0004571714514328	-0.0002411152631255	-2.0575471459536557e-05	0.9802194049534496
18779	Pla2r1	0.0010391249890563	-0.7879905604841033	neither	-0.0004423687375192	-0.0006708702041773	-0.0009354493483462	-0.0005338672067389	-0.0005043728285064	-0.7216692001471541
245020	Slc35g2	0.0008883933100928	-0.49942458340646	neither	-0.0004351064949957	-5.262004657023123e-05	-0.0003326524578739	0.0	0.0	
11364	Acadm	0.0031315530794885	-0.1916987867276516	neither	-0.0004331969022296	0.0005476214093842	0.0001876062189068	0.0005571786014577	0.0006072217661716	0.8078583825994563
16658	Mafb	0.0011455681745916	-0.5221369443129713	neither	-0.0004307844907825	0.0010175010989162	-0.0003636601788171	-0.0008367534509456	-0.0010369607638698	-0.8358579202769436
219114	Ska3	-0.0007292270736885	1.7699022681131915	neither	-0.0004264149971215	-0.0003508747468028	-0.0003868948702074	-0.0003877062715705	-0.0003002934154432	1.72973270747859
74134	Cyp2s1	-0.0004551249408279	1.6434489564782062	neither	-0.0004256479343823	0.0001445538206909	-0.0003828672587516	-0.0001406088252615	-0.0001037878654427	0.9700934945682655
67163	Ccdc47	0.0019987751529852	-0.3944423447819503	neither	-0.0004217459488963	-0.0001191680212169	-0.000248112307966	-0.0001902226173846	-0.0001946095934336	-0.0564577249767575
23850	Pappa2	-0.0052027439090074	0.0172230157561315	neither	-0.0004184198983722	-0.000788626738856	0.0010820235119953	2.23463900555706e-06	0.0028514012237921	0.2665954592661321
381644	Cep135	0.002515623998463	-0.3161392524585198	neither	-0.0004180282623566	0.0001719931019671	-0.0004491356867096	-0.0003795263371113	-4.502605788577878e-05	-0.1996343755284798
29857	Mapk12	0.0049716981375839	-0.2366489980014734	neither	-0.0004146321117678	0.0012604473997045	-0.0027418886969251	0.000462122355343	0.00156531836443	0.2505808908943802
12298	Cacnb4	0.0055443728420321	-0.1728186847961485	neither	-0.0004113953403907	0.0014151082486467	-0.0010450000645242	-0.0034164012152312	-0.0019955482286804	-0.79562459891039
268902	Robo2	0.000776779826672	-1.1403666187788437	neither	-0.0004042010079239	-0.0001595149194468	-0.0003924286961458	-0.0009985549855549	-4.583625149893087e-05	-1.0489047519132306
544963	Iqgap2	0.0004947875837109	-2.1090635642484785	neither	-0.0004022032356228	-0.0003612258788835	-0.0004176139807353	-0.0003694259065607	-0.0001480876569926	-1.9329974292191163
13841	Epha7	-0.005106914732646	0.1938275908045702	neither	-0.0004015303005718	-0.0014667799714691	-0.0009756406013799	0.0006966614423359	0.0003390807221824	-0.0094843869683686
76217	Jakmip2	-0.0012338729172829	0.6399647279458895	neither	-0.0004012055839628	-0.0007044493627026	-0.0001715279187057	-0.0002291188257657	0.0002164169698089	0.3631935722612689
22401	Zmat3	0.0104015670387849	-0.0200703728500801	neither	-0.0004005779753168	0.0025058748304944	-0.0010758352332858	0.0010531136186148	-0.0002460127363068	0.6122774969788647
78286	Nav2	0.0006323939724851	-1.462252737127757	neither	-0.0003873431255243	-6.201568229024357e-05	-0.0002083394043393	-0.0001466949359208	-9.51456093128642e-05	-0.5292530505136921
76787	Ppfia3	-0.0066274050708468	0.1085438646569681	neither	-0.0003859834786384	-0.00153027119364	6.906449133347719e-05	0.0001607783023091	0.0026441492941921	0.1016036284752796
18768	Pkib	0.0011614129721794	-0.804269805702092	neither	-0.0003858024924312	-6.214853379052357e-05	-0.0002746031130719	-0.0003923498198681	-0.0003918644326297	-0.5744190655145396
12575	Cdkn1a	0.0232750687775979	0.0236236297144525	neither	-0.0003805022651371	0.0143245602642468	0.0106917362742638	0.0047655262198246	0.0148724553979574	0.7924434752073993
17381	Mmp12	0.0003035694259773	-2.952662369535625	maternal	-0.0003733991240222	-0.0002424872534373	-0.0003302979174192	-0.000203462410633	-0.0002030935885929	-1.2572485878165651
56533	Rgs17	0.0006751355142739	-1.3329306098528468	neither	-0.0003715142065685	-8.311721062587908e-05	-0.0002752807427944	-0.0005623797788621	-0.0002865767138907	-2.143949957236269
108797	Mex3b	-0.0022280513149601	0.4542462812937772	neither	-0.0003708008760294	-0.0015319114841952	-0.0015370517937045	-3.9641671741093086e-06	-0.0006225938420704	0.3787102671187776
72472	Slc16a10	-0.0026769542774594	0.5001631829726062	neither	-0.0003647559038542	-9.938739826677189e-05	-0.0001335907018868	-0.0003829603164674	-0.0002973967977623	0.6646878957660881
15186	Hdc	0.0012767381345365	-0.3320100700766403	neither	-0.0003644812353601	0.0006383813299897	-0.0002038216475453	-0.0004792144540612	3.744027337140399e-05	-0.6452376674013669
57344	As3mt	0.0046512919178934	-0.162898154396819	neither	-0.0003628648750165	0.0022182310072818	-0.0010714616277018	-0.0031866258372082	-0.0026713309404335	-0.5844836767766781
66972	Slc25a23	-0.0013430290511753	0.8916887809302418	neither	-0.0003622752979197	-0.0006945113557264	-0.0002643454105263	0.0001446946724656	0.0001347563228146	-0.0643191801846447
74470	Cep72	0.0032715657119859	-0.1995001849694128	neither	-0.0003609214859463	-0.0001319119520554	0.0001010995007435	-0.0008272527190101	-0.0016234243511401	-0.352034492025908
22352	Vim	0.0064519669796076	-0.1173660477899646	neither	-0.0003569325035143	0.0080492603167612	0.0044023403359392	-0.0055843168260344	-0.0021389069119903	-1.8583864651197468
64945	Cldn12	0.0052855210336182	-0.1727758200418816	neither	-0.0003550006088176	0.0008736800289216	0.0008379448840095	0.0011481588922941	4.316156691793794e-05	0.878262836187729
338403	Cndp1	0.0013368536961442	-0.572504857539904	neither	-0.0003529684087316	0.0001565209252967	-0.0003092674475377	-0.0006545422288719	-0.0002874538947584	-0.9554494600575316
77782	Polq	-0.0003035151227903	3.207804275981861	neither	-0.0003504962106412	-7.760778690356008e-05	-0.0002953595339173	-0.0003155314867737	-0.000205229132608	3.310049642867801
108899	2700081O15Rik	-0.0007634332110802	0.5575112516770443	neither	-0.0003502539001692	-0.0008686124878947	-0.0004349887075269	-0.0005017656255146	0.000114027945884	1.415264337238939
236930	Ercc6l	-0.0013599569968207	0.8333333368694906	neither	-0.0003483193909432	0.0001620347051429	-0.0003060144791011	-0.0001100560275809	-6.85249257680317e-05	0.4676578323066396
14823	Grm8	0.0008291661961882	-0.9784951851799314	neither	-0.0003419990312419	-0.0003683175394663	-0.0004724162511654	-0.0001746119078851	-5.6232343577288805e-05	-0.3412563539910374
14623	Gjb6	0.0006618851137078	-0.4341065510776768	neither	-0.0003419507130862	0.000216238014941	-0.0005030074400128	0.0	0.0	
20509	Slc19a1	-0.0006291634706259	0.7864593494736181	neither	-0.0003402514343143	-0.0001068118345797	-0.0001936707887897	-0.0002603647440945	0.0001703595537647	1.3226884363462854
64340	Dhx38	-0.0035880001080771	0.3098603371260519	neither	-0.0003364973520729	0.0007702284141166	0.0007242266336586	-0.0001525863797818	0.0003104904019518	0.3601925112679293
13139	Dgka	-0.0065760363784251	0.3495745758761319	neither	-0.0003260394346926	-0.0036750979734437	-0.0015935113455114	0.0024173223871758	-0.0017038635892533	-0.7290352094929767
11496	Adam22	0.0033738056804938	-0.225383391821067	neither	-0.0003223449138564	-0.0005709327847648	-0.0010649082380438	0.0003449589218569	6.29175826160776e-05	0.5671570270093126
11600	Angpt1	0.0005205492579753	-1.1001558662649384	neither	-0.0003211002031977	-9.833331734024892e-05	-0.0003355798661296	-0.0002339013086104	-0.0001956423162463	-0.5242784945497216
75906	Fam184a	0.0021176019018658	-0.2755372776115684	neither	-0.00031707143656	-0.0001916648145544	-0.0004585696632964	-2.8128895874792257e-05	0.0001044025969978	0.1914682174314282
20430	Cyfip1	-0.0008353777118703	1.1619428173277522	neither	-0.0003168459241736	-2.5501997749894104e-05	-0.0003760044567965	0.0003125039591537	0.0003450883485791	-0.8295759464455553
320472	Ppm1e	-0.0027642250428269	0.3082317941301845	neither	-0.0003156636066349	0.0004144323450799	0.0005098340293703	-0.000178244404056	-3.1534729285800024e-05	0.505469059092109
67168	Lpar6	-0.0024642344044495	0.5209302983577391	neither	-0.0003138042931357	-0.0014602565299652	-0.0023578775402942	-0.0011208684735446	-0.0020252510889328	1.1622587236487836
71279	Slc29a3	0.0010822080844695	-0.5685140770373375	neither	-0.000310873545137	-4.7998104217622606e-05	-0.0001421300761822	-0.0003436498657205	-0.0002943114670006	-0.4929984099807202
18584	Pde8a	0.0015519245091677	-0.4805203289548587	neither	-0.0003063464089237	-0.0001563762426697	-0.0002354777037607	-0.0002766813968231	-0.0003706656076596	-0.2628734705663665
228852	Ppp1r16b	-0.0054356918886461	0.3723743086149637	neither	-0.0003047555455926	-0.0035223916201927	-0.0006471487465251	-0.0079681103338643	-0.0046619622203701	4.264402611969291
72748	Hdhd3	0.0027519406908945	-0.2326548812993092	neither	-0.0002997629387191	0.000494230373014	0.0009020818996983	0.0006641228726286	-0.0011921490298914	0.5000605608678148
18750	Prkca	0.0069767696530665	-0.1593062686502337	neither	-0.0002986604947301	3.034463510638481e-05	-0.0013272907612269	0.0030394982520394	0.0002821899177844	0.9892113116050404
11688	Alox8	0.0025435968314431	-0.2246284278955772	neither	-0.0002936205475893	1.010293344418282e-05	-0.001242011003173	0.0	0.0	
170459	Stard4	0.0006001768375616	-1.215676694736144	neither	-0.0002908892245395	0.0001279177003394	-6.767691439217222e-05	-0.0004659762481684	-0.0001546735073116	-1.421226338846058
244757	Glb1l2	0.0021600227938497	-0.3354987227832052	neither	-0.000290216632449	-0.0001282370754686	-0.0002465286993946	0.0009753868872969	-0.0013272812643322	1.0213893050920888
19725	Rfx2	0.0016377170605158	-0.3961692291216689	neither	-0.0002854292663224	0.0001020240497977	-0.0001488184816211	-0.0001758332216302	-0.00030226728388	-0.0622496979263399
634731	Susd1	-0.001158034532057	0.5081366811340975	neither	-0.0002758386626559	-0.0002630322535503	-5.534232742837692e-05	-0.0007663471253173	0.0007450062112452	0.8519239893288978
241230	St8sia6	0.0016679575035964	-0.3328438738456152	neither	-0.0002733510575475	1.6092768720764033e-05	-0.0003992655206528	-0.0004915229617211	0.0001192045653346	-0.4534459106313005
216739	Acsl6	0.0015826697576074	0.0881991888778262	neither	-0.0002693428737134	-0.0001207607085518	0.000336277100617	-0.0001237899336652	-0.001025825782085	0.0512482753206658
70551	Tmtc4	0.0005284756590021	-1.2030818945662096	neither	-0.0002680781049829	-0.0001391205147726	-0.0003069714452913	-0.0003448820900297	-0.0001728432166082	-1.5650066668507767
19338	Rab33b	0.0011087606525971	-0.4269049675573927	neither	-0.0002667085063608	0.000177269429618	0.0001696768912141	0.0003161156444281	0.0002194834362016	1.081295328204043
18984	Por	-0.0004677289850941	1.225657922447748	neither	-0.0002637679696908	0.0001009054048692	-0.0001993273589565	-0.0003220252947645	-0.0002055468509525	2.307559814659814
68667	Trpm4	0.001250611300973	-0.3594632734258677	neither	-0.0002637148497544	0.0006781406249534	-0.0005463133361646	-0.0004363145260517	-0.0002515786505551	-0.5901572524419398
71240	Osbpl7	-0.0009014044302681	0.6334646966232831	neither	-0.0002584911948816	-0.0001438322855252	2.6920725521782958e-05	-0.0004394945614168	-3.0859128355347554e-05	1.565354518112392
12876	Cpe	0.00129023348044	-0.3818281890153012	neither	-0.0002550590665325	-4.2845453810947975e-05	-0.0006647534657245	-0.0005510080685944	-0.0008318777436507	-0.2674828639332913
102436	Lars2	0.0019791140382622	0.0706550835826751	neither	-0.0002539500489411	0.0009085896560387	0.0004113783240747	-0.000944559218085	-0.0001377619162152	-1.4372597559110103
69574	Cmbl	0.0019446246212597	-0.2254331363354851	neither	-0.0002489363101557	0.0002760571842111	-0.001745843893677	7.342296088617394e-05	0.0001856800259552	-0.0431428993069568
21942	Tnfrsf9	-0.0016423505990859	0.2782028816913026	neither	-0.0002446064326699	-0.0008446259236992	-0.0006355178401374	0.0002102565058788	-9.956861885086384e-05	0.322026886739614
269423	Abhd18	0.0021107358348142	-0.2015463793082496	neither	-0.0002414643143594	9.0753042820277e-05	-0.0003908404909242	-0.0002322363638958	-0.0003746703952051	-0.0204457849790018
19087	Prkar2a	0.0018459304051558	-0.1554253448965795	neither	-0.0002336240839155	-0.0002306469294481	-0.0002882269714548	5.491889034593994e-05	2.1826189118919625e-05	0.3150820502546604
54725	Cadm1	0.0010425560666997	-0.49357916684893	neither	-0.0002286850364102	-0.0001136117509303	-0.0003217074455092	-0.0002352128464075	-0.0001189954623107	-0.4064092647990762
226409	Zranb3	0.0026196064526806	-0.1906586242050681	neither	-0.0002241527691584	-0.000357566120935	-0.0006138066638233	-0.0010560993698131	-0.0010662678489255	-0.8542478582710242
56177	Olfm1	0.0003222290815016	-1.742906532484844	neither	-0.0002224521720965	-0.0001460141561337	-0.0002024602711809	-4.463194403707669e-05	-3.147149932513017e-05	-0.1860755147945522
12287	Cacna1b	-0.0012826010088328	0.1994198358734878	neither	-0.0002210499271495	-0.0003683609468344	0.0005185755821886	0.000237071296741	0.0009472467501691	-0.1244117712933058
218440	Ankrd34b	-0.0027615996858228	0.0434537129319402	neither	-0.000218422527041	-0.0026111246448849	-0.0010917516987395	-7.211966073346475e-05	-0.0014175496812161	0.3602830970638006
11459	Acta1	0.0021539017868998	-0.1821376696477176	neither	-0.0002160660805047	0.0004941149461445	-0.0010019312151251	0.0004297841336739	-0.0012071053964587	0.148718052822669
66526	Tceanc2	-0.000976888997465	0.6280358062713642	neither	-0.0002152675272971	-0.0002979680382182	-0.0003332380849661	0.0001614910543683	0.0001775805142392	-0.2062646353511149
11746	Anxa4	0.0012756968459107	-0.3798796284217059	neither	-0.0002122751688456	4.422040951137417e-06	-0.0003456456601036	-0.0002656157665368	0.0001811321269921	-0.27647485950082
68479	Phf5a	0.000609132827519	-0.7453157021334024	neither	-0.0002121688957957	-0.000445493124683	-0.0002292432937872	-0.0001351598264486	-0.0001394731455237	-0.4126569733560195
77577	Spns3	0.0046169457349456	-0.0842202954651296	neither	-0.0002118733949743	-0.0017912125529341	0.0003586611613486	0.0052015307319346	0.0012562942188028	1.856086571303228
18974	Pole2	0.000507655707474	-1.06709974763103	neither	-0.0002100883601282	-0.0002821953202387	-0.0003311544851606	-0.0002737025894204	-0.000215847296116	-1.2306370342639366
14081	Acsl1	0.0008164402953713	-0.6020802861732879	neither	-0.0002032793415728	-3.225190754955502e-05	-0.0001032123759378	-0.0003022358605171	-0.0002247093585313	-0.8237980188019884
330409	Cecr2	-0.0013515279801102	0.6899096166527412	neither	-0.0002026950088107	6.371624505127754e-05	-0.0001885144013803	-0.0002687889083723	-2.6211282757892425e-05	0.8005682214719106
16535	Kcnq1	0.0019316343281472	-0.2231794111373987	neither	-0.0002020237094935	-0.0003328869582769	-0.0007593701792643	-0.0002544889093581	-0.0004023416395756	-0.072971386732474
11927	Atox1	-0.0022553528566774	0.3644925850695004	neither	-0.0002005277127111	-0.0003515862685467	-0.000403886140068	-0.0005942395088287	-0.0004154093220671	0.9050263324604912
67198	Spats2l	-0.0032359148175666	0.1376871258584283	neither	-0.000199838231829	-0.0008150612370493	0.0003492358956133	0.0010979342385094	0.0016304001650374	-0.6140578333436482
105439	Slain1	0.0051152058091766	0.1812019355538389	neither	-0.0001912865453314	0.0010444718042289	0.0003565700090233	0.0003099022359336	0.0008037701620622	0.3751162421501398
20656	Sod2	-0.0017909472494701	0.4644850192926433	neither	-0.0001897411974238	-0.0004405960037455	-0.0003646840120419	-0.0003912306566548	-0.0005229923534262	0.880584817489311
12842	Col1a1	-0.0015254770435705	0.0611561057783379	neither	-0.0001888341355759	-0.0005526862698424	4.6275550193798304e-05	-7.243525146383044e-05	0.0007573516831007	0.3292610580677326
50934	Slc7a8	0.002924093180386	-0.1392676378257177	neither	-0.0001886242545589	0.0008961925859256	-0.0007210130936095	0.001431531137116	-0.0005001361700107	1.513039922324677
17345	Mki67	-0.0011538563094566	0.6926073646806891	neither	-0.0001879957591705	0.000260381933266	-0.0001415784209435	-6.660376446440936e-05	-0.0002129425149458	0.3724029795429538
72585	Lypd1	-0.0011194375224351	0.4012234800521435	neither	-0.0001792681477691	-0.0004079604608106	0.0001254733806369	-0.0002531189744342	0.0002410387158956	0.4965668642475074
66446	Exosc7	-0.0017546603836974	0.4076100339708592	neither	-0.0001788680717731	0.00163874542912	0.0005230684687383	-0.0002041870880058	8.725655699996746e-05	0.7140980421190705
210044	Adcy2	-0.0018429166625334	0.4661047929145531	neither	-0.0001711929361061	0.0002828220353195	-0.0010948227740014	-0.0002018090933139	-0.0001055717685543	0.3953187440869884
209032	Zc3hav1l	-0.0005246124539789	0.6599609171546892	neither	-0.000170771711521	-0.0004504502696907	-0.0002144017103355	-0.0001644079346061	-1.0798915353071297e-05	0.8390993270171343
14313	Fst	-0.0049734358565739	-0.0952418086064538	neither	-0.0001657301422663	-0.003231735938951	-0.0004030786119743	-0.0	-0.0	
319520	Dusp4	0.0005273626898562	-0.4589523614422778	neither	-0.0001653161962901	0.0002448614424643	0.0001573869939438	-0.000294221243322	0.0001801823076981	-1.062459945928531
319266	A130010J15Rik	0.0033206083451662	-0.0487365682100416	neither	-0.0001594980307369	0.0013722433531697	-0.0009724510492248	0.0001208359389158	-0.000712902604727	0.3994559857179484
22249	Unc13b	0.0058090955608042	0.0627685251007188	neither	-0.000157699414089	-0.0009943385632768	-0.000820993939302	0.0012809427201876	0.0012345567707572	0.8839823687662011
68642	Tmem216	-0.0017516443746837	0.368945572440938	neither	-0.000155107507817	0.0003532024909798	-7.317257914795547e-05	0.0003847235087375	-4.3707104194818646e-05	-0.3372004152571371
12550	Cdh1	0.0018985996381031	-0.1136015930410646	neither	-0.000153953306766	0.0003704316175485	0.0003243207669308	-0.0002009933026812	0.0001417608667298	-0.0368914609133561
14419	Gal	-0.0031341042953762	-0.1400609676188851	neither	-0.0001536456256729	-0.0021323614659849	-0.0018027122595187	-0.0	-0.0	
57340	Jph3	0.0014506471849769	-0.1731524787623924	neither	-0.0001512837317299	-0.0002415424952428	-0.0003392920791813	0.0002194975564111	-0.0005259925667548	0.3830041098154093
12494	Cd38	-0.0015554217751928	0.1670701463785511	neither	-0.0001504619699491	-0.0010414047596633	-0.0006153466773654	-0.0	-0.0	
12931	Crlf1	0.0008341359136735	-0.4200175637131739	neither	-0.0001475208633599	-0.0001960520764988	-0.0001738348060864	-4.4032224440054217e-05	-9.10073701652482e-05	0.2467095528138579
105239	Rnf44	-0.0002503838321787	1.7390244938788797	neither	-0.0001470308048171	0.0001144384567369	-5.890183122467576e-05	-0.0001661723436255	-9.406597951632504e-05	2.200938642480273
14675	Gna14	0.0001510872888351	-2.4713147058271705	neither	-0.0001429633380197	-6.197939847269943e-05	-0.0001116463003298	-7.446744249010844e-05	-4.37000148600023e-05	-1.1540252968238542
76261	0610040J01Rik	-0.0033673938337737	0.2616957675158714	neither	-0.0001426712308697	0.0004014799444242	-0.0009565400696742	0.0002354285282061	-0.0003555614331149	0.1525448230033179
17930	Myom2	0.0005938628757678	-0.48825689188922	neither	-0.000142069745959	0.0002822435406459	-5.134036891717807e-05	-0.0001972976159764	-0.0001488085060923	-0.7593377891383996
13131	Dab1	0.0002426752484083	-1.4648676175798114	neither	-0.0001412935273232	-0.0001330829807621	-0.0001324799048961	-9.380669727694512e-05	-8.17136422419089e-05	-0.7006816637275671
211228	Lrrc25	-0.0012732265558844	0.1531398966556845	neither	-0.0001408184826659	-0.0002998493499291	0.0003502869079888	-0.0	-0.0	
14183	Fgfr2	0.0006808373663003	-0.4871266997193266	neither	-0.0001402996081602	0.0001600354391843	-8.719663371365685e-05	-0.0003357597539027	-0.0002999960792757	-1.1347219662020176
67603	Dusp6	0.0006829025897217	-0.6216262597568969	neither	-0.0001393729921264	0.0004025061739403	0.0004292601937604	-0.0002076788920241	0.0003498878443921	0.0058274495660008
12850	Coq7	0.0047198795459725	-0.0713440016798637	neither	-0.0001388167824785	-0.0019692022388464	-0.001509567746685	-0.0006102233557115	-0.0006824935202349	0.0436177263536029
104885	Tmem179	-0.0002094439394106	1.1519854761999566	neither	-0.0001379840880661	-0.0001215698730075	-0.0001118962015651	-0.0	-0.0	
233875	Ino80e	-0.0028469625121748	0.1825360234684375	neither	-0.0001360036204102	0.0006372250865126	0.0008015891267728	-0.0001124025094863	0.0005422954174464	0.3984142050685442
70381	Tecpr1	-0.0004833433871135	0.5956408528631502	neither	-0.0001351976894618	-0.0001186121429626	6.576702611825321e-05	5.052255416715493e-06	0.0001145594794047	0.2694402753360018
16847	Lepr	-0.0005886061180659	0.7977720735527647	neither	-0.0001336634678976	-0.000162888367687	-0.0002317658397348	1.7686197796370198e-05	-0.000112929251819	0.1710298428087595
12810	Coch	-0.0010220540775802	0.1401316595419209	neither	-0.000132745162005	-0.001454345133172	-0.0008443621225956	-0.0003861805079696	-0.0002064742960177	0.706769973047788
64424	Polr1e	-0.0001163163406077	3.124511213210797	neither	-0.0001296922374348	-5.239622287616172e-05	-0.0001743091040854	-0.0001399907674204	-8.476635635748526e-05	3.617132647562957
106572	Rab31	0.0007015554977154	-0.449072844959732	neither	-0.000129079872749	-5.736747680396085e-05	-7.691037595257896e-05	0.0001865400210836	6.267536387343936e-05	0.9572618764414472
20516	Slc20a2	0.0004504089305679	-0.6052642333686552	neither	-0.0001279806448683	-0.0003703175403896	-0.000408048556716	-1.328541491969732e-05	-1.088973793004668e-05	0.5683445881260198
57738	Slc15a2	0.0002040085424904	-1.2127793130988285	neither	-0.0001277937955051	-3.563649758940984e-05	-0.000128350777836	-0.0001375024756084	-6.41352617201456e-05	-1.3318487095148146
78619	Zfp449	-0.004067467382231	0.1444071363308229	neither	-0.0001262766924694	0.0005000911470716	0.0011604161495479	0.0014642753750863	0.0019604227850226	-0.6614477781222275
20447	St6galnac3	0.0003970678315768	-0.5481179961730637	neither	-0.0001201114183119	-3.832519807291139e-05	-0.0002418593246133	-0.0001198540507121	-8.8630044261193e-05	-0.5326270027977761
75590	Dusp9	-0.00281752810481	-0.0282205565657866	neither	-0.0001181504619091	-0.0016558482225242	-0.0024103929580907	-0.0007385041012747	-0.0016850107721588	0.9505616909936464
268395	Mpg	0.0004937824593092	-0.4281392468540713	neither	-0.0001151287381259	-8.968543659099379e-05	-0.0003488295412881	-0.0001134932846358	-0.0001424871890443	-0.1736688861464695
234214	Sorbs2	0.0001453752612662	-1.967592342157312	neither	-0.0001125902899256	-3.079428181181523e-05	-7.947310499937609e-05	-7.334344467003612e-05	-3.258657824638456e-05	-1.1712346348913711
67422	Dhdds	-0.0117936747166984	0.1035017567293836	neither	-0.0001108672462832	0.0058727987343095	0.0005581076917714	0.000243248424214	0.0014909934289385	0.2032079697766775
22381	Tceal9	0.0018031686239911	0.1789244737083496	neither	-0.0001070694679536	0.0011609402637481	0.0016084882261393	0.0017450150975659	0.001208591997769	1.180143545030247
22771	Zic1	0.0008944978239577	-0.0217805550749944	neither	-0.0001058989102765	0.000547949144079	0.0001012194957102	-0.0006220751471876	0.0001561023172147	-0.6563184951356993
118449	Synpo2	0.0025059166461629	-0.1177075626401357	neither	-0.000105331823305	0.0014203086710016	-0.0010888276346468	-0.0004397698409903	-0.0010428543467126	-0.0931975610085818
236539	Phgdh	-0.0004227675054912	0.5215954011049818	neither	-9.520633139271726e-05	0.0001478393787095	0.000199509477531	-0.0002168410730178	-3.520969747780593e-05	1.952897269567655
70951	Spata1	-0.0018968545611443	0.1734225665272462	neither	-9.494726711035607e-05	-0.0004344896358385	0.0001405765836902	0.000239447269749	-8.216952548752286e-05	-0.0522524656472158
54486	Hpgds	-0.0001863647349927	0.9744093950361632	neither	-9.073875260352038e-05	-4.230294182050684e-05	-4.226687117093406e-05	1.0594389492260422e-05	-5.6813369206948e-05	-0.0538888525623252
228730	Kiz	0.0051554452599604	0.0135789285043334	neither	-9.022644773341046e-05	-0.0005347354300187	-0.0011463527621177	0.0004599998371894	0.0001108885433217	0.4899374211656279
232560	Caprin2	-0.0044221334413218	0.2426287609452729	neither	-9.020188106432322e-05	-0.0017512797724047	-0.000626280546225	0.0018642378147218	0.0014591398090683	-1.0163997775252889
52033	Pbk	-0.0006454752461329	0.5911416033283143	neither	-9.000267142157891e-05	0.0001239184226271	-3.775354411580335e-05	-0.0001178131365295	-0.0002157511448908	0.7709089621692021
12805	Cntn1	0.0003790908710382	-0.5598870710063274	neither	-9.000013185087918e-05	-7.804394835164279e-05	-0.0001495601035037	-4.580069377523151e-05	-1.4288326596763668e-05	-0.0945409178806052
328365	Zmiz1	-0.0011000386038156	0.3388563358052456	neither	-8.775437138158994e-05	-0.0003152834626151	-0.000118159933139	8.376409415867175e-05	0.0002140893889717	0.1071829705361877
270906	Prr11	-0.0001145367848268	2.301288406105077	neither	-8.766858115488961e-05	-7.875700323992724e-05	-8.913392341055744e-05	-0.000101166334678	-0.0001047782922321	2.785999060972882
17921	Myo7a	0.0004195722649286	-0.4242261597881162	neither	-8.528289874202831e-05	-3.9440978575207935e-05	-9.327123635550862e-05	-6.318621264793427e-05	-3.710781902850365e-05	-0.1700751092669482
211798	Mfsd9	0.0001006223231022	-0.757039635044343	neither	-8.487478457106076e-05	-9.814475723727672e-06	-7.244492089628216e-05	-1.888522907844013e-05	-2.956262558827705e-05	-0.2722365173678733
16574	Kif5c	0.0009045766973767	-0.092918008225078	neither	-8.442030875458294e-05	0.0001102239111935	4.806440162618488e-06	4.3521182731741006e-05	5.7333333191804735e-05	0.3593876861023615
110962	Mbd6	0.0025727256471333	-0.0335972102139536	neither	-8.384984642892976e-05	-0.0010611505721502	-0.0004841867062356	1.3059521672737965e-05	-0.0003448519963902	0.233823891452392
20745	Spock1	0.0003134318532035	-0.3844470117675919	neither	-8.259067024903072e-05	-0.0001668835660761	-0.0001795743346265	-9.069817045350608e-05	-0.0001832329844936	-0.3913835726683916
77113	Klhl2	-0.0052938269577489	0.1622722748001007	neither	-8.218536903594702e-05	-7.395785255374048e-05	0.0003051179891826	-0.0008220295007352	-0.0011371148103258	0.7056726174064772
71819	Kif23	-0.0008387531929798	0.4753032721017015	neither	-8.174615164230539e-05	-1.288520013323042e-05	-1.503123118628072e-05	0.0001659653425223	0.0002119591343931	-0.359435522803544
13982	Esr1	0.0006735497829876	-0.2131258358671096	neither	-8.1669524050608e-05	-7.275833819233253e-05	-0.0001144336155864	-0.0001370692686054	-0.0001618347976434	-0.3420293880395431
19249	Ptpn13	-0.0008694275196386	0.3780164302717986	neither	-8.050815659632083e-05	-0.000143133470706	-0.0001188173260319	-0.0001648032163291	-5.971859975328304e-05	0.8255386488690606
77593	Usp45	-0.0023483278213595	0.1923840051011486	neither	-8.038342714334394e-05	0.0002703678400516	0.0004160833077482	0.0003486862951897	0.000154056243539	-0.2115207384649423
243780	Dennd11	-0.0024139746898909	0.281057519191831	neither	-7.731542798111023e-05	-0.0001139544071716	-2.38580889176038e-06	-0.0001636126476345	-0.000198340190706	0.4313269866466896
330286	D630045J12Rik	-0.0015680286730329	0.2601011071928146	neither	-7.648666276224285e-05	-0.0004850129209922	-0.0001520593963691	0.0003730148886934	0.0004801015857731	-0.4363537490845849
80914	Uck2	-0.0002823358093053	0.9467024134323628	neither	-7.61773718163933e-05	0.0001139824964718	-3.758281799741009e-05	-0.000208350546247	-0.0001852373830036	2.40566839780583
319901	Dsel	0.0010920378210227	-0.1339879928603971	neither	-7.467049336772444e-05	6.774563212708551e-05	4.321050638205136e-05	-0.000315522472226	6.01262442082116e-05	-0.2202512078406047
56279	Dipk1b	-0.0029393002027875	-0.2253549663705832	neither	-7.269481485091666e-05	0.0006185613133952	0.0015491523331544	0.0001208655900921	0.0015062494547682	0.3568260728200507
26556	Homer1	-0.0040924769820966	0.2038559078190209	neither	-6.97695392750592e-05	-0.0010381141880452	-0.0001053678544047	0.0001654658162422	-0.0004990677322488	0.1324699731422272
140571	Plxnb3	0.0007394878527404	-0.1848192457063148	neither	-6.862173479879116e-05	-0.0003179767641635	-0.0001607847038858	-0.0003862301808132	-0.0002963834440247	-1.053559628084283
18150	Npm3	-0.003491654126683	0.0259863817680347	neither	-6.524372090413778e-05	0.0019469571398328	0.0026401993647391	0.0012802633376045	0.0002728229524639	-0.7512282059532794
53328	Pgrmc1	-0.0006008226618397	0.4044445163763426	neither	-6.512717561490623e-05	-0.0003728016798361	-0.0002088496429105	9.101823428313764e-05	0.0001162406785562	-0.1710769278232057
70310	Plscr3	0.0003437419230341	-0.2356520348561701	neither	-6.480088912882306e-05	8.976358107262598e-05	5.015822056809455e-05	-9.971010013263152e-05	4.798140597606544e-05	-0.3426466743033401
26949	Vat1	0.0065651066948202	-0.0237723097952949	neither	-5.969883738633024e-05	-0.0029563310964826	-0.0005607781492914	-0.0002382944812336	-0.0008535280596658	0.1932910619662252
20191	Ryr2	0.000549010709741	-0.2254959409204213	neither	-5.890066404387309e-05	-2.2148806763547053e-05	-0.0001518279398291	-0.0001356866411508	-8.181329349047225e-05	-0.4431235678869704
14961	H2-Ab1	-0.0026018151114437	-0.0908057961586973	neither	-5.859608053258132e-05	-0.0017072600232151	-0.0018658967063479	-0.0	-0.0	
13844	Ephb2	-0.0007243386929802	0.0526939563223401	neither	-5.85044852896798e-05	0.0002382267608757	6.513943035029709e-05	7.800311788360876e-05	0.0004209024920612	-0.0657859861667902
21828	Thbs4	5.3926414618514494e-05	-1.350048111175653	neither	-5.8250029238179335e-05	1.2856107852777702e-05	-5.985217280065316e-05	-4.5975045232634776e-05	-4.564656260565556e-05	-1.6303271268690127
407823	Baz2b	0.0003269959391781	-0.3365753022644013	neither	-5.563837175504381e-05	-5.137463144468652e-05	-6.503817171753603e-05	-7.393681206319034e-05	-3.545036564295709e-05	-0.4227035994133957
66953	Cdca7	-0.0023070601993675	0.0887328226063784	neither	-5.539801984644685e-05	-0.0003786909806936	0.0001238639245032	-0.000479673268866	0.0001524520881839	0.8891324540917316
12630	Cfi	0.0045552599096877	0.0641974707224423	neither	-5.345404401434333e-05	0.0001802948425179	0.0008808565187225	-0.0008096724604425	0.0001567346359214	-0.1317391586426672
22062	Trp73	6.567534754703616e-05	-1.632507149767907	neither	-5.329243263084578e-05	-6.007354678661232e-05	-4.534522926284908e-05	-4.392334111147202e-05	-3.673038114541668e-05	-1.5740545539962056
14261	Fmo1	-0.0002597241432734	0.3335236107861597	neither	-5.322407424276598e-05	-0.0001350771587891	-2.475370700378144e-05	6.368632481221177e-05	0.0001261895539859	-0.4743266497566001
77411	Esrp2	-0.0004501266989311	0.2008010394500707	neither	-5.192356403172931e-05	-0.0001312778425059	-0.0002799810502557	4.816879709926449e-05	6.379139432549518e-05	-0.0023812159645646
12297	Cacnb3	-0.0005263881594772	0.3103301183282869	neither	-5.073922092316119e-05	3.987392423808946e-05	-0.0001218394744645	0.0001891963245004	0.0001664962684101	-0.7825989217112449
14687	Gnaz	-0.000462839050075	0.3216539731253087	neither	-4.808699923733853e-05	-9.721478987277812e-06	2.0100225011451177e-05	0.0001298405819441	9.232263554219392e-05	-0.5158147926731631
14613	Gja5	0.0008968215416116	-0.2200293798777302	neither	-4.691551940324595e-05	-0.0002943093521407	-0.0003795290317678	-0.0010861588091889	-7.687450398865656e-05	-1.7531244337947094
384214	Ephx4	-0.001424181203937	0.0682362490038537	neither	-4.63329751304912e-05	-0.0003561291066283	-0.0003421661808904	0.0012046541674456	0.0004920516845946	-0.7179760840407621
23921	Sh2b2	-6.370493650188129e-05	1.0832143119063504	neither	-4.481627864230142e-05	-1.078151636186407e-05	-1.575863035506917e-05	9.771544059245884e-06	-1.998143141624603e-05	-0.0228670468135636
14160	Lgr5	0.0007606719216915	-0.1987399846815735	neither	-4.380838920969858e-05	0.0003339665855014	8.116481534403678e-05	-0.000178876003688	-4.028774361935253e-06	-0.4086176487161487
23948	Mmp17	-0.0002662106163576	0.2119999249777485	neither	-4.361031563673997e-05	-0.0001290429994378	-0.000150955297931	-0.0001797164310044	-7.2346409539501e-05	1.56997470194183
218820	Zfp503	0.0002094042601364	-0.5498249100552306	neither	-4.108146055964769e-05	0.0001285505359483	7.325821323455692e-05	-6.592513791268273e-05	0.0001806209992203	-0.4159485520207644
22234	Ugcg	0.0090118060728891	0.2238092889380152	neither	-3.987603323525511e-05	0.0023651893528137	0.0011361360820521	0.0040873259977419	0.0040702760672542	1.6202964185171314
20273	Scn8a	6.398431231755789e-05	-1.323425093591326	neither	-3.743130713717899e-05	-9.215091580818582e-06	-2.2486506524557603e-05	-1.3885348325097183e-05	-2.6250833370662525e-05	-0.2998353080275757
11941	Atp2b2	0.0006076751205491	-0.0602728824742051	neither	-3.68263159813694e-05	8.911735269401606e-06	-0.0002417972637278	-2.184917410089419e-06	-0.0001767598187282	0.7373591700961191
380863	Tmem171	4.49965439895278e-05	-1.9303208432284544	neither	-3.57689937892219e-05	-1.239396265760442e-05	-2.7507079178881248e-05	-3.381322550273416e-05	2.98196814626199e-07	-1.2992503579239538
546336	Prrg1	0.0002896886269916	-0.1448470911420664	neither	-3.3701230578452566e-05	1.3379683521797254e-05	-2.2701326072725104e-05	-1.7823849361859845e-05	4.5488628231008585e-05	0.1222480979741395
171282	Acot4	0.0005508338698102	-0.0918239173817714	neither	-3.320990524925377e-05	0.0001046878296562	-0.0001163438469046	-9.25954753530468e-05	-5.483908083755043e-05	-0.1873216307461775
56700	Glmp	-5.588172938799767e-05	1.6275720912321554	neither	-3.302096580578325e-05	-4.101538089386447e-05	-3.658922343046023e-05	-2.77547945568323e-05	-6.93923811861681e-06	1.5353833266705832
268481	Krt222	0.0018754697952405	-0.0148479398574323	neither	-3.2421358224835964e-05	-0.0001518674957724	-0.0005419143628691	-0.0012768561074744	4.02379820867054e-05	-0.3454070585379498
237073	Rbm41	-0.0002278068740197	0.3775876795685077	neither	-3.2387110964864826e-05	-5.457481763043287e-05	-9.261251281801296e-05	-0.0001670663069254	-0.0001004851977522	2.194900330424826
171463	Il17rd	-0.0001066027182789	0.9367512207052596	neither	-3.118412028226132e-05	7.125196315622447e-06	-1.778215953420471e-05	-1.2301630807000832e-05	1.0543353561714528e-05	0.592327722472335
242700	Ifnlr1	0.0003976931105357	-0.2054762742286684	neither	-3.014720370778077e-05	-0.0002131307647819	-0.0001124327840355	4.338659037444833e-06	-7.843401182472057e-06	0.1635748779667103
69066	1810010H24Rik	4.92412002215819e-05	-0.6931070406987898	neither	-2.770193998385604e-05	-3.9179356965948864e-05	-4.585041027524534e-05	-2.9549223541797223e-05	-7.205324486019846e-06	-1.1064487830615557
238024	Fn3krp	-0.0003832270511714	0.1233917882076152	neither	-2.769898963542364e-05	-0.0001983450572259	-0.0001511198408188	-0.0002637612175746	-3.154572116723887e-05	1.5690343168081935
101565	Ccp110	0.0006445549746747	0.0289315002323637	neither	-2.6351894155761852e-05	8.068437276460073e-06	-0.0001005884410332	-3.8603138147246114e-05	6.37441155982548e-05	0.0477211926338355
12393	Runx2	5.777825956809684e-05	-0.9468505993607385	neither	-2.5494581056608163e-05	-2.4780125845217304e-05	-2.1258682786066427e-05	3.5134301264955266e-07	-1.7695606944344206e-05	0.280626383415871
70223	Nars	0.0024024572112152	0.0942946229810871	neither	-2.3690049554193728e-05	-1.2937193786360934e-05	5.439153076846318e-05	-0.0007426656641762	-0.0010135152114755	-0.6261856512037354
19258	Ptpn4	-3.779176427833585e-05	1.4289744485555984	neither	-1.9483166636470023e-05	-1.2941647073715656e-05	-1.32023226837214e-05	-1.599533244666781e-05	-2.258895240367311e-05	1.4641920832922783
320557	Fam169a	0.0013468677751383	0.050240416649482	neither	-1.578946010450089e-05	0.0005995805168654	-4.351219460584781e-05	3.8109950101748777e-07	3.753869118738587e-05	0.1961293300667428
24057	Sh3yl1	5.074515671905569e-05	-0.7562884792837283	neither	-1.5771949573986806e-05	-9.031147522898904e-06	-1.2627114238126e-05	-9.725359683934396e-06	-1.2637531351224642e-06	-0.2869327935398164
232333	Slc6a1	-0.0011265855526666	-0.0225010067371179	neither	-1.5469124631286957e-05	-0.0003033586229337	0.0004191249579438	-0.0	-0.0	
238799	Tnpo1	0.000167877867987	-0.0253065877996532	neither	-1.4367999499424467e-05	2.6926224861502703e-06	-2.1405913350342165e-05	-2.466208231168197e-05	-4.012565074427492e-06	-0.2518334062203337
78892	Crispld2	-0.001204979086061	0.0135225944519418	neither	-1.3713807331767837e-05	-0.0008822485125138	-0.0007603929938829	-1.0468412021233131e-05	-0.0002610763552605	0.2042481866008781
12236	Bub1b	0.0034665519958645	0.079434667093797	neither	-1.3667437244418084e-05	-0.0002032761580491	-0.0006155636638477	-0.0002613230642454	-0.0002228905284519	0.045367704191857
22113	Phlda2	5.969289689907885e-05	-0.4956916734294173	neither	-1.3614798548038752e-05	1.9174895157631884e-05	2.6495094084376072e-05	-2.7558574470416294e-05	3.529513071413249e-05	-0.7467954330711218
13048	Cux2	0.0005574628918258	0.0469039092386321	neither	-1.1525142028036556e-05	-8.959879290716413e-05	-0.0001217816849013	6.992208512540363e-05	-5.4423339827336346e-05	0.6195181111056882
27801	Zdhhc8	4.5130705474174775e-05	-0.4982913626425696	neither	-1.010163888996996e-05	-1.4227948106685329e-05	-1.2681316856861312e-05	-2.6275637808718213e-06	-8.384244891993606e-06	0.0673855156697687
71720	Osbpl3	0.0006184427728497	0.0808875672182551	neither	-8.348095806397223e-06	4.6425556018763336e-05	-0.0002122497505852	2.3446774148323112e-05	-0.0002916913741097	0.358285922290161
228357	Lrp4	0.0006878582186599	-0.0832587243798901	neither	-6.0843567534534445e-06	0.0001089892780761	-6.690138055541112e-05	-0.0004417509281304	-0.0002629593626896	-1.1144501536013842
242607	Slc1a7	1.5894647840067298e-05	-0.2010712000389388	neither	-4.821881664497773e-06	1.3057821528711028e-06	-5.530423762826571e-06	0.0	0.0	
67971	Tppp3	0.0042226474962693	-0.156477809427371	neither	-4.275108787847345e-06	0.0009231659704552	-0.0001893935598767	-0.0011850830151527	0.0006711809881411	-0.5293414593087536
338365	Slc41a2	0.011331598948295	-0.0470457270263829	neither	-1.3957004697010002e-06	-0.0028974750702332	-0.0002232297497997	-0.0025598790427445	-0.0035895305278773	-0.3148507867813707
107351	Kank1	6.629878310186463e-05	-0.0435519445473976	neither	-1.211392369379333e-06	1.40323345597753e-05	1.7392587077848746e-05	-2.3721611254494007e-05	-1.5397564003070608e-05	-0.7640762769392871
103551	Epop	4.327533090292805e-06	-0.3319065311929673	neither	-7.297133988577592e-07	1.1699116203056504e-06	3.143655926738292e-06	2.682963942388461e-07	2.2912295036138784e-06	0.0771309281537316
21789	Tfpi2	-0.000397550584315	-0.0328036084741995	neither	-4.6465961391063e-07	-0.0002191852885358	-0.0001992260564497	-0.0	-0.0	
353242	Mrpl21	-2.29018577255522e-07	1.2250978361741256	neither	-1.0065747554536169e-07	1.3080030184460634e-07	-7.419580081416137e-09	-3.2586068267495804e-08	1.0857274594949744e-08	0.7071118237172804
69454	Clic3	-0.0031588022373844		not_expressed	-0.0	-0.0	-0.0	-0.0	-0.0	
67573	Loxl4	-0.0006384531519178		not_expressed	-0.0	-0.0	-0.0	-0.0	-0.0	
27371	Sh2d2a	0.0026101974186344		not_expressed	0.0	0.0	0.0	-0.0002015095328563	-0.0006207915802388	0.0200913977017393
80837	Rhoj	-0.0161689311222765		not_expressed	-0.0	-0.0	-0.0	-0.0	-0.0	
27409	Abcg5	-0.0049230217845846		not_expressed	-0.0	-0.0	-0.0	-0.0	-0.0	
225341	Lims2	-0.00147353466527		not_expressed	-0.0	-0.0	-0.0	-0.0	-0.0	
101772	Ano1	0.0017360240759573		not_expressed	0.0	0.0	0.0	-0.0003193748196045	-0.0008932982188554	-0.1163740025991233
24131	Ldb3	0.0038705863907382		not_expressed	0.0	0.0	0.0	0.0019025714000322	-0.000200468495254	0.7790398316326134
243616	Slc6a11	-0.0041382092284097		not_expressed	-0.0	-0.0	-0.0	-0.0	-0.0	
20277	Scnn1b	-8.802779787777327e-05		not_expressed	-0.0	-0.0	-0.0	-3.2046482790097143e-06	-1.6876343336001708e-05	0.1431396504860281
320563	Islr2	0.0011389585326953		not_expressed	0.0	0.0	0.0	-0.0008411295360521	-0.0004588091449605	-0.6662974506064703
30955	Pik3cg	0.0014238022533828		not_expressed	0.0	0.0	0.0	0.0	0.0	
18816	Serpinf2	0.0051205813817675		not_expressed	0.0	0.0	0.0	0.0026146984023401	0.0016072220592647	0.860710372639003
18113	Nnmt	-0.010358738092473		not_expressed	-0.0	-0.0	-0.0	-0.0	-0.0	
94332	Cadm3	-0.0029133977023192		not_expressed	-0.0	-0.0	-0.0	-0.0	-0.0	
15460	Hr	-0.0040121078226132		not_expressed	-0.0	-0.0	-0.0	0.000972748863173	0.0019599941055363	-0.0281711313373888
244723	Olfm2	0.0038425926275573		not_expressed	0.0	0.0	0.0	-0.0012362329792458	0.0002930417168996	0.1032916094520665
230904	Fbxo2	0.0025308871814791		not_expressed	0.0	0.0	0.0	0.0009912217349072	0.0006046772711315	0.3251720762390209
18782	Pla2g2d	-0.0062111202385564		not_expressed	-0.0	-0.0	-0.0	-0.0	-0.0	
212974	Pgghg	-0.0083809210988921		not_expressed	-0.0	-0.0	-0.0	-0.0	-0.0	
215632	Psd4	0.0099298968673233		not_expressed	0.0	0.0	0.0	0.0103859126074732	0.0006083911511832	2.0800597076712104
13346	Des	0.0043502027785434		not_expressed	0.0	0.0	0.0	0.0	0.0	
20274	Scn9a	-0.0003985657264568		not_expressed	-0.0	-0.0	-0.0	-0.0	-0.0	
94214	Spock2	0.014128147653853		not_expressed	0.0	0.0	0.0	-0.0055148946371794	0.0024291461917791	-0.5166682735239421
320747	Lingo4	0.0041197044255368		not_expressed	0.0	0.0	0.0	0.0	0.0	
12723	Clcn1	0.0001832472830696		not_expressed	0.0	0.0	0.0	0.0	0.0	
170638	Hpcal4	-0.0001606320986316		not_expressed	-0.0	-0.0	-0.0	7.760854576081234e-05	-2.471167779449601e-05	-0.1165664660537241
70726	Angptl6	-0.0042737531720396		not_expressed	-0.0	-0.0	-0.0	-0.000416925157326	0.0034716396313341	-0.1700088937486564
81904	Cacng7	-0.0022474126240373		not_expressed	-0.0	-0.0	-0.0	-0.0002294789673238	0.0002817986880735	0.5343501822906578
22409	Wnt10a	0.0038381090752157		not_expressed	0.0	0.0	0.0	0.0	0.0	
107503	Atf5	0.0034991973607352		not_expressed	0.0	0.0	0.0	-0.0003268301153536	-0.0001517904019766	-0.0673486522062732
21922	Clec3b	-0.0003598334847815		not_expressed	-0.0	-0.0	-0.0	-0.0	-0.0	
319660	Agmo	0.0121372025393373		not_expressed	0.0	0.0	0.0	0.0	0.0	
12643	Chad	-0.0058678547846495		not_expressed	-0.0	-0.0	-0.0	-0.0002862205964949	0.0029167567131779	-0.5333225823702533
105827	Amigo2	-0.0022342172819376		not_expressed	-0.0	-0.0	-0.0	-0.0	-0.0	
268747	Carmil3	0.0037471045716356		not_expressed	0.0	0.0	0.0	0.0008008528227054	-0.0015456448013985	0.5839900732363593
27261	Dok3	-0.0009346762084211		not_expressed	-0.0	-0.0	-0.0	-0.000519826353246	-0.0004563341650214	1.4532788569544577
30806	Adamts8	-0.0007852460784285		not_expressed	-0.0	-0.0	-0.0	-0.0	-0.0	
269855	Ssc5d	0.0035170999760288		not_expressed	0.0	0.0	0.0	-0.0017655904749909	-0.0041460710302772	-0.7195499394345686
12700	Cish	-0.0041698847066586		not_expressed	-0.0	-0.0	-0.0	-0.0	-0.0	
279766	Rhbdd3	0.0059139994051894		not_expressed	0.0	0.0	0.0	0.0001687525472721	0.0015076654416358	0.3337531977703575
58208	Bcl11b	-0.0012971804324741		not_expressed	-0.0	-0.0	-0.0	-0.0001694538016814	0.000685290956518	0.2696774922810284
641376	Tomm40l	-0.0023967652624112		not_expressed	-0.0	-0.0	-0.0	-0.0013001296315141	0.0005472891854002	0.4895885495325802
654812	Angptl7	-0.0053645519748345		not_expressed	-0.0	-0.0	-0.0	-0.0061739958958192	-0.0003290368013549	1.2057925812519523
170483	Grin3b	0.0045099930647878		not_expressed	0.0	0.0	0.0	0.003388996247708	0.0035949388497633	1.2127942016737867
231004	Samd11	-0.0048999903255847		not_expressed	-0.0	-0.0	-0.0	-0.0021105731321899	-0.0023805411166695	1.0318317202655587
71803	Slc25a18	0.0058936067944503		not_expressed	0.0	0.0	0.0	0.0028554817400692	9.09063172961891e-05	1.2181990276798824
14125	Fcer1a	2.384261224093583e-05		not_expressed	0.0	0.0	0.0	0.0	0.0	
17260	Mef2c	0.0089562071533293		not_expressed	0.0	0.0	0.0	0.0028162066332869	-0.004377945489476	0.8111362115236421
228550	Itpka	-0.0004706584556636		not_expressed	-0.0	-0.0	-0.0	-0.0	-0.0	
17313	Mgp	-0.0028054800981771		not_expressed	-0.0	-0.0	-0.0	-0.0	-0.0	
21924	Tnnc1	0.002382933735899		not_expressed	0.0	0.0	0.0	0.0	0.0	
56471	Stmn4	-0.0079726062245315		not_expressed	-0.0	-0.0	-0.0	-0.0	-0.0	
50997	Mpp2	-0.0021082851446958		not_expressed	-0.0	-0.0	-0.0	0.0007013723641969	0.0016425414949873	-0.1446398101976117
20533	Slc4a1	0.0071440288046163		not_expressed	0.0	0.0	0.0	0.0020509197538004	-0.001346911786115	0.4977326352842336
209837	Slc38a5	-0.0124465135311709		not_expressed	-0.0	-0.0	-0.0	-0.0	-0.0	
78560	Adgra2	-0.0029676289340674		not_expressed	-0.0	-0.0	-0.0	-0.0025221162209894	-0.0008499658259279	2.1916872115319603
98752	Fcrla	0.0025523877988346		not_expressed	0.0	0.0	0.0	0.0	0.0	
110351	Rap1gap	0.0018741135849771		not_expressed	0.0	0.0	0.0	-0.0002284089498995	-0.0013315083326968	0.223563478827998
77794	Adamtsl2	0.0014194859653779		not_expressed	0.0	0.0	0.0	0.0	0.0	
68680	Fitm1	0.0035051679136171		not_expressed	0.0	0.0	0.0	0.0	0.0	
14945	Gzmk	0.0027592233013788		not_expressed	0.0	0.0	0.0	0.0	0.0	
11839	Areg	-0.0016220013208219		not_expressed	-0.0	-0.0	-0.0	-0.0	-0.0	
21816	Tgm1	0.0004892529269154		not_expressed	0.0	0.0	0.0	-1.8813901936505487e-05	-0.0003997149500482	0.3222422545089187
16493	Kcna5	0.0059431090335874		not_expressed	0.0	0.0	0.0	0.0	0.0	
16181	Il1rn	-0.0051406880564207		not_expressed	-0.0	-0.0	-0.0	-0.0	-0.0	
110876	Scn2a	0.0006088464265199		not_expressed	0.0	0.0	0.0	0.0	0.0	
277468	Slc39a12	0.005485086802136		not_expressed	0.0	0.0	0.0	0.0	0.0	
269019	Stk32a	-0.0072721071888958		not_expressed	-0.0	-0.0	-0.0	0.0039275183628815	0.002309043201584	-0.7626014520594306
20371	Foxp3	0.0068142796391156		not_expressed	0.0	0.0	0.0	-0.0039370650693013	-0.005244655774394	-0.8179972250545902
210719	Mkx	0.0021777978609484		not_expressed	0.0	0.0	0.0	0.0	0.0	
170790	Mlc1	-0.0048937690435761		not_expressed	-0.0	-0.0	-0.0	0.0007655124305513	0.0005734510258655	-0.0491154960787064
18951	Septin5	-0.0041282616131547		not_expressed	-0.0	-0.0	-0.0	0.0023532751143228	0.0005329187130758	-0.8089910804827348
19416	Rasd1	4.576908015655224e-05		not_expressed	0.0	0.0	0.0	-1.591180751447936e-05	-2.63029283194905e-06	-0.5141655762147096
70405	Calml3	0.0059270066364576		not_expressed	0.0	0.0	0.0	0.0	0.0	
21389	Tbx6	0.0027053970824123		not_expressed	0.0	0.0	0.0	5.6895124000547647e-05	0.0001635973590369	0.0825742951017408
231162	Cytl1	0.0006514799137715		not_expressed	0.0	0.0	0.0	0.0	0.0	
15284	Hlx	0.0173524879317765		not_expressed	0.0	0.0	0.0	-0.0018151619602704	-0.0055947774913532	-0.0553967281090539
16979	Lrrn1	-0.0023315376082948		not_expressed	-0.0	-0.0	-0.0	-0.0014639187370164	-0.0009982876397095	0.4585998702349105
114644	Slc13a3	0.0041880721071191		not_expressed	0.0	0.0	0.0	0.0	0.0	
15559	Htr2b	-0.0067175269337704		not_expressed	-0.0	-0.0	-0.0	-0.0048515860329216	-0.0042883596454956	0.875536165501422
259302	Srgap3	0.0032725309431856		not_expressed	0.0	0.0	0.0	0.0001147205368424	0.0007275950073402	0.4128932380839423
76156	Fam131b	-0.0045744146502432		not_expressed	-0.0	-0.0	-0.0	-0.0	-0.0	
20201	S100a8	0.0034932011503744		not_expressed	0.0	0.0	0.0	0.0	0.0	
21384	Tbx15	0.0073289973071939		not_expressed	0.0	0.0	0.0	0.0	0.0	
22324	Vav1	0.0001011127110527		not_expressed	0.0	0.0	0.0	-3.376868456382317e-05	-5.09286914269029e-05	0.0931134885137121
59308	Emcn	9.873402897350302e-05		not_expressed	0.0	0.0	0.0	0.0	0.0	
17085	Ly9	0.0127198539100017		not_expressed	0.0	0.0	0.0	0.0	0.0	
16323	Inhba	0.007087798228743		not_expressed	0.0	0.0	0.0	0.0010554990543279	-0.0037795619126158	0.2712645709592505
107527	Il1rl2	-0.0045567300795717		not_expressed	-0.0	-0.0	-0.0	-0.0	-0.0	
338369	Tmem220	-0.0027311365241415		not_expressed	-0.0	-0.0	-0.0	-0.0	-0.0	
68846	Rnf208	-0.0007298196014974		not_expressed	-0.0	-0.0	-0.0	-0.0007380023728424	0.0002186679403797	0.9780972510853552
93735	Wnt16	0.002954551452792		not_expressed	0.0	0.0	0.0	-0.0014610077441664	0.0004016966270414	-0.2695941862618374
224024	Scarf2	0.02099834010635		not_expressed	0.0	0.0	0.0	0.0	0.0	
78558	Htra3	-0.0009336141258847		not_expressed	-0.0	-0.0	-0.0	0.0012688395600375	0.0010685007866592	-2.1939980275682167
12834	Col6a2	-0.0078987736097285		not_expressed	-0.0	-0.0	-0.0	-0.0023822524102973	0.0062569264677292	0.4295934039420817
211739	Vstm2a	-0.0128175438666536		not_expressed	-0.0	-0.0	-0.0	-0.0	-0.0	
14733	Gpc1	0.0048105245966497		not_expressed	0.0	0.0	0.0	-0.0015102940403803	-0.0022483375820491	-0.5508249063548368
18619	Penk	0.0020388848359228		not_expressed	0.0	0.0	0.0	0.0	0.0	
435965	Lrp3	-0.0013475620916915		not_expressed	-0.0	-0.0	-0.0	-0.0	-0.0	
12351	Car4	-0.0112805986368103		not_expressed	-0.0	-0.0	-0.0	-0.0	-0.0	
17868	Mybpc3	-0.0003824948392255		not_expressed	-0.0	-0.0	-0.0	-0.000194465471458	0.0001479187586787	0.7977176514275787
12346	Car1	-0.0059722932132305		not_expressed	-0.0	-0.0	-0.0	-0.0	-0.0	
225724	Mapk4	0.0012605572828537		not_expressed	0.0	0.0	0.0	-0.0004455515525436	-0.0001811389919734	-0.3748112891007643
27273	Pdk4	-0.0100710687966405		not_expressed	-0.0	-0.0	-0.0	0.0009791863690374	0.0014009235619549	-0.7010631857250329
72925	Marchf1	-0.002810239365664		not_expressed	-0.0	-0.0	-0.0	-0.0	-0.0	
20776	Tmie	0.0007760833339599		not_expressed	0.0	0.0	0.0	0.0	0.0	
12822	Col18a1	0.0033096674491104		not_expressed	0.0	0.0	0.0	0.001792992371854	-0.0009310591260374	1.0564538716344931
11602	Angpt4	0.0003456204475102		not_expressed	0.0	0.0	0.0	0.0	0.0	
68016	Cavin4	-0.0014565446118356		not_expressed	-0.0	-0.0	-0.0	-0.0	-0.0	
15450	Lipc	0.0003038108093553		not_expressed	0.0	0.0	0.0	0.0	0.0	
226999	Slc9a2	-0.0054502652483215		not_expressed	-0.0	-0.0	-0.0	-0.0	-0.0	
241770	Rims4	-0.0001178891535024		not_expressed	-0.0	-0.0	-0.0	-6.193710994083649e-05	-3.5341174347316965e-05	0.667738756731225
23959	Nt5e	-0.0072070703700322		not_expressed	-0.0	-0.0	-0.0	0.0013906867395601	-0.0022927327016599	0.0675338873544995
12481	Cd2	0.0049694430888387		not_expressed	0.0	0.0	0.0	0.0	0.0	
233199	Mybpc2	0.0007439974721052		not_expressed	0.0	0.0	0.0	-0.0007141982905536	-0.0003119570659441	-0.7983828683401132
18667	Pgr	0.000319574119377		not_expressed	0.0	0.0	0.0	0.0	0.0	
72349	Dusp3	0.0027439801256552		not_expressed	0.0	0.0	0.0	0.0018793136426892	0.0009393551218749	0.9308766414487052
15111	Hand2	0.0007787408212777		not_expressed	0.0	0.0	0.0	0.0	0.0	
19881	Rom1	0.0014948424394665		not_expressed	0.0	0.0	0.0	0.0003136087162627	0.0009666059949844	0.6422224635755946
211550	Tifa	0.0036347328043977		not_expressed	0.0	0.0	0.0	0.0	0.0	
12796	Camp	-0.0011531313463753		not_expressed	-0.0	-0.0	-0.0	-0.0	-0.0	
235281	Scn3b	-0.0018411524887378		not_expressed	-0.0	-0.0	-0.0	-0.0004959017022212	0.0011775305811367	0.3789548288208506
67937	Tmem59l	-0.002421608628877		not_expressed	-0.0	-0.0	-0.0	-0.0	-0.0	
67272	Cmtm5	-0.005175421020445		not_expressed	-0.0	-0.0	-0.0	-0.0	-0.0	
171166	Mcoln3	-0.0033013937230299		not_expressed	-0.0	-0.0	-0.0	-0.0	-0.0	
13516	Epyc	-0.0056145927835043		not_expressed	-0.0	-0.0	-0.0	-0.0	-0.0	
18548	Pcsk1	0.0013747373407898		not_expressed	0.0	0.0	0.0	0.0	0.0	
213469	Lgi3	-0.0023303637966147		not_expressed	-0.0	-0.0	-0.0	-0.0	-0.0	
72310	Nkg7	0.0003350175881513		not_expressed	0.0	0.0	0.0	0.0	0.0	
17984	Ndn	-0.0008412085075686		not_expressed	-0.0	-0.0	-0.0	-0.0	-0.0	
23794	Adamts5	0.0012297393731091		not_expressed	0.0	0.0	0.0	-0.0004624655803942	-0.0006733121896652	-1.092748566122479
16371	Irx1	0.0008213407794916		not_expressed	0.0	0.0	0.0	-0.0001767977037139	0.0005233263360908	-0.0651537429153555
30794	Pdlim4	-0.004185922076649		not_expressed	-0.0	-0.0	-0.0	0.0019127158282241	-0.0022866359184383	-0.7759903455058482
223646	Naprt	-0.0014731351600599		not_expressed	-0.0	-0.0	-0.0	0.0004621087012722	0.000720419654212	-0.3745130888105321
54167	Icos	-0.0003064576590709		not_expressed	-0.0	-0.0	-0.0	-0.0	-0.0	
17082	Il1rl1	-0.0020767842967292		not_expressed	-0.0	-0.0	-0.0	-0.0	-0.0	
13602	Sparcl1	0.0144363158362076		not_expressed	0.0	0.0	0.0	-0.0060716493172806	-0.0059956924999231	-0.6198352190568629
13654	Egr2	-0.001693156508679		not_expressed	-0.0	-0.0	-0.0	-0.0	-0.0	
76854	Gper1	0.0005478726555752		not_expressed	0.0	0.0	0.0	-0.0001935282466225	-0.0002403227317386	-0.0339593036870086
170721	Papln	0.0023125278338037		not_expressed	0.0	0.0	0.0	0.0023624447035487	0.0008737822126838	2.297459549451796
20928	Abcc9	0.012252394919807		not_expressed	0.0	0.0	0.0	0.0	0.0	
18121	Nog	-0.0041941169113088		not_expressed	-0.0	-0.0	-0.0	-0.0	-0.0	
26561	Mmp23	0.0077295170657753		not_expressed	0.0	0.0	0.0	-0.0015215046901805	-0.0016457168363724	-0.1293625429470864
11568	Aebp1	0.0059727897855097		not_expressed	0.0	0.0	0.0	0.0017938858715603	0.00217121592857	0.4043470899046366
68458	Ppp1r14a	-0.007295165131602		not_expressed	-0.0	-0.0	-0.0	-0.0052349808348828	-0.0052559978324045	1.4175574617994495
14205	Vegfd	0.0038928793732465		not_expressed	0.0	0.0	0.0	0.0	0.0	
330890	Piwil4	0.0008913667680086		not_expressed	0.0	0.0	0.0	0.0003096360798678	-6.331021081505732e-05	0.6178414935335111
18596	Pdgfrb	0.0064082311601653		not_expressed	0.0	0.0	0.0	0.0	0.0	
208164	Fam180a	0.0010214737458073		not_expressed	0.0	0.0	0.0	0.0	0.0	
381853	Gipr	0.0030852480269386		not_expressed	0.0	0.0	0.0	-0.0037810711080784	-0.0013741037213422	-1.597568683876684
65963	Tmem176b	-0.0013280834746467		not_expressed	-0.0	-0.0	-0.0	0.0008261727400566	0.0015302430869024	-0.5602635277759453
232370	Clstn3	0.0025155855789613		not_expressed	0.0	0.0	0.0	0.0021203002129256	0.0011671012924049	1.407724112625853
216795	Wnt9a	-0.0007303846592747		not_expressed	-0.0	-0.0	-0.0	-0.0	-0.0	
57814	Kcne4	0.0080616778197084		not_expressed	0.0	0.0	0.0	0.0	0.0	
399548	Scn4b	0.0034021700373909		not_expressed	0.0	0.0	0.0	0.0	0.0	
18510	Pax8	-0.0010282449606611		not_expressed	-0.0	-0.0	-0.0	0.0003902050336654	0.0006761094479416	-0.0912162820363804
16909	Lmo2	-0.0050087002547276		not_expressed	-0.0	-0.0	-0.0	-0.0	-0.0	
27419	Naglu	0.0047500403362648		not_expressed	0.0	0.0	0.0	0.0012468235151009	0.0020122733912541	0.5857953556350386
218877	Sema3g	0.0057758785561519		not_expressed	0.0	0.0	0.0	0.0	0.0	
14412	Slc6a13	-0.0015493154259774		not_expressed	-0.0	-0.0	-0.0	-0.0	-0.0	
208092	Chmp6	-0.0013332046092182		not_expressed	-0.0	-0.0	-0.0	-0.0008215635045518	-0.0013372676320866	0.9542017867907924
18389	Oprl1	0.0039896567159186		not_expressed	0.0	0.0	0.0	0.0	0.0	
17228	Cma1	-0.0033718179666494		not_expressed	-0.0	-0.0	-0.0	-0.0	-0.0	
20317	Serpinf1	-0.0044401180139191		not_expressed	-0.0	-0.0	-0.0	-0.0	-0.0	
12062	Bdkrb2	0.0062182432767431		not_expressed	0.0	0.0	0.0	0.0020946041254697	-0.0048909617241964	0.6174634265773321
16846	Lep	0.0036091488609017		not_expressed	0.0	0.0	0.0	0.0	0.0	
58222	Rab37	-0.002706197361455		not_expressed	-0.0	-0.0	-0.0	-0.0	-0.0	
114679	Selenom	0.0006664101413451		not_expressed	0.0	0.0	0.0	0.0	0.0	
54634	Magix	0.0027088186504533		not_expressed	0.0	0.0	0.0	-0.0012315659777882	0.0007527088765191	-0.400160021250323
84004	Mcam	0.0133716493197516		not_expressed	0.0	0.0	0.0	0.0007047771460548	0.0006098324761591	0.3067521714214595
237831	Slc13a5	0.0014193762293791		not_expressed	0.0	0.0	0.0	0.0	0.0	
193034	Trpv1	-0.003420602613287		not_expressed	-0.0	-0.0	-0.0	-0.0	-0.0	
118454	Gjc2	-0.0012164662041103		not_expressed	-0.0	-0.0	-0.0	-0.0	-0.0	
14432	Gap43	-0.0004330525285978		not_expressed	-0.0	-0.0	-0.0	-0.0	-0.0	
73728	Psd	0.00140556085559		not_expressed	0.0	0.0	0.0	-0.0003019185326521	-0.0002915195560479	-0.2826013230975479
74490	Mamstr	-0.0018062115212602		not_expressed	-0.0	-0.0	-0.0	0.0004124239225063	0.0003898870627362	-0.2024312897782756
15572	Elavl4	-0.0015828267368123		not_expressed	-0.0	-0.0	-0.0	-0.0	-0.0	
240667	Sec31b	0.0033283368530879		not_expressed	0.0	0.0	0.0	-0.0022440845049196	-0.0014109760597163	-0.6308162165687765
497097	Xkr4	-6.97963948485608e-05		not_expressed	-0.0	-0.0	-0.0	4.186688320405749e-06	2.1297508123585183e-05	-0.029874136713188
216856	Nlgn2	0.0013342881696881		not_expressed	0.0	0.0	0.0	-0.0003361914368931	0.0001023728917486	-0.0607910830370692
12322	Camk2a	-0.0026494394183396		not_expressed	-0.0	-0.0	-0.0	0.0018770077062522	-4.192941676215761e-05	-1.1204508213758209
21960	Tnr	-0.0001269887123332		not_expressed	-0.0	-0.0	-0.0	1.1509301606748968e-05	3.598184357552008e-05	0.3214053186008543
14373	G0s2	0.0041785822601565		not_expressed	0.0	0.0	0.0	0.0	0.0	
12458	Ccr6	-0.0024463541603393		not_expressed	-0.0	-0.0	-0.0	-0.0	-0.0	
72780	Rspo3	0.0043901953559097		not_expressed	0.0	0.0	0.0	0.0	0.0	
18534	Pck1	-0.0078697362474166		not_expressed	-0.0	-0.0	-0.0	-0.0	-0.0	
72690	Grrp1	0.0095698316143383		not_expressed	0.0	0.0	0.0	0.0046764458109252	0.0060673459617823	1.3695377834153462
68428	Steap3	-0.0064253972856939		not_expressed	-0.0	-0.0	-0.0	-0.0	-0.0	
20537	Slc5a1	-0.0013069154531838		not_expressed	-0.0	-0.0	-0.0	-0.0	-0.0	
16527	Kcnk3	-0.0026006411235394		not_expressed	-0.0	-0.0	-0.0	-0.0	-0.0	
16950	Loxl3	0.005754953614734		not_expressed	0.0	0.0	0.0	0.0	0.0	
16170	Il16	-0.0111774330616285		not_expressed	-0.0	-0.0	-0.0	0.0037972082916734	0.0020219989405523	-0.608288596445266
64297	Gprc5b	-0.0058764118957314		not_expressed	-0.0	-0.0	-0.0	0.0016134908062727	0.0014215276008346	-0.2395549145231228
17916	Myo1f	0.0066294198549797		not_expressed	0.0	0.0	0.0	-0.004252284190026	-0.0014123603521907	-0.5942380246071268
11803	Aplp1	0.0001477944947557		not_expressed	0.0	0.0	0.0	0.0	0.0	
170743	Tlr7	0.0045757466781604		not_expressed	0.0	0.0	0.0	0.0	0.0	
223917	Krt79	-0.0010737301347815		not_expressed	-0.0	-0.0	-0.0	-0.0	-0.0	
12824	Col2a1	0.0070570131308979		not_expressed	0.0	0.0	0.0	-0.0090490020260629	-0.0047254589496047	-1.8091012260299115
224697	Adamts10	-0.0101281937439339		not_expressed	-0.0	-0.0	-0.0	-0.0017269078877518	0.0013347109241919	0.4493768721491593
210573	Tmem151b	0.0024849012995948		not_expressed	0.0	0.0	0.0	0.001114302930024	0.0001788685718518	0.8573156671235298
208890	Slc26a7	-0.0003283052837745		not_expressed	-0.0	-0.0	-0.0	-0.0	-0.0	
13655	Egr3	-0.0026634505038659		not_expressed	-0.0	-0.0	-0.0	-0.0	-0.0	
215456	Gpat2	-0.0009213885566244		not_expressed	-0.0	-0.0	-0.0	-0.0001827738058327	-0.0003047005673709	0.6174843372242852
56461	Kcnip3	0.0001105018919704		not_expressed	0.0	0.0	0.0	0.0	0.0	
16173	Il18	0.0042502093922794		not_expressed	0.0	0.0	0.0	0.0	0.0	
65115	Bean1	-0.009370815297574		not_expressed	-0.0	-0.0	-0.0	-0.0	-0.0	
93874	Pcdhb3	0.0074164607856151		not_expressed	0.0	0.0	0.0	0.0	0.0	
13386	Dlk1	0.0020716323048637		not_expressed	0.0	0.0	0.0	0.0	0.0	
14173	Fgf2	0.0016828698354253		not_expressed	0.0	0.0	0.0	0.0	0.0	
56264	Cpxm1	-0.0063906143664834		not_expressed	-0.0	-0.0	-0.0	0.0009942001938826	0.0033145572753516	0.2524103017259997
98170	Tmem132a	-0.0196946892088697		not_expressed	-0.0	-0.0	-0.0	-0.0005556300514878	0.0208998333635035	0.7393150705537128
214253	Etnk2	-0.0025737234187639		not_expressed	-0.0	-0.0	-0.0	-0.0019359147490459	-0.0025015124316625	0.9043156861619076
108052	Slc14a1	0.0060426893419233		not_expressed	0.0	0.0	0.0	0.0	0.0	
66513	Tab1	-0.0058727146058333		not_expressed	-0.0	-0.0	-0.0	-0.0052000059200884	-0.0042343757765016	1.8815218418339663
80976	Syt13	0.0007720514924393		not_expressed	0.0	0.0	0.0	0.0003869961641593	-0.0001270187429075	0.7814076985245763
207181	Rbms3	-0.0088685810502215		not_expressed	-0.0	-0.0	-0.0	-0.0023214768943045	0.0028495668019398	0.3705377086230219
23967	Osr1	-0.0045134732145798		not_expressed	-0.0	-0.0	-0.0	-0.0	-0.0	
11670	Aldh3a1	-0.0132144471075267		not_expressed	-0.0	-0.0	-0.0	-0.0	-0.0	
63993	Slc5a7	-0.001045278180905		not_expressed	-0.0	-0.0	-0.0	-0.0	-0.0	
668940	Myh7b	0.0011153821602815		not_expressed	0.0	0.0	0.0	9.15185062092232e-05	-0.0002458698751807	0.731314639715411
236285	Lancl3	0.0005301002500192		not_expressed	0.0	0.0	0.0	-5.506709839310709e-05	0.0004149257630223	-0.2596353764087249
21786	Tff3	-0.0004111983145191		not_expressed	-0.0	-0.0	-0.0	-0.0	-0.0	
23893	Grem2	0.004360934723449		not_expressed	0.0	0.0	0.0	0.0	0.0	
110893	Slc8a3	0.0036217304758033		not_expressed	0.0	0.0	0.0	-0.0021999964482328	-0.0006422307799303	-0.3656998968053346
20198	S100a4	0.0073314580788197		not_expressed	0.0	0.0	0.0	0.0	0.0	
20339	Sele	-0.0015373320494498		not_expressed	-0.0	-0.0	-0.0	-0.0	-0.0	
80286	Tusc3	-0.0015000243238622		not_expressed	-0.0	-0.0	-0.0	-0.0	-0.0	
69693	Pof1b	0.0053623904392227		not_expressed	0.0	0.0	0.0	0.0	0.0	
15430	Hoxd10	0.0024350654816322		not_expressed	0.0	0.0	0.0	-0.001872301899317	-0.0009541501896633	-0.7188856633977754
16147	Ihh	0.0105067355380972		not_expressed	0.0	0.0	0.0	-0.0063644336213253	0.0056044263971133	-0.3465897381650668
56631	Trim17	-0.0009667859892389		not_expressed	-0.0	-0.0	-0.0	-0.0003843753338975	-0.000531379179413	1.209762718570439
272428	Acsm5	0.0048438065928563		not_expressed	0.0	0.0	0.0	-0.0016238962004951	-0.0026982361667825	-0.4244805072628615
69590	Gpx8	-0.0242444556371421		not_expressed	-0.0	-0.0	-0.0	-0.0	-0.0	
64242	Ngb	0.0088958482467939		not_expressed	0.0	0.0	0.0	0.0	0.0	
80901	Cxcr6	0.0005664520643509		not_expressed	0.0	0.0	0.0	-0.0001090311662087	-3.203962974850913e-05	0.0460401716107988
231147	Sh3tc1	0.0042612119941628		not_expressed	0.0	0.0	0.0	-0.0030942353452002	-0.0042202183372857	-1.2165509226579587
14128	Fcer2a	-0.0012401438322674		not_expressed	-0.0	-0.0	-0.0	0.0005535333762892	0.0004982307272603	-0.5780575779996294
110784	Nr3c2	0.0186827031285817		not_expressed	0.0	0.0	0.0	0.0032382558386939	-0.0123182733344766	0.3203790601893815
75209	Sv2c	-0.001262769075308		not_expressed	-0.0	-0.0	-0.0	-0.0001097930305154	0.0006397296586361	0.620150192014832
19039	Lgals3bp	-0.0043739911456854		not_expressed	-0.0	-0.0	-0.0	-0.0	-0.0	
245827	Fat2	-0.0010955810731179		not_expressed	-0.0	-0.0	-0.0	-0.0	-0.0	
16399	Itga2b	0.0024751993370011		not_expressed	0.0	0.0	0.0	0.0001131310976575	-0.0005724559748165	-0.369329073467764
76441	Daam2	-0.0010334008571052		not_expressed	-0.0	-0.0	-0.0	0.0002606616583716	0.0002906520197347	-0.5577516982718806
11689	Alox5	-0.0195970288290682		not_expressed	-0.0	-0.0	-0.0	0.0101121460245954	0.0109252859095715	-0.5728388203066063
14632	Gli1	-0.0007526653687386		not_expressed	-0.0	-0.0	-0.0	-0.0002346789989225	-0.0001717707771599	0.8991008115286498
69671	Tmem52	0.0064732010453966		not_expressed	0.0	0.0	0.0	0.0	0.0	
241568	Lrrc4c	-0.0064976256218819		not_expressed	-0.0	-0.0	-0.0	-0.0	-0.0	
17528	Mpz	-0.0027309204802756		not_expressed	-0.0	-0.0	-0.0	-0.0	-0.0	
246728	Oas2	0.0003855872928974		not_expressed	0.0	0.0	0.0	0.0	0.0	
104080	Nxph4	-0.0047395840828937		not_expressed	-0.0	-0.0	-0.0	-0.0	-0.0	
56362	Sult1b1	-0.0012410907891444		not_expressed	-0.0	-0.0	-0.0	-0.0	-0.0	
19329	Rab17	-0.0036068036682958		not_expressed	-0.0	-0.0	-0.0	-0.0	-0.0	
106878	Smim3	-0.0036591046063334		not_expressed	-0.0	-0.0	-0.0	-0.0	-0.0	
104601	Mycbpap	-0.005334392917703		not_expressed	-0.0	-0.0	-0.0	-0.0014490278483086	-0.0002245097956424	0.7181548648495892
207728	Pde2a	-0.0092083133651582		not_expressed	-0.0	-0.0	-0.0	-0.0	-0.0	
103511	Calhm5	0.0064764792960298		not_expressed	0.0	0.0	0.0	0.0	0.0	
20618	Sncg	0.0044762204305266		not_expressed	0.0	0.0	0.0	0.0	0.0	
171180	Syt12	-0.0076563726313718		not_expressed	-0.0	-0.0	-0.0	0.0026939515637829	-0.0003722663403023	-0.1068658509037099
52857	Gramd1a	-0.0023297013053854		not_expressed	-0.0	-0.0	-0.0	0.0010708211514692	0.0017854335679131	-0.6638053543697391
22403	Ccn5	0.0114625168675366		not_expressed	0.0	0.0	0.0	-0.0061572235461945	-0.004601967219917	-1.47420263112715
20202	S100a9	0.0051745719364124		not_expressed	0.0	0.0	0.0	0.0	0.0	
333088	Kcp	0.0077089311174519		not_expressed	0.0	0.0	0.0	-0.0054257495148996	-0.0021220534980734	-1.123469284705118
15114	Hap1	0.0079218522771848		not_expressed	0.0	0.0	0.0	-0.0021706499914084	-0.0062469731141767	-0.4698258868979945
170725	Capn8	-0.002397466664412		not_expressed	-0.0	-0.0	-0.0	0.0009598098168518	0.0013989250051223	-0.6925536446816978
14840	Gsg1	-0.0066184684593797		not_expressed	-0.0	-0.0	-0.0	-0.0	-0.0	
229791	Plppr4	-0.0049620059408301		not_expressed	-0.0	-0.0	-0.0	-0.0	-0.0	
56534	Hspb3	0.0072999360506465		not_expressed	0.0	0.0	0.0	0.0	0.0	
12029	Bcl6b	0.0007606354762191		not_expressed	0.0	0.0	0.0	-0.0007258019144376	0.0002137569795435	-1.0357801026832771
18142	Npas1	-0.0094200342833246		not_expressed	-0.0	-0.0	-0.0	-0.0037587802832335	0.0011705954889084	0.6044111368015352
15896	Icam2	-0.0008528886979406		not_expressed	-0.0	-0.0	-0.0	-0.0	-0.0	
268709	Fam107a	-0.0031862413832543		not_expressed	-0.0	-0.0	-0.0	4.848979262432224e-05	-1.9262278471294207e-05	0.1800499670988474
279028	Adamts13	-0.003543028669425		not_expressed	-0.0	-0.0	-0.0	-0.0018836898779424	0.0022682469458949	0.6997325021481879
228785	Mylk2	-0.0006284738262071		not_expressed	-0.0	-0.0	-0.0	0.0004379519886047	0.0001436596262163	-0.6469555824518829
76757	Trdn	0.0015588758167414		not_expressed	0.0	0.0	0.0	0.0	0.0	
19711	Resp18	-0.0044102817591692		not_expressed	-0.0	-0.0	-0.0	-0.0	-0.0	
11829	Aqp4	-0.0019824311512359		not_expressed	-0.0	-0.0	-0.0	-0.0	-0.0	
545192	Baiap3	0.0032158543338076		not_expressed	0.0	0.0	0.0	0.0001017329521649	-0.0009473390800477	0.4982532327604119
242050	Igsf10	-0.0021023049110264		not_expressed	-0.0	-0.0	-0.0	-0.0	-0.0	
212032	Hk3	-0.0124690104628883		not_expressed	-0.0	-0.0	-0.0	-0.0	-0.0	
12007	Azgp1	0.0019541867009001		not_expressed	0.0	0.0	0.0	0.0	0.0	
23831	Car14	-0.0008396119131525		not_expressed	-0.0	-0.0	-0.0	0.0001671825657531	2.1128601937284957e-05	-0.1239061850549649
53601	Pcdh12	0.0086983325075059		not_expressed	0.0	0.0	0.0	0.0	0.0	
14049	Eya2	0.0050773080994142		not_expressed	0.0	0.0	0.0	0.0	0.0	
320840	Negr1	0.0014714154754235		not_expressed	0.0	0.0	0.0	0.0	0.0	
381798	4930590J08Rik	-0.0039278449959554		not_expressed	-0.0	-0.0	-0.0	-0.0040216857208979	-0.0027823345575443	1.843262787157791
27226	Pla2g7	0.0049085590173217		not_expressed	0.0	0.0	0.0	0.0	0.0	
56644	Clec7a	0.0129643582765535		not_expressed	0.0	0.0	0.0	0.0	0.0	
13849	Ephx1	0.0040742937888434		not_expressed	0.0	0.0	0.0	0.0	0.0	
16197	Il7r	0.0015445969099378		not_expressed	0.0	0.0	0.0	0.0	0.0	
16491	Kcna3	0.0003733906437508		not_expressed	0.0	0.0	0.0	0.0	0.0	
11807	Apoa2	-0.0037422148365263		not_expressed	-0.0	-0.0	-0.0	-0.0	-0.0	
109225	Ms4a7	0.0121132494120482		not_expressed	0.0	0.0	0.0	0.0	0.0	
17130	Smad6	0.0082216504072058		not_expressed	0.0	0.0	0.0	0.0	0.0	
63828	Fn3k	0.0024353484420055		not_expressed	0.0	0.0	0.0	0.0	0.0	
71461	Ptk7	-0.012004434760982		not_expressed	-0.0	-0.0	-0.0	-0.0138958865195154	-0.0109838039074888	2.9996025222964957
207911	Mchr1	0.0075944631498931		not_expressed	0.0	0.0	0.0	-0.0003224770759186	-0.0025489528516335	-0.0881584833697919
384569	Nova2	-0.004099459461435		not_expressed	-0.0	-0.0	-0.0	-0.0001062093908598	0.0008078213328345	0.6228967489921086
69903	Rasip1	-0.0001626228954456		not_expressed	-0.0	-0.0	-0.0	-0.0	-0.0	
22268	Upk1b	-0.0009430437440126		not_expressed	-0.0	-0.0	-0.0	-0.0	-0.0	
278180	Vsig4	0.01319095237317		not_expressed	0.0	0.0	0.0	0.0	0.0	
244864	Layn	-0.0001741653508069		not_expressed	-0.0	-0.0	-0.0	-0.0	-0.0	
23845	Clec5a	0.000846794222801		not_expressed	0.0	0.0	0.0	0.0	0.0	
64103	Tnmd	0.0043381434371975		not_expressed	0.0	0.0	0.0	0.0	0.0	
17537	Meis3	-0.0029157280331656		not_expressed	-0.0	-0.0	-0.0	-0.0008741677383702	0.0004284387671937	0.2532178940312272
16768	Lag3	0.0005693507314988		not_expressed	0.0	0.0	0.0	-0.0003684717748211	2.414597159430477e-05	-0.6673138101714245
22229	Ucp3	-0.0077503450535639		not_expressed	-0.0	-0.0	-0.0	-0.0	-0.0	
110902	Chrna2	-0.0001029027495992		not_expressed	-0.0	-0.0	-0.0	-1.6260357329859543e-05	-1.7600577179726736e-05	0.5876123989594092
17926	Myoc	-0.001107132471385		not_expressed	-0.0	-0.0	-0.0	0.0010266011637221	0.001351145102077	-1.0243801390239626
23936	Lynx1	-0.0048440282216145		not_expressed	-0.0	-0.0	-0.0	-0.0	-0.0	
109050	Inka2	7.407145924361123e-05		not_expressed	0.0	0.0	0.0	0.0	0.0	
12831	Col5a1	-0.004705142240588		not_expressed	-0.0	-0.0	-0.0	-0.0007070036072845	0.0016500826351214	0.2116020586406342
19215	Ptgds	0.0020717222214787		not_expressed	0.0	0.0	0.0	-0.0012353771024703	-0.0003563390592957	-0.4177682891886631
214359	Tmem51	-0.0069376569580782		not_expressed	-0.0	-0.0	-0.0	-0.0	-0.0	
70727	Rasgef1a	-0.000290956727472		not_expressed	-0.0	-0.0	-0.0	-0.0	-0.0	
272031	Plppr1	-0.000235844125914		not_expressed	-0.0	-0.0	-0.0	-0.0	-0.0	
217306	Cd300e	-0.0017780685501065		not_expressed	-0.0	-0.0	-0.0	-0.0	-0.0	
170952	Prima1	0.0010045141402356		not_expressed	0.0	0.0	0.0	0.0	0.0	
66208	Nenf	-0.0060630957897393		not_expressed	-0.0	-0.0	-0.0	-0.0	-0.0	
233733	Galnt18	-0.0014539853717963		not_expressed	-0.0	-0.0	-0.0	-0.0	-0.0	
11423	Ache	0.001527162699088		not_expressed	0.0	0.0	0.0	-0.0015926083205149	-0.0004870524267511	-2.154215242595261
71690	Esm1	0.0010935050848377		not_expressed	0.0	0.0	0.0	0.0	0.0	
242702	Myom3	-0.0013856792456364		not_expressed	-0.0	-0.0	-0.0	0.000930904338637	0.0012455067410486	-0.6017762702253968
20680	Sox7	-0.0018954159672823		not_expressed	-0.0	-0.0	-0.0	-0.0	-0.0	
20964	Syn1	-0.0008413932816784		not_expressed	-0.0	-0.0	-0.0	-0.0001231893838038	-1.845841947177249e-05	0.4993478672368767
227632	Kcnt1	-0.0010111670827596		not_expressed	-0.0	-0.0	-0.0	-0.0004508129422799	3.161800531900815e-05	0.4283308665561013
16426	Itih3	0.0026616276029228		not_expressed	0.0	0.0	0.0	0.0	0.0	
70061	Sdr9c7	0.0028039022155655		not_expressed	0.0	0.0	0.0	-0.000971471391363	-0.0006320038339927	-0.165077535141902
74770	Hhatl	0.0044426993609604		not_expressed	0.0	0.0	0.0	-0.0024339393608149	-0.0044811860809901	-0.6409386033834275
12350	Car3	-0.0014183116782503		not_expressed	-0.0	-0.0	-0.0	0.0001449457969194	-0.0001998623545907	0.1824494942729131
19153	Prx	-0.0057224326753582		not_expressed	-0.0	-0.0	-0.0	0.000514864083647	0.0012090622213919	0.0533356806294436
11687	Alox15	0.0017693632828224		not_expressed	0.0	0.0	0.0	0.0	0.0	
77630	Prdm8	0.0110900813438394		not_expressed	0.0	0.0	0.0	-0.0038589124795361	-0.0061595047174912	-0.0749594834006051
231134	Dok7	-0.0038497234361843		not_expressed	-0.0	-0.0	-0.0	-0.0	-0.0	
15163	Hcls1	0.0040963943072099		not_expressed	0.0	0.0	0.0	0.0	0.0	
100038882	Isg15	-0.009095807097917		not_expressed	-0.0	-0.0	-0.0	-0.0	-0.0	
14938	Gzma	-0.0132543505607484		not_expressed	-0.0	-0.0	-0.0	-0.0	-0.0	
65221	Slc15a3	0.0121998757488988		not_expressed	0.0	0.0	0.0	0.0	0.0	
13074	Cyp17a1	0.0044103089737884		not_expressed	0.0	0.0	0.0	0.0026004333086831	-0.0031268564342995	1.0523856704698094
17885	Myh8	-0.001318984792905		not_expressed	-0.0	-0.0	-0.0	-0.0007566975890814	-9.393910211606378e-05	0.6290947524516625
14080	Fabp1	-0.0002308026139538		not_expressed	-0.0	-0.0	-0.0	-0.0	-0.0	
210530	P3h2	0.0032058989465447		not_expressed	0.0	0.0	0.0	-7.273935932138982e-05	-0.0020131537417116	0.5434650939211071
14115	Fbln2	-0.0187402917570964		not_expressed	-0.0	-0.0	-0.0	0.0109132424152589	0.0076344355708556	-0.4385422818607632
12143	Blk	0.0031533163091541		not_expressed	0.0	0.0	0.0	0.0	0.0	
208158	Map6d1	0.0004981672648706		not_expressed	0.0	0.0	0.0	2.3023465048956222e-05	6.503165441653632e-05	0.0628283438901506
58176	Rhbg	-0.0084990665971116		not_expressed	-0.0	-0.0	-0.0	0.0053419363462458	0.0045961167634302	-0.5789868528228087
27280	Phlda3	0.0170264222103097		not_expressed	0.0	0.0	0.0	0.0	0.0	
17005	Ltk	-0.0022501323884331		not_expressed	-0.0	-0.0	-0.0	-0.0012404292488599	-0.0017387156962749	1.3394164163837612
27219	Sgk2	0.0009555188958457		not_expressed	0.0	0.0	0.0	9.92312649810197e-05	0.0004562651634021	0.3234642449664532
12840	Col9a2	0.0003102316079342		not_expressed	0.0	0.0	0.0	0.0001627108008588	0.0001365167782404	0.7874419903468125
12825	Col3a1	-0.0344329957360639		not_expressed	-0.0	-0.0	-0.0	-0.0	-0.0	
13003	Vcan	0.0041514910297809		not_expressed	0.0	0.0	0.0	-0.0016906784024316	-0.0001454709414154	-0.4262402367877434
242523	Dmrta1	0.0180769210743963		not_expressed	0.0	0.0	0.0	0.001188459810764	0.0018698817683736	0.2765926976292662
270192	Rab6b	-0.0074708161102057		not_expressed	-0.0	-0.0	-0.0	-0.0003788140711433	0.0021651195029784	0.398827015895238
79235	Lrat	0.0013902856613694		not_expressed	0.0	0.0	0.0	0.0	0.0	
171469	Gpr37l1	-0.0011385458888329		not_expressed	-0.0	-0.0	-0.0	-0.0	-0.0	
74580	Pyroxd2	0.0010642740261138		not_expressed	0.0	0.0	0.0	0.0	0.0	
217125	Samd14	0.0008092843271993		not_expressed	0.0	0.0	0.0	0.0	0.0	
19288	Ptx3	-0.0042100553332789		not_expressed	-0.0	-0.0	-0.0	-0.0	-0.0	
19700	Rem1	-0.0037433876817895		not_expressed	-0.0	-0.0	-0.0	0.0036369928333674	0.0021864717831274	-0.9916240014054478
56221	Ccl24	-0.0027300477904092		not_expressed	-0.0	-0.0	-0.0	-0.0	-0.0	
20965	Syn2	-0.0014425507694198		not_expressed	-0.0	-0.0	-0.0	-0.0	-0.0	
14400	Gabrb1	0.0013834505279064		not_expressed	0.0	0.0	0.0	-0.0004528757199882	-0.0009899563926401	-0.3220935899266547
107766	Haao	-0.0005725902207392		not_expressed	-0.0	-0.0	-0.0	-0.0	-0.0	
64817	Svep1	0.0134748179799478		not_expressed	0.0	0.0	0.0	0.0029204399805855	0.0008701887814187	0.666493901567981
19124	Procr	-0.0034250675702858		not_expressed	-0.0	-0.0	-0.0	-0.0	-0.0	
320129	Grk3	-4.490783114365123e-05		not_expressed	-0.0	-0.0	-0.0	-0.0	-0.0	
12266	C3	0.0073561039700999		not_expressed	0.0	0.0	0.0	-0.0078991435659775	-0.0015010439366895	-1.4145378986586137
68764	Cdhr3	-0.0006652796653737		not_expressed	-0.0	-0.0	-0.0	-0.0	-0.0	
114886	Cygb	0.0321127463839161		not_expressed	0.0	0.0	0.0	0.0	0.0	
22351	Vill	-0.0011440573160459		not_expressed	-0.0	-0.0	-0.0	-0.0	-0.0	
242939	Cpz	0.0023935184911101		not_expressed	0.0	0.0	0.0	0.0	0.0	
67425	Eps8l1	-0.001940494883883		not_expressed	-0.0	-0.0	-0.0	0.0002192070679168	0.0019017301851112	-0.59577027400091
12390	Cav2	0.0016448283503712		not_expressed	0.0	0.0	0.0	0.0	0.0	
77609	Ccdc151	0.0086840302023088		not_expressed	0.0	0.0	0.0	-0.0033026658174123	-0.0102871619477676	-0.4444173369349817
12845	Comp	0.0021517264548561		not_expressed	0.0	0.0	0.0	-0.0017855111573207	-0.0007671121870197	-1.1769894319794565
229003	Helz2	-0.0085707920050172		not_expressed	-0.0	-0.0	-0.0	0.0028550564201454	-0.0027704401614485	-0.3119817574705357
14126	Ms4a2	-0.0025796831875114		not_expressed	-0.0	-0.0	-0.0	-0.0	-0.0	
22780	Ikzf3	0.0012759102174221		not_expressed	0.0	0.0	0.0	-0.000214151170397	-0.0004691586462624	-0.0041257478451162
210808	Lacc1	0.000386983001598		not_expressed	0.0	0.0	0.0	0.0	0.0	
21743	Inmt	-0.0025531958325965		not_expressed	-0.0	-0.0	-0.0	-0.0	-0.0	
233752	Insc	0.0002385258665533		not_expressed	0.0	0.0	0.0	0.0	0.0	
217341	Qrich2	0.0008649899263756		not_expressed	0.0	0.0	0.0	-0.0004522889506925	-9.328803188787364e-05	-0.86315792222542
103988	Gck	-0.0040106529922927		not_expressed	-0.0	-0.0	-0.0	-0.0010356838303731	-0.0027238415833511	0.8907656810273438
380785	Begain	0.0021559500868169		not_expressed	0.0	0.0	0.0	0.0	0.0	
21898	Tlr4	0.0156133852170318		not_expressed	0.0	0.0	0.0	0.0	0.0	
225742	St8sia5	-0.0001536227761397		not_expressed	-0.0	-0.0	-0.0	-0.0	-0.0	
286942	Kif19a	-0.0003382094677525		not_expressed	-0.0	-0.0	-0.0	-1.7160431319436536e-06	5.791952404597666e-05	0.0541614588692009
243328	Slc29a4	-0.0059781525278392		not_expressed	-0.0	-0.0	-0.0	-0.0	-0.0	
21928	Tnfaip2	0.0003745342925		not_expressed	0.0	0.0	0.0	0.0	0.0	
100039795	Ildr2	0.0003273328250734		not_expressed	0.0	0.0	0.0	3.4860146113743346e-05	-4.6483094434149535e-05	0.2305433541105055
66528	Smim5	-0.0003997993480331		not_expressed	-0.0	-0.0	-0.0	-0.0	-0.0	
72774	Neil1	-0.0031883137165194		not_expressed	-0.0	-0.0	-0.0	0.000422308765432	-0.000527615707528	0.3811652680815522
17433	Mobp	-0.0010842030418145		not_expressed	-0.0	-0.0	-0.0	0.0002522338773767	0.0006256938630733	-0.2747449934604947
233246	Ano5	-0.0005610828458386		not_expressed	-0.0	-0.0	-0.0	-0.0	-0.0	
20564	Slit3	0.0131897510562176		not_expressed	0.0	0.0	0.0	-0.0052559076853401	-0.0059191402366679	-0.6157969735158063
12501	Cd3e	0.0009412524141092		not_expressed	0.0	0.0	0.0	0.0	0.0	
72244	1600014C10Rik	-0.0123029092176167		not_expressed	-0.0	-0.0	-0.0	-0.0016693412540367	0.0122413843025515	0.5681151754827226
14264	Fmod	-0.0016636916555187		not_expressed	-0.0	-0.0	-0.0	-0.0	-0.0	
100198	H6pd	0.0023524232034681		not_expressed	0.0	0.0	0.0	-0.0004725485630843	-0.0008682935544495	0.0612258369522744
21956	Tnnt2	0.00051111507099		not_expressed	0.0	0.0	0.0	0.0	0.0	
230163	Aldob	-0.0043505268576862		not_expressed	-0.0	-0.0	-0.0	-0.0	-0.0	
66901	Proz	0.0001167018897951		not_expressed	0.0	0.0	0.0	0.0	0.0	
244550	Podnl1	0.0026597834466659		not_expressed	0.0	0.0	0.0	0.0015315499122331	0.0017669507134315	0.7591948375813894
71609	Tradd	-0.0080365651872876		not_expressed	-0.0	-0.0	-0.0	0.0023215281825683	0.0013895499848141	-0.0347944661716582
12654	Chil1	0.0027004214488884		not_expressed	0.0	0.0	0.0	0.0	0.0	
74748	Slamf8	0.0014527409387158		not_expressed	0.0	0.0	0.0	0.0	0.0	
434341	Nlrc5	0.0082212950408709		not_expressed	0.0	0.0	0.0	0.0	0.0	
50773	Nt5c	-0.0006124708087416		not_expressed	-0.0	-0.0	-0.0	-0.0007401616876402	-0.0005089051246628	2.3145285277559218
22637	Zap70	0.0003676286198011		not_expressed	0.0	0.0	0.0	-5.8197385945085805e-05	-0.0001030294539254	0.4828155904345113
213417	Klhdc8a	0.0028309639389006		not_expressed	0.0	0.0	0.0	0.0	0.0	
22671	Rnf112	-0.0023154056810551		not_expressed	-0.0	-0.0	-0.0	-0.0	-0.0	
20295	Ccl17	-0.0029187572739268		not_expressed	-0.0	-0.0	-0.0	-0.0	-0.0	
68566	Caly	0.0014381291196681		not_expressed	0.0	0.0	0.0	0.0	0.0	
54195	Gucy1b1	-0.0015775761551681		not_expressed	-0.0	-0.0	-0.0	0.0012179491935854	-0.000786135024137	-0.7248902795894591
71781	Slc16a14	-0.0030288748832892		not_expressed	-0.0	-0.0	-0.0	-0.0	-0.0	
18784	Pla2g5	-0.0009342959503738		not_expressed	-0.0	-0.0	-0.0	-0.0014168079720705	-0.0001594774692951	2.0926447153819665
232078	Thnsl2	-0.0024368784963787		not_expressed	-0.0	-0.0	-0.0	-0.0	-0.0	
12505	Cd44	0.007725886894818		not_expressed	0.0	0.0	0.0	0.0	0.0	
53604	Zpbp	0.0066243727791868		not_expressed	0.0	0.0	0.0	0.0048409056982035	-6.390587584173538e-05	0.6090244332854464
20391	Sgca	0.0023670772325921		not_expressed	0.0	0.0	0.0	-0.0022679700908666	-0.0022479612363906	-1.0494427775214263
574402	Gpr17	-0.0103638245392547		not_expressed	-0.0	-0.0	-0.0	-0.0	-0.0	
18400	Slc22a18	0.0050251429895019		not_expressed	0.0	0.0	0.0	0.0	0.0	
70370	Fbln7	0.0009340327333792		not_expressed	0.0	0.0	0.0	0.0	0.0	
16453	Jak3	0.0170701989453279		not_expressed	0.0	0.0	0.0	-0.0065727885051213	0.0025292164805945	-0.3277117127020754
319655	Podxl2	-0.0123704902796115		not_expressed	-0.0	-0.0	-0.0	0.0063957257254738	0.0056872158325404	-0.806875988599762
105193	Nhlrc1	-0.0145408987117117		not_expressed	-0.0	-0.0	-0.0	-0.0118557692177069	-0.0076091355556542	1.2133362851763
237611	Stac3	-0.007538656899673		not_expressed	-0.0	-0.0	-0.0	0.002658435116668	0.0011077879072887	-0.8751946591848743
56485	Slc2a5	0.0008366872199686		not_expressed	0.0	0.0	0.0	-0.0002996765728247	-2.6700473766722188e-05	-0.2902093196119823
23966	Tenm4	0.0002621929674886		not_expressed	0.0	0.0	0.0	-9.348474166901567e-05	-7.115756249123889e-05	-0.4054838506842403
16402	Itga5	0.0022884778982329		not_expressed	0.0	0.0	0.0	-0.0001329048299171	0.0005440528528038	0.180032976228649
11450	Adipoq	-0.0028917209086234		not_expressed	-0.0	-0.0	-0.0	-0.0	-0.0	
20897	Stra6	0.0032399085346318		not_expressed	0.0	0.0	0.0	-0.0004723496443592	-0.0023921120051201	-0.2867469367745658
50766	Crim1	0.0102165231051744		not_expressed	0.0	0.0	0.0	0.0049295985898163	-0.0031313441795753	0.937626389840764
330627	Trim66	0.0143465561100924		not_expressed	0.0	0.0	0.0	-0.0072355256946015	-0.004024762631865	-0.5184537807080837
67564	Tmem35a	-0.0012811923586953		not_expressed	-0.0	-0.0	-0.0	-0.0	-0.0	
109857	Cbr3	0.0037585991758464		not_expressed	0.0	0.0	0.0	0.0	0.0	
14580	Gfap	0.0087059070092148		not_expressed	0.0	0.0	0.0	-0.0041205700130343	-0.0054369220575963	-0.6518857970738575
243897	Ggn	0.0037612493069798		not_expressed	0.0	0.0	0.0	-0.000703529179315	-0.0012663337452601	-0.1624353944457641
14017	Evi2a	0.0049152695627905		not_expressed	0.0	0.0	0.0	0.0	0.0	
228576	Mall	-0.0027039447794265		not_expressed	-0.0	-0.0	-0.0	0.0024371845499481	0.0001370478810916	-0.856264236163206
16176	Il1b	-0.0014507993962377		not_expressed	-0.0	-0.0	-0.0	-0.0	-0.0	
237010	Klhl4	0.0035568900338991		not_expressed	0.0	0.0	0.0	0.0	0.0	
238328	Vash1	-0.0083762278664767		not_expressed	-0.0	-0.0	-0.0	-0.0014802264108001	0.0019255249499936	0.5437687363881554
12839	Col9a1	-0.0162627762741861		not_expressed	-0.0	-0.0	-0.0	-0.0	-0.0	
13609	S1pr1	-0.0175326157597476		not_expressed	-0.0	-0.0	-0.0	-0.0	-0.0	
56532	Ripk3	-0.0003456546405641		not_expressed	-0.0	-0.0	-0.0	-9.293328387024107e-05	-0.0001608888701752	0.7852942241117524
170835	Inpp5j	-0.0041557435330595		not_expressed	-0.0	-0.0	-0.0	0.0014560045070018	0.0019421383249843	-1.3700380101393597
64176	Sv2b	0.0032499053615832		not_expressed	0.0	0.0	0.0	0.0	0.0	
230775	Adgrb2	0.0035934664137159		not_expressed	0.0	0.0	0.0	0.0	0.0	
56745	C1qtnf1	-6.775146498161375e-05		not_expressed	-0.0	-0.0	-0.0	-0.0	-0.0	
319229	Sctr	-0.0008092546690677		not_expressed	-0.0	-0.0	-0.0	-0.0	-0.0	
20389	Sftpc	-0.0008732044257588		not_expressed	-0.0	-0.0	-0.0	-0.0	-0.0	
24053	Sgcg	-0.0052404347415645		not_expressed	-0.0	-0.0	-0.0	-0.0011396916743591	-0.0024205399592729	0.5829818215291667
14560	Gdf10	-0.0095940556386522		not_expressed	-0.0	-0.0	-0.0	-0.0012659401398305	0.0001930039289571	0.329745503769146
50528	Tmprss2	0.0004481769160458		not_expressed	0.0	0.0	0.0	0.0	0.0	
18654	Pgf	-0.0015535243256292		not_expressed	-0.0	-0.0	-0.0	-0.0	-0.0	
194309	Vps37d	0.0021343401349056		not_expressed	0.0	0.0	0.0	0.0017030789451309	0.0015516562647355	1.0397109716691495
13041	Ctsw	0.0043912741471773		not_expressed	0.0	0.0	0.0	0.0	0.0	
77318	Ankrd55	0.000784433178302		not_expressed	0.0	0.0	0.0	0.0	0.0	
66548	Adamtsl5	0.0102365162948576		not_expressed	0.0	0.0	0.0	0.0082290607556586	0.0073740345166845	1.0313197493684156
67580	Lrrc18	0.0009954603507748		not_expressed	0.0	0.0	0.0	0.0	0.0	
72002	Slc39a5	-0.0126553242000014		not_expressed	-0.0	-0.0	-0.0	0.0060532231157463	0.0005465863323421	-0.9729157761704958
269615	Plch2	-0.0128410093257001		not_expressed	-0.0	-0.0	-0.0	-0.0088619939779669	-0.0115664494315857	1.576150427561842
20319	Sfrp2	0.002925097274565		not_expressed	0.0	0.0	0.0	0.0	0.0	
231691	Sds	-0.0079891393496253		not_expressed	-0.0	-0.0	-0.0	-0.0	-0.0	
75641	1700029I15Rik	-0.0040863274526894		not_expressed	-0.0	-0.0	-0.0	-0.0003860357478515	0.0009429968817783	0.2816438680581302
54672	Adgrg3	-0.003115413336927		not_expressed	-0.0	-0.0	-0.0	0.0001112622401149	-0.0001828216932746	-0.0462857805084331
24110	Usp18	0.0028095706115958		not_expressed	0.0	0.0	0.0	0.0	0.0	
70415	Stk26	-0.0059375925810631		not_expressed	-0.0	-0.0	-0.0	-0.0	-0.0	
19419	Rasgrp1	-0.0017836163918988		not_expressed	-0.0	-0.0	-0.0	0.0010078752728953	0.000404314891179	-0.7380100082731785
21817	Tgm2	0.0071484732900091		not_expressed	0.0	0.0	0.0	0.0	0.0	
19011	Endou	-0.0095123617304121		not_expressed	-0.0	-0.0	-0.0	-0.0	-0.0	
29818	Hspb7	-0.0023690314329773		not_expressed	-0.0	-0.0	-0.0	-0.0	-0.0	
68352	Aspdh	0.00099820003738		not_expressed	0.0	0.0	0.0	0.0	0.0	
230103	Npr2	9.861151436467484e-05		not_expressed	0.0	0.0	0.0	0.0	0.0	
15370	Nr4a1	0.0095483123547723		not_expressed	0.0	0.0	0.0	0.0	0.0	
241452	Dhrs9	-0.0018107039539332		not_expressed	-0.0	-0.0	-0.0	-0.0	-0.0	
16511	Kcnh2	0.0004312124202089		not_expressed	0.0	0.0	0.0	-0.0002981125464499	-0.0002607107673501	-1.6515673403791125
71099	Tssk4	0.0039193624714234		not_expressed	0.0	0.0	0.0	0.0	0.0	
50779	Rgs6	-0.0041986589197836		not_expressed	-0.0	-0.0	-0.0	8.309029120200057e-05	0.0002706647091619	-0.2367657538183165
320100	Relt	0.0008554580175275		not_expressed	0.0	0.0	0.0	0.0004965363083629	0.0002618850061082	1.0208582338504633
53313	Atp2a3	0.0025818924958064		not_expressed	0.0	0.0	0.0	0.0	0.0	
97440	B3gnt9	0.0005329203965258		not_expressed	0.0	0.0	0.0	0.0001831639401805	0.0002792362139044	1.011858954292451
22412	Wnt9b	8.252951919150984e-06	-0.0162273122864591	neither	7.305616508069821e-07	1.3525754865833831e-06	5.4405327069613575e-06	3.548677688897245e-06	9.137183492203698e-06	0.971681436772532
22256	Ung	5.178410535622279e-05	0.1740490825493115	neither	1.478727457310622e-06	-3.229939233102943e-05	-1.579997705289518e-05	-7.536776390844989e-06	-1.0690619811521158e-05	-0.1298574859063136
20423	Shh	4.279915117566326e-05	0.1836189435527858	neither	4.6731981977286005e-06	1.011680933291673e-05	-8.554664289111696e-06	-2.924811459263746e-06	2.422795804282109e-05	0.0630688704031291
73327	Pradc1	-0.0003190136388396	-0.0746188446386119	neither	5.917961655584958e-06	0.0001712991927435	8.022988257450967e-05	-4.027143334392537e-05	5.703159536562602e-05	0.4882460851974585
76044	Ncapg2	0.0001552722847139	0.3358242151322169	neither	6.073368056763124e-06	3.875187161291594e-05	1.775734212871279e-05	1.6404693235187063e-05	3.602026078699092e-05	0.5221699259799305
223881	Rnd1	-1.21508841223099e-05	-0.9776412734801472	neither	6.298662458795136e-06	-1.8061321054520376e-06	2.043669269374097e-06	2.264537869607416e-07	-1.6315722483036328e-06	0.3054856921450634
66109	Tspan13	-9.34508188016716e-06	-1.7321837410807324	neither	6.478547392908356e-06	-4.907713844041926e-08	3.79879579781118e-06	4.389074470845479e-06	3.301224175812569e-06	-0.6203772926080808
268451	Rab11fip4	-6.570922396106152e-05	-0.201177461042338	neither	6.587486457178202e-06	1.8805705273581327e-05	1.1546599030781326e-05	3.757450291109862e-06	1.8314357257348174e-05	0.0246928436983425
16881	Lig1	9.316604164897052e-05	0.2612984004773939	neither	7.023920758260602e-06	1.2077264300039094e-05	1.184820403611248e-05	-1.5930974532594455e-05	-2.2709943949190435e-05	-0.3525825351140748
75564	Rsph9	-0.0001557378103562	-0.097170239956041	neither	7.461894186601939e-06	-4.934278747108114e-05	-0.0001383540052777	2.6549443710080013e-05	3.309568166955906e-05	-0.1555718495153998
17193	Mbd4	0.0002880967066578	0.1167499085118851	neither	7.899768723091616e-06	-1.9467547769302e-05	-1.848445449458752e-06	-3.972945255442099e-05	-3.4049921961467774e-05	-0.0620233271981701
235040	Atg4d	6.977697723967504e-06	1.8270460918964773	neither	9.656086755535045e-06	9.332268714701184e-07	5.424738982460323e-06	5.935657244285779e-06	7.249069098871575e-06	2.0088392422448558
327954	Dnah2	2.073028905506065e-05	1.1142355130170989	neither	1.138312499914791e-05	7.90272661981659e-06	9.380478149640124e-06	4.410795432384969e-06	3.1050401645315766e-06	0.8294916099892956
109674	Ampd2	-0.0003786813401396	-0.0748358118406555	neither	1.1478276338818325e-05	2.618975911832897e-05	0.000242617809613	6.630908510272389e-05	0.0001445644417869	-0.3148982551348236
83674	Cnnm1	2.4865615853220064e-05	0.5089998674713802	neither	1.1755264917421155e-05	1.5827647542954898e-05	8.234154849044626e-06	-6.210399169026843e-06	9.413082987063796e-06	-0.3673209344553836
20969	Sdc1	0.0002179221705485	0.2894320501619857	neither	1.268192603867735e-05	2.622507232942221e-05	4.462899387025342e-05	1.4378781209939123e-05	8.077802933222203e-06	0.3966399532693802
68567	Cgref1	0.0006420846529014	0.2452084530739051	neither	1.3050478229450332e-05	0.0003484470217466	3.382001522711832e-05	-0.0002735778555952	-0.0006594358799006	-0.2049654129801094
28240	Trpm2	-0.000131813148184	0.0633981656938886	neither	1.3067925012276176e-05	-0.0001066274036951	-6.03665663231926e-05	-2.1363997345785188e-05	-7.016158807171343e-05	0.3434630902938875
54710	Hs3st3b1	0.0001834912734954	0.1713365188684279	neither	1.3392240560949368e-05	-7.644837121618667e-06	-5.993890869971043e-07	-1.8669649491191237e-05	1.6870689767779602e-05	0.0949677320758965
56224	Tspan5	-0.000748891352223	0.0754644682290032	neither	1.3734124258939283e-05	2.5754240027745124e-05	2.9082688605877066e-05	-4.011227678484867e-05	-1.896440322880552e-05	0.3839256405416556
75141	Rasd2	4.605682886033847e-05	0.8190453478864997	neither	1.5570504281393033e-05	1.5749375423354152e-05	2.872510491182734e-05	2.343687886962936e-05	1.9169427106676444e-05	1.733197355281617
14268	Fn1	-0.0004150388185437	0.0455000014398117	neither	1.7101053135020842e-05	-0.0002469099261967	1.4173095525771609e-05	3.985340449241848e-05	8.248940397442984e-05	0.0049638260389207
19268	Ptprf	-0.0051055726078708	0.0941025366747042	neither	1.84776822267359e-05	0.0012296404102405	0.0010285684648812	0.0009751488127657	0.0011074221449408	-0.3156237163368184
56811	Dkk2	-0.0056280158730933	-0.0735113245038548	neither	1.899603137846792e-05	0.0004527431458433	0.0014653876947427	-0.0004633563158565	0.0033144306159215	0.2034798105528566
15118	Has3	-0.0003515438265554	-0.1751098965718453	neither	1.966805562433282e-05	0.0001983644601615	4.806256809219644e-05	2.582654718269478e-05	5.7888092552205393e-05	0.1038007193585343
108000	Cenpf	-0.0002648209648709	0.0294492136502241	neither	2.128868784860372e-05	1.677743177048426e-05	1.060897161454833e-05	7.674409780936778e-05	5.894470360022833e-05	-0.6553743673626878
22276	Uros	-0.0001703366085443	-0.2820430579291093	neither	2.205129478496856e-05	7.896974800776597e-05	9.349720964542876e-05	-6.504957013632648e-05	4.27544253674442e-05	1.111911389967516
20650	Sntb2	4.0106014341979744e-05	1.5671917163558406	neither	2.243259971251021e-05	8.05557378244977e-07	4.534343715199297e-06	1.1656533670293332e-05	5.6339881387100784e-06	1.1255569284573697
70779	Prdm5	-0.0024081911841082	-0.065996385038572	neither	2.396050197695946e-05	-0.0009226590525563	0.0006812285303054	-0.0	-0.0	
19041	Ppl	0.0001497601686586	0.2619513537122354	neither	2.4017019950202525e-05	0.000143560529816	-2.47264955572283e-05	-2.0717448683640096e-06	3.234004123439463e-05	0.3232832268252492
27999	Fam3c	0.0008504388008744	0.2254399844869312	neither	2.4583647415158032e-05	0.0001124834120564	-1.0234496284271115e-05	8.26811225592483e-05	8.637736857466577e-05	0.536749739540479
66771	Gid4	-9.802583980063468e-05	-0.5423135466255233	neither	2.5562812857824287e-05	-1.0342170408374852e-05	9.658183105540246e-06	9.29388527332168e-06	-4.700179681937156e-07	-0.0339401294434276
106389	Eaf2	2.9315275962699005e-05	1.5437386172387422	neither	2.582015810997285e-05	2.4751124178412315e-05	1.5505271735452138e-05	1.2209537318634842e-05	-2.4320369823314097e-05	0.7404138080515081
72151	Rfc5	-0.0001169909862304	-0.5565057773391444	neither	2.6546990993936417e-05	5.422335542912302e-06	1.1734116250181802e-05	1.0656357449849645e-05	-6.233419853973653e-06	-0.0153337185423332
107305	Vps37c	-6.078337305999052e-05	-1.027166888327769	neither	3.15715926129415e-05	4.835462233206375e-05	3.053669038409092e-05	1.4524493865508893e-05	3.854364849568557e-05	-0.3038794752925074
17380	Mme	-0.0007137359791419	-0.0520190652582356	neither	3.18708189474367e-05	-0.0005885413756095	-0.0003425873177065	-0.0	-0.0	
73836	Slc35b2	0.0016585600508738	0.0830721080215586	neither	3.207400772877374e-05	-0.0001398999808817	2.32520121373612e-05	0.0007760117569842	0.0008066777132468	1.3654403506832642
71145	Scara5	0.0007167083909899	0.0149285684578077	neither	3.321408450861784e-05	0.0002745117332041	0.000191758602139	6.83598334323433e-05	-3.370725282747601e-05	0.3652701243629502
103710	Slc35e4	0.0002610365297794	0.339811062673455	neither	3.384013631982743e-05	-4.593993076176791e-05	2.406481700099148e-05	0.0001064431452664	6.978480787185236e-05	1.3591526443914046
67993	Nudt12	0.002673807190432	0.0783509196531124	neither	3.565288468539786e-05	-0.0001578757286716	5.232467003778297e-05	0.0007257448567525	0.0003638730955877	1.0565646536960247
71766	Raver1	0.0032846753820177	0.1340297764046012	neither	3.596398334950411e-05	-0.0017422981869478	0.000126367073721	0.0002306383742184	4.1865942178732216e-05	0.4224833008573995
67196	Ube2t	0.0004203486396378	0.4208045132408757	neither	3.599161606775467e-05	3.4765310409293975e-05	0.0001036803873054	-0.000113768527137	-0.0001243675727629	-0.544503162323342
380924	Olfm4	-0.0002291295677785	-0.4068214791837096	neither	3.940976302594946e-05	-2.8884527301104287e-05	3.757930638904825e-05	-3.527148172385604e-05	4.240996612389828e-05	0.5234707149711924
55988	Snx12	-0.0001089139590137	-0.8902575194241015	neither	3.947853327062128e-05	2.0158212084350647e-05	3.2764819230115034e-05	2.2863996438418144e-05	7.430124698557146e-06	-0.348825088084479
109620	Dsp	-0.0004663579999906	0.0198393798832807	neither	4.148548653484286e-05	-0.0003726606666943	-0.0003572016326568	0.0003572945476323	-2.517125270407977e-05	-1.5458644010681906
72776	Sass6	0.0034061986463031	0.1400977165778504	neither	4.539001963980124e-05	-0.0008556458838584	-0.0003281811146636	0.0007994344544287	-0.0001561492063759	0.906140179804498
230582	Cyb5rl	-0.0003030550831182	-0.1760618684576382	neither	4.550180436880117e-05	-7.004910823381711e-05	5.0606347409675e-05	3.99731460918001e-05	5.427376434802314e-06	0.0003544568763628
107508	Eprs	0.0002480690616455	0.7034193554702676	neither	4.594671874610397e-05	4.6069031186567335e-05	-4.971267365685714e-07	8.810921735077206e-06	-3.217272067663115e-05	0.3807435150260551
19263	Ptprb	-0.0002888093844298	-0.347981807775123	neither	4.697381534339292e-05	-1.8097311728976724e-05	0.0001397204064712	0.0001903108433895	0.0001908922340516	-1.437673521360759
20419	Shcbp1	0.0025584097133607	0.1593456250774511	neither	4.746283297844993e-05	0.0004054506265411	-0.0003606756776472	-0.0008649117179816	-0.0012063873309812	-0.5988142327872159
77579	Myh10	-0.00805102727475	0.0671306387648084	neither	4.788469585020568e-05	-0.0017898367854694	-0.0019363803137163	0.0009149239301865	0.0011878380106585	-0.1141436808818774
13836	Epha2	0.0001744902538813	0.6870061483883152	neither	5.211586796344274e-05	7.513880410004973e-05	-2.8938697080343043e-05	0.0001331296006257	4.431752106807996e-05	1.364611873301771
232146	Eva1a	0.0001039625646304	1.2879605512179482	neither	5.259548950822027e-05	0.0001557523861583	0.0001641181031405	4.479068364198017e-05	6.549516721156675e-05	1.305883779672224
104871	Spata7	-0.0002732783625152	-0.4183180405355663	neither	5.285655147388309e-05	-9.678317105358584e-05	7.79735910610534e-05	0.0001220603056225	0.0001837728637387	-0.9757910751854136
240638	Slc16a12	-0.0051023020749655	-0.1504229950395785	neither	5.325232845772e-05	0.0015379219030429	0.0023803703466176	0.0047295443561764	0.0024147699813603	-1.1850133192761263
109242	Kif24	0.0048084033936922	0.0565448783896201	neither	5.339228732018272e-05	-0.0019715893820878	-0.0008990630819731	-0.0011018505848401	-0.0011327573233293	-0.3991698678769374
18190	Nrxn2	0.0001296311839348	0.447911247623294	neither	5.545797522018177e-05	6.509076754706225e-05	4.776810052961393e-06	-5.542813451052848e-06	-3.396200821925044e-05	-0.0796690078900157
28040	D6Wsu163e	-0.0003328291253301	-0.418593750384391	neither	5.546981142425256e-05	-5.94157909372518e-05	9.751143077003456e-05	0.0001008750694581	0.0001423437270766	-0.551881535167279
74100	Arpp21	-0.0018329420881908	-0.0506142771128338	neither	5.789125927987885e-05	-0.0015494925440848	0.0001647899044763	0.0002127506303838	-0.0005825467360529	-0.0304188302686397
84036	Kcnn1	-0.0013599364994244	-0.2243396778903372	neither	6.094910496845354e-05	0.0001795831099607	0.0003846975768903	0.0007735541036663	0.0009108027347421	-0.9191547648879792
208228	Mob3a	0.0007341034111717	0.1495786472101883	neither	6.09949480759669e-05	-0.0003030028018908	0.0001522043255268	1.1044842222287984e-05	-8.370454145362554e-05	0.3630671515565648
216760	Mfap3	-0.0002021475497227	-0.7274114292516773	neither	6.174065997590578e-05	1.479805463211132e-05	6.268423560852512e-05	5.245989936076708e-05	4.356309397307633e-05	-0.4873488730513033
76960	Bcas1	-0.0001042356994386	-1.5678993706891584	neither	6.189748798775736e-05	6.747283748289702e-05	6.126434592706367e-05	6.138945650944408e-05	5.431981090210104e-05	-1.318820561786331
22271	Upp1	0.0111983487245259	0.122099639749179	neither	6.198747119354649e-05	0.0104176279968066	0.0116190699182465	-0.0032110086987021	-0.0015211148201088	-0.4568610169295806
67103	Ptgr1	-0.000310684888918	-0.3215583934613084	neither	6.770235602303725e-05	-0.0001823388463398	-9.502624338782208e-05	0.0001774440619044	0.0001743083698071	-0.7830864439563604
68760	Synpo2l	-0.0001738852975695	-0.528498021173292	neither	6.874968365882525e-05	2.129749514925508e-05	4.988254625934992e-05	-6.279601272760936e-06	4.9277432339403416e-05	0.4260350578143003
16526	Kcnk2	0.0001922061435883	0.3116326817571354	neither	6.960089372195751e-05	8.942077963319312e-05	-8.526304029033036e-06	3.688196852934972e-05	6.356908085059468e-05	0.7187030488484528
29859	Sult4a1	-0.0002179580713866	-0.6986863098052969	neither	6.988628631872128e-05	3.986195573311669e-05	9.728883826113423e-05	0.0002103859921578	5.1658844981066026e-05	-2.0566444379663524
17874	Myd88	-0.0009966061341048	-0.1617705320438505	neither	7.161188956155257e-05	0.0001021160546905	-8.810752082333711e-05	-0.000148327922792	-0.0001186662683663	0.6967144389558334
94040	Clmn	-0.0056827065581541	-0.1579352427425545	neither	7.166178424607931e-05	0.0007341044519128	0.0033137118712054	-0.0023013198310953	0.0001175115712776	1.0995501241473578
219228	Pcdh17	-0.0021865018903331	-0.1477867003330803	neither	7.410485965493473e-05	-0.0007646316949736	0.0008081629321619	-0.0004174890977511	0.0010960444100727	0.8796869217766997
269016	Sh3rf2	-0.0001171632064844	-1.382425939332898	neither	7.607912200400366e-05	4.305172072749327e-05	4.888299317638707e-05	7.719058020086778e-05	3.75947375716268e-05	-1.596253088465948
103968	Plin1	0.0001381592473734	1.1806987676966914	neither	7.775453332610474e-05	-1.3590124369724644e-06	2.5280381932911182e-05	0.0001379827399499	0.0001302766867568	2.165767832964608
66930	Fank1	-0.0002517798632059	-0.7752963678786783	neither	7.820964195809509e-05	2.0309387177130405e-05	7.593019084174657e-05	6.639927227868556e-05	4.380751819245559e-05	-0.5028107605702915
14805	Grik1	-0.0001958694344667	-0.8005701846867675	neither	7.82975732462752e-05	4.740510918131429e-05	0.0001298651924698	-2.594782176533728e-05	2.7764747662047295e-05	0.4713649112028994
170745	Xpnpep2	-0.0006731727787803	-0.248350859817653	neither	7.898594940777034e-05	0.0001307145124527	0.000186947198477	-4.525103079011559e-05	-0.000218208680426	-0.1061030534529163
320051	Exph5	0.0004233069196647	0.2842272139240612	neither	8.654415930282613e-05	0.0002291047623835	7.428083562412485e-05	-0.0002900228311995	0.0001152455656307	-0.8930755569081658
22785	Slc30a4	-0.0016775671903552	-0.0709838586904247	neither	8.766942482385679e-05	-0.0004812331450681	4.776989761644214e-05	-0.000239256872734	-0.0001563093876517	0.6366257305556147
16513	Kcnj10	-0.0002421238790622	-0.3183622212350098	neither	9.061330024540076e-05	-0.0001099010440825	-3.498218871115319e-05	9.299541111833928e-05	7.93750707113e-05	-0.3271737164632759
72301	Shisal1	0.0013010889685819	0.1278840857753722	neither	9.064589804874264e-05	-0.0006041953100585	-0.0008635098802226	-0.0014322574514744	-0.0005465346416379	-0.8752070315582661
72685	Dnajc6	0.0031573871900615	-0.0325383321672618	neither	9.183489998143972e-05	0.0019582697870826	-0.0001929397213193	-0.002192533569686	0.0007557374903994	-0.857967499029482
20350	Sema3f	-0.0073023407028875	-0.1177548069506922	neither	9.220555451123084e-05	-0.0047239504260615	-0.0037077672435169	-0.0020506138513321	-0.0021136452427126	0.8588140584013364
59009	Sh3rf1	-0.001229004498767	-0.050671202735879	neither	9.333690674855348e-05	3.0036800516897464e-06	7.765619813623649e-05	0.000130916312989	0.0001251302242725	-0.0881923768765519
242819	Rundc3b	-0.0014433281483562	-0.0280490495918554	neither	9.53452638051382e-05	-0.0002060890403497	7.760749396752677e-05	-2.4502982559785504e-05	-0.0003192226563785	0.2970325092330725
218341	Rfesd	-0.0010543739461016	-0.1310734490251865	neither	9.561320993211448e-05	-0.0003899767288825	0.0003627836656707	-0.0002881097618433	0.0005602883399402	0.8662436266903177
74199	Vit	-0.0009594570032992	-0.185674056123418	neither	9.756672864781676e-05	9.335463913824332e-05	-1.8899069448285735e-05	-4.127555466934851e-05	0.0001603133022386	0.4693432305458566
268859	Rbfox1	-0.0004432808091186	-0.445745191652836	neither	9.75771308179506e-05	0.000161665760271	0.00014937761338	7.980265716965388e-05	8.264019973046622e-05	-0.2883942592231082
140792	Colec12	-0.0006305023745388	-0.3583470053918378	neither	0.0001000272866455	-0.0001437540176965	9.61831562805773e-05	0.0002523997780136	0.0001966644794126	-0.7745738226576871
192187	Stab1	-0.0049914621010736	0.0544838381124389	neither	0.000101082588417	-0.0026961748680069	0.0011935506627178	0.0001734390929425	0.0001260915739064	-0.0593708157837812
51801	Ramp1	0.0004794973252296	0.2299246507182903	neither	0.0001024404096633	0.0001774766837478	-0.0001106764880691	-0.0003129944483569	-0.0002651075519425	-1.2419734248578975
60363	Cldn15	-0.0004780536474805	-0.3598537250615852	neither	0.0001039040915659	-7.901666718788633e-06	0.0001837262295348	0.000363652455649	0.0001390303882865	-1.3380037022301376
52276	Cdca8	-0.0020016107223409	0.0411502405878033	neither	0.0001062196012278	0.001793385415523	0.0003254502109411	3.3534697386510534e-05	-2.1561617008784847e-05	0.172441390147957
77116	Mtmr2	-0.0004650021172061	-0.4265080515758345	neither	0.0001069837247241	-0.0001203819712419	-2.045918289045354e-06	0.00011716334987	-1.2920539351828462e-06	-0.5218598068000919
100705	Acacb	0.0110256421265972	-0.0171996103182853	neither	0.000107575623031	-0.0047605145936792	-0.0015290585231932	-0.0021577375008906	-0.0039149309039784	-0.349304566502159
19126	Prom1	-0.000349671891483	-0.6769076917771608	neither	0.0001079639228952	-3.93443630340309e-05	0.0001133603046018	0.0001742564194018	0.0001376660017902	-1.1980871523351004
12311	Calcr	0.0003180782824586	0.749256677298711	neither	0.0001090362432242	0.0001885999619077	0.0001244130380259	0.0	0.0	
17387	Mmp14	0.0010959731920619	0.1762276246401191	neither	0.0001101813976015	5.629969722182726e-06	0.0001673797038299	-0.0003097847355615	-0.0003732591325664	-0.1227544218408802
234593	Ndrg4	-0.0002063475636644	-1.34260652389514	neither	0.0001121251241898	8.217075912737997e-05	0.0001381173020274	0.0001403877243822	0.000131606741866	-1.703526566227831
11684	Alox12	0.0004310721315761	0.8452328956735362	neither	0.0001122897683585	-0.000163108639864	0.00013395324218	9.041942506217292e-05	9.135275544718482e-05	0.8262445802981461
239319	Card6	0.0002318346755141	1.259893692904373	neither	0.0001124796718182	-0.0001398437852043	1.1532913074182444e-05	2.817842961032285e-05	-3.841421786498272e-05	0.6256537523649938
18476	Pafah1b3	0.0023944165493719	0.1071077147812901	neither	0.0001128835249826	1.1731021687308984e-05	0.0008489525496229	0.0002862344598332	0.0006662045822169	0.4066165458239594
16510	Kcnh1	-0.0003384127875002	-0.7519068355901272	neither	0.0001138225319229	6.262979342212171e-06	6.762507758882953e-05	0.0001190586137425	9.888544829463076e-05	-0.8357088717353379
21664	Phlda1	-0.0012829720239321	-0.2176392766295732	neither	0.0001162801201137	-0.0004082787165167	-0.0001683994274473	-3.1892311999993063e-06	0.0002251546956449	0.221114242807474
13106	Cyp2e1	0.0017090553972166	0.221230204404108	neither	0.000120402261779	0.0006219725392548	-0.0001646138042992	0.0003466836267535	0.0001824494368751	0.3403521057269673
12416	Cbx2	-0.0012518766486659	-0.1179176612934069	neither	0.0001205191169972	0.0003451719486939	0.0001019216254472	-0.0001290376861037	9.514095882629606e-06	0.4907404674815147
23792	Adam23	-0.0005853015454201	-0.1915014212512185	neither	0.0001208485023951	-0.0002615197982146	9.78145291269416e-05	0.0002689763836569	-7.997626280189217e-05	-0.7555231681356804
67216	Mboat2	-0.0009631871282383	-0.3326082542788813	neither	0.0001226919107247	5.906123345394972e-05	0.00026395576549	3.264752374882135e-05	0.0001076319644568	0.1546529673230873
13058	Cybb	0.0030533884628477	-0.0060549299316978	neither	0.00012635015982	-0.0012410701602148	-0.0006867523567812	-0.0003719602349377	-5.518467272313457e-05	-0.0239657334070803
17064	Cd93	-0.0028342965927825	-0.0698072628006882	neither	0.0001283075533383	0.0004382145111849	0.0002825206021897	0.0007978266058401	0.0009225485819815	-0.0483399839733705
15936	Ier2	0.0027293642901533	0.1276438725824558	neither	0.0001296935646653	0.0016049576379005	0.0017635214807525	-0.0026373497745748	-3.369004208603072e-05	-1.5294201949822663
58802	Kcnmb4	-0.0004120333594294	-0.7626194254779455	neither	0.0001301592981447	-9.364087103070476e-05	3.984153964810299e-06	0.0001618962880423	1.5412208720207544e-05	-0.1120302455724706
70261	Chp2	-0.0001869485784874	-0.8507618692171989	neither	0.0001333393352105	3.226356988660448e-05	0.0001452481466421	5.389135941376904e-05	0.0001581171839878	-0.2620839273092339
11931	Atp1b1	0.0041632612078136	0.1804847328056538	neither	0.000135056761928	0.001053271470138	0.0016899992353883	-0.0006525328681041	-0.0006325829819189	-0.19180360565613
329324	Syt14	-0.0003304676030335	-0.8588578181737503	neither	0.0001353853438923	-7.007061373155252e-06	8.782170737738156e-05	-5.613914985725432e-05	5.47565629883305e-05	0.643676185713915
13506	Dsc2	-0.0004231433608447	-0.8226535376387554	neither	0.0001379340368754	0.0001308304071642	0.0002296583410907	0.0002639119085275	0.0001730312540372	-1.3483092595538393
209584	Tyw3	0.0026483850388579	0.196216936932463	neither	0.0001390469655808	-0.001551461987996	0.0003325086696872	0.0022679722268562	-0.0002376939085569	1.2638796138724897
320633	Zbtb26	-0.0022282258744347	-0.1236585364219482	neither	0.000140042158959	-0.0003788320118916	0.0002316389149191	-0.0006201946461692	-0.0006234316184952	1.1273972497640548
56513	Pard6a	-0.0021081749750987	-0.3163703109619084	neither	0.000141922823921	0.0007126963353965	0.0002053751344133	0.0004544734032716	0.0002218330871602	-0.1109762802304778
71994	Cnn3	-0.0002141420158166	-1.676138146119	neither	0.0001420799598386	0.0001613612108264	0.0001485181760586	0.0001396899753721	5.785688367351785e-05	-1.6124536443032476
94229	Slc4a10	-0.000889379355016	-0.3858964838355508	neither	0.0001438870442179	-7.369666575755598e-05	0.0001386115594983	0.0002081508582535	-3.79015969274108e-05	-0.3470141692699254
12823	Col19a1	-0.0008973013166765	-0.3260102391690769	neither	0.0001439623753523	0.0001111740546018	0.0003076711786351	0.0002492300440995	4.4444666751146926e-05	-0.4041798647016189
330908	Opcml	-0.0035142315805061	-0.155659212874569	neither	0.0001464146510636	-1.3018681547918769e-05	0.0003554373842761	-0.0004285010659964	0.0019095223043264	0.5902862961518432
546134	Gramd2	0.0002880583948747	0.8521076801332728	neither	0.0001492290340722	0.0001357951416749	8.310463040536586e-05	0.0002248640655286	0.000155411117865	2.141856522423365
245026	Col6a6	-0.0003444765265654	-0.9881671566394614	neither	0.000149376136435	0.0001970121819037	0.0001885556481697	0.0001480662650989	0.0001363565737784	-1.0666311156927972
107449	Unc5b	0.0010941613435209	0.3049287722876386	neither	0.0001497120715438	0.0005891959039609	0.0002882416111755	0.0001778670370534	0.0004500583511748	0.5817861370368365
72930	Ppp2r2b	-0.0002835026248241	-1.4159821713864078	neither	0.0001524478607557	0.0001543017357882	0.0001206487783887	9.370019207026952e-05	0.0001264946724468	-0.5016843123572282
114713	Rasa2	-0.0003737606634746	-0.8634321326219676	neither	0.0001526333148907	5.353223967956055e-06	8.266446747760515e-05	8.299977715049963e-05	-1.805791052111165e-05	-0.4255623494134796
66990	Tmem134	-0.0005617124698063	-0.6775321076545633	neither	0.000153627463158	-3.9718506836953607e-05	4.901727666025632e-05	0.0001193933572327	-7.257176763400881e-06	-0.2266592766338981
17079	Cd180	-0.0001310140752252	-1.3454866978208342	neither	0.0001555625364674	4.356398040667654e-05	0.0001761233308382	5.396104166235072e-05	8.444201371769602e-05	-0.8469962649849774
268527	Greb1	-0.00325486889198	-0.0977473539030261	neither	0.0001574239286683	-0.0001625179439683	0.0009787819313506	0.0006223083421245	-6.035818192695271e-05	-0.2542689491893249
74901	Kbtbd11	-0.0005583429267028	-0.7325754331277942	neither	0.0001576910331731	0.0001255419783036	0.0003058146124751	0.0003056519980505	0.0002697694414642	-0.5919499893748932
54720	Rcan1	-0.0053856314306607	-0.0247328005861219	neither	0.0001599345876585	-0.0004574290010947	-0.0009717309653878	-0.0009113468050661	-0.0006883015141977	0.755959019957161
192976	Lrrc75a	-0.0007409077531757	-0.2256657769525108	neither	0.0001620707670397	0.0002094552846243	0.0003650837026203	0.0003691260206396	0.0003570610029801	-0.9724143734997754
224674	Slc37a1	-0.0021219563330426	0.007544300760861	neither	0.0001630092167795	-0.0004890719525959	-0.0001521932597568	0.0001262581510209	-0.0002728654859051	0.1354956259600674
56419	Diaph3	-0.0011723002985214	-0.2286672996980134	neither	0.0001641248991489	0.0002592651019559	0.0002520585567	-2.921878696226216e-05	-0.0001711532857479	0.276059070235894
12683	Cidea	0.0028433735161836	-0.0599205028599234	neither	0.000166070188681	0.0032728368697113	0.0020824834232075	0.0	0.0	
73094	Sgip1	0.0012847665911951	0.4587651626189643	neither	0.0001688097285466	-0.0001664118610874	1.5464739224201864e-05	0.0001438234239254	0.0003112070199244	0.534250644600134
16420	Itgb6	-0.0011875117427647	-0.3161885993614801	neither	0.0001688534157023	0.0001695932206518	0.0003846080203145	9.351693608480944e-05	0.0001124709328238	0.1179241404795729
384061	Fndc5	-0.0078547503234614	-0.0299675515170807	neither	0.0001694001010062	-0.0006146703618058	0.0045427579281452	0.002879232265771	-0.001259101089513	-0.5071879763492286
75669	Pik3r4	-0.0003752868897341	-1.205467646868296	neither	0.0001729831855999	0.0002417332698495	0.0002531061493381	6.797470537706746e-05	0.0001461384277769	-0.289300099085945
72016	Tedc2	0.0004390529508501	1.0035527128964457	neither	0.0001729834572781	-1.7473123986886998e-05	0.0001024807188987	7.174522274114058e-05	4.013563822231705e-06	0.7188078593974943
217410	Trib2	-0.0006656211469932	-0.6239215542163038	neither	0.0001765391490327	-3.5508294739022535e-05	0.0001568313120051	0.0001978293350428	-7.595816217401289e-05	-0.5859984384110069
243362	Stard13	-0.000158645096931	-2.972893341818019	maternal	0.0001772896555246	0.000198281928129	0.000182437330903	0.0001711581823787	0.0001046396119894	-2.818117301066172
14773	Grk5	-0.0125979680924513	0.0483679158716683	neither	0.0001776475934754	-0.001124893905522	0.0010895805535198	-0.0019354270672135	-0.0003675233271824	0.7355455785481776
11554	Adrb1	-0.0028946196496915	-0.0203434588167756	neither	0.0001783556581793	-0.0007752664927905	0.0004049063466146	0.0008841086384335	-0.0001984066429335	-0.2775506875134571
72584	Cul4b	-0.0008955477859143	-0.2943593151284422	neither	0.0001788906543757	7.519224899546255e-05	-3.3621988999251766e-05	9.240068448775308e-05	-9.330806220384964e-05	-0.1071362579259369
18227	Nr4a2	-0.0004933005680279	-0.817023014253029	neither	0.0001790738761142	-0.0001814111982814	0.0001608275177745	0.0002273631119488	3.839978150965464e-05	-0.8599416561550308
21847	Klf10	-0.0010274185791204	-0.3363380089534495	neither	0.0001793327490259	-0.0006394594712972	-0.000400078739794	0.0003943233421597	-0.000165788886979	-0.3909597673753333
384763	Zfp667	-0.0004607967055774	-0.7653872356132342	neither	0.0001813243460622	3.082743519895986e-05	0.0001753362940776	5.1171285552321895e-05	-9.279999330812758e-06	-0.0266139589103767
140721	Caskin2	-0.0014978082489133	-0.2796210530163799	neither	0.0001816435978121	0.0003741040391665	7.901111152591159e-05	0.0001982708097211	0.0004666125685047	-0.1321190848280473
67426	Coq8a	0.0004989569757984	0.6764514273831039	neither	0.0001830190303405	9.465036671202033e-05	-6.756430761346883e-05	-5.417871761301563e-05	7.375236806041282e-05	0.0312018904281378
330671	B4galnt4	0.0001508882068024	1.5571104401843388	neither	0.0001842525227817	6.048962390209505e-05	0.000145310096983	0.0002795505500627	0.0002155533754232	3.521556625039753
54420	Cldn8	-0.0001357141657937	-3.130002482443408	neither	0.0001874541073247	0.0002351998444376	0.0002419681147701	0.0002141357218606	0.0001002668218871	-2.956250845924533
234199	Fgl1	0.0020965150094842	0.247532079761538	neither	0.0001884177310366	0.0014072543822356	-0.0004453781917854	-0.0010606868055262	-0.0014120073998442	-0.8262446225823709
108927	Lhfp	-0.0007700731869396	-0.5646536258489868	neither	0.0001892616440983	4.712985037460995e-05	0.0001349041214148	6.792790847478887e-05	0.0001289048886532	0.0315327693572946
68777	Tmem53	0.0010889048134901	0.2292194079561996	neither	0.0001893302950315	-0.0001536913272232	-1.2851254597258524e-05	0.0	0.0	
77976	Nuak1	0.003236289143026	0.2084679217034966	neither	0.0001903771373814	0.0015598267068457	-0.0002703365487969	-0.0007175837865411	-0.0007248152737762	-0.5672292462803539
16854	Lgals3	0.0136400492405075	0.0257480489310975	neither	0.0001915670546009	0.0090819468123251	0.0090643805330039	-0.0039919973630471	0.0050061753852507	-0.068318534336184
18039	Nefl	0.0023145431654496	0.2193420253558916	neither	0.0001930816054098	0.0005160827772065	0.0007664633801476	-0.0004704778930722	0.003145980555317	-0.1396650865918261
72415	Sgo1	0.0023801668778237	0.4374638059727796	neither	0.0001942812428988	-0.0002196306167679	0.0001229777670294	-2.273650237204247e-05	-2.0286310323255183e-05	0.1989725968467529
217203	Tmem106a	0.0013544303124446	0.3804761095369299	neither	0.0001978756508543	-0.0007942791787206	-0.0001786104984637	0.0003567014450547	0.0001445711665629	0.9828362520055256
330301	Zfp786	0.0023707319366773	0.1330553209093338	neither	0.0001980449655402	0.0006253003557573	0.0008722877734933	0.0001107940347144	0.0002852484453302	0.3325160647653892
243574	Kbtbd8	-0.0003967791485516	-1.1108400801330376	neither	0.0001992511065723	9.336151353774204e-05	0.000129063275019	0.0001208554520074	-3.0616218220080304e-05	-0.6896105858882796
72287	Plekhf1	0.0044207491487283	0.0273924091858747	neither	0.0002006815776412	0.0034701083497934	0.0019495191356146	-0.0014208434465982	-0.0002723138285016	-0.3562893593434068
237175	Adgrg2	0.0024627210036267	0.1165176962396357	neither	0.0002029126932853	0.0018939275882984	0.0002446676450476	-0.0001751522348303	-0.0001100814809736	0.6657722773930435
19769	Rit1	-0.0044820293298284	0.0020971154570618	neither	0.0002118903888264	0.0008638609930659	-0.0023411851189172	-0.0007669087500063	-0.0010290775676603	0.7509000246713341
192678	Rassf3	0.0006640384235313	1.047646698395672	neither	0.0002134872765067	-3.9793736602201553e-05	9.4229102493573e-05	-4.431045680347443e-06	-9.727160801974828e-05	0.2354302250846005
108089	Rnf144a	-0.0043266971996787	-0.1128211046598969	neither	0.0002141158085405	0.0002698629460821	0.0019349984342889	0.0021901070706786	-6.825809292236748e-05	-0.4979296250448763
14732	Gpam	0.000454223908575	0.889039089264358	neither	0.0002148514906019	0.0001554325169276	0.0001126072889516	0.0006240835836521	0.0001518319087429	3.082791717067222
70008	Ace2	-0.0015262548076944	-0.1899535905933612	neither	0.0002159294838097	0.0004213170617107	0.0013161406996015	0.0015296874062849	0.0007799636091608	-1.3119937202203156
666048	Trabd2b	0.0014527465935809	0.3536806397870992	neither	0.0002192454670207	0.0007794238395553	0.0018714534109611	-0.0002799953959492	0.00099845183808	-0.2940621448560171
226861	Hhat	-0.0003381309418485	-1.6253422053838753	neither	0.0002194132145589	0.0002001347163692	0.0002436688309258	0.0001367411760324	7.012437018527249e-05	-0.6993420048081295
18162	Npr3	-0.004031748801313	-0.0723073135549638	neither	0.0002232745579133	-0.0019012069120205	-0.0009197736621972	0.0030845278373332	0.0030973070917085	-0.6977156257034711
106347	Ildr1	-0.0002216920981459	-2.5336731994319868	neither	0.0002246305432633	0.0001358333919976	0.0001923475184652	0.0002069563788554	0.0001767898248817	-2.1630414740433226
246707	Emilin2	-0.0006936055506402	-0.8176837941968618	neither	0.0002265750031242	0.0002067128070323	0.0003087163327811	0.0002729746060238	0.0002073728293801	-0.9195460516651308
214804	Syde2	0.0008166008937323	0.6740087130377267	neither	0.0002274293764746	0.0003705026930376	0.0006124231961084	0.0005411339042235	0.0003296387811621	1.7906246684918006
16403	Itga6	-0.0021747929304467	-0.1087172903442803	neither	0.0002298107613224	-8.86719618817558e-05	0.0001766536708035	0.0002477398837496	0.0002947762801495	-0.1276018933400997
105243	Slc9a3	-0.0005353766346111	-1.0060746341162297	neither	0.0002309718458701	0.0001050419102723	0.0002581129312226	0.0002063214195836	0.0001884607521959	-0.8559866787127128
433938	Mn1	-0.0016161345282928	-0.2585769175144721	neither	0.000242093010521	0.0001483069615341	0.0002902460088597	-0.0001466013468804	0.000198181951946	0.4772609406995893
223272	Itgbl1	-0.000496469058567	-0.7956313603070758	neither	0.0002446682618455	0.0002582837933681	0.0002185742121483	0.0001415164064332	0.0003713642954183	-0.0534271274864883
108147	Atic	-0.0083350498054794	-0.0830740365286736	neither	0.0002455949228415	0.0027789251842213	0.0052714849441844	0.0013988788217968	0.0035306318412419	-0.2394989322067255
140580	Elmo1	-0.0005294406619213	-0.9708746409996128	neither	0.0002478326620695	0.0001699241331168	0.0002306278895242	0.0002272996173837	0.0001692890323086	-0.8886101058767978
22350	Ezr	0.0035580662913961	0.2042185507237257	neither	0.0002508802857458	0.0011479301165232	0.0016112048713936	-0.00097626120867	-0.0006009212422653	-0.481796986176289
17196	Mbp	-0.0026565579997708	-0.2354750208782887	neither	0.0002512324175588	-0.001043953030285	-0.0003045566180754	-0.000144354256508	0.0009643344041574	0.3141167363645097
329650	Med12l	-0.0018999328544522	-0.2806568392022603	neither	0.0002518734599107	0.0001663243979525	0.0001383425306902	-0.0001254982463824	5.982629192315584e-05	0.4577480655074368
100048534	Cfap43	-0.0065290008364661	-0.2194315183877939	neither	0.0002583608751619	-0.0034980700109355	8.080105569235912e-05	0.0041401790267469	0.0003944257222794	-1.1571342059407668
231125	Zfyve28	0.0053873826753826	0.0333817719799608	neither	0.0002612593138685	0.0011118811566575	0.0014764165093803	0.0008908329313469	-0.0019316986524871	0.8750285543041777
71820	Wdr34	0.0014365558660302	0.6032219295016202	neither	0.0002623240276902	0.0008790461085091	0.0002673989958538	0.0013587933135907	0.0009885726882794	2.15568043443666
23836	Cdh20	-0.0002225158956698	-1.41405278231655	neither	0.0002626733465018	0.0002632509096033	0.0001708915473062	0.0001845181597126	7.98900969627225e-05	-1.4585612626246158
319991	Kif6	0.0003003597125369	0.7661022322125326	neither	0.0002639442935443	0.0001857954438229	0.000232743833924	6.53299332586008e-05	-0.0001256327808337	0.6770204977383365
23969	Pacsin1	-0.0005653249674946	-1.3041630979278045	neither	0.0002678531288581	0.0001004271559922	0.0001840635996468	0.0001260219637029	0.0001434487851243	-0.3981793990095197
224093	Fam43a	0.0040941711383227	-0.0094094641820063	neither	0.0002704099175888	0.0017063509207898	0.0016457140433522	-0.0018642900784614	0.0015983540281115	-0.6208279137580708
70129	Slc44a4	0.0032796631096677	0.1686514675343647	neither	0.000271203030808	0.0011361387803189	0.0016107626181347	-0.0009336048980599	-0.0016317933184144	-0.2650577999720004
17127	Smad3	-0.0019037317571818	-0.2476264818777804	neither	0.0002729003153177	0.0004081202030607	0.0003685652816787	6.667038039288631e-05	0.0002190717564653	0.1270223986223818
83603	Elovl4	-0.0049799743548108	-0.1772690203315669	neither	0.0002732968370079	-0.0040137366506384	-0.0024713674286019	-0.0024129345857418	-0.0041119163692262	1.2294630482892714
14763	Gpr37	-0.0029470598312699	-0.2181933452064919	neither	0.0002760520294161	-0.0004241365305744	0.0009862888215598	0.000771431617957	0.0015390544051824	-0.2937095768969042
74013	Rftn2	-0.0005863168586459	-0.7185320208257256	neither	0.0002775615997721	0.0002657155227287	0.0003977443645056	0.0002072260591789	0.0002867072714377	-0.4271915533849931
239364	Tspyl5	-0.0002854609839297	-0.9559337461381484	neither	0.0002789218351593	0.0002272532852145	0.0003994374466261	-0.0	-0.0	
13618	Ednrb	-0.0019226293445313	-0.2804653788048988	neither	0.0002798178260681	-2.7652297086459422e-05	6.742230956486649e-05	0.0015242263565508	0.001111456076867	-1.419644732618932
68010	Bambi	-0.0013567672359673	-0.4754769134889575	neither	0.0002836161440774	-0.0002116471220274	-0.0004738128546864	0.0001138818228097	-0.0006112456507541	0.2325902368716529
74717	Spata17	-0.0012136673713165	-0.5532997074882375	neither	0.0002852428510653	0.0005096739196415	0.0004901538285491	0.0008397672605989	0.0004494413403876	-0.9071486806132
319670	Eml5	0.0034438889568593	0.268896337400691	neither	0.0002893112738176	0.0007838920567917	0.0007515657580934	0.0005488599957259	0.0006711421277882	0.5913315095743847
16497	Kcnab1	0.0041434411280233	0.0993389916401243	neither	0.0002904564964822	0.0008149990182724	-0.0008684349544914	0.0001338999846845	-0.0010383642542098	0.2571430627968637
104271	Tex15	-0.0028239366354709	-0.1410904434135196	neither	0.0002937018148308	-0.000260735663687	-3.4156061890395444e-06	0.0001946399143649	-0.0001577373919731	0.0674750609291107
67800	Dgat2	0.0005715348906211	1.0217945373593602	neither	0.0002946861660096	-4.992140937772303e-05	0.0002515400478297	0.0004975077426919	0.0001570884463125	2.268909276779934
54126	Arhgef7	-0.0006721716767594	-1.1038124166997825	neither	0.0002961907563279	0.0001530121936617	0.0002203856528348	0.0001214322641403	0.0002121367738411	-0.2589151302056848
26415	Mapk13	0.0004964043637653	1.1722711169453564	neither	0.0002987235007331	7.976435445841741e-05	0.0004559340342946	0.0002172198332682	0.000194726933026	1.0587543237112842
14760	Gpr19	0.0052339027685761	0.1616439489224141	neither	0.0002988178074601	0.0008051898390264	0.0013750825507935	0.0003606481790413	0.0012197200003222	0.4851389920138174
235134	Nfrkb	0.001184840131558	0.7749501471537005	neither	0.0002993751046706	0.0002640602406594	0.0003153229806782	0.0002416264285295	-0.0003514568321979	0.7838197010855215
228482	Arhgap11a	0.0009767504640355	1.065092624122585	neither	0.0003014728903413	-2.884440276609332e-05	0.0001565655076934	0.0003277331429676	0.0002288916953367	1.2677338701804262
72017	Cyb5r1	-0.0020875346576473	-0.106978295773685	neither	0.0003095200054395	-0.0025065357392401	-0.0015952648529483	0.0005218348137857	0.0001177980323696	-0.1984745819357879
102774	Bbs4	0.0051238684122304	0.3060129650299806	neither	0.000312381516242	0.0009317883161242	-0.0006560966426722	-0.0037265864362236	-0.0043027340342112	-1.9077740231010505
20296	Ccl2	-0.0004562274707448	-1.2235055597565063	neither	0.0003126097869242	0.0002115667423467	0.0003016838414357	-0.0	-0.0	
20532	Slc3a1	0.0004248266622277	0.8330357634411336	neither	0.0003128941643009	0.0002021302399313	8.427365113727035e-05	-1.018469056464714e-05	0.0001460885385841	0.1118894159181097
18212	Ntrk2	0.0112542907940069	0.2097394613450043	neither	0.0003129360945451	0.0051681518492509	0.0033571334358483	0.0024890687514443	0.0012675823515262	0.7732712334816901
226777	C130074G19Rik	0.0002624876761754	2.672521301581617	neither	0.0003135267801888	0.0002296385010948	0.0003141630029645	0.0003646855516225	0.0003865885387121	3.8682659556738064
330355	Dnah6	-0.0005198025193304	-1.342999227701634	neither	0.0003138377114153	0.00017990860781	0.0002640807507119	-6.174444683627895e-05	8.189434045724113e-05	0.4629442248987553
20449	St8sia1	-0.0011562764980828	-0.4064159878221852	neither	0.0003161939516291	-0.0002854424657453	0.0004737815368984	0.0002715580961651	0.0001364184937865	-0.2264437471460524
70423	Tspan15	-0.0014049744419728	-0.5439266510332083	neither	0.0003183903625811	-0.0003141333794953	-9.574113024522822e-05	-0.0010432014829216	-0.0004449972517425	0.9605518629781512
50765	Tfr2	0.0032073677371489	0.3158070122745306	neither	0.0003207614312071	0.001168591155945	2.384547406911877e-05	-0.0025675676255296	5.910297292036487e-05	-0.7977282026745809
327957	Scimp	0.0010382147761095	0.5122993684145879	neither	0.000324149761731	0.0007058673991184	5.664007199690874e-06	0.0	0.0	
77015	Mpped2	-0.0007936592397233	-0.8031456642178858	neither	0.0003262127413658	-0.0001756864584055	0.0004780952229091	-9.738973180157576e-05	0.0004056352366818	0.0803742156848768
66011	Ranbp17	-0.0100628050889383	-0.0163349416118024	neither	0.0003336444097316	0.0012914922665128	0.0003669042038252	-0.0020174048306203	-0.0024111551217138	0.8158865185093226
347722	Agap1	-0.0008658909857863	-0.9304009707117482	neither	0.000336604202626	-1.6223929148571567e-06	0.0001954419814273	0.0003624852176952	0.0003046865102866	-1.0169722850321732
73075	Ppil6	-0.0004274632700654	-1.760543237963013	neither	0.0003366352682569	0.0002655055000505	0.0003134433882402	0.0004410315718609	0.0002598704207308	-0.9156854219898364
57444	Isg20	-0.0048294262298283	-0.2200747735178596	neither	0.0003383995288229	0.0013093439581443	0.0010153298785635	-0.0033030732247251	-0.0004982118620776	1.4712373031407475
19246	Ptpn1	0.0003004552012101	3.083063834880881	neither	0.0003388778249683	8.641763791534216e-05	0.0002658973869693	0.0003895710885073	0.0003387517039872	4.011027149319042
18441	P2ry1	-0.0027300879047574	-0.3109820974586737	neither	0.0003466897780321	-0.0017568850697135	-0.0008410864267652	0.0006388914580279	0.0005394414751593	-0.3632152172959342
66349	Dmac2	-0.0006189036492562	-1.5512204244819563	neither	0.0003538694605472	0.0004944528391551	0.0003472890878576	0.0001408131074831	0.0001981527521243	-0.3416937178212619
72778	Dnajc22	0.0021131770469986	0.280582818016876	neither	0.0003542838354116	0.001087829739963	-0.0002635309530925	0.0013358007412206	0.0011800104369083	0.7331403337007535
12038	Bche	-0.0051167085817389	-0.2404868557173483	neither	0.0003594121048134	-0.0011946565559989	0.0010448843922806	0.0025553971994789	0.0014634955944008	-0.5443968814690163
74761	Mxra8	-0.0042236424359027	-0.2476745279133217	neither	0.0003634706603432	0.0005245759522212	-0.0005302891210715	-0.0005488904894541	0.0001862871128822	0.5527099534352364
67703	Kirrel3	0.0012268250833582	0.3950314879751469	neither	0.000365085599659	0.0009128983453256	0.000429856746425	0.0006418693024224	0.0003712239759333	0.9647473617862756
378431	Txlnb	-0.0006121674863635	-0.5054782891478604	neither	0.0003672558862763	-8.524471920604437e-05	0.0002365487782988	0.0006157123664832	-2.9067982771341925e-05	-1.4716776903143194
50500	Ttpa	-0.0016699376797602	-0.4483872882348723	neither	0.0003677731144474	0.0001846075038262	-0.0002792362805389	0.0004384132655029	-0.0005098941359037	-0.2670770640286355
67375	Qprt	0.0014520560367894	0.2979800468642391	neither	0.0003683826654325	9.00992765459811e-05	-0.0006743592756627	0.0	0.0	
381379	Med19	0.0042376548187564	0.3561947012957167	neither	0.0003812038609991	-0.001154965212899	-1.2605970070392914e-05	-0.000108409043442	-0.0008436024308892	0.1792095841137544
99010	Lpcat4	-0.0010290214405114	-1.0771790825518803	neither	0.0003828453028465	0.000504795551027	0.0003227035107065	0.0003267250010293	0.0003232106951525	-0.6665297756457228
272636	Esyt3	0.0012933806980816	0.6917404513019859	neither	0.0003850296912315	0.0006552145171161	0.0010870691312197	0.0001527002849435	0.0001087560499192	0.582532662794039
237387	Lrrc3	0.0010584049736308	0.4796435196723174	neither	0.0003856119429344	0.0004109941782497	0.0001406851703515	0.0	0.0	
235534	Pxylp1	0.0030454392423406	0.126799742698928	neither	0.0003864247546367	0.0002551934571901	0.0008908294411325	-0.0007695132634652	-0.0002364344752801	-0.2006171138158046
56078	Car5b	0.0042749664000178	0.2988221194337808	neither	0.0003893029154928	0.0023257269556222	0.0009855774899077	-0.000181221920402	-0.0002254891046943	0.1625389828042164
225358	Fam13b	0.0005454835428515	2.023912476719723	neither	0.0003894846817301	0.0002196709871216	0.0003788878530922	0.0002517990523169	0.0001834301253044	1.5879096054010218
12333	Capn1	-0.001209640909488	-0.6807331102314444	neither	0.000389753460401	0.0005995231453316	0.0002519807954283	0.0003371377121331	0.0001923599860541	-0.4734763985694645
207259	Zbtb7c	-0.0022749419703152	-0.2738717405582392	neither	0.0003926004772509	-0.0001387425519161	0.0007838981466667	0.0004079556697057	0.0007498126052758	-0.3097636133377472
20912	Stxbp3	0.0008013748241933	1.4123026291914096	neither	0.0003959924537467	0.0004364963919172	0.0004669648745852	0.0002466961971193	0.0006046270888107	1.0830084339039276
216867	Slc16a11	-0.0021835826552008	-0.4352817686524406	neither	0.0003981868611094	0.0002766872437972	2.7560111652304763e-05	-0.0003530271052686	0.000187835727803	0.6651907921161514
80909	Castor2	-0.0020329677401231	-0.4324250371753099	neither	0.0004000634354197	0.0005222445167896	0.0006199973918289	0.0002365122274457	0.0002030917612881	-0.1597636258763495
76459	Car12	-0.0045544076139227	-0.2341071395130045	neither	0.0004001104629708	-0.001848070575979	0.0023494915991398	0.0047121530742386	0.0018434680133306	-1.134323449451919
67976	Trabd	0.0054987351331529	0.0186284090404175	neither	0.0004010782114138	0.0021667987868957	0.0012590699546519	0.0007804853402061	0.0019120550306621	0.4169388051110566
226098	Hectd2	-0.0008968726981349	-1.1239352312454642	neither	0.0004041081859344	0.0002237261187987	0.0002617110993692	0.0002233852665302	3.209615377346459e-05	-0.4495672421296035
18563	Pcx	-0.0126569129472779	-0.0675207135365153	neither	0.0004074773179319	0.0046551684254782	-2.497892867607819e-05	0.0015555337811605	0.001509030928629	-0.0792713051438969
13497	Drp2	-0.0016437865306014	-0.1902743882766641	neither	0.0004078487383391	-0.0008489421002622	0.0004136506083009	0.0008044390794631	0.0011854627584516	-0.6260857038715044
109205	Sobp	-0.0018699660606842	-0.3341708244733398	neither	0.0004120913628018	-0.0008942589963808	2.638373055669692e-05	2.8008061578475494e-05	0.0008161641225467	0.1396177949617577
15945	Cxcl10	-0.0023669889064387	-0.3073727817944292	neither	0.0004121623352213	-0.0025272849451685	-0.0013459578612095	-0.0001223606449764	-0.0015268617112073	0.4144381697357745
71755	Dhdh	-0.0011392538348109	-0.735951629213664	neither	0.0004131587923501	-0.0005020040086621	-0.0002433751877071	-0.0004573123844099	-0.0003052179026022	1.3374239731404978
208518	Cep78	-0.0008037581737813	-1.2906045832110875	neither	0.0004162171833871	0.0003343988148396	0.0004447952471005	0.0002927080428443	8.954276643932389e-05	-0.8080809647919522
22224	Usp10	0.0006919671496428	1.7763347251185966	neither	0.000418536416533	-0.0001641875361756	0.0001343532616409	0.0001640896728358	-0.0001189091146429	1.1121122900677785
74666	4930432K21Rik	0.0012504873824964	0.964528524190066	neither	0.0004246101628666	-0.0004568895016665	0.0002325916996068	2.9240588680092077e-05	9.201982096150684e-06	0.3967021639175802
68070	Pdzd2	-0.0051667621806836	-0.0381920739783586	neither	0.0004246369697994	-0.00047319273234	-9.279074204549968e-05	0.0010369914802298	0.0016880744954559	-0.4051930739813202
16590	Kit	-0.0017703467796176	-0.5057055221684902	neither	0.0004294569959795	0.0002909864308756	0.0002920883514286	0.0002004696287333	0.0002804920346935	-0.1147245150261457
319613	Sybu	-0.0007446909207476	-1.2925487711082106	neither	0.0004319309097795	0.0003705824684987	0.0004770937425302	0.000224973310934	0.0002654939874458	-0.5146306932320432
78412	Cyren	0.0007369525054508	0.8402631439639047	neither	0.0004364250780599	-0.0003260714880126	-4.6817599569593866e-05	-4.871923593585719e-05	-0.0006444304028787	0.1414809294287847
101685	Spty2d1	0.0019151042769537	0.7492305770922585	neither	0.0004369743973106	-0.0002538519836483	-0.0007710561586704	-0.0006735448392518	-0.0010984301597866	-0.6494363012769959
11480	Acvr2a	0.0006609843508642	1.775333127940269	neither	0.0004372080236677	0.0001639783317323	0.0003671345173546	0.0003854842753883	0.000289814023992	1.8401653491248715
12190	Brca2	0.0027018860080149	0.7592117984271917	neither	0.0004393617379616	-0.0001454272144012	0.0006623259864751	0.0005417244286821	0.0006119902576258	0.7887774290292151
50874	Tmod4	0.0017413999888668	0.3780486957659122	neither	0.0004410663686457	0.0011024820592884	-0.0007598287664441	0.0004344113442699	-0.0006580305481153	0.2299569066246873
11352	Abl2	-0.0048148434425327	-0.0270731740466613	neither	0.0004425276691945	-0.0002784610556462	-9.711102681693698e-05	0.0001999998345565	0.0006723306914796	0.0716311378046852
14163	Fgd1	-0.0013407798003773	-0.7585302562089203	neither	0.0004459279297896	0.0001485534752484	0.0004403929369062	-2.031845764788848e-05	0.0003404864012193	0.2247037582858391
75345	Slamf7	0.0033042370512131	0.3351866587126155	neither	0.0004483460204623	-0.0017327360686431	-0.0008279621383508	0.0027835650634203	0.0002615831231019	2.513598128317957
105171	Arrdc3	-0.0012091203632268	-0.8608140326965218	neither	0.0004485004338169	-0.0004288156900828	-0.000262320948421	9.168820019455192e-05	-0.0001525755212046	0.1008087245346667
70676	Gulp1	-0.000568498782472	-1.7541202414316073	neither	0.0004515472971208	0.0003790285158751	0.0004794482693509	0.0003159885390068	3.3124589612977884e-05	-0.5898346862253927
75690	Vsig10l	0.0032182088178681	0.2338761316380987	neither	0.0004524077086155	-0.0010119406792145	-0.0013920594042043	-0.0006701431394448	-0.0011873357851782	-0.2791870725329156
216350	Tspan8	0.0041736367707046	0.2840532520897728	neither	0.0004565705163742	0.002058166438658	0.0015742703110292	0.0002907625478632	-0.0001599040708353	0.2307949582309925
100434	Slc44a1	0.0014878054089542	0.9350154334213228	neither	0.0004569863477407	0.0002336250484843	0.0001970713691263	9.17057975077488e-05	0.0001252375024868	0.4396620518990377
14276	Folr2	0.0007967225477717	1.0261257978153902	neither	0.0004592293732618	-0.0001040561525272	0.0002747460399898	0.0007014022051643	0.0006458122899671	1.7519073999409929
80890	Trim2	0.0023001912103539	0.4048360657278385	neither	0.0004677541696105	0.0005982447913611	-0.0002131064637232	-5.670723336764474e-05	-0.0002013469394909	0.1171496863962824
12903	Crabp1	-0.0026501421823725	-0.2988775058016009	neither	0.0004678942820879	-0.0024303656357522	-0.0030847260337676	0.0017114274743261	-0.0005903874562895	-0.3337069347652338
73407	Tepp	-0.0012461850373465	-0.4404656380303942	neither	0.0004863794218148	-0.0007041616181556	-0.0005965530629725	-0.0	-0.0	
12140	Fabp7	-0.0004053903538182	-1.9106777205549788	neither	0.0004930851045484	0.0003178756146786	0.0002892770774063	0.0003358514990129	0.0001679660778844	-0.838538623862461
382913	Neil2	-0.002074496036832	-0.5903196886823104	neither	0.0004940484114392	0.0005238561833218	0.0008874068008227	0.0009216495467228	0.0005341513030992	-1.025446416339573
68801	Elovl5	-0.0085599398477625	-0.0930284297947461	neither	0.0005067376420559	-0.0003264878071338	0.0002255904602	0.0037582705926536	0.0029852944597302	-0.9356686018083616
224171	Cip2a	0.0078796511004105	0.3489560068569547	neither	0.0005074659804536	0.0008773542887024	-0.0013657754902912	-0.0012059461441253	-0.0012487337764435	-0.2161739856444651
72008	Zfyve19	-0.002089547764498	-0.6200339164014732	neither	0.0005107993003538	0.0004306152094548	0.0006601723074004	-0.0002472724240509	0.0002915839528344	0.6593958567681284
106869	Tnfaip8	-0.0007589313507146	-1.731166358899646	neither	0.0005113723941826	-5.074771225393193e-05	0.0003408896630048	0.0004831086921603	0.0003472334412118	-1.657756975113764
328381	Sh2d4b	-0.0011000236085044	-0.7705073857379819	neither	0.000517103537073	0.0006015813951165	0.0010507328113781	0.000312443935894	0.0001247891377339	-0.4726149375744093
70454	Cenpl	0.0009338571843711	1.532855224088276	neither	0.0005227335841636	0.0003880537392186	0.0005960540918044	0.0002291052038882	0.0005128038123079	0.864947213245317
14536	Nr6a1	-0.006016418031923	-0.0286301114618393	neither	0.0005235710722693	-0.001125497051008	0.0005490414784074	-0.0005380705271983	-0.0005525219060636	0.4889101733004434
20778	Scarb1	-0.0020979413894266	-0.6414812660349088	neither	0.0005235803280967	0.0002409960069394	0.0001411812981273	0.0003605013620702	5.467432362774263e-05	-0.1228461392193793
227197	Ndufs1	0.0017729504880728	0.8669416364754776	neither	0.0005284776644787	0.000691788583496	0.0003379436509402	0.000535819246073	0.0005760410060013	1.1741387429499448
20682	Sox9	0.0030961289015451	0.1879939656083791	neither	0.000539680244386	0.001627426678517	0.0007477170359761	-0.0006088993789475	-0.0014165181112612	0.1239748023653428
26377	Dapp1	-0.0026342150851283	-0.4631069647051665	neither	0.0005405881973154	-0.0002784072819073	0.0005362870378638	0.0011186842725678	0.0004326798918878	-0.7046216592524407
211484	Tsga10	-0.00078869385171	-1.756407094900098	neither	0.0005498208951969	0.0002943089432235	0.0004864922905031	0.0003511118690453	9.921720504951748e-05	-0.9930612992719268
217262	Abca9	-0.0010831596432872	-0.9178072172379682	neither	0.0005500811098938	-0.0002088414284414	0.0005187625153121	0.0006105736881162	0.0003501771239548	-1.129151916594512
57443	Fbxo3	-0.0008244282836233	-1.7011467519314556	neither	0.00055160122734	0.0002961479358934	0.0005341630556978	0.0005345386692519	0.0003766129188913	-1.5812853028827838
17756	Map2	-0.0015540358209771	-0.8694397501783765	neither	0.0005597627163602	0.0001284683211945	0.0005991653258607	0.0002595034226131	0.0002369213607384	-0.2248989812536888
29877	Hdgfl3	0.0081379440796228	0.073126431328841	neither	0.0005606530039413	0.00135548734529	0.0011328137642329	-0.0039151517520404	-0.0008392948645355	-0.5408336765918872
72097	Cracdl	0.0016563726458312	0.4661211785578606	neither	0.0005634459571353	0.0005347324593891	0.0003704259808161	0.0009877340484956	0.0002426075853993	1.715992251125263
245595	Zfp711	-0.0016358922894475	-0.6581976579097472	neither	0.0005688857394453	-0.0008651958905888	0.00012494761786	0.0014303291323257	0.0004661540906392	-0.6282073410340815
408022	Primpol	0.0040696011679663	0.46099235094741	neither	0.0005716937075554	0.0001495165498656	0.0007181048920247	-0.0009637444726137	0.000156086340958	-0.3743404620571881
16591	Kl	-0.0021804549500178	-0.2676418123809913	neither	0.0005770846279952	-0.0002941686685953	0.0008874017775375	0.0008204722400324	0.0002589402673311	-0.5736212879186743
94091	Trim11	-0.0014343834533188	-0.9545930840964384	neither	0.0005817478073937	0.0020229135517046	0.0010443556136143	0.0003272838374181	0.0008365693913956	-0.257972077407704
16656	Hivep3	-0.003470155932084	-0.3658600628162974	neither	0.0005851948934097	0.0012591848243212	0.0001512921532493	0.0010858453818611	0.0011972413016088	-0.5661974182627534
12827	Col4a2	-0.0010218474747388	-0.8359172996631866	neither	0.0005871445596336	-4.206937581109138e-05	0.0002749977286871	0.0003710312654755	0.0004671965854085	-0.6250240125965474
15200	Hbegf	-0.0078281967782354	-0.1465759544122139	neither	0.0005884967850062	-0.0061183638147789	-0.0039127789747832	-0.002481159758757	-0.0033532529345831	1.0669267685647332
52245	Commd2	-0.0008244398861402	-1.8231166542835584	neither	0.0005891673067638	0.0007562516175182	0.0005512689916771	0.0005606073694172	0.0003220584367942	-1.6364255003779644
192232	Hps4	-0.0014637902824931	-0.8559601451061581	neither	0.0005891704113907	0.000637682184471	0.0007401420670786	0.0005003143142596	0.0006011427546966	-0.6227755785587263
75668	Rasl10a	0.0007990310373892	1.1134582104719195	neither	0.0005915476522428	0.0006758184043189	0.0008949215965666	0.0003695446020081	0.0006270545707652	1.364243262192457
330812	Rnf150	-0.0107569950993474	-0.1269878344010075	neither	0.0005961414192181	-0.0051672923803089	-0.0002928077347707	0.0025651140345546	0.0039325697637451	-0.2501773082485742
53972	Ngef	-0.0013746757336526	-0.9829171319563236	neither	0.0006032969765014	0.0009063910264198	0.0009495641725916	0.0007416111807046	0.0008317375972676	-1.2455213699726724
84035	Kremen1	-0.0038409825084361	-0.3620133157195221	neither	0.0006072811696536	3.5012445897051625e-05	0.0004157258161171	0.0016729742123511	0.0013479257144189	-1.017486488471381
15904	Id4	0.0083031951651222	0.2210528205028012	neither	0.0006161437881522	0.0032762601591416	0.0024510328845694	-0.0014042923435074	0.0034622913097978	0.2892092452697021
268780	Egflam	-0.0009988213164651	-1.0331699494563276	neither	0.0006174321737526	0.0006356624959055	0.0004630580679454	0.0002622761078739	5.253152830013186e-05	-0.3013055861464203
14067	F5	-0.0021424137751309	-0.5501519529478729	neither	0.0006207989979306	0.0009357563952084	0.0015254268413862	0.0010146628903163	0.0014774567064437	-0.393955542630956
76179	Usp31	-0.0098079850779365	-0.0503297138422397	neither	0.0006261004589464	0.0010251979341042	0.0007550801865593	-0.0013307792221476	-0.0007309330078884	0.6460677177946006
22779	Ikzf2	-0.006153550227625	-0.261036898028733	neither	0.0006291301253248	-0.0002920482751183	0.0023277910005879	0.0017209455041471	0.0005030910019311	-0.4359021655402541
69129	Pex11g	0.0011655765724924	1.0003171675661529	neither	0.000632726221477	0.0001505837388642	0.0005017083749114	0.0002487443108947	0.0001755081806351	0.7534577325693858
108098	Med21	-0.0030325096757613	-0.3902293813217524	neither	0.0006477444116199	0.0019027227888629	0.0006684959419498	0.0013334817420001	0.0005280527755361	-1.0554751184866211
214685	Chadl	0.0062038902086723	0.1441529855430678	neither	0.0006541934683944	-0.0034015576451952	-0.0018816784521856	6.837829216183784e-05	-0.0008437981488522	0.1408358532658808
71998	Slc25a35	-0.0039009683878662	-0.3441531051194542	neither	0.0006596179292145	0.0024319423685721	0.0018976362923304	0.0016159788427871	0.000231485547848	-0.5416814405982826
14221	Fjx1	0.0012545978228629	0.7481369215068334	neither	0.000662978486176	0.0003507304973793	0.0007262537382454	0.0002700319721899	-4.685828136534765e-06	0.6448672453408534
56047	Msln	0.0016056470770758	1.0820835366655055	neither	0.0006657398036201	0.0007332048987205	0.0007129821175107	-0.0008235508694822	0.00024041397274	-1.3793319879206027
217946	Cdca7l	-0.0017863302763744	-0.9171653595013318	neither	0.00066716796527	0.0002666050407274	0.0005610252047322	0.0005038233827014	0.0005622032515734	-0.5767148945681712
233406	Prc1	0.0016142175112017	1.4142249106961913	neither	0.0006686918463112	-7.866396025561297e-06	0.0005374914402879	0.0001532550725629	0.0002357442083687	0.4620464803061123
16975	Lrp8	0.0031652427299693	0.559964959722359	neither	0.0006715238045583	0.0011306088888765	0.0006367338223878	-0.0002645245586724	-0.0012315917634352	0.0310880552750983
208650	Cblb	-0.0013734816780931	-0.8743409154918649	neither	0.000672491373325	-3.037806673889585e-05	-2.8550544597370004e-05	3.8307123770391706e-05	0.0002989793430024	0.1749866299313503
104346	Gas8	0.0029858326805612	0.7428962792131255	neither	0.0006755705076413	0.0020438156961504	0.001407759155683	-0.0019211586656672	-0.0015868731038556	-1.5577784298461403
246048	Chodl	-0.0029480764520864	-0.4238494514193381	neither	0.0006793472944023	0.0017183013558985	0.0007941269175056	0.0030397016882647	-0.0003674138934397	-1.071787460274092
18602	Padi4	-0.0011574592623503	-0.7180089683347283	neither	0.0006805235702183	0.0002264981205568	9.577446684323964e-05	0.0002009992459912	-0.000115661772094	-0.1272032606757536
16159	Il12a	0.0008741771945066	0.974317613894241	neither	0.0006876404200576	9.331734648940066e-05	0.0005836176442866	0.0	0.0	
17389	Mmp16	-0.0020349926651443	-0.824886957105775	neither	0.0006897032919047	-0.0001928480888384	0.0007374161606541	0.0007114069691639	0.0002711706187858	-0.7969608959113805
208715	Hmgcs1	-0.001308219043953	-1.2771632507966142	neither	0.0006995605342653	0.000833634383076	0.0007020305566664	0.0007451618341089	0.0004678273391773	-1.4723433041713672
13008	Csrp2	-0.0009004463165433	-1.479883693765156	neither	0.0007193664705616	0.0004264067595239	0.0003728488053502	0.0008807698339644	0.0008029498194561	-1.334116860519233
66412	Arrdc4	0.0035813300899124	0.4958631788301609	neither	0.0007218334910887	0.0011264715237636	0.001729658174778	0.0006589601928635	0.0010239062494296	0.5319163551352077
229228	Nudt6	-0.0012003140002168	-1.4529297123247626	neither	0.0007238874364661	0.0006076734937771	0.0007107761211103	0.0006899588516069	0.0004469838911119	-1.1046784749062235
104445	Cdc42ep1	0.0015365705196738	0.4930146582804178	neither	0.0007274182716256	0.000984359804023	0.0015780442472044	0.0015507328517239	0.0006825385203279	2.082977669050805
52589	Ncald	-0.0007071468597128	-2.672350366290334	neither	0.0007315194358842	0.0005296395483327	0.0006456335757136	0.0004344098341903	0.0003715810636791	-1.4403883397814106
100040591	Kcnj13	-0.000744190611746	-2.03720627185409	neither	0.0007376072739351	-0.0008150700886487	-0.0001241741668987	-0.0	-0.0	
12519	Cd80	-0.0034479931396581	-0.3151570644039417	neither	0.0007388337549336	-0.0041159810880539	-0.0004065654728854	0.0025822462030782	-0.0005596399783414	-1.1091315680826768
21825	Thbs1	0.0050966354382378	0.2080060184297507	neither	0.0007419227740446	0.0032245519030704	-0.0017847888348026	0.0020797991468938	0.0003406639556797	0.7660805547049542
50490	Nox4	-0.0106693347465659	-0.0806102526329177	neither	0.0007445061755267	-0.0041282688005667	0.0004743521305208	-0.0007745607216144	-0.0009930096267595	0.5350211255702749
73747	Shld1	-0.0016494007387478	-0.952438541327428	neither	0.00074886399656	0.0005670787337505	0.0006676779631182	-0.0001275227007469	0.0006918675141882	0.432569355805806
234267	Gpm6a	-0.0029375181340175	-0.5442335249494198	neither	0.0007492779904849	0.0001563875780373	0.0006065647586353	0.000604529915009	8.910191790180666e-05	-0.3140603153792147
12525	Cd8a	0.0065046972148966	0.1509219251780941	neither	0.0007610958035317	0.0053802049048697	0.0019825479228106	-0.0040613960736628	-0.0030439076052356	-0.6116280417181619
22417	Wnt4	0.0030393788937929	0.4285374862163426	neither	0.0007705061167236	0.0019842194803228	0.0006090575011094	-0.0001601567485829	0.0001786553359854	0.0418973436319063
68802	Mypn	0.0014000762974884	0.9301192726366798	neither	0.0007764582997569	0.0008060034427461	0.0008925589658557	0.0008907073212563	0.0007455817426872	2.024660110902897
54519	Apbb1ip	0.0045524289637986	0.1619483338765851	neither	0.0007799900823191	0.0005132179679978	-0.002111151729749	0.0	0.0	
57265	Fzd2	0.0037810615238172	0.3790121513015481	neither	0.000784374256309	0.0001525185003145	0.002543877013313	0.0030481029665431	0.0023176062296647	1.9518938079385637
19417	Rasgrf1	0.0019269570906073	0.8145874756940773	neither	0.0007845996784031	0.0003691221668585	-0.0003208810682104	0.0007165762305132	-0.0005633685611982	1.1409452577225772
19395	Rasgrp2	0.0026028048967766	0.5508683209621333	neither	0.0007909113605852	0.0012011895776132	-0.0010059145639457	-0.0015918577292196	-0.0005561056703653	-0.7847631362006231
13710	Elf3	-0.0028229416453769	-0.634931289063541	neither	0.0007944760917094	0.0003025964380699	-0.0010537128346732	0.0011979054653699	0.0001503675902567	-0.8215601664646326
109272	Mybpc1	0.0010242412081732	1.4312395820323227	neither	0.0007981389432828	0.001335676532723	0.0009999478741747	-0.000344641420671	0.0002293875123291	-0.5645510310389055
13850	Ephx2	0.0038959261063235	0.3769423076024489	neither	0.0007982106848034	-0.0002527739509386	0.0020513914468585	0.0009932409001407	-6.003171690613297e-05	0.700500694276584
18526	Pcdh10	-0.0017124074227849	-1.036701654452315	neither	0.0007986683198009	-0.0003281591934725	0.0005171444955193	0.0012410937354109	0.0003776133380357	-1.6213381603567432
14761	Gpr27	-0.0030125815196076	-0.5575515987294533	neither	0.0008032305056812	0.0018191210021142	0.0019485096418751	0.0014860106597101	0.001983032239096	-0.941403062962708
633640	Tmem267	0.0028721497537908	0.892733142591488	neither	0.0008153481553869	0.0011918391809722	0.0011240967136537	0.0006419211998494	0.0004500186173183	0.3861253222802646
22223	Uchl1	-0.0009367254610629	-2.183174236809055	neither	0.0008164303709207	0.0003110047724552	0.0004806061062043	0.0004225148972443	0.0002170012510851	-1.043973228768909
73379	Dcbld2	-0.0045272261385345	-0.3379249828903986	neither	0.0008268368173602	0.0001698033617042	0.0003113224630213	0.0003352434780491	0.0003163470060375	0.0248191819521089
72042	Cotl1	-0.0067782527569106	-0.3127212849286399	neither	0.0008286873776224	-0.0018204734372091	-2.430610709047265e-05	0.0005336933834303	-8.034996571629107e-05	0.091483584439084
67865	Rgs10	-0.0035409631507576	-0.5544628741991345	neither	0.0008338779194275	0.0005995200505226	-0.0001903483469695	0.0017100897396475	0.0019801061186656	-0.8866565794894304
109019	Nabp1	0.0020314768566399	1.3359618118300105	neither	0.0008372129337553	0.0010851280185729	0.0013003680198611	-0.0002239593314865	0.0006211785793257	-0.0384694611493753
14062	F2r	0.0029113761536593	0.519333460186291	neither	0.0008381947583553	0.0021030162358815	0.0018375317827383	0.0008778765291841	0.0030619105279748	0.9028614247869152
20536	Slc4a3	0.0018479748386271	0.7455711220247859	neither	0.0008440664483537	0.0001498165488135	0.0003736352933806	0.0017898904129738	0.0012853516310778	2.0170585790504614
320662	Casc1	-0.0009049474603932	-2.2972709241934184	neither	0.0008491736206184	0.0005594982931575	0.0007545114890141	0.0009876484015908	0.0006698330973104	-2.6694151795679333
11733	Ank1	-0.002627797085687	-0.500014426252347	neither	0.0008523996456009	0.0011058982842977	0.000588377183567	0.0004682277007219	0.000813545098713	-0.219103979964344
54326	Elovl2	-0.0071906887398226	-0.2527044075750166	neither	0.0008525112264806	-0.0039417285897458	0.0006883239436654	0.0019418437547586	0.0031153614601817	-0.0643922051442559
74091	Npl	0.0006558626441455	3.665876669376845	neither	0.0008604754804669	0.0003463911708722	0.0007155448697428	0.0011796220623668	0.0010146634773022	5.048763174439099
83429	Ctns	-0.0015296129649884	-0.9321183652617866	neither	0.0008748401157448	0.0004767070879282	0.0008567806318735	0.0006156910485524	0.000690971941971	-0.6606567368574849
65970	Lima1	0.0021022324207259	1.1219365732453297	neither	0.000883009833291	0.0003510138109402	0.0002083571099177	0.0009342988722621	0.0010551215493556	1.5541945659392633
16764	Aff3	-0.0033216816039464	-0.656778909188058	neither	0.0008847391873079	0.0002272224815375	0.0006091656286702	0.001291968141051	0.0011169076835603	-0.7817349696050764
53374	Chst3	0.0054574790679506	0.2434964494007889	neither	0.0008912814440638	-2.143490118769722e-05	-0.000305587562319	-0.0011990363490333	-0.0015736845950818	-0.3340195405955108
12326	Camk4	-0.0023228433488682	-0.3127546679869302	neither	0.0008926014659085	0.0020594598700444	0.0020631704077368	0.0006512561416708	0.0007838763011804	-0.4085181552738274
78977	Popdc3	0.0087548413677471	0.3169980272877499	neither	0.000894908525079	0.0003224220172608	0.0033307344208548	0.00131011323073	0.0016934647191996	0.6404863215354316
55987	Cpxm2	-0.0014006851450045	-1.116029082683191	neither	0.0008965592593691	0.0006024400068367	0.0005645365219017	0.0009515724258564	0.0008664343666606	-1.5180477903900715
18453	P4hb	0.0010856504738018	2.4787844023120758	neither	0.0008972592200301	0.0003119893999238	0.0009888057912916	0.0010954439240394	0.0011140712629677	3.199770229544187
14544	Gda	-0.002205410763167	-0.957017334986586	neither	0.0009052922068184	0.0002771060716696	0.0005677780055065	0.0006138626648519	0.0002177287754449	-0.6107771547007613
73822	Mfsd12	0.000651395915621	2.014154380831796	neither	0.0009071128129141	0.0001652987625719	0.0008176603085829	0.0007837046128653	0.0004994307885016	3.1633495126577054
16400	Itga3	-0.0051277008975905	-0.0697741015706782	neither	0.0009157506028107	-0.0015026989585164	-0.0008503721875931	0.0033937430158625	0.0013848869158404	-0.516707112661868
239554	Foxred2	0.0036387256031312	0.4770924605223444	neither	0.0009176201439238	-0.0006503629024148	-0.0006376607588839	0.0001587035249435	0.0001934886963629	0.3917807809133041
64929	Scel	-0.0011705210642434	-1.9723717228857047	neither	0.0009225691348162	7.717690287978765e-05	0.0005194435754553	0.0006678071609299	0.0002963746464185	-1.296119833577106
269774	Aak1	0.0060546260563126	0.5083617674378273	neither	0.0009241648738419	-0.0005034320045196	-0.0008762287948052	0.0014259032978099	-0.0002270372352927	0.9553618323144076
67784	Plxnd1	0.0022667960297604	0.4926438411326627	neither	0.0009343516672075	0.0003245398584235	-0.000701811511711	-0.0008704784184576	-0.0014597964915526	-0.8273108513032942
11593	Aga	0.0011276261999284	1.045267696664894	neither	0.0009350902937124	0.0006826250949894	0.0004188638243346	0.0003776960577051	0.0010230194287936	0.4640516306745445
26878	B3galt2	-0.0090800091508821	-0.1076679853648872	neither	0.0009366165158016	0.0007913154194352	0.0042330602326259	-0.0035810457980683	-0.0016409044488229	1.2538217732246697
74589	Kbtbd12	-0.0060176855534832	-0.2758983326412375	neither	0.0009621129740332	0.0012926168182316	0.0034568103629788	0.0032474406636847	0.000544615124037	-0.8161595786423492
71876	Cenpu	-0.0011390438770681	-2.267672917614067	neither	0.0009681660376639	0.0008727381070871	0.000741849426504	0.0007882524163037	0.0004696304763001	-1.6424913299827852
12483	Cd22	0.0122009079473339	0.0879458168891336	neither	0.0009745352181194	0.0019245534922619	-0.0009305900467697	0.0019666687601614	-0.0027678770749736	0.4098335993164122
214137	Arhgap29	0.0076509820440547	0.5578627027145627	neither	0.0009770521883525	-0.0007551004235807	0.0006725098739078	0.0015775748477038	0.0022563006929091	0.8249417383008235
22342	Lin7b	-0.0065680810694288	-0.0134904546942512	neither	0.0009814632184194	-0.0019575437922663	-0.0027632584706863	0.0038497735448883	0.0033574170502867	-0.6830535860342004
239273	Abcc4	-0.0015090343807004	-1.3454124920776451	neither	0.0009855739493383	0.0003558840698733	0.001224644177298	0.0004557257780022	0.0007880298914294	-0.5654412224333797
19659	Rbp1	-0.0024349050675833	-0.5671310554829989	neither	0.000998206879586	-0.0012054207179797	-0.0013724832101037	-0.0	-0.0	
18205	Ntf3	-0.0007240739038279	-1.9799746649660692	neither	0.0009997280643583	0.0001722158835425	0.0007350273060852	0.0009528540535892	0.0001414992010461	-1.214467021466363
243983	Zdhhc13	-0.0019247351890772	-1.3843660278686682	neither	0.0010099546101807	0.0010112054149754	0.0010686774242	0.0012382297173894	0.0011784237931123	-1.4318751951748627
14605	Tsc22d3	-0.0054975631303811	-0.367457526267509	neither	0.0010245440963799	-0.0051511355494574	-0.0045732299649772	0.0004586200227595	-0.0026763256919329	0.0370487442144215
228778	6820408C15Rik	-0.002647640678089	-0.5944089443588593	neither	0.0010318491499945	-0.000272559374633	0.0004434087986888	-0.0005420730071644	-0.0006332607036959	0.8340742896933777
19739	Rgs9	-0.0017777076338108	-0.75475071812458	neither	0.0010320589387153	0.0004943236488129	0.0012508533217746	0.0008791118103852	0.0007688336139886	-0.805557080927067
209558	Enpp3	0.0026771427329281	0.7962229936465852	neither	0.0010370642186388	0.0027491323708817	0.0008678399154699	0.002052386630874	0.000348357223144	2.242983930325055
242505	Rasef	0.0061472846331382	0.3981280969166609	neither	0.0010465377821156	0.0022989681623938	0.000904367206664	0.0039439996038677	0.000691468531526	1.619472072191859
22063	Trpc1	0.004781300785543	0.4163701029272045	neither	0.0010556025624803	0.0040302504914381	0.0007236586056452	-0.001297012495259	0.001136864248018	-0.0586655333811739
57746	Piwil2	0.0009688329029287	2.682035975396793	neither	0.0010607232354221	0.0008487782007549	0.0011504395424925	0.0009687585602843	0.0008517165199489	3.1035916954902323
17350	Mlh1	0.0032431445070781	0.5676196862479804	neither	0.0010618190507743	0.0011676533586652	-0.0001342878754443	0.0009210003626035	0.0016760691669592	0.9774461382360058
22370	Vtn	-0.0039316180911807	-0.4964011370940617	neither	0.0010659988050862	0.0049708206588934	-0.0009630420611676	-0.0	-0.0	
17300	Foxc1	-0.0032352272645287	-0.7450180220576431	neither	0.0010663040695381	0.0004102344890908	0.0015070152902399	0.0007323575188301	0.0011682214103742	-0.3655991793664243
227327	B3gnt7	-0.0025416235103792	-1.0347272424275975	neither	0.0010892747118504	0.0008071880557066	0.0011700888710609	0.001584145277047	0.0018134885171912	-0.949429960173894
74147	Ehhadh	-0.003086577204317	-0.5017463824839872	neither	0.0010925293114741	-0.0009683168321799	-0.0011930282200915	0.0010995755316548	-0.000864972773123	-0.4465466906443104
68099	Cibar1	-0.0028487119245171	-0.8931601357351096	neither	0.0010936059397373	-3.214664776571785e-05	0.0006394034741111	0.0008755151773517	4.42030245061896e-05	-0.5727606825378085
279561	Wnk3	0.0015560855046492	1.9538700623212617	neither	0.0011000260903033	0.0004521198584733	0.0003358270435872	0.0014565511314985	0.0007797324913685	2.95965035725973
380713	Scarf1	0.0008003747912227	1.9106482626638088	neither	0.0011010440467578	0.0002558304044163	0.0011916890043547	0.0009129786412884	0.0008269299480381	2.789767203352042
54609	Ubqln2	0.0065611712775945	0.6140283716444491	neither	0.0011010447778043	-0.0011716630670612	0.0017584102822107	-4.208392757531683e-05	-8.678295253322701e-05	0.2381854763688425
78134	Lpar4	-0.0070385671697138	-0.0025906795371617	neither	0.0011026751183616	-0.0015139172775977	0.0034134259957263	-0.0	-0.0	
235028	Zfp426	-0.0090335494914004	-0.2641724990544049	neither	0.0011046556369766	0.0006780729814289	0.0026582122906632	0.0007152705737236	0.0022810591648703	0.1721586927569289
13824	Epb41l4a	-0.0012323149632313	-2.289335523152465	neither	0.0011083270358663	2.568644513070761e-05	0.0005692327144223	0.0009419600474196	0.0005000482648632	-1.7052630730751304
240087	Mdc1	0.0021594488507303	1.5225712306919683	neither	0.0011161710048212	-0.0001032319597425	0.0003083550954979	0.0004917129934424	0.0003430221462458	0.887774390868174
237353	Sh3rf3	-0.0046209775348425	-0.553643016648067	neither	0.0011163361331389	0.0009253665529114	0.0011622031474338	-0.0002336101339723	0.0001001004806467	0.3512195066723589
67819	Derl1	0.0045440495701114	0.5866564027911997	neither	0.0011186588927729	0.0005253242115871	-0.0003401750415046	0.0014406475981361	0.0012464159715395	1.1544331808610735
23999	Twf2	-0.0014442593021896	-1.907726519065204	neither	0.0011242848955484	0.000735993665098	0.001092464673265	0.0009512059441044	0.000605158554349	-1.4931444382616488
627049	Zfp800	0.0025569861462101	0.9962737520378688	neither	0.0011268470810239	0.0019871793865962	0.0023624505835299	0.0016148138190009	0.0024718738190134	1.8344196655899048
64706	Scube1	-0.0083265505735371	-0.1216600974261864	neither	0.00113148729814	-0.0021168834650116	0.0005994710893067	-0.0027996901342494	-0.0009197350289167	0.9618677873059356
231470	Fras1	-0.0036083931314847	-0.7885200174543533	neither	0.0011337899314488	0.0004680495423144	0.0017233577090531	0.0015547825133293	0.0001875793427821	-0.9486396858786972
83921	Cemip2	0.0032367512161241	0.9057512360107888	neither	0.0011407035268748	0.0007813304289802	0.0003871195410873	0.0003296145627174	-0.0008127825477326	0.5750741182596608
20525	Slc2a1	-0.0016085662006271	-1.7964994808189505	neither	0.001144957799818	0.0009325583075339	0.0009726081785225	0.000762494012994	0.0006992545048473	-1.0611943910125623
271005	Klhdc1	-0.0028781842705836	-0.9664556272111356	neither	0.001148804661126	0.0001746561923805	0.0008618872640549	0.0008754830380036	0.0003003299022035	-0.6575277637040141
16404	Itga7	0.0055167951947922	0.4104416832387044	neither	0.0011572955376695	0.003117420616999	0.0003118893686391	-2.540342818690073e-05	-0.0003129948901649	0.277885840265376
70928	Trim69	0.0028476235249753	0.6289571690766472	neither	0.0011602482576573	0.0017044351973405	0.0020796182289647	0.0	0.0	
16431	Itm2a	-0.0053737773612696	-0.2452085117566829	neither	0.0011732645263583	-0.0035593503896488	0.0011072549373693	-0.0	-0.0	
18616	Peg3	-0.0052197920620557	-0.4092547648472968	neither	0.0011862192658677	-0.0019564614772349	-0.0012612667255727	9.678931618745694e-05	0.0003183897977533	0.178469618976304
218461	Pde8b	-0.0023508942068451	-0.9212640097720924	neither	0.0011926306699675	0.0002618735783553	0.0007699584554521	0.0007076752012184	0.0006189798643002	-0.5380590057049931
17427	Mns1	0.007238343446025	0.5097941383552721	neither	0.0011968016612843	0.0044407387216122	0.0041836885139951	-0.0005723797186884	0.0019094418402226	0.0115502086481
140488	Igf2bp3	-0.0065041709966445	-0.3110340514266949	neither	0.0012003600653234	-0.001149801576552	8.268994445171868e-05	-0.0006517104765904	-0.000279810966684	0.5247967064757982
216850	Kdm6b	-0.0019442713023656	-1.4936493972728075	neither	0.0012079902433133	0.0006424679587003	0.0007965809041356	0.0004655985264698	0.0005869550171714	-0.5105608723058482
94180	Acsbg1	0.0029566313049797	0.2613598268150942	neither	0.001219424846608	0.0029095553852427	0.0008362488486059	0.0	0.0	
67582	Slc25a26	-0.0024671825337252	-1.2522462469438562	neither	0.0012225061119638	0.0014008004841973	0.0022851671786066	0.0009908347520151	0.0008692994452802	-0.7171298715932768
320508	Cachd1	-0.0060495370423269	-0.4894938182546459	neither	0.0012237445377495	0.0023722108658528	0.0026366370244942	0.0019521075435285	0.0020194298063628	-0.6740156071552968
83671	Sytl2	-0.0022772852782786	-1.39190576271199	neither	0.0012248466386207	0.0010433269739913	0.0012455827922703	0.0011175469566538	0.0004682973179699	-1.158162867121866
14802	Gria4	-0.0025935521761749	-1.193598834335306	neither	0.0012414884780296	0.0005563592847117	0.0014066545736515	0.0006871620159258	3.797813968102005e-05	-0.4789557753915673
28146	Serp1	0.0028669882325522	1.433946300948165	neither	0.0012448357216978	0.0008887240042571	0.0013248977886717	0.0016288125170654	0.0016149312864673	1.901065715927243
23928	Lamc3	0.0007958263939249	2.0308178132457995	neither	0.0012568316559773	0.0002654745884604	0.0006910484890941	0.0009577053166366	0.0008129395741426	1.6415623689311196
234857	Spire2	-0.0019615619253407	-0.9322322852126717	neither	0.0012580581597115	0.0005423880180824	0.0016245459046364	0.0018615408510745	0.0015523907924372	-1.900540519133182
23882	Gadd45g	-0.0030773111512576	-0.9512953712496848	neither	0.0012650984877249	-0.0009532892928568	0.0005865138178364	0.0021364050957519	0.00133574315898	-1.1030522138187755
19130	Prox1	-0.002967646524087	-0.866108932853137	neither	0.0012712979451711	-0.0005192754351576	0.0020433015915364	0.001097977262133	0.0012832053247818	-0.5827365178758064
19275	Ptprn	-0.0034613958656814	-0.4548582312847824	neither	0.0012877533331077	-4.286081435463692e-05	-0.0005633165762749	-0.0031403182345854	-0.0001057437417086	1.083269678481233
381217	Fam189a2	-0.0027521306042979	-0.6338772370653154	neither	0.001295783480889	-0.0009599708050127	0.0007731697581887	0.0009863075293568	0.0010950513088765	-0.7736412852659338
225997	Trpm6	-0.0016202238168732	-1.1369504436944249	neither	0.0013036472176979	0.000295795321936	0.0010526964300206	0.0020407882087562	0.0008779943425949	-1.7709762933892808
15902	Id2	-0.0015061563148796	-2.2716860412231847	neither	0.0013057039175418	-0.0006177631230305	0.000395879627907	0.0019755503542545	0.0003360838401158	-2.147636260618174
57890	Il17re	0.0050746835884468	0.2739526534322998	neither	0.0013218732955861	0.001388589056755	0.0024476302491678	-0.0011322742807064	0.000970523013861	-0.0412455255285585
213484	Nudt18	-0.0045545862259229	-0.1672000227870948	neither	0.0013381453560337	-0.0012530950372717	-0.000295048185244	0.0009004086160899	0.0025508106089046	-0.1978152708594005
208768	Sde2	0.0032384401264482	1.3350960466742323	neither	0.0013589641726815	-0.0001835305222836	0.0006694649610872	0.0014740146137801	0.0017042233835456	1.5625713099437308
56794	Hacl1	0.0033760513910366	0.7423824064435073	neither	0.0013727898586475	0.0010914806169834	0.0011908910070615	-2.0569496640796155e-05	-0.0001292505014577	-0.0183363573669479
30935	Tor3a	0.0026616933059681	1.2047391509084606	neither	0.0013802648260135	0.0021903234610212	0.0037070984854267	0.0008303240078384	0.0006611255155143	1.2180903860391623
319504	Nrcam	-0.0076860159913551	-0.3230353528585819	neither	0.0013865847858188	0.0021333490627125	0.0042428966645908	0.0014863544971452	-9.011838923722564e-05	-0.2740853307870846
216049	Zfp365	-0.0017077367499248	-0.8577879068802805	neither	0.0013922446050214	0.0007307014274455	0.0014238224381338	-0.0	-0.0	
74166	Tmem38a	-0.0060202357324019	-0.5925531542521155	neither	0.0014125186925477	0.0037064984656887	0.0018144801701577	0.0029112827320325	0.0029016331992672	-1.019120201362551
67059	Ola1	0.0015030128061036	2.7093815172242497	neither	0.0014274518952175	0.0006167943463987	0.000841156545238	0.0007444063174768	0.0006618981027455	1.8982304593139856
14369	Fzd7	0.0018160946365038	2.1923521186365997	neither	0.0014288253131946	0.0011505102822895	0.0019150716197078	0.0009473709025766	0.0010245382157032	1.769742974452008
12348	Car11	-0.0050265044039672	-0.4655794229574968	neither	0.0014341639268257	0.0020957629637169	0.0021915247134961	0.0011935503971972	0.0026780348527909	0.0074051458041212
209966	Pgbd5	-0.0024976055051378	-1.350822832201378	neither	0.0014368161721744	0.0005430028476826	0.0009232013430776	0.0009636009662431	0.0005210905223119	-0.9269503305525904
11489	Adam12	-0.0053463110969576	-0.5327541122823739	neither	0.0014479378131681	0.0012720147246308	0.0021011391995297	0.0015557330061774	0.0014798360057964	-0.557818393750919
320495	Ipcef1	-0.0024621061411695	-1.5125489167717474	neither	0.0014614627868951	0.0009922409757894	0.0015267250000724	0.001575075674397	0.0011379545313741	-1.685977705133424
16467	Atcay	0.0028618674220715	0.8859560516246334	neither	0.0014644684124617	0.0012709040263517	0.0026440441032026	0.003128671951504	0.0019400573831993	2.968235070349323
211949	Spsb4	0.0024223353101353	1.3459499488219986	neither	0.0014686432105774	0.001819796387519	0.0027560477494336	0.0018660190006544	0.0018974382211033	1.7363901590257431
268297	Scml4	-0.007127045486208	-0.4678504791008631	neither	0.001476053179332	-0.0006865510649855	0.0023369112270008	0.0024150395875683	0.0029096178536931	-0.7447559501871487
54123	Irf7	0.0020664127570795	1.0541687490428802	neither	0.0014773670945223	0.0018892479055054	0.0023760248551698	0.0011979751251521	0.0023316722505628	1.1527903956615098
16598	Klf2	0.0018638993462405	2.0743944881972864	neither	0.0014786038463578	0.0011513372919826	0.00135727390098	0.0014054401891607	0.0008630945235033	2.3628096297390617
226255	Atrnl1	-0.01921962334603	-0.1940657021279685	neither	0.0014800932388965	-0.0028405834959403	0.0058796491766752	0.0012095153002596	-0.0016550523583182	0.0183459111899207
67480	Cwc25	0.0030081995270178	1.4688635782335075	neither	0.0014972718666725	-0.0006982860180451	0.001399227985179	0.0015014465733397	0.0012088667424062	1.6909885308445602
104816	Aspg	0.0013999422553265	1.94895994939526	neither	0.0014989741339842	0.000196752102219	-9.13718750355557e-05	0.0004377694320423	-2.056050568932678e-06	0.9900537880580594
93838	Dqx1	0.0025314270009881	1.2078667565149943	neither	0.0015295046837183	0.000521493205956	8.213405755071403e-05	0.0003904899155044	0.0011687046021334	0.4715987118163884
12286	Cacna1a	0.0064115202786051	0.3216859180658935	neither	0.0015372474621414	0.0039571480490076	-0.0002769014965949	0.0011991955914732	0.0020039581312155	0.573109775445751
102124	Enkd1	0.0084749054655787	0.2574836751206649	neither	0.0015587398986252	0.0009063821978597	0.0037723748916637	0.0020005716349869	-0.001249957690712	0.916224159209903
74202	Fblim1	0.0014017423376302	1.9892381831239652	neither	0.0015683317587765	0.0011618359940438	0.0009989479030071	0.0010930205593859	0.0010603859088306	1.8221228862977528
12702	Socs3	0.0038888184503313	1.156475523490409	neither	0.0015721456405541	0.0024965481763344	0.0029358274018282	0.0038762777388021	0.0027492909037709	3.374995220189228
329278	Tnn	-0.0051976902756611	-0.6653098016462212	neither	0.0015824564485165	0.0023618218323014	0.0021028934874167	0.0011432843853242	0.0010981460902031	-0.2277561937166699
17153	Mal	-0.004166422553111	-0.0971984005273604	neither	0.0015895676292032	-0.0056890220775706	-0.0024912772241498	-0.0010455178218234	0.000940352557584	0.4637357522374438
237211	Fancb	-0.0027016591007328	-1.4668029540609089	neither	0.0015928658770997	0.0006020191052869	0.0019201677454227	0.001909018039246	0.0006501322859964	-1.651913075208506
67211	Armc10	-0.0021485599464974	-1.934330586362228	neither	0.0015995398326394	0.0011328312571409	0.0016494726980614	0.0012638960519374	0.0006440084249991	-1.4694317867965736
236904	Klhl15	-0.009613946015577	-0.2878265330117019	neither	0.0016058457379988	-0.0006754429319885	0.0013332347136088	-0.0004014895263384	-0.0012326018974063	0.3614341403259853
12978	Csf1r	-0.0223048047318469	0.142405839542726	neither	0.0016203381757829	0.0072052806181681	-0.0025614949983064	-0.0	-0.0	
271711	Tmem169	-0.0032944620976383	-1.2276564570081605	neither	0.0016254036002301	0.0006316391285544	0.0015159370467639	0.0014538724637651	0.0012461522520534	-1.0111115340617949
381175	Ccdc68	-0.002018547579411	-1.4350376056052392	neither	0.0016277847222655	0.000256346979305	0.0013509112999726	0.0018402282761861	0.0012791372235393	-1.1954502065397308
330189	Tmem120b	0.0034070041998769	0.9535128741105128	neither	0.0016423088214216	-0.003773253388863	-0.0002965683155691	0.0013962610271644	0.0004842893370283	1.4841909586008029
18230	Nxn	-0.0034022261423522	-0.9683519706989224	neither	0.001649494027454	0.0011420424463813	0.0015447762307202	0.0006293560350539	0.0009888757927613	-0.1718727902316084
232946	Bloc1s3	0.0058687487966832	0.788851856677515	neither	0.0016616639054287	0.0034519259948324	-0.0010850656682061	0.00059261966883	0.0007493445081594	0.5509546508458589
625249	Gpx4	0.0026223540685092	1.7436223641186768	neither	0.0016681280715367	0.0004237670654893	0.0022203753612435	0.0020563240511406	0.00185889870137	2.463753622683899
18769	Pkig	-0.0090977820868938	-0.4188344112710398	neither	0.0016692061196458	0.0003604517136587	0.0020837345082808	-0.000422506132801	-0.0007931766618336	0.3887658907552984
215798	Adgrg6	-0.0029299607208081	-1.1345898405584267	neither	0.001673626831174	0.000485606894758	0.0021493764777444	0.0019347503976422	0.002094253550872	-0.9792597620658512
19245	Ptp4a3	0.0049297172758834	0.7369497433415069	neither	0.0016941854702655	0.0038659180422207	-0.0004251421672134	0.0028009552074266	0.0031979502214684	1.359917276386472
73825	Ppp1r21	-0.0027264981671103	-1.5781361082060454	neither	0.0016978970610277	0.0013124843113376	0.0016483403686527	0.0013326683574907	0.0004247809175906	-1.153283077466292
232976	Zfp574	0.0046541524193351	1.0752539093756188	neither	0.0017062386602837	-0.0005125141785118	0.0013728783803222	0.0017066847553398	0.0009588604864496	1.2961196270216089
116837	Rims1	-0.0037354133480657	-1.056585038625231	neither	0.0017139457241251	-0.0006534883474992	0.0005593546911974	0.002111301809043	0.0004566009760939	-1.356717121905223
20104	Rps6	0.0020659067142241	2.554678673692493	neither	0.0017160079033511	0.0008758459914265	0.0018089615225703	0.0014835009082694	0.0010982222844925	2.335433236597129
18823	Plp1	-0.0076879223116547	-0.2794131971589539	neither	0.0017224158119639	-0.000903586002909	0.0032140834796851	6.277229579792627e-05	-0.0023508435353068	-0.3276341011526273
13522	Adam28	-0.0050126166832665	-0.7348285573646854	neither	0.0017505221248698	0.0008064611382451	0.0028812227210137	0.0006964088268126	0.0015436094595253	-0.1222934579266371
170711	Otud7a	-0.0063884030865727	-0.4355999753111994	neither	0.0017785335794755	0.0025370291540708	-0.001691387297114	-0.0021252135168057	-0.0028105853298245	0.9823176327366314
18985	Pou2af1	0.0066771074960605	0.2868810219442916	neither	0.0017873458128906	0.003876363208004	0.0083137690165953	0.0034230980358523	0.0047997288842215	0.9136798737005484
14026	Evl	-0.0080228447508619	-0.4971733691800178	neither	0.0018063297877055	0.0005209419930939	0.0008877444902839	0.0012265922182842	0.0009450464916338	-0.2290818489678292
319634	Efcab5	-0.005694700085309	-0.5859764109085686	neither	0.0018120737304034	0.0002797658619379	0.002267989783574	0.0017535935996396	0.0019024774716888	0.2770424004306001
20462	Tra2b	0.0038345450895223	1.5941010072791375	neither	0.0018140010459129	0.0019543478871899	0.0021715086981173	0.0011368345279659	0.0007403890304727	1.098144320307908
66279	Tmem218	-0.0100984665948104	-0.4163450438717845	neither	0.0018553742307588	0.0016282651608586	0.0021908907308939	0.0040813893427119	0.0053225867269504	-0.5632253089637044
50784	Plpp2	-0.0034021401255449	-0.9650322363772568	neither	0.0018767631527427	0.0010971838951379	0.002311020501666	0.0024108318443019	0.0030077690598288	-1.301119750749278
11720	Mat1a	-0.0017878327102936	-2.0737706171062107	neither	0.0018777470961288	0.0015424258443769	0.0020919150704778	0.0017495018401518	0.0014799910748665	-2.1858329925603104
72607	Usp13	-0.0052899840213983	-0.8331474741150089	neither	0.0018828724407964	0.0005316420595849	0.0014783833758551	0.00189071720709	-0.0001529204570367	-0.6261809967154364
26912	Gcat	-0.003929352773975	-0.7591292697062655	neither	0.0018856388673421	0.0012978970912069	0.0012990507047141	0.001942134087361	0.0024503252601562	-0.5646880313821132
20377	Sfrp1	0.0060292072379185	0.6979252182281376	neither	0.0018878815133201	0.0056409900333975	0.0047577241307672	0.0050069604007754	0.0059246431907013	1.6685608708539057
53625	B3gnt2	-0.0029459242271584	-1.593521103069624	neither	0.0018953731296144	0.0023452069498277	0.0006293323912727	-0.000672428565277	-0.0009159177484121	0.944650532323211
225913	Tkfc	-0.005632875624605	-0.3976382845986391	neither	0.0019019179553902	0.0004044004451503	0.0010582639598473	-0.0002248079282338	0.0003223446553512	0.3754852217239126
15939	Ier5	0.0034449330439678	1.5374899384742349	neither	0.0019077511405452	0.0026266447615512	0.0022958094870098	-0.0022501406578483	0.0021139191295304	-0.7233186698305805
72050	Poglut2	-0.0023336966251233	-1.892324832170856	neither	0.0019433070160337	0.0023303810239398	0.002115684913477	0.0010937475304239	0.0003009794752819	-0.8288775358515391
12449	Ccnf	0.0026245478725624	2.112849008507726	neither	0.0019529504037717	0.0005605898018505	0.0017906992069141	0.0008968200467202	0.000651772666472	1.287210800625055
66999	Med28	-0.0033702226195834	-1.3948507509559742	neither	0.0019749946918688	0.0011191523294644	0.0013483867365799	0.0014337037801553	0.0010964580148002	-1.013423919485463
67238	Fam220a	0.0036211440264902	1.0101864496701165	neither	0.0019962640887949	0.0016637714400419	0.0014124560963544	0.0002965929626924	0.0008794687451804	0.5045013330290348
16531	Kcnma1	-0.005402889730599	-0.9366245210289276	neither	0.00200303668949	0.0015573240907415	0.0022304996130888	0.0018040051352537	0.0015756696282131	-0.7283130891975675
272347	Zfp398	0.0054410710784466	1.014795089222902	neither	0.0020124316839244	-0.0004470622704563	0.0001526604491259	0.0014170178356612	-0.0012018742064472	1.03083272430009
78376	Sapcd1	0.0021734515237224	1.1635873904330438	neither	0.002033548423868	0.0002682934998643	0.0008630048836954	0.0	0.0	
207792	BC034090	-0.0033837076878875	-0.6130651473895963	neither	0.0020363427770171	0.0040269964427012	0.0033798332858855	0.0015371747587254	0.0030388254771947	-0.8001860841704542
83433	Trem2	0.0066823913177917	0.3925274663480727	neither	0.0020365469274342	0.0009017138447077	0.0007702937630229	0.001483564420855	-0.0015321986630389	0.5223119162239613
240354	Malt1	0.0091094510605277	0.6376236707589729	neither	0.0020420644380498	0.0034591499210245	0.0008576894764051	0.001265702856236	0.002997857145244	0.4689388288424569
22021	Tpst1	0.004202416649387	1.1270599162160215	neither	0.0020536790568797	0.0020313843142214	0.0011794584309701	0.001767210007744	0.0023353420629486	1.295500321047774
66083	Setd6	-0.0036536128536047	-1.426835544856137	neither	0.0020612997524099	0.0007281710347784	0.0016158524521407	0.002639802599371	0.0015931233197693	-1.664807274633488
75750	Slc10a6	0.00488671936107	1.2539381073830682	neither	0.0020643013905767	0.0013453418623907	0.0038123284150242	0.0006894425721121	0.0025439469662539	0.8354946604979562
55963	Slc1a4	0.0019436090613441	2.057133417982552	neither	0.0020655367115904	0.000802105865554	0.0021116851236101	0.002001920583959	0.0012939812080035	2.578200827026522
19342	Rab4b	-0.0033262694284043	-1.1353239508276567	neither	0.0020821749921931	0.0016853558311025	0.0025591481090356	0.0024683070937424	0.0017690469507414	-1.52963643610245
70574	Cpm	-0.0070457674219587	-0.7678416408096446	neither	0.0020894802575322	0.0012724031632119	0.0028437661310961	0.001013168852329	0.0011723271483221	-0.1319200974933184
193838	Eme2	0.0055224466687154	0.6107995849770397	neither	0.0021006308329099	0.0017429980241298	0.0019990522355052	0.0013010804168686	0.0001500213560828	0.8322061574569473
245527	Eda2r	0.0161423622268539	0.3127957758502238	neither	0.0021148050793869	-0.0022680257881509	0.0026369182804809	0.0099169748315769	0.0044187106111156	0.6710133490234631
18415	Hspa4l	-0.0062161827696671	-0.8280761548285066	neither	0.0021242559870771	5.177755892648294e-05	0.0016724432691552	0.0021726134985633	0.0005965966634284	-0.7769464364121966
114606	Tle6	-0.0043799054401333	-1.3536029965578968	neither	0.0021261668364877	0.0013167138023278	0.0018451431936727	0.0013403794626977	0.0013798165516964	-0.6708573229652439
14184	Fgfr3	0.0038457720679741	1.2173243125844315	neither	0.0021522205072391	0.0041707040392055	0.004654866969176	9.4496923484358e-05	-0.0015557863891813	0.1783826304350492
68728	Trp53inp2	-0.0039716980596176	-1.3402504455893989	neither	0.0021735518850008	0.0003010905975966	0.0009044474520725	0.0002432541833064	-0.0001640485849948	0.0448145485865243
67419	Armh4	0.0088408815961932	0.4430955031823902	neither	0.0021904579054728	0.0005568400383229	-0.0026594196167163	-0.00223394571826	-0.0022494069141471	-0.2675315112537563
56523	Pmfbp1	0.0028442280896821	1.3974036042530138	neither	0.0021962281395323	0.0009829791063736	0.0013243584743302	0.0013114419392914	0.0002542484588009	1.5525673155149509
241226	Itga8	-0.0053737796711307	-1.0153279515137004	neither	0.0022258617212432	0.0005884028471364	0.0018938763465607	0.0015803375242733	0.0003427896297453	-0.5846000151461404
71607	Snx20	-0.0106977802292157	-0.3597039512351516	neither	0.0022299752736062	0.0044863624776078	0.0044117353180621	-0.0	-0.0	
20343	Sell	-0.006314444021553	-0.4200037336654572	neither	0.002248242412777	-0.0014729547474116	0.0019084654163825	0.0001709080129138	-0.006005709916471	0.0633673684414622
230514	Leprot	0.0050063755852804	0.9788836736240356	neither	0.0022556624518548	-0.0005744854162335	0.0015596110349665	0.002176979846723	0.0022003544051713	0.971779797370719
268860	Abat	0.0089579640640288	0.4857710057556492	neither	0.0023159142778172	-4.630408129177229e-05	-0.0014068268537951	-0.0012748160479186	-8.991157469347117e-05	-0.1527299462158052
319953	Ttll1	-0.0031729842277237	-1.7273814589821324	neither	0.0023318977333509	0.0008696863419441	0.0013729414025949	0.0008011700026778	0.0005922639236175	-0.3980981297428965
56213	Htra1	-0.0031873991151654	-2.0635022794343456	neither	0.002335461545565	0.0025734154620258	0.0028020991964409	0.0024700466417699	0.0020537990431743	-1.9290811840292588
12166	Bmpr1a	0.0034439904685178	1.9837469533531729	neither	0.0023379778518015	0.0014985667250419	0.0011925187617461	0.0019402511158534	0.0007859333613662	1.9122568364588424
56527	Mast1	0.0032116009816665	0.9088940921765688	neither	0.0023703561571455	0.0008374517598196	0.0003892518068968	0.0044098057216689	0.0030528600936442	4.001973245191688
217558	G2e3	0.0031517562964326	2.15945462926688	neither	0.0023763928732598	0.0027684367411456	0.0031613826103857	0.0024723059292016	0.0032633927253015	2.501582303050861
23871	Ets1	-0.0103991078918873	-0.3840326072679336	neither	0.002386122700065	5.3238832235961306e-05	0.0012806169632693	0.0035730222984492	0.0024254220509008	-0.1827431120221339
71699	Slc41a3	-0.0033153804829627	-0.6865882115796318	neither	0.0024212169113221	0.0019250259124104	0.0018915976356596	0.0034277132012694	0.0007322911351945	-0.8093985909037968
72948	Tppp	-0.0052797494942937	-0.6859481503194558	neither	0.0024500054752263	-0.0032911697453927	-0.0023016818731496	0.000474143255443	-0.0015135061784121	0.142772447494178
68799	Rgmb	0.0125786528289367	0.5877492536176139	neither	0.0024613260246067	0.0020344457857576	0.0038882212602745	0.0013466262260313	0.0025668124099062	0.5327348214065906
105727	Slc38a1	-0.0159555585853755	-0.3189591952496323	neither	0.0024681524792646	0.002209006495766	0.0026670300895773	0.0015197124472111	-0.000989198213008	0.1444942545607401
19703	Renbp	0.0017880744756484	3.3881522559665167	neither	0.0024694913994145	0.0028491746356991	0.0039054783732719	0.0020460415368968	0.0019617648405817	3.4125943288654548
194388	Tet3	-0.0043826762919593	-1.4255449457952225	neither	0.0025212050345489	0.0028666559046672	0.0028957089152813	0.0025748370975101	0.002010941324262	-1.553209917098798
56017	Slc2a8	0.0046459870826227	1.036621984847317	neither	0.0025611227343204	0.0039937183283043	0.0050411902896232	0.0013221328034045	0.0019618890920349	0.7602656928586702
74241	Chpf	-0.0055542654829567	-0.5149389040668961	neither	0.0025667727790413	0.0031144011387109	0.0013569487991228	0.0017268708149628	0.0020543753015309	-0.3721720555904231
213208	Il20rb	0.0056425774520545	0.6009688132543716	neither	0.0026110190346947	0.0058857155207361	0.0022334601910117	0.0010156938536056	0.0015344427000465	0.365706529723728
17189	Mb	-0.0035234859335387	-1.12588950917799	neither	0.002671746882984	0.0017187427990854	0.0029730552016854	-0.0012378693875395	0.0055331500666107	0.3249184452411746
229599	Ciart	0.0070302659641367	0.8414598861613123	neither	0.0026731224628851	-0.0009604897612228	0.002554866861961	0.0014939159125354	0.0045854127529262	0.7438805061896764
12830	Col4a5	-0.0106186733755562	-0.2651985879998986	neither	0.0026822324427205	0.0033461658023999	0.0072407392691485	-0.0	-0.0	
224661	Slc26a8	0.0027710060382611	1.754796025371934	neither	0.0026860427399017	0.0014072780592562	0.0023875577970568	-0.000526846627316	-8.416903673549931e-05	0.0908704099566304
20474	Six4	0.014164964321789	0.5598468566670978	neither	0.0026928677495318	0.0059993721889398	0.0037914232136758	-0.005646969927168	0.0001714770635541	-1.0446410369102963
20288	Msr1	-0.0050884140253661	-0.6282701402691101	neither	0.0026943113560749	0.0067293066854641	0.0048010685159099	0.0023615793385494	0.0031448764488014	-0.4851701829741102
11606	Agt	-0.003653639429833	-0.7991648312747924	neither	0.0026965135682481	0.0008384058785128	0.0013493715686268	-0.0	-0.0	
66329	Susd3	-0.0084333049104349	-0.8317870663192124	neither	0.0027065244270286	-0.000976180501986	0.0011951992111452	-0.0001418904124731	-0.0007296185152445	0.2290654957649064
13681	Eif4a1	-0.0055038447365249	-1.1620071072306413	neither	0.0027109278162186	0.0044407557175564	0.0032664059551051	0.0016358045767713	0.0010286184032186	-0.6759740530292665
54366	Ctnnal1	-0.0072663114955779	-0.8195127849023508	neither	0.0027428920771399	-0.0008172326741524	0.0005187641577585	0.0021335281345945	3.117517394288464e-05	-0.6222657005604725
14735	Gpc4	0.0131296786487852	0.3791150417650262	neither	0.0027459927143028	0.0095809005622804	0.0142565281679125	0.0015322820498514	-0.0010939703646064	0.668210513017498
75782	Lca5	-0.0039200688188964	-1.6504711261830842	neither	0.0027734089499835	0.0015070328428588	0.0030933841055012	0.0011054351892726	-0.0001904100692558	-0.5251837940945278
64705	Dpys	-0.0024508475666303	-2.853445633313044	maternal	0.0027828942423045	0.0017920595253265	0.0024095053349932	0.0029188918351044	0.0021611795010293	-1.8319319609997091
244653	Hydin	-0.0040350932369482	-1.574395201831973	neither	0.0027975965511643	0.0010250578011132	0.0025141841996997	0.0007624548881346	0.0012502355692683	-0.1645614612934726
60594	Capn12	-0.0040580555485818	-1.0259037031084908	neither	0.002853529140955	0.0003037907358855	0.0055148483859093	0.0017522460459702	0.001374146182883	-0.4577819139891368
234515	Inpp4b	0.0051676187537788	1.3535477842665369	neither	0.0028586556600087	0.000160651022657	0.0031503656750582	-0.0002416155784042	-0.0027162712123024	0.8309465239541027
17219	Mcm6	0.007829148872561	1.188357812719279	neither	0.0028653289611033	-0.0009229460676614	0.0012505547114055	0.0025556717191831	0.0024561622010969	1.241287720663922
109594	Lmo1	-0.004379981123918	-1.5545921197688743	neither	0.0028840501171189	-8.522137433669615e-05	0.0010342229392545	0.0021106596663501	0.0004533244263559	-1.0954386168359551
226841	Vash2	0.0050382193838479	0.4791578705500534	neither	0.0028883995376893	0.0011862579483473	-0.0011926630494418	-0.0034502646605959	0.000612818268578	-0.5785809400028228
56720	Tdo2	-0.0034941703913912	-1.651429652690478	neither	0.0028916344209142	0.0020123646594429	0.0033028867987939	0.0025284774176582	0.0014487650284373	-0.7295450204601268
68393	Mogat1	0.0029577360073985	1.4327217710342803	neither	0.0029041962739244	-0.0003697879797602	0.0027749997077611	-0.0016009143418005	0.001878471452325	-0.4248723512074168
21426	Tfec	-0.0044826224171226	-1.4919297419341613	neither	0.0029111826798574	0.0065266457623272	0.0043570438544454	0.0001214415181894	-0.0003772837956337	0.1437226690490663
71532	Fam217b	0.0091665089565543	0.418117240841544	neither	0.0029142292079603	0.0018634086886888	0.0035694705861466	0.000692751689415	0.0019155183808933	0.2464829034391382
20540	Slc7a7	-0.006229449114538	-0.4472218423440142	neither	0.0029160310540765	0.0004754496313819	0.0067133721232164	0.0027839688448914	-0.0006932464836051	-0.2603177918406543
19696	Rel	-0.006009701862807	-1.2029680287601996	neither	0.0029395128620836	0.0011705635721372	0.0023607076044971	0.0035460992780182	0.0013734950173217	-1.2775624093725848
353502	Hcfc1r1	-0.0042126302508519	-1.6233167477296249	neither	0.0029420836607873	0.0009910360910608	0.0021228056392056	0.0004936563059132	0.0013487388567344	-0.0399942548851585
52588	Tspan14	-0.0050472185972916	-1.5372900325110916	neither	0.002945415868809	0.0031562959665206	0.0026432074659733	0.0028179493320867	0.0026749632159217	-1.3462083907041908
14050	Eya3	-0.0118416082253918	-0.6313356698770798	neither	0.0029623034638429	0.0037751427937429	0.0052862666008984	0.0014982120287514	0.0017903339336609	-0.1216259221219546
209212	Osgin2	0.0044980962484541	1.5116326874345387	neither	0.0029803202557247	0.0022876793097637	0.0012931740953487	0.0045963910363902	0.0040400819568434	1.6364595092815732
14612	Gja4	-0.0025983095248141	-2.783072636901156	neither	0.0030189860585454	0.0028496510604716	0.0026470767766184	0.0013476150793214	0.0017044583492731	-1.1668069093384814
74194	Rnd3	-0.0050648087842423	-1.4619009398244285	neither	0.003021749568614	-0.0014555386263079	-0.001389176663924	0.0044890536519679	0.0018829532395614	-2.0100663396486897
12986	Csf3r	0.0095842279976092	0.5820627062928707	neither	0.0030493188922358	0.0024449771714514	0.0019526653494259	-0.0008465431048256	0.0025903083348963	0.0300338411883372
54698	Crtam	-0.0136062577984731	-0.271944035680944	neither	0.0030559163588527	-0.005221571300901	0.0018868840020785	-0.0	-0.0	
109245	Lrrc39	0.0051506522627367	1.1540903080783242	neither	0.0030759120863627	0.0006043152764188	-0.0002969254276401	0.0044627353722048	0.0014391953837661	1.7264756083510904
81006	Gpr63	-0.0045982837438542	-1.2184472838409577	neither	0.0030967462753087	0.0026067431775748	0.0036793509417793	0.0014890103496982	0.0009539474746993	-0.6334999424324546
13838	Epha4	-0.0047087981234595	-1.7766381006806826	neither	0.003149084691666	0.0014199182871295	0.0026742946604562	0.0026424603446631	0.0018122660140134	-1.3703147099754158
232441	Rerg	-0.0051502531805561	-1.512561175450187	neither	0.0032053899209359	0.0016945673960057	0.0020627952786765	0.0021847945335978	0.0007121037012904	-0.5026856063380252
56508	Rapgef4	-0.0051787809131544	-1.5676005259003556	neither	0.0032454145676899	0.001831149215514	0.0031521443429486	0.0024682432546807	0.0008640872003412	-1.1036552932797812
227674	Ddx31	0.0042081453908032	1.997840114476089	neither	0.0032552716488869	0.0030236549867938	0.0043096746636786	0.0044286725609548	0.002787954089844	3.3312757246240112
94088	Trim6	0.0075984872113862	1.2973941306100545	neither	0.0033128832679856	0.0040441846297469	0.0022660802849894	0.0074684881687708	0.0040792045162501	3.018861293731799
16826	Ldb2	-0.0043430333356362	-1.7257550843933789	neither	0.0033184024211695	0.0011551691181857	0.0028216457641875	0.0031409680876322	0.0017885590864103	-1.5289047591962732
14696	Gnb4	-0.0059751544948393	-1.4047388684812523	neither	0.0033320560849446	0.0018810945856684	0.0029926289740227	0.002722253348128	0.001546021651187	-1.019969604079615
12323	Camk2b	0.0028611527286083	1.4456592051619117	neither	0.0033376307557318	0.0008626517118403	0.0017522694564132	0.0018326433343111	0.0014073494362344	1.474279878428023
67963	Npc2	0.014715421813589	0.7681423156752215	neither	0.0033741568872118	0.001080601141212	0.0037913328630216	0.0036790338657182	0.0009769722620706	1.0285358257615358
17390	Mmp2	-0.0045672084281365	-1.828825414294705	neither	0.0033748195192988	0.0005957702531233	0.0019337601581961	0.0021007885187999	0.0008546486052202	-0.9822440485329668
26922	Mecr	-0.0081093893916824	-1.0694014656831696	neither	0.0034259993139306	0.0037402192416855	0.0053547006733455	0.0027314050711289	0.0034202576909958	-0.441253291678387
320204	Etfbkmt	-0.0039835246246184	-2.0162739969860968	neither	0.0034275319641452	0.0021142532084177	0.0031777159766892	-0.0012562979913741	0.0011663847591825	0.2501911356307934
240518	Peli3	0.0049183980053834	1.016592063290006	neither	0.0034709259113881	-0.0002358900381532	0.0027040302603716	0.0030528374376428	0.0040722112650167	1.3792105251991575
225266	Klhl14	-0.0066149498238733	-1.3541855005201864	neither	0.0034952684336591	0.007249835595719	0.004378420148002	-0.0018171120753965	0.0049677630127797	0.1028809637302144
16162	Il12rb2	-0.0020684782647974	-2.6249018894394003	neither	0.0035117293414507	0.0004727502118997	0.0028063141039169	0.0018143188966381	0.0005661237387394	-1.9689774298381384
71911	Bdh1	-0.0066529705500787	-1.352075312097714	neither	0.0035144900326109	0.0029481928785389	0.0049670078242601	0.0049595652060258	0.0029845194033714	-1.8875268998400192
13603	Opn3	-0.007865874455591	-1.1121315706492985	neither	0.003561314491761	0.0017801111249898	0.0035781091006599	0.0024897092146202	0.0004383712648304	-0.3620899499096323
78284	Creb3l4	-0.0042732689312036	-2.2375097693277968	neither	0.0036695793674564	0.0020117924810902	0.0026309076472217	0.0033260250804367	0.0015092391949499	-1.705669189541518
68082	Dusp19	-0.0041799016084614	-2.043896834333033	neither	0.0037008704840148	0.0023778995957242	0.0043735763600526	0.0006595897607956	0.0001904253588569	-0.1597811949410484
171285	Havcr2	0.0070824624342558	0.7948533263391836	neither	0.003746380681266	0.0075023436610833	0.0070733492779004	0.0025147095536905	0.0028392861945672	0.706082988366278
11307	Abcg1	-0.0058907735664452	-1.612050968874602	neither	0.0037752928513921	0.0006280848133229	-1.7360474155425765e-05	0.0032912220537752	0.002916661339378	-1.1826932579071312
338362	Ust	-0.0059186095446967	-1.3715546073138338	neither	0.0038397625462879	0.0004523705994459	0.0020088592032675	0.0048816566969509	0.0022700842466854	-1.8453198240566555
12818	Col14a1	-0.0137921909168934	-0.487321622296576	neither	0.0038744083772134	0.0011826852433949	0.0121486213027027	0.0068733427188254	-0.00165556168298	-0.5611517151846586
217154	Stac2	0.0061822195265944	1.6420467960940368	neither	0.0038837996394338	0.0055157991996521	0.0073120575920228	0.0077393238850513	0.0072143681521766	3.8363777834298074
231760	Rimbp2	-0.0073280707830053	-0.9336786308928452	neither	0.0039596403591258	0.0015499914107972	0.0026671799917907	0.0032225188590312	0.0033155718836151	-0.9637912494888682
192192	Shkbp1	-0.0111470654429061	-0.4913470990915712	neither	0.0039689400099632	0.0005829621214651	0.0020833275483528	0.0003735503472355	0.0012246562779036	0.2086656924759902
83453	Chrdl1	-0.0115256302973916	-0.6208596461678056	neither	0.0041361847667516	0.0104775133735576	0.00539339164297	-0.0035379409237447	0.0069335400095414	0.6563853695789804
230784	Sesn2	0.0045966843493102	2.4849510888698227	neither	0.0041518462813383	0.0028714258140655	0.0049763988529436	0.0063365550037079	0.0062246854011148	4.283742975452591
72003	Synpr	0.005524261480502	1.694015673788265	neither	0.0041577874357726	0.0017848934252034	0.0041938950199743	0.0044964208429438	0.0010625629890694	1.8376977475429224
56434	Tspan3	-0.0060929069598156	-1.4544268647045853	neither	0.0041902970290342	0.0047926914215726	0.0036001074241044	-0.0011232258991615	0.0013916715481209	0.7097879716538263
59288	Dctn5	-0.0048325413185708	-2.3362988574837265	neither	0.0042007568571541	0.0026346548748132	0.0049276056066739	0.0034661812871268	0.0026816473120585	-1.6891261791363463
94185	Tnfrsf21	-0.0065279850541969	-0.5579776425561432	neither	0.0042011350218689	-0.0007332528052015	0.0066505616982942	0.0056385151474254	0.0053524419783594	-1.2742602224258432
116847	Prelp	-0.0056876792572359	-1.8492249667522365	neither	0.0042340164627391	0.0030519959449898	0.0036987239303799	0.0024337952005334	0.0014942305059504	-0.9425327927937168
67369	Qpctl	0.0068298131612945	1.6647045138647087	neither	0.0042428717521404	0.0048260755491614	0.0025634721273374	0.003483233243896	0.0038743179625865	1.6094120144021729
15894	Icam1	0.0255745988298709	0.3682935679729086	neither	0.0042491190824253	0.014912322330461	0.0161722477319894	0.0012757235051215	0.0065229763622452	0.4420281139549268
68259	Ift80	-0.0087636001671159	-1.2399690062929385	neither	0.0043246260330188	-0.0008153920110048	0.003212151280731	0.0049529622979669	0.0030692665146043	-1.348106310370052
14919	Gucy2e	0.0054806032966343	1.7958038610552225	neither	0.0043317705172416	-0.0010943464589506	0.0007824057900268	0.0021852740176967	-0.0009847552047383	1.4888316776870083
16797	Lat	0.0052879470786232	1.4544300563484172	neither	0.0044214214219356	0.0013191410236275	0.0029093793538686	0.0007621842127187	0.000954884230238	0.627475698855532
67739	Slc48a1	-0.0115624736667335	-0.8439492661396141	neither	0.0045302859549205	0.0022327342637862	0.0054364678071856	0.0011731899389391	0.0011508927914006	-0.0181329544503768
76142	Ppp1r14c	-0.0075806693124951	-1.0987682197088753	neither	0.0045957094924014	0.0047650963565937	0.0051509268115909	0.0056883158499928	0.005374297007334	-0.7096894021535409
56399	Akap8	0.0047989645114559	2.8065976783852147	neither	0.0046079249223602	0.0029315575041079	0.0052459800524858	0.0038991136967226	0.0038046921167597	2.6259602216421616
231207	Cpeb2	0.0065451438616329	1.9220595913616985	neither	0.0047155278666353	0.0062735729722338	0.0076329118630311	0.0038996171045584	0.0005505469451602	1.8651604442893412
66464	Taf12	-0.011367801839264	-0.9915409078754844	neither	0.0047531004337134	0.0036877448744129	0.0032619954558983	0.0046368934156747	0.0022652234213367	-0.9517932047054052
15273	Hivep2	-0.0064014385562509	-1.5625058478573088	neither	0.0048913544038691	0.0030070303540725	0.003874959194614	0.0046445515445541	0.0030496209795892	-1.7911816841574713
58180	Hic2	0.0106467739143597	1.4616992450031103	neither	0.0049051035518865	0.0019349505936569	0.0044082151820185	0.006131385900188	0.0044561206537621	1.9345696087611477
14119	Fbn2	-0.0133988937567138	-0.7704175470032013	neither	0.0049456456139669	-0.007071719678134	-0.0009362815542021	0.0034762970191174	0.00761784301592	-0.3919705910848939
208154	Btla	-0.0111766401124571	-0.552058272784717	neither	0.0049680077700815	0.0066061939887947	0.005898567330803	0.0059250533725147	0.0010848323127484	-0.3749321447144555
217935	Wdr60	-0.0087546812663766	-0.9582498954014408	neither	0.0050155152020108	0.0040273885023886	0.0034919726536647	0.0038109152273643	0.0045678600754074	-0.9339668906574732
76491	Abhd14b	0.0044109562330335	1.2762600622846187	neither	0.0050425046998275	0.0041135231138012	0.0048880872645179	0.0041813717841477	0.0064705066564317	2.1174555795851697
246104	Rhbdl3	0.0068381368735121	1.29836184718373	neither	0.005106440412052	0.0057750483455176	0.0082884153674013	0.0048691549168827	0.0043100262580149	1.3872169034448496
231712	Trafd1	-0.0091459047608694	-1.4361750185707027	neither	0.0051463936789845	0.0075691274022488	0.0054076187742035	0.0050636725668269	0.0037813536416217	-1.3807612793135748
110521	Hivep1	-0.0068697710236639	-1.977837917221665	neither	0.0051941935819489	0.0047822698348658	0.0055364697313905	0.0042289129066466	0.0033657648942785	-1.597989551007581
269643	Ppp2r2c	0.0077418994890678	1.2601827650189854	neither	0.0053223053051624	0.0037109045973122	0.0067655807461219	0.001878148954659	0.0012506506607339	0.6071698991930269
53791	Tlr5	-0.0077581538914668	-0.7304211462638711	neither	0.0053233726513011	0.0067909931027774	0.0037495272282688	0.0035515739212164	0.0029714913773939	-0.7935420235536393
78749	Filip1l	0.0084106989731881	1.494043504076283	neither	0.0054095280472203	0.0050644977827695	0.0035039475019892	0.0055339718078796	0.0011158279082788	1.7787358415506946
225998	Rorb	0.0114220656105093	0.4577291418448706	neither	0.0055071887969927	0.0016880962473575	0.0032567479787933	-0.0014446626256669	0.0039710307396793	-0.4427562431751058
230379	Acer2	0.0165961273275295	0.9706010297054974	neither	0.0055212621875307	-0.0029534318252851	0.0029471114644441	0.0096963486681674	0.0056563743299857	1.8920783302724644
23923	Aadat	-0.0059986867844755	-1.874494284856729	neither	0.0055218419340814	0.0066903489415041	0.005517832235674	-0.0	-0.0	
18762	Prkcz	0.0071357710841947	1.9902098208277048	neither	0.0055595208055162	0.0033495109042815	0.0067268262947869	0.0062050889014674	0.0053943166334826	2.511958222897434
73668	Ttc21b	-0.0066224482088027	-1.651322779814118	neither	0.0058027302479469	-0.0008037625198408	0.0046826665858874	-0.0027760125312135	0.0012770047689135	0.1993323988598768
18585	Pde9a	-0.0096986235426908	-1.234779196470003	neither	0.005825020755433	0.0005605108335415	0.0041601234047306	0.0076571456659735	0.0043547810409859	-1.2419967142324937
16456	F11r	0.0075038899479591	1.9170525614921976	neither	0.0058605381468389	0.0067191889077844	0.008112714040941	0.0070261470529226	0.005326014223052	2.887831962381733
12512	Cd63	0.0065102879651303	2.5795044579513715	neither	0.0058670851263419	0.0054266530953847	0.0065636750228213	0.0089592246697029	0.0091440371708476	4.132747015869168
242860	Rsbn1l	0.0074507624536287	2.3360234371033197	neither	0.00590574771221	0.0045355094501721	0.0058912057480047	0.0044977653665702	0.0042756811362768	1.98888709437222
17342	Mitf	-0.0097847856981827	-1.5318593985834932	neither	0.0059260362778188	0.0069837949867866	0.0067726718615383	0.0039083492089167	0.0024768694104471	-0.8801842662533079
104458	Rars	0.0042176698605866	4.004896824194189	neither	0.0059735401167718	0.003211915479852	0.0045725012650754	0.0045583179016031	0.0024235457949566	3.470828396043504
76025	Cant1	-0.006453775257745	-2.398966052255352	neither	0.0059829493752333	0.0043382567715912	0.0050779999733803	0.0004580013088901	0.000979240849865	0.0454332763580601
71835	Lancl2	-0.0104438373549711	-1.3728535925019525	neither	0.0060434640492716	0.006947230396181	0.0089830940827526	0.0069425758306552	0.0046781972041964	-1.4537964201249172
58998	Nectin3	-0.0161336871704887	-0.8976120353823662	neither	0.0061469388556051	0.0012726891086691	0.0028296706998928	0.0049877089846627	0.0035037222486878	-0.6951615446958118
100019	Mdn1	0.0095078837310098	1.952346023786239	neither	0.0061801084672725	0.0041099317796701	0.0052781063757227	0.0129639065626514	0.0120481046122672	4.108842286798512
27528	Nrep	-0.0208814486359638	-0.7129320394004511	neither	0.006231354929582	-0.0017839555705296	0.0021531742386276	0.0100287927496139	-0.0022711044449229	-0.8849962674710518
17880	Myh11	-0.0083852108544706	-1.9676497514182325	neither	0.0064387947159517	0.0072445262233599	0.0071968373746346	0.0062639066214366	0.0049270271915916	-1.986691637498445
17117	Amacr	-0.0049489263670107	-2.4531677719035456	neither	0.0064756480272096	0.0050272889643166	0.0061954958843562	0.0033364304424873	0.0018626238735976	-1.0175638275953314
66269	Tmed6	0.0035353229930318	4.43022651462972	neither	0.0065692950262688	0.0041852278631784	0.0080599537101756	0.0059128993145278	0.0037205121853833	2.824249094355816
16889	Lipa	-0.0116124538270101	-0.4789740816548076	neither	0.0068671393627597	0.0025788930884044	0.0030193855646611	-0.0	-0.0	
15212	Hexb	0.0055617217833202	3.5345963904048605	neither	0.0069799507788954	0.0070985951833415	0.0107236557012461	0.0084342838257265	0.0081801381853086	4.437639315199068
19736	Rgs4	-0.0071139013329061	-1.1668985741648294	neither	0.0069835564031964	0.0032466027921888	0.0061532529311576	0.0033437732255025	0.0073884933812105	-0.5640959219008939
16008	Igfbp2	0.0094508294208115	1.1233934679045814	neither	0.0070046135646628	0.0070152194615881	0.0120482940268823	0.0087061495229874	0.0105391735019052	1.2700449116254675
29856	Smtn	0.0086662614361391	1.383052531156712	neither	0.0072196113265447	0.001125602811253	0.0098496144372076	0.0093071302736842	0.0040071879441052	3.254541359620504
66336	Cenpp	0.0109760007611447	1.8096132429717149	neither	0.0074531764091611	-0.0034069370798854	0.0035662974482076	0.0028555620860838	0.0019685761278575	0.8624951629398819
71310	Tbc1d9	0.0051515063796388	3.2542531595789743	neither	0.0078209564737443	0.0052403033817505	0.0073716732547905	0.0094651657018291	0.0081370089835534	4.958319485866439
12398	Cbfa2t3	-0.014895824765749	-1.28548105400639	neither	0.0078655850598486	0.0059088764344521	0.008155180116942	0.0114424855748502	0.0110989992913537	-1.980922840967516
18294	Ogg1	-0.0077965334204764	-2.1638622211789778	neither	0.0080141546008775	0.0062907117950161	0.00746271599398	0.0037353143444554	0.0033280968413924	-1.0335292849227902
13040	Ctss	0.0089853975769634	1.319903125450275	neither	0.0080894260372679	0.0085697292280517	0.0051302999498059	0.0	0.0	
15277	Hk2	-0.0179570218306475	-1.1151706251508582	neither	0.0084640844768718	0.0009366291745078	0.0006119903935693	0.0115438759816523	0.0097671051796842	-1.4925447058755874
64918	Bhmt2	0.0120879065023946	1.498407259817878	neither	0.0084997553338635	0.009015170921801	0.0125119787129983	0.0114834142470116	0.0077612043201557	2.184200436141402
319974	Auts2	-0.020025048636872	-1.0660556108637584	neither	0.0088817748536104	0.001494984753421	0.0062084176517937	0.0092477449277441	0.007435561952403	-1.1524450711503325
229699	Slc16a4	0.0094733652600512	1.957494158956913	neither	0.0089581514378813	0.0035643495087148	0.0022737813351983	0.0042622022940692	0.0008071557928314	0.9187269091127106
29862	Ninj2	-0.0062773048171114	-3.987031513470167	maternal	0.0094222241623449	0.0080344614100713	0.0087881069260594	0.0073076780769308	0.0042649188432436	-2.508180213510504
17436	Me1	-0.0136099756516818	-1.8159228886847067	neither	0.009524102115133	0.0016593221356825	0.0058952297956798	0.0071469599008943	0.0047224306846606	-1.3405299070494634
320438	Alg6	0.0131388306507291	1.9861792280356283	neither	0.0099028090609898	0.0029010536749828	0.0067491330019444	0.0073074138108652	0.0058739432429111	1.8375102148180027
67848	Ddx55	0.0093528456603296	2.675783788897645	neither	0.010153186903033	0.0041324820857161	0.0053854742060742	0.0062311443292416	0.0017508898263238	2.047340959730097
12568	Cdk5	-0.0110209414963796	-2.423930058544332	neither	0.0104091196649283	0.0131868425935299	0.0097472579222786	0.0103968768113644	0.0105638235088353	-2.164630381625396
12826	Col4a1	-0.0210759944269124	-0.8553329664176684	neither	0.0108014227326749	-0.0032099127744552	0.0045163253925575	0.0075083678027961	0.0082491073622285	-0.671456818533116
214901	Chtf18	0.0141725406592963	1.932009845015604	neither	0.0109069360005014	0.0031311139288054	0.0062647047424753	0.0092580976531797	0.0046443483279333	1.7799642860465283
67374	Jam2	-0.0138898606512713	-2.058342238310058	neither	0.0111997495713823	0.0040911001755453	0.0078954746021442	0.0037806916505401	0.0045745100529346	-0.5155622014632161
16842	Lef1	-0.0118860259442171	-2.5317049764426134	neither	0.011652470026695	-0.0001027936371027	0.0074655386472088	0.008883923359075	0.0043690103892034	-1.8647914158957244
23805	Apc2	0.0122934114235114	2.1844649035629797	neither	0.0116570176682972	0.0026910488081146	0.0095366344092302	0.0166398706555092	0.013960814579947	4.173215408848083
238271	Kcnh5	-0.011651361278638	-2.260022938620085	neither	0.0135552937181689	0.0135140902227533	0.0145941874194442	0.0117674842365769	0.0169303874181735	-1.32221501282074
26903	Dysf	0.0117310369955264	2.2100688149101484	neither	0.0138754188030207	0.0175445681046944	0.0075850421981765	0.0063312866259408	0.0107862534117029	1.418894803313942
53422	Ybx2	-0.0262358367707887	-1.5040128797971597	neither	0.0162231448144997	0.0033198120747669	0.0114588135035759	0.0144979329203014	0.0099180724472106	-1.3830991112988134
235587	Parp3	0.0441080735611641	0.4356459456877516	neither	0.016359586041561	0.0203730179221174	0.0396234646305708	-0.0026212307286354	0.0233980493860074	-0.5280151577576468
68603	Pmvk	0.0213096699249767	1.4693220102261226	neither	0.0206318268540014	0.0080624431383931	0.0186925593959895	0.0167202823792792	0.0070565144979637	1.2679341248327052
13011	Cst7	0.0227113566017114	3.5033112517705907	neither	0.0358769214293096	0.0281184817684518	0.0495639073435484	0.0273528240837445	0.0297497850265708	2.8264604880718904
